time,s,i,q,beta1,beta2
0.000000000000000000e+00,9.899999999999999911e-01,1.000000000000000021e-02,0.000000000000000000e+00,1.000000000000000000e+00,1.000000000000000000e+00
1.000000000000000021e-02,9.899006626636341899e-01,1.006923360288325062e-02,0.000000000000000000e+00,1.000000000000000000e+00,1.000000000000000000e+00
2.000000000000000042e-02,9.898006477002715409e-01,1.013893642887720922e-02,0.000000000000000000e+00,1.000000000000000000e+00,1.000000000000000000e+00
2.999999999999999889e-02,9.896999506584426287e-01,1.020911151724094267e-02,0.000000000000000000e+00,1.000000000000000000e+00,1.000000000000000000e+00
4.000000000000000083e-02,9.895985670597261530e-01,1.027976192501160908e-02,0.000000000000000000e+00,1.000000000000000000e+00,1.000000000000000000e+00
5.000000000000000278e-02,9.894964923986645511e-01,1.035089072705307547e-02,0.000000000000000000e+00,1.000000000000000000e+00,1.000000000000000000e+00
5.999999999999999778e-02,9.893937221428832363e-01,1.042250101596481175e-02,0.000000000000000000e+00,1.000000000000000000e+00,1.000000000000000000e+00
7.000000000000000666e-02,9.892902517327050171e-01,1.049459590232196086e-02,0.000000000000000000e+00,1.000000000000000000e+00,1.000000000000000000e+00
8.000000000000000167e-02,9.891860765809349365e-01,1.056717851481089702e-02,0.000000000000000000e+00,1.000000000000000000e+00,1.000000000000000000e+00
8.999999999999999667e-02,9.890811920728477258e-01,1.064025200023599980e-02,0.000000000000000000e+00,1.000000000000000000e+00,1.000000000000000000e+00
1.000000000000000056e-01,9.889755935661507236e-01,1.071381952352320338e-02,0.000000000000000000e+00,1.000000000000000000e+00,1.000000000000000000e+00
1.100000000000000006e-01,9.888692763909675554e-01,1.078788426772153350e-02,0.000000000000000000e+00,1.000000000000000000e+00,1.000000000000000000e+00
1.199999999999999956e-01,9.887622358493657337e-01,1.086244943430016152e-02,0.000000000000000000e+00,1.000000000000000000e+00,1.000000000000000000e+00
1.300000000000000044e-01,9.886544672152913771e-01,1.093751824318828746e-02,0.000000000000000000e+00,1.000000000000000000e+00,1.000000000000000000e+00
1.400000000000000133e-01,9.885459657345329054e-01,1.101309393279223739e-02,0.000000000000000000e+00,1.000000000000000000e+00,1.000000000000000000e+00
1.499999999999999944e-01,9.884367266247534589e-01,1.108917975995029649e-02,0.000000000000000000e+00,1.000000000000000000e+00,1.000000000000000000e+00
1.600000000000000033e-01,9.883267450752607486e-01,1.116577900007652974e-02,0.000000000000000000e+00,1.000000000000000000e+00,1.000000000000000000e+00
1.700000000000000122e-01,9.882160162466462339e-01,1.124289494738406163e-02,0.000000000000000000e+00,1.000000000000000000e+00,1.000000000000000000e+00
1.799999999999999933e-01,9.881045352707743534e-01,1.132053091489140101e-02,0.000000000000000000e+00,1.000000000000000000e+00,1.000000000000000000e+00
1.900000000000000022e-01,9.879922972507242385e-01,1.139869023444379549e-02,0.000000000000000000e+00,1.000000000000000000e+00,1.000000000000000000e+00
2.000000000000000111e-01,9.878792972608716472e-01,1.147737625664153015e-02,0.000000000000000000e+00,1.000000000000000000e+00,1.000000000000000000e+00
2.099999999999999922e-01,9.877655303464382142e-01,1.155659235112314540e-02,0.000000000000000000e+00,1.000000000000000000e+00,1.000000000000000000e+00
2.200000000000000011e-01,9.876509915233143699e-01,1.163634190667219015e-02,0.000000000000000000e+00,1.000000000000000000e+00,1.000000000000000000e+00
2.300000000000000100e-01,9.875356757780446859e-01,1.171662833122481123e-02,0.000000000000000000e+00,1.000000000000000000e+00,1.000000000000000000e+00
2.399999999999999911e-01,9.874195780678148848e-01,1.179745505185156133e-02,0.000000000000000000e+00,1.000000000000000000e+00,1.000000000000000000e+00
2.500000000000000000e-01,9.873026933204076538e-01,1.187882551477599524e-02,0.000000000000000000e+00,1.000000000000000000e+00,1.000000000000000000e+00
2.600000000000000089e-01,9.871850164337251377e-01,1.196074318566937508e-02,0.000000000000000000e+00,1.000000000000000000e+00,1.000000000000000000e+00
2.700000000000000178e-01,9.870665422757353147e-01,1.204321154968200115e-02,0.000000000000000000e+00,1.000000000000000000e+00,1.000000000000000000e+00
2.800000000000000266e-01,9.869472656844359149e-01,1.212623411145799177e-02,0.000000000000000000e+00,1.000000000000000000e+00,1.000000000000000000e+00
2.899999999999999800e-01,9.868271814679169252e-01,1.220981439506461756e-02,0.000000000000000000e+00,1.000000000000000000e+00,1.000000000000000000e+00
2.999999999999999889e-01,9.867062844040760394e-01,1.229395594416963361e-02,0.000000000000000000e+00,1.000000000000000000e+00,1.000000000000000000e+00
3.099999999999999978e-01,9.865845692402821498e-01,1.237866232224371817e-02,0.000000000000000000e+00,1.000000000000000000e+00,1.000000000000000000e+00
3.200000000000000067e-01,9.864620306933679084e-01,1.246393711256478867e-02,0.000000000000000000e+00,1.000000000000000000e+00,1.000000000000000000e+00
3.300000000000000155e-01,9.863386634495854288e-01,1.254978391822355287e-02,0.000000000000000000e+00,1.000000000000000000e+00,1.000000000000000000e+00
3.400000000000000244e-01,9.862144621646916631e-01,1.263620636204872485e-02,0.000000000000000000e+00,1.000000000000000000e+00,1.000000000000000000e+00
3.500000000000000333e-01,9.860894214634562394e-01,1.272320808690975864e-02,0.000000000000000000e+00,1.000000000000000000e+00,1.000000000000000000e+00
3.599999999999999867e-01,9.859635359395184651e-01,1.281079275580086253e-02,0.000000000000000000e+00,1.000000000000000000e+00,1.000000000000000000e+00
3.699999999999999956e-01,9.858368001553684534e-01,1.289896405184903956e-02,0.000000000000000000e+00,1.000000000000000000e+00,1.000000000000000000e+00
3.800000000000000044e-01,9.857092086423719923e-01,1.298772567826400083e-02,0.000000000000000000e+00,1.000000000000000000e+00,1.000000000000000000e+00
3.900000000000000133e-01,9.855807559006741769e-01,1.307708135838980650e-02,0.000000000000000000e+00,1.000000000000000000e+00,1.000000000000000000e+00
4.000000000000000222e-01,9.854514363987341152e-01,1.316703483598418746e-02,0.000000000000000000e+00,1.000000000000000000e+00,1.000000000000000000e+00
4.100000000000000311e-01,9.853212445732898450e-01,1.325758987523891451e-02,0.000000000000000000e+00,1.000000000000000000e+00,1.000000000000000000e+00
4.199999999999999845e-01,9.851901748293214744e-01,1.334875026078829498e-02,0.000000000000000000e+00,1.000000000000000000e+00,1.000000000000000000e+00
4.299999999999999933e-01,9.850582215401543218e-01,1.344051979760927697e-02,0.000000000000000000e+00,1.000000000000000000e+00,1.000000000000000000e+00
4.400000000000000022e-01,9.849253790470973158e-01,1.353290231124280006e-02,0.000000000000000000e+00,1.000000000000000000e+00,1.000000000000000000e+00
4.500000000000000111e-01,9.847916416591546707e-01,1.362590164796158125e-02,0.000000000000000000e+00,1.000000000000000000e+00,1.000000000000000000e+00
4.600000000000000200e-01,9.846570036530195580e-01,1.371952167477340570e-02,0.000000000000000000e+00,1.000000000000000000e+00,1.000000000000000000e+00
4.700000000000000289e-01,9.845214592730588965e-01,1.381376627939804973e-02,0.000000000000000000e+00,1.000000000000000000e+00,1.000000000000000000e+00
4.799999999999999822e-01,9.843850027313798545e-01,1.390863937020550729e-02,0.000000000000000000e+00,1.000000000000000000e+00,1.000000000000000000e+00
4.899999999999999911e-01,9.842476282073110427e-01,1.400414487652603193e-02,0.000000000000000000e+00,1.000000000000000000e+00,1.000000000000000000e+00
5.000000000000000000e-01,9.841093298472991524e-01,1.410028674870871662e-02,0.000000000000000000e+00,1.000000000000000000e+00,1.000000000000000000e+00
5.100000000000000089e-01,9.839701017648876391e-01,1.419706895812751155e-02,0.000000000000000000e+00,1.000000000000000000e+00,1.000000000000000000e+00
5.200000000000000178e-01,9.838299380407919958e-01,1.429449549709001926e-02,0.000000000000000000e+00,1.000000000000000000e+00,1.000000000000000000e+00
5.300000000000000266e-01,9.836888327227273354e-01,1.439257037893634794e-02,0.000000000000000000e+00,1.000000000000000000e+00,1.000000000000000000e+00
5.400000000000000355e-01,9.835467798249799554e-01,1.449129763828749078e-02,0.000000000000000000e+00,1.000000000000000000e+00,1.000000000000000000e+00
5.500000000000000444e-01,9.834037733283880200e-01,1.459068133105587486e-02,0.000000000000000000e+00,1.000000000000000000e+00,1.000000000000000000e+00
5.600000000000000533e-01,9.832598071803128059e-01,1.469072553443910231e-02,0.000000000000000000e+00,1.000000000000000000e+00,1.000000000000000000e+00
5.700000000000000622e-01,9.831148752947812541e-01,1.479143434679401105e-02,0.000000000000000000e+00,1.000000000000000000e+00,1.000000000000000000e+00
5.799999999999999600e-01,9.829689715520402160e-01,1.489281188790173190e-02,0.000000000000000000e+00,1.000000000000000000e+00,1.000000000000000000e+00
5.899999999999999689e-01,9.828220897983339643e-01,1.499486229909208386e-02,0.000000000000000000e+00,1.000000000000000000e+00,1.000000000000000000e+00
5.999999999999999778e-01,9.826742238458945344e-01,1.509758974324658734e-02,0.000000000000000000e+00,1.000000000000000000e+00,1.000000000000000000e+00
6.099999999999999867e-01,9.825253674729765851e-01,1.520099840473234688e-02,0.000000000000000000e+00,1.000000000000000000e+00,1.000000000000000000e+00
6.199999999999999956e-01,9.823755144238747183e-01,1.530509248937142464e-02,0.000000000000000000e+00,1.000000000000000000e+00,1.000000000000000000e+00
6.300000000000000044e-01,9.822246584084075582e-01,1.540987622473875655e-02,0.000000000000000000e+00,1.000000000000000000e+00,1.000000000000000000e+00
6.400000000000000133e-01,9.820727931018498058e-01,1.551535386019817220e-02,0.000000000000000000e+00,1.000000000000000000e+00,1.000000000000000000e+00
6.500000000000000222e-01,9.819199121449134759e-01,1.562152966690051256e-02,0.000000000000000000e+00,1.000000000000000000e+00,1.000000000000000000e+00
6.600000000000000311e-01,9.817660091438826786e-01,1.572840793764640477e-02,0.000000000000000000e+00,1.000000000000000000e+00,1.000000000000000000e+00
6.700000000000000400e-01,9.816110776703504959e-01,1.583599298703851702e-02,0.000000000000000000e+00,1.000000000000000000e+00,1.000000000000000000e+00
6.800000000000000488e-01,9.814551112608491668e-01,1.594428915168576502e-02,0.000000000000000000e+00,1.000000000000000000e+00,1.000000000000000000e+00
6.900000000000000577e-01,9.812981034168403172e-01,1.605330079020766618e-02,0.000000000000000000e+00,1.000000000000000000e+00,1.000000000000000000e+00
7.000000000000000666e-01,9.811400476047150709e-01,1.616303228319710197e-02,0.000000000000000000e+00,1.000000000000000000e+00,1.000000000000000000e+00
7.099999999999999645e-01,9.809809372559509244e-01,1.627348803308529060e-02,0.000000000000000000e+00,1.000000000000000000e+00,1.000000000000000000e+00
7.199999999999999734e-01,9.808207657666084822e-01,1.638467246443094452e-02,0.000000000000000000e+00,1.000000000000000000e+00,1.000000000000000000e+00
7.299999999999999822e-01,9.806595264971711412e-01,1.649659002400345742e-02,0.000000000000000000e+00,1.000000000000000000e+00,1.000000000000000000e+00
7.399999999999999911e-01,9.804972127725357645e-01,1.660924518078335174e-02,0.000000000000000000e+00,1.000000000000000000e+00,1.000000000000000000e+00
7.500000000000000000e-01,9.803338178821124904e-01,1.672264242584102500e-02,0.000000000000000000e+00,1.000000000000000000e+00,1.000000000000000000e+00
7.600000000000000089e-01,9.801693350797726634e-01,1.683678627234958675e-02,0.000000000000000000e+00,1.000000000000000000e+00,1.000000000000000000e+00
7.700000000000000178e-01,9.800037575833635550e-01,1.695168125585118021e-02,0.000000000000000000e+00,1.000000000000000000e+00,1.000000000000000000e+00
7.800000000000000266e-01,9.798370785746687295e-01,1.706733193427623085e-02,0.000000000000000000e+00,1.000000000000000000e+00,1.000000000000000000e+00
7.900000000000000355e-01,9.796692911994017150e-01,1.718374288792383700e-02,0.000000000000000000e+00,1.000000000000000000e+00,1.000000000000000000e+00
8.000000000000000444e-01,9.795003885674005151e-01,1.730091871928001249e-02,0.000000000000000000e+00,1.000000000000000000e+00,1.000000000000000000e+00
8.100000000000000533e-01,9.793303637522763339e-01,1.741886405321700637e-02,0.000000000000000000e+00,1.000000000000000000e+00,1.000000000000000000e+00
8.200000000000000622e-01,9.791592097911143711e-01,1.753758353714694740e-02,0.000000000000000000e+00,1.000000000000000000e+00,1.000000000000000000e+00
8.300000000000000711e-01,9.789869196844683819e-01,1.765708184102316239e-02,0.000000000000000000e+00,1.000000000000000000e+00,1.000000000000000000e+00
8.399999999999999689e-01,9.788134863964135235e-01,1.777736365725355802e-02,0.000000000000000000e+00,1.000000000000000000e+00,1.000000000000000000e+00
8.499999999999999778e-01,9.786389028546879088e-01,1.789843370057601565e-02,0.000000000000000000e+00,1.000000000000000000e+00,1.000000000000000000e+00
8.599999999999999867e-01,9.784631619501711342e-01,1.802029670834277147e-02,0.000000000000000000e+00,1.000000000000000000e+00,1.000000000000000000e+00
8.699999999999999956e-01,9.782862565367753671e-01,1.814295744057185453e-02,0.000000000000000000e+00,1.000000000000000000e+00,1.000000000000000000e+00
8.800000000000000044e-01,9.781081794314390176e-01,1.826642067993924923e-02,0.000000000000000000e+00,1.000000000000000000e+00,1.000000000000000000e+00
8.900000000000000133e-01,9.779289234143044851e-01,1.839069123159526795e-02,0.000000000000000000e+00,1.000000000000000000e+00,1.000000000000000000e+00
9.000000000000000222e-01,9.777484812285903715e-01,1.851577392322138055e-02,0.000000000000000000e+00,1.000000000000000000e+00,1.000000000000000000e+00
9.100000000000000311e-01,9.775668455801583834e-01,1.864167360525128755e-02,0.000000000000000000e+00,1.000000000000000000e+00,1.000000000000000000e+00
9.200000000000000400e-01,9.773840091374921268e-01,1.876839515087959376e-02,0.000000000000000000e+00,1.000000000000000000e+00,1.000000000000000000e+00
9.300000000000000488e-01,9.771999645317174243e-01,1.889594345601147349e-02,0.000000000000000000e+00,1.000000000000000000e+00,1.000000000000000000e+00
9.400000000000000577e-01,9.770147043568497836e-01,1.902432343904340156e-02,0.000000000000000000e+00,1.000000000000000000e+00,1.000000000000000000e+00
9.500000000000000666e-01,9.768282211693777306e-01,1.915354004108966654e-02,0.000000000000000000e+00,1.000000000000000000e+00,1.000000000000000000e+00
9.599999999999999645e-01,9.766405074880318837e-01,1.928359822608799110e-02,0.000000000000000000e+00,1.000000000000000000e+00,1.000000000000000000e+00
9.699999999999999734e-01,9.764515557937820667e-01,1.941450298079801587e-02,0.000000000000000000e+00,1.000000000000000000e+00,1.000000000000000000e+00
9.799999999999999822e-01,9.762613585299602104e-01,1.954625931465225896e-02,0.000000000000000000e+00,1.000000000000000000e+00,1.000000000000000000e+00
9.899999999999999911e-01,9.760699081023747059e-01,1.967887225964843473e-02,0.000000000000000000e+00,1.000000000000000000e+00,1.000000000000000000e+00
1.000000000000000000e+00,9.758771968788040319e-01,1.981234687060593261e-02,0.000000000000000000e+00,1.000000000000000000e+00,1.000000000000000000e+00
1.010000000000000009e+00,9.756832171889233685e-01,1.994668822519489113e-02,0.000000000000000000e+00,1.000000000000000000e+00,1.000000000000000000e+00
1.020000000000000018e+00,9.754879613243113701e-01,2.008190142391319544e-02,0.000000000000000000e+00,1.000000000000000000e+00,1.000000000000000000e+00
1.030000000000000027e+00,9.752914215387077368e-01,2.021799158983749248e-02,0.000000000000000000e+00,1.000000000000000000e+00,1.000000000000000000e+00
1.040000000000000036e+00,9.750935900478269192e-01,2.035496386871095062e-02,0.000000000000000000e+00,1.000000000000000000e+00,1.000000000000000000e+00
1.050000000000000044e+00,9.748944590289838619e-01,2.049282342911353666e-02,0.000000000000000000e+00,1.000000000000000000e+00,1.000000000000000000e+00
1.060000000000000053e+00,9.746940206210831237e-01,2.063157546246497526e-02,0.000000000000000000e+00,1.000000000000000000e+00,1.000000000000000000e+00
1.070000000000000062e+00,9.744922669246821600e-01,2.077122518293115713e-02,0.000000000000000000e+00,1.000000000000000000e+00,1.000000000000000000e+00
1.080000000000000071e+00,9.742891900022833118e-01,2.091177782717358949e-02,0.000000000000000000e+00,1.000000000000000000e+00,1.000000000000000000e+00
1.090000000000000080e+00,9.740847818778879397e-01,2.105323865457475394e-02,0.000000000000000000e+00,1.000000000000000000e+00,1.000000000000000000e+00
1.100000000000000089e+00,9.738790345368213419e-01,2.119561294730454987e-02,0.000000000000000000e+00,1.000000000000000000e+00,1.000000000000000000e+00
1.110000000000000098e+00,9.736719399257327545e-01,2.133890601031420559e-02,0.000000000000000000e+00,1.000000000000000000e+00,1.000000000000000000e+00
1.120000000000000107e+00,9.734634899527980778e-01,2.148312317111838662e-02,0.000000000000000000e+00,1.000000000000000000e+00,1.000000000000000000e+00
1.130000000000000115e+00,9.732536764878180202e-01,2.162826977969444647e-02,0.000000000000000000e+00,1.000000000000000000e+00,1.000000000000000000e+00
1.140000000000000124e+00,9.730424913617471416e-01,2.177435120869632493e-02,0.000000000000000000e+00,1.000000000000000000e+00,1.000000000000000000e+00
1.150000000000000133e+00,9.728299263666434493e-01,2.192137285346841200e-02,0.000000000000000000e+00,1.000000000000000000e+00,1.000000000000000000e+00
1.159999999999999920e+00,9.726159732556938220e-01,2.206934013200273145e-02,0.000000000000000000e+00,1.000000000000000000e+00,1.000000000000000000e+00
1.169999999999999929e+00,9.724006237435551814e-01,2.221825848462215605e-02,0.000000000000000000e+00,1.000000000000000000e+00,1.000000000000000000e+00
1.179999999999999938e+00,9.721838695061417734e-01,2.236813337407482505e-02,0.000000000000000000e+00,1.000000000000000000e+00,1.000000000000000000e+00
1.189999999999999947e+00,9.719657021803067565e-01,2.251897028565432932e-02,0.000000000000000000e+00,1.000000000000000000e+00,1.000000000000000000e+00
1.199999999999999956e+00,9.717461133638352067e-01,2.267077472719960032e-02,0.000000000000000000e+00,1.000000000000000000e+00,1.000000000000000000e+00
1.209999999999999964e+00,9.715250946155591372e-01,2.282355222895344690e-02,0.000000000000000000e+00,1.000000000000000000e+00,1.000000000000000000e+00
1.219999999999999973e+00,9.713026374556991138e-01,2.297730834327377930e-02,0.000000000000000000e+00,1.000000000000000000e+00,1.000000000000000000e+00
1.229999999999999982e+00,9.710787333654292697e-01,2.313204864483192624e-02,0.000000000000000000e+00,1.000000000000000000e+00,1.000000000000000000e+00
1.239999999999999991e+00,9.708533737867384161e-01,2.328777873064787757e-02,0.000000000000000000e+00,1.000000000000000000e+00,1.000000000000000000e+00
1.250000000000000000e+00,9.706265501224360381e-01,2.344450422007925833e-02,0.000000000000000000e+00,1.000000000000000000e+00,1.000000000000000000e+00
1.260000000000000009e+00,9.703982537364327365e-01,2.360223075453480451e-02,0.000000000000000000e+00,1.000000000000000000e+00,1.000000000000000000e+00
1.270000000000000018e+00,9.701684759538603542e-01,2.376096399735410855e-02,0.000000000000000000e+00,1.000000000000000000e+00,1.000000000000000000e+00
1.280000000000000027e+00,9.699372080606444291e-01,2.392070963397109618e-02,0.000000000000000000e+00,1.000000000000000000e+00,1.000000000000000000e+00
1.290000000000000036e+00,9.697044413034662247e-01,2.408147337191608034e-02,0.000000000000000000e+00,1.000000000000000000e+00,1.000000000000000000e+00
1.300000000000000044e+00,9.694701668898080271e-01,2.424326094075578836e-02,0.000000000000000000e+00,1.000000000000000000e+00,1.000000000000000000e+00
1.310000000000000053e+00,9.692343759883799148e-01,2.440607809170263626e-02,0.000000000000000000e+00,1.000000000000000000e+00,1.000000000000000000e+00
1.320000000000000062e+00,9.689970597289331300e-01,2.456993059768427384e-02,0.000000000000000000e+00,1.000000000000000000e+00,1.000000000000000000e+00
1.330000000000000071e+00,9.687582092019828561e-01,2.473482425341548552e-02,0.000000000000000000e+00,1.000000000000000000e+00,1.000000000000000000e+00
1.340000000000000080e+00,9.685178154588039989e-01,2.490076487539554656e-02,0.000000000000000000e+00,1.000000000000000000e+00,1.000000000000000000e+00
1.350000000000000089e+00,9.682758695115891712e-01,2.506775830172982417e-02,0.000000000000000000e+00,1.000000000000000000e+00,1.000000000000000000e+00
1.360000000000000098e+00,9.680323623338694672e-01,2.523581039177396831e-02,0.000000000000000000e+00,1.000000000000000000e+00,1.000000000000000000e+00
1.370000000000000107e+00,9.677872848601243305e-01,2.540492702628864216e-02,0.000000000000000000e+00,1.000000000000000000e+00,1.000000000000000000e+00
1.380000000000000115e+00,9.675406279856654246e-01,2.557511410744338354e-02,0.000000000000000000e+00,1.000000000000000000e+00,1.000000000000000000e+00
1.390000000000000124e+00,9.672923825666444042e-01,2.574637755880446188e-02,0.000000000000000000e+00,1.000000000000000000e+00,1.000000000000000000e+00
1.400000000000000133e+00,9.670425394203988612e-01,2.591872332499014012e-02,0.000000000000000000e+00,1.000000000000000000e+00,1.000000000000000000e+00
1.409999999999999920e+00,9.667910893256560501e-01,2.609215737148763703e-02,0.000000000000000000e+00,1.000000000000000000e+00,1.000000000000000000e+00
1.419999999999999929e+00,9.665380230221513047e-01,2.626668568476170709e-02,0.000000000000000000e+00,1.000000000000000000e+00,1.000000000000000000e+00
1.429999999999999938e+00,9.662833312105977290e-01,2.644231427224206024e-02,0.000000000000000000e+00,1.000000000000000000e+00,1.000000000000000000e+00
1.439999999999999947e+00,9.660270045527383775e-01,2.661904916226019713e-02,0.000000000000000000e+00,1.000000000000000000e+00,1.000000000000000000e+00
1.449999999999999956e+00,9.657690336718622870e-01,2.679689640357795291e-02,0.000000000000000000e+00,1.000000000000000000e+00,1.000000000000000000e+00
1.459999999999999964e+00,9.655094091527102185e-01,2.697586206539236489e-02,0.000000000000000000e+00,1.000000000000000000e+00,1.000000000000000000e+00
1.469999999999999973e+00,9.652481215412276327e-01,2.715595223735704430e-02,0.000000000000000000e+00,1.000000000000000000e+00,1.000000000000000000e+00
1.479999999999999982e+00,9.649851613445629139e-01,2.733717302957379414e-02,0.000000000000000000e+00,1.000000000000000000e+00,1.000000000000000000e+00
1.489999999999999991e+00,9.647205190312345691e-01,2.751953057241102174e-02,0.000000000000000000e+00,1.000000000000000000e+00,1.000000000000000000e+00
1.500000000000000000e+00,9.644541850316830089e-01,2.770303101603069362e-02,0.000000000000000000e+00,1.000000000000000000e+00,1.000000000000000000e+00
1.510000000000000009e+00,9.641861497379609069e-01,2.788768053049124618e-02,0.000000000000000000e+00,1.000000000000000000e+00,1.000000000000000000e+00
1.520000000000000018e+00,9.639164035036330569e-01,2.807348530570530007e-02,0.000000000000000000e+00,1.000000000000000000e+00,1.000000000000000000e+00
1.530000000000000027e+00,9.636449366437814801e-01,2.826045155143283930e-02,0.000000000000000000e+00,1.000000000000000000e+00,1.000000000000000000e+00
1.540000000000000036e+00,9.633717394353759067e-01,2.844858549691181918e-02,0.000000000000000000e+00,1.000000000000000000e+00,1.000000000000000000e+00
1.550000000000000044e+00,9.630968021176490312e-01,2.863789339054729349e-02,0.000000000000000000e+00,1.000000000000000000e+00,1.000000000000000000e+00
1.560000000000000053e+00,9.628201148917684415e-01,2.882838149996345967e-02,0.000000000000000000e+00,1.000000000000000000e+00,1.000000000000000000e+00
1.570000000000000062e+00,9.625416679208156356e-01,2.902005611196075557e-02,0.000000000000000000e+00,1.000000000000000000e+00,1.000000000000000000e+00
1.580000000000000071e+00,9.622614513298235472e-01,2.921292353247134307e-02,0.000000000000000000e+00,1.000000000000000000e+00,1.000000000000000000e+00
1.590000000000000080e+00,9.619794552063579696e-01,2.940699008602188497e-02,0.000000000000000000e+00,1.000000000000000000e+00,1.000000000000000000e+00
1.600000000000000089e+00,9.616956696006153660e-01,2.960226211561220108e-02,0.000000000000000000e+00,1.000000000000000000e+00,1.000000000000000000e+00
1.610000000000000098e+00,9.614100845252003813e-01,2.979874598267983135e-02,0.000000000000000000e+00,1.000000000000000000e+00,1.000000000000000000e+00
1.620000000000000107e+00,9.611226899551298386e-01,2.999644806707298106e-02,0.000000000000000000e+00,1.000000000000000000e+00,1.000000000000000000e+00
1.630000000000000115e+00,9.608334758279621912e-01,3.019537476691396341e-02,0.000000000000000000e+00,1.000000000000000000e+00,1.000000000000000000e+00
1.640000000000000124e+00,9.605424320445029585e-01,3.039553249797919549e-02,0.000000000000000000e+00,1.000000000000000000e+00,1.000000000000000000e+00
1.650000000000000133e+00,9.602495484686542904e-01,3.059692769371566770e-02,0.000000000000000000e+00,1.000000000000000000e+00,1.000000000000000000e+00
1.660000000000000142e+00,9.599548149273295916e-01,3.079956680513072989e-02,0.000000000000000000e+00,1.000000000000000000e+00,1.000000000000000000e+00
1.669999999999999929e+00,9.596582212104586285e-01,3.100345630078309156e-02,0.000000000000000000e+00,1.000000000000000000e+00,1.000000000000000000e+00
1.679999999999999938e+00,9.593597570712921740e-01,3.120860266647669870e-02,0.000000000000000000e+00,1.000000000000000000e+00,1.000000000000000000e+00
1.689999999999999947e+00,9.590594122270575950e-01,3.141501240471383793e-02,0.000000000000000000e+00,1.000000000000000000e+00,1.000000000000000000e+00
1.699999999999999956e+00,9.587571763587054985e-01,3.162269203471499562e-02,0.000000000000000000e+00,1.000000000000000000e+00,1.000000000000000000e+00
1.709999999999999964e+00,9.584530391109182812e-01,3.183164809229326042e-02,0.000000000000000000e+00,1.000000000000000000e+00,1.000000000000000000e+00
1.719999999999999973e+00,9.581469900921195659e-01,3.204188712984235021e-02,0.000000000000000000e+00,1.000000000000000000e+00,1.000000000000000000e+00
1.729999999999999982e+00,9.578390188750209866e-01,3.225341571581748223e-02,0.000000000000000000e+00,1.000000000000000000e+00,1.000000000000000000e+00
1.739999999999999991e+00,9.575291149970585058e-01,3.246624043437675022e-02,0.000000000000000000e+00,1.000000000000000000e+00,1.000000000000000000e+00
1.750000000000000000e+00,9.572172679602012346e-01,3.268036788529660175e-02,0.000000000000000000e+00,1.000000000000000000e+00,1.000000000000000000e+00
1.760000000000000009e+00,9.569034672309844058e-01,3.289580468388174361e-02,0.000000000000000000e+00,1.000000000000000000e+00,1.000000000000000000e+00
1.770000000000000018e+00,9.565877022405631092e-01,3.311255746090811802e-02,0.000000000000000000e+00,1.000000000000000000e+00,1.000000000000000000e+00
1.780000000000000027e+00,9.562699623854787889e-01,3.333063286192731317e-02,0.000000000000000000e+00,1.000000000000000000e+00,1.000000000000000000e+00
1.790000000000000036e+00,9.559502370278432082e-01,3.355003754708247438e-02,0.000000000000000000e+00,1.000000000000000000e+00,1.000000000000000000e+00
1.800000000000000044e+00,9.556285154952646188e-01,3.377077819092342420e-02,0.000000000000000000e+00,1.000000000000000000e+00,1.000000000000000000e+00
1.810000000000000053e+00,9.553047870808795139e-01,3.399286148235221988e-02,0.000000000000000000e+00,1.000000000000000000e+00,1.000000000000000000e+00
1.820000000000000062e+00,9.549790410434987331e-01,3.421629412447553531e-02,0.000000000000000000e+00,1.000000000000000000e+00,1.000000000000000000e+00
1.830000000000000071e+00,9.546512666085207321e-01,3.444108283380623026e-02,0.000000000000000000e+00,1.000000000000000000e+00,1.000000000000000000e+00
1.840000000000000080e+00,9.543214529679011626e-01,3.466723434019833294e-02,0.000000000000000000e+00,1.000000000000000000e+00,1.000000000000000000e+00
1.850000000000000089e+00,9.539895892802033872e-01,3.489475538658822623e-02,0.000000000000000000e+00,1.000000000000000000e+00,1.000000000000000000e+00
1.860000000000000098e+00,9.536556646706161322e-01,3.512365272897027824e-02,0.000000000000000000e+00,1.000000000000000000e+00,1.000000000000000000e+00
1.870000000000000107e+00,9.533196682312570225e-01,3.535393313610183524e-02,0.000000000000000000e+00,1.000000000000000000e+00,1.000000000000000000e+00
1.880000000000000115e+00,9.529815890221070562e-01,3.558560338871215312e-02,0.000000000000000000e+00,1.000000000000000000e+00,1.000000000000000000e+00
1.890000000000000124e+00,9.526414160708728263e-01,3.581867027945858512e-02,0.000000000000000000e+00,1.000000000000000000e+00,1.000000000000000000e+00
1.900000000000000133e+00,9.522991383731234105e-01,3.605314061264226766e-02,0.000000000000000000e+00,1.000000000000000000e+00,1.000000000000000000e+00
1.910000000000000142e+00,9.519547448922949240e-01,3.628902120420264554e-02,0.000000000000000000e+00,1.000000000000000000e+00,1.000000000000000000e+00
1.919999999999999929e+00,9.516082245602244249e-01,3.652631888121195269e-02,0.000000000000000000e+00,1.000000000000000000e+00,1.000000000000000000e+00
1.929999999999999938e+00,9.512595662779446126e-01,3.676504048122860441e-02,0.000000000000000000e+00,1.000000000000000000e+00,1.000000000000000000e+00
1.939999999999999947e+00,9.509087589155965636e-01,3.700519285214283471e-02,0.000000000000000000e+00,1.000000000000000000e+00,1.000000000000000000e+00
1.949999999999999956e+00,9.505557913125811664e-01,3.724678285193280119e-02,0.000000000000000000e+00,1.000000000000000000e+00,1.000000000000000000e+00
1.959999999999999964e+00,9.502006522775739983e-01,3.748981734864986759e-02,0.000000000000000000e+00,1.000000000000000000e+00,1.000000000000000000e+00
1.969999999999999973e+00,9.498433305893065892e-01,3.773430321970011603e-02,0.000000000000000000e+00,1.000000000000000000e+00,1.000000000000000000e+00
1.979999999999999982e+00,9.494838149971572827e-01,3.798024735137111446e-02,0.000000000000000000e+00,1.000000000000000000e+00,1.000000000000000000e+00
1.989999999999999991e+00,9.491220942211865408e-01,3.822765663853541079e-02,0.000000000000000000e+00,1.000000000000000000e+00,1.000000000000000000e+00
2.000000000000000000e+00,9.487581569522709479e-01,3.847653798446363377e-02,0.000000000000000000e+00,1.000000000000000000e+00,1.000000000000000000e+00
2.010000000000000231e+00,9.483919918521519499e-01,3.872689830077515050e-02,0.000000000000000000e+00,1.000000000000000000e+00,1.000000000000000000e+00
2.020000000000000018e+00,9.480235875544403834e-01,3.897874450653919520e-02,0.000000000000000000e+00,1.000000000000000000e+00,1.000000000000000000e+00
2.030000000000000249e+00,9.476529326650129370e-01,3.923208352794393255e-02,0.000000000000000000e+00,1.000000000000000000e+00,1.000000000000000000e+00
2.040000000000000036e+00,9.472800157621803496e-01,3.948692229787821584e-02,0.000000000000000000e+00,1.000000000000000000e+00,1.000000000000000000e+00
2.049999999999999822e+00,9.469048253967958795e-01,3.974326775579306581e-02,0.000000000000000000e+00,1.000000000000000000e+00,1.000000000000000000e+00
2.060000000000000053e+00,9.465273500923632177e-01,4.000112684759740689e-02,0.000000000000000000e+00,1.000000000000000000e+00,1.000000000000000000e+00
2.069999999999999840e+00,9.461475783462223177e-01,4.026050652461794777e-02,0.000000000000000000e+00,1.000000000000000000e+00,1.000000000000000000e+00
2.080000000000000071e+00,9.457654986297875377e-01,4.052141374337145385e-02,0.000000000000000000e+00,1.000000000000000000e+00,1.000000000000000000e+00
2.089999999999999858e+00,9.453810993888397407e-01,4.078385546504668252e-02,0.000000000000000000e+00,1.000000000000000000e+00,1.000000000000000000e+00
2.100000000000000089e+00,9.449943690436112265e-01,4.104783865540494875e-02,0.000000000000000000e+00,1.000000000000000000e+00,1.000000000000000000e+00
2.109999999999999876e+00,9.446052959889708056e-01,4.131337028460404376e-02,0.000000000000000000e+00,1.000000000000000000e+00,1.000000000000000000e+00
2.120000000000000107e+00,9.442138685957477406e-01,4.158045732605682165e-02,0.000000000000000000e+00,1.000000000000000000e+00,1.000000000000000000e+00
2.129999999999999893e+00,9.438200752108567571e-01,4.184910675626427740e-02,0.000000000000000000e+00,1.000000000000000000e+00,1.000000000000000000e+00
2.140000000000000124e+00,9.434239041577013873e-01,4.211932555421862151e-02,0.000000000000000000e+00,1.000000000000000000e+00,1.000000000000000000e+00
2.149999999999999911e+00,9.430253437362361435e-01,4.239112070133365523e-02,0.000000000000000000e+00,1.000000000000000000e+00,1.000000000000000000e+00
2.160000000000000142e+00,9.426243822232431846e-01,4.266449918118642159e-02,0.000000000000000000e+00,1.000000000000000000e+00,1.000000000000000000e+00
2.169999999999999929e+00,9.422210078737540684e-01,4.293946797830830442e-02,0.000000000000000000e+00,1.000000000000000000e+00,1.000000000000000000e+00
2.180000000000000160e+00,9.418152089211110356e-01,4.321603407803988744e-02,0.000000000000000000e+00,1.000000000000000000e+00,1.000000000000000000e+00
2.189999999999999947e+00,9.414069735774640568e-01,4.349420446587155820e-02,0.000000000000000000e+00,1.000000000000000000e+00,1.000000000000000000e+00
2.200000000000000178e+00,9.409962900338159075e-01,4.377398612739546307e-02,0.000000000000000000e+00,1.000000000000000000e+00,1.000000000000000000e+00
2.209999999999999964e+00,9.405831464603930936e-01,4.405538604796310070e-02,0.000000000000000000e+00,1.000000000000000000e+00,1.000000000000000000e+00
2.220000000000000195e+00,9.401675310081381021e-01,4.433841121143100583e-02,0.000000000000000000e+00,1.000000000000000000e+00,1.000000000000000000e+00
2.229999999999999982e+00,9.397494318087494802e-01,4.462306860000730957e-02,0.000000000000000000e+00,1.000000000000000000e+00,1.000000000000000000e+00
2.240000000000000213e+00,9.393288369752599287e-01,4.490936519353928152e-02,0.000000000000000000e+00,1.000000000000000000e+00,1.000000000000000000e+00
2.250000000000000000e+00,9.389057346020688311e-01,4.519730796947911411e-02,0.000000000000000000e+00,1.000000000000000000e+00,1.000000000000000000e+00
2.260000000000000231e+00,9.384801127653988884e-01,4.548690390246750564e-02,0.000000000000000000e+00,1.000000000000000000e+00,1.000000000000000000e+00
2.270000000000000018e+00,9.380519595248490994e-01,4.577815996303873786e-02,0.000000000000000000e+00,1.000000000000000000e+00,1.000000000000000000e+00
2.280000000000000249e+00,9.376212629234430551e-01,4.607108311744358142e-02,0.000000000000000000e+00,1.000000000000000000e+00,1.000000000000000000e+00
2.290000000000000036e+00,9.371880109882826382e-01,4.636568032688272861e-02,0.000000000000000000e+00,1.000000000000000000e+00,1.000000000000000000e+00
2.300000000000000266e+00,9.367521917305738910e-01,4.666195854748037691e-02,0.000000000000000000e+00,1.000000000000000000e+00,1.000000000000000000e+00
2.310000000000000053e+00,9.363137931461460450e-01,4.695992472981511817e-02,0.000000000000000000e+00,1.000000000000000000e+00,1.000000000000000000e+00
2.319999999999999840e+00,9.358728032170764433e-01,4.725958581757206539e-02,0.000000000000000000e+00,1.000000000000000000e+00,1.000000000000000000e+00
2.330000000000000071e+00,9.354292099117587078e-01,4.756094874734229094e-02,0.000000000000000000e+00,1.000000000000000000e+00,1.000000000000000000e+00
2.339999999999999858e+00,9.349830011856380407e-01,4.786402044779074910e-02,0.000000000000000000e+00,1.000000000000000000e+00,1.000000000000000000e+00
2.350000000000000089e+00,9.345341649812365370e-01,4.816880783963161522e-02,0.000000000000000000e+00,1.000000000000000000e+00,1.000000000000000000e+00
2.359999999999999876e+00,9.340826892286969718e-01,4.847531783513913534e-02,0.000000000000000000e+00,1.000000000000000000e+00,1.000000000000000000e+00
2.370000000000000107e+00,9.336285618475089754e-01,4.878355733671996958e-02,0.000000000000000000e+00,1.000000000000000000e+00,1.000000000000000000e+00
2.379999999999999893e+00,9.331717707465934097e-01,4.909353323670313796e-02,0.000000000000000000e+00,1.000000000000000000e+00,1.000000000000000000e+00
2.390000000000000124e+00,9.327123038251358134e-01,4.940525241642126225e-02,0.000000000000000000e+00,1.000000000000000000e+00,1.000000000000000000e+00
2.399999999999999911e+00,9.322501489726168211e-01,4.971872174618118673e-02,0.000000000000000000e+00,1.000000000000000000e+00,1.000000000000000000e+00
2.410000000000000142e+00,9.317852940693369668e-01,5.003394808479463829e-02,0.000000000000000000e+00,1.000000000000000000e+00,1.000000000000000000e+00
2.419999999999999929e+00,9.313177269882760845e-01,5.035093827803911737e-02,0.000000000000000000e+00,1.000000000000000000e+00,1.000000000000000000e+00
2.430000000000000160e+00,9.308474355951862345e-01,5.066969915845800920e-02,0.000000000000000000e+00,1.000000000000000000e+00,1.000000000000000000e+00
2.439999999999999947e+00,9.303744077495452736e-01,5.099023754432891603e-02,0.000000000000000000e+00,1.000000000000000000e+00,1.000000000000000000e+00
2.450000000000000178e+00,9.298986313046014862e-01,5.131256023962036533e-02,0.000000000000000000e+00,1.000000000000000000e+00,1.000000000000000000e+00
2.459999999999999964e+00,9.294200941078325506e-01,5.163667403358307428e-02,0.000000000000000000e+00,1.000000000000000000e+00,1.000000000000000000e+00
2.470000000000000195e+00,9.289387840029595944e-01,5.196258569907814817e-02,0.000000000000000000e+00,1.000000000000000000e+00,1.000000000000000000e+00
2.479999999999999982e+00,9.284546888300500012e-01,5.229030199239852877e-02,0.000000000000000000e+00,1.000000000000000000e+00,1.000000000000000000e+00
2.490000000000000213e+00,9.279677964266092038e-01,5.261982965210313529e-02,0.000000000000000000e+00,1.000000000000000000e+00,1.000000000000000000e+00
2.500000000000000000e+00,9.274780946276585114e-01,5.295117539894208386e-02,0.000000000000000000e+00,1.000000000000000000e+00,1.000000000000000000e+00
2.510000000000000231e+00,9.269855712660856062e-01,5.328434593554419452e-02,0.000000000000000000e+00,1.000000000000000000e+00,1.000000000000000000e+00
2.520000000000000018e+00,9.264902141748013742e-01,5.361934794461841597e-02,0.000000000000000000e+00,1.000000000000000000e+00,1.000000000000000000e+00
2.530000000000000249e+00,9.259920111868857884e-01,5.395618808878311495e-02,0.000000000000000000e+00,1.000000000000000000e+00,1.000000000000000000e+00
2.540000000000000036e+00,9.254909501368169256e-01,5.429487300926214705e-02,0.000000000000000000e+00,1.000000000000000000e+00,1.000000000000000000e+00
2.550000000000000266e+00,9.249870188606135191e-01,5.463540932574748737e-02,0.000000000000000000e+00,1.000000000000000000e+00,1.000000000000000000e+00
2.560000000000000053e+00,9.244802051960560041e-01,5.497780363620285299e-02,0.000000000000000000e+00,1.000000000000000000e+00,1.000000000000000000e+00
2.569999999999999840e+00,9.239704969849128480e-01,5.532206251499378891e-02,0.000000000000000000e+00,1.000000000000000000e+00,1.000000000000000000e+00
2.580000000000000071e+00,9.234578820732195492e-01,5.566819251266160590e-02,0.000000000000000000e+00,1.000000000000000000e+00,1.000000000000000000e+00
2.589999999999999858e+00,9.229423483126005801e-01,5.601620015451980877e-02,0.000000000000000000e+00,1.000000000000000000e+00,1.000000000000000000e+00
2.600000000000000089e+00,9.224238835605387266e-01,5.636609194039596954e-02,0.000000000000000000e+00,1.000000000000000000e+00,1.000000000000000000e+00
2.609999999999999876e+00,9.219024756804685694e-01,5.671787434454831495e-02,0.000000000000000000e+00,1.000000000000000000e+00,1.000000000000000000e+00
2.620000000000000107e+00,9.213781125439206576e-01,5.707155381385124043e-02,0.000000000000000000e+00,1.000000000000000000e+00,1.000000000000000000e+00
2.629999999999999893e+00,9.208507820311099268e-01,5.742713676736663914e-02,0.000000000000000000e+00,1.000000000000000000e+00,1.000000000000000000e+00
2.640000000000000124e+00,9.203204720322260002e-01,5.778462959496170198e-02,0.000000000000000000e+00,1.000000000000000000e+00,1.000000000000000000e+00
2.649999999999999911e+00,9.197871704479376742e-01,5.814403865682602618e-02,0.000000000000000000e+00,1.000000000000000000e+00,1.000000000000000000e+00
2.660000000000000142e+00,9.192508651894022442e-01,5.850537028346317059e-02,0.000000000000000000e+00,1.000000000000000000e+00,1.000000000000000000e+00
2.669999999999999929e+00,9.187115441800541848e-01,5.886863077416574358e-02,0.000000000000000000e+00,1.000000000000000000e+00,1.000000000000000000e+00
2.680000000000000160e+00,9.181691953568414943e-01,5.923382639608213568e-02,0.000000000000000000e+00,1.000000000000000000e+00,1.000000000000000000e+00
2.689999999999999947e+00,9.176238066711908115e-01,5.960096338314083142e-02,0.000000000000000000e+00,1.000000000000000000e+00,1.000000000000000000e+00
2.700000000000000178e+00,9.170753660899427784e-01,5.997004793515762350e-02,0.000000000000000000e+00,1.000000000000000000e+00,1.000000000000000000e+00
2.709999999999999964e+00,9.165238615953531509e-01,6.034108621783548093e-02,0.000000000000000000e+00,1.000000000000000000e+00,1.000000000000000000e+00
2.720000000000000195e+00,9.159692811861871453e-01,6.071408436182782614e-02,0.000000000000000000e+00,1.000000000000000000e+00,1.000000000000000000e+00
2.729999999999999982e+00,9.154116128800059426e-01,6.108904846091672142e-02,0.000000000000000000e+00,1.000000000000000000e+00,1.000000000000000000e+00
2.740000000000000213e+00,9.148508447134252597e-01,6.146598457163150037e-02,0.000000000000000000e+00,1.000000000000000000e+00,1.000000000000000000e+00
2.750000000000000000e+00,9.142869647437100733e-01,6.184489871172731829e-02,0.000000000000000000e+00,1.000000000000000000e+00,1.000000000000000000e+00
2.760000000000000231e+00,9.137199610488005996e-01,6.222579686016216360e-02,0.000000000000000000e+00,1.000000000000000000e+00,1.000000000000000000e+00
2.770000000000000018e+00,9.131498217277947971e-01,6.260868495668139855e-02,0.000000000000000000e+00,1.000000000000000000e+00,1.000000000000000000e+00
2.780000000000000249e+00,9.125765349038115204e-01,6.299356889948204419e-02,0.000000000000000000e+00,1.000000000000000000e+00,1.000000000000000000e+00
2.790000000000000036e+00,9.120000887240136134e-01,6.338045454516413879e-02,0.000000000000000000e+00,1.000000000000000000e+00,1.000000000000000000e+00
2.800000000000000266e+00,9.114204713616004261e-01,6.376934770680413311e-02,0.000000000000000000e+00,1.000000000000000000e+00,1.000000000000000000e+00
2.810000000000000053e+00,9.108376710160415168e-01,6.416025415374272678e-02,0.000000000000000000e+00,1.000000000000000000e+00,1.000000000000000000e+00
2.819999999999999840e+00,9.102516759131675794e-01,6.455317961150681960e-02,0.000000000000000000e+00,1.000000000000000000e+00,1.000000000000000000e+00
2.830000000000000071e+00,9.096624743078249864e-01,6.494812975960509438e-02,0.000000000000000000e+00,1.000000000000000000e+00,1.000000000000000000e+00
2.839999999999999858e+00,9.090700544844978470e-01,6.534511023110761707e-02,0.000000000000000000e+00,1.000000000000000000e+00,1.000000000000000000e+00
2.850000000000000089e+00,9.084744047590718186e-01,6.574412661088964438e-02,0.000000000000000000e+00,1.000000000000000000e+00,1.000000000000000000e+00
2.859999999999999876e+00,9.078755134796432369e-01,6.614518443489481037e-02,0.000000000000000000e+00,1.000000000000000000e+00,1.000000000000000000e+00
2.870000000000000107e+00,9.072733690265187834e-01,6.654828919013523747e-02,0.000000000000000000e+00,1.000000000000000000e+00,1.000000000000000000e+00
2.879999999999999893e+00,9.066679598136476725e-01,6.695344631349148257e-02,0.000000000000000000e+00,1.000000000000000000e+00,1.000000000000000000e+00
2.890000000000000124e+00,9.060592742911123265e-01,6.736066118976538619e-02,0.000000000000000000e+00,1.000000000000000000e+00,1.000000000000000000e+00
2.899999999999999911e+00,9.054473009454747645e-01,6.776993915122128675e-02,0.000000000000000000e+00,1.000000000000000000e+00,1.000000000000000000e+00
2.910000000000000142e+00,9.048320283017778909e-01,6.818128547575587339e-02,0.000000000000000000e+00,1.000000000000000000e+00,1.000000000000000000e+00
2.919999999999999929e+00,9.042134449235681437e-01,6.859470538687817420e-02,0.000000000000000000e+00,1.000000000000000000e+00,1.000000000000000000e+00
2.930000000000000160e+00,9.035915394132637557e-01,6.901020405339877706e-02,0.000000000000000000e+00,1.000000000000000000e+00,1.000000000000000000e+00
2.939999999999999947e+00,9.029663004155122907e-01,6.942778658671157344e-02,0.000000000000000000e+00,1.000000000000000000e+00,1.000000000000000000e+00
2.950000000000000178e+00,9.023377166171345776e-01,6.984745804087084953e-02,0.000000000000000000e+00,1.000000000000000000e+00,1.000000000000000000e+00
2.959999999999999964e+00,9.017057767496242660e-01,7.026922341025393370e-02,0.000000000000000000e+00,1.000000000000000000e+00,1.000000000000000000e+00
2.970000000000000195e+00,9.010704695896315508e-01,7.069308762913371902e-02,0.000000000000000000e+00,1.000000000000000000e+00,1.000000000000000000e+00
2.979999999999999982e+00,9.004317839589639494e-01,7.111905557167852443e-02,0.000000000000000000e+00,1.000000000000000000e+00,1.000000000000000000e+00
2.990000000000000213e+00,8.997897087267036076e-01,7.154713205020719891e-02,0.000000000000000000e+00,1.000000000000000000e+00,1.000000000000000000e+00
3.000000000000000000e+00,8.991442328112381199e-01,7.197732181366142679e-02,0.000000000000000000e+00,1.000000000000000000e+00,1.000000000000000000e+00
3.010000000000000231e+00,8.984953451811469316e-01,7.240962954666277374e-02,0.000000000000000000e+00,1.000000000000000000e+00,1.000000000000000000e+00
3.020000000000000018e+00,8.978430348571858621e-01,7.284405986775152608e-02,0.000000000000000000e+00,1.000000000000000000e+00,1.000000000000000000e+00
3.030000000000000249e+00,8.971872909122873274e-01,7.328061732938639938e-02,0.000000000000000000e+00,1.000000000000000000e+00,1.000000000000000000e+00
3.040000000000000036e+00,8.965281024719727876e-01,7.371930641760170155e-02,0.000000000000000000e+00,1.000000000000000000e+00,1.000000000000000000e+00
3.050000000000000266e+00,8.958654587181010820e-01,7.416013154900989723e-02,0.000000000000000000e+00,1.000000000000000000e+00,1.000000000000000000e+00
3.060000000000000053e+00,8.951993488886137440e-01,7.460309707104884058e-02,0.000000000000000000e+00,1.000000000000000000e+00,1.000000000000000000e+00
3.070000000000000284e+00,8.945297622804415649e-01,7.504820725933870895e-02,0.000000000000000000e+00,1.000000000000000000e+00,1.000000000000000000e+00
3.080000000000000071e+00,8.938566882500827981e-01,7.549546631718347112e-02,0.000000000000000000e+00,1.000000000000000000e+00,1.000000000000000000e+00
3.089999999999999858e+00,8.931801162136022709e-01,7.594487837557090115e-02,0.000000000000000000e+00,1.000000000000000000e+00,1.000000000000000000e+00
3.100000000000000089e+00,8.925000356484019681e-01,7.639644749173193916e-02,0.000000000000000000e+00,1.000000000000000000e+00,1.000000000000000000e+00
3.109999999999999876e+00,8.918164360961923220e-01,7.685017764686870312e-02,0.000000000000000000e+00,1.000000000000000000e+00,1.000000000000000000e+00
3.120000000000000107e+00,8.911293071631753993e-01,7.730607274585186983e-02,0.000000000000000000e+00,1.000000000000000000e+00,1.000000000000000000e+00
3.129999999999999893e+00,8.904386385228421075e-01,7.776413661478354111e-02,0.000000000000000000e+00,1.000000000000000000e+00,1.000000000000000000e+00
3.140000000000000124e+00,8.897444199160134959e-01,7.822437300096300727e-02,0.000000000000000000e+00,1.000000000000000000e+00,1.000000000000000000e+00
3.149999999999999911e+00,8.890466411509297950e-01,7.868678557281315322e-02,0.000000000000000000e+00,1.000000000000000000e+00,1.000000000000000000e+00
3.160000000000000142e+00,8.883452921069026065e-01,7.915137791696347236e-02,0.000000000000000000e+00,1.000000000000000000e+00,1.000000000000000000e+00
3.169999999999999929e+00,8.876403627347350112e-01,7.961815353804337081e-02,0.000000000000000000e+00,1.000000000000000000e+00,1.000000000000000000e+00
3.180000000000000160e+00,8.869318430592222358e-01,8.008711585640282404e-02,0.000000000000000000e+00,1.000000000000000000e+00,1.000000000000000000e+00
3.189999999999999947e+00,8.862197231806253628e-01,8.055826820685819956e-02,0.000000000000000000e+00,1.000000000000000000e+00,1.000000000000000000e+00
3.200000000000000178e+00,8.855039932746706643e-01,8.103161383869236789e-02,0.000000000000000000e+00,1.000000000000000000e+00,1.000000000000000000e+00
3.209999999999999964e+00,8.847846435931020492e-01,8.150715591520858727e-02,0.000000000000000000e+00,1.000000000000000000e+00,1.000000000000000000e+00
3.220000000000000195e+00,8.840616644680889813e-01,8.198489751028772976e-02,0.000000000000000000e+00,1.000000000000000000e+00,1.000000000000000000e+00
3.229999999999999982e+00,8.833350463114740814e-01,8.246484160902785299e-02,0.000000000000000000e+00,1.000000000000000000e+00,1.000000000000000000e+00
3.240000000000000213e+00,8.826047796184014471e-01,8.294699110458811364e-02,0.000000000000000000e+00,1.000000000000000000e+00,1.000000000000000000e+00
3.250000000000000000e+00,8.818708549679860065e-01,8.343134879763078326e-02,0.000000000000000000e+00,1.000000000000000000e+00,1.000000000000000000e+00
3.260000000000000231e+00,8.811332630233129626e-01,8.391791739632144254e-02,0.000000000000000000e+00,1.000000000000000000e+00,1.000000000000000000e+00
3.270000000000000018e+00,8.803919945326602603e-01,8.440669951535610671e-02,0.000000000000000000e+00,1.000000000000000000e+00,1.000000000000000000e+00
3.280000000000000249e+00,8.796470403337989241e-01,8.489769767267689449e-02,0.000000000000000000e+00,1.000000000000000000e+00,1.000000000000000000e+00
3.290000000000000036e+00,8.788983913531019931e-01,8.539091429012538037e-02,0.000000000000000000e+00,1.000000000000000000e+00,1.000000000000000000e+00
3.300000000000000266e+00,8.781460386094962489e-01,8.588635169009924131e-02,0.000000000000000000e+00,1.000000000000000000e+00,1.000000000000000000e+00
3.310000000000000053e+00,8.773899732147465436e-01,8.638401209531888780e-02,0.000000000000000000e+00,1.000000000000000000e+00,1.000000000000000000e+00
3.320000000000000284e+00,8.766301863734559108e-01,8.688389762882753331e-02,0.000000000000000000e+00,1.000000000000000000e+00,1.000000000000000000e+00
3.330000000000000071e+00,8.758666693848822238e-01,8.738601031256450213e-02,0.000000000000000000e+00,1.000000000000000000e+00,1.000000000000000000e+00
3.339999999999999858e+00,8.750994136468618345e-01,8.789035206443010506e-02,0.000000000000000000e+00,1.000000000000000000e+00,1.000000000000000000e+00
3.350000000000000089e+00,8.743284106551385548e-01,8.839692469870892577e-02,0.000000000000000000e+00,1.000000000000000000e+00,1.000000000000000000e+00
3.359999999999999876e+00,8.735536520073772238e-01,8.890572992274106690e-02,0.000000000000000000e+00,1.000000000000000000e+00,1.000000000000000000e+00
3.370000000000000107e+00,8.727751294033003759e-01,8.941676933681186323e-02,0.000000000000000000e+00,1.000000000000000000e+00,1.000000000000000000e+00
3.379999999999999893e+00,8.719928346446889078e-01,8.993004443415165972e-02,0.000000000000000000e+00,1.000000000000000000e+00,1.000000000000000000e+00
3.390000000000000124e+00,8.712067596374226675e-01,9.044555659935216152e-02,0.000000000000000000e+00,1.000000000000000000e+00,1.000000000000000000e+00
3.399999999999999911e+00,8.704168963953898830e-01,9.096330710548067300e-02,0.000000000000000000e+00,1.000000000000000000e+00,1.000000000000000000e+00
3.410000000000000142e+00,8.696232370397413147e-01,9.148329711454951385e-02,0.000000000000000000e+00,1.000000000000000000e+00,1.000000000000000000e+00
3.419999999999999929e+00,8.688257738031200939e-01,9.200552767406372512e-02,0.000000000000000000e+00,1.000000000000000000e+00,1.000000000000000000e+00
3.430000000000000160e+00,8.680244990297836249e-01,9.252999971692400794e-02,0.000000000000000000e+00,1.000000000000000000e+00,1.000000000000000000e+00
3.439999999999999947e+00,8.672194051756036970e-01,9.305671406142650148e-02,0.000000000000000000e+00,1.000000000000000000e+00,1.000000000000000000e+00
3.450000000000000178e+00,8.664104848097926581e-01,9.358567140993864775e-02,0.000000000000000000e+00,1.000000000000000000e+00,1.000000000000000000e+00
3.459999999999999964e+00,8.655977306194798659e-01,9.411687234552831849e-02,0.000000000000000000e+00,1.000000000000000000e+00,1.000000000000000000e+00
3.470000000000000195e+00,8.647811354082948210e-01,9.465031733298191752e-02,0.000000000000000000e+00,1.000000000000000000e+00,1.000000000000000000e+00
3.479999999999999982e+00,8.639606921011013796e-01,9.518600671498980703e-02,0.000000000000000000e+00,1.000000000000000000e+00,1.000000000000000000e+00
3.490000000000000213e+00,8.631363937442491086e-01,9.572394071194821608e-02,0.000000000000000000e+00,1.000000000000000000e+00,1.000000000000000000e+00
3.500000000000000000e+00,8.623082335055738401e-01,9.626411942195906013e-02,0.000000000000000000e+00,1.000000000000000000e+00,1.000000000000000000e+00
3.510000000000000231e+00,8.614762046753567937e-01,9.680654282010195399e-02,0.000000000000000000e+00,1.000000000000000000e+00,1.000000000000000000e+00
3.520000000000000018e+00,8.606403006718833515e-01,9.735121075433508797e-02,0.000000000000000000e+00,1.000000000000000000e+00,1.000000000000000000e+00
3.530000000000000249e+00,8.598005150392601381e-01,9.789812294716818131e-02,0.000000000000000000e+00,1.000000000000000000e+00,1.000000000000000000e+00
3.540000000000000036e+00,8.589568414524850759e-01,9.844727899161130613e-02,0.000000000000000000e+00,1.000000000000000000e+00,1.000000000000000000e+00
3.550000000000000266e+00,8.581092737182011154e-01,9.899867835058957788e-02,0.000000000000000000e+00,1.000000000000000000e+00,1.000000000000000000e+00
3.560000000000000053e+00,8.572578057746964575e-01,9.955232035694293324e-02,0.000000000000000000e+00,1.000000000000000000e+00,1.000000000000000000e+00
3.570000000000000284e+00,8.564024316920696434e-01,1.001082042133021599e-01,0.000000000000000000e+00,1.000000000000000000e+00,1.000000000000000000e+00
3.580000000000000071e+00,8.555431456777373711e-01,1.006663289880342788e-01,0.000000000000000000e+00,1.000000000000000000e+00,1.000000000000000000e+00
3.589999999999999858e+00,8.546799420752652088e-01,1.012266936162461717e-01,0.000000000000000000e+00,1.000000000000000000e+00,1.000000000000000000e+00
3.600000000000000089e+00,8.538128153679890309e-01,1.017892968968676370e-01,0.000000000000000000e+00,1.000000000000000000e+00,1.000000000000000000e+00
3.609999999999999876e+00,8.529417601813008565e-01,1.023541374908995272e-01,0.000000000000000000e+00,1.000000000000000000e+00,1.000000000000000000e+00
3.620000000000000107e+00,8.520667712826477391e-01,1.029212139214138455e-01,0.000000000000000000e+00,1.000000000000000000e+00,1.000000000000000000e+00
3.629999999999999893e+00,8.511878435815325439e-01,1.034905245735536494e-01,0.000000000000000000e+00,1.000000000000000000e+00,1.000000000000000000e+00
3.640000000000000124e+00,8.503049721319430043e-01,1.040620676927616617e-01,0.000000000000000000e+00,1.000000000000000000e+00,1.000000000000000000e+00
3.649999999999999911e+00,8.494181521368604493e-01,1.046358413816301097e-01,0.000000000000000000e+00,1.000000000000000000e+00,1.000000000000000000e+00
3.660000000000000142e+00,8.485273789462188798e-01,1.052118436013106673e-01,0.000000000000000000e+00,1.000000000000000000e+00,1.000000000000000000e+00
3.669999999999999929e+00,8.476326480624261084e-01,1.057900721673349503e-01,0.000000000000000000e+00,1.000000000000000000e+00,1.000000000000000000e+00
3.680000000000000160e+00,8.467339551405612674e-01,1.063705247494675238e-01,0.000000000000000000e+00,1.000000000000000000e+00,1.000000000000000000e+00
3.689999999999999947e+00,8.458312959883750315e-01,1.069531988717058457e-01,0.000000000000000000e+00,1.000000000000000000e+00,1.000000000000000000e+00
3.700000000000000178e+00,8.449246665664112976e-01,1.075380919121926987e-01,0.000000000000000000e+00,1.000000000000000000e+00,1.000000000000000000e+00
3.709999999999999964e+00,8.440140629939101302e-01,1.081252010990364498e-01,0.000000000000000000e+00,1.000000000000000000e+00,1.000000000000000000e+00
3.720000000000000195e+00,8.430994815473302761e-01,1.087145235114987951e-01,0.000000000000000000e+00,1.000000000000000000e+00,1.000000000000000000e+00
3.729999999999999982e+00,8.421809186636796118e-01,1.093060560774264528e-01,0.000000000000000000e+00,1.000000000000000000e+00,1.000000000000000000e+00
3.740000000000000213e+00,8.412583709434013901e-01,1.098997955711381730e-01,0.000000000000000000e+00,1.000000000000000000e+00,1.000000000000000000e+00
3.750000000000000000e+00,8.403318351503753503e-01,1.104957386134245850e-01,0.000000000000000000e+00,1.000000000000000000e+00,1.000000000000000000e+00
3.760000000000000231e+00,8.394013082119167191e-01,1.110938816715483363e-01,0.000000000000000000e+00,1.000000000000000000e+00,1.000000000000000000e+00
3.770000000000000018e+00,8.384667872194913052e-01,1.116942210587456991e-01,0.000000000000000000e+00,1.000000000000000000e+00,1.000000000000000000e+00
3.780000000000000249e+00,8.375282694355404844e-01,1.122967529295532257e-01,0.000000000000000000e+00,1.000000000000000000e+00,1.000000000000000000e+00
3.790000000000000036e+00,8.365857522895734366e-01,1.129014732825876638e-01,0.000000000000000000e+00,1.000000000000000000e+00,1.000000000000000000e+00
3.800000000000000266e+00,8.356392333838313924e-01,1.135083779564355771e-01,0.000000000000000000e+00,1.000000000000000000e+00,1.000000000000000000e+00
3.810000000000000053e+00,8.346887104948335079e-01,1.141174626285589994e-01,0.000000000000000000e+00,1.000000000000000000e+00,1.000000000000000000e+00
3.820000000000000284e+00,8.337341815733764205e-01,1.147287228152956418e-01,0.000000000000000000e+00,1.000000000000000000e+00,1.000000000000000000e+00
3.830000000000000071e+00,8.327756447445348043e-01,1.153421538718586714e-01,0.000000000000000000e+00,1.000000000000000000e+00,1.000000000000000000e+00
3.839999999999999858e+00,8.318130983085459951e-01,1.159577509917409238e-01,0.000000000000000000e+00,1.000000000000000000e+00,1.000000000000000000e+00
3.850000000000000089e+00,8.308465407478895504e-01,1.165755092020239331e-01,0.000000000000000000e+00,1.000000000000000000e+00,1.000000000000000000e+00
3.859999999999999876e+00,8.298759707226015525e-01,1.171954233665736950e-01,0.000000000000000000e+00,1.000000000000000000e+00,1.000000000000000000e+00
3.870000000000000107e+00,8.289013870763626279e-01,1.178174881818054576e-01,0.000000000000000000e+00,1.000000000000000000e+00,1.000000000000000000e+00
3.879999999999999893e+00,8.279227888379622202e-01,1.184416981756854226e-01,0.000000000000000000e+00,1.000000000000000000e+00,1.000000000000000000e+00
3.890000000000000124e+00,8.269401752212982570e-01,1.190680477077310229e-01,0.000000000000000000e+00,1.000000000000000000e+00,1.000000000000000000e+00
3.899999999999999911e+00,8.259535456253777053e-01,1.196965309690106311e-01,0.000000000000000000e+00,1.000000000000000000e+00,1.000000000000000000e+00
3.910000000000000142e+00,8.249628996345840237e-01,1.203271419819706561e-01,0.000000000000000000e+00,1.000000000000000000e+00,1.000000000000000000e+00
3.919999999999999929e+00,8.239682370258551991e-01,1.209598745958488375e-01,0.000000000000000000e+00,1.000000000000000000e+00,1.000000000000000000e+00
3.930000000000000160e+00,8.229695577648349358e-01,1.215947224892203610e-01,0.000000000000000000e+00,1.000000000000000000e+00,1.000000000000000000e+00
3.939999999999999947e+00,8.219668620100711864e-01,1.222316791671891750e-01,0.000000000000000000e+00,1.000000000000000000e+00,1.000000000000000000e+00
3.950000000000000178e+00,8.209601501159303760e-01,1.228707379594909527e-01,0.000000000000000000e+00,1.000000000000000000e+00,1.000000000000000000e+00
3.959999999999999964e+00,8.199494226325978463e-01,1.235118920204929249e-01,0.000000000000000000e+00,1.000000000000000000e+00,1.000000000000000000e+00
3.970000000000000195e+00,8.189346803060774116e-01,1.241551343291940196e-01,0.000000000000000000e+00,1.000000000000000000e+00,1.000000000000000000e+00
3.979999999999999982e+00,8.179159240781915807e-01,1.248004576892246947e-01,0.000000000000000000e+00,1.000000000000000000e+00,1.000000000000000000e+00
3.990000000000000213e+00,8.168931550896532112e-01,1.254478547269880784e-01,0.000000000000000000e+00,1.000000000000000000e+00,1.000000000000000000e+00
4.000000000000000000e+00,8.158663746849494913e-01,1.260973178887392909e-01,0.000000000000000000e+00,1.000000000000000000e+00,1.000000000000000000e+00
4.009999999999999787e+00,8.148355844073155163e-01,1.267488394436119270e-01,0.000000000000000000e+00,1.000000000000000000e+00,1.000000000000000000e+00
4.020000000000000462e+00,8.138007860059502940e-01,1.274024114792107754e-01,0.000000000000000000e+00,1.000000000000000000e+00,1.000000000000000000e+00
4.030000000000000249e+00,8.127619814363231665e-01,1.280580259014256761e-01,0.000000000000000000e+00,1.000000000000000000e+00,1.000000000000000000e+00
4.040000000000000036e+00,8.117191728601728107e-01,1.287156744344321591e-01,0.000000000000000000e+00,1.000000000000000000e+00,1.000000000000000000e+00
4.049999999999999822e+00,8.106723626455073495e-01,1.293753486206909442e-01,0.000000000000000000e+00,1.000000000000000000e+00,1.000000000000000000e+00
4.060000000000000497e+00,8.096215533666051289e-01,1.300370398209483025e-01,0.000000000000000000e+00,1.000000000000000000e+00,1.000000000000000000e+00
4.070000000000000284e+00,8.085667478090233784e-01,1.307007392114546140e-01,0.000000000000000000e+00,1.000000000000000000e+00,1.000000000000000000e+00
4.080000000000000071e+00,8.075079489709651170e-01,1.313664377831671171e-01,0.000000000000000000e+00,1.000000000000000000e+00,1.000000000000000000e+00
4.089999999999999858e+00,8.064451600604322090e-01,1.320341263433503221e-01,0.000000000000000000e+00,1.000000000000000000e+00,1.000000000000000000e+00
4.099999999999999645e+00,8.053783845016846410e-01,1.327037955120154988e-01,0.000000000000000000e+00,1.000000000000000000e+00,1.000000000000000000e+00
4.110000000000000320e+00,8.043076259352672785e-01,1.333754357219054387e-01,0.000000000000000000e+00,1.000000000000000000e+00,1.000000000000000000e+00
4.120000000000000107e+00,8.032328882180110874e-01,1.340490372184942325e-01,0.000000000000000000e+00,1.000000000000000000e+00,1.000000000000000000e+00
4.129999999999999893e+00,8.021541754230325783e-01,1.347245900599875756e-01,0.000000000000000000e+00,1.000000000000000000e+00,1.000000000000000000e+00
4.139999999999999680e+00,8.010714918397333628e-01,1.354020841173226020e-01,0.000000000000000000e+00,1.000000000000000000e+00,1.000000000000000000e+00
4.150000000000000355e+00,7.999848419763202489e-01,1.360815090729601828e-01,0.000000000000000000e+00,1.000000000000000000e+00,1.000000000000000000e+00
4.160000000000000142e+00,7.988942305661108634e-01,1.367628544177121319e-01,0.000000000000000000e+00,1.000000000000000000e+00,1.000000000000000000e+00
4.169999999999999929e+00,7.977996625595055180e-01,1.374461094545795237e-01,0.000000000000000000e+00,1.000000000000000000e+00,1.000000000000000000e+00
4.179999999999999716e+00,7.967011431318563597e-01,1.381312632951549046e-01,0.000000000000000000e+00,1.000000000000000000e+00,1.000000000000000000e+00
4.190000000000000391e+00,7.955986776841487140e-01,1.388183048593021052e-01,0.000000000000000000e+00,1.000000000000000000e+00,1.000000000000000000e+00
4.200000000000000178e+00,7.944922718430020847e-01,1.395072228751560450e-01,0.000000000000000000e+00,1.000000000000000000e+00,1.000000000000000000e+00
4.209999999999999964e+00,7.933819314606691542e-01,1.401980058791230110e-01,0.000000000000000000e+00,1.000000000000000000e+00,1.000000000000000000e+00
4.219999999999999751e+00,7.922676626150363388e-01,1.408906422158805738e-01,0.000000000000000000e+00,1.000000000000000000e+00,1.000000000000000000e+00
4.230000000000000426e+00,7.911494716096238999e-01,1.415851200383774766e-01,0.000000000000000000e+00,1.000000000000000000e+00,1.000000000000000000e+00
4.240000000000000213e+00,7.900273649771712980e-01,1.422814273065664548e-01,0.000000000000000000e+00,1.000000000000000000e+00,1.000000000000000000e+00
4.250000000000000000e+00,7.889013494841919938e-01,1.429795517853258702e-01,0.000000000000000000e+00,1.000000000000000000e+00,1.000000000000000000e+00
4.259999999999999787e+00,7.877714321228328487e-01,1.436794810473993877e-01,0.000000000000000000e+00,1.000000000000000000e+00,1.000000000000000000e+00
4.270000000000000462e+00,7.866376201188717276e-01,1.443812024710110220e-01,0.000000000000000000e+00,1.000000000000000000e+00,1.000000000000000000e+00
4.280000000000000249e+00,7.854999209320708831e-01,1.450847032397495628e-01,0.000000000000000000e+00,1.000000000000000000e+00,1.000000000000000000e+00
4.290000000000000036e+00,7.843583422561757335e-01,1.457899703425689364e-01,0.000000000000000000e+00,1.000000000000000000e+00,1.000000000000000000e+00
4.299999999999999822e+00,7.832128920189157517e-01,1.464969905737880662e-01,0.000000000000000000e+00,1.000000000000000000e+00,1.000000000000000000e+00
4.310000000000000497e+00,7.820635783820040210e-01,1.472057505330909011e-01,0.000000000000000000e+00,1.000000000000000000e+00,1.000000000000000000e+00
4.320000000000000284e+00,7.809104097411374568e-01,1.479162366255261374e-01,0.000000000000000000e+00,1.000000000000000000e+00,1.000000000000000000e+00
4.330000000000000071e+00,7.797533947259966958e-01,1.486284350615077188e-01,0.000000000000000000e+00,1.000000000000000000e+00,1.000000000000000000e+00
4.339999999999999858e+00,7.785925422040660404e-01,1.493423318559164437e-01,0.000000000000000000e+00,1.000000000000000000e+00,1.000000000000000000e+00
4.350000000000000533e+00,7.773699848592466877e-01,1.499999999999999944e-01,6.140833762004342944e-01,1.614083376200434294e+00,3.859166237995657056e-01
4.360000000000000320e+00,7.754906952485519644e-01,1.499999999999999944e-01,6.131481630429528318e-01,1.613148163042952721e+00,3.868518369570471682e-01
4.370000000000000107e+00,7.736170350583366773e-01,1.499999999999999944e-01,6.122112280304456977e-01,1.612211228030445698e+00,3.877887719695543023e-01
4.379999999999999893e+00,7.717489874256462379e-01,1.499999999999999944e-01,6.112725706311298302e-01,1.611272570631129941e+00,3.887274293688701698e-01
4.389999999999999680e+00,7.698865355380394293e-01,1.499999999999999944e-01,6.103321903267948656e-01,1.610332190326794866e+00,3.896678096732051344e-01
4.400000000000000355e+00,7.680296626334366383e-01,1.499999999999999944e-01,6.093900866128614258e-01,1.609390086612861426e+00,3.906099133871385742e-01
4.410000000000000142e+00,7.661783519999691983e-01,1.499999999999999944e-01,6.084462589984374059e-01,1.608446258998437406e+00,3.915537410015625941e-01
4.419999999999999929e+00,7.643325869758291757e-01,1.499999999999999944e-01,6.075007070063767056e-01,1.607500707006376706e+00,3.924992929936232944e-01
4.429999999999999716e+00,7.624923509491186024e-01,1.499999999999999944e-01,6.065534301733355171e-01,1.606553430173335517e+00,3.934465698266644829e-01
4.440000000000000391e+00,7.606576273577007052e-01,1.499999999999999944e-01,6.056044280498296128e-01,1.605604428049829613e+00,3.943955719501703872e-01
4.450000000000000178e+00,7.588283996890512473e-01,1.499999999999999944e-01,6.046537002002924099e-01,1.604653700200292299e+00,3.953462997997075901e-01
4.459999999999999964e+00,7.570046514801084259e-01,1.499999999999999944e-01,6.037012462031311477e-01,1.603701246203131259e+00,3.962987537968688523e-01
4.469999999999999751e+00,7.551863663171263230e-01,1.499999999999999944e-01,6.027470656507845082e-01,1.602747065650784508e+00,3.972529343492154918e-01
4.480000000000000426e+00,7.533735278355259135e-01,1.499999999999999944e-01,6.017911581497790152e-01,1.601791158149779015e+00,3.982088418502209848e-01
4.490000000000000213e+00,7.515661197197488486e-01,1.499999999999999944e-01,6.008335233207866555e-01,1.600833523320786655e+00,3.991664766792133445e-01
4.500000000000000000e+00,7.497641257031099071e-01,1.499999999999999944e-01,5.998741607986810553e-01,1.599874160798681055e+00,4.001258392013189447e-01
4.509999999999999787e+00,7.479675295676506686e-01,1.499999999999999944e-01,5.989130702325946576e-01,1.598913070232594658e+00,4.010869297674053424e-01
4.520000000000000462e+00,7.461763151439937403e-01,1.499999999999999944e-01,5.979502512859747876e-01,1.597950251285974677e+00,4.020497487140252124e-01
4.530000000000000249e+00,7.443904663111974296e-01,1.499999999999999944e-01,5.969857036366409409e-01,1.596985703636641052e+00,4.030142963633590591e-01
4.540000000000000036e+00,7.426099669966100825e-01,1.499999999999999944e-01,5.960194269768406272e-01,1.596019426976840627e+00,4.039805730231593728e-01
4.549999999999999822e+00,7.408348011757257545e-01,1.499999999999999944e-01,5.950514210133062143e-01,1.595051421013306214e+00,4.049485789866937857e-01
4.560000000000000497e+00,7.390649528720399930e-01,1.499999999999999944e-01,5.940816854673105496e-01,1.594081685467310550e+00,4.059183145326894504e-01
4.570000000000000284e+00,7.373004061569065071e-01,1.499999999999999944e-01,5.931102200747244702e-01,1.593110220074724470e+00,4.068897799252755298e-01
4.580000000000000071e+00,7.355411451493926167e-01,1.499999999999999944e-01,5.921370245860708703e-01,1.592137024586070870e+00,4.078629754139291297e-01
4.589999999999999858e+00,7.337871540161374773e-01,1.499999999999999944e-01,5.911620987665826554e-01,1.591162098766582655e+00,4.088379012334173446e-01
4.600000000000000533e+00,7.320384169712089717e-01,1.499999999999999944e-01,5.901854423962574758e-01,1.590185442396257365e+00,4.098145576037425242e-01
4.610000000000000320e+00,7.302949182759620461e-01,1.499999999999999944e-01,5.892070552699140151e-01,1.589207055269914015e+00,4.107929447300859849e-01
4.620000000000000107e+00,7.285566422388966012e-01,1.499999999999999944e-01,5.882269371972470573e-01,1.588226937197247057e+00,4.117730628027529427e-01
4.629999999999999893e+00,7.268235732155166051e-01,1.499999999999999944e-01,5.872450880028838860e-01,1.587245088002883886e+00,4.127549119971161140e-01
4.639999999999999680e+00,7.250956956081890947e-01,1.499999999999999944e-01,5.862615075264392406e-01,1.586261507526439241e+00,4.137384924735607594e-01
4.650000000000000355e+00,7.233729938660038439e-01,1.499999999999999944e-01,5.852761956225707163e-01,1.585276195622570716e+00,4.147238043774292837e-01
4.660000000000000142e+00,7.216554524846336971e-01,1.499999999999999944e-01,5.842891521610336092e-01,1.584289152161033609e+00,4.157108478389663908e-01
4.669999999999999929e+00,7.199430560061946816e-01,1.499999999999999944e-01,5.833003770267370935e-01,1.583300377026737094e+00,4.166996229732629065e-01
4.679999999999999716e+00,7.182357890191067851e-01,1.499999999999999944e-01,5.823098701197981786e-01,1.582309870119798179e+00,4.176901298802018214e-01
4.690000000000000391e+00,7.165336361579555113e-01,1.499999999999999944e-01,5.813176313555965535e-01,1.581317631355596554e+00,4.186823686444034465e-01
4.700000000000000178e+00,7.148365821033539902e-01,1.499999999999999944e-01,5.803236606648304319e-01,1.580323660664830321e+00,4.196763393351695681e-01
4.709999999999999964e+00,7.131446115818039777e-01,1.499999999999999944e-01,5.793279579935697310e-01,1.579327957993569731e+00,4.206720420064302690e-01
4.719999999999999751e+00,7.114577093655595208e-01,1.499999999999999944e-01,5.783305233033118053e-01,1.578330523303311805e+00,4.216694766966881947e-01
4.730000000000000426e+00,7.097758602724889565e-01,1.499999999999999944e-01,5.773313565710342932e-01,1.577331356571034293e+00,4.226686434289657068e-01
4.740000000000000213e+00,7.080990491659393538e-01,1.499999999999999944e-01,5.763304577892511826e-01,1.576330457789251183e+00,4.236695422107488174e-01
4.750000000000000000e+00,7.064272609545996229e-01,1.499999999999999944e-01,5.753278269660657696e-01,1.575327826966065770e+00,4.246721730339342304e-01
4.759999999999999787e+00,7.047604805923642912e-01,1.499999999999999944e-01,5.743234641252239481e-01,1.574323464125223948e+00,4.256765358747760519e-01
4.770000000000000462e+00,7.030986930781987221e-01,1.499999999999999944e-01,5.733173693061694998e-01,1.573317369306169500e+00,4.266826306938305002e-01
4.780000000000000249e+00,7.014418834560045557e-01,1.499999999999999944e-01,5.723095425640969403e-01,1.572309542564096940e+00,4.276904574359030597e-01
4.790000000000000036e+00,6.997900368144835959e-01,1.499999999999999944e-01,5.712999839700048099e-01,1.571299983970004810e+00,4.287000160299951901e-01
4.799999999999999822e+00,6.981431382870051383e-01,1.499999999999999944e-01,5.702886936107497418e-01,1.570288693610749853e+00,4.297113063892502582e-01
4.810000000000000497e+00,6.965011730514710786e-01,1.499999999999999944e-01,5.692756715890985308e-01,1.569275671589098531e+00,4.307243284109014692e-01
4.820000000000000284e+00,6.948641263301834625e-01,1.499999999999999944e-01,5.682609180237823132e-01,1.568260918023782313e+00,4.317390819762176868e-01
4.830000000000000071e+00,6.932319833897107042e-01,1.499999999999999944e-01,5.672444330495488574e-01,1.567244433049548746e+00,4.327555669504511426e-01
4.839999999999999858e+00,6.916047295407552475e-01,1.499999999999999944e-01,5.662262168172154109e-01,1.566226216817215411e+00,4.337737831827845891e-01
4.850000000000000533e+00,6.899823501380213386e-01,1.499999999999999944e-01,5.652062694937207699e-01,1.565206269493720770e+00,4.347937305062792301e-01
4.860000000000000320e+00,6.883648305800836864e-01,1.499999999999999944e-01,5.641845912621791248e-01,1.564184591262179236e+00,4.358154087378208752e-01
4.870000000000000107e+00,6.867521563092552350e-01,1.499999999999999944e-01,5.631611823219302426e-01,1.563161182321930243e+00,4.368388176780697574e-01
4.879999999999999893e+00,6.851443128114566017e-01,1.499999999999999944e-01,5.621360428885930904e-01,1.562136042888593090e+00,4.378639571114069096e-01
4.889999999999999680e+00,6.835412856160856254e-01,1.499999999999999944e-01,5.611091731941171279e-01,1.561109173194117128e+00,4.388908268058828721e-01
4.900000000000000355e+00,6.819430602958863608e-01,1.499999999999999944e-01,5.600805734868335994e-01,1.560080573486833710e+00,4.399194265131664006e-01
4.910000000000000142e+00,6.803496224668205139e-01,1.499999999999999944e-01,5.590502440315082699e-01,1.559050244031508381e+00,4.409497559684917301e-01
4.919999999999999929e+00,6.787609577879367695e-01,1.499999999999999944e-01,5.580181851093914958e-01,1.558018185109391496e+00,4.419818148906085042e-01
4.929999999999999716e+00,6.771770519612422268e-01,1.499999999999999944e-01,5.569843970182700721e-01,1.556984397018270183e+00,4.430156029817299279e-01
4.940000000000000391e+00,6.755978907315736137e-01,1.499999999999999944e-01,5.559488800725178592e-01,1.555948880072517859e+00,4.440511199274821408e-01
4.950000000000000178e+00,6.740234598864695004e-01,1.499999999999999944e-01,5.549116346031470748e-01,1.554911634603147075e+00,4.450883653968529252e-01
4.959999999999999964e+00,6.724537452560416240e-01,1.499999999999999944e-01,5.538726609578583648e-01,1.553872660957858365e+00,4.461273390421416352e-01
4.969999999999999751e+00,6.708887327128475464e-01,1.499999999999999944e-01,5.528319595010915410e-01,1.552831959501091541e+00,4.471680404989084590e-01
4.980000000000000426e+00,6.693284081717637557e-01,1.499999999999999944e-01,5.517895306140754297e-01,1.551789530614075430e+00,4.482104693859245703e-01
4.990000000000000213e+00,6.677727575898591006e-01,1.499999999999999944e-01,5.507453746948782758e-01,1.550745374694878276e+00,4.492546253051217242e-01
5.000000000000000000e+00,6.662217669662677810e-01,1.499999999999999944e-01,5.496994921584577032e-01,1.549699492158457703e+00,4.503005078415422968e-01
5.009999999999999787e+00,6.646754223420635599e-01,1.499999999999999944e-01,5.486518834367095643e-01,1.548651883436709564e+00,4.513481165632904357e-01
5.020000000000000462e+00,6.631337098001344188e-01,1.499999999999999944e-01,5.476025489785179001e-01,1.547602548978517900e+00,4.523974510214820999e-01
5.030000000000000249e+00,6.615966154650572140e-01,1.499999999999999944e-01,5.465514892498044563e-01,1.546551489249804456e+00,4.534485107501955437e-01
5.040000000000000036e+00,6.600641255029724430e-01,1.499999999999999944e-01,5.454987047335766448e-01,1.545498704733576645e+00,4.545012952664233552e-01
5.049999999999999822e+00,6.585362261214602331e-01,1.499999999999999944e-01,5.444441959299775036e-01,1.544444195929977504e+00,4.555558040700224964e-01
5.060000000000000497e+00,6.570129035694155517e-01,1.499999999999999944e-01,5.433879633563329925e-01,1.543387963356332993e+00,4.566120366436670075e-01
5.070000000000000284e+00,6.554941441369255273e-01,1.499999999999999944e-01,5.423300075472019532e-01,1.542330007547201953e+00,4.576699924527980468e-01
5.080000000000000071e+00,6.539799341551447709e-01,1.499999999999999944e-01,5.412703290544225165e-01,1.541270329054422517e+00,4.587296709455774835e-01
5.089999999999999858e+00,6.524702599961732519e-01,1.499999999999999944e-01,5.402089284471609520e-01,1.540208928447160952e+00,4.597910715528390480e-01
5.100000000000000533e+00,6.509651080729332850e-01,1.499999999999999944e-01,5.391458063119591859e-01,1.539145806311959186e+00,4.608541936880408141e-01
5.110000000000000320e+00,6.494644648390475172e-01,1.499999999999999944e-01,5.380809632527824293e-01,1.538080963252782318e+00,4.619190367472175707e-01
5.120000000000000107e+00,6.479683167887168027e-01,1.499999999999999944e-01,5.370143998910659189e-01,1.537014399891065919e+00,4.629856001089340811e-01
5.129999999999999893e+00,6.464766504565985228e-01,1.499999999999999944e-01,5.359461168657619901e-01,1.535946116865761990e+00,4.640538831342380099e-01
5.139999999999999680e+00,6.449894524176854604e-01,1.499999999999999944e-01,5.348761148333871507e-01,1.534876114833387151e+00,4.651238851666128493e-01
5.150000000000000355e+00,6.435067092871852301e-01,1.499999999999999944e-01,5.338043944680683772e-01,1.533804394468068377e+00,4.661956055319316228e-01
5.160000000000000142e+00,6.420284077203998185e-01,1.499999999999999944e-01,5.327309564615893001e-01,1.532730956461589411e+00,4.672690435384106999e-01
5.169999999999999929e+00,6.405545344126052365e-01,1.499999999999999944e-01,5.316558015234363888e-01,1.531655801523436278e+00,4.683441984765636112e-01
5.179999999999999716e+00,6.390850760989315038e-01,1.499999999999999944e-01,5.305789303808442492e-01,1.530578930380844138e+00,4.694210696191557508e-01
5.190000000000000391e+00,6.376200195542438554e-01,1.499999999999999944e-01,5.295003437788416978e-01,1.529500343778841698e+00,4.704996562211583022e-01
5.200000000000000178e+00,6.361593515930238363e-01,1.499999999999999944e-01,5.284200424802969476e-01,1.528420042480296948e+00,4.715799575197030524e-01
5.209999999999999964e+00,6.347030590692496199e-01,1.499999999999999944e-01,5.273380272659622392e-01,1.527338027265962239e+00,4.726619727340377608e-01
5.219999999999999751e+00,6.332511288762788793e-01,1.499999999999999944e-01,5.262542989345190270e-01,1.526254298934519138e+00,4.737457010654809730e-01
5.230000000000000426e+00,6.318035479467297710e-01,1.499999999999999944e-01,5.251688583026217216e-01,1.525168858302621722e+00,4.748311416973782784e-01
5.240000000000000213e+00,6.303603032523645844e-01,1.499999999999999944e-01,5.240817062049432096e-01,1.524081706204943210e+00,4.759182937950567904e-01
5.250000000000000000e+00,6.289213818039710580e-01,1.499999999999999944e-01,5.229928434942172633e-01,1.522992843494217263e+00,4.770071565057827367e-01
5.259999999999999787e+00,6.274867706512463617e-01,1.499999999999999944e-01,5.219022710412832833e-01,1.521902271041283283e+00,4.780977289587167167e-01
5.270000000000000462e+00,6.260564568826806342e-01,1.499999999999999944e-01,5.208099897351298191e-01,1.520809989735129708e+00,4.791900102648701809e-01
5.280000000000000249e+00,6.246304276254401877e-01,1.499999999999999944e-01,5.197160004829366464e-01,1.519716000482936646e+00,4.802839995170633536e-01
5.290000000000000036e+00,6.232086700452522665e-01,1.499999999999999944e-01,5.186203042101187322e-01,1.518620304210118732e+00,4.813796957898812678e-01
5.299999999999999822e+00,6.217911713462888068e-01,1.499999999999999944e-01,5.175229018603682007e-01,1.517522901860368201e+00,4.824770981396317993e-01
5.310000000000000497e+00,6.203779187710519727e-01,1.499999999999999944e-01,5.164237943956967447e-01,1.516423794395696856e+00,4.835762056043032553e-01
5.320000000000000284e+00,6.189688996002592480e-01,1.499999999999999944e-01,5.153229827964779242e-01,1.515322982796477813e+00,4.846770172035220758e-01
5.330000000000000071e+00,6.175641011527285285e-01,1.499999999999999944e-01,5.142204680614885781e-01,1.514220468061488578e+00,4.857795319385114219e-01
5.339999999999999858e+00,6.161635107852642124e-01,1.499999999999999944e-01,5.131162512079503468e-01,1.513116251207950347e+00,4.868837487920496532e-01
5.350000000000000533e+00,6.147671158925434032e-01,1.499999999999999944e-01,5.120103332715706390e-01,1.512010333271570639e+00,4.879896667284293610e-01
5.360000000000000320e+00,6.133749039070028886e-01,1.499999999999999944e-01,5.109027153065841542e-01,1.510902715306584154e+00,4.890972846934158458e-01
5.370000000000000107e+00,6.119868622987253426e-01,1.499999999999999944e-01,5.097933983857927398e-01,1.509793398385792740e+00,4.902066016142072602e-01
5.379999999999999893e+00,6.106029785753269712e-01,1.499999999999999944e-01,5.086823836006058031e-01,1.508682383600605803e+00,4.913176163993941969e-01
5.389999999999999680e+00,6.092232402818448245e-01,1.499999999999999944e-01,5.075696720610805013e-01,1.507569672061080501e+00,4.924303279389194987e-01
5.400000000000000355e+00,6.078476350006248863e-01,1.499999999999999944e-01,5.064552648959610437e-01,1.506455264895961044e+00,4.935447351040389563e-01
5.410000000000000142e+00,6.064761503512103857e-01,1.499999999999999944e-01,5.053391632527182153e-01,1.505339163252718215e+00,4.946608367472817847e-01
5.419999999999999929e+00,6.051087739902304419e-01,1.499999999999999944e-01,5.042213682975889011e-01,1.504221368297588901e+00,4.957786317024110989e-01
5.429999999999999716e+00,6.037454936112882642e-01,1.499999999999999944e-01,5.031018812156135001e-01,1.503101881215613389e+00,4.968981187843864999e-01
5.440000000000000391e+00,6.023862969448513516e-01,1.499999999999999944e-01,5.019807032106756717e-01,1.501980703210675561e+00,4.980192967893243283e-01
5.450000000000000178e+00,6.010311717581405810e-01,1.499999999999999944e-01,5.008578355055397502e-01,1.500857835505539750e+00,4.991421644944602498e-01
5.459999999999999964e+00,5.996801058550201846e-01,1.499999999999999944e-01,4.997332793418887142e-01,1.499733279341888714e+00,5.002667206581112858e-01
5.469999999999999751e+00,5.983330870758877262e-01,1.499999999999999944e-01,4.986070359803611574e-01,1.498607035980361157e+00,5.013929640196388426e-01
5.480000000000000426e+00,5.969901032975651889e-01,1.499999999999999944e-01,4.974791067005891465e-01,1.497479106700589035e+00,5.025208932994108535e-01
5.490000000000000213e+00,5.956511424331896176e-01,1.499999999999999944e-01,4.963494928012346374e-01,1.496349492801234637e+00,5.036505071987653626e-01
5.500000000000000000e+00,5.943161924321039846e-01,1.499999999999999944e-01,4.952181956000253349e-01,1.495218195600025446e+00,5.047818043999746651e-01
5.509999999999999787e+00,5.929852412797494976e-01,1.499999999999999944e-01,4.940852164337922181e-01,1.494085216433792329e+00,5.059147835662077819e-01
5.520000000000000462e+00,5.916582769975564648e-01,1.499999999999999944e-01,4.929505566585034027e-01,1.492950556658503292e+00,5.070494433414965973e-01
5.530000000000000249e+00,5.903352876428378249e-01,1.499999999999999944e-01,4.918142176493017770e-01,1.491814217649301888e+00,5.081857823506982230e-01
5.540000000000000036e+00,5.890162613086801224e-01,1.499999999999999944e-01,4.906762008005380871e-01,1.490676200800538087e+00,5.093237991994619129e-01
5.549999999999999822e+00,5.877011861238377044e-01,1.499999999999999944e-01,4.895365075258069076e-01,1.489536507525806908e+00,5.104634924741930924e-01
5.560000000000000497e+00,5.863900502526245839e-01,1.499999999999999944e-01,4.883951392579801709e-01,1.488395139257980171e+00,5.116048607420198291e-01
5.570000000000000284e+00,5.850828418948096354e-01,1.499999999999999944e-01,4.872520974492426937e-01,1.487252097449242694e+00,5.127479025507573063e-01
5.580000000000000071e+00,5.837795492855084589e-01,1.499999999999999944e-01,4.861073835711238189e-01,1.486107383571123819e+00,5.138926164288761811e-01
5.589999999999999858e+00,5.824801606950789079e-01,1.499999999999999944e-01,4.849609991145324983e-01,1.484960999114532498e+00,5.150390008854675017e-01
5.600000000000000533e+00,5.811846644290148411e-01,1.499999999999999944e-01,4.838129455897891562e-01,1.483812945589789045e+00,5.161870544102108438e-01
5.610000000000000320e+00,5.798930488278410955e-01,1.499999999999999944e-01,4.826632245266589960e-01,1.482663224526659107e+00,5.173367754733410040e-01
5.620000000000000107e+00,5.786053022670085699e-01,1.499999999999999944e-01,4.815118374743838636e-01,1.481511837474383864e+00,5.184881625256161364e-01
5.629999999999999893e+00,5.773214131567896423e-01,1.499999999999999944e-01,4.803587860017144440e-01,1.480358786001714444e+00,5.196412139982855560e-01
5.639999999999999680e+00,5.760413699421733646e-01,1.499999999999999944e-01,4.792040716969410141e-01,1.479204071696941014e+00,5.207959283030589859e-01
5.650000000000000355e+00,5.747651611027624341e-01,1.499999999999999944e-01,4.780476961679260839e-01,1.478047696167926084e+00,5.219523038320739161e-01
5.660000000000000142e+00,5.734927751526686102e-01,1.499999999999999944e-01,4.768896610421334836e-01,1.476889661042133373e+00,5.231103389578665164e-01
5.669999999999999929e+00,5.722242006404097969e-01,1.499999999999999944e-01,4.757299679666600056e-01,1.475729967966660006e+00,5.242700320333399944e-01
5.679999999999999716e+00,5.709594261488067923e-01,1.499999999999999944e-01,4.745686186082647140e-01,1.474568618608264714e+00,5.254313813917352860e-01
5.690000000000000391e+00,5.696984402948803705e-01,1.499999999999999944e-01,4.734056146533986986e-01,1.473405614653398699e+00,5.265943853466013014e-01
5.700000000000000178e+00,5.684412317297498074e-01,1.499999999999999944e-01,4.722409578082348292e-01,1.472240957808234718e+00,5.277590421917651708e-01
5.709999999999999964e+00,5.671877891385291859e-01,1.499999999999999944e-01,4.710746497986958436e-01,1.471074649798695955e+00,5.289253502013041564e-01
5.719999999999999751e+00,5.659381012402268096e-01,1.499999999999999944e-01,4.699066923704835474e-01,1.469906692370483547e+00,5.300933076295164526e-01
5.730000000000000426e+00,5.646921567876430625e-01,1.499999999999999944e-01,4.687370872891061246e-01,1.468737087289106125e+00,5.312629127108938754e-01
5.740000000000000213e+00,5.634499445672698226e-01,1.499999999999999944e-01,4.675658363399071149e-01,1.467565836339907115e+00,5.324341636600928851e-01
5.750000000000000000e+00,5.622114533991884322e-01,1.499999999999999944e-01,4.663929413280909486e-01,1.466392941328090949e+00,5.336070586719090514e-01
5.759999999999999787e+00,5.609766721369700004e-01,1.499999999999999944e-01,4.652184040787511465e-01,1.465218404078751036e+00,5.347815959212488535e-01
5.770000000000000462e+00,5.597455896675748166e-01,1.499999999999999944e-01,4.640422264368964100e-01,1.464042226436896410e+00,5.359577735631035900e-01
5.780000000000000249e+00,5.585181949112525412e-01,1.499999999999999944e-01,4.628644102674768224e-01,1.462864410267476822e+00,5.371355897325231776e-01
5.790000000000000036e+00,5.572944768214419531e-01,1.499999999999999944e-01,4.616849574554091618e-01,1.461684957455409162e+00,5.383150425445908382e-01
5.799999999999999822e+00,5.560744243846720281e-01,1.499999999999999944e-01,4.605038699056028806e-01,1.460503869905602770e+00,5.394961300943971194e-01
5.810000000000000497e+00,5.548580266204623523e-01,1.499999999999999944e-01,4.593211495429839752e-01,1.459321149542983864e+00,5.406788504570160248e-01
5.820000000000000284e+00,5.536452725812252007e-01,1.499999999999999944e-01,4.581367983125205212e-01,1.458136798312520632e+00,5.418632016874794788e-01
5.830000000000000071e+00,5.524361513521659495e-01,1.499999999999999944e-01,4.569508181792458767e-01,1.456950818179245877e+00,5.430491818207541233e-01
5.839999999999999858e+00,5.512306520511852659e-01,1.499999999999999944e-01,4.557632111282826637e-01,1.455763211128282553e+00,5.442367888717173363e-01
5.850000000000000533e+00,5.500287638287812975e-01,1.499999999999999944e-01,4.545739791648657491e-01,1.454573979164865749e+00,5.454260208351342509e-01
5.860000000000000320e+00,5.488304758679520834e-01,1.499999999999999944e-01,4.533831243143654488e-01,1.453383124314365560e+00,5.466168756856345512e-01
5.870000000000000107e+00,5.476133952008389594e-01,1.499776117165091405e-01,1.000000000000000000e+00,2.000000000000000000e+00,0.000000000000000000e+00
5.879999999999999893e+00,5.459757153449471545e-01,1.495283531062189530e-01,1.000000000000000000e+00,2.000000000000000000e+00,0.000000000000000000e+00
5.889999999999999680e+00,5.443478168039703746e-01,1.490804402521160588e-01,1.000000000000000000e+00,2.000000000000000000e+00,0.000000000000000000e+00
5.900000000000000355e+00,5.427296266612389175e-01,1.486338691229816822e-01,1.000000000000000000e+00,2.000000000000000000e+00,0.000000000000000000e+00
5.910000000000000142e+00,5.411210726515290892e-01,1.481886356996727216e-01,1.000000000000000000e+00,2.000000000000000000e+00,0.000000000000000000e+00
5.919999999999999929e+00,5.395220831543456885e-01,1.477447359750853340e-01,1.000000000000000000e+00,2.000000000000000000e+00,0.000000000000000000e+00
5.929999999999999716e+00,5.379325871872815412e-01,1.473021659541190187e-01,1.000000000000000000e+00,2.000000000000000000e+00,0.000000000000000000e+00
5.940000000000000391e+00,5.363525143994555267e-01,1.468609216536405360e-01,1.000000000000000000e+00,2.000000000000000000e+00,0.000000000000000000e+00
5.950000000000000178e+00,5.347817950650255447e-01,1.464209991024482682e-01,1.000000000000000000e+00,2.000000000000000000e+00,0.000000000000000000e+00
5.959999999999999964e+00,5.332203600767766449e-01,1.459823943412362768e-01,1.000000000000000000e+00,2.000000000000000000e+00,0.000000000000000000e+00
5.969999999999999751e+00,5.316681409397827629e-01,1.455451034225587192e-01,1.000000000000000000e+00,2.000000000000000000e+00,0.000000000000000000e+00
5.980000000000000426e+00,5.301250697651427313e-01,1.451091224107943778e-01,1.000000000000000000e+00,2.000000000000000000e+00,0.000000000000000000e+00
5.990000000000000213e+00,5.285910792637871225e-01,1.446744473821112431e-01,1.000000000000000000e+00,2.000000000000000000e+00,0.000000000000000000e+00
6.000000000000000000e+00,5.270661027403565901e-01,1.442410744244311260e-01,1.000000000000000000e+00,2.000000000000000000e+00,0.000000000000000000e+00
6.009999999999999787e+00,5.255500740871512644e-01,1.438089996373944357e-01,1.000000000000000000e+00,2.000000000000000000e+00,0.000000000000000000e+00
6.020000000000000462e+00,5.240429277781484263e-01,1.433782191323251520e-01,1.000000000000000000e+00,2.000000000000000000e+00,0.000000000000000000e+00
6.030000000000000249e+00,5.225445988630902372e-01,1.429487290321959092e-01,1.000000000000000000e+00,2.000000000000000000e+00,0.000000000000000000e+00
6.040000000000000036e+00,5.210550229616369711e-01,1.425205254715928294e-01,1.000000000000000000e+00,2.000000000000000000e+00,0.000000000000000000e+00
6.049999999999999822e+00,5.195741362575894140e-01,1.420936045966810501e-01,1.000000000000000000e+00,2.000000000000000000e+00,0.000000000000000000e+00
6.060000000000000497e+00,5.181018754931753234e-01,1.416679625651697250e-01,1.000000000000000000e+00,2.000000000000000000e+00,0.000000000000000000e+00
6.070000000000000284e+00,5.166381779634022786e-01,1.412435955462778003e-01,1.000000000000000000e+00,2.000000000000000000e+00,0.000000000000000000e+00
6.080000000000000071e+00,5.151829815104741472e-01,1.408204997206991549e-01,1.000000000000000000e+00,2.000000000000000000e+00,0.000000000000000000e+00
6.089999999999999858e+00,5.137362245182712783e-01,1.403986712805685433e-01,1.000000000000000000e+00,2.000000000000000000e+00,0.000000000000000000e+00
6.100000000000000533e+00,5.122978459068932011e-01,1.399781064294270960e-01,1.000000000000000000e+00,2.000000000000000000e+00,0.000000000000000000e+00
6.110000000000000320e+00,5.108677851272642734e-01,1.395588013821884299e-01,1.000000000000000000e+00,2.000000000000000000e+00,0.000000000000000000e+00
6.120000000000000107e+00,5.094459821557981716e-01,1.391407523651042033e-01,1.000000000000000000e+00,2.000000000000000000e+00,0.000000000000000000e+00
6.129999999999999893e+00,5.080323774891255528e-01,1.387239556157304765e-01,1.000000000000000000e+00,2.000000000000000000e+00,0.000000000000000000e+00
6.140000000000000568e+00,5.066269121388791152e-01,1.383084073828936555e-01,1.000000000000000000e+00,2.000000000000000000e+00,0.000000000000000000e+00
6.150000000000000355e+00,5.052295276265387214e-01,1.378941039266568802e-01,1.000000000000000000e+00,2.000000000000000000e+00,0.000000000000000000e+00
6.160000000000000142e+00,5.038401659783342534e-01,1.374810415182862455e-01,1.000000000000000000e+00,2.000000000000000000e+00,0.000000000000000000e+00
6.169999999999999929e+00,5.024587697202057557e-01,1.370692164402172453e-01,1.000000000000000000e+00,2.000000000000000000e+00,0.000000000000000000e+00
6.179999999999999716e+00,5.010852818728208646e-01,1.366586249860214375e-01,1.000000000000000000e+00,2.000000000000000000e+00,0.000000000000000000e+00
6.190000000000000391e+00,4.997196459466470841e-01,1.362492634603729158e-01,1.000000000000000000e+00,2.000000000000000000e+00,0.000000000000000000e+00
6.200000000000000178e+00,4.983618059370811260e-01,1.358411281790152525e-01,1.000000000000000000e+00,2.000000000000000000e+00,0.000000000000000000e+00
6.209999999999999964e+00,4.970117063196307083e-01,1.354342154687281641e-01,1.000000000000000000e+00,2.000000000000000000e+00,0.000000000000000000e+00
6.219999999999999751e+00,4.956692920451515882e-01,1.350285216672944266e-01,1.000000000000000000e+00,2.000000000000000000e+00,0.000000000000000000e+00
6.230000000000000426e+00,4.943345085351383283e-01,1.346240431234671242e-01,1.000000000000000000e+00,2.000000000000000000e+00,0.000000000000000000e+00
6.240000000000000213e+00,4.930073016770665228e-01,1.342207761969366753e-01,1.000000000000000000e+00,2.000000000000000000e+00,0.000000000000000000e+00
6.250000000000000000e+00,4.916876178197868152e-01,1.338187172582979978e-01,1.000000000000000000e+00,2.000000000000000000e+00,0.000000000000000000e+00
6.259999999999999787e+00,4.903754037689715406e-01,1.334178626890178965e-01,1.000000000000000000e+00,2.000000000000000000e+00,0.000000000000000000e+00
6.270000000000000462e+00,4.890706067826113834e-01,1.330182088814025609e-01,1.000000000000000000e+00,2.000000000000000000e+00,0.000000000000000000e+00
6.280000000000000249e+00,4.877731745665614960e-01,1.326197522385650640e-01,1.000000000000000000e+00,2.000000000000000000e+00,0.000000000000000000e+00
6.290000000000000036e+00,4.864830552701376876e-01,1.322224891743928876e-01,1.000000000000000000e+00,2.000000000000000000e+00,0.000000000000000000e+00
6.299999999999999822e+00,4.852001974817614083e-01,1.318264161135157542e-01,1.000000000000000000e+00,2.000000000000000000e+00,0.000000000000000000e+00
6.310000000000000497e+00,4.839245502246530273e-01,1.314315294912734855e-01,1.000000000000000000e+00,2.000000000000000000e+00,0.000000000000000000e+00
6.320000000000000284e+00,4.826560629525722956e-01,1.310378257536838065e-01,1.000000000000000000e+00,2.000000000000000000e+00,0.000000000000000000e+00
6.330000000000000071e+00,4.813946855456062712e-01,1.306453013574104260e-01,1.000000000000000000e+00,2.000000000000000000e+00,0.000000000000000000e+00
6.339999999999999858e+00,4.801403683060035954e-01,1.302539527697311461e-01,1.000000000000000000e+00,2.000000000000000000e+00,0.000000000000000000e+00
6.350000000000000533e+00,4.788930619540541223e-01,1.298637764685059148e-01,1.000000000000000000e+00,2.000000000000000000e+00,0.000000000000000000e+00
6.360000000000000320e+00,4.776527176240158434e-01,1.294747689421455461e-01,1.000000000000000000e+00,2.000000000000000000e+00,0.000000000000000000e+00
6.370000000000000107e+00,4.764192868600838904e-01,1.290869266895796341e-01,1.000000000000000000e+00,2.000000000000000000e+00,0.000000000000000000e+00
6.379999999999999893e+00,4.751927216124050557e-01,1.287002462202252451e-01,1.000000000000000000e+00,2.000000000000000000e+00,0.000000000000000000e+00
6.390000000000000568e+00,4.739729742331370566e-01,1.283147240539555256e-01,1.000000000000000000e+00,2.000000000000000000e+00,0.000000000000000000e+00
6.400000000000000355e+00,4.727599974725494869e-01,1.279303567210684500e-01,1.000000000000000000e+00,2.000000000000000000e+00,0.000000000000000000e+00
6.410000000000000142e+00,4.715537444751675134e-01,1.275471407622554010e-01,1.000000000000000000e+00,2.000000000000000000e+00,0.000000000000000000e+00
6.419999999999999929e+00,4.703541687759587031e-01,1.271650727285701388e-01,1.000000000000000000e+00,2.000000000000000000e+00,0.000000000000000000e+00
6.429999999999999716e+00,4.691612242965607638e-01,1.267841491813978261e-01,1.000000000000000000e+00,2.000000000000000000e+00,0.000000000000000000e+00
6.440000000000000391e+00,4.679748653415500281e-01,1.264043666924238862e-01,1.000000000000000000e+00,2.000000000000000000e+00,0.000000000000000000e+00
6.450000000000000178e+00,4.667950465947520167e-01,1.260257218436034443e-01,1.000000000000000000e+00,2.000000000000000000e+00,0.000000000000000000e+00
6.459999999999999964e+00,4.656217231155904690e-01,1.256482112271302687e-01,1.000000000000000000e+00,2.000000000000000000e+00,0.000000000000000000e+00
6.469999999999999751e+00,4.644548503354767321e-01,1.252718314454062676e-01,1.000000000000000000e+00,2.000000000000000000e+00,0.000000000000000000e+00
6.480000000000000426e+00,4.632943840542388392e-01,1.248965791110108331e-01,1.000000000000000000e+00,2.000000000000000000e+00,0.000000000000000000e+00
6.490000000000000213e+00,4.621402804365885020e-01,1.245224508466704766e-01,1.000000000000000000e+00,2.000000000000000000e+00,0.000000000000000000e+00
6.500000000000000000e+00,4.609924960086264623e-01,1.241494432852282559e-01,1.000000000000000000e+00,2.000000000000000000e+00,0.000000000000000000e+00
6.509999999999999787e+00,4.598509876543863117e-01,1.237775530696136189e-01,1.000000000000000000e+00,2.000000000000000000e+00,0.000000000000000000e+00
6.520000000000000462e+00,4.587157126124145057e-01,1.234067768528120806e-01,1.000000000000000000e+00,2.000000000000000000e+00,0.000000000000000000e+00
6.530000000000000249e+00,4.575866284723884569e-01,1.230371112978352471e-01,1.000000000000000000e+00,2.000000000000000000e+00,0.000000000000000000e+00
6.540000000000000036e+00,4.564636931717701018e-01,1.226685530776905897e-01,1.000000000000000000e+00,2.000000000000000000e+00,0.000000000000000000e+00
6.549999999999999822e+00,4.553468649924960476e-01,1.223010988753516493e-01,1.000000000000000000e+00,2.000000000000000000e+00,0.000000000000000000e+00
6.560000000000000497e+00,4.542361025577027478e-01,1.219347453837280743e-01,1.000000000000000000e+00,2.000000000000000000e+00,0.000000000000000000e+00
6.570000000000000284e+00,4.531313648284882034e-01,1.215694893056360609e-01,1.000000000000000000e+00,2.000000000000000000e+00,0.000000000000000000e+00
6.580000000000000071e+00,4.520326111007060277e-01,1.212053273537683773e-01,1.000000000000000000e+00,2.000000000000000000e+00,0.000000000000000000e+00
6.589999999999999858e+00,4.513011083468759788e-01,1.212045780747189050e-01,0.000000000000000000e+00,1.000000000000000000e+00,1.000000000000000000e+00
6.600000000000000533e+00,4.507540290866938193e-01,1.213877687179801268e-01,0.000000000000000000e+00,1.000000000000000000e+00,1.000000000000000000e+00
6.610000000000000320e+00,4.502067891462233074e-01,1.215705710513734217e-01,0.000000000000000000e+00,1.000000000000000000e+00,1.000000000000000000e+00
6.620000000000000107e+00,4.496593924744798354e-01,1.217529822949801055e-01,0.000000000000000000e+00,1.000000000000000000e+00,1.000000000000000000e+00
6.629999999999999893e+00,4.491118430226174740e-01,1.219349996750737630e-01,0.000000000000000000e+00,1.000000000000000000e+00,1.000000000000000000e+00
6.640000000000000568e+00,4.485641447427179962e-01,1.221166204251240561e-01,0.000000000000000000e+00,1.000000000000000000e+00,1.000000000000000000e+00
6.650000000000000355e+00,4.480163015895758938e-01,1.222978417843211124e-01,0.000000000000000000e+00,1.000000000000000000e+00,1.000000000000000000e+00
6.660000000000000142e+00,4.474683175216179754e-01,1.224786609968184364e-01,0.000000000000000000e+00,1.000000000000000000e+00,1.000000000000000000e+00
6.669999999999999929e+00,4.469201964982444375e-01,1.226590753139373824e-01,0.000000000000000000e+00,1.000000000000000000e+00,1.000000000000000000e+00
6.679999999999999716e+00,4.463719424798152646e-01,1.228390819941783951e-01,0.000000000000000000e+00,1.000000000000000000e+00,1.000000000000000000e+00
6.690000000000000391e+00,4.458235594276503400e-01,1.230186783032210240e-01,0.000000000000000000e+00,1.000000000000000000e+00,1.000000000000000000e+00
6.700000000000000178e+00,4.452750513040292790e-01,1.231978615139238953e-01,0.000000000000000000e+00,1.000000000000000000e+00,1.000000000000000000e+00
6.709999999999999964e+00,4.447264220721915406e-01,1.233766289063247257e-01,0.000000000000000000e+00,1.000000000000000000e+00,1.000000000000000000e+00
6.719999999999999751e+00,4.441776756963363160e-01,1.235549777676403505e-01,0.000000000000000000e+00,1.000000000000000000e+00,1.000000000000000000e+00
6.730000000000000426e+00,4.436288161416226949e-01,1.237329053922666816e-01,0.000000000000000000e+00,1.000000000000000000e+00,1.000000000000000000e+00
6.740000000000000213e+00,4.430798473741696109e-01,1.239104090817787218e-01,0.000000000000000000e+00,1.000000000000000000e+00,1.000000000000000000e+00
6.750000000000000000e+00,4.425307733610556737e-01,1.240874861449305644e-01,0.000000000000000000e+00,1.000000000000000000e+00,1.000000000000000000e+00
6.759999999999999787e+00,4.419815980703193925e-01,1.242641338976553933e-01,0.000000000000000000e+00,1.000000000000000000e+00,1.000000000000000000e+00
6.770000000000000462e+00,4.414323254709590638e-01,1.244403496630655248e-01,0.000000000000000000e+00,1.000000000000000000e+00,1.000000000000000000e+00
6.780000000000000249e+00,4.408829595322086847e-01,1.246161307720374117e-01,0.000000000000000000e+00,1.000000000000000000e+00,1.000000000000000000e+00
6.790000000000000036e+00,4.403335042201432237e-01,1.247914745659816221e-01,0.000000000000000000e+00,1.000000000000000000e+00,1.000000000000000000e+00
6.799999999999999822e+00,4.397839635043803708e-01,1.249663783914430892e-01,0.000000000000000000e+00,1.000000000000000000e+00,1.000000000000000000e+00
6.810000000000000497e+00,4.392343413545540809e-01,1.251408396029115300e-01,0.000000000000000000e+00,1.000000000000000000e+00,1.000000000000000000e+00
6.820000000000000284e+00,4.386846417394725250e-01,1.253148555634988337e-01,0.000000000000000000e+00,1.000000000000000000e+00,1.000000000000000000e+00
6.830000000000000071e+00,4.381348686271177018e-01,1.254884236449391177e-01,0.000000000000000000e+00,1.000000000000000000e+00,1.000000000000000000e+00
6.839999999999999858e+00,4.375850259846457146e-01,1.256615412275886301e-01,0.000000000000000000e+00,1.000000000000000000e+00,1.000000000000000000e+00
6.850000000000000533e+00,4.370351177783866614e-01,1.258342057004259440e-01,0.000000000000000000e+00,1.000000000000000000e+00,1.000000000000000000e+00
6.860000000000000320e+00,4.364851479738446338e-01,1.260064144610517078e-01,0.000000000000000000e+00,1.000000000000000000e+00,1.000000000000000000e+00
6.870000000000000107e+00,4.359351205356978287e-01,1.261781649156888119e-01,0.000000000000000000e+00,1.000000000000000000e+00,1.000000000000000000e+00
6.879999999999999893e+00,4.353850394277983815e-01,1.263494544791823604e-01,0.000000000000000000e+00,1.000000000000000000e+00,1.000000000000000000e+00
6.890000000000000568e+00,4.348349086131723662e-01,1.265202805749996717e-01,0.000000000000000000e+00,1.000000000000000000e+00,1.000000000000000000e+00
6.900000000000000355e+00,4.342847320540200728e-01,1.266906406352302228e-01,0.000000000000000000e+00,1.000000000000000000e+00,1.000000000000000000e+00
6.910000000000000142e+00,4.337345137117156191e-01,1.268605321005856768e-01,0.000000000000000000e+00,1.000000000000000000e+00,1.000000000000000000e+00
6.919999999999999929e+00,4.331842575468071721e-01,1.270299524204000496e-01,0.000000000000000000e+00,1.000000000000000000e+00,1.000000000000000000e+00
6.929999999999999716e+00,4.326339675158827891e-01,1.271988990550501908e-01,0.000000000000000000e+00,1.000000000000000000e+00,1.000000000000000000e+00
6.940000000000000391e+00,4.320836475740962301e-01,1.273673694740525553e-01,0.000000000000000000e+00,1.000000000000000000e+00,1.000000000000000000e+00
6.950000000000000178e+00,4.315333016771493169e-01,1.275353611545052557e-01,0.000000000000000000e+00,1.000000000000000000e+00,1.000000000000000000e+00
6.959999999999999964e+00,4.309829337781594383e-01,1.277028715834831185e-01,0.000000000000000000e+00,1.000000000000000000e+00,1.000000000000000000e+00
6.969999999999999751e+00,4.304325478276597172e-01,1.278698982580376287e-01,0.000000000000000000e+00,1.000000000000000000e+00,1.000000000000000000e+00
6.980000000000000426e+00,4.298821477735990104e-01,1.280364386851969849e-01,0.000000000000000000e+00,1.000000000000000000e+00,1.000000000000000000e+00
6.990000000000000213e+00,4.293317375613419085e-01,1.282024903819660722e-01,0.000000000000000000e+00,1.000000000000000000e+00,1.000000000000000000e+00
7.000000000000000000e+00,4.287813211336687913e-01,1.283680508753264893e-01,0.000000000000000000e+00,1.000000000000000000e+00,1.000000000000000000e+00
7.009999999999999787e+00,4.282309024307756062e-01,1.285331177022364657e-01,0.000000000000000000e+00,1.000000000000000000e+00,1.000000000000000000e+00
7.020000000000000462e+00,4.276804853902740344e-01,1.286976884096310558e-01,0.000000000000000000e+00,1.000000000000000000e+00,1.000000000000000000e+00
7.030000000000000249e+00,4.271300739471917685e-01,1.288617605544218059e-01,0.000000000000000000e+00,1.000000000000000000e+00,1.000000000000000000e+00
7.040000000000000036e+00,4.265796720339718462e-01,1.290253317034971703e-01,0.000000000000000000e+00,1.000000000000000000e+00,1.000000000000000000e+00
7.049999999999999822e+00,4.260292835804732059e-01,1.291883994337221231e-01,0.000000000000000000e+00,1.000000000000000000e+00,1.000000000000000000e+00
7.060000000000000497e+00,4.254789125139704642e-01,1.293509613319384632e-01,0.000000000000000000e+00,1.000000000000000000e+00,1.000000000000000000e+00
7.070000000000000284e+00,4.249285627582662928e-01,1.295130149956129073e-01,0.000000000000000000e+00,1.000000000000000000e+00,1.000000000000000000e+00
7.080000000000000071e+00,4.243782382308013967e-01,1.296745580349772942e-01,0.000000000000000000e+00,1.000000000000000000e+00,1.000000000000000000e+00
7.089999999999999858e+00,4.238279428489403200e-01,1.298355880684506081e-01,0.000000000000000000e+00,1.000000000000000000e+00,1.000000000000000000e+00
7.100000000000000533e+00,4.232776805263671061e-01,1.299961027252310997e-01,0.000000000000000000e+00,1.000000000000000000e+00,1.000000000000000000e+00
7.110000000000000320e+00,4.227274551724808371e-01,1.301560996457352959e-01,0.000000000000000000e+00,1.000000000000000000e+00,1.000000000000000000e+00
7.120000000000000107e+00,4.221772706923955232e-01,1.303155764815982220e-01,0.000000000000000000e+00,1.000000000000000000e+00,1.000000000000000000e+00
7.129999999999999893e+00,4.216271309869399353e-01,1.304745308956731520e-01,0.000000000000000000e+00,1.000000000000000000e+00,1.000000000000000000e+00
7.140000000000000568e+00,4.210770399526579388e-01,1.306329605620318024e-01,0.000000000000000000e+00,1.000000000000000000e+00,1.000000000000000000e+00
7.150000000000000355e+00,4.205270014818083268e-01,1.307908631659641940e-01,0.000000000000000000e+00,1.000000000000000000e+00,1.000000000000000000e+00
7.160000000000000142e+00,4.199770194623647646e-01,1.309482364039786795e-01,0.000000000000000000e+00,1.000000000000000000e+00,1.000000000000000000e+00
7.169999999999999929e+00,4.194270977780159004e-01,1.311050779838020264e-01,0.000000000000000000e+00,1.000000000000000000e+00,1.000000000000000000e+00
7.179999999999999716e+00,4.188772403081652551e-01,1.312613856243793342e-01,0.000000000000000000e+00,1.000000000000000000e+00,1.000000000000000000e+00
7.190000000000000391e+00,4.183274509279312214e-01,1.314171570558740898e-01,0.000000000000000000e+00,1.000000000000000000e+00,1.000000000000000000e+00
7.200000000000000178e+00,4.177777335081473975e-01,1.315723900196680840e-01,0.000000000000000000e+00,1.000000000000000000e+00,1.000000000000000000e+00
7.209999999999999964e+00,4.172280919153065759e-01,1.317270822683994369e-01,0.000000000000000000e+00,1.000000000000000000e+00,1.000000000000000000e+00
7.219999999999999751e+00,4.166785300081563559e-01,1.318812315683098868e-01,0.000000000000000000e+00,1.000000000000000000e+00,1.000000000000000000e+00
7.230000000000000426e+00,4.161290516417204266e-01,1.320348356965277414e-01,0.000000000000000000e+00,1.000000000000000000e+00,1.000000000000000000e+00
7.240000000000000213e+00,4.155796606672189086e-01,1.321878924410821998e-01,0.000000000000000000e+00,1.000000000000000000e+00,1.000000000000000000e+00
7.250000000000000000e+00,4.150303609299688112e-01,1.323403996023308493e-01,0.000000000000000000e+00,1.000000000000000000e+00,1.000000000000000000e+00
7.259999999999999787e+00,4.144811562693843654e-01,1.324923549929596933e-01,0.000000000000000000e+00,1.000000000000000000e+00,1.000000000000000000e+00
7.270000000000000462e+00,4.139320505189765242e-01,1.326437564379831235e-01,0.000000000000000000e+00,1.000000000000000000e+00,1.000000000000000000e+00
7.280000000000000249e+00,4.133830475063536292e-01,1.327946017747438090e-01,0.000000000000000000e+00,1.000000000000000000e+00,1.000000000000000000e+00
7.290000000000000036e+00,4.128341510532208547e-01,1.329448888529129180e-01,0.000000000000000000e+00,1.000000000000000000e+00,1.000000000000000000e+00
7.299999999999999822e+00,4.122853649753803196e-01,1.330946155344899240e-01,0.000000000000000000e+00,1.000000000000000000e+00,1.000000000000000000e+00
7.310000000000000497e+00,4.117366930827313087e-01,1.332437796938027164e-01,0.000000000000000000e+00,1.000000000000000000e+00,1.000000000000000000e+00
7.320000000000000284e+00,4.111881391792701623e-01,1.333923792175075174e-01,0.000000000000000000e+00,1.000000000000000000e+00,1.000000000000000000e+00
7.330000000000000071e+00,4.106397070630901092e-01,1.335404120045889931e-01,0.000000000000000000e+00,1.000000000000000000e+00,1.000000000000000000e+00
7.339999999999999858e+00,4.100914005263815443e-01,1.336878759663601701e-01,0.000000000000000000e+00,1.000000000000000000e+00,1.000000000000000000e+00
7.350000000000000533e+00,4.095432233554316959e-01,1.338347690264624079e-01,0.000000000000000000e+00,1.000000000000000000e+00,1.000000000000000000e+00
7.360000000000000320e+00,4.089951793289349768e-01,1.339810891219449240e-01,0.000000000000000000e+00,1.000000000000000000e+00,1.000000000000000000e+00
7.370000000000000107e+00,4.084472722175222503e-01,1.341268342036084915e-01,0.000000000000000000e+00,1.000000000000000000e+00,1.000000000000000000e+00
7.379999999999999893e+00,4.078995057878337382e-01,1.342720022333951657e-01,0.000000000000000000e+00,1.000000000000000000e+00,1.000000000000000000e+00
7.390000000000000568e+00,4.073518837991870201e-01,1.344165911864800556e-01,0.000000000000000000e+00,1.000000000000000000e+00,1.000000000000000000e+00
7.400000000000000355e+00,4.068044100034830524e-01,1.345605990513308592e-01,0.000000000000000000e+00,1.000000000000000000e+00,1.000000000000000000e+00
7.410000000000000142e+00,4.062570881452057803e-01,1.347040238297079751e-01,0.000000000000000000e+00,1.000000000000000000e+00,1.000000000000000000e+00
7.419999999999999929e+00,4.057099219614227481e-01,1.348468635366643908e-01,0.000000000000000000e+00,1.000000000000000000e+00,1.000000000000000000e+00
7.429999999999999716e+00,4.051629151817844332e-01,1.349891162005457945e-01,0.000000000000000000e+00,1.000000000000000000e+00,1.000000000000000000e+00
7.440000000000000391e+00,4.046160715285247456e-01,1.351307798629904910e-01,0.000000000000000000e+00,1.000000000000000000e+00,1.000000000000000000e+00
7.450000000000000178e+00,4.040693947164609723e-01,1.352718525789293746e-01,0.000000000000000000e+00,1.000000000000000000e+00,1.000000000000000000e+00
7.459999999999999964e+00,4.035228884529933890e-01,1.354123324165860953e-01,0.000000000000000000e+00,1.000000000000000000e+00,1.000000000000000000e+00
7.469999999999999751e+00,4.029765564381057041e-01,1.355522174574768368e-01,0.000000000000000000e+00,1.000000000000000000e+00,1.000000000000000000e+00
7.480000000000000426e+00,4.024304023643647810e-01,1.356915057964104832e-01,0.000000000000000000e+00,1.000000000000000000e+00,1.000000000000000000e+00
7.490000000000000213e+00,4.018844299169209155e-01,1.358301955414885631e-01,0.000000000000000000e+00,1.000000000000000000e+00,1.000000000000000000e+00
7.500000000000000000e+00,4.013386427727643757e-01,1.359682848145371825e-01,0.000000000000000000e+00,1.000000000000000000e+00,1.000000000000000000e+00
7.509999999999999787e+00,4.007930445984651535e-01,1.361057717524565003e-01,0.000000000000000000e+00,1.000000000000000000e+00,1.000000000000000000e+00
7.520000000000000462e+00,4.002476390550904206e-01,1.362426545043748938e-01,0.000000000000000000e+00,1.000000000000000000e+00,1.000000000000000000e+00
7.530000000000000249e+00,3.997024297953431504e-01,1.363789312332662207e-01,0.000000000000000000e+00,1.000000000000000000e+00,1.000000000000000000e+00
7.540000000000000036e+00,3.991574204631166967e-01,1.365146001162060030e-01,0.000000000000000000e+00,1.000000000000000000e+00,1.000000000000000000e+00
7.549999999999999822e+00,3.986126146934946823e-01,1.366496593443715102e-01,0.000000000000000000e+00,1.000000000000000000e+00,1.000000000000000000e+00
7.560000000000000497e+00,3.980680161127512773e-01,1.367841071230415373e-01,0.000000000000000000e+00,1.000000000000000000e+00,1.000000000000000000e+00
7.570000000000000284e+00,3.975236283383511426e-01,1.369179416715965436e-01,0.000000000000000000e+00,1.000000000000000000e+00,1.000000000000000000e+00
7.580000000000000071e+00,3.969794549789493199e-01,1.370511612235186805e-01,0.000000000000000000e+00,1.000000000000000000e+00,1.000000000000000000e+00
7.589999999999999858e+00,3.964354996343911197e-01,1.371837640263916802e-01,0.000000000000000000e+00,1.000000000000000000e+00,1.000000000000000000e+00
7.600000000000000533e+00,3.958917658957125107e-01,1.373157483419010227e-01,0.000000000000000000e+00,1.000000000000000000e+00,1.000000000000000000e+00
7.610000000000000320e+00,3.953482573451397863e-01,1.374471124458336857e-01,0.000000000000000000e+00,1.000000000000000000e+00,1.000000000000000000e+00
7.620000000000000107e+00,3.948049775560896202e-01,1.375778546280783943e-01,0.000000000000000000e+00,1.000000000000000000e+00,1.000000000000000000e+00
7.629999999999999893e+00,3.942619300931691773e-01,1.377079731926254824e-01,0.000000000000000000e+00,1.000000000000000000e+00,1.000000000000000000e+00
7.640000000000000568e+00,3.937191185118231185e-01,1.378374664577484421e-01,0.000000000000000000e+00,1.000000000000000000e+00,1.000000000000000000e+00
7.650000000000000355e+00,3.931765463557814200e-01,1.379663327573482368e-01,0.000000000000000000e+00,1.000000000000000000e+00,1.000000000000000000e+00
7.660000000000000142e+00,3.926342171614047860e-01,1.380945704387449569e-01,0.000000000000000000e+00,1.000000000000000000e+00,1.000000000000000000e+00
7.669999999999999929e+00,3.920921344557100618e-01,1.382221778636412435e-01,0.000000000000000000e+00,1.000000000000000000e+00,1.000000000000000000e+00
7.679999999999999716e+00,3.915503017556452581e-01,1.383491534084897168e-01,0.000000000000000000e+00,1.000000000000000000e+00,1.000000000000000000e+00
7.690000000000000391e+00,3.910087225680893286e-01,1.384754954644930036e-01,0.000000000000000000e+00,1.000000000000000000e+00,1.000000000000000000e+00
7.700000000000000178e+00,3.904674003898525037e-01,1.386012024376037932e-01,0.000000000000000000e+00,1.000000000000000000e+00,1.000000000000000000e+00
7.709999999999999964e+00,3.899263387076758458e-01,1.387262727485247538e-01,0.000000000000000000e+00,1.000000000000000000e+00,1.000000000000000000e+00
7.719999999999999751e+00,3.893855409982316940e-01,1.388507048327085602e-01,0.000000000000000000e+00,1.000000000000000000e+00,1.000000000000000000e+00
7.730000000000000426e+00,3.888450107281231638e-01,1.389744971403580054e-01,0.000000000000000000e+00,1.000000000000000000e+00,1.000000000000000000e+00
7.740000000000000213e+00,3.883047513538848139e-01,1.390976481364257777e-01,0.000000000000000000e+00,1.000000000000000000e+00,1.000000000000000000e+00
7.750000000000000000e+00,3.877647663219819796e-01,1.392201563006146281e-01,0.000000000000000000e+00,1.000000000000000000e+00,1.000000000000000000e+00
7.759999999999999787e+00,3.872250590688111060e-01,1.393420201273773695e-01,0.000000000000000000e+00,1.000000000000000000e+00,1.000000000000000000e+00
7.770000000000000462e+00,3.866856330206998038e-01,1.394632381259167664e-01,0.000000000000000000e+00,1.000000000000000000e+00,1.000000000000000000e+00
7.780000000000000249e+00,3.861464915936860254e-01,1.395838088202814020e-01,0.000000000000000000e+00,1.000000000000000000e+00,1.000000000000000000e+00
7.790000000000000036e+00,3.856076381911755502e-01,1.397037307504137293e-01,0.000000000000000000e+00,1.000000000000000000e+00,1.000000000000000000e+00
7.799999999999999822e+00,3.850690762075812956e-01,1.398230024706068331e-01,0.000000000000000000e+00,1.000000000000000000e+00,1.000000000000000000e+00
7.810000000000000497e+00,3.845308090269102808e-01,1.399416225500585975e-01,0.000000000000000000e+00,1.000000000000000000e+00,1.000000000000000000e+00
7.820000000000000284e+00,3.839928400219836946e-01,1.400595895732027751e-01,0.000000000000000000e+00,1.000000000000000000e+00,1.000000000000000000e+00
7.830000000000000071e+00,3.834551725544364520e-01,1.401769021397091530e-01,0.000000000000000000e+00,1.000000000000000000e+00,1.000000000000000000e+00
7.839999999999999858e+00,3.829178099747174158e-01,1.402935588644833587e-01,0.000000000000000000e+00,1.000000000000000000e+00,1.000000000000000000e+00
7.850000000000000533e+00,3.823807556220895076e-01,1.404095583776669431e-01,0.000000000000000000e+00,1.000000000000000000e+00,1.000000000000000000e+00
7.860000000000000320e+00,3.818440128246294307e-01,1.405248993246373812e-01,0.000000000000000000e+00,1.000000000000000000e+00,1.000000000000000000e+00
7.870000000000000107e+00,3.813075848992278361e-01,1.406395803660080712e-01,0.000000000000000000e+00,1.000000000000000000e+00,1.000000000000000000e+00
7.879999999999999893e+00,3.807714751515893781e-01,1.407536001776283630e-01,0.000000000000000000e+00,1.000000000000000000e+00,1.000000000000000000e+00
7.890000000000000568e+00,3.802356868762324371e-01,1.408669574505834465e-01,0.000000000000000000e+00,1.000000000000000000e+00,1.000000000000000000e+00
7.900000000000000355e+00,3.797002233564895635e-01,1.409796508911945190e-01,0.000000000000000000e+00,1.000000000000000000e+00,1.000000000000000000e+00
7.910000000000000142e+00,3.791650878645070888e-01,1.410916792210186177e-01,0.000000000000000000e+00,1.000000000000000000e+00,1.000000000000000000e+00
7.919999999999999929e+00,3.786302836610389577e-01,1.412030411769175375e-01,0.000000000000000000e+00,1.000000000000000000e+00,1.000000000000000000e+00
7.930000000000000604e+00,3.780958139934390561e-01,1.413137355117646821e-01,0.000000000000000000e+00,1.000000000000000000e+00,1.000000000000000000e+00
7.940000000000000391e+00,3.775616820988079159e-01,1.414237609934347051e-01,0.000000000000000000e+00,1.000000000000000000e+00,1.000000000000000000e+00
7.950000000000000178e+00,3.770278912027277274e-01,1.415331164051582269e-01,0.000000000000000000e+00,1.000000000000000000e+00,1.000000000000000000e+00
7.959999999999999964e+00,3.764944445186251265e-01,1.416418005457263651e-01,0.000000000000000000e+00,1.000000000000000000e+00,1.000000000000000000e+00
7.969999999999999751e+00,3.759613452477713058e-01,1.417498122294905682e-01,0.000000000000000000e+00,1.000000000000000000e+00,1.000000000000000000e+00
7.980000000000000426e+00,3.754285965792818480e-01,1.418571502863626710e-01,0.000000000000000000e+00,1.000000000000000000e+00,1.000000000000000000e+00
7.990000000000000213e+00,3.748962016901168370e-01,1.419638135618149777e-01,0.000000000000000000e+00,1.000000000000000000e+00,1.000000000000000000e+00
8.000000000000000000e+00,3.743641637450808579e-01,1.420698009168800957e-01,0.000000000000000000e+00,1.000000000000000000e+00,1.000000000000000000e+00
8.009999999999999787e+00,3.738324858968228304e-01,1.421751112281511020e-01,0.000000000000000000e+00,1.000000000000000000e+00,1.000000000000000000e+00
8.019999999999999574e+00,3.733011712858362863e-01,1.422797433877814599e-01,0.000000000000000000e+00,1.000000000000000000e+00,1.000000000000000000e+00
8.029999999999999361e+00,3.727702230404590922e-01,1.423836963034850189e-01,0.000000000000000000e+00,1.000000000000000000e+00,1.000000000000000000e+00
8.040000000000000924e+00,3.722396442768735603e-01,1.424869688985360150e-01,0.000000000000000000e+00,1.000000000000000000e+00,1.000000000000000000e+00
8.050000000000000711e+00,3.717094380991066704e-01,1.425895601117690981e-01,0.000000000000000000e+00,1.000000000000000000e+00,1.000000000000000000e+00
8.060000000000000497e+00,3.711796075987718324e-01,1.426914688976316792e-01,0.000000000000000000e+00,1.000000000000000000e+00,1.000000000000000000e+00
8.070000000000000284e+00,3.706501558534747165e-01,1.427926942265569932e-01,0.000000000000000000e+00,1.000000000000000000e+00,1.000000000000000000e+00
8.080000000000000071e+00,3.701210859295522848e-01,1.428932350844444865e-01,0.000000000000000000e+00,1.000000000000000000e+00,1.000000000000000000e+00
8.089999999999999858e+00,3.695924008807722205e-01,1.429930904728455021e-01,0.000000000000000000e+00,1.000000000000000000e+00,1.000000000000000000e+00
8.099999999999999645e+00,3.690641037479278075e-01,1.430922594090382749e-01,0.000000000000000000e+00,1.000000000000000000e+00,1.000000000000000000e+00
8.109999999999999432e+00,3.685361975588375971e-01,1.431907409260278763e-01,0.000000000000000000e+00,1.000000000000000000e+00,1.000000000000000000e+00
8.120000000000000995e+00,3.680086853283454640e-01,1.432885340725462975e-01,0.000000000000000000e+00,1.000000000000000000e+00,1.000000000000000000e+00
8.130000000000000782e+00,3.674815700583209943e-01,1.433856379130524217e-01,0.000000000000000000e+00,1.000000000000000000e+00,1.000000000000000000e+00
8.140000000000000568e+00,3.669548547376588199e-01,1.434820515277319408e-01,0.000000000000000000e+00,1.000000000000000000e+00,1.000000000000000000e+00
8.150000000000000355e+00,3.664285423422792287e-01,1.435777740124974944e-01,0.000000000000000000e+00,1.000000000000000000e+00,1.000000000000000000e+00
8.160000000000000142e+00,3.659026358351277208e-01,1.436728044789885861e-01,0.000000000000000000e+00,1.000000000000000000e+00,1.000000000000000000e+00
8.169999999999999929e+00,3.653771381661753415e-01,1.437671420545715839e-01,0.000000000000000000e+00,1.000000000000000000e+00,1.000000000000000000e+00
8.179999999999999716e+00,3.648520522724184034e-01,1.438607858823397478e-01,0.000000000000000000e+00,1.000000000000000000e+00,1.000000000000000000e+00
8.189999999999999503e+00,3.643273810778787092e-01,1.439537351211132021e-01,0.000000000000000000e+00,1.000000000000000000e+00,1.000000000000000000e+00
8.199999999999999289e+00,3.638031274932531645e-01,1.440459889454474007e-01,0.000000000000000000e+00,1.000000000000000000e+00,1.000000000000000000e+00
8.210000000000000853e+00,3.632792944148417469e-01,1.441375465457299387e-01,0.000000000000000000e+00,1.000000000000000000e+00,1.000000000000000000e+00
8.220000000000000639e+00,3.627558847267578490e-01,1.442284071281517144e-01,0.000000000000000000e+00,1.000000000000000000e+00,1.000000000000000000e+00
8.230000000000000426e+00,3.622329012996644559e-01,1.443185699146449230e-01,0.000000000000000000e+00,1.000000000000000000e+00,1.000000000000000000e+00
8.240000000000000213e+00,3.617103469905817992e-01,1.444080341428826131e-01,0.000000000000000000e+00,1.000000000000000000e+00,1.000000000000000000e+00
8.250000000000000000e+00,3.611882246428871346e-01,1.444967990662784363e-01,0.000000000000000000e+00,1.000000000000000000e+00,1.000000000000000000e+00
8.259999999999999787e+00,3.606665370863149089e-01,1.445848639539867864e-01,0.000000000000000000e+00,1.000000000000000000e+00,1.000000000000000000e+00
8.269999999999999574e+00,3.601452871369566489e-01,1.446722280909027991e-01,0.000000000000000000e+00,1.000000000000000000e+00,1.000000000000000000e+00
8.279999999999999361e+00,3.596244775972610164e-01,1.447588907776622968e-01,0.000000000000000000e+00,1.000000000000000000e+00,1.000000000000000000e+00
8.290000000000000924e+00,3.591041112560335868e-01,1.448448513306418717e-01,0.000000000000000000e+00,1.000000000000000000e+00,1.000000000000000000e+00
8.300000000000000711e+00,3.585841908884375151e-01,1.449301090819587190e-01,0.000000000000000000e+00,1.000000000000000000e+00,1.000000000000000000e+00
8.310000000000000497e+00,3.580647192559925918e-01,1.450146633794708595e-01,0.000000000000000000e+00,1.000000000000000000e+00,1.000000000000000000e+00
8.320000000000000284e+00,3.575456991065759649e-01,1.450985135867769449e-01,0.000000000000000000e+00,1.000000000000000000e+00,1.000000000000000000e+00
8.330000000000000071e+00,3.570271331744218068e-01,1.451816590832164244e-01,0.000000000000000000e+00,1.000000000000000000e+00,1.000000000000000000e+00
8.339999999999999858e+00,3.565090241796732284e-01,1.452640992637611872e-01,0.000000000000000000e+00,1.000000000000000000e+00,1.000000000000000000e+00
8.349999999999999645e+00,3.559913748279012746e-01,1.453458335390095391e-01,0.000000000000000000e+00,1.000000000000000000e+00,1.000000000000000000e+00
8.359999999999999432e+00,3.554741878116094433e-01,1.454268613355423623e-01,0.000000000000000000e+00,1.000000000000000000e+00,1.000000000000000000e+00
8.370000000000000995e+00,3.549574658091971813e-01,1.455071820955661233e-01,0.000000000000000000e+00,1.000000000000000000e+00,1.000000000000000000e+00
8.380000000000000782e+00,3.544412114849023743e-01,1.455867952768961360e-01,0.000000000000000000e+00,1.000000000000000000e+00,1.000000000000000000e+00
8.390000000000000568e+00,3.539254274888005702e-01,1.456657003529564787e-01,0.000000000000000000e+00,1.000000000000000000e+00,1.000000000000000000e+00
8.400000000000000355e+00,3.534101164568054787e-01,1.457438968127800771e-01,0.000000000000000000e+00,1.000000000000000000e+00,1.000000000000000000e+00
8.410000000000000142e+00,3.528952810106688043e-01,1.458213841610086769e-01,0.000000000000000000e+00,1.000000000000000000e+00,1.000000000000000000e+00
8.419999999999999929e+00,3.523809237579803022e-01,1.458981619178928435e-01,0.000000000000000000e+00,1.000000000000000000e+00,1.000000000000000000e+00
8.429999999999999716e+00,3.518670472921676673e-01,1.459742296192919342e-01,0.000000000000000000e+00,1.000000000000000000e+00,1.000000000000000000e+00
8.439999999999999503e+00,3.513536541924966450e-01,1.460495868166740985e-01,0.000000000000000000e+00,1.000000000000000000e+00,1.000000000000000000e+00
8.449999999999999289e+00,3.508407470240710868e-01,1.461242330771164166e-01,0.000000000000000000e+00,1.000000000000000000e+00,1.000000000000000000e+00
8.460000000000000853e+00,3.503283283378326729e-01,1.461981679833046777e-01,0.000000000000000000e+00,1.000000000000000000e+00,1.000000000000000000e+00
8.470000000000000639e+00,3.498164006705614115e-01,1.462713911335334904e-01,0.000000000000000000e+00,1.000000000000000000e+00,1.000000000000000000e+00
8.480000000000000426e+00,3.493049665443757057e-01,1.463439021413653895e-01,0.000000000000000000e+00,1.000000000000000000e+00,1.000000000000000000e+00
8.490000000000000213e+00,3.487940284667740420e-01,1.464157006358397517e-01,0.000000000000000000e+00,1.000000000000000000e+00,1.000000000000000000e+00
8.500000000000000000e+00,3.482835889313891098e-01,1.464867862619150252e-01,0.000000000000000000e+00,1.000000000000000000e+00,1.000000000000000000e+00
8.509999999999999787e+00,3.477736504173236654e-01,1.465571586798932735e-01,0.000000000000000000e+00,1.000000000000000000e+00,1.000000000000000000e+00
8.519999999999999574e+00,3.472642153891455918e-01,1.466268175654158734e-01,0.000000000000000000e+00,1.000000000000000000e+00,1.000000000000000000e+00
8.529999999999999361e+00,3.467552862968875660e-01,1.466957626094635703e-01,0.000000000000000000e+00,1.000000000000000000e+00,1.000000000000000000e+00
8.540000000000000924e+00,3.462468655760471137e-01,1.467639935183565059e-01,0.000000000000000000e+00,1.000000000000000000e+00,1.000000000000000000e+00
8.550000000000000711e+00,3.457389556475868320e-01,1.468315100137541351e-01,0.000000000000000000e+00,1.000000000000000000e+00,1.000000000000000000e+00
8.560000000000000497e+00,3.452315589179339450e-01,1.468983118326553650e-01,0.000000000000000000e+00,1.000000000000000000e+00,1.000000000000000000e+00
8.570000000000000284e+00,3.447246777789808037e-01,1.469643987273983876e-01,0.000000000000000000e+00,1.000000000000000000e+00,1.000000000000000000e+00
8.580000000000000071e+00,3.442183146080844969e-01,1.470297704656607918e-01,0.000000000000000000e+00,1.000000000000000000e+00,1.000000000000000000e+00
8.589999999999999858e+00,3.437124717680670738e-01,1.470944268304595348e-01,0.000000000000000000e+00,1.000000000000000000e+00,1.000000000000000000e+00
8.599999999999999645e+00,3.432071516072154327e-01,1.471583676201509427e-01,0.000000000000000000e+00,1.000000000000000000e+00,1.000000000000000000e+00
8.609999999999999432e+00,3.427023564592798222e-01,1.472215926484279347e-01,0.000000000000000000e+00,1.000000000000000000e+00,1.000000000000000000e+00
8.620000000000000995e+00,3.421980886430336377e-01,1.472841017436252453e-01,0.000000000000000000e+00,1.000000000000000000e+00,1.000000000000000000e+00
8.630000000000000782e+00,3.416943504625721273e-01,1.473458947495201732e-01,0.000000000000000000e+00,1.000000000000000000e+00,1.000000000000000000e+00
8.640000000000000568e+00,3.411911442075196699e-01,1.474069715254429369e-01,0.000000000000000000e+00,1.000000000000000000e+00,1.000000000000000000e+00
8.650000000000000355e+00,3.406884721527339011e-01,1.474673319456652476e-01,0.000000000000000000e+00,1.000000000000000000e+00,1.000000000000000000e+00
8.660000000000000142e+00,3.401863365583054355e-01,1.475269758994003644e-01,0.000000000000000000e+00,1.000000000000000000e+00,1.000000000000000000e+00
8.669999999999999929e+00,3.396847396695581445e-01,1.475859032908031221e-01,0.000000000000000000e+00,1.000000000000000000e+00,1.000000000000000000e+00
8.679999999999999716e+00,3.391836837170488783e-01,1.476441140389698481e-01,0.000000000000000000e+00,1.000000000000000000e+00,1.000000000000000000e+00
8.689999999999999503e+00,3.386831709165676885e-01,1.477016080779384732e-01,0.000000000000000000e+00,1.000000000000000000e+00,1.000000000000000000e+00
8.700000000000001066e+00,3.381832034691375499e-01,1.477583853566884486e-01,0.000000000000000000e+00,1.000000000000000000e+00,1.000000000000000000e+00
8.710000000000000853e+00,3.376837835610149718e-01,1.478144458391408012e-01,0.000000000000000000e+00,1.000000000000000000e+00,1.000000000000000000e+00
8.720000000000000639e+00,3.371849133636892204e-01,1.478697895041580779e-01,0.000000000000000000e+00,1.000000000000000000e+00,1.000000000000000000e+00
8.730000000000000426e+00,3.366865950338827074e-01,1.479244163455443739e-01,0.000000000000000000e+00,1.000000000000000000e+00,1.000000000000000000e+00
8.740000000000000213e+00,3.361888307135510456e-01,1.479783263720453601e-01,0.000000000000000000e+00,1.000000000000000000e+00,1.000000000000000000e+00
8.750000000000000000e+00,3.356916225298772205e-01,1.480315196073156703e-01,0.000000000000000000e+00,1.000000000000000000e+00,1.000000000000000000e+00
8.759999999999999787e+00,3.351949725950388315e-01,1.480839960889038798e-01,0.000000000000000000e+00,1.000000000000000000e+00,1.000000000000000000e+00
8.769999999999999574e+00,3.346988830063629128e-01,1.481357558697042331e-01,0.000000000000000000e+00,1.000000000000000000e+00,1.000000000000000000e+00
8.779999999999999361e+00,3.342033558463891607e-01,1.481867990176094219e-01,0.000000000000000000e+00,1.000000000000000000e+00,1.000000000000000000e+00
8.790000000000000924e+00,3.337083931827939387e-01,1.482371256149375149e-01,0.000000000000000000e+00,1.000000000000000000e+00,1.000000000000000000e+00
8.800000000000000711e+00,3.332139970683909991e-01,1.482867357584318757e-01,0.000000000000000000e+00,1.000000000000000000e+00,1.000000000000000000e+00
8.810000000000000497e+00,3.327201695411305393e-01,1.483356295592612450e-01,0.000000000000000000e+00,1.000000000000000000e+00,1.000000000000000000e+00
8.820000000000000284e+00,3.322269126240999237e-01,1.483838071430196859e-01,0.000000000000000000e+00,1.000000000000000000e+00,1.000000000000000000e+00
8.830000000000000071e+00,3.317342283255233504e-01,1.484312686497266109e-01,0.000000000000000000e+00,1.000000000000000000e+00,1.000000000000000000e+00
8.839999999999999858e+00,3.312421186387620176e-01,1.484780142338267550e-01,0.000000000000000000e+00,1.000000000000000000e+00,1.000000000000000000e+00
8.849999999999999645e+00,3.307505855423139574e-01,1.485240440641902304e-01,0.000000000000000000e+00,1.000000000000000000e+00,1.000000000000000000e+00
8.859999999999999432e+00,3.302596309998141466e-01,1.485693583241124716e-01,0.000000000000000000e+00,1.000000000000000000e+00,1.000000000000000000e+00
8.870000000000000995e+00,3.297692569600345069e-01,1.486139572113142349e-01,0.000000000000000000e+00,1.000000000000000000e+00,1.000000000000000000e+00
8.880000000000000782e+00,3.292794653568839602e-01,1.486578409379416266e-01,0.000000000000000000e+00,1.000000000000000000e+00,1.000000000000000000e+00
8.890000000000000568e+00,3.287902581094128140e-01,1.487010097304883316e-01,0.000000000000000000e+00,1.000000000000000000e+00,1.000000000000000000e+00
8.900000000000000355e+00,3.283016371218321905e-01,1.487434638285400623e-01,0.000000000000000000e+00,1.000000000000000000e+00,1.000000000000000000e+00
8.910000000000000142e+00,3.278136042833261765e-01,1.487852034867482576e-01,0.000000000000000000e+00,1.000000000000000000e+00,1.000000000000000000e+00
8.919999999999999929e+00,3.273261614681993170e-01,1.488262289741252298e-01,0.000000000000000000e+00,1.000000000000000000e+00,1.000000000000000000e+00
8.929999999999999716e+00,3.268393105359255202e-01,1.488665405734845570e-01,0.000000000000000000e+00,1.000000000000000000e+00,1.000000000000000000e+00
8.939999999999999503e+00,3.263530533311485016e-01,1.489061385814412219e-01,0.000000000000000000e+00,1.000000000000000000e+00,1.000000000000000000e+00
8.950000000000001066e+00,3.258673916836813955e-01,1.489450233084114450e-01,0.000000000000000000e+00,1.000000000000000000e+00,1.000000000000000000e+00
8.960000000000000853e+00,3.253823274085072548e-01,1.489831950786127679e-01,0.000000000000000000e+00,1.000000000000000000e+00,1.000000000000000000e+00
8.970000000000000639e+00,3.248978623057785509e-01,1.490206542300640813e-01,0.000000000000000000e+00,1.000000000000000000e+00,1.000000000000000000e+00
8.980000000000000426e+00,3.244139981608173406e-01,1.490574011145855693e-01,0.000000000000000000e+00,1.000000000000000000e+00,1.000000000000000000e+00
8.990000000000000213e+00,3.239307367441153773e-01,1.490934360977987094e-01,0.000000000000000000e+00,1.000000000000000000e+00,1.000000000000000000e+00
9.000000000000000000e+00,3.234480798113338884e-01,1.491287595591263282e-01,0.000000000000000000e+00,1.000000000000000000e+00,1.000000000000000000e+00
9.009999999999999787e+00,3.229660291033039643e-01,1.491633718917925178e-01,0.000000000000000000e+00,1.000000000000000000e+00,1.000000000000000000e+00
9.019999999999999574e+00,3.224845863460261142e-01,1.491972735028227470e-01,0.000000000000000000e+00,1.000000000000000000e+00,1.000000000000000000e+00
9.029999999999999361e+00,3.220037532506907496e-01,1.492304648129507694e-01,0.000000000000000000e+00,1.000000000000000000e+00,1.000000000000000000e+00
9.040000000000000924e+00,3.215235315139524652e-01,1.492629462551441355e-01,0.000000000000000000e+00,1.000000000000000000e+00,1.000000000000000000e+00
9.050000000000000711e+00,3.210439228173621040e-01,1.492947182769129577e-01,0.000000000000000000e+00,1.000000000000000000e+00,1.000000000000000000e+00
9.060000000000000497e+00,3.205649288276384290e-01,1.493257813394938405e-01,0.000000000000000000e+00,1.000000000000000000e+00,1.000000000000000000e+00
9.070000000000000284e+00,3.200865511968238319e-01,1.493561359172038971e-01,0.000000000000000000e+00,1.000000000000000000e+00,1.000000000000000000e+00
9.080000000000000071e+00,3.196087915622846665e-01,1.493857824974406667e-01,0.000000000000000000e+00,1.000000000000000000e+00,1.000000000000000000e+00
9.089999999999999858e+00,3.191316515467108039e-01,1.494147215806821694e-01,0.000000000000000000e+00,1.000000000000000000e+00,1.000000000000000000e+00
9.099999999999999645e+00,3.186551327581160220e-01,1.494429536804867953e-01,0.000000000000000000e+00,1.000000000000000000e+00,1.000000000000000000e+00
9.109999999999999432e+00,3.181792367898377272e-01,1.494704793234934714e-01,0.000000000000000000e+00,1.000000000000000000e+00,1.000000000000000000e+00
9.120000000000000995e+00,3.177039652205369547e-01,1.494972990494214948e-01,0.000000000000000000e+00,1.000000000000000000e+00,1.000000000000000000e+00
9.130000000000000782e+00,3.172293196141988125e-01,1.495234134110706159e-01,0.000000000000000000e+00,1.000000000000000000e+00,1.000000000000000000e+00
9.140000000000000568e+00,3.167553015201317601e-01,1.495488229743210939e-01,0.000000000000000000e+00,1.000000000000000000e+00,1.000000000000000000e+00
9.150000000000000355e+00,3.162819124729682185e-01,1.495735283181335862e-01,0.000000000000000000e+00,1.000000000000000000e+00,1.000000000000000000e+00
9.160000000000000142e+00,3.158091539926641822e-01,1.495975300345491754e-01,0.000000000000000000e+00,1.000000000000000000e+00,1.000000000000000000e+00
9.169999999999999929e+00,3.153370275845143733e-01,1.496208287286454330e-01,0.000000000000000000e+00,1.000000000000000000e+00,1.000000000000000000e+00
9.179999999999999716e+00,3.148655347396734916e-01,1.496434250168807711e-01,0.000000000000000000e+00,1.000000000000000000e+00,1.000000000000000000e+00
9.189999999999999503e+00,3.143946769343320957e-01,1.496653195293367045e-01,0.000000000000000000e+00,1.000000000000000000e+00,1.000000000000000000e+00
9.200000000000001066e+00,3.139244556299322086e-01,1.496865129093242208e-01,0.000000000000000000e+00,1.000000000000000000e+00,1.000000000000000000e+00
9.210000000000000853e+00,3.134548722735074344e-01,1.497070058124282121e-01,0.000000000000000000e+00,1.000000000000000000e+00,1.000000000000000000e+00
9.220000000000000639e+00,3.129859282976822921e-01,1.497267989065075855e-01,0.000000000000000000e+00,1.000000000000000000e+00,1.000000000000000000e+00
9.230000000000000426e+00,3.125176251206727152e-01,1.497458928716952076e-01,0.000000000000000000e+00,1.000000000000000000e+00,1.000000000000000000e+00
9.240000000000000213e+00,3.120499641462857188e-01,1.497642884003979602e-01,0.000000000000000000e+00,1.000000000000000000e+00,1.000000000000000000e+00
9.250000000000000000e+00,3.115829467639196770e-01,1.497819861972966848e-01,0.000000000000000000e+00,1.000000000000000000e+00,1.000000000000000000e+00
9.259999999999999787e+00,3.111165743485641566e-01,1.497989869793462103e-01,0.000000000000000000e+00,1.000000000000000000e+00,1.000000000000000000e+00
9.269999999999999574e+00,3.106508482607999722e-01,1.498152914757753251e-01,0.000000000000000000e+00,1.000000000000000000e+00,1.000000000000000000e+00
9.279999999999999361e+00,3.101857698467991309e-01,1.498309004280867773e-01,0.000000000000000000e+00,1.000000000000000000e+00,1.000000000000000000e+00
9.290000000000000924e+00,3.097213404383247770e-01,1.498458145900573579e-01,0.000000000000000000e+00,1.000000000000000000e+00,1.000000000000000000e+00
9.300000000000000711e+00,3.092575613527316358e-01,1.498600347277377898e-01,0.000000000000000000e+00,1.000000000000000000e+00,1.000000000000000000e+00
9.310000000000000497e+00,3.087944338929652921e-01,1.498735616194528109e-01,0.000000000000000000e+00,1.000000000000000000e+00,1.000000000000000000e+00
9.320000000000000284e+00,3.083319593481234633e-01,1.498863960544500884e-01,0.000000000000000000e+00,1.000000000000000000e+00,1.000000000000000000e+00
9.330000000000000071e+00,3.078701389930065258e-01,1.498985388337601421e-01,0.000000000000000000e+00,1.000000000000000000e+00,1.000000000000000000e+00
9.339999999999999858e+00,3.074089740875938781e-01,1.499099907715652213e-01,0.000000000000000000e+00,1.000000000000000000e+00,1.000000000000000000e+00
9.349999999999999645e+00,3.069484658778269814e-01,1.499207526934445700e-01,0.000000000000000000e+00,1.000000000000000000e+00,1.000000000000000000e+00
9.359999999999999432e+00,3.064886155956109692e-01,1.499308254363707349e-01,0.000000000000000000e+00,1.000000000000000000e+00,1.000000000000000000e+00
9.370000000000000995e+00,3.060294244588144252e-01,1.499402098487093993e-01,0.000000000000000000e+00,1.000000000000000000e+00,1.000000000000000000e+00
9.380000000000000782e+00,3.055708936712700496e-01,1.499489067902196326e-01,0.000000000000000000e+00,1.000000000000000000e+00,1.000000000000000000e+00
9.390000000000000568e+00,3.051130244227738819e-01,1.499569171320536132e-01,0.000000000000000000e+00,1.000000000000000000e+00,1.000000000000000000e+00
9.400000000000000355e+00,3.046558178890856894e-01,1.499642417567568775e-01,0.000000000000000000e+00,1.000000000000000000e+00,1.000000000000000000e+00
9.410000000000000142e+00,3.041992752319290783e-01,1.499708815582682098e-01,0.000000000000000000e+00,1.000000000000000000e+00,1.000000000000000000e+00
9.419999999999999929e+00,3.037433975989911605e-01,1.499768374419195582e-01,0.000000000000000000e+00,1.000000000000000000e+00,1.000000000000000000e+00
9.429999999999999716e+00,3.032881861239227761e-01,1.499821103244362019e-01,0.000000000000000000e+00,1.000000000000000000e+00,1.000000000000000000e+00
9.439999999999999503e+00,3.028336419263384927e-01,1.499867011339366674e-01,0.000000000000000000e+00,1.000000000000000000e+00,1.000000000000000000e+00
9.450000000000001066e+00,3.023797661118164393e-01,1.499906108099326729e-01,0.000000000000000000e+00,1.000000000000000000e+00,1.000000000000000000e+00
9.460000000000000853e+00,3.019265597721517147e-01,1.499938403028187595e-01,0.000000000000000000e+00,1.000000000000000000e+00,1.000000000000000000e+00
9.470000000000000639e+00,3.014740239860429494e-01,1.499963905723703528e-01,0.000000000000000000e+00,1.000000000000000000e+00,1.000000000000000000e+00
9.480000000000000426e+00,3.010221598173188906e-01,1.499982625912784084e-01,0.000000000000000000e+00,1.000000000000000000e+00,1.000000000000000000e+00
9.490000000000000213e+00,3.005709683160715517e-01,1.499994573430152855e-01,0.000000000000000000e+00,1.000000000000000000e+00,1.000000000000000000e+00
9.500000000000000000e+00,3.001204505188252991e-01,1.499999758215029289e-01,0.000000000000000000e+00,1.000000000000000000e+00,1.000000000000000000e+00
9.509999999999999787e+00,2.996706074485369631e-01,1.499998190311128410e-01,0.000000000000000000e+00,1.000000000000000000e+00,1.000000000000000000e+00
9.519999999999999574e+00,2.992214401145956715e-01,1.499989879866660825e-01,0.000000000000000000e+00,1.000000000000000000e+00,1.000000000000000000e+00
9.529999999999999361e+00,2.987729495128229051e-01,1.499974837134332994e-01,0.000000000000000000e+00,1.000000000000000000e+00,1.000000000000000000e+00
9.540000000000000924e+00,2.983251366254725534e-01,1.499953072471346405e-01,0.000000000000000000e+00,1.000000000000000000e+00,1.000000000000000000e+00
9.550000000000000711e+00,2.978780024212310806e-01,1.499924596339398397e-01,0.000000000000000000e+00,1.000000000000000000e+00,1.000000000000000000e+00
9.560000000000000497e+00,2.974315478552170822e-01,1.499889419304681892e-01,0.000000000000000000e+00,1.000000000000000000e+00,1.000000000000000000e+00
9.570000000000000284e+00,2.969857738689816173e-01,1.499847552037885667e-01,0.000000000000000000e+00,1.000000000000000000e+00,1.000000000000000000e+00
9.580000000000000071e+00,2.965406813905081540e-01,1.499799005314193245e-01,0.000000000000000000e+00,1.000000000000000000e+00,1.000000000000000000e+00
9.589999999999999858e+00,2.960962713342125130e-01,1.499743790013285116e-01,0.000000000000000000e+00,1.000000000000000000e+00,1.000000000000000000e+00
9.599999999999999645e+00,2.956525446009428681e-01,1.499681917119335683e-01,0.000000000000000000e+00,1.000000000000000000e+00,1.000000000000000000e+00
9.609999999999999432e+00,2.952095020789024526e-01,1.499613397704326057e-01,0.000000000000000000e+00,1.000000000000000000e+00,1.000000000000000000e+00
9.620000000000000995e+00,2.947671446429093733e-01,1.499538242939839616e-01,0.000000000000000000e+00,1.000000000000000000e+00,1.000000000000000000e+00
9.630000000000000782e+00,2.943254731535965285e-01,1.499456464112340071e-01,0.000000000000000000e+00,1.000000000000000000e+00,1.000000000000000000e+00
9.640000000000000568e+00,2.938844884585838368e-01,1.499368072602851876e-01,0.000000000000000000e+00,1.000000000000000000e+00,1.000000000000000000e+00
9.650000000000000355e+00,2.934441913924800693e-01,1.499273079886939419e-01,0.000000000000000000e+00,1.000000000000000000e+00,1.000000000000000000e+00
9.660000000000000142e+00,2.930045827768823496e-01,1.499171497534707853e-01,0.000000000000000000e+00,1.000000000000000000e+00,1.000000000000000000e+00
9.669999999999999929e+00,2.925656634203764872e-01,1.499063337210801705e-01,0.000000000000000000e+00,1.000000000000000000e+00,1.000000000000000000e+00
9.679999999999999716e+00,2.921274341185368106e-01,1.498948610674405990e-01,0.000000000000000000e+00,1.000000000000000000e+00,1.000000000000000000e+00
9.689999999999999503e+00,2.916898956539263343e-01,1.498827329779245654e-01,0.000000000000000000e+00,1.000000000000000000e+00,1.000000000000000000e+00
9.700000000000001066e+00,2.912530487960964809e-01,1.498699506473585297e-01,0.000000000000000000e+00,1.000000000000000000e+00,1.000000000000000000e+00
9.710000000000000853e+00,2.908168943015875252e-01,1.498565152800230560e-01,0.000000000000000000e+00,1.000000000000000000e+00,1.000000000000000000e+00
9.720000000000000639e+00,2.903814329139279837e-01,1.498424280896525906e-01,0.000000000000000000e+00,1.000000000000000000e+00,1.000000000000000000e+00
9.730000000000000426e+00,2.899466653636351698e-01,1.498276902994357118e-01,0.000000000000000000e+00,1.000000000000000000e+00,1.000000000000000000e+00
9.740000000000000213e+00,2.895125923682148605e-01,1.498123031420148799e-01,0.000000000000000000e+00,1.000000000000000000e+00,1.000000000000000000e+00
9.750000000000000000e+00,2.890792146321825573e-01,1.497962678594526031e-01,0.000000000000000000e+00,1.000000000000000000e+00,1.000000000000000000e+00
9.759999999999999787e+00,2.886465328484628667e-01,1.497795857009162346e-01,0.000000000000000000e+00,1.000000000000000000e+00,1.000000000000000000e+00
9.769999999999999574e+00,2.882145476965361497e-01,1.497622579255787623e-01,0.000000000000000000e+00,1.000000000000000000e+00,1.000000000000000000e+00
9.779999999999999361e+00,2.877832598425448807e-01,1.497442858025607448e-01,0.000000000000000000e+00,1.000000000000000000e+00,1.000000000000000000e+00
9.790000000000000924e+00,2.873526699402551010e-01,1.497256706093999523e-01,0.000000000000000000e+00,1.000000000000000000e+00,1.000000000000000000e+00
9.800000000000000711e+00,2.869227786310568629e-01,1.497064136320515326e-01,0.000000000000000000e+00,1.000000000000000000e+00,1.000000000000000000e+00
9.810000000000000497e+00,2.864935865439635077e-01,1.496865161648879561e-01,0.000000000000000000e+00,1.000000000000000000e+00,1.000000000000000000e+00
9.820000000000000284e+00,2.860650942956119991e-01,1.496659795106989599e-01,0.000000000000000000e+00,1.000000000000000000e+00,1.000000000000000000e+00
9.830000000000000071e+00,2.856373024902630342e-01,1.496448049806916314e-01,0.000000000000000000e+00,1.000000000000000000e+00,1.000000000000000000e+00
9.839999999999999858e+00,2.852102117198009879e-01,1.496229938944902971e-01,0.000000000000000000e+00,1.000000000000000000e+00,1.000000000000000000e+00
9.849999999999999645e+00,2.847838225637338017e-01,1.496005475801366613e-01,0.000000000000000000e+00,1.000000000000000000e+00,1.000000000000000000e+00
9.859999999999999432e+00,2.843581355891929285e-01,1.495774673740896954e-01,0.000000000000000000e+00,1.000000000000000000e+00,1.000000000000000000e+00
9.870000000000000995e+00,2.839331513509336102e-01,1.495537546212257485e-01,0.000000000000000000e+00,1.000000000000000000e+00,1.000000000000000000e+00
9.880000000000000782e+00,2.835088703913348218e-01,1.495294106748384089e-01,0.000000000000000000e+00,1.000000000000000000e+00,1.000000000000000000e+00
9.890000000000000568e+00,2.830852932403988831e-01,1.495044368966385595e-01,0.000000000000000000e+00,1.000000000000000000e+00,1.000000000000000000e+00
9.900000000000000355e+00,2.826624204157519027e-01,1.494788346567544335e-01,0.000000000000000000e+00,1.000000000000000000e+00,1.000000000000000000e+00
9.910000000000000142e+00,2.822402524240203991e-01,1.494526053316329317e-01,0.000000000000000000e+00,1.000000000000000000e+00,1.000000000000000000e+00
9.919999999999999929e+00,2.818187897595289537e-01,1.494257503058855630e-01,0.000000000000000000e+00,1.000000000000000000e+00,1.000000000000000000e+00
9.929999999999999716e+00,2.813980329034546646e-01,1.493982709736541015e-01,0.000000000000000000e+00,1.000000000000000000e+00,1.000000000000000000e+00
9.939999999999999503e+00,2.809779823253040210e-01,1.493701687364300257e-01,0.000000000000000000e+00,1.000000000000000000e+00,1.000000000000000000e+00
9.950000000000001066e+00,2.805586384829124036e-01,1.493414450030545737e-01,0.000000000000000000e+00,1.000000000000000000e+00,1.000000000000000000e+00
9.960000000000000853e+00,2.801400018224448618e-01,1.493121011897186046e-01,0.000000000000000000e+00,1.000000000000000000e+00,1.000000000000000000e+00
9.970000000000000639e+00,2.797220727783951699e-01,1.492821387199628203e-01,0.000000000000000000e+00,1.000000000000000000e+00,1.000000000000000000e+00
9.980000000000000426e+00,2.793048517735866598e-01,1.492515590246775437e-01,0.000000000000000000e+00,1.000000000000000000e+00,1.000000000000000000e+00
9.990000000000000213e+00,2.788883392191716104e-01,1.492203635421028851e-01,0.000000000000000000e+00,1.000000000000000000e+00,1.000000000000000000e+00
1.000000000000000000e+01,2.784725355146316916e-01,1.491885537178286036e-01,0.000000000000000000e+00,1.000000000000000000e+00,1.000000000000000000e+00
1.000999999999999979e+01,2.780574410477776315e-01,1.491561310047942734e-01,0.000000000000000000e+00,1.000000000000000000e+00,1.000000000000000000e+00
1.001999999999999957e+01,2.776430561947494380e-01,1.491230968632890896e-01,0.000000000000000000e+00,1.000000000000000000e+00,1.000000000000000000e+00
1.002999999999999936e+01,2.772293813200162882e-01,1.490894527609520348e-01,0.000000000000000000e+00,1.000000000000000000e+00,1.000000000000000000e+00
1.004000000000000092e+01,2.768164167763765837e-01,1.490552001727717957e-01,0.000000000000000000e+00,1.000000000000000000e+00,1.000000000000000000e+00
1.005000000000000071e+01,2.764041629049580617e-01,1.490203405810867354e-01,0.000000000000000000e+00,1.000000000000000000e+00,1.000000000000000000e+00
1.006000000000000050e+01,2.759926200356413450e-01,1.489848754749849291e-01,0.000000000000000000e+00,1.000000000000000000e+00,1.000000000000000000e+00
1.007000000000000028e+01,2.755817884885666813e-01,1.489488063480950419e-01,0.000000000000000000e+00,1.000000000000000000e+00,1.000000000000000000e+00
1.008000000000000007e+01,2.751716685706001031e-01,1.489121347035483600e-01,0.000000000000000000e+00,1.000000000000000000e+00,1.000000000000000000e+00
1.008999999999999986e+01,2.747622605773246129e-01,1.488748620512680143e-01,0.000000000000000000e+00,1.000000000000000000e+00,1.000000000000000000e+00
1.009999999999999964e+01,2.743535647934206012e-01,1.488369899074380998e-01,0.000000000000000000e+00,1.000000000000000000e+00,1.000000000000000000e+00
1.010999999999999943e+01,2.739455814926659571e-01,1.487985197945035643e-01,0.000000000000000000e+00,1.000000000000000000e+00,1.000000000000000000e+00
1.012000000000000099e+01,2.735383109379357358e-01,1.487594532411702641e-01,0.000000000000000000e+00,1.000000000000000000e+00,1.000000000000000000e+00
1.013000000000000078e+01,2.731317533812029352e-01,1.487197917824050197e-01,0.000000000000000000e+00,1.000000000000000000e+00,1.000000000000000000e+00
1.014000000000000057e+01,2.727259090635375527e-01,1.486795369594355321e-01,0.000000000000000000e+00,1.000000000000000000e+00,1.000000000000000000e+00
1.015000000000000036e+01,2.723207782151070844e-01,1.486386903197504106e-01,0.000000000000000000e+00,1.000000000000000000e+00,1.000000000000000000e+00
1.016000000000000014e+01,2.719163610551765808e-01,1.485972534170991455e-01,0.000000000000000000e+00,1.000000000000000000e+00,1.000000000000000000e+00
1.016999999999999993e+01,2.715126577921084805e-01,1.485552278114921909e-01,0.000000000000000000e+00,1.000000000000000000e+00,1.000000000000000000e+00
1.017999999999999972e+01,2.711096686233625541e-01,1.485126150692008817e-01,0.000000000000000000e+00,1.000000000000000000e+00,1.000000000000000000e+00
1.018999999999999950e+01,2.707073937354961268e-01,1.484694167627575168e-01,0.000000000000000000e+00,1.000000000000000000e+00,1.000000000000000000e+00
1.020000000000000107e+01,2.703058333041638561e-01,1.484256344709551922e-01,0.000000000000000000e+00,1.000000000000000000e+00,1.000000000000000000e+00
1.021000000000000085e+01,2.699049874941179539e-01,1.483812697788480239e-01,0.000000000000000000e+00,1.000000000000000000e+00,1.000000000000000000e+00
1.022000000000000064e+01,2.695048564598401253e-01,1.483363242769069890e-01,0.000000000000000000e+00,1.000000000000000000e+00,1.000000000000000000e+00
1.023000000000000043e+01,2.691054403469422263e-01,1.482907995590664052e-01,0.000000000000000000e+00,1.000000000000000000e+00,1.000000000000000000e+00
1.024000000000000021e+01,2.687067392882289130e-01,1.482446972279561903e-01,0.000000000000000000e+00,1.000000000000000000e+00,1.000000000000000000e+00
1.025000000000000000e+01,2.683087534061171509e-01,1.481980188917730867e-01,0.000000000000000000e+00,1.000000000000000000e+00,1.000000000000000000e+00
1.025999999999999979e+01,2.679114828129451897e-01,1.481507661638735707e-01,0.000000000000000000e+00,1.000000000000000000e+00,1.000000000000000000e+00
1.026999999999999957e+01,2.675149276109723973e-01,1.481029406627738243e-01,0.000000000000000000e+00,1.000000000000000000e+00,1.000000000000000000e+00
1.027999999999999936e+01,2.671190878923795919e-01,1.480545440121498191e-01,0.000000000000000000e+00,1.000000000000000000e+00,1.000000000000000000e+00
1.029000000000000092e+01,2.667239637392685436e-01,1.480055778408372047e-01,0.000000000000000000e+00,1.000000000000000000e+00,1.000000000000000000e+00
1.030000000000000071e+01,2.663295552236626951e-01,1.479560437828313924e-01,0.000000000000000000e+00,1.000000000000000000e+00,1.000000000000000000e+00
1.031000000000000050e+01,2.659358624075062738e-01,1.479059434772875270e-01,0.000000000000000000e+00,1.000000000000000000e+00,1.000000000000000000e+00
1.032000000000000028e+01,2.655428853426650693e-01,1.478552785685204873e-01,0.000000000000000000e+00,1.000000000000000000e+00,1.000000000000000000e+00
1.033000000000000007e+01,2.651506240709259887e-01,1.478040507060048858e-01,0.000000000000000000e+00,1.000000000000000000e+00,1.000000000000000000e+00
1.033999999999999986e+01,2.647590786239971683e-01,1.477522615443750409e-01,0.000000000000000000e+00,1.000000000000000000e+00,1.000000000000000000e+00
1.034999999999999964e+01,2.643682490235079730e-01,1.476999127434250603e-01,0.000000000000000000e+00,1.000000000000000000e+00,1.000000000000000000e+00
1.035999999999999943e+01,2.639781352810091630e-01,1.476470059681087299e-01,0.000000000000000000e+00,1.000000000000000000e+00,1.000000000000000000e+00
1.037000000000000099e+01,2.635887373979725057e-01,1.475935428885395972e-01,0.000000000000000000e+00,1.000000000000000000e+00,1.000000000000000000e+00
1.038000000000000078e+01,2.632000553658209729e-01,1.475395251799535568e-01,0.000000000000000000e+00,1.000000000000000000e+00,1.000000000000000000e+00
1.039000000000000057e+01,2.628120891683456417e-01,1.474849545196328382e-01,0.000000000000000000e+00,1.000000000000000000e+00,1.000000000000000000e+00
1.040000000000000036e+01,2.624248387785295678e-01,1.474298325908026674e-01,0.000000000000000000e+00,1.000000000000000000e+00,1.000000000000000000e+00
1.041000000000000014e+01,2.620383041584481987e-01,1.473741610828553927e-01,0.000000000000000000e+00,1.000000000000000000e+00,1.000000000000000000e+00
1.041999999999999993e+01,2.616524852609719010e-01,1.473179416892374805e-01,0.000000000000000000e+00,1.000000000000000000e+00,1.000000000000000000e+00
1.042999999999999972e+01,2.612673820297655158e-01,1.472611761074493486e-01,0.000000000000000000e+00,1.000000000000000000e+00,1.000000000000000000e+00
1.043999999999999950e+01,2.608829943992888589e-01,1.472038660390454223e-01,0.000000000000000000e+00,1.000000000000000000e+00,1.000000000000000000e+00
1.045000000000000107e+01,2.604993222947961651e-01,1.471460131896341894e-01,0.000000000000000000e+00,1.000000000000000000e+00,1.000000000000000000e+00
1.046000000000000085e+01,2.601163656323368101e-01,1.470876192688782003e-01,0.000000000000000000e+00,1.000000000000000000e+00,1.000000000000000000e+00
1.047000000000000064e+01,2.597341243187545334e-01,1.470286859904939292e-01,0.000000000000000000e+00,1.000000000000000000e+00,1.000000000000000000e+00
1.048000000000000043e+01,2.593525982516880490e-01,1.469692150722519686e-01,0.000000000000000000e+00,1.000000000000000000e+00,1.000000000000000000e+00
1.049000000000000021e+01,2.589717873195705455e-01,1.469092082359768625e-01,0.000000000000000000e+00,1.000000000000000000e+00,1.000000000000000000e+00
1.050000000000000000e+01,2.585916914016301860e-01,1.468486672075472177e-01,0.000000000000000000e+00,1.000000000000000000e+00,1.000000000000000000e+00
1.050999999999999979e+01,2.582123103678897191e-01,1.467875937168956479e-01,0.000000000000000000e+00,1.000000000000000000e+00,1.000000000000000000e+00
1.051999999999999957e+01,2.578336440791666462e-01,1.467259894980088297e-01,0.000000000000000000e+00,1.000000000000000000e+00,1.000000000000000000e+00
1.052999999999999936e+01,2.574556923870732206e-01,1.466638562889273911e-01,0.000000000000000000e+00,1.000000000000000000e+00,1.000000000000000000e+00
1.054000000000000092e+01,2.570784551340163371e-01,1.466011958317460229e-01,0.000000000000000000e+00,1.000000000000000000e+00,1.000000000000000000e+00
1.055000000000000071e+01,2.567019321531978648e-01,1.465380098726135061e-01,0.000000000000000000e+00,1.000000000000000000e+00,1.000000000000000000e+00
1.056000000000000050e+01,2.563261232707503834e-01,1.464743001591645999e-01,0.000000000000000000e+00,1.000000000000000000e+00,1.000000000000000000e+00
1.057000000000000028e+01,2.559510283041284140e-01,1.464100684423263188e-01,0.000000000000000000e+00,1.000000000000000000e+00,1.000000000000000000e+00
1.058000000000000007e+01,2.555766470596987361e-01,1.463453164792687111e-01,0.000000000000000000e+00,1.000000000000000000e+00,1.000000000000000000e+00
1.058999999999999986e+01,2.552029793355355403e-01,1.462800460301197925e-01,0.000000000000000000e+00,1.000000000000000000e+00,1.000000000000000000e+00
1.059999999999999964e+01,2.548300249214262569e-01,1.462142588579582736e-01,0.000000000000000000e+00,1.000000000000000000e+00,1.000000000000000000e+00
1.060999999999999943e+01,2.544577835988717784e-01,1.461479567288134496e-01,0.000000000000000000e+00,1.000000000000000000e+00,1.000000000000000000e+00
1.062000000000000099e+01,2.540862551410861814e-01,1.460811414116653661e-01,0.000000000000000000e+00,1.000000000000000000e+00,1.000000000000000000e+00
1.063000000000000078e+01,2.537154393129972818e-01,1.460138146784446811e-01,0.000000000000000000e+00,1.000000000000000000e+00,1.000000000000000000e+00
1.064000000000000057e+01,2.533453358712459691e-01,1.459459783040327474e-01,0.000000000000000000e+00,1.000000000000000000e+00,1.000000000000000000e+00
1.065000000000000036e+01,2.529759445641864835e-01,1.458776340662615856e-01,0.000000000000000000e+00,1.000000000000000000e+00,1.000000000000000000e+00
1.066000000000000014e+01,2.526072651318865825e-01,1.458087837459138281e-01,0.000000000000000000e+00,1.000000000000000000e+00,1.000000000000000000e+00
1.066999999999999993e+01,2.522392973061272636e-01,1.457394291267228581e-01,0.000000000000000000e+00,1.000000000000000000e+00,1.000000000000000000e+00
1.067999999999999972e+01,2.518720408104030417e-01,1.456695719953726431e-01,0.000000000000000000e+00,1.000000000000000000e+00,1.000000000000000000e+00
1.068999999999999950e+01,2.515054953599216714e-01,1.455992141414978458e-01,0.000000000000000000e+00,1.000000000000000000e+00,1.000000000000000000e+00
1.070000000000000107e+01,2.511396606616043137e-01,1.455283573576838241e-01,0.000000000000000000e+00,1.000000000000000000e+00,1.000000000000000000e+00
1.071000000000000085e+01,2.507745364140854805e-01,1.454570034394665756e-01,0.000000000000000000e+00,1.000000000000000000e+00,1.000000000000000000e+00
1.072000000000000064e+01,2.504101223077132010e-01,1.453851541853327656e-01,0.000000000000000000e+00,1.000000000000000000e+00,1.000000000000000000e+00
1.073000000000000043e+01,2.500464180245485779e-01,1.453128113967197266e-01,0.000000000000000000e+00,1.000000000000000000e+00,1.000000000000000000e+00
1.074000000000000021e+01,2.496834232405241161e-01,1.452399768755606724e-01,0.000000000000000000e+00,1.000000000000000000e+00,1.000000000000000000e+00
1.075000000000000000e+01,2.493211376244971189e-01,1.451666524252350488e-01,0.000000000000000000e+00,1.000000000000000000e+00,1.000000000000000000e+00
1.075999999999999979e+01,2.489595608344075395e-01,1.450928398549775622e-01,0.000000000000000000e+00,1.000000000000000000e+00,1.000000000000000000e+00
1.076999999999999957e+01,2.485986925208286125e-01,1.450185409759250088e-01,0.000000000000000000e+00,1.000000000000000000e+00,1.000000000000000000e+00
1.077999999999999936e+01,2.482385323270062671e-01,1.449437576010716988e-01,0.000000000000000000e+00,1.000000000000000000e+00,1.000000000000000000e+00
1.079000000000000092e+01,2.478790798888589608e-01,1.448684915452695399e-01,0.000000000000000000e+00,1.000000000000000000e+00,1.000000000000000000e+00
1.080000000000000071e+01,2.475203348349780952e-01,1.447927446252281203e-01,0.000000000000000000e+00,1.000000000000000000e+00,1.000000000000000000e+00
1.081000000000000050e+01,2.471622967866275167e-01,1.447165186595144870e-01,0.000000000000000000e+00,1.000000000000000000e+00,1.000000000000000000e+00
1.082000000000000028e+01,2.468049653577438496e-01,1.446398154685533399e-01,0.000000000000000000e+00,1.000000000000000000e+00,1.000000000000000000e+00
1.083000000000000007e+01,2.464483401549363850e-01,1.445626368746269763e-01,0.000000000000000000e+00,1.000000000000000000e+00,1.000000000000000000e+00
1.083999999999999986e+01,2.460924207774870531e-01,1.444849847018752631e-01,0.000000000000000000e+00,1.000000000000000000e+00,1.000000000000000000e+00
1.084999999999999964e+01,2.457372068173505619e-01,1.444068607762956646e-01,0.000000000000000000e+00,1.000000000000000000e+00,1.000000000000000000e+00
1.085999999999999943e+01,2.453826978591541474e-01,1.443282669257432149e-01,0.000000000000000000e+00,1.000000000000000000e+00,1.000000000000000000e+00
1.087000000000000099e+01,2.450288934801978236e-01,1.442492049799305454e-01,0.000000000000000000e+00,1.000000000000000000e+00,1.000000000000000000e+00
1.088000000000000078e+01,2.446757932504543542e-01,1.441696767704278848e-01,0.000000000000000000e+00,1.000000000000000000e+00,1.000000000000000000e+00
1.089000000000000057e+01,2.443233967325690315e-01,1.440896841306630871e-01,0.000000000000000000e+00,1.000000000000000000e+00,1.000000000000000000e+00
1.090000000000000036e+01,2.439717034818599251e-01,1.440092288959215205e-01,0.000000000000000000e+00,1.000000000000000000e+00,1.000000000000000000e+00
1.091000000000000014e+01,2.436207130463177439e-01,1.439283129033461783e-01,0.000000000000000000e+00,1.000000000000000000e+00,1.000000000000000000e+00
1.091999999999999993e+01,2.432704249666058360e-01,1.438469379919376512e-01,0.000000000000000000e+00,1.000000000000000000e+00,1.000000000000000000e+00
1.092999999999999972e+01,2.429208387775920464e-01,1.437651060009064174e-01,0.000000000000000000e+00,1.000000000000000000e+00,1.000000000000000000e+00
1.093999999999999950e+01,2.425719540097963367e-01,1.436828187680078972e-01,0.000000000000000000e+00,1.000000000000000000e+00,1.000000000000000000e+00
1.095000000000000107e+01,2.422237701827580081e-01,1.436000781366695844e-01,0.000000000000000000e+00,1.000000000000000000e+00,1.000000000000000000e+00
1.096000000000000085e+01,2.418762868093680685e-01,1.435168859514396322e-01,0.000000000000000000e+00,1.000000000000000000e+00,1.000000000000000000e+00
1.097000000000000064e+01,2.415295033961744053e-01,1.434332440576617795e-01,0.000000000000000000e+00,1.000000000000000000e+00,1.000000000000000000e+00
1.098000000000000043e+01,2.411834194433819800e-01,1.433491543014751568e-01,0.000000000000000000e+00,1.000000000000000000e+00,1.000000000000000000e+00
1.099000000000000021e+01,2.408380344448528831e-01,1.432646185298145358e-01,0.000000000000000000e+00,1.000000000000000000e+00,1.000000000000000000e+00
1.100000000000000000e+01,2.404933478881061404e-01,1.431796385904101909e-01,0.000000000000000000e+00,1.000000000000000000e+00,1.000000000000000000e+00
1.100999999999999979e+01,2.401493592543179345e-01,1.430942163317878435e-01,0.000000000000000000e+00,1.000000000000000000e+00,1.000000000000000000e+00
1.101999999999999957e+01,2.398060680183214388e-01,1.430083536032688563e-01,0.000000000000000000e+00,1.000000000000000000e+00,1.000000000000000000e+00
1.102999999999999936e+01,2.394634736486069004e-01,1.429220522549699834e-01,0.000000000000000000e+00,1.000000000000000000e+00,1.000000000000000000e+00
1.104000000000000092e+01,2.391215756073215293e-01,1.428353141378036484e-01,0.000000000000000000e+00,1.000000000000000000e+00,1.000000000000000000e+00
1.105000000000000071e+01,2.387803733502698034e-01,1.427481411034776659e-01,0.000000000000000000e+00,1.000000000000000000e+00,1.000000000000000000e+00
1.106000000000000050e+01,2.384398663269130525e-01,1.426605350044954645e-01,0.000000000000000000e+00,1.000000000000000000e+00,1.000000000000000000e+00
1.107000000000000028e+01,2.381000539803696803e-01,1.425724976941559752e-01,0.000000000000000000e+00,1.000000000000000000e+00,1.000000000000000000e+00
1.108000000000000007e+01,2.377609357474152196e-01,1.424840310265536314e-01,0.000000000000000000e+00,1.000000000000000000e+00,1.000000000000000000e+00
1.108999999999999986e+01,2.374225110584821941e-01,1.423951368565783693e-01,0.000000000000000000e+00,1.000000000000000000e+00,1.000000000000000000e+00
1.109999999999999964e+01,2.370847793376602008e-01,1.423058170399157107e-01,0.000000000000000000e+00,1.000000000000000000e+00,1.000000000000000000e+00
1.110999999999999943e+01,2.367477400026958279e-01,1.422160734330466525e-01,0.000000000000000000e+00,1.000000000000000000e+00,1.000000000000000000e+00
1.112000000000000099e+01,2.364113924649927367e-01,1.421259078932477493e-01,0.000000000000000000e+00,1.000000000000000000e+00,1.000000000000000000e+00
1.113000000000000078e+01,2.360757361304115232e-01,1.420353222777741564e-01,0.000000000000000000e+00,1.000000000000000000e+00,1.000000000000000000e+00
1.114000000000000057e+01,2.357407704024901962e-01,1.419443184404881042e-01,0.000000000000000000e+00,1.000000000000000000e+00,1.000000000000000000e+00
1.115000000000000036e+01,2.354064946749994114e-01,1.418528982394199889e-01,0.000000000000000000e+00,1.000000000000000000e+00,1.000000000000000000e+00
1.116000000000000014e+01,2.350729083355163340e-01,1.417610635332361979e-01,0.000000000000000000e+00,1.000000000000000000e+00,1.000000000000000000e+00
1.116999999999999993e+01,2.347400107662338531e-01,1.416688161804218749e-01,0.000000000000000000e+00,1.000000000000000000e+00,1.000000000000000000e+00
1.117999999999999972e+01,2.344078013439604979e-01,1.415761580392806418e-01,0.000000000000000000e+00,1.000000000000000000e+00,1.000000000000000000e+00
1.118999999999999950e+01,2.340762794401204938e-01,1.414830909679349047e-01,0.000000000000000000e+00,1.000000000000000000e+00,1.000000000000000000e+00
1.120000000000000107e+01,2.337454444207536508e-01,1.413896168243255203e-01,0.000000000000000000e+00,1.000000000000000000e+00,1.000000000000000000e+00
1.121000000000000085e+01,2.334152956465156692e-01,1.412957374662121568e-01,0.000000000000000000e+00,1.000000000000000000e+00,1.000000000000000000e+00
1.122000000000000064e+01,2.330858324726777231e-01,1.412014547511730167e-01,0.000000000000000000e+00,1.000000000000000000e+00,1.000000000000000000e+00
1.123000000000000043e+01,2.327570542491266825e-01,1.411067705366048919e-01,0.000000000000000000e+00,1.000000000000000000e+00,1.000000000000000000e+00
1.124000000000000021e+01,2.324289603203651966e-01,1.410116866797232749e-01,0.000000000000000000e+00,1.000000000000000000e+00,1.000000000000000000e+00
1.125000000000000000e+01,2.321015500255114994e-01,1.409162050375622754e-01,0.000000000000000000e+00,1.000000000000000000e+00,1.000000000000000000e+00
1.125999999999999979e+01,2.317748226982994930e-01,1.408203274669746208e-01,0.000000000000000000e+00,1.000000000000000000e+00,1.000000000000000000e+00
1.126999999999999957e+01,2.314487776670788033e-01,1.407240558246316275e-01,0.000000000000000000e+00,1.000000000000000000e+00,1.000000000000000000e+00
1.127999999999999936e+01,2.311234142548147241e-01,1.406273919670232853e-01,0.000000000000000000e+00,1.000000000000000000e+00,1.000000000000000000e+00
1.129000000000000092e+01,2.307987317790881621e-01,1.405303377504582008e-01,0.000000000000000000e+00,1.000000000000000000e+00,1.000000000000000000e+00
1.130000000000000071e+01,2.304747295520958306e-01,1.404328950310636537e-01,0.000000000000000000e+00,1.000000000000000000e+00,1.000000000000000000e+00
1.131000000000000050e+01,2.301514068806499724e-01,1.403350656647854577e-01,0.000000000000000000e+00,1.000000000000000000e+00,1.000000000000000000e+00
1.132000000000000028e+01,2.298287630661786096e-01,1.402368515073881272e-01,0.000000000000000000e+00,1.000000000000000000e+00,1.000000000000000000e+00
1.133000000000000007e+01,2.295067974053439930e-01,1.401382544138555786e-01,0.000000000000000000e+00,1.000000000000000000e+00,1.000000000000000000e+00
1.133999999999999986e+01,2.291855091929525523e-01,1.400392762355059384e-01,0.000000000000000000e+00,1.000000000000000000e+00,1.000000000000000000e+00
1.134999999999999964e+01,2.288648977157169140e-01,1.399399188259962679e-01,0.000000000000000000e+00,1.000000000000000000e+00,1.000000000000000000e+00
1.135999999999999943e+01,2.285449622550971283e-01,1.398401840386736816e-01,0.000000000000000000e+00,1.000000000000000000e+00,1.000000000000000000e+00
1.137000000000000099e+01,2.282257020880426868e-01,1.397400737258649717e-01,0.000000000000000000e+00,1.000000000000000000e+00,1.000000000000000000e+00
1.138000000000000078e+01,2.279071164869927446e-01,1.396395897388766627e-01,0.000000000000000000e+00,1.000000000000000000e+00,1.000000000000000000e+00
1.139000000000000057e+01,2.275892047198757318e-01,1.395387339279949290e-01,0.000000000000000000e+00,1.000000000000000000e+00,1.000000000000000000e+00
1.140000000000000036e+01,2.272719660501097139e-01,1.394375081424856777e-01,0.000000000000000000e+00,1.000000000000000000e+00,1.000000000000000000e+00
1.141000000000000014e+01,2.269553997366022258e-01,1.393359142305945209e-01,0.000000000000000000e+00,1.000000000000000000e+00,1.000000000000000000e+00
1.141999999999999993e+01,2.266395050337502992e-01,1.392339540395467201e-01,0.000000000000000000e+00,1.000000000000000000e+00,1.000000000000000000e+00
1.142999999999999972e+01,2.263242811914404906e-01,1.391316294155472699e-01,0.000000000000000000e+00,1.000000000000000000e+00,1.000000000000000000e+00
1.143999999999999950e+01,2.260097274550487978e-01,1.390289422037808698e-01,0.000000000000000000e+00,1.000000000000000000e+00,1.000000000000000000e+00
1.145000000000000107e+01,2.256958430654407433e-01,1.389258942484118964e-01,0.000000000000000000e+00,1.000000000000000000e+00,1.000000000000000000e+00
1.146000000000000085e+01,2.253826272589714574e-01,1.388224873925844594e-01,0.000000000000000000e+00,1.000000000000000000e+00,1.000000000000000000e+00
1.147000000000000064e+01,2.250700792674854012e-01,1.387187234784223178e-01,0.000000000000000000e+00,1.000000000000000000e+00,1.000000000000000000e+00
1.148000000000000043e+01,2.247581983183166154e-01,1.386146043470289635e-01,0.000000000000000000e+00,1.000000000000000000e+00,1.000000000000000000e+00
1.149000000000000021e+01,2.244469836342886659e-01,1.385101318384875380e-01,0.000000000000000000e+00,1.000000000000000000e+00,1.000000000000000000e+00
1.150000000000000000e+01,2.241364344337145875e-01,1.384053077918609709e-01,0.000000000000000000e+00,1.000000000000000000e+00,1.000000000000000000e+00
1.150999999999999979e+01,2.238265499303969119e-01,1.383001340451917860e-01,0.000000000000000000e+00,1.000000000000000000e+00,1.000000000000000000e+00
1.151999999999999957e+01,2.235173293342552492e-01,1.381946124349302529e-01,0.000000000000000000e+00,1.000000000000000000e+00,1.000000000000000000e+00
1.152999999999999936e+01,2.232087718533803111e-01,1.380887447940040702e-01,0.000000000000000000e+00,1.000000000000000000e+00,1.000000000000000000e+00
1.154000000000000092e+01,2.229008766891646398e-01,1.379825329562348324e-01,0.000000000000000000e+00,1.000000000000000000e+00,1.000000000000000000e+00
1.155000000000000071e+01,2.225936430388080478e-01,1.378759787541362913e-01,0.000000000000000000e+00,1.000000000000000000e+00,1.000000000000000000e+00
1.156000000000000050e+01,2.222870700957719214e-01,1.377690840185049892e-01,0.000000000000000000e+00,1.000000000000000000e+00,1.000000000000000000e+00
1.157000000000000028e+01,2.219811570497794428e-01,1.376618505784205082e-01,0.000000000000000000e+00,1.000000000000000000e+00,1.000000000000000000e+00
1.158000000000000007e+01,2.216759030868154512e-01,1.375542802612453597e-01,0.000000000000000000e+00,1.000000000000000000e+00,1.000000000000000000e+00
1.158999999999999986e+01,2.213713073891266092e-01,1.374463748926249562e-01,0.000000000000000000e+00,1.000000000000000000e+00,1.000000000000000000e+00
1.159999999999999964e+01,2.210673691352212089e-01,1.373381362964876951e-01,0.000000000000000000e+00,1.000000000000000000e+00,1.000000000000000000e+00
1.160999999999999943e+01,2.207640874998693381e-01,1.372295662950448747e-01,0.000000000000000000e+00,1.000000000000000000e+00,1.000000000000000000e+00
1.162000000000000099e+01,2.204614616541026861e-01,1.371206667087908060e-01,0.000000000000000000e+00,1.000000000000000000e+00,1.000000000000000000e+00
1.163000000000000078e+01,2.201594907652149047e-01,1.370114393565027289e-01,0.000000000000000000e+00,1.000000000000000000e+00,1.000000000000000000e+00
1.164000000000000057e+01,2.198581739967611359e-01,1.369018860552407846e-01,0.000000000000000000e+00,1.000000000000000000e+00,1.000000000000000000e+00
1.165000000000000036e+01,2.195575105085583179e-01,1.367920086203480434e-01,0.000000000000000000e+00,1.000000000000000000e+00,1.000000000000000000e+00
1.166000000000000014e+01,2.192574994566851287e-01,1.366818088654506436e-01,0.000000000000000000e+00,1.000000000000000000e+00,1.000000000000000000e+00
1.166999999999999993e+01,2.189581399934819594e-01,1.365712886024575135e-01,0.000000000000000000e+00,1.000000000000000000e+00,1.000000000000000000e+00
1.167999999999999972e+01,2.186594312675509133e-01,1.364604496415606216e-01,0.000000000000000000e+00,1.000000000000000000e+00,1.000000000000000000e+00
1.168999999999999950e+01,2.183613724237558618e-01,1.363492937912348379e-01,0.000000000000000000e+00,1.000000000000000000e+00,1.000000000000000000e+00
1.170000000000000107e+01,2.180639626038096135e-01,1.362378228577366679e-01,0.000000000000000000e+00,1.000000000000000000e+00,1.000000000000000000e+00
1.171000000000000085e+01,2.177672009477618631e-01,1.361260386437843639e-01,0.000000000000000000e+00,1.000000000000000000e+00,1.000000000000000000e+00
1.172000000000000064e+01,2.174710865901599566e-01,1.360139429518211762e-01,0.000000000000000000e+00,1.000000000000000000e+00,1.000000000000000000e+00
1.173000000000000043e+01,2.171756186621924822e-01,1.359015375822515415e-01,0.000000000000000000e+00,1.000000000000000000e+00,1.000000000000000000e+00
1.174000000000000021e+01,2.168807962919930277e-01,1.357888243331852596e-01,0.000000000000000000e+00,1.000000000000000000e+00,1.000000000000000000e+00
1.175000000000000000e+01,2.165866186046401798e-01,1.356758050004374938e-01,0.000000000000000000e+00,1.000000000000000000e+00,1.000000000000000000e+00
1.175999999999999979e+01,2.162930847221575525e-01,1.355624813775287985e-01,0.000000000000000000e+00,1.000000000000000000e+00,1.000000000000000000e+00
1.176999999999999957e+01,2.160001937635138147e-01,1.354488552556850633e-01,0.000000000000000000e+00,1.000000000000000000e+00,1.000000000000000000e+00
1.177999999999999936e+01,2.157079448446225511e-01,1.353349284238375971e-01,0.000000000000000000e+00,1.000000000000000000e+00,1.000000000000000000e+00
1.179000000000000092e+01,2.154163370783424014e-01,1.352207026686229885e-01,0.000000000000000000e+00,1.000000000000000000e+00,1.000000000000000000e+00
1.180000000000000071e+01,2.151253695744771433e-01,1.351061797743833282e-01,0.000000000000000000e+00,1.000000000000000000e+00,1.000000000000000000e+00
1.181000000000000050e+01,2.148350414397754149e-01,1.349913615231659592e-01,0.000000000000000000e+00,1.000000000000000000e+00,1.000000000000000000e+00
1.182000000000000028e+01,2.145453517779309371e-01,1.348762496947236433e-01,0.000000000000000000e+00,1.000000000000000000e+00,1.000000000000000000e+00
1.183000000000000007e+01,2.142562996895823746e-01,1.347608460665144781e-01,0.000000000000000000e+00,1.000000000000000000e+00,1.000000000000000000e+00
1.183999999999999986e+01,2.139678842723135299e-01,1.346451524137020073e-01,0.000000000000000000e+00,1.000000000000000000e+00,1.000000000000000000e+00
1.184999999999999964e+01,2.136801046206530941e-01,1.345291705091550272e-01,0.000000000000000000e+00,1.000000000000000000e+00,1.000000000000000000e+00
1.185999999999999943e+01,2.133929598260748683e-01,1.344129021234478083e-01,0.000000000000000000e+00,1.000000000000000000e+00,1.000000000000000000e+00
1.187000000000000099e+01,2.131064489771524462e-01,1.342963490247372771e-01,0.000000000000000000e+00,1.000000000000000000e+00,1.000000000000000000e+00
1.188000000000000078e+01,2.128205711613500306e-01,1.341795129773152573e-01,0.000000000000000000e+00,1.000000000000000000e+00,1.000000000000000000e+00
1.189000000000000057e+01,2.125353254619974652e-01,1.340623957439703029e-01,0.000000000000000000e+00,1.000000000000000000e+00,1.000000000000000000e+00
1.190000000000000036e+01,2.122507109593157193e-01,1.339449990852339401e-01,0.000000000000000000e+00,1.000000000000000000e+00,1.000000000000000000e+00
1.191000000000000014e+01,2.119667267310788306e-01,1.338273247588639414e-01,0.000000000000000000e+00,1.000000000000000000e+00,1.000000000000000000e+00
1.191999999999999993e+01,2.116833718526139052e-01,1.337093745198444095e-01,0.000000000000000000e+00,1.000000000000000000e+00,1.000000000000000000e+00
1.192999999999999972e+01,2.114006453968013399e-01,1.335911501203857210e-01,0.000000000000000000e+00,1.000000000000000000e+00,1.000000000000000000e+00
1.193999999999999950e+01,2.111185464340745721e-01,1.334726533099245827e-01,0.000000000000000000e+00,1.000000000000000000e+00,1.000000000000000000e+00
1.195000000000000107e+01,2.108370740324201076e-01,1.333538858351238920e-01,0.000000000000000000e+00,1.000000000000000000e+00,1.000000000000000000e+00
1.196000000000000085e+01,2.105562272573778260e-01,1.332348494398730154e-01,0.000000000000000000e+00,1.000000000000000000e+00,1.000000000000000000e+00
1.197000000000000064e+01,2.102760051720405365e-01,1.331155458652875101e-01,0.000000000000000000e+00,1.000000000000000000e+00,1.000000000000000000e+00
1.198000000000000043e+01,2.099964068370542281e-01,1.329959768497092354e-01,0.000000000000000000e+00,1.000000000000000000e+00,1.000000000000000000e+00
1.199000000000000021e+01,2.097174313106180688e-01,1.328761441287063805e-01,0.000000000000000000e+00,1.000000000000000000e+00,1.000000000000000000e+00
1.200000000000000000e+01,2.094390776484843231e-01,1.327560494350733811e-01,0.000000000000000000e+00,1.000000000000000000e+00,1.000000000000000000e+00
1.200999999999999979e+01,2.091613449039584627e-01,1.326356944988310305e-01,0.000000000000000000e+00,1.000000000000000000e+00,1.000000000000000000e+00
1.201999999999999957e+01,2.088842321278990000e-01,1.325150810472263685e-01,0.000000000000000000e+00,1.000000000000000000e+00,1.000000000000000000e+00
1.203000000000000114e+01,2.086077383687175990e-01,1.323942108047327371e-01,0.000000000000000000e+00,1.000000000000000000e+00,1.000000000000000000e+00
1.204000000000000092e+01,2.083318626727907463e-01,1.322730854927474942e-01,0.000000000000000000e+00,1.000000000000000000e+00,1.000000000000000000e+00
1.205000000000000071e+01,2.080566040855089671e-01,1.321517068287848817e-01,0.000000000000000000e+00,1.000000000000000000e+00,1.000000000000000000e+00
1.206000000000000050e+01,2.077819616486086263e-01,1.320300765284266320e-01,0.000000000000000000e+00,1.000000000000000000e+00,1.000000000000000000e+00
1.207000000000000028e+01,2.075079344017061178e-01,1.319081963042414429e-01,0.000000000000000000e+00,1.000000000000000000e+00,1.000000000000000000e+00
1.208000000000000007e+01,2.072345213825137755e-01,1.317860678656289086e-01,0.000000000000000000e+00,1.000000000000000000e+00,1.000000000000000000e+00
1.208999999999999986e+01,2.069617216268399840e-01,1.316636929188194083e-01,0.000000000000000000e+00,1.000000000000000000e+00,1.000000000000000000e+00
1.209999999999999964e+01,2.066895341685892062e-01,1.315410731668741895e-01,0.000000000000000000e+00,1.000000000000000000e+00,1.000000000000000000e+00
1.210999999999999943e+01,2.064179580397619285e-01,1.314182103096853127e-01,0.000000000000000000e+00,1.000000000000000000e+00,1.000000000000000000e+00
1.212000000000000099e+01,2.061469922704545210e-01,1.312951060439756512e-01,0.000000000000000000e+00,1.000000000000000000e+00,1.000000000000000000e+00
1.213000000000000078e+01,2.058766358888596548e-01,1.311717620632989467e-01,0.000000000000000000e+00,1.000000000000000000e+00,1.000000000000000000e+00
1.214000000000000057e+01,2.056068879212658296e-01,1.310481800580397815e-01,0.000000000000000000e+00,1.000000000000000000e+00,1.000000000000000000e+00
1.215000000000000036e+01,2.053377473920576235e-01,1.309243617154135231e-01,0.000000000000000000e+00,1.000000000000000000e+00,1.000000000000000000e+00
1.216000000000000014e+01,2.050692133237156933e-01,1.308003087194664071e-01,0.000000000000000000e+00,1.000000000000000000e+00,1.000000000000000000e+00
1.216999999999999993e+01,2.048012847368166078e-01,1.306760227510754269e-01,0.000000000000000000e+00,1.000000000000000000e+00,1.000000000000000000e+00
1.217999999999999972e+01,2.045339606500331253e-01,1.305515054879485548e-01,0.000000000000000000e+00,1.000000000000000000e+00,1.000000000000000000e+00
1.218999999999999950e+01,2.042672400801338883e-01,1.304267586046244376e-01,0.000000000000000000e+00,1.000000000000000000e+00,1.000000000000000000e+00
1.220000000000000107e+01,2.040011220420309690e-01,1.303017837724410599e-01,0.000000000000000000e+00,1.000000000000000000e+00,1.000000000000000000e+00
1.221000000000000085e+01,2.037356055500913476e-01,1.301765826586424313e-01,0.000000000000000000e+00,1.000000000000000000e+00,1.000000000000000000e+00
1.222000000000000064e+01,2.034706896162571943e-01,1.300511569276022461e-01,0.000000000000000000e+00,1.000000000000000000e+00,1.000000000000000000e+00
1.223000000000000043e+01,2.032063732503833486e-01,1.299255082406401973e-01,0.000000000000000000e+00,1.000000000000000000e+00,1.000000000000000000e+00
1.224000000000000021e+01,2.029426554609056466e-01,1.297996382555838268e-01,0.000000000000000000e+00,1.000000000000000000e+00,1.000000000000000000e+00
1.225000000000000000e+01,2.026795352548409757e-01,1.296735486267684145e-01,0.000000000000000000e+00,1.000000000000000000e+00,1.000000000000000000e+00
1.225999999999999979e+01,2.024170116377872475e-01,1.295472410050370615e-01,0.000000000000000000e+00,1.000000000000000000e+00,1.000000000000000000e+00
1.226999999999999957e+01,2.021550836139233975e-01,1.294207170377406069e-01,0.000000000000000000e+00,1.000000000000000000e+00,1.000000000000000000e+00
1.228000000000000114e+01,2.018937501860093298e-01,1.292939783687377941e-01,0.000000000000000000e+00,1.000000000000000000e+00,1.000000000000000000e+00
1.229000000000000092e+01,2.016330103553861108e-01,1.291670266383951049e-01,0.000000000000000000e+00,1.000000000000000000e+00,1.000000000000000000e+00
1.230000000000000071e+01,2.013728631219757204e-01,1.290398634835868141e-01,0.000000000000000000e+00,1.000000000000000000e+00,1.000000000000000000e+00
1.231000000000000050e+01,2.011133074842811896e-01,1.289124905376949903e-01,0.000000000000000000e+00,1.000000000000000000e+00,1.000000000000000000e+00
1.232000000000000028e+01,2.008543424393865462e-01,1.287849094306095232e-01,0.000000000000000000e+00,1.000000000000000000e+00,1.000000000000000000e+00
1.233000000000000007e+01,2.005959669829568970e-01,1.286571217887281238e-01,0.000000000000000000e+00,1.000000000000000000e+00,1.000000000000000000e+00
1.233999999999999986e+01,2.003381801092383452e-01,1.285291292349562131e-01,0.000000000000000000e+00,1.000000000000000000e+00,1.000000000000000000e+00
1.234999999999999964e+01,2.000809808110580179e-01,1.284009333887070892e-01,0.000000000000000000e+00,1.000000000000000000e+00,1.000000000000000000e+00
1.235999999999999943e+01,1.998243680798395816e-01,1.282725358658925452e-01,0.000000000000000000e+00,1.000000000000000000e+00,1.000000000000000000e+00
1.237000000000000099e+01,1.995683409066873470e-01,1.281439382782598446e-01,0.000000000000000000e+00,1.000000000000000000e+00,1.000000000000000000e+00
1.238000000000000078e+01,1.993128982810351280e-01,1.280151422341722633e-01,0.000000000000000000e+00,1.000000000000000000e+00,1.000000000000000000e+00
1.239000000000000057e+01,1.990580391906217328e-01,1.278861493386576065e-01,0.000000000000000000e+00,1.000000000000000000e+00,1.000000000000000000e+00
1.240000000000000036e+01,1.988037626222000087e-01,1.277569611929920135e-01,0.000000000000000000e+00,1.000000000000000000e+00,1.000000000000000000e+00
1.241000000000000014e+01,1.985500675615367028e-01,1.276275793946999582e-01,0.000000000000000000e+00,1.000000000000000000e+00,1.000000000000000000e+00
1.241999999999999993e+01,1.982969529934123787e-01,1.274980055375541377e-01,0.000000000000000000e+00,1.000000000000000000e+00,1.000000000000000000e+00
1.242999999999999972e+01,1.980444179016215833e-01,1.273682412115756390e-01,0.000000000000000000e+00,1.000000000000000000e+00,1.000000000000000000e+00
1.243999999999999950e+01,1.977924612689727357e-01,1.272382880030338281e-01,0.000000000000000000e+00,1.000000000000000000e+00,1.000000000000000000e+00
1.245000000000000107e+01,1.975410820772880993e-01,1.271081474944462941e-01,0.000000000000000000e+00,1.000000000000000000e+00,1.000000000000000000e+00
1.246000000000000085e+01,1.972902793074040040e-01,1.269778212645790716e-01,0.000000000000000000e+00,1.000000000000000000e+00,1.000000000000000000e+00
1.247000000000000064e+01,1.970400519391704852e-01,1.268473108884463907e-01,0.000000000000000000e+00,1.000000000000000000e+00,1.000000000000000000e+00
1.248000000000000043e+01,1.967903989514516172e-01,1.267166179373108159e-01,0.000000000000000000e+00,1.000000000000000000e+00,1.000000000000000000e+00
1.249000000000000021e+01,1.965413193221252353e-01,1.265857439786831906e-01,0.000000000000000000e+00,1.000000000000000000e+00,1.000000000000000000e+00
1.250000000000000000e+01,1.962928120280832411e-01,1.264546905763227480e-01,0.000000000000000000e+00,1.000000000000000000e+00,1.000000000000000000e+00
1.250999999999999979e+01,1.960448760452312977e-01,1.263234592902368891e-01,0.000000000000000000e+00,1.000000000000000000e+00,1.000000000000000000e+00
1.251999999999999957e+01,1.957975103485463664e-01,1.261920516766511791e-01,0.000000000000000000e+00,1.000000000000000000e+00,1.000000000000000000e+00
1.253000000000000114e+01,1.955507139130676919e-01,1.260604692874712218e-01,0.000000000000000000e+00,1.000000000000000000e+00,1.000000000000000000e+00
1.254000000000000092e+01,1.953044857123635569e-01,1.259287136710715849e-01,0.000000000000000000e+00,1.000000000000000000e+00,1.000000000000000000e+00
1.255000000000000071e+01,1.950588247189699864e-01,1.257967863720945434e-01,0.000000000000000000e+00,1.000000000000000000e+00,1.000000000000000000e+00
1.256000000000000050e+01,1.948137299048224580e-01,1.256646889312273419e-01,0.000000000000000000e+00,1.000000000000000000e+00,1.000000000000000000e+00
1.257000000000000028e+01,1.945692002412559296e-01,1.255324228852021384e-01,0.000000000000000000e+00,1.000000000000000000e+00,1.000000000000000000e+00
1.258000000000000007e+01,1.943252346990048951e-01,1.253999897667960883e-01,0.000000000000000000e+00,1.000000000000000000e+00,1.000000000000000000e+00
1.258999999999999986e+01,1.940818322482032177e-01,1.252673911048312327e-01,0.000000000000000000e+00,1.000000000000000000e+00,1.000000000000000000e+00
1.259999999999999964e+01,1.938389918583842964e-01,1.251346284241745821e-01,0.000000000000000000e+00,1.000000000000000000e+00,1.000000000000000000e+00
1.260999999999999943e+01,1.935967124984809828e-01,1.250017032457381438e-01,0.000000000000000000e+00,1.000000000000000000e+00,1.000000000000000000e+00
1.262000000000000099e+01,1.933549931368255259e-01,1.248686170864787143e-01,0.000000000000000000e+00,1.000000000000000000e+00,1.000000000000000000e+00
1.263000000000000078e+01,1.931138327411497935e-01,1.247353714593982255e-01,0.000000000000000000e+00,1.000000000000000000e+00,1.000000000000000000e+00
1.264000000000000057e+01,1.928732302785850228e-01,1.246019678735434122e-01,0.000000000000000000e+00,1.000000000000000000e+00,1.000000000000000000e+00
1.265000000000000036e+01,1.926331847156618760e-01,1.244684078340060202e-01,0.000000000000000000e+00,1.000000000000000000e+00,1.000000000000000000e+00
1.266000000000000014e+01,1.923936950183105510e-01,1.243346928419226949e-01,0.000000000000000000e+00,1.000000000000000000e+00,1.000000000000000000e+00
1.266999999999999993e+01,1.921547601518606985e-01,1.242008243944750373e-01,0.000000000000000000e+00,1.000000000000000000e+00,1.000000000000000000e+00
1.267999999999999972e+01,1.919163790812710713e-01,1.240668039847859228e-01,0.000000000000000000e+00,1.000000000000000000e+00,1.000000000000000000e+00
1.268999999999999950e+01,1.916785507717217729e-01,1.239326331016324667e-01,0.000000000000000000e+00,1.000000000000000000e+00,1.000000000000000000e+00
1.270000000000000107e+01,1.914412741871359125e-01,1.237983132301076761e-01,0.000000000000000000e+00,1.000000000000000000e+00,1.000000000000000000e+00
1.271000000000000085e+01,1.912045482910557648e-01,1.236638458512500649e-01,0.000000000000000000e+00,1.000000000000000000e+00,1.000000000000000000e+00
1.272000000000000064e+01,1.909683720467652557e-01,1.235292324419894616e-01,0.000000000000000000e+00,1.000000000000000000e+00,1.000000000000000000e+00
1.273000000000000043e+01,1.907327444172903785e-01,1.233944744751470368e-01,0.000000000000000000e+00,1.000000000000000000e+00,1.000000000000000000e+00
1.274000000000000021e+01,1.904976643653989166e-01,1.232595734194353310e-01,0.000000000000000000e+00,1.000000000000000000e+00,1.000000000000000000e+00
1.275000000000000000e+01,1.902631308536005539e-01,1.231245307394582683e-01,0.000000000000000000e+00,1.000000000000000000e+00,1.000000000000000000e+00
1.275999999999999979e+01,1.900291428441468755e-01,1.229893478957110875e-01,0.000000000000000000e+00,1.000000000000000000e+00,1.000000000000000000e+00
1.276999999999999957e+01,1.897956992990313674e-01,1.228540263445804109e-01,0.000000000000000000e+00,1.000000000000000000e+00,1.000000000000000000e+00
1.278000000000000114e+01,1.895627991799893330e-01,1.227185675383441893e-01,0.000000000000000000e+00,1.000000000000000000e+00,1.000000000000000000e+00
1.279000000000000092e+01,1.893304414484980880e-01,1.225829729251717987e-01,0.000000000000000000e+00,1.000000000000000000e+00,1.000000000000000000e+00
1.280000000000000071e+01,1.890986250657767098e-01,1.224472439491238879e-01,0.000000000000000000e+00,1.000000000000000000e+00,1.000000000000000000e+00
1.281000000000000050e+01,1.888673489927862048e-01,1.223113820501525312e-01,0.000000000000000000e+00,1.000000000000000000e+00,1.000000000000000000e+00
1.282000000000000028e+01,1.886366121902295079e-01,1.221753886641011033e-01,0.000000000000000000e+00,1.000000000000000000e+00,1.000000000000000000e+00
1.283000000000000007e+01,1.884064136185515936e-01,1.220392652227042934e-01,0.000000000000000000e+00,1.000000000000000000e+00,1.000000000000000000e+00
1.283999999999999986e+01,1.881767522385599245e-01,1.219030131533598293e-01,0.000000000000000000e+00,1.000000000000000000e+00,1.000000000000000000e+00
1.284999999999999964e+01,1.879476270108536295e-01,1.217666338793119973e-01,0.000000000000000000e+00,1.000000000000000000e+00,1.000000000000000000e+00
1.285999999999999943e+01,1.877190368954758659e-01,1.216301288197950553e-01,0.000000000000000000e+00,1.000000000000000000e+00,1.000000000000000000e+00
1.287000000000000099e+01,1.874909808525146160e-01,1.214934993898252186e-01,0.000000000000000000e+00,1.000000000000000000e+00,1.000000000000000000e+00
1.288000000000000078e+01,1.872634578421027429e-01,1.213567470002007431e-01,0.000000000000000000e+00,1.000000000000000000e+00,1.000000000000000000e+00
1.289000000000000057e+01,1.870364668244179351e-01,1.212198730575018008e-01,0.000000000000000000e+00,1.000000000000000000e+00,1.000000000000000000e+00
1.290000000000000036e+01,1.868100067596827341e-01,1.210828789640905345e-01,0.000000000000000000e+00,1.000000000000000000e+00,1.000000000000000000e+00
1.291000000000000014e+01,1.865840766081645341e-01,1.209457661181110588e-01,0.000000000000000000e+00,1.000000000000000000e+00,1.000000000000000000e+00
1.291999999999999993e+01,1.863586753301755550e-01,1.208085359134894593e-01,0.000000000000000000e+00,1.000000000000000000e+00,1.000000000000000000e+00
1.292999999999999972e+01,1.861338018860728694e-01,1.206711897399338068e-01,0.000000000000000000e+00,1.000000000000000000e+00,1.000000000000000000e+00
1.293999999999999950e+01,1.859094552362584307e-01,1.205337289829341157e-01,0.000000000000000000e+00,1.000000000000000000e+00,1.000000000000000000e+00
1.295000000000000107e+01,1.856856343411789345e-01,1.203961550237623718e-01,0.000000000000000000e+00,1.000000000000000000e+00,1.000000000000000000e+00
1.296000000000000085e+01,1.854623381613260957e-01,1.202584692394725874e-01,0.000000000000000000e+00,1.000000000000000000e+00,1.000000000000000000e+00
1.297000000000000064e+01,1.852395656572363714e-01,1.201206730029006631e-01,0.000000000000000000e+00,1.000000000000000000e+00,1.000000000000000000e+00
1.298000000000000043e+01,1.850173157894910436e-01,1.199827676826645401e-01,0.000000000000000000e+00,1.000000000000000000e+00,1.000000000000000000e+00
1.299000000000000021e+01,1.847955875188771746e-01,1.198447546431217064e-01,0.000000000000000000e+00,1.000000000000000000e+00,1.000000000000000000e+00
1.300000000000000000e+01,1.845743798068646968e-01,1.197066352442302944e-01,0.000000000000000000e+00,1.000000000000000000e+00,1.000000000000000000e+00
1.300999999999999979e+01,1.843536916144769555e-01,1.195684108418409303e-01,0.000000000000000000e+00,1.000000000000000000e+00,1.000000000000000000e+00
1.301999999999999957e+01,1.841335219029451298e-01,1.194300827875422744e-01,0.000000000000000000e+00,1.000000000000000000e+00,1.000000000000000000e+00
1.303000000000000114e+01,1.839138696338120660e-01,1.192916524286348479e-01,0.000000000000000000e+00,1.000000000000000000e+00,1.000000000000000000e+00
1.304000000000000092e+01,1.836947337689323334e-01,1.191531211081309910e-01,0.000000000000000000e+00,1.000000000000000000e+00,1.000000000000000000e+00
1.305000000000000071e+01,1.834761132704721409e-01,1.190144901647548215e-01,0.000000000000000000e+00,1.000000000000000000e+00,1.000000000000000000e+00
1.306000000000000050e+01,1.832580071009093925e-01,1.188757609329423037e-01,0.000000000000000000e+00,1.000000000000000000e+00,1.000000000000000000e+00
1.307000000000000028e+01,1.830404142230337150e-01,1.187369347428412075e-01,0.000000000000000000e+00,1.000000000000000000e+00,1.000000000000000000e+00
1.308000000000000007e+01,1.828233335999463471e-01,1.185980129203111355e-01,0.000000000000000000e+00,1.000000000000000000e+00,1.000000000000000000e+00
1.308999999999999986e+01,1.826067641950602505e-01,1.184589967869234678e-01,0.000000000000000000e+00,1.000000000000000000e+00,1.000000000000000000e+00
1.309999999999999964e+01,1.823907049721001095e-01,1.183198876599614452e-01,0.000000000000000000e+00,1.000000000000000000e+00,1.000000000000000000e+00
1.310999999999999943e+01,1.821751548951021926e-01,1.181806868524201137e-01,0.000000000000000000e+00,1.000000000000000000e+00,1.000000000000000000e+00
1.312000000000000099e+01,1.819601129284145191e-01,1.180413956730062969e-01,0.000000000000000000e+00,1.000000000000000000e+00,1.000000000000000000e+00
1.313000000000000078e+01,1.817455780366968310e-01,1.179020154261387343e-01,0.000000000000000000e+00,1.000000000000000000e+00,1.000000000000000000e+00
1.314000000000000057e+01,1.815315491849326668e-01,1.177625474119460974e-01,0.000000000000000000e+00,1.000000000000000000e+00,1.000000000000000000e+00
1.315000000000000036e+01,1.813180253389827246e-01,1.176229929261802531e-01,0.000000000000000000e+00,1.000000000000000000e+00,1.000000000000000000e+00
1.316000000000000014e+01,1.811050054648557506e-01,1.174833532603102026e-01,0.000000000000000000e+00,1.000000000000000000e+00,1.000000000000000000e+00
1.316999999999999993e+01,1.808924885287774009e-01,1.173436297015261892e-01,0.000000000000000000e+00,1.000000000000000000e+00,1.000000000000000000e+00
1.317999999999999972e+01,1.806804734975188398e-01,1.172038235326949007e-01,0.000000000000000000e+00,1.000000000000000000e+00,1.000000000000000000e+00
1.318999999999999950e+01,1.804689593383966839e-01,1.170639360323594697e-01,0.000000000000000000e+00,1.000000000000000000e+00,1.000000000000000000e+00
1.320000000000000107e+01,1.802579450192728916e-01,1.169239684747394314e-01,0.000000000000000000e+00,1.000000000000000000e+00,1.000000000000000000e+00
1.321000000000000085e+01,1.800474295085550402e-01,1.167839221297308355e-01,0.000000000000000000e+00,1.000000000000000000e+00,1.000000000000000000e+00
1.322000000000000064e+01,1.798374117751959655e-01,1.166437982629061065e-01,0.000000000000000000e+00,1.000000000000000000e+00,1.000000000000000000e+00
1.323000000000000043e+01,1.796278907886940668e-01,1.165035981355141276e-01,0.000000000000000000e+00,1.000000000000000000e+00,1.000000000000000000e+00
1.324000000000000021e+01,1.794188655190930848e-01,1.163633230044802402e-01,0.000000000000000000e+00,1.000000000000000000e+00,1.000000000000000000e+00
1.325000000000000000e+01,1.792103349369822962e-01,1.162229741224062168e-01,0.000000000000000000e+00,1.000000000000000000e+00,1.000000000000000000e+00
1.325999999999999979e+01,1.790022980134963471e-01,1.160825527375702465e-01,0.000000000000000000e+00,1.000000000000000000e+00,1.000000000000000000e+00
1.326999999999999957e+01,1.787947537203153081e-01,1.159420600939270046e-01,0.000000000000000000e+00,1.000000000000000000e+00,1.000000000000000000e+00
1.328000000000000114e+01,1.785877010296647305e-01,1.158014974311075418e-01,0.000000000000000000e+00,1.000000000000000000e+00,1.000000000000000000e+00
1.329000000000000092e+01,1.783811389143156734e-01,1.156608659844194503e-01,0.000000000000000000e+00,1.000000000000000000e+00,1.000000000000000000e+00
1.330000000000000071e+01,1.781750663478445518e-01,1.155201669848411189e-01,0.000000000000000000e+00,1.000000000000000000e+00,1.000000000000000000e+00
1.331000000000000050e+01,1.779694823046599761e-01,1.153794016590091870e-01,0.000000000000000000e+00,1.000000000000000000e+00,1.000000000000000000e+00
1.332000000000000028e+01,1.777643857593889098e-01,1.152385712292338105e-01,0.000000000000000000e+00,1.000000000000000000e+00,1.000000000000000000e+00
1.333000000000000007e+01,1.775597756873939781e-01,1.150976769134971350e-01,0.000000000000000000e+00,1.000000000000000000e+00,1.000000000000000000e+00
1.333999999999999986e+01,1.773556510647867901e-01,1.149567199254531158e-01,0.000000000000000000e+00,1.000000000000000000e+00,1.000000000000000000e+00
1.334999999999999964e+01,1.771520108684277728e-01,1.148157014744274756e-01,0.000000000000000000e+00,1.000000000000000000e+00,1.000000000000000000e+00
1.335999999999999943e+01,1.769488540759263373e-01,1.146746227654177885e-01,0.000000000000000000e+00,1.000000000000000000e+00,1.000000000000000000e+00
1.337000000000000099e+01,1.767461796656407125e-01,1.145334849990933962e-01,0.000000000000000000e+00,1.000000000000000000e+00,1.000000000000000000e+00
1.338000000000000078e+01,1.765439866166782223e-01,1.143922893717955330e-01,0.000000000000000000e+00,1.000000000000000000e+00,1.000000000000000000e+00
1.339000000000000057e+01,1.763422739088949254e-01,1.142510370755371457e-01,0.000000000000000000e+00,1.000000000000000000e+00,1.000000000000000000e+00
1.340000000000000036e+01,1.761410405228958920e-01,1.141097292980030320e-01,0.000000000000000000e+00,1.000000000000000000e+00,1.000000000000000000e+00
1.341000000000000014e+01,1.759402854400350935e-01,1.139683672225498129e-01,0.000000000000000000e+00,1.000000000000000000e+00,1.000000000000000000e+00
1.341999999999999993e+01,1.757400076424154023e-01,1.138269520282058911e-01,0.000000000000000000e+00,1.000000000000000000e+00,1.000000000000000000e+00
1.342999999999999972e+01,1.755402061128886193e-01,1.136854848896714787e-01,0.000000000000000000e+00,1.000000000000000000e+00,1.000000000000000000e+00
1.343999999999999950e+01,1.753408798350554465e-01,1.135439669773186111e-01,0.000000000000000000e+00,1.000000000000000000e+00,1.000000000000000000e+00
1.345000000000000107e+01,1.751420277933471992e-01,1.134023994572021382e-01,0.000000000000000000e+00,1.000000000000000000e+00,1.000000000000000000e+00
1.346000000000000085e+01,1.749436489733784683e-01,1.132607834911011496e-01,0.000000000000000000e+00,1.000000000000000000e+00,1.000000000000000000e+00
1.347000000000000064e+01,1.747457423612060468e-01,1.131191202364144471e-01,0.000000000000000000e+00,1.000000000000000000e+00,1.000000000000000000e+00
1.348000000000000043e+01,1.745483069437229751e-01,1.129774108462224674e-01,0.000000000000000000e+00,1.000000000000000000e+00,1.000000000000000000e+00
1.349000000000000021e+01,1.743513417087469985e-01,1.128356564692999248e-01,0.000000000000000000e+00,1.000000000000000000e+00,1.000000000000000000e+00
1.350000000000000000e+01,1.741548456450205951e-01,1.126938582501157554e-01,0.000000000000000000e+00,1.000000000000000000e+00,1.000000000000000000e+00
1.350999999999999979e+01,1.739588177422108917e-01,1.125520173288332010e-01,0.000000000000000000e+00,1.000000000000000000e+00,1.000000000000000000e+00
1.351999999999999957e+01,1.737632569909097480e-01,1.124101348413097390e-01,0.000000000000000000e+00,1.000000000000000000e+00,1.000000000000000000e+00
1.353000000000000114e+01,1.735681623826337283e-01,1.122682119190970829e-01,0.000000000000000000e+00,1.000000000000000000e+00,1.000000000000000000e+00
1.354000000000000092e+01,1.733735329098241296e-01,1.121262496894412930e-01,0.000000000000000000e+00,1.000000000000000000e+00,1.000000000000000000e+00
1.355000000000000071e+01,1.731793675658469533e-01,1.119842492752826102e-01,0.000000000000000000e+00,1.000000000000000000e+00,1.000000000000000000e+00
1.356000000000000050e+01,1.729856653449927950e-01,1.118422117952555667e-01,0.000000000000000000e+00,1.000000000000000000e+00,1.000000000000000000e+00
1.357000000000000028e+01,1.727924252424770934e-01,1.117001383636889306e-01,0.000000000000000000e+00,1.000000000000000000e+00,1.000000000000000000e+00
1.358000000000000007e+01,1.725996462544399090e-01,1.115580300906057615e-01,0.000000000000000000e+00,1.000000000000000000e+00,1.000000000000000000e+00
1.358999999999999986e+01,1.724073273779460347e-01,1.114158880817233549e-01,0.000000000000000000e+00,1.000000000000000000e+00,1.000000000000000000e+00
1.359999999999999964e+01,1.722154676109938221e-01,1.112737134384561566e-01,0.000000000000000000e+00,1.000000000000000000e+00,1.000000000000000000e+00
1.360999999999999943e+01,1.720240659528702309e-01,1.111315072580266322e-01,0.000000000000000000e+00,1.000000000000000000e+00,1.000000000000000000e+00
1.362000000000000099e+01,1.718331214036732391e-01,1.109892706333064499e-01,0.000000000000000000e+00,1.000000000000000000e+00,1.000000000000000000e+00
1.363000000000000078e+01,1.716426329643722104e-01,1.108470046528411274e-01,0.000000000000000000e+00,1.000000000000000000e+00,1.000000000000000000e+00
1.364000000000000057e+01,1.714525996370115379e-01,1.107047104009165756e-01,0.000000000000000000e+00,1.000000000000000000e+00,1.000000000000000000e+00
1.365000000000000036e+01,1.712630204247109489e-01,1.105623889575591962e-01,0.000000000000000000e+00,1.000000000000000000e+00,1.000000000000000000e+00
1.366000000000000014e+01,1.710738943316652827e-01,1.104200413985358953e-01,0.000000000000000000e+00,1.000000000000000000e+00,1.000000000000000000e+00
1.366999999999999993e+01,1.708852203631446021e-01,1.102776687953539864e-01,0.000000000000000000e+00,1.000000000000000000e+00,1.000000000000000000e+00
1.367999999999999972e+01,1.706969975254942207e-01,1.101352722152612595e-01,0.000000000000000000e+00,1.000000000000000000e+00,1.000000000000000000e+00
1.368999999999999950e+01,1.705092248261346199e-01,1.099928527212460233e-01,0.000000000000000000e+00,1.000000000000000000e+00,1.000000000000000000e+00
1.370000000000000107e+01,1.703219012735614213e-01,1.098504113720369380e-01,0.000000000000000000e+00,1.000000000000000000e+00,1.000000000000000000e+00
1.371000000000000085e+01,1.701350258773456359e-01,1.097079492221032793e-01,0.000000000000000000e+00,1.000000000000000000e+00,1.000000000000000000e+00
1.372000000000000064e+01,1.699485976481332761e-01,1.095654673216546748e-01,0.000000000000000000e+00,1.000000000000000000e+00,1.000000000000000000e+00
1.373000000000000043e+01,1.697626155976456885e-01,1.094229667166412429e-01,0.000000000000000000e+00,1.000000000000000000e+00,1.000000000000000000e+00
1.374000000000000021e+01,1.695770787386793321e-01,1.092804484487535921e-01,0.000000000000000000e+00,1.000000000000000000e+00,1.000000000000000000e+00
1.375000000000000000e+01,1.693919860851059167e-01,1.091379135554227386e-01,0.000000000000000000e+00,1.000000000000000000e+00,1.000000000000000000e+00
1.375999999999999979e+01,1.692073366520464861e-01,1.089953630699142945e-01,0.000000000000000000e+00,1.000000000000000000e+00,1.000000000000000000e+00
1.376999999999999957e+01,1.690231294558564579e-01,1.088527980213154917e-01,0.000000000000000000e+00,1.000000000000000000e+00,1.000000000000000000e+00
1.378000000000000114e+01,1.688393635137707960e-01,1.087102194343434608e-01,0.000000000000000000e+00,1.000000000000000000e+00,1.000000000000000000e+00
1.379000000000000092e+01,1.686560378442212016e-01,1.085676283295195360e-01,0.000000000000000000e+00,1.000000000000000000e+00,1.000000000000000000e+00
1.380000000000000071e+01,1.684731514668420249e-01,1.084250257231723774e-01,0.000000000000000000e+00,1.000000000000000000e+00,1.000000000000000000e+00
1.381000000000000050e+01,1.682907034024702375e-01,1.082824126274380544e-01,0.000000000000000000e+00,1.000000000000000000e+00,1.000000000000000000e+00
1.382000000000000028e+01,1.681086926731454601e-01,1.081397900502600040e-01,0.000000000000000000e+00,1.000000000000000000e+00,1.000000000000000000e+00
1.383000000000000007e+01,1.679271183021099345e-01,1.079971589953890448e-01,0.000000000000000000e+00,1.000000000000000000e+00,1.000000000000000000e+00
1.383999999999999986e+01,1.677459793138086075e-01,1.078545204623834186e-01,0.000000000000000000e+00,1.000000000000000000e+00,1.000000000000000000e+00
1.384999999999999964e+01,1.675652747338890192e-01,1.077118754466087069e-01,0.000000000000000000e+00,1.000000000000000000e+00,1.000000000000000000e+00
1.385999999999999943e+01,1.673850035892013866e-01,1.075692249392379007e-01,0.000000000000000000e+00,1.000000000000000000e+00,1.000000000000000000e+00
1.387000000000000099e+01,1.672051649077985203e-01,1.074265699272513308e-01,0.000000000000000000e+00,1.000000000000000000e+00,1.000000000000000000e+00
1.388000000000000078e+01,1.670257577189359355e-01,1.072839113934367927e-01,0.000000000000000000e+00,1.000000000000000000e+00,1.000000000000000000e+00
1.389000000000000057e+01,1.668467810530717965e-01,1.071412503163894081e-01,0.000000000000000000e+00,1.000000000000000000e+00,1.000000000000000000e+00
1.390000000000000036e+01,1.666682339418668612e-01,1.069985876705116939e-01,0.000000000000000000e+00,1.000000000000000000e+00,1.000000000000000000e+00
1.391000000000000014e+01,1.664901154182328036e-01,1.068559244260532254e-01,0.000000000000000000e+00,1.000000000000000000e+00,1.000000000000000000e+00
1.391999999999999993e+01,1.663124245165485404e-01,1.067132615492868974e-01,0.000000000000000000e+00,1.000000000000000000e+00,1.000000000000000000e+00
1.392999999999999972e+01,1.661351602722096199e-01,1.065706000021362093e-01,0.000000000000000000e+00,1.000000000000000000e+00,1.000000000000000000e+00
1.393999999999999950e+01,1.659583217218655316e-01,1.064279407423713436e-01,0.000000000000000000e+00,1.000000000000000000e+00,1.000000000000000000e+00
1.395000000000000107e+01,1.657819079034747456e-01,1.062852847236547410e-01,0.000000000000000000e+00,1.000000000000000000e+00,1.000000000000000000e+00
1.396000000000000085e+01,1.656059178563049905e-01,1.061426328955411280e-01,0.000000000000000000e+00,1.000000000000000000e+00,1.000000000000000000e+00
1.397000000000000064e+01,1.654303506209329477e-01,1.059999862034774060e-01,0.000000000000000000e+00,1.000000000000000000e+00,1.000000000000000000e+00
1.398000000000000043e+01,1.652552052392445014e-01,1.058573455888028036e-01,0.000000000000000000e+00,1.000000000000000000e+00,1.000000000000000000e+00
1.399000000000000021e+01,1.650804807544345165e-01,1.057147119887487247e-01,0.000000000000000000e+00,1.000000000000000000e+00,1.000000000000000000e+00
1.400000000000000000e+01,1.649061762110070606e-01,1.055720863364388862e-01,0.000000000000000000e+00,1.000000000000000000e+00,1.000000000000000000e+00
1.400999999999999979e+01,1.647322906547752652e-01,1.054294695608892218e-01,0.000000000000000000e+00,1.000000000000000000e+00,1.000000000000000000e+00
1.401999999999999957e+01,1.645588231328613260e-01,1.052868625870079372e-01,0.000000000000000000e+00,1.000000000000000000e+00,1.000000000000000000e+00
1.403000000000000114e+01,1.643857726936965857e-01,1.051442663355954266e-01,0.000000000000000000e+00,1.000000000000000000e+00,1.000000000000000000e+00
1.404000000000000092e+01,1.642131383870214512e-01,1.050016817233444533e-01,0.000000000000000000e+00,1.000000000000000000e+00,1.000000000000000000e+00
1.405000000000000071e+01,1.640409192638854485e-01,1.048591096628399277e-01,0.000000000000000000e+00,1.000000000000000000e+00,1.000000000000000000e+00
1.406000000000000050e+01,1.638691143766483616e-01,1.047165510625604340e-01,0.000000000000000000e+00,1.000000000000000000e+00,1.000000000000000000e+00
1.407000000000000028e+01,1.636977227791724110e-01,1.045740068271057699e-01,0.000000000000000000e+00,1.000000000000000000e+00,1.000000000000000000e+00
1.408000000000000007e+01,1.635267435266063996e-01,1.044314778569399166e-01,0.000000000000000000e+00,1.000000000000000000e+00,1.000000000000000000e+00
1.408999999999999986e+01,1.633561756753471594e-01,1.042889650483436320e-01,0.000000000000000000e+00,1.000000000000000000e+00,1.000000000000000000e+00
1.409999999999999964e+01,1.631860182831879891e-01,1.041464692935902131e-01,0.000000000000000000e+00,1.000000000000000000e+00,1.000000000000000000e+00
1.410999999999999943e+01,1.630162704093186254e-01,1.040039914809455235e-01,0.000000000000000000e+00,1.000000000000000000e+00,1.000000000000000000e+00
1.412000000000000099e+01,1.628469311143253273e-01,1.038615324946679241e-01,0.000000000000000000e+00,1.000000000000000000e+00,1.000000000000000000e+00
1.413000000000000078e+01,1.626779994601909307e-01,1.037190932150083983e-01,0.000000000000000000e+00,1.000000000000000000e+00,1.000000000000000000e+00
1.414000000000000057e+01,1.625094745102946270e-01,1.035766745182103987e-01,0.000000000000000000e+00,1.000000000000000000e+00,1.000000000000000000e+00
1.415000000000000036e+01,1.623413553294121292e-01,1.034342772765099311e-01,0.000000000000000000e+00,1.000000000000000000e+00,1.000000000000000000e+00
1.416000000000000014e+01,1.621736409837156445e-01,1.032919023581355678e-01,0.000000000000000000e+00,1.000000000000000000e+00,1.000000000000000000e+00
1.416999999999999993e+01,1.620063305407738741e-01,1.031495506273083923e-01,0.000000000000000000e+00,1.000000000000000000e+00,1.000000000000000000e+00
1.417999999999999972e+01,1.618394230695520131e-01,1.030072229442420551e-01,0.000000000000000000e+00,1.000000000000000000e+00,1.000000000000000000e+00
1.418999999999999950e+01,1.616729176404116952e-01,1.028649201651427314e-01,0.000000000000000000e+00,1.000000000000000000e+00,1.000000000000000000e+00
1.420000000000000107e+01,1.615068133251110760e-01,1.027226431422091080e-01,0.000000000000000000e+00,1.000000000000000000e+00,1.000000000000000000e+00
1.421000000000000085e+01,1.613411091968048328e-01,1.025803927236325075e-01,0.000000000000000000e+00,1.000000000000000000e+00,1.000000000000000000e+00
1.422000000000000064e+01,1.611758043300961785e-01,1.024381697536839997e-01,0.000000000000000000e+00,1.000000000000000000e+00,1.000000000000000000e+00
1.423000000000000043e+01,1.610108978011396130e-01,1.022959750728869438e-01,0.000000000000000000e+00,1.000000000000000000e+00,1.000000000000000000e+00
1.424000000000000021e+01,1.608463886873558735e-01,1.021538095175375110e-01,0.000000000000000000e+00,1.000000000000000000e+00,1.000000000000000000e+00
1.425000000000000000e+01,1.606822760676122619e-01,1.020116739200044725e-01,0.000000000000000000e+00,1.000000000000000000e+00,1.000000000000000000e+00
1.425999999999999979e+01,1.605185590222426850e-01,1.018695691087625615e-01,0.000000000000000000e+00,1.000000000000000000e+00,1.000000000000000000e+00
1.426999999999999957e+01,1.603552366330476819e-01,1.017274959083924596e-01,0.000000000000000000e+00,1.000000000000000000e+00,1.000000000000000000e+00
1.428000000000000114e+01,1.601923079832943131e-01,1.015854551395807964e-01,0.000000000000000000e+00,1.000000000000000000e+00,1.000000000000000000e+00
1.429000000000000092e+01,1.600297721577163268e-01,1.014434476191202472e-01,0.000000000000000000e+00,1.000000000000000000e+00,1.000000000000000000e+00
1.430000000000000071e+01,1.598676282425140205e-01,1.013014741599093521e-01,0.000000000000000000e+00,1.000000000000000000e+00,1.000000000000000000e+00
1.431000000000000050e+01,1.597058753253542684e-01,1.011595355709526411e-01,0.000000000000000000e+00,1.000000000000000000e+00,1.000000000000000000e+00
1.432000000000000028e+01,1.595445124953705496e-01,1.010176326573606204e-01,0.000000000000000000e+00,1.000000000000000000e+00,1.000000000000000000e+00
1.433000000000000007e+01,1.593835388431629196e-01,1.008757662203497163e-01,0.000000000000000000e+00,1.000000000000000000e+00,1.000000000000000000e+00
1.433999999999999986e+01,1.592229534607980945e-01,1.007339370572423731e-01,0.000000000000000000e+00,1.000000000000000000e+00,1.000000000000000000e+00
1.434999999999999964e+01,1.590627554418093115e-01,1.005921459614669417e-01,0.000000000000000000e+00,1.000000000000000000e+00,1.000000000000000000e+00
1.435999999999999943e+01,1.589029438811964123e-01,1.004503937225577626e-01,0.000000000000000000e+00,1.000000000000000000e+00,1.000000000000000000e+00
1.437000000000000099e+01,1.587435178754265930e-01,1.003086811261568317e-01,0.000000000000000000e+00,1.000000000000000000e+00,1.000000000000000000e+00
1.438000000000000078e+01,1.585844765225553898e-01,1.001670089543016395e-01,0.000000000000000000e+00,1.000000000000000000e+00,1.000000000000000000e+00
1.439000000000000057e+01,1.584258189220910940e-01,1.000253779851039415e-01,0.000000000000000000e+00,1.000000000000000000e+00,1.000000000000000000e+00
1.440000000000000036e+01,1.582675441749694656e-01,9.988378899268485211e-02,0.000000000000000000e+00,1.000000000000000000e+00,1.000000000000000000e+00
1.441000000000000014e+01,1.581096513836473261e-01,9.974224274739595941e-02,0.000000000000000000e+00,1.000000000000000000e+00,1.000000000000000000e+00
1.441999999999999993e+01,1.579521396521025578e-01,9.960074001581920022e-02,0.000000000000000000e+00,1.000000000000000000e+00,1.000000000000000000e+00
1.442999999999999972e+01,1.577950080858341875e-01,9.945928156076697113e-02,0.000000000000000000e+00,1.000000000000000000e+00,1.000000000000000000e+00
1.443999999999999950e+01,1.576382557918622196e-01,9.931786814128208685e-02,0.000000000000000000e+00,1.000000000000000000e+00,1.000000000000000000e+00
1.445000000000000107e+01,1.574818818787278030e-01,9.917650051263775246e-02,0.000000000000000000e+00,1.000000000000000000e+00,1.000000000000000000e+00
1.446000000000000085e+01,1.573258854564931752e-01,9.903517942633766058e-02,0.000000000000000000e+00,1.000000000000000000e+00,1.000000000000000000e+00
1.447000000000000064e+01,1.571702656367416073e-01,9.889390563011585256e-02,0.000000000000000000e+00,1.000000000000000000e+00,1.000000000000000000e+00
1.448000000000000043e+01,1.570150215325774867e-01,9.875267986793682951e-02,0.000000000000000000e+00,1.000000000000000000e+00,1.000000000000000000e+00
1.449000000000000021e+01,1.568601522586262342e-01,9.861150287999546904e-02,0.000000000000000000e+00,1.000000000000000000e+00,1.000000000000000000e+00
1.450000000000000000e+01,1.567056569310343872e-01,9.847037540271712242e-02,0.000000000000000000e+00,1.000000000000000000e+00,1.000000000000000000e+00
1.450999999999999979e+01,1.565515346674695163e-01,9.832929816875751738e-02,0.000000000000000000e+00,1.000000000000000000e+00,1.000000000000000000e+00
1.451999999999999957e+01,1.563977845871203365e-01,9.818827190700284147e-02,0.000000000000000000e+00,1.000000000000000000e+00,1.000000000000000000e+00
1.453000000000000114e+01,1.562444058107128331e-01,9.804729734262604413e-02,0.000000000000000000e+00,1.000000000000000000e+00,1.000000000000000000e+00
1.454000000000000092e+01,1.560913974605985799e-01,9.790637519739320282e-02,0.000000000000000000e+00,1.000000000000000000e+00,1.000000000000000000e+00
1.455000000000000071e+01,1.559387586605803511e-01,9.776550618905784085e-02,0.000000000000000000e+00,1.000000000000000000e+00,1.000000000000000000e+00
1.456000000000000050e+01,1.557864885359981910e-01,9.762469103165438700e-02,0.000000000000000000e+00,1.000000000000000000e+00,1.000000000000000000e+00
1.457000000000000028e+01,1.556345862137537006e-01,9.748393043558126192e-02,0.000000000000000000e+00,1.000000000000000000e+00,1.000000000000000000e+00
1.458000000000000007e+01,1.554830508223098984e-01,9.734322510760096137e-02,0.000000000000000000e+00,1.000000000000000000e+00,1.000000000000000000e+00
1.458999999999999986e+01,1.553318814916913315e-01,9.720257575083995905e-02,0.000000000000000000e+00,1.000000000000000000e+00,1.000000000000000000e+00
1.459999999999999964e+01,1.551810773534839372e-01,9.706198306478873439e-02,0.000000000000000000e+00,1.000000000000000000e+00,1.000000000000000000e+00
1.460999999999999943e+01,1.550306375408352089e-01,9.692144774530189744e-02,0.000000000000000000e+00,1.000000000000000000e+00,1.000000000000000000e+00
1.462000000000000099e+01,1.548805611884539468e-01,9.678097048459791130e-02,0.000000000000000000e+00,1.000000000000000000e+00,1.000000000000000000e+00
1.463000000000000078e+01,1.547308474326106187e-01,9.664055197125943908e-02,0.000000000000000000e+00,1.000000000000000000e+00,1.000000000000000000e+00
1.464000000000000057e+01,1.545814954111371098e-01,9.650019289023312186e-02,0.000000000000000000e+00,1.000000000000000000e+00,1.000000000000000000e+00
1.465000000000000036e+01,1.544325042634266121e-01,9.635989392282949539e-02,0.000000000000000000e+00,1.000000000000000000e+00,1.000000000000000000e+00
1.466000000000000014e+01,1.542838731304340127e-01,9.621965574672333710e-02,0.000000000000000000e+00,1.000000000000000000e+00,1.000000000000000000e+00
1.466999999999999993e+01,1.541356011546754778e-01,9.607947903595322192e-02,0.000000000000000000e+00,1.000000000000000000e+00,1.000000000000000000e+00
1.467999999999999972e+01,1.539876874802288131e-01,9.593936446092196646e-02,0.000000000000000000e+00,1.000000000000000000e+00,1.000000000000000000e+00
1.468999999999999950e+01,1.538401312527612752e-01,9.579931268854834092e-02,0.000000000000000000e+00,1.000000000000000000e+00,1.000000000000000000e+00
1.470000000000000107e+01,1.536929316195544126e-01,9.565932438239907465e-02,0.000000000000000000e+00,1.000000000000000000e+00,1.000000000000000000e+00
1.471000000000000085e+01,1.535460877294012316e-01,9.551940020212941473e-02,0.000000000000000000e+00,1.000000000000000000e+00,1.000000000000000000e+00
1.472000000000000064e+01,1.533995987326795540e-01,9.537954080387640865e-02,0.000000000000000000e+00,1.000000000000000000e+00,1.000000000000000000e+00
1.473000000000000043e+01,1.532534637813565692e-01,9.523974684028242710e-02,0.000000000000000000e+00,1.000000000000000000e+00,1.000000000000000000e+00
1.474000000000000021e+01,1.531076820289883900e-01,9.510001896049465053e-02,0.000000000000000000e+00,1.000000000000000000e+00,1.000000000000000000e+00
1.475000000000000000e+01,1.529622526307205799e-01,9.496035781016555488e-02,0.000000000000000000e+00,1.000000000000000000e+00,1.000000000000000000e+00
1.475999999999999979e+01,1.528171747432876815e-01,9.482076403145246746e-02,0.000000000000000000e+00,1.000000000000000000e+00,1.000000000000000000e+00
1.476999999999999957e+01,1.526724475250135216e-01,9.468123826301796941e-02,0.000000000000000000e+00,1.000000000000000000e+00,1.000000000000000000e+00
1.478000000000000114e+01,1.525280701358110169e-01,9.454178114002952105e-02,0.000000000000000000e+00,1.000000000000000000e+00,1.000000000000000000e+00
1.479000000000000092e+01,1.523840417371823963e-01,9.440239329415979486e-02,0.000000000000000000e+00,1.000000000000000000e+00,1.000000000000000000e+00
1.480000000000000071e+01,1.522403614922190340e-01,9.426307535358649514e-02,0.000000000000000000e+00,1.000000000000000000e+00,1.000000000000000000e+00
1.481000000000000050e+01,1.520970285656013388e-01,9.412382794299228861e-02,0.000000000000000000e+00,1.000000000000000000e+00,1.000000000000000000e+00
1.482000000000000028e+01,1.519540421235990868e-01,9.398465168356506805e-02,0.000000000000000000e+00,1.000000000000000000e+00,1.000000000000000000e+00
1.483000000000000007e+01,1.518114013340711166e-01,9.384554719299759151e-02,0.000000000000000000e+00,1.000000000000000000e+00,1.000000000000000000e+00
1.483999999999999986e+01,1.516691053664655786e-01,9.370651508548788478e-02,0.000000000000000000e+00,1.000000000000000000e+00,1.000000000000000000e+00
1.484999999999999964e+01,1.515271533918432778e-01,9.356755597197144447e-02,0.000000000000000000e+00,1.000000000000000000e+00,1.000000000000000000e+00
1.485999999999999943e+01,1.513855445828746205e-01,9.342867046007728715e-02,0.000000000000000000e+00,1.000000000000000000e+00,1.000000000000000000e+00
1.487000000000000099e+01,1.512442781137950665e-01,9.328985915368977200e-02,0.000000000000000000e+00,1.000000000000000000e+00,1.000000000000000000e+00
1.488000000000000078e+01,1.511033531604451530e-01,9.315112265333973240e-02,0.000000000000000000e+00,1.000000000000000000e+00,1.000000000000000000e+00
1.489000000000000057e+01,1.509627689002709938e-01,9.301246155620997158e-02,0.000000000000000000e+00,1.000000000000000000e+00,1.000000000000000000e+00
1.490000000000000036e+01,1.508225245123240577e-01,9.287387645613515152e-02,0.000000000000000000e+00,1.000000000000000000e+00,1.000000000000000000e+00
1.491000000000000014e+01,1.506826191772614731e-01,9.273536794360211222e-02,0.000000000000000000e+00,1.000000000000000000e+00,1.000000000000000000e+00
1.491999999999999993e+01,1.505430520773458070e-01,9.259693660574948304e-02,0.000000000000000000e+00,1.000000000000000000e+00,1.000000000000000000e+00
1.492999999999999972e+01,1.504038223964452858e-01,9.245858302636805748e-02,0.000000000000000000e+00,1.000000000000000000e+00,1.000000000000000000e+00
1.493999999999999950e+01,1.502649293200334080e-01,9.232030778590043230e-02,0.000000000000000000e+00,1.000000000000000000e+00,1.000000000000000000e+00
1.495000000000000107e+01,1.501263720351894426e-01,9.218211146144136836e-02,0.000000000000000000e+00,1.000000000000000000e+00,1.000000000000000000e+00
1.496000000000000085e+01,1.499881497305981526e-01,9.204399462673755472e-02,0.000000000000000000e+00,1.000000000000000000e+00,1.000000000000000000e+00
1.497000000000000064e+01,1.498502615965495999e-01,9.190595785218755309e-02,0.000000000000000000e+00,1.000000000000000000e+00,1.000000000000000000e+00
1.498000000000000043e+01,1.497127068249396731e-01,9.176800170484210317e-02,0.000000000000000000e+00,1.000000000000000000e+00,1.000000000000000000e+00
1.499000000000000021e+01,1.495754846092695323e-01,9.163012674840373406e-02,0.000000000000000000e+00,1.000000000000000000e+00,1.000000000000000000e+00
1.500000000000000000e+01,1.494385941446460531e-01,9.149233354322716671e-02,0.000000000000000000e+00,1.000000000000000000e+00,1.000000000000000000e+00
1.500999999999999979e+01,1.493020346277896815e-01,9.135462264656621367e-02,0.000000000000000000e+00,1.000000000000000000e+00,1.000000000000000000e+00
1.501999999999999957e+01,1.491658052570347393e-01,9.121699461251926710e-02,0.000000000000000000e+00,1.000000000000000000e+00,1.000000000000000000e+00
1.503000000000000114e+01,1.490299052323142970e-01,9.107944999157505106e-02,0.000000000000000000e+00,1.000000000000000000e+00,1.000000000000000000e+00
1.504000000000000092e+01,1.488943337551730250e-01,9.094198933102037863e-02,0.000000000000000000e+00,1.000000000000000000e+00,1.000000000000000000e+00
1.505000000000000071e+01,1.487590900287673878e-01,9.080461317494546714e-02,0.000000000000000000e+00,1.000000000000000000e+00,1.000000000000000000e+00
1.506000000000000050e+01,1.486241732578652830e-01,9.066732206424378548e-02,0.000000000000000000e+00,1.000000000000000000e+00,1.000000000000000000e+00
1.507000000000000028e+01,1.484895826488466242e-01,9.053011653661242886e-02,0.000000000000000000e+00,1.000000000000000000e+00,1.000000000000000000e+00
1.508000000000000007e+01,1.483553174097027028e-01,9.039299712655168850e-02,0.000000000000000000e+00,1.000000000000000000e+00,1.000000000000000000e+00
1.508999999999999986e+01,1.482213767500367985e-01,9.025596436536544032e-02,0.000000000000000000e+00,1.000000000000000000e+00,1.000000000000000000e+00
1.509999999999999964e+01,1.480877598810636242e-01,9.011901878116079789e-02,0.000000000000000000e+00,1.000000000000000000e+00,1.000000000000000000e+00
1.510999999999999943e+01,1.479544660156098534e-01,8.998216089884844560e-02,0.000000000000000000e+00,1.000000000000000000e+00,1.000000000000000000e+00
1.512000000000000099e+01,1.478214943681135651e-01,8.984539124014233324e-02,0.000000000000000000e+00,1.000000000000000000e+00,1.000000000000000000e+00
1.513000000000000078e+01,1.476888441546247710e-01,8.970871032355988428e-02,0.000000000000000000e+00,1.000000000000000000e+00,1.000000000000000000e+00
1.514000000000000057e+01,1.475565145928051658e-01,8.957211866442200965e-02,0.000000000000000000e+00,1.000000000000000000e+00,1.000000000000000000e+00
1.515000000000000036e+01,1.474245049019279052e-01,8.943561677485280248e-02,0.000000000000000000e+00,1.000000000000000000e+00,1.000000000000000000e+00
1.516000000000000014e+01,1.472928143028781334e-01,8.929920516378002382e-02,0.000000000000000000e+00,1.000000000000000000e+00,1.000000000000000000e+00
1.516999999999999993e+01,1.471614420181480698e-01,8.916288433710999051e-02,0.000000000000000000e+00,1.000000000000000000e+00,1.000000000000000000e+00
1.517999999999999972e+01,1.470303872718358162e-01,8.902665479788328395e-02,0.000000000000000000e+00,1.000000000000000000e+00,1.000000000000000000e+00
1.518999999999999950e+01,1.468996492896621486e-01,8.889051704561877487e-02,0.000000000000000000e+00,1.000000000000000000e+00,1.000000000000000000e+00
1.520000000000000107e+01,1.467692272989574997e-01,8.875447157676651100e-02,0.000000000000000000e+00,1.000000000000000000e+00,1.000000000000000000e+00
1.521000000000000085e+01,1.466391205286610711e-01,8.861851888473458450e-02,0.000000000000000000e+00,1.000000000000000000e+00,1.000000000000000000e+00
1.522000000000000064e+01,1.465093282093208327e-01,8.848265945988903480e-02,0.000000000000000000e+00,1.000000000000000000e+00,1.000000000000000000e+00
1.523000000000000043e+01,1.463798495730936067e-01,8.834689378955419559e-02,0.000000000000000000e+00,1.000000000000000000e+00,1.000000000000000000e+00
1.524000000000000021e+01,1.462506838537449561e-01,8.821122235801223677e-02,0.000000000000000000e+00,1.000000000000000000e+00,1.000000000000000000e+00
1.525000000000000000e+01,1.461218302866493512e-01,8.807564564650365024e-02,0.000000000000000000e+00,1.000000000000000000e+00,1.000000000000000000e+00
1.525999999999999979e+01,1.459932881087899204e-01,8.794016413322677805e-02,0.000000000000000000e+00,1.000000000000000000e+00,1.000000000000000000e+00
1.526999999999999957e+01,1.458650565587587267e-01,8.780477829333825646e-02,0.000000000000000000e+00,1.000000000000000000e+00,1.000000000000000000e+00
1.528000000000000114e+01,1.457371348767565467e-01,8.766948859895257185e-02,0.000000000000000000e+00,1.000000000000000000e+00,1.000000000000000000e+00
1.529000000000000092e+01,1.456095223045930087e-01,8.753429551914249096e-02,0.000000000000000000e+00,1.000000000000000000e+00,1.000000000000000000e+00
1.530000000000000071e+01,1.454822180856865654e-01,8.739919951993879721e-02,0.000000000000000000e+00,1.000000000000000000e+00,1.000000000000000000e+00
1.531000000000000050e+01,1.453552214650643826e-01,8.726420106433024904e-02,0.000000000000000000e+00,1.000000000000000000e+00,1.000000000000000000e+00
1.532000000000000028e+01,1.452285316893625333e-01,8.712930061226385747e-02,0.000000000000000000e+00,1.000000000000000000e+00,1.000000000000000000e+00
1.533000000000000007e+01,1.451021480068217240e-01,8.699449862069774664e-02,0.000000000000000000e+00,1.000000000000000000e+00,1.000000000000000000e+00
1.533999999999999986e+01,1.449760696672574289e-01,8.685979554402543934e-02,0.000000000000000000e+00,1.000000000000000000e+00,1.000000000000000000e+00
1.534999999999999964e+01,1.448502959221203701e-01,8.672519183330726356e-02,0.000000000000000000e+00,1.000000000000000000e+00,1.000000000000000000e+00
1.535999999999999943e+01,1.447248260244698992e-01,8.659068793658482310e-02,0.000000000000000000e+00,1.000000000000000000e+00,1.000000000000000000e+00
1.537000000000000099e+01,1.445996592289630067e-01,8.645628429901439094e-02,0.000000000000000000e+00,1.000000000000000000e+00,1.000000000000000000e+00
1.538000000000000078e+01,1.444747947918546827e-01,8.632198136286729773e-02,0.000000000000000000e+00,1.000000000000000000e+00,1.000000000000000000e+00
1.539000000000000057e+01,1.443502319709978055e-01,8.618777956752975145e-02,0.000000000000000000e+00,1.000000000000000000e+00,1.000000000000000000e+00
1.540000000000000036e+01,1.442259700258429478e-01,8.605367934950274023e-02,0.000000000000000000e+00,1.000000000000000000e+00,1.000000000000000000e+00
1.541000000000000014e+01,1.441020082174386541e-01,8.591968114240230991e-02,0.000000000000000000e+00,1.000000000000000000e+00,1.000000000000000000e+00
1.541999999999999993e+01,1.439783458084312462e-01,8.578578537695921713e-02,0.000000000000000000e+00,1.000000000000000000e+00,1.000000000000000000e+00
1.542999999999999972e+01,1.438549820630650178e-01,8.565199248101934559e-02,0.000000000000000000e+00,1.000000000000000000e+00,1.000000000000000000e+00
1.543999999999999950e+01,1.437319162471819289e-01,8.551830287954323429e-02,0.000000000000000000e+00,1.000000000000000000e+00,1.000000000000000000e+00
1.545000000000000107e+01,1.436091476282219948e-01,8.538471699460646602e-02,0.000000000000000000e+00,1.000000000000000000e+00,1.000000000000000000e+00
1.546000000000000085e+01,1.434866754752229800e-01,8.525123524539957032e-02,0.000000000000000000e+00,1.000000000000000000e+00,1.000000000000000000e+00
1.547000000000000064e+01,1.433644990588204549e-01,8.511785804822775969e-02,0.000000000000000000e+00,1.000000000000000000e+00,1.000000000000000000e+00
1.548000000000000043e+01,1.432426176512479610e-01,8.498458581651138766e-02,0.000000000000000000e+00,1.000000000000000000e+00,1.000000000000000000e+00
1.549000000000000021e+01,1.431210305263367899e-01,8.485141896078549073e-02,0.000000000000000000e+00,1.000000000000000000e+00,1.000000000000000000e+00
1.550000000000000000e+01,1.429997369594843415e-01,8.471835788896940611e-02,0.000000000000000000e+00,1.000000000000000000e+00,1.000000000000000000e+00
1.550999999999999979e+01,1.428787362276640327e-01,8.458540300632358400e-02,0.000000000000000000e+00,1.000000000000000000e+00,1.000000000000000000e+00
1.551999999999999957e+01,1.427580276094875811e-01,8.445255471491650012e-02,0.000000000000000000e+00,1.000000000000000000e+00,1.000000000000000000e+00
1.553000000000000114e+01,1.426376103851472177e-01,8.431981341408209540e-02,0.000000000000000000e+00,1.000000000000000000e+00,1.000000000000000000e+00
1.554000000000000092e+01,1.425174838364150764e-01,8.418717950042736708e-02,0.000000000000000000e+00,1.000000000000000000e+00,1.000000000000000000e+00
1.555000000000000071e+01,1.423976472466429999e-01,8.405465336783213282e-02,0.000000000000000000e+00,1.000000000000000000e+00,1.000000000000000000e+00
1.556000000000000050e+01,1.422780999007625669e-01,8.392223540744901678e-02,0.000000000000000000e+00,1.000000000000000000e+00,1.000000000000000000e+00
1.557000000000000028e+01,1.421588410852852036e-01,8.378992600770368560e-02,0.000000000000000000e+00,1.000000000000000000e+00,1.000000000000000000e+00
1.558000000000000007e+01,1.420398700883019616e-01,8.365772555429448754e-02,0.000000000000000000e+00,1.000000000000000000e+00,1.000000000000000000e+00
1.558999999999999986e+01,1.419211861994838508e-01,8.352563443019286882e-02,0.000000000000000000e+00,1.000000000000000000e+00,1.000000000000000000e+00
1.559999999999999964e+01,1.418027887100814788e-01,8.339365301564295729e-02,0.000000000000000000e+00,1.000000000000000000e+00,1.000000000000000000e+00
1.561000000000000121e+01,1.416846769129252726e-01,8.326178168816190939e-02,0.000000000000000000e+00,1.000000000000000000e+00,1.000000000000000000e+00
1.562000000000000099e+01,1.415668501024255344e-01,8.313002082253974356e-02,0.000000000000000000e+00,1.000000000000000000e+00,1.000000000000000000e+00
1.563000000000000078e+01,1.414493075745721085e-01,8.299837079083927094e-02,0.000000000000000000e+00,1.000000000000000000e+00,1.000000000000000000e+00
1.564000000000000057e+01,1.413320486269348530e-01,8.286683196239633120e-02,0.000000000000000000e+00,1.000000000000000000e+00,1.000000000000000000e+00
1.565000000000000036e+01,1.412150725586631961e-01,8.273540470381945955e-02,0.000000000000000000e+00,1.000000000000000000e+00,1.000000000000000000e+00
1.566000000000000014e+01,1.410983786704858023e-01,8.260408937899431370e-02,0.000000000000000000e+00,1.000000000000000000e+00,1.000000000000000000e+00
1.566999999999999993e+01,1.409819662646419614e-01,8.247288634952334996e-02,0.000000000000000000e+00,1.000000000000000000e+00,1.000000000000000000e+00
1.567999999999999972e+01,1.408658346449703780e-01,8.234179597420702990e-02,0.000000000000000000e+00,1.000000000000000000e+00,1.000000000000000000e+00
1.568999999999999950e+01,1.407499831169160553e-01,8.221081860896656268e-02,0.000000000000000000e+00,1.000000000000000000e+00,1.000000000000000000e+00
1.570000000000000107e+01,1.406344109874795856e-01,8.207995460715450387e-02,0.000000000000000000e+00,1.000000000000000000e+00,1.000000000000000000e+00
1.571000000000000085e+01,1.405191175652168445e-01,8.194920431955454720e-02,0.000000000000000000e+00,1.000000000000000000e+00,1.000000000000000000e+00
1.572000000000000064e+01,1.404041021602390193e-01,8.181856809438149691e-02,0.000000000000000000e+00,1.000000000000000000e+00,1.000000000000000000e+00
1.573000000000000043e+01,1.402893640842128309e-01,8.168804627728144807e-02,0.000000000000000000e+00,1.000000000000000000e+00,1.000000000000000000e+00
1.574000000000000021e+01,1.401749026503602003e-01,8.155763921133156458e-02,0.000000000000000000e+00,1.000000000000000000e+00,1.000000000000000000e+00
1.575000000000000000e+01,1.400607171734585821e-01,8.142734723704034283e-02,0.000000000000000000e+00,1.000000000000000000e+00,1.000000000000000000e+00
1.575999999999999979e+01,1.399468069698406314e-01,8.129717069234727866e-02,0.000000000000000000e+00,1.000000000000000000e+00,1.000000000000000000e+00
1.576999999999999957e+01,1.398331713573945922e-01,8.116710991262325592e-02,0.000000000000000000e+00,1.000000000000000000e+00,1.000000000000000000e+00
1.578000000000000114e+01,1.397198096555639091e-01,8.103716523067015787e-02,0.000000000000000000e+00,1.000000000000000000e+00,1.000000000000000000e+00
1.579000000000000092e+01,1.396067211853474765e-01,8.090733697672114477e-02,0.000000000000000000e+00,1.000000000000000000e+00,1.000000000000000000e+00
1.580000000000000071e+01,1.394939052692996118e-01,8.077762547844064001e-02,0.000000000000000000e+00,1.000000000000000000e+00,1.000000000000000000e+00
1.581000000000000050e+01,1.393813612315298600e-01,8.064803106092402474e-02,0.000000000000000000e+00,1.000000000000000000e+00,1.000000000000000000e+00
1.582000000000000028e+01,1.392690883977033556e-01,8.051855404669813754e-02,0.000000000000000000e+00,1.000000000000000000e+00,1.000000000000000000e+00
1.583000000000000007e+01,1.391570860950397115e-01,8.038919475572406381e-02,0.000000000000000000e+00,1.000000000000000000e+00,1.000000000000000000e+00
1.583999999999999986e+01,1.390453536522283651e-01,8.025995350584559651e-02,0.000000000000000000e+00,1.000000000000000000e+00,1.000000000000000000e+00
1.584999999999999964e+01,1.389338903995359642e-01,8.013083061227140036e-02,0.000000000000000000e+00,1.000000000000000000e+00,1.000000000000000000e+00
1.586000000000000121e+01,1.388226956688203839e-01,8.000182638747245500e-02,0.000000000000000000e+00,1.000000000000000000e+00,1.000000000000000000e+00
1.587000000000000099e+01,1.387117687934649179e-01,7.987294114150880753e-02,0.000000000000000000e+00,1.000000000000000000e+00,1.000000000000000000e+00
1.588000000000000078e+01,1.386011091083782787e-01,7.974417518202943367e-02,0.000000000000000000e+00,1.000000000000000000e+00,1.000000000000000000e+00
1.589000000000000057e+01,1.384907159499946805e-01,7.961552881427254313e-02,0.000000000000000000e+00,1.000000000000000000e+00,1.000000000000000000e+00
1.590000000000000036e+01,1.383805886562736731e-01,7.948700234106523266e-02,0.000000000000000000e+00,1.000000000000000000e+00,1.000000000000000000e+00
1.591000000000000014e+01,1.382707265667003083e-01,7.935859606282383294e-02,0.000000000000000000e+00,1.000000000000000000e+00,1.000000000000000000e+00
1.591999999999999993e+01,1.381611290222850008e-01,7.923031027755356170e-02,0.000000000000000000e+00,1.000000000000000000e+00,1.000000000000000000e+00
1.592999999999999972e+01,1.380517953655637231e-01,7.910214528084889840e-02,0.000000000000000000e+00,1.000000000000000000e+00,1.000000000000000000e+00
1.593999999999999950e+01,1.379427249405977551e-01,7.897410136589315399e-02,0.000000000000000000e+00,1.000000000000000000e+00,1.000000000000000000e+00
1.595000000000000107e+01,1.378339170929738511e-01,7.884617882345888729e-02,0.000000000000000000e+00,1.000000000000000000e+00,1.000000000000000000e+00
1.596000000000000085e+01,1.377253711698042948e-01,7.871837794190768289e-02,0.000000000000000000e+00,1.000000000000000000e+00,1.000000000000000000e+00
1.597000000000000064e+01,1.376170865197266502e-01,7.859069900719006796e-02,0.000000000000000000e+00,1.000000000000000000e+00,1.000000000000000000e+00
1.598000000000000043e+01,1.375090624929040106e-01,7.846314230284580360e-02,0.000000000000000000e+00,1.000000000000000000e+00,1.000000000000000000e+00
1.599000000000000021e+01,1.374012984410248328e-01,7.833570811000355183e-02,0.000000000000000000e+00,1.000000000000000000e+00,1.000000000000000000e+00
1.600000000000000000e+01,1.372937937173031309e-01,7.820839670738118088e-02,0.000000000000000000e+00,1.000000000000000000e+00,1.000000000000000000e+00
1.601000000000000156e+01,1.371865476764222713e-01,7.808120837153560700e-02,0.000000000000000000e+00,1.000000000000000000e+00,1.000000000000000000e+00
1.601999999999999957e+01,1.370795596745286449e-01,7.795414337692975482e-02,0.000000000000000000e+00,1.000000000000000000e+00,1.000000000000000000e+00
1.603000000000000114e+01,1.369728290693859041e-01,7.782720199523722460e-02,0.000000000000000000e+00,1.000000000000000000e+00,1.000000000000000000e+00
1.603999999999999915e+01,1.368663552202523115e-01,7.770038449586041951e-02,0.000000000000000000e+00,1.000000000000000000e+00,1.000000000000000000e+00
1.605000000000000071e+01,1.367601374878766596e-01,7.757369114594747650e-02,0.000000000000000000e+00,1.000000000000000000e+00,1.000000000000000000e+00
1.605999999999999872e+01,1.366541752344984928e-01,7.744712221039258548e-02,0.000000000000000000e+00,1.000000000000000000e+00,1.000000000000000000e+00
1.607000000000000028e+01,1.365484678238477745e-01,7.732067795183568404e-02,0.000000000000000000e+00,1.000000000000000000e+00,1.000000000000000000e+00
1.608000000000000185e+01,1.364430146211452477e-01,7.719435863066270720e-02,0.000000000000000000e+00,1.000000000000000000e+00,1.000000000000000000e+00
1.608999999999999986e+01,1.363378149931021854e-01,7.706816450500546256e-02,0.000000000000000000e+00,1.000000000000000000e+00,1.000000000000000000e+00
1.610000000000000142e+01,1.362328683079204461e-01,7.694209583074156089e-02,0.000000000000000000e+00,1.000000000000000000e+00,1.000000000000000000e+00
1.610999999999999943e+01,1.361281739352925846e-01,7.681615286149465205e-02,0.000000000000000000e+00,1.000000000000000000e+00,1.000000000000000000e+00
1.612000000000000099e+01,1.360237312464016302e-01,7.669033584863411968e-02,0.000000000000000000e+00,1.000000000000000000e+00,1.000000000000000000e+00
1.612999999999999901e+01,1.359195396139213641e-01,7.656464504127537263e-02,0.000000000000000000e+00,1.000000000000000000e+00,1.000000000000000000e+00
1.614000000000000057e+01,1.358155984120160698e-01,7.643908068627958130e-02,0.000000000000000000e+00,1.000000000000000000e+00,1.000000000000000000e+00
1.614999999999999858e+01,1.357119070163407271e-01,7.631364302825395518e-02,0.000000000000000000e+00,1.000000000000000000e+00,1.000000000000000000e+00
1.616000000000000014e+01,1.356084648040407903e-01,7.618833230955145142e-02,0.000000000000000000e+00,1.000000000000000000e+00,1.000000000000000000e+00
1.617000000000000171e+01,1.355052711537524934e-01,7.606314877027099686e-02,0.000000000000000000e+00,1.000000000000000000e+00,1.000000000000000000e+00
1.617999999999999972e+01,1.354023254455998526e-01,7.593809264826803518e-02,0.000000000000000000e+00,1.000000000000000000e+00,1.000000000000000000e+00
1.619000000000000128e+01,1.352996270610690166e-01,7.581316417965829058e-02,0.000000000000000000e+00,1.000000000000000000e+00,1.000000000000000000e+00
1.619999999999999929e+01,1.351971753831897605e-01,7.568836359814606896e-02,0.000000000000000000e+00,1.000000000000000000e+00,1.000000000000000000e+00
1.621000000000000085e+01,1.350949697965214691e-01,7.556369113504102231e-02,0.000000000000000000e+00,1.000000000000000000e+00,1.000000000000000000e+00
1.621999999999999886e+01,1.349930096870752272e-01,7.543914701955418967e-02,0.000000000000000000e+00,1.000000000000000000e+00,1.000000000000000000e+00
1.623000000000000043e+01,1.348912944423133475e-01,7.531473147879756691e-02,0.000000000000000000e+00,1.000000000000000000e+00,1.000000000000000000e+00
1.624000000000000199e+01,1.347898234511498428e-01,7.519044473778448145e-02,0.000000000000000000e+00,1.000000000000000000e+00,1.000000000000000000e+00
1.625000000000000000e+01,1.346885961039501201e-01,7.506628701942937021e-02,0.000000000000000000e+00,1.000000000000000000e+00,1.000000000000000000e+00
1.626000000000000156e+01,1.345876117925310644e-01,7.494225854454773794e-02,0.000000000000000000e+00,1.000000000000000000e+00,1.000000000000000000e+00
1.626999999999999957e+01,1.344868699101611498e-01,7.481835953185643484e-02,0.000000000000000000e+00,1.000000000000000000e+00,1.000000000000000000e+00
1.628000000000000114e+01,1.343863698515601612e-01,7.469459019797329569e-02,0.000000000000000000e+00,1.000000000000000000e+00,1.000000000000000000e+00
1.628999999999999915e+01,1.342861110128995283e-01,7.457095075741745904e-02,0.000000000000000000e+00,1.000000000000000000e+00,1.000000000000000000e+00
1.630000000000000071e+01,1.341860927918021029e-01,7.444744142260910358e-02,0.000000000000000000e+00,1.000000000000000000e+00,1.000000000000000000e+00
1.630999999999999872e+01,1.340863145873422979e-01,7.432406240386971175e-02,0.000000000000000000e+00,1.000000000000000000e+00,1.000000000000000000e+00
1.632000000000000028e+01,1.339867758000458375e-01,7.420081390942176447e-02,0.000000000000000000e+00,1.000000000000000000e+00,1.000000000000000000e+00
1.633000000000000185e+01,1.338874758318901459e-01,7.407769614538903258e-02,0.000000000000000000e+00,1.000000000000000000e+00,1.000000000000000000e+00
1.633999999999999986e+01,1.337884140863040416e-01,7.395470931579647966e-02,0.000000000000000000e+00,1.000000000000000000e+00,1.000000000000000000e+00
1.635000000000000142e+01,1.336895899681677657e-01,7.383185362257005391e-02,0.000000000000000000e+00,1.000000000000000000e+00,1.000000000000000000e+00
1.635999999999999943e+01,1.335910028838105945e-01,7.370912926554609723e-02,0.000000000000000000e+00,1.000000000000000000e+00,1.000000000000000000e+00
1.637000000000000099e+01,1.334926522408678429e-01,7.358653644298671082e-02,0.000000000000000000e+00,1.000000000000000000e+00,1.000000000000000000e+00
1.637999999999999901e+01,1.333945374484831192e-01,7.346407535090683505e-02,0.000000000000000000e+00,1.000000000000000000e+00,1.000000000000000000e+00
1.639000000000000057e+01,1.332966579173014698e-01,7.334174618305941418e-02,0.000000000000000000e+00,1.000000000000000000e+00,1.000000000000000000e+00
1.639999999999999858e+01,1.331990130593766752e-01,7.321954913125207354e-02,0.000000000000000000e+00,1.000000000000000000e+00,1.000000000000000000e+00
1.641000000000000014e+01,1.331016022881709171e-01,7.309748438534671711e-02,0.000000000000000000e+00,1.000000000000000000e+00,1.000000000000000000e+00
1.642000000000000171e+01,1.330044250185550836e-01,7.297555213325992995e-02,0.000000000000000000e+00,1.000000000000000000e+00,1.000000000000000000e+00
1.642999999999999972e+01,1.329074806668086306e-01,7.285375256096272845e-02,0.000000000000000000e+00,1.000000000000000000e+00,1.000000000000000000e+00
1.644000000000000128e+01,1.328107686506194984e-01,7.273208585248050473e-02,0.000000000000000000e+00,1.000000000000000000e+00,1.000000000000000000e+00
1.644999999999999929e+01,1.327142883890843339e-01,7.261055218989331816e-02,0.000000000000000000e+00,1.000000000000000000e+00,1.000000000000000000e+00
1.646000000000000085e+01,1.326180393027082127e-01,7.248915175333554839e-02,0.000000000000000000e+00,1.000000000000000000e+00,1.000000000000000000e+00
1.646999999999999886e+01,1.325220208134049726e-01,7.236788472099622838e-02,0.000000000000000000e+00,1.000000000000000000e+00,1.000000000000000000e+00
1.648000000000000043e+01,1.324262323444968525e-01,7.224675126911869749e-02,0.000000000000000000e+00,1.000000000000000000e+00,1.000000000000000000e+00
1.649000000000000199e+01,1.323306733207147978e-01,7.212575157200093456e-02,0.000000000000000000e+00,1.000000000000000000e+00,1.000000000000000000e+00
1.650000000000000000e+01,1.322353431681982938e-01,7.200488580199539135e-02,0.000000000000000000e+00,1.000000000000000000e+00,1.000000000000000000e+00
1.651000000000000156e+01,1.321402413144953381e-01,7.188415412950888150e-02,0.000000000000000000e+00,1.000000000000000000e+00,1.000000000000000000e+00
1.651999999999999957e+01,1.320453671885626623e-01,7.176355672300287203e-02,0.000000000000000000e+00,1.000000000000000000e+00,1.000000000000000000e+00
1.653000000000000114e+01,1.319507202207653440e-01,7.164309374899316407e-02,0.000000000000000000e+00,1.000000000000000000e+00,1.000000000000000000e+00
1.653999999999999915e+01,1.318562998428773059e-01,7.152276537205021212e-02,0.000000000000000000e+00,1.000000000000000000e+00,1.000000000000000000e+00
1.655000000000000071e+01,1.317621054880175335e-01,7.140257175500425157e-02,0.000000000000000000e+00,1.000000000000000000e+00,1.000000000000000000e+00
1.655999999999999872e+01,1.316681365905855439e-01,7.128251305919454384e-02,0.000000000000000000e+00,1.000000000000000000e+00,1.000000000000000000e+00
1.657000000000000028e+01,1.315743925865453245e-01,7.116258944354840466e-02,0.000000000000000000e+00,1.000000000000000000e+00,1.000000000000000000e+00
1.658000000000000185e+01,1.314808729132374010e-01,7.104280106515424575e-02,0.000000000000000000e+00,1.000000000000000000e+00,1.000000000000000000e+00
1.658999999999999986e+01,1.313875770093646256e-01,7.092314807930610865e-02,0.000000000000000000e+00,1.000000000000000000e+00,1.000000000000000000e+00
1.660000000000000142e+01,1.312945043149920110e-01,7.080363063950351199e-02,0.000000000000000000e+00,1.000000000000000000e+00,1.000000000000000000e+00
1.660999999999999943e+01,1.312016542715470080e-01,7.068424889745171524e-02,0.000000000000000000e+00,1.000000000000000000e+00,1.000000000000000000e+00
1.662000000000000099e+01,1.311090263218192553e-01,7.056500300306146889e-02,0.000000000000000000e+00,1.000000000000000000e+00,1.000000000000000000e+00
1.662999999999999901e+01,1.310166199099607465e-01,7.044589310444923647e-02,0.000000000000000000e+00,1.000000000000000000e+00,1.000000000000000000e+00
1.664000000000000057e+01,1.309244344814857186e-01,7.032691934793694477e-02,0.000000000000000000e+00,1.000000000000000000e+00,1.000000000000000000e+00
1.664999999999999858e+01,1.308324694832707913e-01,7.020808187805231693e-02,0.000000000000000000e+00,1.000000000000000000e+00,1.000000000000000000e+00
1.666000000000000014e+01,1.307407243635547445e-01,7.008938083752845605e-02,0.000000000000000000e+00,1.000000000000000000e+00,1.000000000000000000e+00
1.667000000000000171e+01,1.306491985719387683e-01,6.997081636730423382e-02,0.000000000000000000e+00,1.000000000000000000e+00,1.000000000000000000e+00
1.667999999999999972e+01,1.305578915593862688e-01,6.985238860652411008e-02,0.000000000000000000e+00,1.000000000000000000e+00,1.000000000000000000e+00
1.669000000000000128e+01,1.304668027782229789e-01,6.973409769253803570e-02,0.000000000000000000e+00,1.000000000000000000e+00,1.000000000000000000e+00
1.669999999999999929e+01,1.303759316821369585e-01,6.961594376090173009e-02,0.000000000000000000e+00,1.000000000000000000e+00,1.000000000000000000e+00
1.671000000000000085e+01,1.302852777261784556e-01,6.949792694537632043e-02,0.000000000000000000e+00,1.000000000000000000e+00,1.000000000000000000e+00
1.671999999999999886e+01,1.301948403667601284e-01,6.938004737792874410e-02,0.000000000000000000e+00,1.000000000000000000e+00,1.000000000000000000e+00
1.673000000000000043e+01,1.301046190616568232e-01,6.926230518873136011e-02,0.000000000000000000e+00,1.000000000000000000e+00,1.000000000000000000e+00
1.674000000000000199e+01,1.300146132699333545e-01,6.914470050637941401e-02,0.000000000000000000e+00,1.000000000000000000e+00,1.000000000000000000e+00
1.675000000000000000e+01,1.299248224518730066e-01,6.902723345814500144e-02,0.000000000000000000e+00,1.000000000000000000e+00,1.000000000000000000e+00
1.676000000000000156e+01,1.298352460693012189e-01,6.890990416900948101e-02,0.000000000000000000e+00,1.000000000000000000e+00,1.000000000000000000e+00
1.676999999999999957e+01,1.297458835853722570e-01,6.879271276226296694e-02,0.000000000000000000e+00,1.000000000000000000e+00,1.000000000000000000e+00
1.678000000000000114e+01,1.296567344645531694e-01,6.867565935954975109e-02,0.000000000000000000e+00,1.000000000000000000e+00,1.000000000000000000e+00
1.678999999999999915e+01,1.295677981726241212e-01,6.855874408086871930e-02,0.000000000000000000e+00,1.000000000000000000e+00,1.000000000000000000e+00
1.680000000000000071e+01,1.294790741766780606e-01,6.844196704457299052e-02,0.000000000000000000e+00,1.000000000000000000e+00,1.000000000000000000e+00
1.680999999999999872e+01,1.293905619451209688e-01,6.832532836737024995e-02,0.000000000000000000e+00,1.000000000000000000e+00,1.000000000000000000e+00
1.682000000000000028e+01,1.293022609476717211e-01,6.820882816432240203e-02,0.000000000000000000e+00,1.000000000000000000e+00,1.000000000000000000e+00
1.683000000000000185e+01,1.292141706553621705e-01,6.809246654884590355e-02,0.000000000000000000e+00,1.000000000000000000e+00,1.000000000000000000e+00
1.683999999999999986e+01,1.291262905405370920e-01,6.797624363271161096e-02,0.000000000000000000e+00,1.000000000000000000e+00,1.000000000000000000e+00
1.685000000000000142e+01,1.290386200768541269e-01,6.786015952604461388e-02,0.000000000000000000e+00,1.000000000000000000e+00,1.000000000000000000e+00
1.685999999999999943e+01,1.289511587392840331e-01,6.774421433732460973e-02,0.000000000000000000e+00,1.000000000000000000e+00,1.000000000000000000e+00
1.687000000000000099e+01,1.288639060041102957e-01,6.762840817338551525e-02,0.000000000000000000e+00,1.000000000000000000e+00,1.000000000000000000e+00
1.687999999999999901e+01,1.287768613489295166e-01,6.751274113941584110e-02,0.000000000000000000e+00,1.000000000000000000e+00,1.000000000000000000e+00
1.689000000000000057e+01,1.286900242526511084e-01,6.739721333895828947e-02,0.000000000000000000e+00,1.000000000000000000e+00,1.000000000000000000e+00
1.689999999999999858e+01,1.286033941954975168e-01,6.728182487391014266e-02,0.000000000000000000e+00,1.000000000000000000e+00,1.000000000000000000e+00
1.691000000000000014e+01,1.285169706590040539e-01,6.716657584452294383e-02,0.000000000000000000e+00,1.000000000000000000e+00,1.000000000000000000e+00
1.692000000000000171e+01,1.284307531260190094e-01,6.705146634940273298e-02,0.000000000000000000e+00,1.000000000000000000e+00,1.000000000000000000e+00
1.692999999999999972e+01,1.283447410807033728e-01,6.693649648551064368e-02,0.000000000000000000e+00,1.000000000000000000e+00,1.000000000000000000e+00
1.694000000000000128e+01,1.282589340083440110e-01,6.682166634868876021e-02,0.000000000000000000e+00,1.000000000000000000e+00,1.000000000000000000e+00
1.694999999999999929e+01,1.281733313955685516e-01,6.670697603311835644e-02,0.000000000000000000e+00,1.000000000000000000e+00,1.000000000000000000e+00
1.696000000000000085e+01,1.280879327304402793e-01,6.659242563101691603e-02,0.000000000000000000e+00,1.000000000000000000e+00,1.000000000000000000e+00
1.696999999999999886e+01,1.280027375022832203e-01,6.647801523310313543e-02,0.000000000000000000e+00,1.000000000000000000e+00,1.000000000000000000e+00
1.698000000000000043e+01,1.279177452016820593e-01,6.636374492859646590e-02,0.000000000000000000e+00,1.000000000000000000e+00,1.000000000000000000e+00
1.699000000000000199e+01,1.278329553204822222e-01,6.624961480521744661e-02,0.000000000000000000e+00,1.000000000000000000e+00,1.000000000000000000e+00
1.700000000000000000e+01,1.277483673517897933e-01,6.613562494918762136e-02,0.000000000000000000e+00,1.000000000000000000e+00,1.000000000000000000e+00
1.701000000000000156e+01,1.276639807899715151e-01,6.602177544522934427e-02,0.000000000000000000e+00,1.000000000000000000e+00,1.000000000000000000e+00
1.701999999999999957e+01,1.275797951306549272e-01,6.590806637656614064e-02,0.000000000000000000e+00,1.000000000000000000e+00,1.000000000000000000e+00
1.703000000000000114e+01,1.274958098707281717e-01,6.579449782492231835e-02,0.000000000000000000e+00,1.000000000000000000e+00,1.000000000000000000e+00
1.703999999999999915e+01,1.274120245083401326e-01,6.568106987052330092e-02,0.000000000000000000e+00,1.000000000000000000e+00,1.000000000000000000e+00
1.705000000000000071e+01,1.273284385429003240e-01,6.556778259209536386e-02,0.000000000000000000e+00,1.000000000000000000e+00,1.000000000000000000e+00
1.705999999999999872e+01,1.272450514750790573e-01,6.545463606686588443e-02,0.000000000000000000e+00,1.000000000000000000e+00,1.000000000000000000e+00
1.707000000000000028e+01,1.271618628068072465e-01,6.534163037056305023e-02,0.000000000000000000e+00,1.000000000000000000e+00,1.000000000000000000e+00
1.708000000000000185e+01,1.270788720412765749e-01,6.522876557741615067e-02,0.000000000000000000e+00,1.000000000000000000e+00,1.000000000000000000e+00
1.708999999999999986e+01,1.269960786829393562e-01,6.511604176015543810e-02,0.000000000000000000e+00,1.000000000000000000e+00,1.000000000000000000e+00
1.710000000000000142e+01,1.269134822375086180e-01,6.500345899001200300e-02,0.000000000000000000e+00,1.000000000000000000e+00,1.000000000000000000e+00
1.710999999999999943e+01,1.268310822119581294e-01,6.489101733671809313e-02,0.000000000000000000e+00,1.000000000000000000e+00,1.000000000000000000e+00
1.712000000000000099e+01,1.267488781145222621e-01,6.477871686850675270e-02,0.000000000000000000e+00,1.000000000000000000e+00,1.000000000000000000e+00
1.712999999999999901e+01,1.266668694546961849e-01,6.466655765211212770e-02,0.000000000000000000e+00,1.000000000000000000e+00,1.000000000000000000e+00
1.714000000000000057e+01,1.265850557431689449e-01,6.455453975294166147e-02,0.000000000000000000e+00,1.000000000000000000e+00,1.000000000000000000e+00
1.715000000000000213e+01,1.265034364916605703e-01,6.444266323553875242e-02,0.000000000000000000e+00,1.000000000000000000e+00,1.000000000000000000e+00
1.716000000000000014e+01,1.264220112134009089e-01,6.433092816235971845e-02,0.000000000000000000e+00,1.000000000000000000e+00,1.000000000000000000e+00
1.717000000000000171e+01,1.263407794228646186e-01,6.421933459440776204e-02,0.000000000000000000e+00,1.000000000000000000e+00,1.000000000000000000e+00
1.717999999999999972e+01,1.262597406357320595e-01,6.410788259133193279e-02,0.000000000000000000e+00,1.000000000000000000e+00,1.000000000000000000e+00
1.719000000000000128e+01,1.261788943688889053e-01,6.399657221142678043e-02,0.000000000000000000e+00,1.000000000000000000e+00,1.000000000000000000e+00
1.719999999999999929e+01,1.260982401404266706e-01,6.388540351163271569e-02,0.000000000000000000e+00,1.000000000000000000e+00,1.000000000000000000e+00
1.721000000000000085e+01,1.260177774696421560e-01,6.377437654753563556e-02,0.000000000000000000e+00,1.000000000000000000e+00,1.000000000000000000e+00
1.721999999999999886e+01,1.259375058770379197e-01,6.366349137336727027e-02,0.000000000000000000e+00,1.000000000000000000e+00,1.000000000000000000e+00
1.723000000000000043e+01,1.258574248843219168e-01,6.355274804200489180e-02,0.000000000000000000e+00,1.000000000000000000e+00,1.000000000000000000e+00
1.724000000000000199e+01,1.257775340144077769e-01,6.344214660497153602e-02,0.000000000000000000e+00,1.000000000000000000e+00,1.000000000000000000e+00
1.725000000000000000e+01,1.256978327914146099e-01,6.333168711243593318e-02,0.000000000000000000e+00,1.000000000000000000e+00,1.000000000000000000e+00
1.726000000000000156e+01,1.256183207406670610e-01,6.322136961321234150e-02,0.000000000000000000e+00,1.000000000000000000e+00,1.000000000000000000e+00
1.726999999999999957e+01,1.255389973886954225e-01,6.311119415476089400e-02,0.000000000000000000e+00,1.000000000000000000e+00,1.000000000000000000e+00
1.728000000000000114e+01,1.254598622632354110e-01,6.300116078318719615e-02,0.000000000000000000e+00,1.000000000000000000e+00,1.000000000000000000e+00
1.728999999999999915e+01,1.253809148932284456e-01,6.289126954324272822e-02,0.000000000000000000e+00,1.000000000000000000e+00,1.000000000000000000e+00
1.730000000000000071e+01,1.253021548088213144e-01,6.278152047832444294e-02,0.000000000000000000e+00,1.000000000000000000e+00,1.000000000000000000e+00
1.730999999999999872e+01,1.252235815413665354e-01,6.267191363047514008e-02,0.000000000000000000e+00,1.000000000000000000e+00,1.000000000000000000e+00
1.732000000000000028e+01,1.251451946234220791e-01,6.256244904038316124e-02,0.000000000000000000e+00,1.000000000000000000e+00,1.000000000000000000e+00
1.733000000000000185e+01,1.250669935887514517e-01,6.245312674738261183e-02,0.000000000000000000e+00,1.000000000000000000e+00,1.000000000000000000e+00
1.733999999999999986e+01,1.249889779723238337e-01,6.234394678945327783e-02,0.000000000000000000e+00,1.000000000000000000e+00,1.000000000000000000e+00
1.735000000000000142e+01,1.249111473103134834e-01,6.223490920322120867e-02,0.000000000000000000e+00,1.000000000000000000e+00,1.000000000000000000e+00
1.735999999999999943e+01,1.248335011398427619e-01,6.212601402458824140e-02,0.000000000000000000e+00,1.000000000000000000e+00,1.000000000000000000e+00
1.737000000000000099e+01,1.247560389992832530e-01,6.201726128807116128e-02,0.000000000000000000e+00,1.000000000000000000e+00,1.000000000000000000e+00
1.737999999999999901e+01,1.246787604283981776e-01,6.190865102641307516e-02,0.000000000000000000e+00,1.000000000000000000e+00,1.000000000000000000e+00
1.739000000000000057e+01,1.246016649680979499e-01,6.180018327114616961e-02,0.000000000000000000e+00,1.000000000000000000e+00,1.000000000000000000e+00
1.740000000000000213e+01,1.245247521604402885e-01,6.169185805259193300e-02,0.000000000000000000e+00,1.000000000000000000e+00,1.000000000000000000e+00
1.741000000000000014e+01,1.244480215486302027e-01,6.158367539986110001e-02,0.000000000000000000e+00,1.000000000000000000e+00,1.000000000000000000e+00
1.742000000000000171e+01,1.243714726770198953e-01,6.147563534085346421e-02,0.000000000000000000e+00,1.000000000000000000e+00,1.000000000000000000e+00
1.742999999999999972e+01,1.242951050911089012e-01,6.136773790225821812e-02,0.000000000000000000e+00,1.000000000000000000e+00,1.000000000000000000e+00
1.744000000000000128e+01,1.242189183375439349e-01,6.125998310955359238e-02,0.000000000000000000e+00,1.000000000000000000e+00,1.000000000000000000e+00
1.744999999999999929e+01,1.241429119641190848e-01,6.115237098700719576e-02,0.000000000000000000e+00,1.000000000000000000e+00,1.000000000000000000e+00
1.746000000000000085e+01,1.240670855197755773e-01,6.104490155767568899e-02,0.000000000000000000e+00,1.000000000000000000e+00,1.000000000000000000e+00
1.746999999999999886e+01,1.239914385546020265e-01,6.093757484340510400e-02,0.000000000000000000e+00,1.000000000000000000e+00,1.000000000000000000e+00
1.748000000000000043e+01,1.239159706198341981e-01,6.083039086483053859e-02,0.000000000000000000e+00,1.000000000000000000e+00,1.000000000000000000e+00
1.749000000000000199e+01,1.238406812678552044e-01,6.072334964137639929e-02,0.000000000000000000e+00,1.000000000000000000e+00,1.000000000000000000e+00
1.750000000000000000e+01,1.237655700521953922e-01,6.061645119125631809e-02,0.000000000000000000e+00,1.000000000000000000e+00,1.000000000000000000e+00
1.751000000000000156e+01,1.236906365275323577e-01,6.050969553147302754e-02,0.000000000000000000e+00,1.000000000000000000e+00,1.000000000000000000e+00
1.751999999999999957e+01,1.236158802496909875e-01,6.040308267781861751e-02,0.000000000000000000e+00,1.000000000000000000e+00,1.000000000000000000e+00
1.753000000000000114e+01,1.235413007756433756e-01,6.029661264487424371e-02,0.000000000000000000e+00,1.000000000000000000e+00,1.000000000000000000e+00
1.753999999999999915e+01,1.234668976635089621e-01,6.019028544601042613e-02,0.000000000000000000e+00,1.000000000000000000e+00,1.000000000000000000e+00
1.755000000000000071e+01,1.233926704725543666e-01,6.008410109338673671e-02,0.000000000000000000e+00,1.000000000000000000e+00,1.000000000000000000e+00
1.755999999999999872e+01,1.233186187631935687e-01,5.997805959795213249e-02,0.000000000000000000e+00,1.000000000000000000e+00,1.000000000000000000e+00
1.757000000000000028e+01,1.232447420969876861e-01,5.987216096944460858e-02,0.000000000000000000e+00,1.000000000000000000e+00,1.000000000000000000e+00
1.758000000000000185e+01,1.231710400366442387e-01,5.976640521639367543e-02,0.000000000000000000e+00,1.000000000000000000e+00,1.000000000000000000e+00
1.758999999999999986e+01,1.230975121456920757e-01,5.966079234686332694e-02,0.000000000000000000e+00,1.000000000000000000e+00,1.000000000000000000e+00
1.760000000000000142e+01,1.230241579888888825e-01,5.955532236760885390e-02,0.000000000000000000e+00,1.000000000000000000e+00,1.000000000000000000e+00
1.760999999999999943e+01,1.229509771323620271e-01,5.944999528370559227e-02,0.000000000000000000e+00,1.000000000000000000e+00,1.000000000000000000e+00
1.762000000000000099e+01,1.228779691433243282e-01,5.934481109916069086e-02,0.000000000000000000e+00,1.000000000000000000e+00,1.000000000000000000e+00
1.762999999999999901e+01,1.228051335900743612e-01,5.923976981691346511e-02,0.000000000000000000e+00,1.000000000000000000e+00,1.000000000000000000e+00
1.764000000000000057e+01,1.227324700419960835e-01,5.913487143883507796e-02,0.000000000000000000e+00,1.000000000000000000e+00,1.000000000000000000e+00
1.765000000000000213e+01,1.226599780695591807e-01,5.903011596572878966e-02,0.000000000000000000e+00,1.000000000000000000e+00,1.000000000000000000e+00
1.766000000000000014e+01,1.225876572443189150e-01,5.892550339732986059e-02,0.000000000000000000e+00,1.000000000000000000e+00,1.000000000000000000e+00
1.767000000000000171e+01,1.225155071389159994e-01,5.882103373230543331e-02,0.000000000000000000e+00,1.000000000000000000e+00,1.000000000000000000e+00
1.767999999999999972e+01,1.224435273270768898e-01,5.871670696825480318e-02,0.000000000000000000e+00,1.000000000000000000e+00,1.000000000000000000e+00
1.769000000000000128e+01,1.223717173836134930e-01,5.861252310170909224e-02,0.000000000000000000e+00,1.000000000000000000e+00,1.000000000000000000e+00
1.769999999999999929e+01,1.223000768844234032e-01,5.850848212813158922e-02,0.000000000000000000e+00,1.000000000000000000e+00,1.000000000000000000e+00
1.771000000000000085e+01,1.222286054064897071e-01,5.840458404191741643e-02,0.000000000000000000e+00,1.000000000000000000e+00,1.000000000000000000e+00
1.771999999999999886e+01,1.221573025278811370e-01,5.830082883639384206e-02,0.000000000000000000e+00,1.000000000000000000e+00,1.000000000000000000e+00
1.773000000000000043e+01,1.220861678277519458e-01,5.819721650381998873e-02,0.000000000000000000e+00,1.000000000000000000e+00,1.000000000000000000e+00
1.774000000000000199e+01,1.220152008863420318e-01,5.809374703538706941e-02,0.000000000000000000e+00,1.000000000000000000e+00,1.000000000000000000e+00
1.775000000000000000e+01,1.219444012849768694e-01,5.799042042121831803e-02,0.000000000000000000e+00,1.000000000000000000e+00,1.000000000000000000e+00
1.776000000000000156e+01,1.218737686060674258e-01,5.788723665036882987e-02,0.000000000000000000e+00,1.000000000000000000e+00,1.000000000000000000e+00
1.776999999999999957e+01,1.218033024331103692e-01,5.778419571082585304e-02,0.000000000000000000e+00,1.000000000000000000e+00,1.000000000000000000e+00
1.778000000000000114e+01,1.217330023506878606e-01,5.768129758950848313e-02,0.000000000000000000e+00,1.000000000000000000e+00,1.000000000000000000e+00
1.778999999999999915e+01,1.216628679444676925e-01,5.757854227226795463e-02,0.000000000000000000e+00,1.000000000000000000e+00,1.000000000000000000e+00
1.780000000000000071e+01,1.215928988012032058e-01,5.747592974388736342e-02,0.000000000000000000e+00,1.000000000000000000e+00,1.000000000000000000e+00
1.780999999999999872e+01,1.215230945087333592e-01,5.737345998808192349e-02,0.000000000000000000e+00,1.000000000000000000e+00,1.000000000000000000e+00
1.782000000000000028e+01,1.214534546559826456e-01,5.727113298749872405e-02,0.000000000000000000e+00,1.000000000000000000e+00,1.000000000000000000e+00
1.783000000000000185e+01,1.213839788329439812e-01,5.716894872376315079e-02,0.000000000000000000e+00,1.000000000000000000e+00,1.000000000000000000e+00
1.783999999999999986e+01,1.213146666304422000e-01,5.706690717813526353e-02,0.000000000000000000e+00,1.000000000000000000e+00,1.000000000000000000e+00
1.785000000000000142e+01,1.212455176404965002e-01,5.696500833054762153e-02,0.000000000000000000e+00,1.000000000000000000e+00,1.000000000000000000e+00
1.785999999999999943e+01,1.211765314562412849e-01,5.686325215976765352e-02,0.000000000000000000e+00,1.000000000000000000e+00,1.000000000000000000e+00
1.787000000000000099e+01,1.211077076718440615e-01,5.676163864361123690e-02,0.000000000000000000e+00,1.000000000000000000e+00,1.000000000000000000e+00
1.787999999999999901e+01,1.210390458825056359e-01,5.666016775894294061e-02,0.000000000000000000e+00,1.000000000000000000e+00,1.000000000000000000e+00
1.789000000000000057e+01,1.209705456844599181e-01,5.655883948167576142e-02,0.000000000000000000e+00,1.000000000000000000e+00,1.000000000000000000e+00
1.790000000000000213e+01,1.209022066749740471e-01,5.645765378677138069e-02,0.000000000000000000e+00,1.000000000000000000e+00,1.000000000000000000e+00
1.791000000000000014e+01,1.208340284523484187e-01,5.635661064824001865e-02,0.000000000000000000e+00,1.000000000000000000e+00,1.000000000000000000e+00
1.792000000000000171e+01,1.207660106159165053e-01,5.625571003914038581e-02,0.000000000000000000e+00,1.000000000000000000e+00,1.000000000000000000e+00
1.792999999999999972e+01,1.206981527660450776e-01,5.615495193157988424e-02,0.000000000000000000e+00,1.000000000000000000e+00,1.000000000000000000e+00
1.794000000000000128e+01,1.206304545041340520e-01,5.605433629671432993e-02,0.000000000000000000e+00,1.000000000000000000e+00,1.000000000000000000e+00
1.794999999999999929e+01,1.205629154326165603e-01,5.595386310474826513e-02,0.000000000000000000e+00,1.000000000000000000e+00,1.000000000000000000e+00
1.796000000000000085e+01,1.204955351549589077e-01,5.585353232493464604e-02,0.000000000000000000e+00,1.000000000000000000e+00,1.000000000000000000e+00
1.796999999999999886e+01,1.204283132756606423e-01,5.575334392557514812e-02,0.000000000000000000e+00,1.000000000000000000e+00,1.000000000000000000e+00
1.798000000000000043e+01,1.203612494002544303e-01,5.565329787401984696e-02,0.000000000000000000e+00,1.000000000000000000e+00,1.000000000000000000e+00
1.799000000000000199e+01,1.202943431353062226e-01,5.555339413666751658e-02,0.000000000000000000e+00,1.000000000000000000e+00,1.000000000000000000e+00
1.800000000000000000e+01,1.202275940884151434e-01,5.545363267896548376e-02,0.000000000000000000e+00,1.000000000000000000e+00,1.000000000000000000e+00
