valid,R0,beta,gamma,c0,q0,N,eta,eta_frac,eta_percent,S0,I0,a,rho1,S_star,S_c,S_bar,t1,t2,Delta_t,S_end,t_end,q_max,q_mean,J_q,J,I_pre,I_wall,I_post,I_t_cum,Imax_pre,q_t2_error
1,2.61360787671233,0.155,0.3504,6,0.01526,763,1.526,0.002,0.2,762,1,0.909109697923758,265.399682062626,761.061722167971,291.93361666777,242.919509677419,0.749799061939557,197.261598364369,196.511799302429,273.937459036156,233.501775907839,0.622266235045295,0.297434136742419,56.3098354163155,45.7325647689284,0.866215931559657,161.504839226746,16.6140112397839,178.98506639809,173.712113090637,2.74086309204336e-16
1,2.65716800799087,0.155,0.3504,6.1,0.01526,763,1.526,0.002,0.2,762,1,0.909109697923758,261.048867602583,761.071191450376,287.147819673216,238.937222633527,0.730060695279137,196.004269524036,195.274208828757,269.302921955928,231.949551723414,0.628463214582942,0.300765837984562,56.615885034046,46.5059519765765,0.857473911872984,161.688924639529,16.4743684355705,179.020766986972,177.922230922984,2.74086309204336e-16
1,2.70072813926941,0.155,0.3504,6.2,0.01526,763,1.526,0.002,0.2,762,1,0.909109697923758,256.83840199609,761.080174876232,282.516403226874,235.083396462019,0.711335017667993,194.741718599593,194.030383581925,264.819090714581,230.399269706162,0.634460058089315,0.304013962808416,56.8952638915023,47.248341627,0.849180433831333,161.846188700222,16.3381181145405,179.033487248594,182.065571805602,5.20417042793042e-17
1,2.74428827054794,0.155,0.3504,6.3,0.01526,763,1.526,0.002,0.2,762,1,0.909109697923758,252.761601964406,761.088708907829,278.032015874066,231.351913978495,0.693546034509787,193.476266636352,192.782720601842,260.478760267887,228.852965457584,0.640266313102032,0.307182115845412,57.1496432525587,47.9608483488676,0.841301835534273,161.978859591187,16.2051251109049,179.025286537626,186.143141450649,5.20417042793042e-17
1,2.78784840182648,0.155,0.3504,6.4,0.01526,763,1.526,0.002,0.2,762,1,0.909109697923758,248.812201933712,761.096826447538,273.687765626034,227.737040322581,0.676625170227707,192.209952046272,191.533326876045,256.275176998896,227.312407618091,0.64589092877901,0.310273681969045,57.3805796265843,48.6445581735409,0.833807741587901,162.088962671335,16.0752616801269,178.998032093049,190.155983832306,5.20417042793042e-17
1,2.83140853310502,0.155,0.3504,6.5,0.01526,763,1.526,0.002,0.2,762,1,0.909109697923758,244.984321903963,761.104557261965,269.477184616403,224.233393548387,0.660510384384301,190.944564258413,190.284053874029,252.202003933083,225.779130428247,0.651342302122335,0.313291843593299,57.5895235112654,49.3005268537174,0.826670671530317,162.178341623772,15.9484069831544,178.953419278457,194.105172068437,2.74086309204336e-16
1,2.87496866438356,0.155,0.3504,6.6,0.01526,763,1.526,0.002,0.2,762,1,0.909109697923758,241.272438238751,761.111928346866,265.3941969707,220.835917888563,0.645145411234448,189.681673049115,189.036527637881,248.253289119845,224.254462060746,0.656628319973166,0.316239596303315,57.7778274214817,49.9297787196744,0.819865702942652,162.248677088449,15.8244466137557,178.892989405148,197.99180059548,5.20417042793042e-17
1,2.9185287956621,0.155,0.3504,6.7,0.01526,763,1.526,0.002,0.2,762,1,0.909109697923758,237.671357071008,761.118964242254,261.433089553226,217.539859412614,0.630479103058511,188.422654160191,187.792175057132,244.423436849134,222.7395493228,0.661756397223728,0.319119763008508,57.9467532624982,50.5333059756664,0.813370180539914,162.30150311701,15.7032721648411,178.818145462391,201.816978460191,5.20417042793042e-17
1,2.96208892694064,0.155,0.3504,6.8,0.01526,763,1.526,0.002,0.2,762,1,0.909109697923758,234.176190055258,761.125687305461,257.588485295091,214.340743833017,0.616464861119682,187.168711719501,186.552246858382,240.707181411179,221.235379235068,0.666733511639205,0.321935006783296,58.0974791018272,51.1120683552776,0.807163464084948,162.338221736677,15.5847808299272,178.730166030689,205.581823576828,5.20417042793042e-17
1,3.00564905821918,0.155,0.3504,6.9,0.01526,763,1.526,0.002,0.2,762,1,0.909109697923758,230.782332228371,761.132117948553,253.855318841539,211.234356241234,0.603060140896645,185.920897900263,185.317837759366,237.099563140852,219.742797916873,0.671566235636224,0.324687842539313,58.2311053901854,51.6669930680704,0.801226709206772,162.360115867939,15.4688750365936,178.630217613739,209.287457819565,5.20417042793042e-17
1,3.04920918949772,0.155,0.3504,7,0.01526,763,1.526,0.002,0.2,762,1,0.909109697923758,227.485441767965,761.138274845407,250.22881428666,208.216722580645,0.59022602052428,184.680130190243,184.089904169719,233.595906518208,218.262527142202,0.676260765324549,0.327380647654795,58.3486606781097,52.1989749811579,0.79554267622426,162.368360805502,15.3554621087501,178.519365590477,212.935002838053,5.20417042793042e-17
1,3.09276932077626,0.155,0.3504,7.1,0.01526,763,1.526,0.002,0.2,762,1,0.909109697923758,224.281421461374,761.144175112893,246.704464789664,205.284092685143,0.577926823214273,183.447206587473,182.869279764259,230.191800122114,216.795178877695,0.680822947083657,0.330015671671219,58.4511068710842,52.7088769887576,0.790095562882673,162.364034442338,15.2444539551895,178.39858396041,216.525576499426,5.20417042793042e-17
1,3.13632945205479,0.155,0.3504,7.2,0.01526,763,1.526,0.002,0.2,762,1,0.909109697923758,221.166401718855,761.149834469851,243.278013889808,202.432924731183,0.56612978593947,182.22281899327,181.656689207331,226.883078256659,215.341268068376,0.685258301915405,0.332595045153909,58.5393440625117,53.1975305306521,0.784870857585247,162.348126391581,15.1357667820253,178.268764031192,220.060289873282,5.20417042793042e-17
1,3.17988958333333,0.155,0.3504,7.3,0.01526,763,1.526,0.002,0.2,762,1,0.909109697923758,218.13672498298,761.155267376975,239.945438357071,199.659870967742,0.554804767902822,181.007565034753,180.45276026685,223.665804089761,213.901223898836,0.689572047787304,0.335120787801735,58.6142149805556,53.6657362270731,0.779855210252679,162.321546139851,15.0293208268815,178.130722176985,223.540244687448,5.20417042793042e-17
1,3.22344971461187,0.155,0.3504,7.4,0.01526,763,1.526,0.002,0.2,762,1,0.909109697923758,215.188931402129,761.160487160234,236.702932433327,196.961764603313,0.543923993322296,179.801958516433,179.25803452311,220.536254160827,212.475399725273,0.69376912015754,0.337594815881075,58.6765090817984,54.1142646030297,0.775036318381626,162.285130347561,14.9250401128655,177.985206778809,226.966531192028,5.20417042793042e-17
1,3.26700984589041,0.155,0.3504,7.5,0.01526,763,1.526,0.002,0.2,762,1,0.909109697923758,212.319745650101,761.165506120036,233.546893334216,194.335607741935,0.533461823913209,178.606438672803,178.072976848889,217.490904129466,211.064081846831,0.697854190852328,0.340018949050505,58.7269663218111,54.5438568797167,0.770402826261676,162.239649396453,14.8228522206851,177.8329044434,230.340226377597,2.74086309204336e-16
1,3.31056997716895,0.155,0.3504,7.6,0.01526,763,1.526,0.002,0.2,762,1,0.909109697923758,209.526064786284,761.170335628039,230.473907895608,191.778560271647,0.523394557140316,177.421378370406,176.897983813265,214.5264156509,209.667497261309,0.701831685448095,0.34239491663518,58.7662806300993,54.9552258145014,0.765944235606539,162.185813271494,14.7226880772871,177.674445584388,233.66239250052,2.74086309204336e-16
1,3.35413010844749,0.155,0.3504,7.7,0.01526,763,1.526,0.002,0.2,762,1,0.909109697923758,206.804947061787,761.174986213183,227.4807402606,189.287929618768,0.513700246899397,176.24709138783,175.733391140931,211.639624275476,208.285820530824,0.705705799295033,0.344724363403282,58.7951031144736,55.349056574223,0.761650826122939,162.124276853074,14.6244817596636,177.51040943886,236.934075874611,2.74086309204336e-16
1,3.39769023972603,0.155,0.3504,7.8,0.01526,763,1.526,0.002,0.2,762,1,0.909109697923758,204.153601586635,761.179467638341,224.564320513669,186.861161290323,0.504358543769982,175.083838885047,174.579480341277,208.827528280328,206.919179866106,0.709480512304492,0.347008854891171,58.8140450176842,55.7260076292518,0.757513584747776,162.055644685814,14.52817031251,177.341328583071,240.156305893647,2.74086309204336e-16
1,3.44125037100457,0.155,0.3504,7.9,0.01526,763,1.526,0.002,0.2,762,1,0.909109697923758,201.569378781741,761.183788968753,221.721734178053,184.495830134749,0.495350552393373,173.931835158866,173.436484606473,206.087278350443,205.567662523812,0.713159602610167,0.349249882318853,58.8236804471348,56.0867116580275,0.753524142473356,161.980475282009,14.4336935786509,177.167693003133,243.330094253865,2.74086309204336e-16
1,3.4848105022831,0.155,0.3504,8,0.01526,763,1.526,0.002,0.2,762,1,0.909109697923758,199.04976154697,761.187958633247,218.950212500827,182.189632258065,0.486658703869749,172.791252768783,172.304594064913,203.416168034772,204.231319598941,0.716746659202017,0.351448867132948,58.8245488966485,56.4317764536987,0.749674717823964,161.899285010598,14.3409940411375,176.989953769559,246.456434349588,2.74086309204336e-16
1,3.52837063356164,0.155,0.3504,8.1,0.01526,763,1.526,0.002,0.2,762,1,0.909109697923758,196.592357083427,761.191984479132,216.247123457607,179.940377538829,0.47826664136226,171.662227106689,171.183960465327,200.811624910328,202.910170283784,0.720245093622,0.353607165210467,58.8171575775777,56.7617858260811,0.745958066184111,161.812551616366,14.250016676097,176.808526358647,249.536300818555,2.74086309204336e-16
1,3.57193076484018,0.155,0.3504,8.2,0.01526,763,1.526,0.002,0.2,762,1,0.909109697923758,194.194889314117,761.195873821493,213.609963415441,177.745982690795,0.470159117340005,170.54486047467,170.07470135733,198.271202393689,201.604205655963,0.723658150801997,0.355726070753272,58.8019835750213,57.0773004934854,0.74236743428242,161.720717408734,14.1607088155348,176.623793658552,252.570649216537,2.74086309204336e-16
1,3.61549089611872,0.155,0.3504,8.3,0.01526,763,1.526,0.002,0.2,762,1,0.909109697923758,191.855191852501,761.199633487569,211.036349398388,175.60446482705,0.462321901100302,169.439225727071,168.976903825971,195.792572145419,200.313392049845,0.726988919116496,0.357806819900075,58.7794758435192,57.378858960081,0.738896519227827,161.62419215486,14.0730200191552,176.436108693243,255.560415803457,2.74086309204336e-16
1,3.65905102739726,0.155,0.3504,8.4,0.01526,763,1.526,0.002,0.2,762,1,0.909109697923758,189.571201473304,761.203269856754,208.52401190555,173.513935483871,0.454741695392366,168.345369526108,167.890627830715,193.373517017714,199.037674059435,0.730240339715681,0.359850594080122,58.7500570553353,57.6669783753955,0.735539431579448,161.52335570769,13.9869019547046,176.245797093974,258.506517425448,2.74086309204336e-16
1,3.7026111586758,0.155,0.3504,8.5,0.01526,763,1.526,0.002,0.2,762,1,0.909109697923758,187.340952044207,761.206788896725,206.070788236073,171.472595066414,0.447406061111746,167.263315254282,166.81590919317,191.011924500659,197.776977214386,0.733415215198348,0.36185852313037,58.7141253132835,57.9421553733233,0.73229066198985,161.418560396133,13.9023082860218,176.053159344145,261.409851479314,5.20417042793042e-17
1,3.74617128995434,0.155,0.3504,8.6,0.01526,763,1.526,0.002,0.2,762,1,0.909109697923758,185.162568880902,761.210196196138,203.674616279839,169.47872768192,0.440303349170018,166.193065621646,165.752762272476,188.705780626394,196.531210366038,0.736516217678553,0.363831688195816,58.672055739014,58.2048668886682,0.729145051027118,161.310133201395,13.8191945682861,175.858472820708,264.271295947523,5.20417042793042e-17
1,3.78973142123288,0.155,0.3504,8.7,0.01526,763,1.526,0.002,0.2,762,1,0.909109697923758,183.034263491466,761.21349699424,201.333528736393,167.530696329255,0.433422638754276,165.134605001431,164.701182362677,186.453164294329,195.300267815828,0.739545896294879,0.365771124430764,58.6242019467253,58.4555709497768,0.726097761827767,161.198377740835,13.7375181498874,175.66199365255,267.091709493416,5.20417042793042e-17
1,3.83329155251142,0.155,0.3504,8.8,0.01526,763,1.526,0.002,0.2,762,1,0.909109697923758,180.954328679063,761.216696207768,199.045647728025,165.626938416422,0.426753681287284,164.087901523602,163.661147842315,184.252241983812,194.084031214689,0.742506684206785,0.367677823517157,58.5708974114062,58.6947074462708,0.723144255273844,161.083576078364,13.6572380804934,175.463958414131,269.871931607572,5.20417042793042e-17
1,3.87685168378995,0.155,0.3504,8.9,0.01526,763,1.526,0.002,0.2,762,1,0.909109697923758,178.921133974804,761.219798455379,196.809179776024,163.765961580283,0.420286849485576,163.052908952441,162.632622102955,182.101262823852,192.882371258397,0.745400905118467,0.369552736014556,58.5124567399287,58.9226988712456,0.720280267430658,160.965990378274,13.5783150247545,175.264585670459,272.612782797457,5.20417042793042e-17
1,3.92041181506849,0.155,0.3504,9,0.01526,763,1.526,0.002,0.2,762,1,0.909109697923758,176.933121375084,761.222808079911,194.622411111846,161.946339784946,0.414013090978633,162.029568371268,161.615555280289,179.998553991975,191.695149201355,0.748230779367083,0.371396773555065,58.4491768526032,59.1399510376131,0.717501789000917,160.845864417623,13.5007111813537,175.064077387978,275.315064813462,5.20417042793042e-17
1,3.96397194634703,0.155,0.3504,9.1,0.01526,763,1.526,0.002,0.2,762,1,0.909109697923758,174.988801359973,761.225729168665,192.48370329743,160.166709677419,0.407923886024262,161.017809694742,160.609885808718,177.942516416963,190.522218208178,0.750998429608895,0.373210810895242,58.3813380821565,59.3468537685061,0.714805046597005,160.723424970642,13.4243902069119,174.862620224151,277.979560905315,2.74086309204336e-16
1,4.00753207762557,0.155,0.3504,9.2,0.01526,763,1.526,0.002,0.2,762,1,0.909109697923758,173.086749171278,761.228565571932,190.391489131154,158.425767180926,0.40201120890068,160.017553026894,159.615541817994,175.931620762253,189.363424560748,0.753705886134017,0.374995687835986,58.3092051965083,59.5437815618666,0.712186485639649,160.598883077221,13.3493171444939,174.660386707354,280.607036103615,5.20417042793042e-17
1,4.05109220890411,0.155,0.3504,9.3,0.01526,763,1.526,0.002,0.2,762,1,0.909109697923758,171.225601330727,761.231320919925,188.344268817916,156.722264308012,0.396267492609482,159.028709880985,158.632442388375,173.964403668881,188.218608736025,0.756355091837762,0.376752211020431,58.233028351184,59.7310942294991,0.709642754723973,160.472435206295,13.2754583563411,174.45753631736,283.198237521921,2.74086309204336e-16
1,4.09465234018265,0.155,0.3504,9.4,0.01526,763,1.526,0.002,0.2,762,1,0.909109697923758,169.4040523804,761.233998638285,186.340606383683,155.055006177076,0.390685596562217,158.051184275519,157.660498678956,172.039464238642,187.087606368294,0.758947906874218,0.378481155618955,58.153043976716,59.9091375110023,0.70717069130693,160.3442643238,13.2027814605302,174.254216475637,285.753894675397,2.74086309204336e-16
1,4.13821247146119,0.155,0.3504,9.5,0.01526,763,1.526,0.002,0.2,762,1,0.909109697923758,167.620851829027,761.236601962289,184.379126316486,153.422848217317,0.385258776960987,157.084873719149,156.699614942188,170.15546073966,185.970249108166,0.761486113015502,0.380183266909694,58.0694756059411,60.0782436630896,0.70476730858851,160.214540873917,13.1312552713575,174.050563453863,288.274719812554,2.74086309204336e-16
1,4.18177260273973,0.155,0.3504,9.6,0.01526,763,1.526,0.002,0.2,762,1,0.909109697923758,165.874801289141,761.239133949891,182.458510417356,151.824693548387,0.379980659613598,156.129670095828,155.749689436214,168.311107518251,184.866365388953,0.763971417738208,0.381859261762171,57.9825346456969,60.2387320248921,0.702429783470513,160.083423681418,13.0608497430902,173.846703207979,290.76140825705,5.20417042793042e-17
1,4.22533273401826,0.155,0.3504,9.7,0.01526,763,1.526,0.002,0.2,762,1,0.909109697923758,164.164751791315,761.241597493715,180.577494846043,150.259490522115,0.374845214953516,155.185460460328,154.810615245375,166.505172102063,183.775781110233,0.76640545805675,0.383509830031054,57.8924210970532,60.3909095598943,0.700155445491521,159.951060782164,12.9915359169582,173.642752144614,293.214638756945,2.74086309204336e-16
1,4.2688928652968,0.155,0.3504,9.8,0.01526,763,1.526,0.002,0.2,762,1,0.909109697923758,162.489601262832,761.243995332069,178.734867347614,148.726230414747,0.369846735060108,154.252127753179,153.882281018119,164.736472480878,182.698320247108,0.768789804121724,0.385135635866466,57.7993242278763,60.5350713751967,0.697941766650631,159.817590188104,12.9232858711092,173.438817825864,295.63507383913,5.20417042793042e-17
1,4.31245299657534,0.155,0.3504,9.9,0.01526,763,1.526,0.002,0.2,762,1,0.909109697923758,160.848292159167,761.246330059109,176.929464647133,147.223945259042,0.364979812491231,153.329551443093,152.964571630602,163.003874552486,181.633805392837,0.771125962599926,0.386737318946721,57.7034232012201,60.671501218832,0.695786352029265,159.683140592508,12.8560726733503,173.234999617887,298.023360166957,5.20417042793042e-17
1,4.35601312785388,0.155,0.3504,10,0.01526,763,1.526,0.002,0.2,762,1,0.909109697923758,159.239809237576,761.248604134197,175.160170000662,145.751705806452,0.360239320768623,152.417608104118,152.057368783349,161.306289722028,180.582058241729,0.773415379851331,0.388315495638908,57.6048876627541,60.8004719558768,0.693686931150926,159.547832020601,12.7898703365158,173.031389288267,300.380128899381,2.74086309204336e-16
1,4.39957325913242,0.155,0.3504,10.1,0.01526,763,1.526,0.002,0.2,762,1,0.909109697923758,157.663177462946,761.250819890544,173.425910891744,144.308619610348,0.355620396361915,151.516171933981,151.160551537619,159.642672644225,179.542900018291,0.775659444917128,0.389870760092307,57.5038782901882,60.9222460241171,0.691641349998918,159.411776430295,12.7246537762391,172.828071556533,302.70599605015,5.20417042793042e-17
1,4.44313339041096,0.155,0.3504,10.2,0.01526,763,1.526,0.002,0.2,762,1,0.909109697923758,156.117460036839,761.252979543201,171.725656863394,142.893829222011,0.351118422043157,150.625115219432,150.273996797388,158.012019098605,178.516151858295,0.777859492331797,0.391403685269205,57.4005473074136,61.0370758700217,0.689647563644905,159.275078267245,12.6603987710289,172.625124601919,305.001562845778,2.74086309204336e-16
1,4.4866935216895,0.155,0.3504,10.3,0.01526,763,1.526,0.002,0.2,762,1,0.909109697923758,154.601756541336,761.25508519644,170.058417476371,141.506510491701,0.346729011489256,149.744308753784,149.397579742294,156.413363988711,177.501635146499,0.780016804771205,0.392914823917345,57.2950389658729,61.1452043657809,0.687703629428492,159.137834978075,12.5970819244873,172.42262053199,307.267416081246,2.74086309204336e-16
1,4.53025365296804,0.155,0.3504,10.4,0.01526,763,1.526,0.002,0.2,762,1,0.909109697923758,153.115201189977,761.257138850597,168.423240385252,140.145870967742,0.342447995026321,148.873622211335,148.531174216308,154.845779456948,176.499171815488,0.782132615547763,0.394404709487903,57.1874899954702,61.2468652081555,0.685807700644883,159.000137485261,12.5346806295078,172.220625815414,309.504128472507,5.20417042793042e-17
1,4.57381378424658,0.155,0.3504,10.5,0.01526,763,1.526,0.002,0.2,762,1,0.909109697923758,151.656961178644,761.259142408411,166.81920952444,138.811148387097,0.338271406415307,148.012924482853,147.674653076437,153.308373107307,175.508584609553,0.78420811096287,0.39587385700259,57.0780300271566,61.3422832998723,0.683958020689427,158.862070626842,12.4731730343817,172.019201681914,311.712259005016,2.74086309204336e-16
1,4.61737391552511,0.155,0.3504,10.6,0.01526,763,1.526,0.002,0.2,762,1,0.909109697923758,150.226235129788,761.261097680904,165.245443396851,137.501609251369,0.334195470595599,147.162083975917,146.827888505321,151.800286328886,174.529697317143,0.786244432526062,0.397322763873193,56.9667819891626,61.4316751142848,0.68215291763152,158.723713563819,12.4125380106369,171.818404492088,313.892353277653,5.20417042793042e-17
1,4.66093404680365,0.155,0.3504,10.7,0.01526,763,1.526,0.002,0.2,762,1,0.909109697923758,148.822251623903,761.263006392841,163.701093458562,136.216547482665,0.330216592302132,146.320968883497,145.990752291195,150.320692713551,173.562334975069,0.788242679049614,0.39875191067665,56.8538624786966,61.5152490440018,0.680390799171291,158.58514015788,12.3527551225665,171.618286079618,316.044943841488,5.20417042793042e-17
1,4.70449417808219,0.155,0.3504,10.8,0.01526,763,1.526,0.002,0.2,762,1,0.909109697923758,147.44426781257,761.264870187807,162.185342593205,134.955283154122,0.326331345487536,145.489447423846,145.163116078358,148.868796561687,172.606324047277,0.790203908626663,0.400161761888475,56.739382110792,61.5932057341678,0.678670147955228,158.446419321825,12.2938045982715,171.418894068052,318.170550532937,2.74086309204336e-16
1,4.74805430936073,0.155,0.3504,10.9,0.01526,763,1.526,0.002,0.2,762,1,0.909109697923758,146.091568107868,761.266690632926,160.697403670332,133.717161290323,0.322536463482084,144.667388054449,144.344851590967,147.443831470288,171.66149258082,0.792129140500347,0.401552766577201,56.623445845858,61.6657384010577,0.676989517218224,158.307615344866,12.2356673022242,171.220272164308,320.269680800949,2.74086309204336e-16
1,4.79161444063927,0.155,0.3504,11,0.01526,763,1.526,0.002,0.2,762,1,0.909109697923758,144.763462943251,761.268469223257,159.23651818242,132.501550733138,0.318828829831929,143.85465966253,143.535830832698,146.045058998262,170.727670341215,0.794019356830909,0.402925359062255,56.5061532973749,61.7330331366263,0.675347526724945,158.168788194787,12.1783247091449,171.022460430657,322.342830027938,5.20417042793042e-17
1,4.83517457191781,0.155,0.3504,11.1,0.01526,763,1.526,0.002,0.2,762,1,0.909109697923758,143.45928760142,761.270207385889,157.801954955551,131.307843068875,0.315205469763062,143.051131734346,142.735926264583,144.671767403937,169.804688929421,0.79587550436719,0.404279959537556,56.3875990210651,61.7952691996329,0.673742858990074,158.029993798776,12.1217588792271,170.825495536993,324.390481844223,2.74086309204336e-16
1,4.87873470319635,0.155,0.3504,11.2,0.01526,763,1.526,0.002,0.2,762,1,0.909109697923758,142.178401104978,761.271906483761,156.393008929162,130.135451612903,0.311663542219659,142.25667450531,141.94501096309,143.323270450368,168.892381882149,0.797698496028517,0.40561697466293,56.2678727867744,61.8526192939376,0.672174255750861,157.891284304579,12.0659524345505,170.62941099488,326.413108435801,2.74086309204336e-16
1,4.92229483447489,0.155,0.3504,11.3,0.01526,763,1.526,0.002,0.2,762,1,0.909109697923758,140.920185165996,761.273567819227,155.009000000586,128.983810448187,0.308200332434989,141.47115909276,141.162958760325,141.998906274168,167.990584757256,0.79948921240252,0.406936798125304,56.1470598342085,61.9052498345425,0.670640514678664,157.752708323499,12.0108885366523,170.43423737483,328.411170845337,2.74086309204336e-16
1,4.96585496575342,0.155,0.3504,11.4,0.01526,763,1.526,0.002,0.2,762,1,0.909109697923758,139.684043190856,761.275192637384,153.649271930405,127.852373514431,0.304813244989776,140.694457613043,140.389644368053,140.698036313976,167.099135205792,0.801248503164062,0.408239811171496,56.0252411135843,61.9533212019313,0.669140486301441,157.614311156617,11.9565508651943,170.240002508113,330.385119266282,2.74086309204336e-16
1,5.00941509703196,0.155,0.3504,11.5,0.01526,763,1.526,0.002,0.2,762,1,0.909109697923758,138.469399337022,761.276782129186,152.313191304923,126.740613744741,0.301499797326413,139.9264432844,139.624943487073,139.420044294934,166.217873031949,0.802977188420075,0.409526383114295,55.9024935121821,61.9969879852356,0.667673071134587,157.476135005509,11.9029235976381,170.046731674281,332.335393330064,2.74086309204336e-16
1,5.0529752283105,0.155,0.3504,11.6,0.01526,763,1.526,0.002,0.2,762,1,0.909109697923758,137.2756976186,761.278337434352,151.000146552295,125.648022246941,0.298257613679064,139.16699051701,138.868732903331,138.164335265789,165.346640242249,0.80467605998479,0.410796871813421,55.7788900677103,62.0363992147364,0.666237216990191,157.338219168626,11.8499913898908,169.854447775507,334.262422386355,2.74086309204336e-16
1,5.09653535958904,0.155,0.3504,11.7,0.01526,763,1.526,0.002,0.2,762,1,0.909109697923758,136.102401057757,761.279859644099,149.709547009113,124.574107526882,0.295084419392387,138.415974991429,138.120890572036,136.930334685445,164.48528108504,0.806345882589518,0.412051624132813,55.6545001693328,62.0716985841866,0.664831916460939,157.200600224402,11.7977393578741,169.663171498737,336.166625776401,5.20417042793042e-17
1,5.14009549086758,0.155,0.3504,11.8,0.01526,763,1.526,0.002,0.2,762,1,0.909109697923758,134.948990879301,761.281349803687,148.440822034459,123.51839475123,0.291978035599754,137.673273726517,137.381295690918,135.717487556075,163.633642081275,0.807987395030881,0.41329097637564,55.529389747148,62.1030246634202,0.663456204564702,157.063312202071,11.746153059921,169.472921466556,338.048413099467,2.74086309204336e-16
1,5.18365562214612,0.155,0.3504,11.9,0.01526,763,1.526,0.002,0.2,762,1,0.909109697923758,133.814965745862,761.282808914818,147.193420168623,122.480425047438,0.288936374232716,136.938765137886,136.649828763653,134.525257599976,162.791572047577,0.809601311261097,0.4145152546983,55.4036214508513,62.1305111016935,0.662109156532397,156.926386741092,11.6952184800372,169.283714377662,339.908184472438,2.74086309204336e-16
1,5.22721575342466,0.155,0.3504,12,0.01526,763,1.526,0.002,0.2,762,1,0.909109697923758,132.699841031313,761.284237937879,145.966808333885,121.45975483871,0.285957433340424,136.212329087747,135.926371654407,133.353126477698,161.958922112303,0.811188321423727,0.415724775504611,55.2772548182651,62.154286822183,0.660789885736054,156.789853240025,11.644922011886,169.095565137647,341.746330782662,2.74086309204336e-16
1,5.2707758847032,0.155,0.3504,12.1,0.01526,763,1.526,0.002,0.2,762,1,0.909109697923758,131.603148130228,761.285637794055,144.760471074927,120.455955211943,0.28303929269497,135.493846927028,135.210807634333,132.200593044982,161.135545725405,0.81274909283802,0.416919845821307,55.1503464343691,62.1744762080474,0.659497541741901,156.653738995598,11.5952504435311,168.908486980871,343.563233934101,5.20417042793042e-17
1,5.31433601598173,0.155,0.3504,12.2,0.01526,763,1.526,0.002,0.2,762,1,0.909109697923758,130.524433801292,761.287009367302,143.573909836608,119.468611316764,0.28018010966334,134.78320153047,134.503021420807,131.067172646336,160.321298662755,0.814284270934817,0.418100763655884,55.0229500814242,62.1911992804401,0.658231308481926,156.518069332691,11.5461909428478,168.722491584021,345.359267086895,2.74086309204336e-16
1,5.35789614726027,0.155,0.3504,12.3,0.01526,763,1.526,0.002,0.2,762,1,0.909109697923758,129.463259542744,761.288353506215,142.406642276961,118.497321793863,0.277378115327291,134.080277325418,133.802899210091,129.9523964431,159.516039025526,0.81579448014678,0.419267818337784,54.8951168807392,62.2045718688435,0.656990402535976,156.382867725865,11.4977310436151,168.537589172016,347.134794890459,5.20417042793042e-17
1,5.40145627853881,0.155,0.3504,12.4,0.01526,763,1.526,0.002,0.2,762,1,0.909109697923758,128.419200998045,761.289671025775,141.258201613437,117.541698231009,0.27463161083357,133.384960314905,133.110328704072,128.855810774115,158.719627235177,0.817280324755508,0.420421290843807,54.766895426595,62.2147057740779,0.655774071515122,156.248155913048,11.4498586321951,168.353788616758,348.890173710197,5.20417042793042e-17
1,5.44501640981735,0.155,0.3504,12.5,0.01526,763,1.526,0.002,0.2,762,1,0.909109697923758,127.391847390061,761.290962709,140.128136000529,116.601364645161,0.271938963958644,132.697138095603,132.425199131644,127.776976547121,157.931926024542,0.818742389697975,0.421561454108644,54.6383319128031,62.2217089243217,0.654581592539705,156.113954001921,11.4025619348215,168.171097529282,350.62575184799,5.20417042793042e-17
1,5.48857654109589,0.155,0.3504,12.6,0.01526,763,1.526,0.002,0.2,762,1,0.909109697923758,126.380800982203,761.292229308494,139.016007937033,115.675956989247,0.269298605874016,132.016699871139,131.747401265265,126.715468659187,157.152800425471,0.82018124133454,0.422688573321306,54.5094702523473,62.2256855244634,0.653412270807214,155.980280569513,11.355829505435,167.989522345755,352.341869756555,5.20417042793042e-17
1,5.53213667237443,0.155,0.3504,12.7,0.01526,763,1.526,0.002,0.2,762,1,0.909109697923758,125.38567656502,761.293471547911,137.921393701308,114.765122682245,0.266709028097614,131.343536461259,131.076827433162,125.670875444581,156.382117753405,0.821597428180653,0.423802906208217,54.3803521905241,62.2267361990924,0.652265438241095,155.847152755475,11.3096502140495,167.809068407766,354.038860247824,2.74086309204336e-16
1,5.57569680365297,0.155,0.3504,12.8,0.01526,763,1.526,0.002,0.2,762,1,0.909109697923758,124.406100966856,761.294690123333,136.843882813017,113.86852016129,0.264168779620559,130.677540307244,130.413371527623,124.642798148565,155.619747589301,0.82299148160424,0.424904703303669,54.251017411971,62.2249581294186,0.651140452220367,155.714586349476,11.2640132356181,167.629740037314,355.717048695473,5.20417042793042e-17
1,5.61925693493151,0.155,0.3504,12.9,0.01526,763,1.526,0.002,0.2,762,1,0.909109697923758,123.441712587268,761.295885704573,135.783077519893,112.985818454614,0.261676464194805,130.018605473964,129.756929009769,123.630850425712,154.86556175916,0.824363916490642,0.425994208208321,54.121503641947,62.2204451844007,0.650036694375681,155.582595873105,11.2189080393728,167.451540606853,357.37675323173,5.20417042793042e-17
1,5.66281706621005,0.155,0.3504,13,0.01526,763,1.526,0.002,0.2,762,1,0.909109697923758,122.492160951981,761.2970589364,134.738592308201,112.116696774194,0.259230737774557,129.366627648932,129.107396911157,122.634657861421,154.119434311534,0.825715231876835,0.42707165783635,53.9918467422055,62.2132880463458,0.648953569457793,155.451194656669,11.174324378619,167.274472604746,359.01828493861,2.74086309204336e-16
1,5.70637719748858,0.155,0.3504,13.1,0.01526,763,1.526,0.002,0.2,762,1,0.909109697923758,121.557106288226,761.298210439698,133.71005343562,111.260844127062,0.256830306099132,128.721504138656,128.464673832557,121.653857515386,153.381241493236,0.827045911556597,0.428137282651837,53.8620808017758,62.2035743312333,0.647890504267019,155.320394911223,11.1302522809611,167.098537696451,360.641948033706,2.74086309204336e-16
1,5.74993732876712,0.155,0.3504,13.2,0.01526,763,1.526,0.002,0.2,762,1,0.909109697923758,120.636219119376,761.299340812567,132.69709848535,110.417958944282,0.254473922408521,128.08313386259,127.828659940181,120.688097485857,152.650861723491,0.828356424658149,0.429191306894964,53.7322382229534,62.1913887040032,0.646846946640208,155.190207796145,11.0866820389294,166.923736781714,362.248040050685,5.20417042793042e-17
1,5.79349746004566,0.155,0.3504,13.3,0.01526,763,1.526,0.002,0.2,762,1,0.909109697923758,119.729179877876,761.300450631352,131.699375940347,109.587748726655,0.252160385284677,127.451417344935,127.19925695965,119.737036493598,151.928175566792,0.829647226195722,0.430233948798517,53.6023498027736,62.1768129890372,0.645822364496485,155.06064348257,11.0436042010031,166.75007004807,363.836852014607,5.20417042793042e-17
1,5.8370575913242,0.155,0.3504,13.4,0.01526,763,1.526,0.002,0.2,762,1,0.909109697923758,118.835678535504,761.301540451628,130.716544776613,108.769929706307,0.249888536608035,126.826256704542,126.576368167934,118.800343484507,151.213065704601,0.830918757596418,0.431265420795194,53.4724448102331,62.1599262760507,0.644816244930119,154.931711212939,11.0010095629971,166.577537020866,365.408668612235,5.20417042793042e-17
1,5.88061772260274,0.155,0.3504,13.5,0.01526,763,1.526,0.002,0.2,762,1,0.909109697923758,117.955414250056,761.302610809124,129.748274074564,107.964226523297,0.247657259625259,126.20755564312,125.959898383495,117.877697249935,150.505416906114,0.832171447203639,0.432285929716177,53.3425510595002,62.1408050216021,0.64382809335724,154.803419356922,10.9588891597981,166.406136610077,366.963768357434,5.20417042793042e-17
1,5.92417785388128,0.155,0.3504,13.6,0.01526,763,1.526,0.002,0.2,762,1,0.909109697923758,117.088095027629,761.303662220605,128.794242647545,107.170371916509,0.245465477117627,125.595219431946,125.349753954828,116.968786063779,149.805115998241,0.833405710758301,0.433295676981408,53.2126949793442,62.1195231464186,0.642857432701804,154.675775463963,10.9172342574471,166.235867154112,368.50242375183,5.20417042793042e-17
1,5.96773798515982,0.155,0.3504,13.7,0.01526,763,1.526,0.002,0.2,762,1,0.909109697923758,116.23343739969,761.3046951847,127.854138686614,106.388106428067,0.243312149667786,124.989154897265,124.745842747598,116.07330733551,149.112051834942,0.834621951858958,0.434294858781962,53.082901678998,62.0961521287245,0.641903802630568,154.548786312653,10.8760363455257,166.066726460809,370.024901440831,5.20417042793042e-17
1,6.01129811643836,0.155,0.3504,13.8,0.01526,763,1.526,0.002,0.2,762,1,0.909109697923758,115.391166114185,761.305710182693,126.927659420769,105.617178120617,0.241196274015342,124.38927040454,124.148074130525,115.190967278307,148.426115266053,0.835820562401911,0.435283666254931,52.9531950106545,62.0707610937529,0.640966758822817,154.422457957139,10.8352871298601,165.898711845821,371.531462365163,5.20417042793042e-17
1,6.0548582477169,0.155,0.3504,13.9,0.01526,763,1.526,0.002,0.2,762,1,0.909109697923758,114.561013839982,761.306707679272,126.014510791843,104.8573423068,0.23911688149857,123.795475841683,123.556358960185,114.32148059155,147.747199105703,0.837001923002316,0.436262285651143,52.8235976287861,62.0434168996102,0.640045872281325,154.296795770763,10.7949785255007,165.731820168545,373.022361908027,5.20417042793042e-17
1,6.09841837899543,0.155,0.3504,14,0.01526,763,1.526,0.002,0.2,762,1,0.909109697923758,113.742720883983,761.307688123232,125.11440714333,104.108361290323,0.23707303657566,123.207682601429,122.970609564853,113.464570156947,147.075198100466,0.83816640339723,0.437230898496106,52.694131046464,62.0141842196564,0.639140728677334,154.171804487108,10.7551026499906,165.566047865776,374.497850038029,5.20417042793042e-17
1,2.61360787671233,0.155,0.3504,6,0.01526,763,7.63,0.01,1,762,1,0.909109697923758,265.399682062626,750.119823418632,291.93361666777,242.919509677419,3.6331182082994,42.5797493292911,38.9466311209917,231.448440332516,84.4636452741747,0.616756282526637,0.294492333308983,11.0436853204285,8.87862760831586,10.9677516330892,159.005199826521,55.8397753589855,225.812726818596,173.712113090637,2.74086309204336e-16
1,2.65716800799087,0.155,0.3504,6.1,0.01526,763,7.63,0.01,1,762,1,0.909109697923758,261.048867602583,750.241661747542,287.147819673216,238.937222633527,3.53691662602996,42.2481679633367,38.7112513373067,227.198923200151,83.8047168348669,0.623100184430768,0.29788105595709,11.1101557064504,9.03704819316622,10.8552707687083,159.234124724399,55.3446830264748,225.434078519582,177.922230922984,2.74086309204336e-16
1,2.70072813926941,0.155,0.3504,6.2,0.01526,763,7.63,0.01,1,762,1,0.909109697923758,256.83840199609,750.35718449049,282.516403226874,235.083396462019,3.44568424909816,41.9195561043323,38.4738718552341,223.090745972757,83.1567223842823,0.629236304170874,0.301183230129186,11.1710438455074,9.18917860970829,10.7486204387277,159.433624099988,54.8616297857411,225.043874324457,182.065571805602,5.20417042793042e-17
1,2.74428827054794,0.155,0.3504,6.3,0.01526,763,7.63,0.01,1,762,1,0.909109697923758,252.761601964406,750.466871099572,278.032015874066,231.351913978495,3.35904531925043,41.5940828702545,38.2350375510041,219.117076859243,82.5195136282567,0.63517477205799,0.304402692734941,11.2267011742377,9.33524404940959,10.6473580140791,159.606142701758,54.3901358845608,224.643636600398,186.143141450649,5.20417042793042e-17
1,2.78784840182648,0.155,0.3504,6.4,0.01526,763,7.63,0.01,1,762,1,0.909109697923758,248.812201933712,750.57115361902,273.687765626034,227.737040322581,3.27666107265818,41.2718891579935,37.9952280853354,215.27151500026,81.892931481028,0.640925062170213,0.307543037260516,11.2774546237462,9.47546402537611,10.5510846325223,159.753899381027,53.929747913394,224.234731926943,190.155983832306,5.20417042793042e-17
1,2.83140853310502,0.155,0.3504,6.5,0.01526,763,7.63,0.01,1,762,1,0.909109697923758,244.984321903963,750.67042241204,269.477184616403,224.233393548387,3.19822529184,40.9530910511992,37.7548657593592,211.54805710794,81.2768082616378,0.646496045592831,0.310607634003965,11.323608540492,9.61005201297436,10.4594399116461,159.878911205587,53.4800369744351,223.818388091668,194.105172068437,2.74086309204336e-16
1,2.87496866438356,0.155,0.3504,6.6,0.01526,763,7.63,0.01,1,762,1,0.909109697923758,241.272438238751,750.765031075909,265.3941969707,220.835917888563,3.12346048493195,40.6377828222645,37.5143223373326,207.941067152764,80.6709695857815,0.651896038431094,0.313599648216643,11.3654464419091,9.73921520263713,10.3720974112592,159.983014615316,53.0405970038365,223.395709030412,197.99180059548,5.20417042793042e-17
1,2.9185287956621,0.155,0.3504,6.7,0.01526,763,7.63,0.01,1,762,1,0.909109697923758,237.671357071008,750.855300676655,261.433089553226,217.539859412614,3.05211459135273,40.3260395778856,37.2739249865329,204.445248778032,80.0752359927328,0.657132845203808,0.316522056411205,11.4032326217681,9.86315434449915,10.2887607239449,160.067884031909,52.6110432321875,222.967687988042,201.816978460191,5.20417042793042e-17
1,2.96208892694064,0.155,0.3504,6.8,0.01526,763,7.63,0.01,1,762,1,0.909109697923758,234.176190055258,750.941523410869,257.588485295091,214.340743833017,2.98395813107588,40.0179195916085,37.0339614605326,201.055620160102,79.4894243419655,0.662213798143239,0.319377661058792,11.4372136189437,9.98206366792276,10.2091600944839,160.135048270412,52.1910107699843,222.535219134881,205.581823576828,5.20417042793042e-17
1,3.00564905821918,0.155,0.3504,6.9,0.01526,763,7.63,0.01,1,762,1,0.909109697923758,230.782332228371,751.02396578318,253.855318841539,211.234356241234,2.91878172928765,39.7134663614238,36.7946846321361,197.767491065341,78.9133490096876,0.66714579285718,0.32216910386633,11.4676195620094,10.0961308618121,10.1330494864168,160.185905046991,51.7801533062729,222.09910783968,209.287457819565,5.20417042793042e-17
1,3.04920918949772,0.155,0.3504,7,0.01526,763,7.63,0.01,1,762,1,0.909109697923758,227.485441767965,751.10287137261,250.22881428666,208.216722580645,2.85639395995166,39.4127104257505,36.5563164657988,194.576441883281,78.3468229116839,0.671935320749952,0.324898877798435,11.4946654009326,10.2055371039786,10.0602040281525,160.221733833127,51.3781419099213,221.660079771201,212.935002838053,5.20417042793042e-17
1,3.09276932077626,0.155,0.3504,7.1,0.01526,763,7.63,0.01,1,762,1,0.909109697923758,224.281421461374,751.17846324862,246.704464789664,205.284092685143,2.79661946131664,39.1156709669998,36.3190515056831,191.478304440416,77.7896583753924,0.676588498548889,0.3275693379861,11.5185520360938,10.3104571297886,9.99041778247843,160.243707269636,50.9846639240759,221.218788976191,216.525576499426,5.20417042793042e-17
1,3.13632945205479,0.155,0.3504,7.2,0.01526,763,7.63,0.01,1,762,1,0.909109697923758,221.166401718855,751.250946087599,243.278013889808,202.432924731183,2.73929728415019,38.8223572282722,36.083059944122,188.469144420817,77.2416678811904,0.681111095239918,0.330182711645549,11.5394673538922,10.411059331971,9.92350179262472,160.252901323027,50.5994219453833,220.775825061035,220.060289873282,5.20417042793042e-17
1,3.17988958333333,0.155,0.3504,7.3,0.01526,763,7.63,0.01,1,762,1,0.909109697923758,218.13672498298,751.320508032279,239.945438357071,199.659870967742,2.68427943982018,38.5327697655594,35.8484903257393,185.545245238927,76.7026646902718,0.685508556678995,0.33274110711467,11.5575871773313,10.5075058848306,9.85928236565412,160.250304340877,50.2221328803842,220.331719586915,223.540244687448,5.20417042793042e-17
1,3.22344971461187,0.155,0.3504,7.4,0.01526,763,7.63,0.01,1,762,1,0.909109697923758,215.188931402129,751.387322329833,236.702932433327,196.961764603313,2.63142962055176,38.2469015550415,35.6154719344898,182.703093226597,76.1724633741568,0.689786028114438,0.335246522100844,11.5730761391815,10.5999528872652,9.79759956017648,160.236825141041,49.8525270722843,219.886951773501,226.966531192028,5.20417042793042e-17
1,3.26700984589041,0.155,0.3504,7.5,0.01526,763,7.63,0.01,1,762,1,0.909109697923758,212.319745650101,751.451548778809,233.546893334216,194.335607741935,2.58062206848529,37.9647389726439,35.3841169041586,179.939364011235,75.6508802590032,0.693948374827781,0.337700851222347,11.586088484603,10.6885505199401,9.73830585054004,160.21330025107,49.490347491982,219.441953593592,230.340226377597,2.74086309204336e-16
1,3.31056997716895,0.155,0.3504,7.6,0.01526,763,7.63,0.01,1,762,1,0.909109697923758,209.526064786284,751.513335010462,230.473907895608,191.778560271647,2.53174057372062,37.6862626608994,35.1545220871788,177.250909974909,75.137733796063,0.69800020107699,0.340105892915541,11.5967688094611,10.7734432127789,9.68126494391018,160.180500398564,49.1353489878376,218.997114330312,233.66239250052,2.74086309204336e-16
1,3.35413010844749,0.155,0.3504,7.7,0.01526,763,7.63,0.01,1,762,1,0.909109697923758,206.804947061787,751.572817626201,227.4807402606,189.287929618768,2.48467758449393,37.4114482963133,34.9267707118193,174.634748695751,74.6328448682454,0.701945867505236,0.342463355771449,11.6052527399793,10.8547698196004,9.62635073018339,160.139136339825,48.7872975892122,218.55278465922,236.934075874611,2.74086309204336e-16
1,3.39769023972603,0.155,0.3504,7.8,0.01526,763,7.63,0.01,1,762,1,0.909109697923758,204.153601586635,751.630123209656,224.564320513669,186.861161290323,2.43933341510624,37.1402672688164,34.7009338537102,172.08805228314,74.1360370413595,0.705789507160363,0.344774864357907,11.611667558846,10.9326637972948,9.57344634764149,160.089864102832,48.4459698592744,218.109280309748,240.156305893647,2.74086309204336e-16
1,3.44125037100457,0.155,0.3504,7.9,0.01526,763,7.63,0.01,1,762,1,0.909109697923758,201.569378781741,751.685369229244,221.721734178053,184.495830134749,2.39561553929239,36.8726872834847,34.4770717441923,169.608137527152,73.6471367675114,0.709535040254444,0.347041964577042,11.6161327824113,11.007253387404,9.52244334971374,160.03328971081,48.1111522930123,217.666885353536,243.330094253865,2.74086309204336e-16
1,3.4848105022831,0.155,0.3504,8,0.01526,763,7.63,0.01,1,762,1,0.909109697923758,199.04976154697,751.738664844785,218.950212500827,182.189632258065,2.35343795846311,36.6086728934724,34.2552349350093,167.192456790728,73.1659735472293,0.713186187778991,0.349266128602223,11.61876069318,11.0786617983639,9.47324096030619,159.969973444278,47.7826407567679,217.225855161352,246.456434349588,2.74086309204336e-16
1,3.52837063356164,0.155,0.3504,8.1,0.01526,763,7.63,0.01,1,762,1,0.909109697923758,196.592357083427,751.790111629897,216.247123457607,179.940377538829,2.31272063571875,36.3481859720335,34.0354653363147,164.838589580126,72.6923800558959,0.71674648407922,0.351448759433772,11.6196568314142,11.1470073870001,9.42574540688858,159.90043369231,47.4602399659407,216.78641906514,249.536300818555,2.74086309204336e-16
1,3.57193076484018,0.155,0.3504,8.2,0.01526,763,7.63,0.01,1,762,1,0.909109697923758,194.194889314117,751.839804220249,213.609963415441,177.745982690795,2.27338898777952,36.0911861305662,33.8177971427867,162.544234735475,72.2261922394783,0.720219288480103,0.353591195108446,11.6189204493105,11.2124038381395,9.37986932203006,159.8251504375,47.1437629978478,216.348782757378,252.570649216537,2.74086309204336e-16
1,3.61549089611872,0.155,0.3504,8.3,0.01526,763,7.63,0.01,1,762,1,0.909109697923758,191.855191852501,751.887830896409,211.036349398388,175.60446482705,2.23537342802924,35.8376310887939,33.6022576607647,160.30720318897,71.7672493838132,0.72360779604744,0.355694712593974,11.6166449308966,11.2749603414379,9.33553120531263,159.744568413761,46.8330308369457,215.913130456019,255.560415803457,2.74086309204336e-16
1,3.65905102739726,0.155,0.3504,8.4,0.01526,763,7.63,0.01,1,762,1,0.909109697923758,189.571201473304,751.93427410887,208.52401190555,173.513935483871,2.19860895477028,35.5874770024742,33.3888680477039,158.125411243141,71.3153941611986,0.726915047558877,0.357760531396659,11.612918180506,11.3347817647102,9.29265493863249,159.659099971455,46.5278719499388,215.479626860026,258.506517425448,2.74086309204336e-16
1,3.7026111586758,0.155,0.3504,8.5,0.01526,763,7.63,0.01,1,762,1,0.909109697923758,187.340952044207,751.979210951828,206.070788236073,171.472595066414,2.16303477955257,35.3406787534002,33.1776439738476,155.996874326236,70.8704726574793,0.730143938752331,0.359789816907139,11.6078229824319,11.3919688232158,9.25116934880451,159.569127680267,46.2281218884492,215.048418917521,261.409851479314,5.20417042793042e-17
1,3.74617128995434,0.155,0.3504,8.6,0.01526,763,7.63,0.01,1,762,1,0.909109697923758,185.162568880902,752.022713591477,203.674616279839,169.47872768192,2.12859399109721,35.0971902059015,32.9685962148043,153.919701185688,70.4323343825518,0.733297228912738,0.361783683506904,11.6014373341245,11.4466182444812,9.21100781216523,159.475006696757,45.9336229171821,214.619637426105,264.271295947523,5.20417042793042e-17
1,3.78973142123288,0.155,0.3504,8.7,0.01526,763,7.63,0.01,1,762,1,0.909109697923758,183.034263491466,752.06484965382,201.333528736393,167.530696329255,2.0952332508983,34.8569644335683,32.76173118267,151.892088484268,70.0008322666474,0.736377548852155,0.363743197455847,11.5938347550884,11.4988229283576,9.17210789654374,159.377066920423,45.644223665663,214.19339848263,267.091709493416,5.20417042793042e-17
1,3.83329155251142,0.155,0.3504,8.8,0.01526,763,7.63,0.01,1,762,1,0.909109697923758,180.954328679063,752.105682576412,199.045647728025,165.626938416422,2.06290251707168,34.619953919494,32.5570514024224,149.912315766758,69.575822644606,0.739387408333029,0.365669379579178,11.5850845734409,11.5486721020993,9.1344110365378,159.275614959436,45.3597788018105,213.769804797785,269.871931607572,5.20417042793042e-17
1,3.87685168378995,0.155,0.3504,8.9,0.01526,763,7.63,0.01,1,762,1,0.909109697923758,178.921133974804,752.145271927866,196.809179776024,163.765961580283,2.03155479343808,34.3861107329577,32.3545559395196,147.978740767881,69.1571652299594,0.742329202979781,0.367563207770245,11.5752521919233,11.5962514703267,9.09786223853902,159.170935924862,45.0801487257322,213.348946889133,272.612782797457,5.20417042793042e-17
1,3.92041181506849,0.155,0.3504,9,0.01526,763,7.63,0.01,1,762,1,0.909109697923758,176.933121375084,752.183673698552,194.622411111846,161.946339784946,2.0011459011894,34.1553866851335,32.1542407839441,146.089795034809,68.74472308047,0.745205220719684,0.36942561932421,11.5643993349974,11.6416433598012,9.06240981236678,159.063295070093,44.8051992822933,212.930904164754,275.315064813462,5.20417042793042e-17
1,3.96397194634703,0.155,0.3504,9.1,0.01526,763,7.63,0.01,1,762,1,0.909109697923758,174.988801359973,752.220940565451,192.48370329743,160.166709677419,1.97163427080117,33.9277334661273,31.9560991953261,144.24397983996,68.3383625565027,0.748017647790252,0.371257513116132,11.5525842785187,11.6849268589875,9.02800512675595,158.952939290447,44.5348014911007,212.515745908304,277.979560905315,2.74086309204336e-16
1,4.00753207762557,0.155,0.3504,9.2,0.01526,763,7.63,0.01,1,762,1,0.909109697923758,173.086749171278,752.257122133807,190.391489131154,158.425767180926,1.94298075212636,33.7031027653797,31.7601220132533,142.439862361894,67.9379532735045,0.750768574347025,0.373059751635766,11.5398620633504,11.7261779524233,8.99460238625696,158.840098496228,44.2688312926807,212.103532175166,280.607036103615,5.20417042793042e-17
1,4.05109220890411,0.155,0.3504,9.3,0.01526,763,7.63,0.01,1,762,1,0.909109697923758,171.225601330727,752.292265157939,188.344268817916,156.722264308012,1.91514844084341,33.4814463772501,31.5662979364067,140.676072114031,67.5433680495958,0.753459999702621,0.374833162890235,11.5262846941622,11.7654696499484,8.9621584273922,158.724986871206,44.0071693097051,211.694314608303,283.198237521921,2.74086309204336e-16
1,4.09465234018265,0.155,0.3504,9.4,0.01526,763,7.63,0.01,1,762,1,0.909109697923758,169.4040523804,752.32641374325,186.340606383683,155.055006177076,1.88810251963751,33.2627162933942,31.3746137737567,138.95129760266,67.1544828492446,0.756093837225167,0.376578542184744,11.5119013245559,11.8028721108724,8.93063253215409,158.607804027159,43.749700622226,211.288137181539,285.753894675397,2.74086309204336e-16
1,4.13821247146119,0.155,0.3504,9.5,0.01526,763,7.63,0.01,1,762,1,0.909109697923758,167.620851829027,752.359609531302,184.379126316486,153.422848217317,1.86181011267629,33.0468647833712,31.1850546706949,137.264283197266,66.7711767237924,0.758671918921848,0.378296653790602,11.4967584295612,11.8384527631818,8.89998625714942,158.488736064076,43.4963145559637,210.885036877189,288.274719812554,2.74086309204336e-16
1,4.18177260273973,0.155,0.3504,9.6,0.01526,763,7.63,0.01,1,762,1,0.909109697923758,165.874801289141,752.391891869572,182.458510417356,151.824693548387,1.83624015209875,32.8338444647593,30.9976043126605,135.613826197615,66.3933317495385,0.761195999731037,0.379988232508983,11.4808999664577,11.8722764179017,8.87018327687728,158.367956544591,43.2469044827489,210.485044304217,290.76140825705,5.20417042793042e-17
1,4.22533273401826,0.155,0.3504,9.7,0.01526,763,7.63,0.01,1,762,1,0.909109697923758,164.164751791315,752.423297967365,180.577494846043,150.259490522115,1.8113632553757,32.6236083639186,30.8122451085429,133.99877408335,66.0208329639738,0.763667761544506,0.38165398513816,11.4643675248013,11.904405378744,8.8411892397936,158.245627390403,43.0013676323157,210.088184262512,293.214638756945,2.74086309204336e-16
1,4.2688928652968,0.155,0.3504,9.8,0.01526,763,7.63,0.01,1,762,1,0.909109697923758,162.489601262832,752.453863039168,178.734867347614,148.726230414747,1.78715161252282,32.4161099684182,30.6289583558954,132.418021932971,65.6535683007002,0.766088816979431,0.383294591851249,11.447200466459,11.9348995471779,8.8129716359653,158.121899707612,42.7596049146856,209.694476258263,295.63507383913,5.20417042793042e-17
1,4.31245299657534,0.155,0.3504,9.9,0.01526,763,7.63,0.01,1,762,1,0.909109697923758,160.848292159167,752.483620436624,176.929464647133,147.223945259042,1.76357888225413,32.2113032720333,30.4477243897792,130.870510000202,65.2914285234447,0.768460712918213,0.384910707490939,11.4294360563915,11.9638165230695,8.78549967523237,157.996914547264,42.5215207524377,209.303934974934,298.023360166957,5.20417042793042e-17
1,4.35601312785388,0.155,0.3504,10,0.01526,763,7.63,0.01,1,762,1,0.909109697923758,159.239809237576,752.512601770157,175.160170000662,145.751705806452,1.74062009626042,32.0091428131222,30.2685227168618,129.355221436648,64.9343071595972,0.770784933832729,0.386502962787113,11.4111095848618,11.9912117010384,8.75874417492467,157.870803606743,42.287022922237,208.916570703904,300.380128899381,2.74086309204336e-16
1,4.39957325913242,0.155,0.3504,10.1,0.01526,763,7.63,0.01,1,762,1,0.909109697923758,157.663177462946,752.540837021188,173.425910891744,144.308619610348,1.7182515708794,31.8095837071057,30.0913321362263,127.871180150568,64.5821004335478,0.773062904908205,0.388071965502803,11.3922544816949,12.0171383626839,8.73267745626199,157.743689877138,42.0560224050091,208.532389738409,302.70599605015,5.20417042793042e-17
1,4.44313339041096,0.155,0.3504,10.2,0.01526,763,7.63,0.01,1,762,1,0.909109697923758,156.117460036839,752.568354645783,171.725656863394,142.893829222011,1.69645082550077,31.6125816736949,29.9161308481941,126.417448792381,64.2347072001577,0.775295994980745,0.389618301513469,11.3729024231621,12.0416477648315,8.70727324867109,157.615688241196,41.8284332442121,208.15139473408,305.001562845778,2.74086309204336e-16
1,4.4866935216895,0.155,0.3504,10.3,0.01526,763,7.63,0.01,1,762,1,0.909109697923758,154.601756541336,752.595181670476,170.058417476371,141.506510491701,1.67519650711388,31.4180930594454,29.7428965523315,124.993126858234,63.8920288785481,0.777485519301391,0.391142535824182,11.3530834320193,12.0647892239527,8.6825066013176,157.486906026057,41.6041724117032,207.773585039078,307.267416081246,2.74086309204336e-16
1,4.53025365296804,0.155,0.3504,10.4,0.01526,763,7.63,0.01,1,762,1,0.909109697923758,153.115201189977,752.621343780962,168.423240385252,140.145870967742,1.65446832046526,31.2260748561528,29.5716065356876,123.597348903673,63.5539693864762,0.7796327421386,0.39264521352895,11.3328259711848,12.0866101969084,8.65835380122758,157.357443514547,41.3831596807083,207.398956996483,309.504128472507,5.20417042793042e-17
1,4.57381378424658,0.155,0.3504,10.5,0.01526,763,7.63,0.01,1,762,1,0.909109697923758,151.656961178644,752.646865404261,166.81920952444,138.811148387097,1.6342469633451,31.0364847155541,29.402237752209,122.22928286002,63.2204350753807,0.781738879230086,0.394126860716072,11.3121570315078,12.1071563581624,8.63479229743143,157.227394418497,41.1653175054669,207.027504221396,311.712259005016,2.74086309204336e-16
1,4.61737391552511,0.155,0.3504,10.6,0.01526,763,7.63,0.01,1,762,1,0.909109697923758,150.226235129788,752.671769784914,165.245443396851,137.501609251369,1.61451406656872,30.8492809607451,29.2347668941764,120.888128446644,62.891334666327,0.783805100094142,0.395587985323102,11.2911022140389,12.1264716736122,8.61180063062323,157.096846317193,40.9505709071341,206.65921785495,313.892353277653,5.20417042793042e-17
1,4.66093404680365,0.155,0.3504,10.7,0.01526,763,7.63,0.01,1,762,1,0.909109697923758,148.822251623903,752.696079055706,163.701093458562,136.216547482665,1.59525213825995,30.664422594688,29.0691704564281,119.573115672837,62.5665791869033,0.785832530209774,0.397029077944762,11.2696858071873,12.1445984711768,8.58935836786706,156.965881063802,40.7388473655658,206.294086797235,316.044943841488,5.20417042793042e-17
1,4.70449417808219,0.155,0.3504,10.8,0.01526,763,7.63,0.01,1,762,1,0.909109697923758,147.44426781257,752.719814303371,162.185342593205,134.955283154122,1.57644451208108,30.4818693061372,28.9054247940561,118.283503423436,62.2460819092167,0.787822253074283,0.398450612596837,11.2479308591163,12.161577508281,8.56744604193919,156.834575162379,40.5300767166216,205.93209792094,318.170550532937,2.74086309204336e-16
1,4.74805430936073,0.155,0.3504,10.9,0.01526,763,7.63,0.01,1,762,1,0.909109697923758,146.091568107868,752.74299562969,160.697403670332,133.717161290323,1.5580752990868,30.3015814732818,28.743506174195,117.018578122807,61.9297582890128,0.789775312146284,0.399853047438911,11.2258592457022,12.177448036368,8.54604509492036,156.703000117782,40.3241910546695,205.573236267372,320.269680800949,2.74086309204336e-16
1,4.79161444063927,0.155,0.3504,11,0.01526,763,7.63,0.01,1,762,1,0.909109697923758,144.763462943251,752.765642208358,159.23651818242,132.501550733138,1.54012934290967,30.1235201653717,28.5833908224621,115.77765247216,61.6175259060396,0.791692712681547,0.40123682545855,11.2034917343613,12.1922478625725,8.52513782569982,156.571222760668,40.1211246399697,205.217485226338,322.342830027938,5.20417042793042e-17
1,4.83517457191781,0.155,0.3504,11.1,0.01526,763,7.63,0.01,1,762,1,0.909109697923758,143.45928760142,752.787772337952,157.801954955551,131.307843068875,1.52259217801108,29.9476471425634,28.4250549645523,114.56006425557,61.3093044056549,0.793575423468531,0.402602375119372,11.1808480440201,12.2060134086758,8.50470734107435,156.43930554952,39.9208138106629,204.864826701257,324.390481844223,2.74086309204336e-16
1,4.87873470319635,0.155,0.3504,11.2,0.01526,763,7.63,0.01,1,762,1,0.909109697923758,142.178401104978,752.809403491308,156.393008929162,130.135451612903,1.50544999075576,29.7739248542005,28.2684748634447,113.365175210365,61.0050154417432,0.795424378469946,0.403950110975248,11.1579469014901,12.2187797674671,8.48473751016141,156.307306851488,39.7231968990897,204.515241260739,326.413108435801,2.74086309204336e-16
1,4.92229483447489,0.155,0.3504,11.3,0.01526,763,7.63,0.01,1,762,1,0.909109697923758,140.920185165996,752.830552361597,155.009000000586,128.983810448187,1.48868958308946,29.6023164357207,28.1136268526313,112.192369957892,60.7045826209613,0.797240478376256,0.405280434252733,11.1348060944844,12.2305807566238,8.46521292186399,156.175281203701,39.5282141521893,204.168708277755,328.411170845337,2.74086309204336e-16
1,4.96585496575342,0.155,0.3504,11.4,0.01526,763,7.63,0.01,1,762,1,0.909109697923758,139.684043190856,752.851234905347,153.649271930405,127.852373514431,1.472298338619,29.4327857043588,27.9604873657398,111.041054990918,60.4079314483194,0.799024592076587,0.40659373340367,11.1114425214992,12.2414489702247,8.44611884515229,156.043279556529,39.3358076557534,203.825206057435,330.385119266282,2.74086309204336e-16
1,5.00941509703196,0.155,0.3504,11.5,0.01526,763,7.63,0.01,1,762,1,0.909109697923758,138.469399337022,752.871466382643,152.313191304923,126.740613744741,1.45626419091122,29.2652971538009,27.8090329628896,109.910657714226,60.1149892741276,0.800777558052148,0.407890384629762,11.0878722387646,12.2514158280022,8.42744119195136,155.911349500166,39.1459212623031,203.484711954421,332.335393330064,2.74086309204336e-16
1,5.0529752283105,0.155,0.3504,11.6,0.01526,763,7.63,0.01,1,762,1,0.909109697923758,137.2756976186,752.891261394726,151.000146552295,125.648022246941,1.44057559384321,29.099815947927,27.6592403540837,108.800625535144,59.8256852422826,0.802500185696872,0.4091707523808,11.0641105044565,12.260511622435,8.40916648242854,155.779535475811,38.9585005224011,203.147202480641,334.262422386355,2.74086309204336e-16
1,5.09653535958904,0.155,0.3504,11.7,0.01526,763,7.63,0.01,1,762,1,0.909109697923758,136.102401057757,752.910633919182,149.709547009113,124.574107526882,1.42522149385078,28.9363079137648,27.511086419914,107.710425001038,59.5399502399221,0.804193256569706,0.410435189828112,11.0401718203456,12.2687655637822,8.39128181250946,155.647878972574,38.7734926191928,202.812653404276,336.166625776401,5.20417042793042e-17
1,5.14009549086758,0.155,0.3504,11.8,0.01526,763,7.63,0.01,1,762,1,0.909109697923758,134.948990879301,752.929597342893,148.440822034459,123.51839475123,1.41019130393464,28.7747395337653,27.3645482298306,106.639540980952,59.2577168484111,0.805857525582643,0.411684039314682,11.0160699710491,12.2762058231504,8.37377482345503,155.516418711179,38.5908463060099,202.481039840643,338.048413099467,2.74086309204336e-16
1,5.18365562214612,0.155,0.3504,11.9,0.01526,763,7.63,0.01,1,762,1,0.909109697923758,133.814965745862,752.948164492928,147.193420168623,122.480425047438,1.39547487929586,28.6150779374986,27.2196030582028,105.587475888781,58.9789192956721,0.807493722128316,0.412917632783297,10.9918180610373,12.2828595736852,8.35663367334474,155.385190815434,38.4105118468629,202.152336335642,339.908184472438,2.74086309204336e-16
1,5.22721575342466,0.155,0.3504,12,0.01526,763,7.63,0.01,1,762,1,0.909109697923758,132.699841031313,752.966347665509,145.966808333885,121.45975483871,1.38106249448272,28.457290892859,27.0762283983763,104.553748945557,58.7034934098237,0.809102551150715,0.414136292184,10.9674285495374,12.2887530299728,8.33984701033484,155.254228972362,38.2324409596654,201.826516942363,341.746330782662,2.74086309204336e-16
1,5.2707758847032,0.155,0.3504,12.1,0.01526,763,7.63,0.01,1,762,1,0.909109697923758,131.603148130228,752.984158653199,144.760471074927,120.455955211943,1.36694482194051,28.3013467968569,26.9344019749164,103.537895478553,58.4313765741242,0.810684694162366,0.415340329862019,10.9429132834665,12.2939114857334,8.32340394755846,155.123564581803,38.0565867620477,201.50355529141,343.563233934101,5.20417042793042e-17
1,5.31433601598173,0.155,0.3504,12.2,0.01526,763,7.63,0.01,1,762,1,0.909109697923758,130.524433801292,753.001608770436,143.573909836608,119.468611316764,1.35311291186484,28.1472146660695,26.7941017542047,102.539466255101,58.1625076831873,0.812240810211065,0.416530048927275,10.9182835285172,12.2983593498856,8.30729403955234,154.993226896261,37.8829037196145,201.183424655428,345.359267086895,2.74086309204336e-16
1,5.35789614726027,0.155,0.3504,12.3,0.01526,763,7.63,0.01,1,762,1,0.909109697923758,129.463259542744,753.018708877526,142.406642276961,118.497321793863,1.33955817326724,27.9948641268125,26.6553059535453,101.558026849126,57.8968271004593,0.813771536799064,0.417705743606517,10.893549998511,12.3021201810565,8.29150726010719,154.86324315168,37.7113475965252,200.866098008312,347.134794890459,5.20417042793042e-17
1,5.40145627853881,0.155,0.3504,12.4,0.01526,763,7.63,0.01,1,762,1,0.909109697923758,128.419200998045,753.035469403208,141.258201613437,117.541698231009,1.32627235616827,27.8442654050891,26.5179930489209,100.593157038544,57.6342766169207,0.815277490757432,0.418867699579036,10.8687228831243,12.3052167206083,8.27603398143411,154.733638689794,37.5418754082672,200.551548079496,348.890173710197,5.20417042793042e-17
1,5.44501640981735,0.155,0.3504,12.5,0.01526,763,7.63,0.01,1,762,1,0.909109697923758,127.391847390061,753.051900365888,140.128136000529,116.601364645161,1.31324753484094,27.6953893163661,26.3821417815251,99.6444502317782,57.3747994109959,0.816759269078113,0.420016194296862,10.8438118740889,12.3076709242501,8.26086495456587,154.604437072647,37.3744453765153,200.239747403729,350.62575184799,5.20417042793042e-17
1,5.48857654109589,0.155,0.3504,12.6,0.01526,763,7.63,0.01,1,762,1,0.909109697923758,126.380800982203,753.068011393623,139.016007937033,115.675956989247,1.30047609203281,27.5482072552221,26.2477311631893,98.711512921786,57.1183400096473,0.818217449706066,0.4211514972903,10.8188261899589,12.3095039922998,8.24599129090077,154.475660189823,37.2090168859607,199.930668366685,352.341869756555,5.20417042793042e-17
1,5.53213667237443,0.155,0.3504,12.7,0.01526,763,7.63,0.01,1,762,1,0.909109697923758,125.38567656502,753.08381174296,137.921393701308,114.765122682245,1.2879507041005,27.4026911849072,26.1147404808067,97.7939641660479,56.8648442506027,0.819652592293694,0.422273870459591,10.7937745995297,12.3107363986582,8.23140444481685,154.347328358897,37.045550443018,199.624283246732,354.038860247824,2.74086309204336e-16
1,5.57569680365297,0.155,0.3504,12.8,0.01526,763,7.63,0.01,1,762,1,0.909109697923758,124.406100966856,753.099310316682,136.843882813017,113.86852016129,1.27566432699601,27.2588136268497,25.9831492998537,96.891435091109,56.6142592457271,0.821065238919652,0.423383568353442,10.7686654439918,12.3113879185532,8.21709619728467,154.219460419568,36.8840076363086,199.320564253161,355.717048695473,5.20417042793042e-17
1,5.61925693493151,0.155,0.3504,12.9,0.01526,763,7.63,0.01,1,762,1,0.909109697923758,123.441712587268,753.114515680558,135.783077519893,112.985818454614,1.26361018304788,27.1165476501393,25.8529374670914,96.0035684203258,56.3665333454748,0.822455914773983,0.424480838435129,10.7435066578936,12.3114776551121,8.20305864040646,154.092073821913,36.7243510988309,199.01948356115,357.37675323173,5.20417042793042e-17
1,5.66281706621005,0.155,0.3504,13,0.01526,763,7.63,0.01,1,762,1,0.909109697923758,122.492160951981,753.12943607914,134.738592308201,112.116696774194,1.25178174848576,26.9758668610171,25.7240851125314,95.1300180235651,56.1216161044124,0.82382512881141,0.425565921336815,10.7183057889837,12.3110240648138,8.18928416283105,153.965184709153,36.5665444717351,198.721013343719,359.01828493861,2.74086309204336e-16
1,5.70637719748858,0.155,0.3504,13.1,0.01526,763,7.63,0.01,1,762,1,0.909109697923758,121.557106288226,753.144079450684,133.71005343562,111.260844127062,1.24017274165944,26.8367453923943,25.5965726507348,94.2704484876696,55.8794582477811,0.825173374374493,0.42663905110272,10.6930700170005,12.3100449818731,8.17576543597841,153.838807995307,36.4105523696237,198.425125800909,360.641948033706,2.74086309204336e-16
1,5.74993732876712,0.155,0.3504,13.2,0.01526,763,7.63,0.01,1,762,1,0.909109697923758,120.636219119376,753.158453441248,132.69709848535,110.417958944282,1.22877711190806,26.6991578934217,25.4703807815136,93.4245347065921,55.6400116390634,0.826501129788279,0.427700455421697,10.6678061714681,12.3085576416048,8.16249540102514,153.712957438069,36.2563403472976,198.131793186392,362.248040050685,5.20417042793042e-17
1,5.79349746004566,0.155,0.3504,13.3,0.01526,763,7.63,0.01,1,762,1,0.909109697923758,119.729179877876,753.172565418016,131.699375940347,109.587748726655,1.21758902903781,26.5630795191295,25.3454904900917,92.5919614901491,55.403229248539,0.827808858927942,0.428750355849778,10.6425207485582,12.3065787028152,8.14946725660479,153.587645707236,36.1038748678826,197.840987831723,363.836852014607,5.20417042793042e-17
1,5.8370575913242,0.155,0.3504,13.4,0.01526,763,7.63,0.01,1,762,1,0.909109697923758,118.835678535504,753.186422481899,130.716544776613,108.769929706307,1.20660287336965,26.4284859201527,25.2218830467831,91.77242319042,55.169065122784,0.829097011760836,0.429788968023183,10.6172199270715,12.3041242692631,8.13667444717201,153.462884448971,35.953123272265,197.552682168408,365.408668612235,5.20417042793042e-17
1,5.88061772260274,0.155,0.3504,13.5,0.01526,763,7.63,0.01,1,762,1,0.909109697923758,117.955414250056,753.200031479461,129.748274074564,107.964226523297,1.19581322632156,26.2953532325568,25.0995400062352,90.9656233448722,54.937474355107,0.830366024864312,0.430816501862295,10.5919095835894,12.3012099102342,8.12411065199522,153.338684346183,35.8040537497745,197.266848747953,366.963768357434,5.20417042793042e-17
1,5.92417785388128,0.155,0.3504,13.6,0.01526,763,7.63,0.01,1,762,1,0.909109697923758,117.088095027629,753.213399014207,128.794242647545,107.170371916509,1.18521486149179,26.1636580677759,24.9784432062841,90.1712743353407,54.7084130568726,0.83161632192054,0.431833161767035,10.5665953068425,12.2978506802676,8.11176977473312,153.215055175268,35.6566353100588,196.983460260059,368.50242375183,5.20417042793042e-17
1,5.96773798515982,0.155,0.3504,13.7,0.01526,763,7.63,0.01,1,762,1,0.909109697923758,116.23343739969,753.226531457278,127.854138686614,106.388106428067,1.17480273621255,26.0333775026749,24.8585747664624,89.3890970620575,54.4818383297043,0.832848314189531,0.432839146804075,10.5412824113417,12.2940611380731,8.09964593356384,153.092005859454,35.5108377560836,196.702489549101,370.024901440831,5.20417042793042e-17
1,6.01129811643836,0.155,0.3504,13.8,0.01526,763,7.63,0.01,1,762,1,0.909109697923758,115.391166114185,753.239434957582,126.927659420769,105.617178120617,1.16457198354531,25.9044890697431,24.7399170861978,88.6188206319523,54.257708238533,0.834062400961459,0.433834650886291,10.5159759503128,12.2898553646756,8.08773345182852,152.96954451897,35.3666316582158,196.423909629015,371.531462365163,5.20417042793042e-17
1,6.0548582477169,0.155,0.3504,13.9,0.01526,763,7.63,0.01,1,762,1,0.909109697923758,114.561013839982,753.252115451405,126.014510791843,104.8573423068,1.15451790469106,25.7769707474285,24.6224528427375,87.8601820605111,54.0359817854586,0.835258969989358,0.434819862944826,10.4906807279733,12.28524698082,8.07602684916296,152.847678518235,35.2239883293305,196.147693696728,373.022361908027,5.20417042793042e-17
1,6.09841837899543,0.155,0.3504,14,0.01526,763,7.63,0.01,1,762,1,0.909109697923758,113.742720883983,753.264578671521,125.11440714333,104.108361290323,1.14463596179052,25.6508009506184,24.5061649888278,87.1129259865017,53.8166188844129,0.83643839790315,0.435794967094146,10.4654013111892,12.2802491636713,8.06452083308282,152.726414510258,35.0828798009011,195.873815144242,374.497850038029,5.20417042793042e-17
1,2.61360787671233,0.155,0.3504,6,0.01526,763,15.26,0.02,2,762,1,0.909109697923758,265.399682062626,736.297348227965,291.93361666777,242.919509677419,4.91062474195188,24.1536841824597,19.2430594405079,206.393073143275,61.2469280717176,0.609561666398379,0.290679204460099,5.38203802270963,4.26954135677377,23.7286288647908,155.822349281888,78.9708325890968,258.521810735776,173.712113090637,2.74086309204336e-16
1,2.65716800799087,0.155,0.3504,6.1,0.01526,763,15.26,0.02,2,762,1,0.909109697923758,261.048867602583,736.566513081128,287.147819673216,238.937222633527,4.77980640169974,23.9132207512509,19.1334143495511,202.392353574907,60.7255844383133,0.61610263442175,0.294144600070601,5.41870403239401,4.3511336426375,23.4801364928448,156.110458638037,78.2460509190458,257.836646049927,177.922230922984,2.74086309204336e-16
1,2.70072813926941,0.155,0.3504,6.2,0.01526,763,15.26,0.02,2,762,1,0.909109697923758,256.83840199609,736.821534603544,282.516403226874,235.083396462019,4.65579365750974,23.6780518414466,19.0222581839369,198.526899856929,60.2163853221765,0.62242525516939,0.297519322547808,5.45241353893163,4.42952305000592,23.2447012112397,156.36561929997,77.5389158939585,257.149236405168,182.065571805602,5.20417042793042e-17
1,2.74428827054794,0.155,0.3504,6.3,0.01526,763,15.26,0.02,2,762,1,0.909109697923758,252.761601964406,737.063503154875,278.032015874066,231.351913978495,4.53806768142357,23.447976686601,18.9099090051774,194.790122408858,59.7188568546136,0.628540490554858,0.300807541693129,5.48335401229683,4.50482359313626,23.0213164024501,156.590576847156,76.8487241533373,256.460617402944,186.143141450649,5.20417042793042e-17
1,2.78784840182648,0.155,0.3504,6.4,0.01526,763,15.26,0.02,2,762,1,0.909109697923758,248.812201933712,737.293399426434,273.687765626034,227.737040322581,4.4261611931902,23.2228083005249,18.7966471073347,191.175849278601,59.2325539460711,0.634458560822268,0.304013148815653,5.51169957493301,4.57714648095729,22.8090766945163,156.787817998476,76.17481096099,255.771705653982,190.155983832306,5.20417042793042e-17
1,2.83140853310502,0.155,0.3504,6.5,0.01526,763,15.26,0.02,2,762,1,0.909109697923758,244.984321903963,737.51210793733,269.477184616403,224.233393548387,4.31965219980034,23.0023718442071,18.6827196444067,187.678293706991,58.7570576104504,0.640189008528514,0.307139781473598,5.5376120875987,4.64659992092909,22.6071655014352,156.959599090299,75.5165475203136,255.083312112048,194.105172068437,2.74086309204336e-16
1,2.87496866438356,0.155,0.3504,6.6,0.01526,763,15.26,0.02,2,762,1,0.909109697923758,241.272438238751,737.720428579107,265.3941969707,220.835917888563,4.2181586276848,22.786503259074,18.5683446313892,184.292024662081,58.2919726429663,0.645740755711088,0.310190845443859,5.5612421356181,4.7132889823394,22.4148443651792,157.107970924141,74.8733385141752,254.396153803496,197.99180059548,5.20417042793042e-17
1,2.9185287956621,0.155,0.3504,6.7,0.01526,763,15.26,0.02,2,762,1,0.909109697923758,237.671357071008,737.919086531316,261.433089553226,217.539859412614,4.12133370222785,22.5750481158777,18.4537144136499,181.011940031196,57.8369255923815,0.651122155117587,0.313169534296387,5.58272992567475,4.7773155082268,22.2314438016572,157.234800513496,74.2446198475275,253.71086416268,201.816978460191,5.20417042793042e-17
1,2.96208892694064,0.155,0.3504,6.8,0.01526,763,15.26,0.02,2,762,1,0.909109697923758,234.176190055258,738.108740810837,257.588485295091,214.340743833017,4.02886195573245,22.367860639065,18.3389986833326,177.833242195624,57.3915629799039,0.656341036239679,0.316078846889945,5.60220610215521,4.83877806695054,22.0563554080043,157.341790172158,73.6298565733005,253.028002153463,205.581823576828,5.20417042793042e-17
1,3.00564905821918,0.155,0.3504,6.9,0.01526,763,15.26,0.02,2,762,1,0.909109697923758,230.782332228371,738.289991670244,253.855318841539,211.234356241234,3.94045576614013,22.1648028746919,18.2243471085518,174.751415744839,56.9555497260713,0.661404746784553,0.318921603056585,5.619792491056,4.89777193594519,21.8890250324291,157.430494315139,73.0285409842502,252.348060331818,209.287457819565,5.20417042793042e-17
1,3.04920918949772,0.155,0.3504,7,0.01526,763,15.26,0.02,2,762,1,0.909109697923758,227.485441767965,738.463387022487,250.22881428666,208.216722580645,3.85585234582035,21.965743976358,18.1098916305377,171.762207115112,56.528567754091,0.666320190125903,0.321700457701745,5.63560277859227,4.95438911145719,21.7289468429592,157.502334284799,72.4401908552789,251.671471983038,212.935002838053,5.20417042793042e-17
1,3.09276932077626,0.155,0.3504,7.1,0.01526,763,15.26,0.02,2,762,1,0.909109697923758,224.281421461374,738.629428038577,246.704464789664,205.284092685143,3.77481111348685,21.7705595886643,17.9957484751774,168.861605961663,56.110314743807,0.671093859200684,0.324417913513485,5.64974313087651,5.00871833910866,21.5756581596717,157.558611466731,71.8643478224166,250.998617448819,216.525576499426,5.20417042793042e-17
1,3.13632945205479,0.155,0.3504,7.2,0.01526,763,15.26,0.02,2,762,1,0.909109697923758,221.166401718855,738.788574040155,243.278013889808,202.432924731183,3.69711139346016,21.5791313116643,17.8820199182041,166.045828094835,55.7005030148741,0.675731867254314,0.327076332446598,5.66231276035442,5.06084516100541,21.4287349378861,157.600518919943,71.3005758860809,250.32982974391,220.060289873282,5.20417042793042e-17
1,3.17988958333333,0.155,0.3504,7.3,0.01526,763,15.26,0.02,2,762,1,0.909109697923758,218.13672498298,738.941246788679,239.945438357071,199.659870967742,3.6225503956024,21.3913462329183,17.7687958373159,163.311299829466,55.2988585215301,0.680239975783469,0.329677946124112,5.67340444408427,5.1108519758331,21.2877878083987,157.629151712776,70.7484600274978,249.665399548672,223.540244687448,5.20417042793042e-17
1,3.22344971461187,0.155,0.3504,7.4,0.01526,763,15.26,0.02,2,762,1,0.909109697923758,215.188931402129,739.087834256484,236.702932433327,196.961764603313,3.55094143671474,21.2070965162565,17.6561550795417,160.654643612945,54.9051199441339,0.684623619980322,0.332224865279283,5.68310499841285,5.15881810899201,21.1524585960421,157.64551612821,70.207604928322,249.005579652574,226.966531192028,5.20417042793042e-17
1,3.26700984589041,0.155,0.3504,7.5,0.01526,763,15.26,0.02,2,762,1,0.909109697923758,212.319745650101,739.228693951471,233.546893334216,194.335607741935,3.48211237033556,21.0262790383511,17.5441666680155,158.072664811926,54.5190378651012,0.688887931943517,0.334719088344706,5.69149571412944,5.20481989032712,21.0224172503478,157.650537878969,69.6776337844781,248.350588913795,230.340226377597,2.74086309204336e-16
1,3.31056997716895,0.155,0.3504,7.6,0.01526,763,15.26,0.02,2,762,1,0.909109697923758,209.526064786284,739.36415585598,230.473907895608,191.778560271647,3.41590419695747,20.8487950657981,17.4328908688406,155.562339550335,54.140374018807,0.693037761888299,0.3371625092813,5.69865275575976,5.24893073743343,20.8973591323794,157.645069453266,69.1581872061313,247.700615791777,233.66239250052,2.74086309204336e-16
1,3.35413010844749,0.155,0.3504,7.7,0.01526,763,15.26,0.02,2,762,1,0.909109697923758,206.804947061787,739.49452503121,227.4807402606,189.287929618768,3.3521698309014,20.674549966693,17.3223801357916,153.120803502502,53.7689006065998,0.697077697560007,0.339556924728085,5.70464752828978,5.29122124287012,20.7770026103415,157.629896695447,68.6489221965022,247.05582150229,236.934075874611,2.74086309204336e-16
1,3.39769023972603,0.155,0.3504,7.8,0.01526,763,15.26,0.02,2,762,1,0.909109697923758,204.153601586635,739.620083930843,224.564320513669,186.861161290323,3.29077300360007,20.5034529517276,17.2126799481276,150.745341555208,53.4043996693946,0.701012082030878,0.34190404054358,5.70954701427773,5.33175926391317,20.6610869236448,157.605744711805,68.1495112029234,246.416342838373,240.156305893647,2.74086309204336e-16
1,3.44125037100457,0.155,0.3504,7.9,0.01526,763,15.26,0.02,2,762,1,0.909109697923758,201.569378781741,739.74109446114,221.721734178053,184.495830134749,3.23158728598363,20.3354168406762,17.1038295546926,148.433378261144,53.0466625113825,0.704845030039134,0.344205477801006,5.71341408401741,5.37061001372346,20.5493702810349,157.573283179875,67.6596412341838,245.782294695094,243.330094253865,2.74086309204336e-16
1,3.4848105022831,0.155,0.3504,8,0.01526,763,15.26,0.02,2,762,1,0.909109697923758,199.04976154697,739.85779981938,218.950212500827,182.189632258065,3.1744952151285,20.1703578508267,16.9958626356982,146.182469014135,52.6954891693591,0.70858044301121,0.346462778292014,5.71630778115309,5.40783615301447,20.4416281633431,157.533131129336,67.1790130387513,245.15377233143,246.456434349588,2.74086309204336e-16
1,3.52837063356164,0.155,0.3504,8.1,0.01526,763,15.26,0.02,2,762,1,0.909109697923758,196.592357083427,739.970426138049,216.247123457607,179.940377538829,3.11938751240809,20.0081954044736,16.8888078920655,143.990291883354,52.3506879228165,0.712222022892147,0.348677409587283,5.71828358591073,5.44349788147694,20.3376518055807,157.485861253955,66.7073403389695,244.530853398505,249.536300818555,2.74086309204336e-16
1,3.57193076484018,0.155,0.3504,8.2,0.01526,763,15.26,0.02,2,762,1,0.909109697923758,194.194889314117,740.079183958325,213.609963415441,177.745982690795,3.06616238214119,19.8488519530465,16.7826895709054,141.854640049895,52.0120748407152,0.715773284895462,0.35085076969673,5.71939365790098,5.47765302836253,20.2372468366165,157.432003806515,66.2443491167956,243.913599759927,252.570649216537,2.74086309204336e-16
1,3.61549089611872,0.155,0.3504,8.3,0.01526,763,15.26,0.02,2,762,1,0.909109697923758,191.855191852501,740.184269553239,211.036349398388,175.60446482705,3.01472488122153,19.6922528158307,16.6775279346092,139.773414794622,51.6794733612621,0.719237569271768,0.352984191367289,5.71968706026085,5.51035714174961,20.1402320576405,157.372050122227,65.7897769470007,243.302059126868,255.560415803457,2.74086309204336e-16
1,3.65905102739726,0.155,0.3504,8.4,0.01526,763,15.26,0.02,2,762,1,0.909109697923758,189.571201473304,740.285866118121,208.52401190555,173.513935483871,2.96498635147843,19.5383260315421,16.5733396800637,137.744618991026,51.3527139015666,0.722618052184848,0.355078946051999,5.71920996673336,5.5416635761152,20.0464383431479,157.306455810598,65.3433723741791,242.696266527925,258.506517425448,2.74086309204336e-16
1,3.7026111586758,0.155,0.3504,8.5,0.01526,763,15.26,0.02,2,762,1,0.909109697923758,187.340952044207,740.384144843625,206.070788236073,171.472595066414,2.91686390759692,19.3870022212834,16.4701383136865,135.766351061247,51.0316334943663,0.725917755774673,0.357136247580463,5.71800585313317,5.57162357792129,19.9557076503192,157.235643650899,64.9048943301838,242.096245631402,261.409851479314,5.20417042793042e-17
1,3.74617128995434,0.155,0.3504,8.6,0.01526,763,15.26,0.02,2,762,1,0.909109697923758,185.162568880902,740.479265884669,203.674616279839,169.47872768192,2.87027997434901,19.238214461619,16.36793448727,133.836799357315,50.7160754494053,0.729139557478646,0.359157255557561,5.71611567451114,5.60028636899382,19.8678921245062,157.160006222232,64.4741115889377,241.502009935676,264.271295947523,5.20417042793042e-17
1,3.78973142123288,0.155,0.3504,8.7,0.01526,763,15.26,0.02,2,762,1,0.909109697923758,183.034263491466,740.571379236863,201.333528736393,167.530696329255,2.8251618676787,19.0918981666864,16.2667362990077,131.954236933177,50.4058890372481,0.732286198675167,0.361143078514434,5.71357802920902,5.62769922753058,19.7828532901049,157.07990829558,64.050802255809,240.913563841494,267.091709493416,5.20417042793042e-17
1,3.83329155251142,0.155,0.3504,8.8,0.01526,763,15.26,0.02,2,762,1,0.909109697923758,180.954328679063,740.660625530625,199.045647728025,165.626938416422,2.78144141486338,18.9479909784125,16.1665495635492,130.117016676212,50.100929193648,0.735360292707243,0.363094776833334,5.71042931088628,5.65390756662307,19.7004613174395,156.99568901205,63.6347532890014,240.330903618491,269.871931607572,5.20417042793042e-17
1,3.87685168378995,0.155,0.3504,8.9,0.01526,763,15.26,0.02,2,762,1,0.909109697923758,178.921133974804,740.747136751834,196.809179776024,163.765961580283,2.73905460956067,18.8064326640273,16.0673780544666,128.323566769782,49.801056242721,0.738364332338187,0.365013365465689,5.70670384950266,5.67895501021617,19.6205943574494,156.907663868796,63.225760050601,239.754018276846,272.612782797457,5.20417042793042e-17
1,3.92041181506849,0.155,0.3504,9,0.01526,763,15.26,0.02,2,762,1,0.909109697923758,176.933121375084,740.831036896878,194.622411111846,161.946339784946,2.69794129805602,18.6671650201751,15.9692237221191,126.572386460886,49.5061356374151,0.741300696686447,0.366899816460837,5.70243404215123,5.70288346646338,19.5431379369565,156.816126531695,62.8236258851461,239.182890353797,275.315064813462,5.20417042793042e-17
1,3.96397194634703,0.155,0.3504,9.1,0.01526,763,15.26,0.02,2,762,1,0.909109697923758,174.988801359973,740.912442568936,192.48370329743,160.166709677419,2.6580448934647,18.530131783012,15.8720868895473,124.862042109314,49.2160377158671,0.744171657682108,0.368755061321166,5.69765047455712,5.7257331984611,19.467984408173,156.721350491735,62.4281617237356,238.617496623644,277.979560905315,2.74086309204336e-16
1,4.00753207762557,0.155,0.3504,9.2,0.01526,763,15.26,0.02,2,762,1,0.909109697923758,173.086749171278,740.99146352159,190.391489131154,158.425767180926,2.61931211502301,18.3952785437535,15.7759664287305,123.191163496704,48.9306374724522,0.746979386083643,0.370579993197844,5.69238203398453,5.74754289236801,19.3950324468461,156.623590580234,62.0391857118761,238.057808738956,280.607036103615,5.20417042793042e-17
1,4.05109220890411,0.155,0.3504,9.3,0.01526,763,15.26,0.02,2,762,1,0.909109697923758,171.225601330727,741.0682031551,188.344268817916,156.722264308012,2.58169274993391,18.2625526692033,15.6808599192694,121.558440375841,48.6498143423561,0.749725957089894,0.372375468940025,5.68665601422987,5.7683497229328,19.3241865940947,156.523084356375,61.656522859397,237.503793809867,283.198237521921,2.74086309204336e-16
1,4.09465234018265,0.155,0.3504,9.4,0.01526,763,15.26,0.02,2,762,1,0.909109697923758,169.4040523804,741.142758970098,186.340606383683,155.055006177076,2.54513943552173,18.131903226846,15.5867637913243,119.962619242155,48.3734519987121,0.752413355579082,0.374142311009153,5.68049821331952,5.78818941646781,19.2553568375581,156.420053379115,61.2800047109098,236.955414927583,285.753894675397,2.74086309204336e-16
1,4.13821247146119,0.155,0.3504,9.5,0.01526,763,15.26,0.02,2,762,1,0.909109697923758,167.620851829027,741.215222982916,184.379126316486,153.422848217317,2.50960745970179,18.0032809141371,15.4936734544353,118.402500310959,48.101438161354,0.755043481003788,0.375881309268953,5.67393302447763,5.8070963113171,19.1884582279727,156.314704374251,60.9094690353937,236.412631637618,288.274719812554,2.74086309204336e-16
1,4.18177260273973,0.155,0.3504,9.6,0.01526,763,15.26,0.02,2,762,1,0.909109697923758,165.874801289141,741.285682106263,182.458510417356,151.824693548387,2.47505457799266,17.8766379916614,15.4015834136687,116.876934685295,47.8336644163674,0.757618151968257,0.377593222660714,5.66698352088103,5.82510341587648,19.1234105277247,156.20723030632,60.5447595336207,235.875400367666,290.76140825705,5.20417042793042e-17
1,4.22533273401826,0.155,0.3504,9.7,0.01526,763,15.26,0.02,2,762,1,0.909109697923758,164.164751791315,741.354218498607,180.577494846043,150.259490522115,2.44144084549117,17.7519282198682,15.3104873743771,115.384821700564,47.5700260456598,0.760139110512087,0.379278780772608,5.65967153467428,5.84224246422925,19.0601378883064,156.097811363999,60.1857255622079,235.343674814513,293.214638756945,2.74086309204336e-16
1,4.2688928652968,0.155,0.3504,9.8,0.01526,763,15.26,0.02,2,762,1,0.909109697923758,162.489601262832,741.420909885202,178.734867347614,148.726230414747,2.40872846240153,17.6291067991216,15.2203783367201,113.925106433195,47.3104218659098,0.762608026122245,0.380938685311023,5.65201773067833,5.85854396946664,18.9985685539434,155.986615866818,59.8322218732031,234.817406293964,295.63507383913,5.20417042793042e-17
1,4.31245299657534,0.155,0.3504,9.9,0.01526,763,15.26,0.02,2,762,1,0.909109697923758,160.848292159167,741.485829853428,176.929464647133,147.223945259042,2.37688163185855,17.5081303128281,15.1312486809696,112.4967773617,47.0547540761948,0.765026499493513,0.382573611481179,5.64404167519016,5.87403727476527,18.9386345889335,155.873801100197,59.4841083681747,234.296544057305,298.023360166957,5.20417042793042e-17
1,4.35601312785388,0.155,0.3504,10,0.01526,763,15.26,0.02,2,762,1,0.909109697923758,159.239809237576,741.549048124813,175.160170000662,145.751705806452,2.3458664289182,17.3889566734317,15.0430902445135,111.098864169348,46.802928113767,0.767396066055742,0.384184209283677,5.63576190023776,5.88875060229639,18.8802716265256,155.759514085129,59.1412498658606,233.781035577515,300.380128899381,2.74086309204336e-16
1,4.39957325913242,0.155,0.3504,10.1,0.01526,763,15.26,0.02,2,762,1,0.909109697923758,157.663177462946,741.610630805839,173.425910891744,144.308619610348,2.31565067970425,17.2715450710811,14.9558943913768,109.730435678591,46.5548525174249,0.769718199284757,0.385771104733072,5.6271959636251,5.90271110004267,18.8234186373656,155.643892288219,58.8035158825068,233.270826808091,302.70599605015,5.20417042793042e-17
1,4.44313339041096,0.155,0.3504,10.2,0.01526,763,15.26,0.02,2,762,1,0.909109697923758,156.117460036839,741.670640619472,171.725656863394,142.893829222011,2.28620384980409,17.1558559247962,14.8696520749921,108.390597908129,46.310438798,0.771994313812375,0.38733490100403,5.61836050507451,5.91594488659938,18.7680177157579,155.527064277227,58.4707804240758,232.765862417061,305.001562845778,2.74086309204336e-16
1,4.4866935216895,0.155,0.3504,10.3,0.01526,763,15.26,0.02,2,762,1,0.909109697923758,154.601756541336,741.729137119089,170.058417476371,141.506510491701,2.25749694109749,17.0418508359735,14.784353894876,107.078492244204,46.0696013154866,0.774225768349729,0.38887617951019,5.60927129874907,5.92847709403597,18.7140138821606,155.409150326779,58.1429217895846,232.266085998524,307.267416081246,2.74086309204336e-16
1,4.53025365296804,0.155,0.3504,10.4,0.01526,763,15.26,0.02,2,762,1,0.909109697923758,153.115201189977,741.786176886376,168.423240385252,140.145870967742,2.22950239628402,16.9294925440842,14.6999901478002,105.793293718413,45.8322571624415,0.776413868436945,0.390395500920415,5.59994330241506,5.94033190889422,18.6613549004924,155.290262978452,57.8198223848639,231.771440263808,309.504128472507,5.20417042793042e-17
1,4.57381378424658,0.155,0.3504,10.5,0.01526,763,15.26,0.02,2,762,1,0.909109697923758,151.656961178644,741.841813714562,166.81920952444,138.811148387097,2.20219401044641,16.8187448844339,14.6165508739875,104.534209384843,45.5983260532101,0.778559869031184,0.391893406116757,5.59039070348392,5.95153261139723,18.6099911089681,155.170507559073,57.5013685461032,231.281867214144,311.712259005016,2.74086309204336e-16
1,4.61737391552511,0.155,0.3504,10.6,0.01526,763,15.26,0.02,2,762,1,0.909109697923758,150.226235129788,741.896098778248,165.245443396851,137.501609251369,2.1755468490524,16.7095727478579,14.5340258988055,103.300476789966,45.3677302186776,0.780664976944093,0.393370417098087,5.58062696215424,5.96210161294271,18.5598752633143,155.049982660684,57.1874503725679,230.797308296566,313.892353277653,5.20417042793042e-17
1,4.66093404680365,0.155,0.3504,10.7,0.01526,763,15.26,0.02,2,762,1,0.909109697923758,148.822251623903,741.949080790967,163.701093458562,136.216547482665,2.14953717185402,16.6019420422433,14.4524048703892,102.091362529135,45.1403943061804,0.782730353138882,0.394827037833071,5.57066485185723,5.97206049195215,18.5109623913093,154.928780585328,56.8779615679428,230.317704544581,316.044943841488,5.20417042793042e-17
1,4.70449417808219,0.155,0.3504,10.8,0.01526,763,15.26,0.02,2,762,1,0.909109697923758,147.44426781257,742.000806151491,162.185342593205,134.955283154122,2.12414236219542,16.4958196557695,14.3716772935741,100.90616088407,44.9162452842919,0.784757114896415,0.396263755065831,5.56051649719325,5.98143002814534,18.4632096577132,154.806987757521,56.5727992897694,229.842996705003,318.170550532937,2.74086309204336e-16
1,4.74805430936073,0.155,0.3504,10.9,0.01526,763,15.26,0.02,2,762,1,0.909109697923758,146.091568107868,742.051319079818,160.697403670332,133.717161290323,2.0993408612856,16.3911734217752,14.2918325604896,99.7441925360572,44.6952123521754,0.786746337859011,0.397681039077433,5.55019340953262,5.99023023530808,18.4165762387268,154.684685107009,56.2718640065027,229.373125352238,320.269680800949,2.74086309204336e-16
1,4.79161444063927,0.155,0.3504,11,0.01526,763,15.26,0.02,2,762,1,0.909109697923758,144.763462943251,742.100661743671,159.23651818242,132.501550733138,2.07511210703393,16.2879720851583,14.2128599781244,98.6048033500324,44.4772268532715,0.788699057959985,0.399079344406057,5.53970652044072,5.99848039261856,18.3710232052052,154.56194842419,55.9750593617311,228.908030991127,322.342830027938,5.20417042793042e-17
1,4.83517457191781,0.155,0.3504,11.1,0.01526,763,15.26,0.02,2,762,1,0.909109697923758,143.45928760142,742.148874376284,157.801954955551,131.307843068875,2.05143647708274,16.186185270229,14.1347487931463,97.4873632250279,44.2622221930465,0.790616273246355,0.400459110528509,5.52906621307539,6.00619907459551,18.3265134139197,154.438848690363,55.6822920451395,228.447654149422,324.390481844223,2.74086309204336e-16
1,4.87873470319635,0.155,0.3504,11.2,0.01526,763,15.26,0.02,2,762,1,0.909109697923758,142.178401104978,742.195995386157,156.393008929162,130.135451612903,2.02829523570485,16.0857834499375,14.0574882142326,96.3912650068151,44.0501337605806,0.792498945601593,0.401820762505547,5.51828235169333,6.01340417972945,18.2830114062306,154.315452384767,55.3934716698252,227.991935460823,326.413108435801,2.74086309204336e-16
1,4.92229483447489,0.155,0.3504,11.3,0.01526,763,15.26,0.02,2,762,1,0.909109697923758,140.920185165996,742.242061459422,155.009000000586,128.983810448187,2.00567048426335,15.9867379164042,13.9810674321409,95.3159234588543,43.8408988537876,0.7943480023748,0.403164711593279,5.50736430939212,6.02011295785544,18.2404833135863,154.191821770236,55.1085106555975,227.54081573942,328.411170845337,2.74086309204336e-16
1,4.96585496575342,0.155,0.3504,11.4,0.01526,763,15.26,0.02,2,762,1,0.909109697923758,139.684043190856,742.287107655385,153.649271930405,127.852373514431,1.98354511495756,15.8890207526864,13.9054756377288,94.2607742879431,43.6344566080607,0.796164337922205,0.40449135582277,5.49632099420527,6.02634203632419,18.1988967693162,154.068015159092,54.8273241179238,227.094236046332,330.385119266282,2.74086309204336e-16
1,5.00941509703196,0.155,0.3504,11.5,0.01526,763,15.26,0.02,2,762,1,0.909109697923758,138.469399337022,742.331167495775,152.313191304923,126.740613744741,1.96190276760398,15.7926048057169,13.830702038113,93.2252732212147,43.4307479281597,0.797948815066473,0.405801080549794,5.4851608736589,6.03210744502546,18.1582208262372,153.94408716081,54.5498297621951,226.652137749242,332.335393330064,2.74086309204336e-16
1,5.0529752283105,0.155,0.3504,11.6,0.01526,763,15.26,0.02,2,762,1,0.909109697923758,137.2756976186,742.374273048179,151.000146552295,125.648022246941,1.9407277892219,15.6974636603576,13.7567358711357,92.2088951313539,43.2297154231566,0.799702266478924,0.40709425897657,5.47389199789068,6.03742464031593,18.1184258796269,153.820088912814,54.27594778302,226.214462575461,334.262422386355,2.74086309204336e-16
1,5.09653535958904,0.155,0.3504,11.7,0.01526,763,15.26,0.02,2,762,1,0.909109697923758,136.102401057757,742.416455004097,149.709547009113,124.574107526882,1.9200051962137,15.6035716145115,13.6835664182978,91.2111332071318,43.0313033442928,0.801425495989391,0.408371252647169,5.46252202142472,6.04230852790131,18.0794835951637,153.696068295689,54.0056007682614,225.781152659114,336.166625776401,5.20417042793042e-17
1,5.14009549086758,0.155,0.3504,11.8,0.01526,763,15.26,0.02,2,762,1,0.909109697923758,134.948990879301,742.457742752018,148.440822034459,123.51839475123,1.89972063894751,15.5109036552421,13.6111830162946,90.2314981665462,42.8354575255753,0.80311927982811,0.409632411918161,5.4510582236891,6.0467734847204,18.0413668414621,153.572070133953,53.7387136075557,225.35215058297,338.048413099467,2.74086309204336e-16
1,5.18365562214612,0.155,0.3504,11.9,0.01526,763,15.26,0.02,2,762,1,0.909109697923758,133.814965745862,742.498164445889,147.193420168623,122.480425047438,1.87986036856587,15.4194354358515,13.5395750672856,89.2695175100388,42.6421253269869,0.804784367803763,0.410878076405971,5.43950752835648,6.05083337987684,18.0040496268627,153.448136383469,53.4752134050723,224.927399415404,339.908184472438,2.74086309204336e-16
1,5.22721575342466,0.155,0.3504,12,0.01526,763,15.26,0.02,2,762,1,0.909109697923758,132.699841031313,742.537747069305,145.966808333885,121.45975483871,1.86041120585884,15.3291432538707,13.4687320480118,88.3247348114388,42.451255580149,0.80642148442146,0.412108575412312,5.427876521583,6.05450159466194,17.9675070401728,153.32430630647,53.2150293962771,224.50684274292,341.746330782662,2.74086309204336e-16
1,5.2707758847032,0.155,0.3504,12.1,0.01526,763,15.26,0.02,2,762,1,0.909109697923758,131.603148130228,742.576516495737,144.760471074927,120.455955211943,1.84136051205335,15.2400040299202,13.3986435178669,87.3967090444267,42.2627985363472,0.808031329944243,0.413324228328963,5.41617146921476,6.05779104171051,17.9317151950643,153.200616635097,52.9580928684917,224.090424698653,343.563233934101,5.20417042793042e-17
1,5.31433601598173,0.155,0.3504,12.2,0.01526,763,15.26,0.02,2,762,1,0.909109697923758,130.524433801292,742.614497545071,143.573909836608,119.468611316764,1.82269616138225,15.1519952873991,13.3292991260169,86.4850139424724,42.0767058167614,0.809614581401408,0.414525345023081,5.40439833302696,6.06071418332935,17.8966511778748,153.077101724275,52.7043370850361,223.678089987186,345.359267086895,2.74086309204336e-16
1,5.35789614726027,0.155,0.3504,12.3,0.01526,763,15.26,0.02,2,762,1,0.909109697923758,129.463259542744,742.651714036729,142.406642276961,118.497321793863,1.80440651530811,15.0650951329645,13.2606886176564,85.5892373903146,41.8929303648164,0.811171893546752,0.415712226204152,5.39256278605577,6.06328304903639,17.8622929985696,152.953793694704,52.4536972127777,223.269783906052,347.134794890459,5.20417042793042e-17
1,5.40145627853881,0.155,0.3504,12.4,0.01526,763,15.26,0.02,2,762,1,0.909109697923758,128.419200998045,742.688188839604,141.258201613437,117.541698231009,1.78648039828615,14.9792822377658,13.1928018394797,84.7089808451999,41.711426400535,0.812703899769628,0.416885163773627,5.38067022707925,6.06550925234675,17.8286195446396,152.830722566646,52.206110252895,222.865452364181,348.890173710197,5.20417042793042e-17
1,5.44501640981735,0.155,0.3504,12.5,0.01526,763,15.26,0.02,2,762,1,0.909109697923758,127.391847390061,742.723943919031,140.128136000529,116.601364645161,1.76890707496024,14.8945358193986,13.1256287444384,83.8438587861908,41.5321493767965,0.814211212961509,0.418044441158195,5.36872579429956,6.0674040068403,17.7956105377369,152.707916385175,51.9615149746983,222.46504189761,350.62575184799,5.20417042793042e-17
1,5.48857654109589,0.155,0.3504,12.6,0.01526,763,15.26,0.02,2,762,1,0.909109697923758,126.380800982203,742.759000381003,139.016007937033,115.675956989247,1.75167622869403,14.8108356245463,13.0591593958523,82.9934981899795,41.3550559374044,0.815694426340586,0.41919033362761,5.35673437827523,6.06897814154359,17.7632464928586,152.585401337474,51.7198518523414,222.068499682674,352.341869756555,5.20417042793042e-17
1,5.53213667237443,0.155,0.3504,12.7,0.01526,763,15.26,0.02,2,762,1,0.909109697923758,125.38567656502,742.793378513809,137.921393701308,114.765122682245,1.7347779413468,14.7281619122783,12.9933839709315,82.1575380317252,41.1801038768829,0.817154114236761,0.420323108597922,5.34470063414906,6.07024211565768,17.7315086799023,152.463201862743,51.4810630042843,221.67577354693,354.038860247824,2.74086309204336e-16
1,5.57569680365297,0.155,0.3504,12.8,0.01526,763,15.26,0.02,2,762,1,0.909109697923758,124.406100966856,742.827097827275,136.843882813017,113.86852016129,1.7182026742108,14.6464954379768,12.928292763766,81.3356288095435,41.0072521019055,0.81859083283924,0.421443025920889,5.33262899321405,6.07120603266165,17.7003790874418,152.341340755217,51.2450921353586,221.286811978017,355.717048695473,5.20417042793042e-17
1,5.61925693493151,0.155,0.3504,12.9,0.01526,763,15.26,0.02,2,762,1,0.909109697923758,123.441712587268,742.860177089768,135.783077519893,112.985818454614,1.70194125003262,14.5658174378624,12.8638761878298,80.5274320913482,40.8364605942961,0.820005120908801,0.422550338160336,5.32052367385693,6.0718796538205,17.6698403885645,152.219839260765,51.0118844813113,220.901564130641,357.37675323173,5.20417042793042e-17
1,5.66281706621005,0.155,0.3504,13,0.01526,763,15.26,0.02,2,762,1,0.909109697923758,122.492160951981,742.892634363103,134.738592308201,112.116696774194,1.68598483604773,14.4861096140954,12.8001247780477,79.7326200828357,40.6676903755035,0.821397500456672,0.423645290856139,5.30838869191653,6.07227241112448,17.6398759086438,152.098717167522,50.7813867556967,220.519979831862,359.01828493861,2.74086309204336e-16
1,5.70637719748858,0.155,0.3504,13.1,0.01526,763,15.26,0.02,2,762,1,0.909109697923758,121.557106288226,742.9244870355,133.71005343562,111.260844127062,1.67032492796193,14.4073541204253,12.7370291924634,78.9508752154686,40.5009034725058,0.822768477391834,0.424728122776508,5.29622787049125,6.0723934196858,17.6104695949161,151.977992890933,50.5535470990055,220.142009584854,360.641948033706,2.74086309204336e-16
1,5.74993732876712,0.155,0.3504,13.2,0.01526,763,15.26,0.02,2,762,1,0.909109697923758,120.636219119376,742.955751852708,132.69709848535,110.417958944282,1.65495333481855,14.3295335483659,12.6745802135473,78.1818897533934,40.3360628850538,0.82411854213847,0.425799066159159,5.2840448492283,6.07225148961734,17.5816059877428,151.857683553602,50.328315029916,219.767604571261,362.248040050685,5.20417042793042e-17
1,5.79349746004566,0.155,0.3504,13.3,0.01526,763,15.26,0.02,2,762,1,0.909109697923758,119.729179877876,742.986444947425,131.699375940347,109.587748726655,1.63986216469504,14.2526309138743,12.6127687491793,77.4253654182842,40.1731325542108,0.825448170225132,0.426858346941984,5.2718430931248,6.07185513741694,17.5532701934555,151.737805060288,50.1056413985656,219.396716652309,363.836852014607,5.20417042793042e-17
1,5.8370575913242,0.155,0.3504,13.4,0.01526,763,15.26,0.02,2,762,1,0.909109697923758,118.835678535504,743.016581867107,130.716544776613,108.769929706307,1.62504381117606,14.1766296445116,12.5515858333356,76.6810130311697,40.0120773321167,0.826757822847156,0.427906184983729,5.25962590086901,6.07121259687947,17.5254478586779,151.618372168354,49.8854783417448,219.029298368777,365.408668612235,5.20417042793042e-17
1,5.88061772260274,0.155,0.3504,13.5,0.01526,763,15.26,0.02,2,762,1,0.909109697923758,117.955414250056,743.046177600283,129.748274074564,107.964226523297,1.61049094055464,14.101513567065,12.4910226265103,75.9485521703554,39.8528629529227,0.828047947403723,0.428942794275214,5.24739641274826,6.07033182955822,17.498125146036,151.499398553993,49.6677792399186,218.665302939948,366.963768357434,5.20417042793042e-17
1,5.92417785388128,0.155,0.3504,13.6,0.01526,763,15.26,0.02,2,762,1,0.909109697923758,117.088095027629,743.075246601456,128.794242647545,107.170371916509,1.59619647971567,14.0272668956126,12.4310704158969,75.2277108446018,39.6954560048488,0.829318978010894,0.429968383141566,5.2351576181485,6.06922053479568,17.471288711164,151.380896874486,49.452498675993,218.304684261643,368.50242375183,5.20417042793042e-17
1,5.96773798515982,0.155,0.3504,13.7,0.01526,763,15.26,0.02,2,762,1,0.909109697923758,116.23343739969,743.103802814692,127.854138686614,106.388106428067,1.58215360466015,13.9538742200125,12.3717206153524,74.5182251807806,39.5398239033036,0.830571335991867,0.430983154435915,5.22291236266845,6.06788615934318,17.4449256809342,151.262878826754,49.2395923957351,217.947396903423,370.024901440831,5.20417042793042e-17
1,6.01129811643836,0.155,0.3504,13.8,0.01526,763,15.26,0.02,2,762,1,0.909109697923758,115.391166114185,743.13185969596,126.927659420769,105.617178120617,1.56835572963054,13.8813204947984,12.3129647651679,73.8198391252576,39.3859348650305,0.831805430345637,0.431987305724988,5.21066335487045,6.06633590658771,17.4190236328263,151.145355202451,49.0290172697787,217.593396105056,371.531462365163,5.20417042793042e-17
1,6.0548582477169,0.155,0.3504,13.9,0.01526,763,15.26,0.02,2,762,1,0.909109697923758,114.561013839982,743.159430234313,126.014510791843,104.8573423068,1.55479649680109,13.8095910284648,12.2547945316637,73.1323041583147,39.2337578832261,0.833021658195154,0.432981029466991,5.19841317268825,6.06457674540351,17.3935705753758,151.028335939807,48.8207312571324,217.242637772316,373.022361908027,5.20417042793042e-17
1,6.09841837899543,0.155,0.3504,14,0.01526,763,15.26,0.02,2,762,1,0.909109697923758,113.742720883983,743.186526971977,125.11440714333,104.108361290323,1.54146976649907,13.7386714731269,12.1972017066278,72.4553790209462,39.0832627035897,0.834220405216027,0.433964513182164,5.186164269511,6.06261541864513,17.3685549296285,150.911830172438,48.614693370127,216.895078472193,374.497850038029,5.20417042793042e-17
