valid,R0,beta,gamma,c0,q0,N,eta,eta_frac,eta_percent,S0,I0,a,rho1,S_star,S_c,S_bar,t1,t2,Delta_t,S_end,t_end,q_max,q_mean,J_q,J,I_pre,I_wall,I_post,I_t_cum,Imax_pre,platform_error,q_t2_error,cum_decomp_error
1,2.61360787671233,0.155,0.3504,6,0.01526,763,1.526,0.002,0.2,762,1,0.909109697923758,265.399682062626,761.061722167971,291.93361666777,242.919509677419,0.749799061939557,197.261598364369,196.511799302429,273.937459036155,233.50177590784,0.622266235045295,0.297434136742419,56.3098354163155,45.7325647689284,0.866215931559657,161.504839226746,16.6140112397841,178.98506639809,173.712113090637,NaN,2.74086309204336e-16,0
1,2.61360787671233,0.155,0.3504,6,0.01526,763,2.289,0.003,0.3,762,1,0.909109697923758,265.399682062626,759.699402851857,291.93361666777,242.919509677419,1.4708579217474,132.332462970472,130.861605048724,264.098645691312,175.45951236745,0.6215888697579,0.297071457491227,37.4497833422246,30.3773523551393,2.12390598370373,161.194551904495,25.6971810387757,189.015638926974,173.712113090637,NaN,2.74086309204336e-16,0
1,2.61360787671233,0.155,0.3504,6,0.01526,763,3.052,0.004,0.4,762,1,0.909109697923758,265.399682062626,758.3355571656,291.93361666777,242.919509677419,1.98396472971,100.020059699844,98.0360949701339,257.119943829567,144.64097490537,0.620908307726046,0.296707359286589,28.0195788168587,22.6996196631425,3.38300517724524,160.883654826666,32.1399025098554,196.406562513766,173.712113090637,NaN,2.74086309204336e-16,0
1,2.61360787671233,0.155,0.3504,6,0.01526,763,3.815,0.005,0.5,762,1,0.909109697923758,265.399682062626,756.970174444066,291.93361666777,242.919509677419,2.38313362951822,80.7235894876566,78.3404558581384,251.4528657733,125.441572462072,0.620224522203204,0.296341830896572,22.3613123929947,18.0928784794643,4.6435233582107,160.572143286411,37.3717359073444,202.587402551966,173.712113090637,NaN,2.74086309204336e-16,0
1,2.61360787671233,0.155,0.3504,6,0.01526,763,4.578,0.006,0.6,762,1,0.909109697923758,265.399682062626,755.603243900698,291.93361666777,242.919509677419,2.71024110410909,67.9199910521081,65.209749947999,246.583927999964,112.252854216339,0.619537486110634,0.295974860951961,18.5890142467704,15.0216327309785,5.90547048472522,160.260012519341,41.8667280355475,208.032211039614,173.712113090637,NaN,2.74086309204336e-16,0
1,2.61360787671233,0.155,0.3504,6,0.01526,763,5.341,0.007,0.7,762,1,0.909109697923758,265.399682062626,754.234754625583,291.93361666777,242.919509677419,2.98762540999186,58.818057868485,55.8304324584932,242.266600537235,102.585816960247,0.61884717203183,0.295606437943974,15.8944115894654,12.8278126703583,7.1688566287958,159.94725770256,45.8524747966005,212.968589127957,173.712113090637,NaN,2.74086309204336e-16,0
1,2.61360787671233,0.155,0.3504,6,0.01526,763,6.104,0.008,0.8,762,1,0.909109697923758,265.399682062626,752.864695583482,291.93361666777,242.919509677419,3.22862055285537,52.0243515296949,48.7957309768396,238.359894246843,95.1659982590585,0.618153552206856,0.295236550221922,13.8733680204445,11.1823834224396,8.43369197812892,159.633873953679,49.4591370379386,217.526702969747,173.712113090637,NaN,2.74086309204336e-16,0
1,2.61360787671233,0.155,0.3504,6,0.01526,763,6.867,0.009,0.9,762,1,0.909109697923758,265.399682062626,751.493055611819,291.93361666777,242.919509677419,3.44182729099236,46.7659325446588,43.3241052536664,234.774217573906,89.2719074631937,0.617456598526553,0.294865185990828,12.3013633114707,9.90254783300848,9.6999868379883,159.319856329807,52.7694254764973,221.789268644292,173.712113090637,NaN,2.74086309204336e-16,0
1,2.61360787671233,0.155,0.3504,6,0.01526,763,7.63,0.01,1,762,1,0.909109697923758,265.399682062626,750.119823418632,291.93361666777,242.919509677419,3.6331182082994,42.5797493292911,38.9466311209917,231.448440332516,84.4636452741747,0.616756282526637,0.294492333308983,11.0436853204285,8.87862760831586,10.9677516330892,159.005199826521,55.8397753589855,225.812726818596,173.712113090637,NaN,2.74086309204336e-16,0
1,2.61360787671233,0.155,0.3504,6,0.01526,763,8.393,0.011,1.1,762,1,0.909109697923758,265.399682062626,748.744987580471,291.93361666777,242.919509677419,3.80668202257627,39.1715842956935,35.3649022731172,228.33864677716,80.4572505987462,0.616052575381651,0.294117980085458,10.0146081339248,8.04082746940278,12.2369969095335,158.689899376818,58.710729600425,229.637625886776,173.712113090637,NaN,2.74086309204336e-16,0
1,2.61360787671233,0.155,0.3504,6,0.01526,763,9.156,0.012,1.2,762,1,0.909109697923758,265.399682062626,747.368536540265,291.93361666777,242.919509677419,3.96561156774995,36.3455927248192,32.3799811570693,225.412029407945,77.0609328688014,0.615345447898807,0.293742114077562,9.1569811385871,7.34261722926259,13.5077333367819,158.373949850036,61.4125760090867,233.294259195904,173.712113090637,NaN,2.74086309204336e-16,0
1,2.61360787671233,0.155,0.3504,6,0.01526,763,9.919,0.013,1.3,762,1,0.909109697923758,265.399682062626,745.990458605135,291.93361666777,242.919509677419,4.11225561302984,33.9663973727836,29.8541417597537,222.643313792989,74.1402975447689,0.61463487051168,0.29336472288824,8.4312385209929,6.75178368054371,14.779971709673,158.057346050757,63.9686478822203,236.80596564265,173.712113090637,NaN,2.74086309204336e-16,0
1,2.61360787671233,0.155,0.3504,6,0.01526,763,10.682,0.014,1.4,762,1,0.909109697923758,265.399682062626,744.610741944169,291.93361666777,242.919509677419,4.24843992869037,31.9374482721582,27.6890083434678,220.012539321953,71.5982508939116,0.61392081327377,0.292985793963421,7.80911898191338,6.2453173885226,16.0537229504792,157.740082717686,66.3973728092761,240.191178477441,173.712113090637,NaN,2.74086309204336e-16,0
1,2.61360787671233,0.155,0.3504,6,0.01526,763,11.445,0.015,1.5,762,1,0.909109697923758,265.399682062626,743.229374586138,291.93361666777,242.919509677419,4.37561189853348,30.188050585735,25.8124386872016,217.503615801263,69.3628196119024,0.613203245851929,0.2926053145893,7.26989756485867,5.80634476688744,17.3289981110101,157.422154522502,68.7136052198701,243.464757853382,173.712113090637,NaN,2.74086309204336e-16,0
1,2.61360787671233,0.155,0.3504,6,0.01526,763,12.208,0.016,1.6,762,1,0.909109697923758,265.399682062626,741.846344417178,291.93361666777,242.919509677419,4.49493836531599,28.665264477763,24.170326112447,215.103348097126,67.3794662864532,0.612482137519632,0.292223271889567,6.79803054891765,5.42221062510293,18.6058083747579,157.103556068685,70.9295268311016,246.638891274545,173.712113090637,NaN,2.74086309204336e-16,0
1,2.61360787671233,0.155,0.3504,6,0.01526,763,12.971,0.017,1.7,762,1,0.909109697923758,265.399682062626,740.461639178409,291.93361666777,242.919509677419,4.60737376087482,27.3286686725324,22.7212949116576,212.800755706109,65.6060732158121,0.611757457150115,0.291839652822572,6.38163155588839,5.08323746376387,19.8841650590914,156.78428189032,73.0552748184274,249.723721767839,173.712113090637,NaN,2.74086309204336e-16,0
1,2.61360787671233,0.155,0.3504,6,0.01526,763,13.734,0.018,1.8,762,1,0.909109697923758,265.399682062626,739.075246463514,291.93361666777,242.919509677419,4.71370873292891,26.1468727001454,21.4331639672165,210.586585073273,64.0095704641772,0.611029173209346,0.291454444178426,6.01145562169753,4.78189833816423,21.164079617494,156.464326450868,75.0993920424346,252.727798110797,173.712113090637,NaN,2.74086309204336e-16,0
1,2.61360787671233,0.155,0.3504,6,0.01526,763,14.497,0.019,1.9,762,1,0.909109697923758,265.399682062626,737.687153716261,291.93361666777,242.919509677419,4.81460560704682,25.0951327293522,20.2805271223053,208.452951852315,62.5636104901921,0.610297253748852,0.291067632576041,5.6802040873705,4.51225092284432,22.4455636418513,156.143684141915,77.069157313456,255.658405097222,173.712113090637,NaN,2.74086309204336e-16,0
1,2.61360787671233,0.155,0.3504,6,0.01526,763,15.26,0.02,2,762,1,0.909109697923758,265.399682062626,736.297348227965,291.93361666777,242.919509677419,4.91062474195188,24.1536841824597,19.2430594405079,206.393073143275,61.2469280717176,0.609561666398379,0.290679204460099,5.38203802270963,4.26954135677377,23.7286288647908,155.822349281888,78.9708325890968,258.521810735776,173.712113090637,NaN,2.74086309204336e-16,0
1,2.72250820490868,0.155,0.3504,6.25,0.01526,763,1.526,0.002,0.2,762,1,0.909109697923758,254.783694780121,761.084495931765,280.256272001059,233.202729290323,0.702327888124812,194.109221639921,193.406893751796,262.631420149325,229.625503967696,0.63738643637399,0.305607819306463,57.0254786437747,47.6082617842026,0.845191245324652,161.915467214319,16.2712225997529,179.031881059396,184.112513567563,NaN,5.20417042793042e-17,0
1,2.72250820490868,0.155,0.3504,6.25,0.01526,763,2.289,0.003,0.3,762,1,0.909109697923758,254.783694780121,759.755350452918,280.256272001059,233.202729290323,1.37765644980442,130.181129083934,128.803472634129,253.002456207675,172.453333579483,0.636752066141027,0.305261810295806,37.9320838356154,31.6316193592379,2.07225528737808,161.618322363556,25.1606599134721,188.851237564407,184.112513567563,NaN,5.20417042793042e-17,0
1,2.72250820490868,0.155,0.3504,6.25,0.01526,763,3.052,0.004,0.4,762,1,0.909109697923758,254.783694780121,758.424844517127,280.256272001059,233.202729290323,1.85815325774029,98.359556850717,96.5014035929767,246.17572794008,142.101410801167,0.636114819701044,0.304914511028488,28.3852254110592,23.6431772301717,3.30057530014527,161.320642695628,31.4630797127709,196.084297708545,184.112513567563,NaN,5.20417042793042e-17,0
1,2.72250820490868,0.155,0.3504,6.25,0.01526,763,3.815,0.005,0.5,762,1,0.909109697923758,254.783694780121,757.092969138683,280.256272001059,233.202729290323,2.23190005734792,79.3517732261074,77.1198731687595,240.634052185069,123.19346715993,0.63547467412847,0.304565911829752,22.6569807535825,18.8500148613697,4.53015957921306,161.022424317242,36.5791419948244,202.131725891279,184.112513567563,NaN,5.20417042793042e-17,0
1,2.72250820490868,0.155,0.3504,6.25,0.01526,763,4.578,0.006,0.6,762,1,0.909109697923758,254.783694780121,755.759715235366,280.256272001059,233.202729290323,2.53813086752142,66.7367410537497,64.1986101862283,235.874329863677,110.205044309316,0.634831606227683,0.304216002913113,18.8380423177586,15.6544920724499,5.76101650926594,160.723663290247,40.9733066695619,207.457986469075,184.112513567563,NaN,5.20417042793042e-17,0
1,2.72250820490868,0.155,0.3504,6.25,0.01526,763,5.341,0.007,0.7,762,1,0.909109697923758,254.783694780121,754.425073626999,280.256272001059,233.202729290323,2.79777436054968,57.7667013401844,54.9689269796347,231.65501839968,100.684720786388,0.63418559252874,0.303864774378596,16.1101354355373,13.3719059273747,6.99315456542204,160.424355630928,44.8685652865377,212.286075482888,184.112513567563,NaN,5.20417042793042e-17,0
1,2.72250820490868,0.155,0.3504,6.25,0.01526,763,6.104,0.008,0.8,762,1,0.909109697923758,254.783694780121,753.089035033973,280.256272001059,233.202729290323,3.02332313413099,51.0698028331503,48.0464796990194,227.837981865758,93.3773614149876,0.633536609283028,0.303512216210943,14.0641227678132,11.659904956724,8.22658231459439,160.124497309278,48.392444615414,216.743524239286,184.112513567563,NaN,5.20417042793042e-17,0
1,2.72250820490868,0.155,0.3504,6.25,0.01526,763,6.867,0.009,0.9,762,1,0.909109697923758,254.783694780121,751.751590075747,280.256272001059,233.202729290323,3.22283521053135,45.8850236228339,42.6621884123026,224.33544237508,87.5724468519393,0.632884632458823,0.303158318277787,12.4727057882812,10.3282938984529,9.46130841687783,159.824084248261,51.6259809989635,220.911373664102,184.112513567563,NaN,5.20417042793042e-17,0
1,2.72250820490868,0.155,0.3504,6.25,0.01526,763,7.63,0.01,1,762,1,0.909109697923758,254.783694780121,750.412729269311,280.256272001059,233.202729290323,3.4018125876208,41.7564177337372,38.3546051461164,221.087507648782,82.8367795117119,0.632229637736758,0.302803070327785,11.1995053769768,9.26295559419416,10.6973416269651,159.523112323059,54.624466850966,224.84492080099,184.112513567563,NaN,5.20417042793042e-17,0
1,2.72250820490868,0.155,0.3504,6.25,0.01526,763,8.393,0.011,1.1,762,1,0.909109697923758,254.783694780121,749.072443027627,280.256272001059,233.202729290323,3.56417965034776,38.3942608274347,34.8300811770869,218.051151538926,78.8907300453425,0.631571600505208,0.302446461988714,10.1577348173399,8.39127003303276,11.9346907955869,159.221577360304,57.4276238120115,228.583891967903,184.112513567563,NaN,5.20417042793042e-17,0
1,2.72250820490868,0.155,0.3504,6.25,0.01526,763,9.156,0.012,1.2,762,1,0.909109697923758,254.783694780121,747.730721658036,280.256272001059,233.202729290323,3.71283405073571,35.605684728208,31.8928506774723,215.19423133961,75.5454363849381,0.630910495855568,0.302088482765529,9.28953629474475,7.66482387339246,13.173364870984,158.919475137291,60.0651259540921,232.157965962367,184.112513567563,NaN,5.20417042793042e-17,0
1,2.72250820490868,0.155,0.3504,6.25,0.01526,763,9.919,0.013,1.3,762,1,0.909109697923758,254.783694780121,746.387555360633,280.256272001059,233.202729290323,3.84997632691738,33.2573597743419,29.4073834474245,212.491984932303,72.6685575182548,0.63024629857745,0.301729122038382,8.55485439570827,7.05010018559027,14.4133729004068,158.61680138118,62.559833607953,235.590007889539,184.112513567563,NaN,5.20417042793042e-17,0
1,2.72250820490868,0.155,0.3504,6.25,0.01526,763,10.682,0.014,1.4,762,1,0.909109697923758,254.783694780121,745.042934226609,280.256272001059,233.202729290323,3.97731701945559,31.2541892100204,27.2768721905648,209.924856439287,70.1644840253804,0.629578983153766,0.301368369060599,7.9250781074364,6.52315830472471,15.6547240316434,158.313551768175,64.9298007148211,238.898076514639,184.112513567563,NaN,5.20417042793042e-17,0
1,2.72250820490868,0.155,0.3504,6.25,0.01526,763,11.445,0.015,1.5,762,1,0.909109697923758,254.783694780121,743.696848236566,280.256272001059,233.202729290323,4.09621215861829,29.526537037943,25.4303248793247,207.477082026,67.9623432642319,0.628908523755724,0.301006212956616,7.3792260175513,6.06644174240854,16.8974275145803,158.009721922695,67.1895804104247,242.0967298477,184.112513567563,NaN,5.20417042793042e-17,0
1,2.72250820490868,0.155,0.3504,6.25,0.01526,763,12.208,0.016,1.6,762,1,0.909109697923758,254.783694780121,742.34928725879,280.256272001059,233.202729290323,4.2077549356619,28.0222524189432,23.8144974832813,205.135734283053,66.0084320249884,0.628234894237713,0.300642642719872,6.90156206391996,5.66678313160181,18.1414927027929,157.705307416518,69.3511072493108,245.197907368622,184.112513567563,NaN,5.20417042793042e-17,0
1,2.72250820490868,0.155,0.3504,6.25,0.01526,763,12.971,0.017,1.7,762,1,0.909109697923758,254.783694780121,741.000241047492,280.256272001059,233.202729290323,4.31283953387475,26.7015135037157,22.388673969841,202.890055569072,64.2612769104216,0.62755806813208,0.300277647210657,6.48005278454266,5.31411330856248,19.3869290551681,157.400303767914,71.4243126611972,248.211545484279,184.112513567563,NaN,5.20417042793042e-17,0
1,2.72250820490868,0.155,0.3504,6.25,0.01526,763,13.734,0.018,1.8,762,1,0.909109697923758,254.783694780121,739.649699241021,280.256272001059,233.202729290323,4.41220668697524,25.5333929916681,21.1211863046929,200.730980201157,62.6883138929317,0.626878018643806,0.29991121515392,6.10533881747787,5.00060070081353,20.6337461375598,157.094706440753,73.4175660636387,251.146018641952,184.112513567563,NaN,5.20417042793042e-17,0
1,2.72250820490868,0.155,0.3504,6.25,0.01526,763,14.497,0.019,1.9,762,1,0.909109697923758,254.783694780121,738.297651360028,280.256272001059,233.202729290323,4.50647690338846,24.4935103028723,19.9870333994838,198.650783957875,61.2635984802797,0.626194718645066,0.299543335137024,5.77003119026377,4.7200624873309,21.8819536244779,156.788510843607,75.3379984400551,254.00846290814,184.112513567563,NaN,5.20417042793042e-17,0
1,2.72250820490868,0.155,0.3504,6.25,0.01526,763,15.26,0.02,2,762,1,0.909109697923758,254.783694780121,736.944086805604,280.256272001059,233.202729290323,4.59617515849874,23.5623895336868,18.966214375188,196.642821738905,59.9661907166854,0.62550814066967,0.29917399560746,5.46821872251282,4.46755241067498,23.1315613008116,156.481712328814,77.1917445317439,256.805018161369,184.112513567563,NaN,5.20417042793042e-17,0
1,2.83140853310502,0.155,0.3504,6.5,0.01526,763,1.526,0.002,0.2,762,1,0.909109697923758,244.984321903963,761.104557261965,269.477184616403,224.233393548387,0.660510384384301,190.944564258413,190.284053874029,252.202003933083,225.779130428247,0.651342302122335,0.313291843593299,57.5895235112654,49.3005268537174,0.826670671530317,162.178341623772,15.9484069831541,178.953419278456,194.105172068437,NaN,2.74086309204336e-16,0
1,2.83140853310502,0.155,0.3504,6.5,0.01526,763,2.289,0.003,0.3,762,1,0.909109697923758,244.984321903963,759.804626911116,269.477184616403,224.233393548387,1.29556532939981,128.027281043709,126.731715714309,242.770658417797,169.494457037277,0.650745792562541,0.312960518257666,38.312750013032,32.7633730122187,2.0267633747641,161.892594970576,24.6554034212148,188.574761766555,194.105172068437,NaN,2.74086309204336e-16,0
1,2.83140853310502,0.155,0.3504,6.5,0.01526,763,3.052,0.004,0.4,762,1,0.909109697923758,244.984321903963,758.503473116222,269.477184616403,224.233393548387,1.74735225082962,96.7025842246533,94.9552319738237,236.087042885003,139.616612988283,0.650146674096381,0.312628009805117,28.6742169025725,24.4946803678987,3.22798555872006,161.606374337151,30.8257018736565,195.660061769528,194.105172068437,NaN,2.74086309204336e-16,0
1,2.83140853310502,0.155,0.3504,6.5,0.01526,763,3.815,0.005,0.5,762,1,0.909109697923758,244.984321903963,757.201088197458,269.477184616403,224.233393548387,2.09872443848097,77.9878125969341,75.8890881584531,230.663455192918,121.004301056369,0.649544926816117,0.312294309788066,22.8909792651785,19.5333718651325,4.43034431339408,161.319676451792,35.8327455282397,201.582766293425,194.105172068437,NaN,2.74086309204336e-16,0
1,2.83140853310502,0.155,0.3504,6.5,0.01526,763,4.578,0.006,0.6,762,1,0.909109697923758,244.984321903963,755.89746439676,269.477184616403,224.233393548387,2.38658700621629,65.5646997589683,63.178112752752,226.006575882354,108.218852374247,0.648940530590443,0.311959409666247,19.0353887905124,16.2257551503364,5.63384680101436,161.032498007073,40.1319657724602,206.798310580547,194.105172068437,NaN,2.74086309204336e-16,0
1,2.83140853310502,0.155,0.3504,6.5,0.01526,763,5.341,0.007,0.7,762,1,0.909109697923758,244.984321903963,754.592593876707,269.477184616403,224.233393548387,2.63062630762135,56.729287114002,54.0986608063806,221.879559323708,98.8471217686873,0.648333465061129,0.31162330080533,16.2813104837083,13.86310492764,6.83850025706811,160.744835659312,43.9420179455798,211.52535386196,194.105172068437,NaN,2.74086309204336e-16,0
1,2.83140853310502,0.155,0.3504,6.5,0.01526,763,6.104,0.008,0.8,762,1,0.909109697923758,244.984321903963,753.286468719398,269.477184616403,224.233393548387,2.84259337818471,50.1315032088936,47.2889098307089,218.146956657282,91.6536256008309,0.647723709639598,0.311285974475514,14.2156768431467,12.0910585478049,8.04431199134477,160.456686028025,47.3879481226252,215.888946141995,194.105172068437,NaN,2.74086309204336e-16,0
1,2.83140853310502,0.155,0.3504,6.5,0.01526,763,6.867,0.009,0.9,762,1,0.909109697923758,244.984321903963,751.979080925293,269.477184616403,224.233393548387,3.03006790957969,45.0223596739277,41.992291764348,214.72269806533,85.9389869108482,0.647111243503435,0.310947421850087,12.6090059197115,10.7127478711967,9.25128938900112,160.168045695372,50.549215760928,219.968550845301,194.105172068437,NaN,2.74086309204336e-16,0
1,2.83140853310502,0.155,0.3504,6.5,0.01526,763,7.63,0.01,1,762,1,0.909109697923758,244.984321903963,750.67042241204,269.477184616403,224.233393548387,3.19822529184,40.9530910511992,37.7548657593592,211.54805710794,81.2768082616378,0.646496045592831,0.310607634003965,11.323608540492,9.61005201297436,10.4594399116461,159.878911205587,53.4800369744352,223.818388091668,194.105172068437,NaN,2.74086309204336e-16,0
1,2.83140853310502,0.155,0.3504,6.5,0.01526,763,8.393,0.011,1.1,762,1,0.909109697923758,244.984321903963,749.36048501328,269.477184616403,224.233393548387,3.35075694733142,37.6385173041322,34.2877603568007,208.580845449995,77.3918525094368,0.645878094606959,0.310266601912199,10.271864319556,8.70780313635776,11.6687710984416,159.589279064401,56.2193599368726,227.477410099716,194.105172068437,NaN,2.74086309204336e-16,0
1,2.83140853310502,0.155,0.3504,6.5,0.01526,763,9.156,0.012,1.2,762,1,0.909109697923758,244.984321903963,748.049260477434,269.477184616403,224.233393548387,3.49038851107438,34.8887830855724,31.3983945744981,205.789546485099,74.0982251719734,0.645257369000285,0.309924316448454,9.39535966333582,7.9558893492612,12.8792905672292,159.299145738458,58.79628070661,230.974717012298,194.105172068437,NaN,2.74086309204336e-16,0
1,2.83140853310502,0.155,0.3504,6.5,0.01526,763,9.919,0.013,1.3,762,1,0.909109697923758,244.984321903963,746.736740466452,269.477184616403,224.233393548387,3.619189883927,32.5726329920753,28.9534431081483,203.149880591959,71.2656650962037,0.644633846978796,0.309580768383458,8.65365438891174,7.31961780248092,14.0910060156748,159.008507654708,61.2332141740555,234.332727844439,194.105172068437,NaN,2.74086309204336e-16,0
1,2.83140853310502,0.155,0.3504,6.5,0.01526,763,10.682,0.014,1.4,762,1,0.909109697923758,244.984321903963,745.422916554562,269.477184616403,224.233393548387,3.73877005468958,30.5964436437814,26.8576735890918,200.642673072957,68.8000655300458,0.644007506496169,0.309235948383425,8.01786264874557,6.77420788865918,15.3039252224338,158.7173611998,63.5478623758471,237.569148798081,194.105172068437,NaN,2.74086309204336e-16,0
1,2.83140853310502,0.155,0.3504,6.5,0.01526,763,11.445,0.015,1.5,762,1,0.909109697923758,244.984321903963,744.107780226971,269.477184616403,224.233393548387,3.85040454498988,28.8916534839621,25.0412489389722,198.252467462828,66.6316676605611,0.643378325249853,0.308889847008439,7.46680148551968,6.30148716166262,16.518056048342,158.425702719454,65.7544946850856,240.698253452882,194.105172068437,NaN,2.74086309204336e-16,0
1,2.83140853310502,0.155,0.3504,6.5,0.01526,763,12.208,0.016,1.6,762,1,0.909109697923758,244.984321903963,742.791322878561,269.477184616403,224.233393548387,3.95512163904836,27.4069129804457,23.4517913413973,195.966588500282,64.707612159928,0.642746280677082,0.308542454710817,6.98458367891106,5.88782628619378,17.7334064376242,158.13352851783,67.8648128737759,243.73174782923,194.105172068437,NaN,2.74086309204336e-16,0
1,2.83140853310502,0.155,0.3504,6.5,0.01526,763,12.971,0.017,1.7,762,1,0.909109697923758,244.984321903963,741.473535812551,269.477184616403,224.233393548387,4.05376242577185,26.1030095905471,22.0492471647752,193.774488441188,62.9870772038092,0.642111349950806,0.308193761833428,6.55906017585623,5.52280282871601,18.9499844191309,157.840834856873,69.888554594983,246.679373870987,194.105172068437,NaN,2.74086309204336e-16,0
1,2.83140853310502,0.155,0.3504,6.5,0.01526,763,13.734,0.018,1.8,762,1,0.909109697923758,244.984321903963,740.154410239129,269.477184616403,224.233393548387,4.14702365284693,24.9494872303843,20.8024635775373,191.667278546541,61.4380102329071,0.641473509975544,0.307843758607992,6.18078171072744,5.19831045140347,20.1677981075935,157.547617955656,71.8339259120659,249.549341975316,194.105172068437,NaN,2.74086309204336e-16,0
1,2.83140853310502,0.155,0.3504,6.5,0.01526,763,14.497,0.019,1.9,762,1,0.909109697923758,244.984321903963,738.833937274074,269.477184616403,224.233393548387,4.23548897885249,23.9223352110877,19.6868462322352,189.637385406643,60.0348741277117,0.640832737383153,0.307492435153332,5.84228833492625,4.9079494132647,21.3868557049067,157.253873989703,73.7079185793998,252.348648274009,194.105172068437,NaN,2.74086309204336e-16,0
1,2.83140853310502,0.155,0.3504,6.5,0.01526,763,15.26,0.02,2,762,1,0.909109697923758,244.984321903963,737.51210793733,269.477184616403,224.233393548387,4.31965219980034,23.0023718442071,18.6827196444067,187.678293706991,58.7570576104504,0.640189008528514,0.307139781473598,5.5376120875987,4.64659992092909,22.6071655014352,156.959599090299,75.5165475203136,255.083312112048,194.105172068437,NaN,2.74086309204336e-16,0
1,2.94030886130137,0.155,0.3504,6.75,0.01526,763,1.526,0.002,0.2,762,1,0.909109697923758,235.910828500112,761.122363559097,259.496548149128,215.928453046595,0.623393222521236,187.794979274771,187.17158605225,242.551426411904,221.986065467394,0.664263404862454,0.320535339737031,58.0243206544059,50.8257240632447,0.810231939066745,162.32179301995,15.6436973249887,178.775722284005,203.706872535377,NaN,5.20417042793042e-17,0
1,2.94030886130137,0.155,0.3504,6.75,0.01526,763,2.289,0.003,0.3,762,1,0.909109697923758,235.910828500112,759.848358565402,259.496548149128,215.928453046595,1.22270924413463,125.88823441609,124.665525171955,233.306611757879,166.59554136524,0.663700489783478,0.320217054900224,38.6067707252974,33.7835377014433,1.98639041233982,162.046020827696,24.1784889019351,188.210900141971,203.706872535377,NaN,5.20417042793042e-17,0
1,2.94030886130137,0.155,0.3504,6.75,0.01526,763,3.052,0.004,0.4,762,1,0.909109697923758,235.910828500112,758.573244778234,259.496548149128,215.928453046595,1.64902577637337,95.0612416364914,93.4122158601181,226.758076511517,137.19389147893,0.663135191514594,0.319897677308741,28.8978618436228,25.262333630394,3.16357252119166,161.769824767102,30.2240815453358,195.15747883363,203.706872535377,NaN,5.20417042793042e-17,0
1,2.94030886130137,0.155,0.3504,6.75,0.01526,763,3.815,0.005,0.5,762,1,0.909109697923758,235.910828500112,757.297015552082,259.496548149128,215.928453046595,1.98055336302536,76.6405589829988,74.6600056199735,221.445946504164,118.878149832828,0.662567492573462,0.319577199499575,23.0724087829202,20.1495221574917,4.34178440074216,161.493202050843,35.1282277223135,200.963214173899,203.706872535377,NaN,5.20417042793042e-17,0
1,2.94030886130137,0.155,0.3504,6.75,0.01526,763,4.578,0.006,0.6,762,1,0.909109697923758,235.910828500112,756.019664176911,259.496548149128,215.928453046595,2.25212910645082,64.4104727117204,62.1583436052696,216.886133606663,106.296171132692,0.66199737528973,0.319255613931576,19.1886831298148,16.7409067169465,5.52103224567987,161.216149862622,39.3378364777574,206.075018586059,203.706872535377,NaN,5.20417042793042e-17,0
1,2.94030886130137,0.155,0.3504,6.75,0.01526,763,5.341,0.007,0.7,762,1,0.909109697923758,235.910828500112,754.741183877288,259.496548149128,215.928453046595,2.4823362125442,55.7107585108408,53.2284222982966,212.846225834798,97.0733301240372,0.661424821802331,0.318932912984341,16.4145155603351,14.3061173506187,6.70132231106964,160.938665356752,43.067470019728,210.70745768755,203.706872535377,NaN,5.20417042793042e-17,0
1,2.94030886130137,0.155,0.3504,6.75,0.01526,763,6.104,0.008,0.8,762,1,0.909109697923758,235.910828500112,753.461567811494,259.496548149128,215.928453046595,2.68226722944461,49.2131051588356,46.530837929391,209.193310782219,89.993894467603,0.660849814056734,0.318609088957077,14.3338214089914,12.4799690782272,7.88266091317028,160.660745657739,46.4398327753705,214.98323934628,203.706872535377,NaN,5.20417042793042e-17,0
1,2.94030886130137,0.155,0.3504,6.75,0.01526,763,6.867,0.009,0.9,762,1,0.909109697923758,235.910828500112,752.18080907062,259.496548149128,215.928453046595,2.85907710517174,44.1805543886069,41.3214772834352,205.842930971172,84.3696761152611,0.66027233380215,0.318284134067451,12.7154425251344,11.0595813540859,9.06505443027012,160.382387859851,49.5328956934508,218.980337983572,203.706872535377,NaN,5.20417042793042e-17,0
1,2.94030886130137,0.155,0.3504,6.75,0.01526,763,7.63,0.01,1,762,1,0.909109697923758,235.910828500112,750.898900677649,259.496548149128,215.928453046595,3.01765121248919,40.1715236349432,37.1538724224541,202.737460468357,79.7811014806245,0.659692362588674,0.317958040450419,11.4206840154982,9.92322584979764,10.2485093035363,160.103589026684,52.3998589027504,222.751957232971,203.706872535377,NaN,5.20417042793042e-17,0
1,2.94030886130137,0.155,0.3504,6.75,0.01526,763,8.393,0.011,1.1,762,1,0.909109697923758,235.910828500112,749.615835586518,259.496548149128,215.928453046595,3.16147411138624,36.905381489089,33.7439073777027,199.835501806597,75.957338480043,0.659109881764391,0.317630800157025,10.3612854908103,8.99343908275179,11.4330320378769,159.824346190715,55.0789404495337,226.336318678126,203.706872535377,NaN,5.20417042793042e-17,0
1,2.94030886130137,0.155,0.3504,6.75,0.01526,763,9.156,0.012,1.2,762,1,0.909109697923758,235.910828500112,748.331606681169,259.496548149128,215.928453046595,3.29311869283995,34.1952901885481,30.9021714957081,197.106129400907,72.715467511234,0.658524872472418,0.31730240515319,9.47840668909564,8.21857873037291,12.618629202821,159.544656352853,57.5986907625693,229.761976318244,203.706872535377,NaN,5.20417042793042e-17,0
1,2.94030886130137,0.155,0.3504,6.75,0.01526,763,9.919,0.013,1.3,762,1,0.909109697923758,235.910828500112,747.046206774576,259.496548149128,215.928453046595,3.41453885797213,31.912073174877,28.4975343169048,194.52551909765,69.927311554916,0.65793731564789,0.31697284731847,8.73131204207117,7.56289241471593,13.8053074334134,159.264516481975,59.9811042455724,233.050928160961,203.706872535377,NaN,5.20417042793042e-17,0
1,2.94030886130137,0.155,0.3504,6.75,0.01526,763,10.682,0.014,1.4,762,1,0.909109697923758,235.910828500112,745.759628607763,259.496548149128,215.928453046595,3.52725342317286,29.9635846437407,26.4363312205678,192.074856027907,67.5002690860606,0.657347192014903,0.316642118444793,8.09090471308462,7.00084272223494,14.9930734311251,158.983923514456,62.2435507421578,236.220547687739,203.706872535377,NaN,5.20417042793042e-17,0
1,2.94030886130137,0.155,0.3504,6.75,0.01526,763,11.445,0.015,1.5,762,1,0.909109697923758,235.910828500112,744.471864848797,259.496548149128,215.928453046595,3.63246642352887,28.2823412352996,24.6498748117707,189.738973880652,65.3656966708145,0.656754482083386,0.316310210235175,7.53584701987764,6.51370221564433,16.1819339647797,158.702874353696,64.4000317557008,239.284840074176,203.706872535377,NaN,5.20417042793042e-17,0
1,2.94030886130137,0.155,0.3504,6.75,0.01526,763,12.208,0.016,1.6,762,1,0.909109697923758,235.910828500112,743.182908091766,259.496548149128,215.928453046595,3.73114851064713,26.8177980488796,23.0866495382325,187.50543542202,63.4715798027753,0.65615916614592,0.31597711430241,7.05013569881221,6.08742531633194,17.3718958714971,158.421365869626,66.4620293118352,242.255291052958,203.706872535377,NaN,5.20417042793042e-17,0
1,2.94030886130137,0.155,0.3504,6.75,0.01526,763,12.971,0.017,1.7,762,1,0.909109697923758,235.910828500112,741.892750855741,259.496548149128,215.928453046595,3.82409363024909,25.5313547785251,21.707261148276,185.363891051864,61.7777487928294,0.655561224274503,0.315642822167735,6.62153295819318,5.71127128709695,18.5629660576549,158.139394898217,68.439098137559,245.141459093431,203.706872535377,NaN,5.20417042793042e-17,0
1,2.94030886130137,0.155,0.3504,6.75,0.01526,763,13.734,0.018,1.8,762,1,0.909109697923758,235.910828500112,740.601385583714,259.496548149128,215.928453046595,3.91195947490482,24.3930291377029,20.4810696627981,183.305619068152,60.2526628756914,0.654960636317243,0.315307325259472,6.24052051381632,5.37688622064175,19.755151499865,157.856958240972,70.3392900880814,247.951399828918,203.706872535377,NaN,5.20417042793042e-17,0
1,2.94030886130137,0.155,0.3504,6.75,0.01526,763,14.497,0.019,1.9,762,1,0.909109697923758,235.910828500112,739.308804641521,259.496548149128,215.928453046595,3.99529698491052,23.3791826041589,19.3838856192484,181.323188430046,58.8711924804593,0.654357381895001,0.314970614911644,5.89958392907968,5.07767492643475,20.9484592459693,157.574052664409,72.1694654831735,250.691977393552,203.706872535377,NaN,5.20417042793042e-17,0
1,2.94030886130137,0.155,0.3504,6.75,0.01526,763,15.26,0.02,2,762,1,0.909109697923758,235.910828500112,738.015000316744,259.496548149128,215.928453046595,4.07457227331214,22.4709297157244,18.3963574424123,179.410206343892,57.6130550879193,0.653751440397959,0.314632682362562,5.59271165306117,4.80836125151426,22.1428964160553,157.290674899541,73.9355261352001,253.369097450797,203.706872535377,NaN,5.20417042793042e-17,0
1,3.04920918949772,0.155,0.3504,7,0.01526,763,1.526,0.002,0.2,762,1,0.909109697923758,227.485441767965,761.138274845407,250.22881428666,208.216722580645,0.59022602052428,184.680130190243,184.089904169719,233.595906518208,218.262527142201,0.676260765324549,0.327380647654795,58.3486606781097,52.1989749811579,0.79554267622426,162.368360805502,15.35546210875,178.519365590476,212.935002838053,NaN,5.20417042793042e-17,0
1,3.04920918949772,0.155,0.3504,7,0.01526,763,2.289,0.003,0.3,762,1,0.909109697923758,227.485441767965,759.887431652878,250.22881428666,208.216722580645,1.15761252055352,123.776367383819,122.618754863266,224.527534315807,163.764895330434,0.675727861369331,0.327074028471832,38.826744034075,34.7022092370361,1.95031822805578,162.10138667787,23.7273624211015,187.779067327027,212.935002838053,NaN,5.20417042793042e-17,0
1,3.04920918949772,0.155,0.3504,7,0.01526,763,3.052,0.004,0.4,762,1,0.909109697923758,227.485441767965,758.635576725134,250.22881428666,208.216722580645,1.56117884872171,93.4441098048342,91.8829309561125,218.106770800742,134.837641485151,0.675192766935153,0.326766393622086,29.0656624668092,25.9537199709615,3.10602781150496,161.834030490332,29.654996496716,194.595054798553,212.935002838053,NaN,5.20417042793042e-17,0
1,3.04920918949772,0.155,0.3504,7,0.01526,763,3.815,0.005,0.5,762,1,0.909109697923758,227.485441767965,757.382704249206,250.22881428666,208.216722580645,1.87498534463339,75.3162212233692,73.4412358787358,212.900065677378,116.817049152374,0.674655466518856,0.32645773644496,23.2089144009413,20.7045409955381,4.26267679309169,161.566289839608,34.4618146638255,200.290781296525,212.935002838053,NaN,5.20417042793042e-17,0
1,3.04920918949772,0.155,0.3504,7,0.01526,763,4.578,0.006,0.6,762,1,0.909109697923758,227.485441767965,756.128808358114,250.22881428666,208.216722580645,2.13202049242773,63.2786245889462,61.1466040965185,208.432063258839,104.43744704016,0.674115944456991,0.326148050213033,19.3043326408137,17.2050169134905,5.4202705891985,161.298162298531,38.5866641967386,205.305097084468,212.935002838053,NaN,5.20417042793042e-17,0
1,3.04920918949772,0.155,0.3504,7,0.01526,763,5.341,0.007,0.7,762,1,0.909109697923758,227.485441767965,754.873883130166,250.22881428666,208.216722580645,2.34988138309264,54.7144603249141,52.3645789418214,204.474545628454,95.3626420945674,0.673574184923609,0.325837328131142,16.5152740992172,14.7052954104243,6.57881466671804,161.02964541573,42.2402353500255,209.848695432474,212.935002838053,NaN,5.20417042793042e-17,0
1,3.04920918949772,0.155,0.3504,7,0.01526,763,6.104,0.008,0.8,762,1,0.909109697923758,227.485441767965,753.61792258825,250.22881428666,208.216722580645,2.53907193708391,48.3170040090844,45.7779320720004,200.896999788931,88.3965884211679,0.673030171928017,0.325525563335461,14.423417229575,12.8304503280163,7.73831454370672,160.760736715292,45.5430174219196,214.042068680918,212.935002838053,NaN,5.20417042793042e-17,0
1,3.04920918949772,0.155,0.3504,7,0.01526,763,6.867,0.009,0.9,762,1,0.909109697923758,227.485441767965,752.360920699109,250.22881428666,208.216722580645,2.70636742105256,43.3612373764617,40.6548699554091,197.616493498212,82.8622422465554,0.672483889312492,0.325212748892558,12.7963611700028,11.3721893550775,8.89877579005238,160.491433696427,48.5715732671096,217.961782753589,212.935002838053,NaN,5.20417042793042e-17,0
1,3.04920918949772,0.155,0.3504,7,0.01526,763,7.63,0.01,1,762,1,0.909109697923758,227.485441767965,751.10287137261,250.22881428666,208.216722580645,2.85639395995166,39.4127104257505,36.5563164657988,194.576441883281,78.3468229116839,0.671935320749952,0.324898877798435,11.4946654009326,10.2055371039786,10.0602040281525,160.221733833127,51.3781419099212,221.660079771201,212.935002838053,NaN,5.20417042793042e-17,0
1,3.04920918949772,0.155,0.3504,7,0.01526,763,8.393,0.011,1.1,762,1,0.909109697923758,227.485441767965,749.843768460995,250.22881428666,208.216722580645,2.99245119914784,36.1953107152825,33.2028595161347,191.736195629373,74.5838814925797,0.671384449741596,0.324583942977555,10.4295950440325,9.25096378175214,11.2226049336032,159.951634573815,54.0002507040391,225.174490211457,212.935002838053,NaN,5.20417042793042e-17,0
1,3.04920918949772,0.155,0.3504,7,0.01526,763,9.156,0.012,1.2,762,1,0.909109697923758,227.485441767965,748.583605758122,250.22881428666,208.216722580645,3.11697549205622,33.5251998675587,30.4082243755025,189.06538825498,71.3934573767202,0.670831259614489,0.324267937281846,9.54199351166561,8.45544952564374,12.3859842358996,159.681133340988,56.4659339151885,228.533051492076,212.935002838053,NaN,5.20417042793042e-17,0
1,3.04920918949772,0.155,0.3504,7,0.01526,763,9.919,0.013,1.3,762,1,0.909109697923758,227.485441767965,747.322376998694,250.22881428666,208.216722580645,3.23181704844878,31.2752686574289,28.0434516089801,186.540626479569,68.6494458827208,0.670275733519116,0.323950853489698,8.79090624121403,7.78228827610082,13.5503477191499,159.410227530862,58.7967881660291,231.757363416041,212.935002838053,NaN,5.20417042793042e-17,0
1,3.04920918949772,0.155,0.3504,7,0.01526,763,10.682,0.014,1.4,762,1,0.909109697923758,227.485441767965,746.060075857475,250.22881428666,208.216722580645,3.3384140807586,29.3548414097493,26.0164273289907,184.143435834974,66.2607417736268,0.669717854426889,0.323632684304927,8.14707997183513,7.20526141848076,14.7157012227982,159.138914512999,61.0098690429853,234.864484778782,212.935002838053,NaN,5.20417042793042e-17,0
1,3.04920918949772,0.155,0.3504,7,0.01526,763,11.445,0.015,1.5,762,1,0.909109697923758,227.485441767965,744.796695948486,250.22881428666,208.216722580645,3.43790672367605,27.6975080697901,24.2596013461141,181.858924500148,64.1598100951852,0.669157605127604,0.323313422355736,7.58906231051472,6.70514196807551,15.8820506423647,158.867191629932,63.1189246409169,237.868166913214,212.935002838053,NaN,5.20417042793042e-17,0
1,3.04920918949772,0.155,0.3504,7,0.01526,763,12.208,0.016,1.6,762,1,0.909109697923758,227.485441767965,743.532230824198,250.22881428666,208.216722580645,3.53121411264256,26.2535251259846,22.722311013342,179.674880419987,62.2954757497959,0.668594968226863,0.322993060193647,7.10076396085014,6.26750968575196,17.0494019301935,158.59505619679,65.135229100944,240.779687227927,212.935002838053,NaN,5.20417042793042e-17,0
1,3.04920918949772,0.155,0.3504,7,0.01526,763,12.971,0.017,1.7,762,1,0.909109697923758,227.485441767965,742.266673974704,250.22881428666,208.216722580645,3.61908805387934,24.9849023556512,21.3658143017719,177.581141443801,60.6282168755538,0.668029926143441,0.32267159029242,6.66988134167417,5.88133732924868,18.2177610962158,158.322505500902,67.0681640971579,243.608430694275,212.935002838053,NaN,5.20417042793042e-17,0
1,3.04920918949772,0.155,0.3504,7,0.01526,763,13.734,0.018,1.8,762,1,0.909109697923758,227.485441767965,741.000018826878,250.22881428666,208.216722580645,3.70215133051913,23.8621298482534,20.1599785177343,175.569143892001,59.127001028028,0.667462461106611,0.322349005046946,6.28684499947075,5.53804815404023,19.3871342087265,158.049536801409,68.9256355988133,246.362306608949,212.935002838053,NaN,5.20417042793042e-17,0
1,3.04920918949772,0.155,0.3504,7,0.01526,763,14.497,0.019,1.9,762,1,0.909109697923758,227.485441767965,739.73225874352,250.22881428666,208.216722580645,3.78092563803443,22.8619403262299,19.0810146881955,173.631591410235,57.7671033524155,0.666892555153417,0.32202529677213,5.94410010108016,5.23087104550757,20.5575273951729,157.77614732886,70.7143795834279,249.04805430746,212.935002838053,NaN,5.20417042793042e-17,0
1,3.04920918949772,0.155,0.3504,7,0.01526,763,15.26,0.02,2,762,1,0.909109697923758,227.485441767965,738.463387022487,250.22881428666,208.216722580645,3.85585234582035,21.965743976358,18.1098916305377,171.762207115112,56.5285677540914,0.666320190125903,0.321700457701745,5.63560277859227,4.95438911145719,21.7289468429592,157.502334284799,72.440190855279,251.671471983038,212.935002838053,NaN,5.20417042793042e-17,0
1,3.15810951769406,0.155,0.3504,7.25,0.01526,763,1.526,0.002,0.2,762,1,0.909109697923758,219.64111618976,761.152578371519,241.600234483671,201.036835595106,0.560410063131705,181.614016346074,181.053606282943,225.263247755296,214.619488899722,0.68743006111276,0.333864498224132,58.5783997618118,53.4341405053727,0.782337693891425,162.336116372877,15.0822684867253,178.200722553494,221.807043668198,NaN,2.74086309204336e-16,0
1,3.15810951769406,0.155,0.3504,7.25,0.01526,763,2.289,0.003,0.3,762,1,0.909109697923758,219.64111618976,759.922553062222,241.600234483671,201.036835595106,1.09909803696042,121.700424769356,120.601326732396,216.362107080569,161.007689876481,0.686924129377734,0.333568382551568,38.983298379026,35.5286423565287,1.91789422391296,162.076957665696,23.2997810382396,187.294632927849,221.807043668198,NaN,2.74086309204336e-16,0
1,3.15810951769406,0.155,0.3504,7.25,0.01526,763,3.052,0.004,0.4,762,1,0.909109697923758,219.64111618976,758.691599032036,241.600234483671,201.036835595106,1.48222045666901,91.857182959687,90.374962503018,210.062442481902,132.550181410746,0.68641617330548,0.333271317643635,29.1856336774975,26.5757910716395,3.05430814691857,161.817452176452,29.1156168733992,193.98737719677,221.807043668198,NaN,2.74086309204336e-16,0
1,3.15810951769406,0.155,0.3504,7.25,0.01526,763,3.815,0.005,0.5,762,1,0.909109697923758,219.64111618976,757.459711147725,241.600234483671,201.036835595106,1.78010559105415,74.0190688436501,72.238963252596,204.955654246422,114.821603550826,0.685906179029698,0.332973297502761,23.3069431760293,21.2039982478682,4.19158420189901,161.557597811033,33.830191999948,199.57937401288,221.807043668198,NaN,2.74086309204336e-16,0
1,3.15810951769406,0.155,0.3504,7.25,0.01526,763,4.578,0.006,0.6,762,1,0.909109697923758,219.64111618976,756.226884230249,241.600234483671,201.036835595106,2.02407955523996,62.1722250794736,60.1481455242336,200.574663628286,102.642133065808,0.685394132545792,0.332674316073508,19.3877393775661,17.622734416227,5.32972717013379,161.297392455361,37.8747124393128,204.501832064807,221.807043668198,NaN,2.74086309204336e-16,0
1,3.15810951769406,0.155,0.3504,7.25,0.01526,763,5.341,0.007,0.7,762,1,0.909109697923758,219.64111618976,754.993113054187,241.600234483671,201.036835595106,2.23085267754969,53.7425690771373,51.5117163995876,196.695228035275,93.7136786744919,0.684880019709034,0.332374367241815,16.5882419233453,15.0646298031042,6.468741875717,161.03683397513,41.4561984356951,208.961774286542,221.807043668198,NaN,2.74086309204336e-16,0
1,3.15810951769406,0.155,0.3504,7.25,0.01526,763,6.104,0.008,0.8,762,1,0.909109697923758,219.64111618976,753.758392347171,241.600234483671,201.036835595106,2.41039955628512,47.4446789684595,45.0342794121744,193.189108752562,86.8596958164629,0.684363826232702,0.332073444834232,14.488560631434,13.1459995206454,7.60863318608941,160.775920215543,44.6930396749982,213.077593076631,221.807043668198,NaN,2.74086309204336e-16,0
1,3.15810951769406,0.155,0.3504,7.25,0.01526,763,6.867,0.009,0.9,762,1,0.909109697923758,219.64111618976,752.522716789287,241.600234483671,201.036835595106,2.56915403099415,42.565323882799,39.9961698518049,189.974819244083,81.4141738947887,0.683845537686182,0.331771542617134,12.8554231762411,11.6536852968807,8.74940601258133,160.514649001041,47.6604643394707,216.924519353093,221.807043668198,NaN,2.74086309204336e-16,0
1,3.15810951769406,0.155,0.3504,7.25,0.01526,763,7.63,0.01,1,762,1,0.909109697923758,219.64111618976,751.286081012486,241.600234483671,201.036835595106,2.71150909945868,38.677097985815,35.9655888863563,186.996761420129,76.9710544984044,0.683325139493039,0.331468654295926,11.5488661603218,10.4597921677756,9.8910653109637,160.253018135026,50.409800457364,220.553883903354,221.807043668198,NaN,2.74086309204336e-16,0
1,3.15810951769406,0.155,0.3504,7.25,0.01526,763,8.393,0.011,1.1,762,1,0.909109697923758,219.64111618976,750.048479599977,241.600234483671,201.036835595106,2.84059812403653,35.5083535593408,32.6677554353042,184.214995117196,73.2682247046927,0.682802616929059,0.331164773514237,10.4798219651972,9.48293242816266,11.0336160820063,159.991025399586,52.9779206955532,224.002562177146,221.807043668198,NaN,2.74086309204336e-16,0
1,3.15810951769406,0.155,0.3504,7.25,0.01526,763,9.156,0.012,1.2,762,1,0.909109697923758,219.64111618976,748.809907085608,241.600234483671,201.036835595106,2.95873467824317,32.8782167847303,29.9194821064871,181.599683814711,70.1286501732275,0.682277955120256,0.330859893853092,9.58891217676425,8.66884760720807,12.1770633720466,159.72866855521,55.3923700610496,227.298101988306,221.807043668198,NaN,2.74086309204336e-16,0
1,3.15810951769406,0.155,0.3504,7.25,0.01526,763,9.919,0.013,1.3,762,1,0.909109697923758,219.64111618976,747.570357953244,241.600234483671,201.036835595106,3.06767572894067,30.6616225833037,27.593946854363,179.127842649251,67.4282751141265,0.681751139040841,0.330554008830081,8.83502866051579,7.97997414750825,13.3214122735691,159.465945340497,57.6743681267789,230.461725740845,221.807043668198,NaN,2.74086309204336e-16,0
1,3.15810951769406,0.155,0.3504,7.25,0.01526,763,10.682,0.014,1.4,762,1,0.909109697923758,219.64111618976,746.329826636127,241.600234483671,201.036835595106,3.16878700702224,28.7693495060345,25.6005624990123,176.781319814712,65.0774733125031,0.681222153511165,0.330247111898506,8.18880846166611,7.38948093600257,14.4666679257911,159.202853471866,59.8406725982938,233.510193995951,221.807043668198,NaN,2.74086309204336e-16,0
1,3.15810951769406,0.155,0.3504,7.25,0.01526,763,11.445,0.015,1.5,762,1,0.909109697923758,219.64111618976,745.088307516233,241.600234483671,201.036835595106,3.26315118634543,27.136049623884,23.8728984375386,174.545483677744,63.0098052811048,0.680690983195617,0.329939196446515,7.62871874522606,6.8776918225207,15.6128355152595,158.939390643256,61.9047913657714,236.457017524287,221.807043668198,NaN,2.74086309204336e-16,0
1,3.15810951769406,0.155,0.3504,7.25,0.01526,763,12.208,0.016,1.6,762,1,0.909109697923758,219.64111618976,743.845794923614,241.600234483671,201.036835595106,3.35164107806846,25.7127727917616,22.3611317136931,172.408335630487,61.1749253269031,0.680157612600496,0.329630255796225,7.13860988354976,6.42984969387481,16.7599202764578,158.675554525822,63.8778015163287,239.313276318609,221.807043668198,NaN,2.74086309204336e-16,0
1,3.15810951769406,0.155,0.3504,7.25,0.01526,763,12.971,0.017,1.7,762,1,0.909109697923758,219.64111618976,742.602283135728,241.600234483671,201.036835595106,3.43497059612556,24.4621330119917,21.0271624158661,170.359891207005,59.5339515897036,0.67962202607184,0.329320283202823,6.70613216004089,6.03466969827203,17.9079274924232,158.411342767629,65.7689206859015,242.088190945954,221.807043668198,NaN,2.74086309204336e-16,0
1,3.15810951769406,0.155,0.3504,7.25,0.01526,763,13.734,0.018,1.8,762,1,0.909109697923758,219.64111618976,741.357766376762,241.600234483671,201.036835595106,3.51373113302604,23.3550884087727,19.8413572757467,168.391736519367,58.0563537312042,0.679084207793216,0.329009271853661,6.32168023829016,5.68337472825606,19.0568624953731,158.146752993333,67.5859165564319,244.789532045138,221.807043668198,NaN,2.74086309204336e-16,0
1,3.15810951769406,0.155,0.3504,7.25,0.01526,763,14.497,0.019,1.9,762,1,0.909109697923758,219.64111618976,740.112238816941,241.600234483671,201.036835595106,3.5884180875528,22.3687396918003,18.7803216042475,166.496702885245,56.7178066107902,0.678544141783479,0.328697214867326,5.97767095674798,5.36903548798302,20.2067306673416,157.881782803864,69.3354072389184,247.423920710125,221.807043668198,NaN,2.74086309204336e-16,0
1,3.15810951769406,0.155,0.3504,7.25,0.01526,763,15.26,0.02,2,762,1,0.909109697923758,219.64111618976,738.865694571828,241.600234483671,201.036835595106,3.65945058012131,21.4847902267722,17.8253396466509,164.668623295637,55.4986764844585,0.678001811894486,0.3283841052927,5.66803778499508,5.08610854031441,21.3575374408286,157.616429776105,71.0230861018561,249.99705331879,221.807043668198,NaN,2.74086309204336e-16,0
1,3.26700984589041,0.155,0.3504,7.5,0.01526,763,1.526,0.002,0.2,762,1,0.909109697923758,212.319745650101,761.165506120036,233.546893334216,194.335607741935,0.533461823913209,178.606438672803,178.072976848889,217.490904129466,211.06408184683,0.697854190852328,0.340018949050505,58.7269663218111,54.5438568797167,0.770402826261676,162.239649396453,14.8228522206849,177.8329044434,230.340226377597,NaN,2.74086309204336e-16,0
1,3.26700984589041,0.155,0.3504,7.5,0.01526,763,2.289,0.003,0.3,762,1,0.909109697923758,212.319745650101,759.954293525409,233.546893334216,194.335607741935,1.04621534488376,119.666461923199,118.620246578315,208.748558283666,158.326827034887,0.697372631878886,0.339732345516404,39.0854333458578,36.2712745339922,1.88859150146834,161.987477290802,22.8937657521958,186.769834544466,230.340226377597,NaN,2.74086309204336e-16,0
1,3.26700984589041,0.155,0.3504,7.5,0.01526,763,3.052,0.004,0.4,762,1,0.909109697923758,212.319745650101,758.742223865813,233.546893334216,194.335607741935,1.41086621358002,90.304544186521,88.893677972941,202.563880712056,130.332351077731,0.696889193051409,0.339444850512096,29.2645609045314,27.1348850465322,3.00757141707848,161.734988472184,28.603445829051,193.346005718313,230.340226377597,NaN,2.74086309204336e-16,0
1,3.26700984589041,0.155,0.3504,7.5,0.01526,763,3.815,0.005,0.5,762,1,0.909109697923758,212.319745650101,757.529292570041,233.546893334216,194.335607741935,1.69436861825508,72.7519416486185,71.0575730303635,197.551964411459,112.891419137248,0.696403861873538,0.339156458594584,23.3719522522298,21.6529724326533,4.12734679322019,161.482181098778,33.2304354040198,198.839963296018,230.340226377597,NaN,2.74086309204336e-16,0
1,3.26700984589041,0.155,0.3504,7.5,0.01526,763,4.578,0.006,0.6,762,1,0.909109697923758,212.319745650101,756.315495027586,233.546893334216,194.335607741935,1.92654576449451,61.0932448396342,59.1666990751396,193.253590357077,100.909008766666,0.695916625728332,0.33886716427022,19.4434751375341,17.9982980295109,5.24792188630211,161.229053311861,37.1986844221798,203.675659620343,230.340226377597,NaN,2.74086309204336e-16,0
1,3.26700984589041,0.155,0.3504,7.5,0.01526,763,5.341,0.007,0.7,762,1,0.909109697923758,212.319745650101,755.100826588173,233.546893334216,194.335607741935,2.1233062794119,52.7964055188534,50.6730992394415,189.448290921183,92.1246235143353,0.695427471876724,0.338576961994061,16.6373585930497,15.3877595519201,6.36930098944892,160.975603235596,40.7117280892138,208.056632314259,230.340226377597,NaN,2.74086309204336e-16,0
1,3.26700984589041,0.155,0.3504,7.5,0.01526,763,6.104,0.008,0.8,762,1,0.909109697923758,212.319745650101,753.885282561278,233.546893334216,194.335607741935,2.29414621406737,46.5969412972852,44.3027950832178,186.009987060174,85.3809478817397,0.69493638745595,0.338285846169228,14.5327171328659,13.4298058563101,7.49148843294028,160.721828976816,43.8859622875318,212.099279697288,230.340226377597,NaN,2.74086309204336e-16,0
1,3.26700984589041,0.155,0.3504,7.5,0.01526,763,6.867,0.009,0.9,762,1,0.909109697923758,212.319745650101,752.668858215648,233.546893334216,194.335607741935,2.44519073248635,41.7932115334004,39.348020800914,182.85856509762,80.0228453039124,0.694443359477957,0.33799381114624,12.8957254850423,11.9069085287094,8.61448858465766,160.467728624803,46.7953477785321,215.877564987993,230.340226377597,NaN,2.74086309204336e-16,0
1,3.26700984589041,0.155,0.3504,7.5,0.01526,763,7.63,0.01,1,762,1,0.909109697923758,212.319745650101,751.451548778809,233.546893334216,194.335607741935,2.58062206848529,37.9647389726439,35.3841169041586,179.939364011235,75.650880259003,0.693948374827781,0.337700851222347,11.586088484603,10.6885505199401,9.73830585054004,160.21330025107,49.490347491982,219.441953593592,230.340226377597,NaN,2.74086309204336e-16,0
1,3.26700984589041,0.155,0.3504,7.5,0.01526,763,8.393,0.011,1.1,762,1,0.909109697923758,212.319745650101,750.233349436561,233.546893334216,194.335607741935,2.7034232527822,34.8442687848567,32.1408455320745,177.213117064945,72.0072104799493,0.6934514202619,0.337406960640851,10.5145273885339,9.69167552525066,10.8629446750434,159.958541909128,52.0072123881036,222.828698972275,230.340226377597,NaN,2.74086309204336e-16,0
1,3.26700984589041,0.155,0.3504,7.5,0.01526,763,9.156,0.012,1.2,762,1,0.909109697923758,212.319745650101,749.01425533248,233.546893334216,194.335607741935,2.81579685745543,32.2538449638892,29.4380481064338,174.650491005418,68.9176830832182,0.692952482406562,0.33711213359041,9.62152303328072,8.8609126741333,11.9884095416091,159.703451634258,54.3730228587543,226.064884034621,230.340226377597,NaN,2.74086309204336e-16,0
1,3.26700984589041,0.155,0.3504,7.5,0.01526,763,9.919,0.013,1.3,762,1,0.909109697923758,212.319745650101,747.794261567394,233.546893334216,194.335607741935,2.91941555167777,30.0704150053409,27.1509994536631,172.228888817258,66.2602593603973,0.692451547756082,0.336816364204339,8.86586984263248,8.15792828637872,13.1147049731405,159.44802744328,56.608640416454,229.171372832874,230.340226377597,NaN,2.74086309204336e-16,0
1,3.26700984589041,0.155,0.3504,7.5,0.01526,763,10.682,0.014,1.4,762,1,0.909109697923758,212.319745650101,746.573363198865,233.546893334216,194.335607741935,3.01557953855998,28.2061896988346,25.1906101602746,169.930465108242,63.9467688827042,0.691948602671115,0.336519646559893,8.21813526079763,7.55534116125049,14.2418355324853,159.192267334309,58.7305398861662,232.16464275296,230.340226377597,NaN,2.74086309204336e-16,0
1,3.26700984589041,0.155,0.3504,7.5,0.01526,763,11.445,0.015,1.5,762,1,0.909109697923758,212.319745650101,745.351555240656,233.546893334216,194.335607741935,3.10531954408018,26.5968675302039,23.4915479861237,167.740835332166,61.9118502398793,0.691443633376897,0.336221974677542,7.65673541224942,7.03307175098965,15.3698058229257,158.936169286519,60.7520010477862,235.057976157231,230.340226377597,NaN,2.74086309204336e-16,0
1,3.26700984589041,0.155,0.3504,7.5,0.01526,763,12.208,0.016,1.6,762,1,0.909109697923758,212.319745650101,744.128832662192,233.546893334216,194.335607741935,3.18946649984033,25.1942802475348,22.0048137476944,165.648203582593,60.1059738550285,0.690936625961462,0.335923342520234,7.165482389129,6.57606039425486,16.498620488677,158.679731259893,62.6839138549433,237.862265603514,230.340226377597,NaN,2.74086309204336e-16,0
1,3.26700984589041,0.155,0.3504,7.5,0.01526,763,12.971,0.017,1.7,762,1,0.909109697923758,212.319745650101,742.90519038801,233.546893334216,194.335607741935,3.26870006341612,23.9616375412879,20.6929374778717,163.642754134071,58.49088753081,0.690427566373822,0.335623743992642,6.73199720191792,6.17279087893679,17.6282842153948,158.422951194977,64.535340162747,240.586575573119,230.340226377597,NaN,2.74086309204336e-16,0
1,3.26700984589041,0.155,0.3504,7.5,0.01526,763,13.734,0.018,1.8,762,1,0.909109697923758,212.319745650101,741.680623297205,233.546893334216,194.335607741935,3.34358324898584,22.8703591147745,19.5267758657887,161.71621535107,57.0365548633789,0.689916440422123,0.335323172940405,6.34665174655285,5.81430615070081,18.7588017306877,158.16582701262,66.3139163260522,243.23854506936,230.340226377597,NaN,2.74086309204336e-16,0
1,3.26700984589041,0.155,0.3504,7.5,0.01526,763,14.497,0.019,1.9,762,1,0.909109697923758,212.319745650101,740.455126222859,233.546893334216,194.335607741935,3.41458768233257,21.8979087137909,18.4833210314584,159.86153979815,55.7190438771997,0.68940323377177,0.335021623149351,6.00184488718815,5.49353485041106,19.8901778046413,157.908356613722,68.0261485210084,245.824682939372,230.340226377597,NaN,2.74086309204336e-16,0
1,3.26700984589041,0.155,0.3504,7.5,0.01526,763,15.26,0.02,2,762,1,0.909109697923758,212.319745650101,739.228693951471,233.546893334216,194.335607741935,3.48211237033556,21.0262790383511,17.5441666680155,158.072664811926,54.5190378651012,0.688887931943517,0.334719088344706,5.69149571412944,5.20481989032712,21.0224172503478,157.650537878969,69.6776337844781,248.350588913795,230.340226377597,NaN,2.74086309204336e-16,0
1,3.37591017408676,0.155,0.3504,7.75,0.01526,763,1.526,0.002,0.2,762,1,0.909109697923758,205.470721596872,761.177247488582,226.013122581499,188.066717169615,0.508986532921253,175.664071397511,175.15508486459,210.224420894158,207.600614335774,0.70760534019477,0.345872133669185,58.8057724171753,55.5396019285556,0.759563221887023,162.09081179963,14.5760930007788,177.426468022296,238.551308899843,NaN,2.74086309204336e-16,0
1,3.37591017408676,0.155,0.3504,7.75,0.01526,763,2.289,0.003,0.3,762,1,0.909109697923758,205.470721596872,759.983118898997,226.013122581499,188.066717169615,0.998188605752658,117.678534824028,116.680346218275,201.633119258848,155.723568462955,0.707145913117993,0.345594189589578,39.1407961584229,36.9377700500853,1.8619799830215,161.844921082827,22.507562865361,186.214463931209,238.551308899843,NaN,2.74086309204336e-16,0
1,3.37591017408676,0.155,0.3504,7.75,0.01526,763,3.052,0.004,0.4,762,1,0.909109697923758,205.470721596872,758.788195606024,226.013122581499,188.066717169615,1.3460678702895,88.788859218098,87.4427913478085,195.557813887559,128.183942198472,0.706684732815131,0.345315404675138,29.3082091559443,27.6367594284138,2.96513041249274,161.59873951521,28.1162707790099,192.680140706712,238.551308899843,NaN,2.74086309204336e-16,0
1,3.37591017408676,0.155,0.3504,7.75,0.01526,763,3.815,0.005,0.5,762,1,0.909109697923758,205.470721596872,757.59247350843,226.013122581499,188.066717169615,1.61651328529429,71.5166223896802,69.9001091043859,190.636134891552,111.025413126896,0.706221787948599,0.345035773951815,23.4085774714292,22.0560770532363,4.06901829654719,161.35226546334,32.6599534824019,198.081237242289,238.551308899843,NaN,2.74086309204336e-16,0
1,3.37591017408676,0.155,0.3504,7.75,0.01526,763,4.578,0.006,0.6,762,1,0.909109697923758,205.470721596872,756.395948470923,226.013122581499,188.066717169615,1.83798271810846,60.0428451497372,58.2048624316287,186.41633967032,99.2364076395815,0.705757067074691,0.34475529240079,19.4754231229129,18.3355585865842,5.17364745287886,161.10549727931,36.5556587029411,202.83480343513,238.551308899843,NaN,2.74086309204336e-16,0
1,3.37591017408676,0.155,0.3504,7.75,0.01526,763,5.341,0.007,0.7,762,1,0.909109697923758,205.470721596872,755.198616323751,226.013122581499,188.066717169615,2.02565648003803,51.8766633509597,49.8510068709217,182.681551491071,90.5933903881723,0.705290558642267,0.344473954957928,16.6659698302201,15.67799073972,6.27902173099366,160.858433300574,40.0036065403873,207.141061571955,238.551308899843,NaN,2.74086309204336e-16,0
1,3.37591017408676,0.155,0.3504,7.75,0.01526,763,6.104,0.008,0.8,762,1,0.909109697923758,205.470721596872,754.000472862304,226.013122581499,188.066717169615,2.18859588004832,45.7741160677944,43.5855201877461,179.307745688489,83.9579403396457,0.704822250991413,0.344191756513225,14.5588294513252,13.6847668673601,7.38514501257559,160.611071849761,43.1182962798503,211.114513142187,238.551308899843,NaN,2.74086309204336e-16,0
1,3.37591017408676,0.155,0.3504,7.75,0.01526,763,6.867,0.009,0.9,762,1,0.909109697923758,205.470721596872,752.801513846714,226.013122581499,188.066717169615,2.33264566239955,41.0449245761899,38.7122789137903,176.216114521924,78.6856015785446,0.704352132352083,0.343908691910247,12.9198974611388,12.1344388324168,8.49202121186232,160.363411234502,45.9724830458261,214.827915492191,238.551308899843,NaN,2.74086309204336e-16,0
1,3.37591017408676,0.155,0.3504,7.75,0.01526,763,7.63,0.01,1,762,1,0.909109697923758,205.470721596872,751.60173500144,226.013122581499,188.066717169615,2.46179659026567,37.2754055540586,34.8136089637929,173.352888362507,74.383441733664,0.703880190842722,0.343624755945556,11.6087111430224,10.8941377518936,9.59965427602417,160.11544974724,48.6158068357356,218.330910859,238.551308899843,NaN,2.74086309204336e-16,0
1,3.37591017408676,0.155,0.3504,7.75,0.01526,763,8.393,0.011,1.1,762,1,0.909109697923758,205.470721596872,750.401132014851,226.013122581499,188.066717169615,2.57889512431802,34.202612858425,31.623717734107,170.679441082021,70.7978109545842,0.703406414468868,0.343339943368133,10.5358851303853,9.87931069956643,10.7080481855478,159.867185665047,51.0839272021042,221.659161052699,238.551308899843,NaN,2.74086309204336e-16,0
1,3.37591017408676,0.155,0.3504,7.75,0.01526,763,9.156,0.012,1.2,762,1,0.909109697923758,205.470721596872,749.199700538804,226.013122581499,188.066717169615,2.68604299666847,31.6514531486505,28.965410151982,168.166918170744,67.757384441712,0.702930791121722,0.343054248878786,9.6418291774833,9.03358905732281,11.8172069546291,159.618617249431,53.4034825617908,224.839306765851,238.551308899843,NaN,2.74086309204336e-16,0
1,3.37591017408676,0.155,0.3504,7.75,0.01526,763,9.919,0.013,1.3,762,1,0.909109697923758,205.470721596872,747.997436188214,226.013122581499,188.066717169615,2.78483629592544,29.5008489980242,26.7160127020988,165.793091564362,65.1421028529089,0.702453308576712,0.342767667129552,8.88528849754032,8.317948396653,12.9271346315682,159.369742746147,55.5949938125278,227.891871190243,238.551308899843,NaN,2.74086309204336e-16,0
1,3.37591017408676,0.155,0.3504,7.75,0.01526,763,10.682,0.014,1.4,762,1,0.909109697923758,205.470721596872,746.794334540619,226.013122581499,188.066717169615,2.87651569643012,27.6644171381623,24.7879014417322,163.540407357187,62.8652241017924,0.701973954492018,0.342480192723093,8.23679538453261,7.70451412521596,14.037835299173,159.120560384998,57.6746666795818,230.833062363753,238.551308899843,NaN,2.74086309204336e-16,0
1,3.37591017408676,0.155,0.3504,7.75,0.01526,763,11.445,0.015,1.5,762,1,0.909109697923758,205.470721596872,745.590391135734,226.013122581499,188.066717169615,2.96206473225501,26.078883542103,23.116818809848,161.394716054539,60.8624443846733,0.701492716407087,0.342191820212073,7.67474018625861,7.17284487477898,15.1493130751673,158.871068379637,59.6555639438222,233.675945398627,238.551308899843,NaN,2.74086309204336e-16,0
1,3.37591017408676,0.155,0.3504,7.75,0.01526,763,12.208,0.016,1.6,762,1,0.909109697923758,205.470721596872,744.385601475003,226.013122581499,188.066717169615,3.04227628981749,24.6968479226056,21.6545716327881,159.344414579091,59.0850346446772,0.701009581741112,0.341902544098535,7.18291566250775,6.70760961867988,16.2615721126068,158.621264927367,61.5483975394888,236.431234579463,238.551308899843,NaN,2.74086309204336e-16,0
1,3.37591017408676,0.155,0.3504,7.75,0.01526,763,12.971,0.017,1.7,762,1,0.909109697923758,205.470721596872,743.179961021146,226.013122581499,188.066717169615,3.11779890692157,23.4821052113403,20.3643063044187,157.379847728641,57.4953602448551,0.700524537791497,0.34161235883326,6.74892804034575,6.29708463018486,17.3746166002997,158.371148208934,63.3620811269984,239.107845936232,238.551308899843,NaN,2.74086309204336e-16,0
1,3.37591017408676,0.155,0.3504,7.75,0.01526,763,13.734,0.018,1.8,762,1,0.909109697923758,205.470721596872,741.97346519769,226.013122581499,188.066717169615,3.1891698179632,22.4065287241921,19.2173589062289,155.492879193621,56.0638691726794,0.700037571732291,0.341321258815125,6.3631377176382,5.93215145472708,18.4884507632345,158.120716388316,65.1041261285862,241.713293280137,238.551308899843,NaN,2.74086309204336e-16,0
1,3.37591017408676,0.155,0.3504,7.75,0.01526,763,14.497,0.019,1.9,762,1,0.909109697923758,205.470721596872,740.766109388502,226.013122581499,188.066717169615,3.2568390527338,21.4479390790788,18.191100026345,153.676576882591,54.7670149856582,0.699548670612603,0.34102923839044,6.01793448125061,5.60561131196455,19.6030788630145,157.869967612518,66.7809322350899,244.253978710622,238.551308899843,NaN,2.74086309204336e-16,0
1,3.37591017408676,0.155,0.3504,7.75,0.01526,763,15.26,0.02,2,762,1,0.909109697923758,205.470721596872,739.55788893731,226.013122581499,188.066717169615,3.32118734662599,20.588613479466,17.26742613284,151.924977398385,53.5857918327891,0.699057821354981,0.340736291852284,5.70723015978834,5.31170517722061,20.7185051982999,157.618900011349,68.3980048410266,246.735410050675,238.551308899843,NaN,2.74086309204336e-16,0
1,3.4848105022831,0.155,0.3504,8,0.01526,763,1.526,0.002,0.2,762,1,0.909109697923758,199.04976154697,761.187958633247,218.950212500827,182.189632258065,0.486658703869749,172.791252768783,172.304594064913,203.416168034772,204.23131959894,0.716746659202017,0.351448867132948,58.8245488966485,56.4317764536987,0.749674717823964,161.899285010598,14.3409940411373,176.989953769559,246.456434349588,NaN,2.74086309204336e-16,0
1,3.4848105022831,0.155,0.3504,8,0.01526,763,2.289,0.003,0.3,762,1,0.909109697923758,199.04976154697,760.009413198962,218.950212500827,182.189632258065,0.95437824891633,115.739209098366,114.784830849449,194.96877042319,153.197993568847,0.716307418679799,0.351178843627633,39.1559067824405,37.5350742391156,1.83770514590907,161.659070879318,22.139612042749,185.636388067976,246.456434349588,NaN,2.74086309204336e-16,0
1,3.4848105022831,0.155,0.3504,8,0.01526,763,3.052,0.004,0.4,762,1,0.909109697923758,199.04976154697,758.830127737075,218.950212500827,182.189632258065,1.28696142140137,87.3117405540562,86.0247791326548,188.997664679152,126.104010147724,0.71586653668979,0.350908023995711,29.3214931154854,28.0866318402988,2.92641876576996,161.418588322906,27.6521231007267,191.997130189403,246.456434349588,NaN,2.74086309204336e-16,0
1,3.4848105022831,0.155,0.3504,8,0.01526,763,3.815,0.005,0.5,762,1,0.909109697923758,199.04976154697,757.65009854336,218.950212500827,182.189632258065,1.54550026035493,70.3141114919505,68.7686112315956,184.161953434171,109.222036373887,0.715424002883931,0.35063640366356,23.4207704772732,22.4174931239418,4.01581899714052,161.177835881922,32.1164405745491,197.310095453612,246.456434349588,NaN,2.74086309204336e-16,0
1,3.4848105022831,0.155,0.3504,8,0.01526,763,4.578,0.006,0.6,762,1,0.909109697923758,199.04976154697,756.469321883791,218.950212500827,182.189632258065,1.75720680780431,59.0215913872787,57.2643845794743,180.01701739834,97.6223790862863,0.714979806819996,0.350363978017646,19.4868930594007,18.6380060444842,5.10590928726369,160.936812084419,35.9430359676959,201.985757339379,246.456434349588,NaN,2.74086309204336e-16,0
1,3.4848105022831,0.155,0.3504,8,0.01526,763,5.341,0.007,0.7,762,1,0.909109697923758,199.04976154697,755.287793994213,218.950212500827,182.189632258065,1.9365968116054,50.9835777399356,49.0469809283302,176.349401158563,89.1177410717438,0.714533937960453,0.350090742404053,16.6769269420459,15.9383197242856,6.1966931111999,160.695515445798,39.3289708254694,206.221179382467,246.456434349588,NaN,2.74086309204336e-16,0
1,3.4848105022831,0.155,0.3504,8,0.01526,763,6.104,0.008,0.8,762,1,0.909109697923758,199.04976154697,754.105511080002,218.950212500827,182.189632258065,2.09233489356258,44.9761760432748,42.8838411497122,173.037037425817,82.5882175683338,0.714086385671314,0.349816692128005,14.5694051635869,13.9135087236686,7.28817397213656,160.453944468655,42.3869373876998,210.129055828491,246.456434349588,NaN,2.74086309204336e-16,0
1,3.4848105022831,0.155,0.3504,8,0.01526,763,6.867,0.009,0.9,762,1,0.909109697923758,199.04976154697,752.922469315724,218.950212500827,182.189632258065,2.23000992479325,40.3202200930299,38.0902101682367,170.002362740943,77.3998160908332,0.713637139220967,0.349541822453382,12.9301794104743,12.3386144642668,8.38035540170592,160.212097642636,45.1885420610778,213.78099510542,246.456434349588,NaN,2.74086309204336e-16,0
1,3.4848105022831,0.155,0.3504,8,0.01526,763,7.63,0.01,1,762,1,0.909109697923758,199.04976154697,751.738664844785,218.950212500827,182.189632258065,2.35343795846311,36.6086728934724,34.2552349350093,167.192456790728,73.1659735472297,0.713186187778991,0.349266128602223,11.61876069318,11.0786617983639,9.47324096030619,159.969973444278,47.782640756768,217.225855161352,246.456434349588,NaN,2.74086309204336e-16,0
1,3.4848105022831,0.155,0.3504,8,0.01526,763,8.393,0.011,1.1,762,1,0.909109697923758,199.04976154697,750.554093779083,218.950212500827,182.189632258065,2.46534084021754,33.5828043466706,31.1174635064531,164.569303819309,69.637145353905,0.71273352041495,0.348989605754231,10.5457469261737,10.0477574495024,10.5668342374248,159.727570336856,50.2043295329471,220.498734107228,246.456434349588,NaN,2.74086309204336e-16,0
1,3.4848105022831,0.155,0.3504,8,0.01526,763,9.156,0.012,1.2,762,1,0.909109697923758,199.04976154697,749.368752198646,218.950212500827,182.189632258065,2.56772828966498,31.0703228733861,28.5025945837211,162.104505467773,66.6447755253467,0.712279126097174,0.348712249046266,9.65153671791106,9.18863923278738,11.6611388519703,159.484886770222,52.479825689098,223.62585131129,246.456434349588,NaN,2.74086309204336e-16,0
1,3.4848105022831,0.155,0.3504,8,0.01526,763,9.919,0.013,1.3,762,1,0.909109697923758,199.04976154697,748.182636151271,218.950212500827,182.189632258065,2.66212651881984,28.952084552739,26.2899580339192,159.776185213724,64.0707423123485,0.711822993691514,0.348434053571823,8.89486756544264,8.46166409658928,12.7561584526072,159.241921180647,54.6293255802651,226.62740521352,246.456434349588,NaN,2.74086309204336e-16,0
1,3.4848105022831,0.155,0.3504,8,0.01526,763,10.682,0.014,1.4,762,1,0.909109697923758,199.04976154697,746.995741652159,218.950212500827,182.189632258065,2.74972188463583,27.1430827868674,24.3933609022315,157.567066885886,61.8297016426424,0.711365111960084,0.348155014380517,8.24626625133286,7.83851557494485,13.8518967180941,158.998671990659,56.6687785279458,229.519347236699,246.456434349588,NaN,2.74086309204336e-16,0
1,3.4848105022831,0.155,0.3504,8,0.01526,763,11.445,0.015,1.5,762,1,0.909109697923758,199.04976154697,745.808064683534,218.950212500827,182.189632258065,2.83145486078672,25.5810498799833,22.7495950191966,155.463224953018,59.8583847417609,0.710905469559983,0.347875126477547,7.68411908181147,7.29842825899792,14.9483573576305,158.755137608872,58.6110405504783,232.314535516981,246.456434349588,NaN,2.74086309204336e-16,0
1,3.4848105022831,0.155,0.3504,8,0.01526,763,12.208,0.016,1.6,762,1,0.909109697923758,199.04976154697,744.619601194274,218.950212500827,182.189632258065,2.90808361938047,24.2193378746336,21.3112542552531,153.453240071788,58.108845901593,0.71044405504199,0.347594384823156,7.19221578561795,6.82582809164981,16.0455441112052,158.511316429822,60.4666539593037,235.023514500331,246.456434349588,NaN,2.74086309204336e-16,0
1,3.4848105022831,0.155,0.3504,8,0.01526,763,12.971,0.017,1.7,762,1,0.909109697923758,199.04976154697,743.430347099516,218.950212500827,182.189632258065,2.98022830313097,23.0223151650486,20.0420868619176,151.5276099929,56.5440547417024,0.709980856849252,0.34731278433209,6.75816027207723,6.40880549939195,17.1434607499524,158.267206833797,62.2443912090653,237.655058792815,246.456434349588,NaN,2.74086309204336e-16,0
1,3.4848105022831,0.155,0.3504,8,0.01526,763,13.734,0.018,1.8,762,1,0.909109697923758,199.04976154697,742.240298280274,218.950212500827,182.189632258065,3.04840262391725,21.962299656485,18.9138970325677,149.678327351576,55.1349331651845,0.70951586331594,0.347030319873033,6.37231113648334,6.03809748019414,18.242111076511,158.022807186661,63.9516446804692,240.216562943641,246.456434349588,NaN,2.74086309204336e-16,0
1,3.4848105022831,0.155,0.3504,8,0.01526,763,14.497,0.019,1.9,762,1,0.909109697923758,199.04976154697,741.04945058304,218.950212500827,182.189632258065,3.11303690659419,21.0174618243098,17.9044249177156,147.898569962155,53.8583118953985,0.709049062665888,0.346746986268052,6.0270567427302,5.70639113732295,19.3414989253907,157.778115839678,65.5947125995887,242.714327364657,246.456434349588,NaN,2.74086309204336e-16,0
1,3.4848105022831,0.155,0.3504,8,0.01526,763,15.26,0.02,2,762,1,0.909109697923758,199.04976154697,739.85779981938,218.950212500827,182.189632258065,3.1744952151285,20.1703578508267,16.9958626356982,146.182469014135,52.6954891693592,0.70858044301121,0.346462778292014,5.71630778115309,5.40783615301447,20.4416281633431,157.533131129336,67.1790130387513,245.15377233143,246.456434349588,NaN,2.74086309204336e-16,0
1,3.59371083047945,0.155,0.3504,8.25,0.01526,763,1.526,0.002,0.2,762,1,0.909109697923758,193.017950591001,761.197769455299,212.31535757656,176.66873431085,0.466207572783698,169.990573120759,169.524365547975,197.024304334668,200.956907961384,0.7253336338997,0.356771139792227,58.7916194130869,57.229791439477,0.740617389522179,161.673016749764,14.1166651031461,176.530299242432,254.071047477698,NaN,2.74086309204336e-16,0
1,3.59371083047945,0.155,0.3504,8.25,0.01526,763,2.289,0.003,0.3,762,1,0.909109697923758,193.017950591001,760.033495818949,212.31535757656,176.66873431085,0.91425230905206,113.849938383777,112.935686074725,188.714215740182,150.749335529731,0.724912880326861,0.356508392246379,39.136341877289,38.0694716483037,1.81547212665366,161.437956774501,21.7885197367075,185.041948637862,254.071047477698,NaN,2.74086309204336e-16,0
1,3.59371083047945,0.155,0.3504,8.25,0.01526,763,3.052,0.004,0.4,762,1,0.909109697923758,193.017950591001,758.868530414346,212.31535757656,176.66873431085,1.23282832286102,85.8740179523896,84.6411896295285,182.842532028069,124.09110090029,0.724490584547253,0.356244888308147,29.3086160733731,28.4892236315625,2.89096550264158,161.202647963802,27.2092446040051,191.302858070449,254.071047477698,NaN,2.74086309204336e-16,0
1,3.59371083047945,0.155,0.3504,8.25,0.01526,763,3.815,0.005,0.5,762,1,0.909109697923758,193.017950591001,757.702869875702,212.31535757656,176.66873431085,1.48046529860283,69.1448309938743,67.6643656952715,178.088845030094,107.479433884496,0.724066737065099,0.355980623748845,23.4119106416545,22.7410040921184,3.96710062477353,160.967089004947,31.597837482078,196.532027111798,254.071047477698,NaN,2.74086309204336e-16,0
1,3.59371083047945,0.155,0.3504,8.25,0.01526,763,4.578,0.006,0.6,762,1,0.909109697923758,193.017950591001,756.536510810949,212.31535757656,176.66873431085,1.6832339350096,58.0296113628826,56.346377427873,174.015332610145,96.0648038939802,0.72364132830043,0.355715594303936,19.4807151269171,18.9087985965361,5.04388062459891,160.731278574308,35.3584947576923,201.133653956599,254.071047477698,NaN,2.74086309204336e-16,0
1,3.59371083047945,0.155,0.3504,8.25,0.01526,763,5.341,0.007,0.7,762,1,0.909109697923758,193.017950591001,755.369449801453,212.31535757656,176.66873431085,1.85504115078051,50.1170501834207,48.2620090326402,170.411804044694,87.6953680768277,0.723214348588103,0.355449795672615,16.6726679037754,16.1714581010018,6.12130865819308,160.495215337226,38.6852640222666,205.301788017686,254.071047477698,NaN,2.74086309204336e-16,0
1,3.59371083047945,0.155,0.3504,8.25,0.01526,763,6.104,0.008,0.8,762,1,0.909109697923758,193.017950591001,754.201683401726,212.31535757656,176.66873431085,2.00418814931903,44.2028407576747,42.1986526083556,167.15805982378,81.269330315187,0.722785788176798,0.355183223517398,14.5665881580144,14.1184080828036,7.19938790642274,160.258897947882,41.6891131863053,209.14739904061,254.071047477698,NaN,2.74086309204336e-16,0
1,3.59371083047945,0.155,0.3504,8.25,0.01526,763,6.867,0.009,0.9,762,1,0.909109697923758,193.017950591001,753.033208139132,212.31535757656,176.66873431085,2.13602938794846,39.6186664832546,37.4826370953061,164.177723821776,76.1629283579262,0.722355637228004,0.354915873463696,12.9284865470367,12.5215515841584,8.27812157521667,160.022325049171,44.4405525129235,212.740999137311,254.071047477698,NaN,2.74086309204336e-16,0
1,3.59371083047945,0.155,0.3504,8.25,0.01526,763,7.63,0.01,1,762,1,0.909109697923758,193.017950591001,751.864020513592,212.31535757656,176.66873431085,2.2542208624063,35.9639807168997,33.7097598544934,161.418686175254,71.9958251043074,0.721923885814986,0.354647741099386,11.6179694640405,11.2440304297419,9.35751289584033,159.785495272573,46.9876897079086,216.130697876322,254.071047477698,NaN,2.74086309204336e-16,0
1,3.59371083047945,0.155,0.3504,8.25,0.01526,763,8.393,0.011,1.1,762,1,0.909109697923758,193.017950591001,750.694116997282,212.31535757656,176.66873431085,2.36137025466515,32.9841712764855,30.6228010218203,158.843513573074,68.5224881812124,0.721490523921745,0.354378821974379,10.5456955217372,10.1987530528397,10.437565125172,159.548407238019,49.3650831178128,219.351055481004,254.071047477698,NaN,2.74086309204336e-16,0
1,3.59371083047945,0.155,0.3504,8.25,0.01526,763,9.156,0.012,1.2,762,1,0.909109697923758,193.017950591001,749.523494034329,212.31535757656,176.66873431085,2.4594029889677,30.5096836741517,28.050280685184,156.424242938802,65.5770672565704,0.721055541441953,0.354109111600173,9.65210379420973,9.32765840842177,11.5182815459868,159.311059553759,51.5985481903388,222.427889290085,254.071047477698,NaN,2.74086309204336e-16,0
1,3.59371083047945,0.155,0.3504,8.25,0.01526,763,9.919,0.013,1.3,762,1,0.909109697923758,193.017950591001,748.352148040498,212.31535757656,176.66873431085,2.54978126144267,28.4232632412749,25.8734819798322,154.139333211566,63.0433337343705,0.720618928177879,0.353838605449411,8.89595979329778,8.59055038787539,12.5996654672408,159.073450816228,53.7079715832241,225.381087866693,254.071047477698,NaN,2.74086309204336e-16,0
1,3.59371083047945,0.155,0.3504,8.25,0.01526,763,10.682,0.014,1.4,762,1,0.909109697923758,193.017950591001,747.180075402883,212.31535757656,176.66873431085,2.63364166749322,26.6412488103468,24.0076071428536,151.971773251994,60.8373093400838,0.720180673839292,0.35356729895542,8.24781031224653,7.95871748456661,13.6817202243618,158.835579609905,55.7090579411239,228.226357775391,254.071047477698,NaN,2.74086309204336e-16,0
1,3.59371083047945,0.155,0.3504,8.25,0.01526,763,11.445,0.015,1.5,762,1,0.909109697923758,193.017950591001,746.007272479584,212.31535757656,176.66873431085,2.71188523216682,25.102356378037,22.3904711458702,149.907851250468,58.8967363768594,0.719740768042361,0.353295187511755,7.6860563318955,7.41110459317713,14.7644491795425,158.597444507175,57.6144659750673,230.976359661785,254.071047477698,NaN,2.74086309204336e-16,0
1,3.59371083047945,0.155,0.3504,8.25,0.01526,763,12.208,0.016,1.6,762,1,0.909109697923758,193.017950591001,744.833735599387,212.31535757656,176.66873431085,2.78523832509356,23.7606735405644,20.9754352154708,147.936323196677,57.1744342900826,0.719299200308519,0.353022266471726,7.19449858704661,6.93192038428977,15.8478557220389,158.35904406819,59.4345761294537,233.641475919683,254.071047477698,NaN,2.74086309204336e-16,0
1,3.59371083047945,0.155,0.3504,8.25,0.01526,763,12.971,0.017,1.7,762,1,0.909109697923758,193.017950591001,743.659461061436,212.31535757656,176.66873431085,2.85429507577257,22.5811294810277,19.7268344052552,146.047832801643,55.6339628733077,0.718855960063327,0.352748531147927,6.76074940352576,6.50908913500262,16.9319432684735,158.120376840721,61.1780261086986,236.230346217893,254.071047477698,NaN,2.74086309204336e-16,0
1,3.59371083047945,0.155,0.3504,8.25,0.01526,763,13.734,0.018,1.8,762,1,0.909109697923758,193.017950591001,742.4844451349,212.31535757656,176.66873431085,2.9195476468084,21.5364769573384,18.61692931053,144.234495751185,54.2467068668612,0.718411036635313,0.35247397681175,6.37517392289036,6.13321861600507,18.0167152631409,157.881441360015,62.8520946934775,238.750251316633,254.071047477698,NaN,2.74086309204336e-16,0
1,3.59371083047945,0.155,0.3504,8.25,0.01526,763,14.497,0.019,1.9,762,1,0.909109697923758,193.017950591001,741.308684058637,212.31535757656,176.66873431085,2.98140831120642,20.605228710623,17.6238203994166,142.489594742226,52.9898653189612,0.717964419254795,0.352198598692896,6.03016567722922,5.79689390905089,19.102175178319,157.642236148644,64.4629832825082,241.207394609471,254.071047477698,NaN,2.74086309204336e-16,0
1,3.59371083047945,0.155,0.3504,8.25,0.01526,763,15.26,0.02,2,762,1,0.909109697923758,193.017950591001,740.132174040849,212.31535757656,176.66873431085,3.04022586019574,19.7702139048209,16.7299880446251,140.807351228476,51.8450334087739,0.717516097052684,0.351922391978882,5.71963949152224,5.49418307918931,20.1883265145859,157.40275971636,66.0160266164025,243.607112847349,254.071047477698,NaN,2.74086309204336e-16,0
1,3.7026111586758,0.155,0.3504,8.5,0.01526,763,1.526,0.002,0.2,762,1,0.909109697923758,187.340952044207,761.206788896725,206.070788236073,171.472595066414,0.447406061111746,167.263315254282,166.81590919317,191.011924500659,197.776977214384,0.733415215198348,0.36185852313037,58.7141253132835,57.9421553733233,0.73229066198985,161.418560396133,13.9023082860213,176.053159344144,261.409851479314,NaN,5.20417042793042e-17,0
1,3.7026111586758,0.155,0.3504,8.5,0.01526,763,2.289,0.003,0.3,762,1,0.909109697923758,187.340952044207,760.055634576502,206.070788236073,171.472595066414,0.877364706953263,112.011347461722,111.133982754768,182.833038547486,148.376228982158,0.733011454982951,0.361602485681619,39.0868857068715,38.54664429634,1.79503367671612,161.188200334778,21.4530369435776,184.436270955071,261.409851479314,NaN,5.20417042793042e-17,0
1,3.7026111586758,0.155,0.3504,8.5,0.01526,763,3.052,0.004,0.4,762,1,0.909109697923758,187.340952044207,758.903831344074,206.070788236073,171.472595066414,1.18306611158586,84.4759406517104,83.2928745401246,177.056353278881,122.143416799062,0.732606241230601,0.361345727364695,29.2731838551448,28.8488036054393,2.85837576569452,160.957608665365,26.7860594668251,190.602043897885,261.409851479314,NaN,5.20417042793042e-17,0
1,3.7026111586758,0.155,0.3504,8.5,0.01526,763,3.815,0.005,0.5,762,1,0.909109697923758,187.340952044207,757.751376124566,206.070788236073,171.472595066414,1.42068385509399,68.0087768403829,66.5880929852889,172.3810392513,105.795560762811,0.732199565185308,0.361088244250424,23.3848968104133,23.0300308469605,3.92231976764154,160.726784200001,31.102298599299,195.751402566942,261.409851479314,NaN,5.20417042793042e-17,0
1,3.7026111586758,0.155,0.3504,8.5,0.01526,763,4.578,0.006,0.6,762,1,0.909109697923758,187.340952044207,756.598265819755,206.070788236073,171.472595066414,1.61523916268068,57.0667133938864,55.4514742312057,168.375769486613,94.5614764393957,0.731791418015313,0.360830032377199,19.4593169216658,19.1507918686883,4.98686854283041,160.495725741202,34.7999544128928,200.282548696925,261.409851479314,NaN,5.20417042793042e-17,0
1,3.7026111586758,0.155,0.3504,8.5,0.01526,763,5.341,0.007,0.7,762,1,0.909109697923758,187.340952044207,755.444497307818,206.070788236073,171.472595066414,1.78007913033492,49.2767414647953,47.4966623344604,164.833472923194,86.3239523424292,0.731381790812218,0.360571087750621,16.655283765498,16.379857747385,6.05202497332043,160.264432081784,38.070194434346,204.38665148945,261.409851479314,NaN,5.20417042793042e-17,0
1,3.7026111586758,0.155,0.3504,8.5,0.01526,763,6.104,0.008,0.8,762,1,0.909109697923758,187.340952044207,754.290067443089,206.070788236073,171.472595066414,1.92317079581708,43.4536501157828,41.5304793199658,161.635734869705,79.9988746743105,0.730970674590116,0.36031140634313,14.5522171288446,14.301614020674,7.1177919631845,160.03290200476,41.0223388337271,208.173032801672,261.409851479314,NaN,5.20417042793042e-17,0
1,3.7026111586758,0.155,0.3504,8.5,0.01526,763,6.867,0.009,0.9,762,1,0.909109697923758,187.340952044207,753.134973055799,206.070788236073,171.472595066414,2.04965307153283,38.9397016033895,36.8900485318567,158.707313804298,74.9724681949109,0.730558060284693,0.360050984093636,12.9164613365567,12.6851637643338,8.18417243874374,159.80113428323,43.7258504105555,211.711157132529,261.409851479314,NaN,5.20417042793042e-17,0
1,3.7026111586758,0.155,0.3504,8.5,0.01526,763,7.63,0.01,1,762,1,0.909109697923758,187.340952044207,751.979210951828,206.070788236073,171.472595066414,2.16303477955257,35.3406787534002,33.1776439738476,155.996874326236,70.8704726574799,0.730143938752331,0.359789816907139,11.6078229824319,11.3919688232158,9.25116934880451,159.569127680267,46.2281218884493,215.048418917521,261.409851479314,NaN,5.20417042793042e-17,0
1,3.7026111586758,0.155,0.3504,8.5,0.01526,763,8.393,0.011,1.1,762,1,0.909109697923758,187.340952044207,750.822777912439,206.070788236073,171.472595066414,2.26581862784512,32.4059859099674,30.1401672821223,153.467539709996,67.4512712069019,0.729728300769192,0.35952790065435,10.5370880796831,10.3338685525707,10.3187856648959,159.336880948809,48.5631977754024,218.218864389107,261.409851479314,NaN,5.20417042793042e-17,0
1,3.7026111586758,0.155,0.3504,8.5,0.01526,763,9.156,0.012,1.2,762,1,0.909109697923758,187.340952044207,749.665670694018,206.070788236073,171.472595066414,2.35985253079037,29.9687387425678,27.6088862117775,151.091762838905,64.5516536280104,0.729311137030288,0.359265231171299,9.6447806361726,9.45208918871134,11.387024381515,159.104392831542,50.7565095060231,221.24792671908,261.409851479314,NaN,5.20417042793042e-17,0
1,3.7026111586758,0.155,0.3504,8.5,0.01526,763,9.919,0.013,1.3,762,1,0.909109697923758,187.340952044207,748.507886027809,206.070788236073,171.472595066414,2.44653982179605,27.9135259513199,25.4669861295238,148.848323224192,62.0572384220119,0.72889243814854,0.359001804258947,8.88972496415308,8.70594120244643,12.4558885163714,158.871662060785,52.8276477866276,224.155198363784,261.409851479314,NaN,5.20417042793042e-17,0
1,3.7026111586758,0.155,0.3504,8.5,0.01526,763,10.682,0.014,1.4,762,1,0.909109697923758,187.340952044207,747.349420619638,206.070788236073,171.472595066414,2.52697134051928,26.1579993500335,23.6310280095142,146.720462996646,59.8853797591273,0.728472194653819,0.358737615682781,8.24250985726279,8.06636064390031,13.5253811106376,158.638687358377,54.7920834434388,226.956151912453,261.409851479314,NaN,5.20417042793042e-17,0
1,3.7026111586758,0.155,0.3504,8.5,0.01526,763,11.445,0.015,1.5,762,1,0.909109697923758,187.340952044207,746.190271149643,206.070788236073,171.472595066414,2.60201183907922,24.6418350699195,22.0398232308402,144.694674584954,57.9748062465098,0.728050396991983,0.358472661172415,7.68156709672227,7.5120339494042,14.5955052292019,158.405467435551,56.6622866351549,229.663259299908,261.409851479314,NaN,5.20417042793042e-17,0
1,3.7026111586758,0.155,0.3504,8.5,0.01526,763,12.208,0.016,1.6,762,1,0.909109697923758,187.340952044207,745.030434271998,206.070788236073,171.472595066414,2.67235844487488,23.3198387708428,20.6474803259679,142.759881533005,56.2790836789525,0.727627035523887,0.358206936421173,7.19072051770736,7.02697594580356,15.666263960925,158.17200099282,58.4484831205239,232.286748074269,261.409851479314,NaN,5.20417042793042e-17,0
1,3.7026111586758,0.155,0.3504,8.5,0.01526,763,12.971,0.017,1.7,762,1,0.909109697923758,187.340952044207,743.869906614625,206.070788236073,171.472595066414,2.73858136845106,22.1574871864106,19.4189058179596,140.906867037392,54.762347481099,0.727202100524387,0.357940437085681,6.75760011111973,6.59896267677444,16.7376604189001,157.938286719851,60.159181831204,234.835128969955,261.409851479314,NaN,5.20417042793042e-17,0
1,3.7026111586758,0.155,0.3504,8.5,0.01526,763,13.734,0.018,1.8,762,1,0.909109697923758,187.340952044207,742.708684778914,206.070788236073,171.472595066414,2.80115295809065,21.1279577367128,18.3268047786222,139.127864376832,53.3964337977111,0.726775582181328,0.357673158785434,6.37258475810061,6.2184866203677,17.8096977407165,157.704323295342,61.8015529863797,237.315574022438,261.409851479314,NaN,5.20417042793042e-17,0
1,3.7026111586758,0.155,0.3504,8.5,0.01526,763,14.497,0.019,1.9,762,1,0.909109697923758,187.340952044207,741.546765339432,206.070788236073,171.472595066414,2.86046888839191,20.2100974672107,17.3496285788188,137.416256479598,52.158900883626,0.726347470594516,0.357405097102377,6.02807883785582,5.87804183785506,18.8823790887268,157.470109386898,63.3817054514146,239.734193927039,261.409851479314,NaN,5.20417042793042e-17,0
1,3.7026111586758,0.155,0.3504,8.5,0.01526,763,15.26,0.02,2,762,1,0.909109697923758,187.340952044207,740.384144843625,206.070788236073,171.472595066414,2.91686390759692,19.3870022212834,16.4701383136865,135.766351061247,51.0316334943664,0.725917755774673,0.357136247580463,5.71800585313317,5.57162357792129,19.9557076503192,157.235643650899,64.9048943301837,242.096245631402,261.409851479314,NaN,5.20417042793042e-17,0
1,3.81151148687215,0.155,0.3504,8.75,0.01526,763,1.526,0.002,0.2,762,1,0.909109697923758,181.988353414372,761.215109003695,200.183051429328,166.573378064516,0.43006230660426,164.609786193387,164.179723886783,185.346352697453,194.690319114949,0.741034753865403,0.3667285057702,58.5982109310595,58.5765583385725,0.724609558415303,161.141340851552,13.6972060669009,175.563156476869,268.486792755315,NaN,2.74086309204336e-16,0
1,3.81151148687215,0.155,0.3504,8.75,0.01526,763,2.289,0.003,0.3,762,1,0.909109697923758,181.988353414372,760.076055721001,200.183051429328,166.573378064516,0.843338587320109,110.223445344639,109.380106757319,177.293002415965,146.076893277641,0.740646667421299,0.366478678865832,39.0116544362057,38.9717277913742,1.77618092319101,160.915283371654,21.1320404817493,183.823504776595,268.486792755315,NaN,2.74086309204336e-16,0
1,3.81151148687215,0.155,0.3504,8.75,0.01526,763,3.052,0.004,0.4,762,1,0.909109697923758,181.988353414372,758.936391795911,200.183051429328,166.573378064516,1.13716587078653,83.1173293715922,81.9801635008057,171.607210345377,120.258937872378,0.740257207065745,0.366228163026212,29.2182986254913,29.1692301496592,2.82831603161855,160.689009526533,26.3811506141189,189.89847617227,268.486792755315,NaN,2.74086309204336e-16,0
1,3.81151148687215,0.155,0.3504,8.75,0.01526,763,3.815,0.005,0.5,762,1,0.909109697923758,181.988353414372,757.796114405507,200.183051429328,166.573378064516,1.36554394850556,66.9056331724898,65.5400892239843,167.006880797866,104.168265907212,0.739866364689447,0.365976954584117,23.3422228159789,23.287665457777,3.88101748981022,160.462518235354,30.6281642474512,194.971699972615,268.486792755315,NaN,2.74086309204336e-16,0
1,3.81151148687215,0.155,0.3504,8.75,0.01526,763,4.578,0.006,0.6,762,1,0.909109697923758,181.988353414372,756.655220705982,200.183051429328,166.573378064516,1.55252578073001,56.1324747392864,54.5799489585564,163.06690168463,93.1101629329522,0.739474132114506,0.365725049842804,19.4247867784168,19.3665670629048,4.93428792316146,160.235808408791,34.2655438821364,199.435640214089,268.486792755315,NaN,2.74086309204336e-16,0
1,3.81151148687215,0.155,0.3504,8.75,0.01526,763,5.341,0.007,0.7,762,1,0.909109697923758,181.988353414372,755.513707832427,200.183051429328,166.573378064516,1.71094196011767,48.4621411034363,46.7511991433187,159.583187012043,85.0012030044436,0.739080501093649,0.365472445075694,16.6265732703072,16.5657349701646,5.98812997654923,160.008878948929,37.4817012370204,203.478710162499,268.486792755315,NaN,2.74086309204336e-16,0
1,3.81151148687215,0.155,0.3504,8.75,0.01526,763,6.104,0.008,0.8,762,1,0.909109697923758,181.988353414372,754.371572898617,200.183051429328,166.573378064516,1.84845121681428,42.7280192115099,40.8795679946956,156.439029915197,78.7745177634438,0.73868546330946,0.365219136526038,14.5278736691727,14.4650691814023,7.04254631453121,159.781728749175,40.3843798207465,207.208654884453,268.486792755315,NaN,2.74086309204336e-16,0
1,3.81151148687215,0.155,0.3504,8.75,0.01526,763,6.867,0.009,0.9,762,1,0.909109697923758,181.988353414372,753.228812996786,200.183051429328,166.573378064516,1.96999359746246,38.2826758943794,36.3126822969169,153.560274539601,73.8260702360229,0.738289010373589,0.364965120406597,12.8955165169789,12.8311808081141,8.09753962154908,159.554356694164,43.0420401472331,210.693936462946,268.486792755315,NaN,2.74086309204336e-16,0
1,3.81151148687215,0.155,0.3504,8.75,0.01526,763,7.63,0.01,1,762,1,0.909109697923758,181.988353414372,752.085425197408,200.183051429328,166.573378064516,2.07894213905331,34.7380602571413,32.659118118088,150.896326548907,69.7875247406197,0.737891133825956,0.364710392899303,11.589598937903,11.5240365166168,9.15311260213532,159.326761659661,45.5013907911637,213.98126505296,268.486792755315,NaN,2.74086309204336e-16,0
1,3.81151148687215,0.155,0.3504,8.75,0.01526,763,8.393,0.011,1.1,762,1,0.909109697923758,181.988353414372,750.941406548969,200.183051429328,166.573378064516,2.17770269873134,31.8474901980437,29.6697874993124,148.410841804273,66.4210813269606,0.737491825133948,0.36445495015492,10.5210918282282,10.4545241849438,10.2092679811199,159.098942512467,47.7959845777356,217.104195071322,268.486792755315,NaN,2.74086309204336e-16,0
1,3.81151148687215,0.155,0.3504,8.75,0.01526,763,9.156,0.012,1.2,762,1,0.909109697923758,181.988353414372,749.796754077741,200.183051429328,166.573378064516,2.26805167902039,29.4466834782735,27.1786317992531,146.076671216009,63.5661031280332,0.73709107569159,0.364198788292703,9.63064245129163,9.56323573129268,11.2660085038425,158.870898110319,49.950885483963,220.087792098125,268.486792755315,NaN,2.74086309204336e-16,0
1,3.81151148687215,0.155,0.3504,8.75,0.01526,763,9.919,0.013,1.3,762,1,0.909109697923758,181.988353414372,748.651464787547,200.183051429328,166.573378064516,2.35133810570119,27.4220254469047,25.0706873412035,143.872901049027,61.1100088623576,0.736688876818724,0.363941903400049,8.87716045014761,8.80904248318929,12.323336936367,158.642627301795,51.98540102187,222.951365260032,268.486792755315,NaN,2.74086309204336e-16,0
1,3.81151148687215,0.155,0.3504,8.75,0.01526,763,10.682,0.014,1.4,762,1,0.909109697923758,181.988353414372,747.505535659527,200.183051429328,166.573378064516,2.42861060356417,25.6924478149773,23.2638372114131,141.783015788542,58.9714512218376,0.73628521976016,0.363684291532143,8.23129556909003,8.16256681701027,13.3812560656967,158.414128926206,53.9147782766328,225.710163268536,268.486792755315,NaN,2.74086309204336e-16,0
1,3.81151148687215,0.155,0.3504,8.75,0.01526,763,11.445,0.015,1.5,762,1,0.909109697923758,181.988353414372,746.358963651902,200.183051429328,166.573378064516,2.5007004589027,24.1985627969858,21.6978623380831,139.793703300335,57.0901199380735,0.735880095684821,0.363425948711601,7.67152428656541,7.60226514169631,14.4397686999958,158.185401813502,55.751306979874,228.376477493372,268.486792755315,NaN,2.74086309204336e-16,0
1,3.81151148687215,0.155,0.3504,8.75,0.01526,763,12.208,0.016,1.6,762,1,0.909109697923758,181.988353414372,745.211745699731,200.183051429328,166.573378064516,2.56827781995537,22.8958762356936,20.3275984157383,137.894047463167,55.4203080549436,0.735473495684883,0.363166870928106,7.18170396074357,7.111979763573,15.498877668811,157.956444784163,57.5050648695574,230.960387322532,268.486792755315,NaN,2.74086309204336e-16,0
1,3.81151148687215,0.155,0.3504,8.75,0.01526,763,12.971,0.017,1.7,762,1,0.909109697923758,181.988353414372,744.063878714665,200.183051429328,166.573378064516,2.63189082947221,21.7503988622333,19.1185080327611,136.074964950133,53.9267118644772,0.735065410774884,0.362907054138043,6.74949021782795,6.67935479888197,16.5585858232979,157.727256649096,59.1844376521426,233.470280124536,268.486792755315,NaN,2.74086309204336e-16,0
1,3.81151148687215,0.155,0.3504,8.75,0.01526,763,13.734,0.018,1.8,762,1,0.909109697923758,181.988353414372,742.915359584704,200.183051429328,166.573378064516,2.69199355496129,20.7357223113761,18.0437287564148,134.328801567667,52.5816073153783,0.734655831890846,0.362646494264121,6.36528187759576,6.29478011546822,17.6188960364497,157.497836209526,60.7964916614841,235.91322390746,268.486792755315,NaN,2.74086309204336e-16,0
1,3.81151148687215,0.155,0.3504,8.75,0.01526,763,14.497,0.019,1.9,762,1,0.909109697923758,181.988353414372,741.766185173939,200.183051429328,166.573378064516,2.74896635731722,19.8310197588601,17.0820534015429,132.649036158686,51.3629026214251,0.734244749889359,0.362385187195,6.02149906034644,5.95066876656622,18.6798112033283,157.268182256895,62.3472472147689,238.295240674992,268.486792755315,NaN,2.74086309204336e-16,0
1,3.81151148687215,0.155,0.3504,8.75,0.01526,763,15.26,0.02,2,762,1,0.909109697923758,181.988353414372,740.616352322304,200.183051429328,166.573378064516,2.80313102876432,19.0196472474227,16.2165162186584,131.03005898606,50.2527646472879,0.733832155546669,0.3621231287849,5.71207786176547,5.64095119445009,19.7413342413008,157.038293572742,63.8418832083829,240.621511022426,268.486792755315,NaN,2.74086309204336e-16,0
1,3.92041181506849,0.155,0.3504,9,0.01526,763,1.526,0.002,0.2,762,1,0.909109697923758,176.933121375084,761.222808079911,194.622411111846,161.946339784946,0.414013090978633,162.029568371268,161.615555280289,179.998553991975,191.695149201355,0.748230779367083,0.371396773555065,58.4491768526032,59.1399510376131,0.717501789000917,160.845864417623,13.5007111813536,175.064077387978,275.315064813462,NaN,5.20417042793042e-17,0
1,3.92041181506849,0.155,0.3504,9,0.01526,763,2.289,0.003,0.3,762,1,0.909109697923758,176.933121375084,760.094951698052,194.622411111846,161.946339784946,0.811853391052312,108.485786415151,107.673933024099,172.06546879144,143.849268380933,0.74785719509105,0.371152713878208,38.914198913304,39.3493640737622,1.75873620073695,160.623760043419,20.8245171507078,183.207013394864,275.315064813462,NaN,5.20417042793042e-17,0
1,3.92041181506849,0.155,0.3504,9,0.01526,763,3.052,0.004,0.4,762,1,0.909109697923758,176.933121375084,758.96651902259,194.622411111846,161.946339784946,1.09469474938027,81.797691070473,80.7029963210927,166.466751842572,118.435510630517,0.747482308751784,0.370907994113543,29.1466364325093,29.4539908390996,2.80050264539907,160.40145286661,25.9932397314362,189.195195243445,275.315064813462,NaN,5.20417042793042e-17,0
1,3.92041181506849,0.155,0.3504,9,0.01526,763,3.815,0.005,0.5,762,1,0.909109697923758,176.933121375084,757.837507450326,194.622411111846,161.946339784946,1.31452511484973,65.8348584364655,64.5203333216158,161.938255336772,102.595352234218,0.747106112808963,0.370662610824465,23.286039882372,23.5167028926702,3.84280352625496,160.178941898868,30.1739372662542,194.195682691378,275.315064813462,NaN,5.20417042793042e-17,0
1,3.92041181506849,0.155,0.3504,9,0.01526,763,4.578,0.006,0.6,762,1,0.909109697923758,176.933121375084,756.707914359261,194.622411111846,161.946339784946,1.49450131805064,55.226308057063,53.7318067390123,158.060821405729,91.7086423312125,0.746728599659804,0.37041656054735,19.3789260854871,19.5584574199338,4.88564126392615,159.956226144294,33.7535753329211,198.595442741141,275.315064813462,NaN,5.20417042793042e-17,0
1,3.92041181506849,0.155,0.3504,9,0.01526,763,5.341,0.007,0.7,762,1,0.909109697923758,176.933121375084,755.577737108414,194.622411111846,161.946339784946,1.6469759276693,47.6726193751204,46.0256434474511,154.633223942056,83.7248843029207,0.746349761638384,0.370169839791268,16.5880879645642,16.731093213892,5.92901829656204,159.733304599333,36.9179254099002,202.580248305795,275.315064813462,NaN,5.20417042793042e-17,0
1,3.92041181506849,0.155,0.3504,9,0.01526,763,6.104,0.008,0.8,762,1,0.909109697923758,176.933121375084,754.446973037626,194.622411111846,161.946339784946,1.77932233516133,42.0252792165434,40.245956881382,151.540392298985,77.5940139558045,0.745969591014952,0.369922445037693,14.494921979845,14.6105296703693,6.97293708001477,159.510176252698,39.7732204530192,206.256333785732,275.315064813462,NaN,5.20417042793042e-17,0
1,3.92041181506849,0.155,0.3504,9,0.01526,763,6.867,0.009,0.9,762,1,0.909109697923758,176.933121375084,753.31561946737,194.622411111846,161.946339784946,1.89629653699087,37.6468843723453,35.7505878353544,148.709210774879,72.7214817215411,0.745588079995226,0.369674372740208,12.8668706082426,12.9611664531071,8.01740008801771,159.286840085285,42.3869607094801,209.691200882783,275.315064813462,NaN,5.20417042793042e-17,0
1,3.92041181506849,0.155,0.3504,9,0.01526,763,7.63,0.01,1,762,1,0.909109697923758,176.933121375084,752.183673698552,194.622411111846,161.946339784946,2.0011459011894,34.1553866851335,32.1542407839441,146.089795034809,68.74472308047,0.745205220719684,0.36942561932421,11.5643993349974,11.6416433598012,9.06240981236678,159.063295070093,44.8051992822933,212.930904164754,275.315064813462,NaN,5.20417042793042e-17,0
1,3.92041181506849,0.155,0.3504,9,0.01526,763,8.393,0.011,1.1,762,1,0.909109697923758,176.933121375084,751.051133012321,194.622411111846,161.946339784946,2.0961866496244,31.3079143131626,29.2117276635382,143.646311205722,65.4296557471753,0.744821005262853,0.369176181186601,10.4987134680651,10.5620038975735,10.1079687631013,158.839540172141,47.0610179204543,216.008526855696,275.315064813462,NaN,5.20417042793042e-17,0
1,3.92041181506849,0.155,0.3504,9,0.01526,763,9.156,0.012,1.2,762,1,0.909109697923758,176.933121375084,749.917994669858,194.622411111846,161.946339784946,2.18312900077818,28.9427187640054,26.7595897632272,141.35199154599,62.6181490635839,0.744435425632569,0.368926054695491,9.61061654531188,9.66227707070723,11.1540794686904,158.615574348377,49.1791285413283,218.948782358395,275.315064813462,NaN,5.20417042793042e-17,0
1,3.92041181506849,0.155,0.3504,9,0.01526,763,9.919,0.013,1.3,762,1,0.909109697923758,176.933121375084,748.784255912183,194.622411111846,161.946339784946,2.26327171891841,26.9479350772804,24.684663358362,139.186216221936,60.1993748581314,0.74404847376925,0.368675236189881,8.85912639992607,8.90094449712064,12.2007444762205,158.391396547598,51.1785673278312,221.77070835165,275.315064813462,NaN,5.20417042793042e-17,0
1,3.92041181506849,0.155,0.3504,9,0.01526,763,10.682,0.014,1.4,762,1,0.909109697923758,176.933121375084,747.64991395994,194.622411111846,161.946339784946,2.33762435918369,25.2437415746269,22.9061172154432,137.132701920651,58.0932502774009,0.74366014154514,0.36842372197935,8.21497005493957,8.24835018920827,13.247966351584,158.167005710363,53.0743669969051,224.489339058852,275.315064813462,NaN,5.20417042793042e-17,0
1,3.92041181506849,0.155,0.3504,9,0.01526,763,11.445,0.015,1.5,762,1,0.909109697923758,176.933121375084,746.514966013197,194.622411111846,161.946339784946,2.4069872354618,23.7716623305168,21.364675095055,135.178323759121,56.240400904708,0.743270420763552,0.368171508343737,7.65668065994041,7.68274642234619,14.2957476796734,157.942400768898,54.8786444102911,227.116792858862,275.315064813462,NaN,5.20417042793042e-17,0
1,3.92041181506849,0.155,0.3504,9,0.01526,763,12.208,0.016,1.6,762,1,0.909109697923758,176.933121375084,745.379409251229,194.622411111846,161.946339784946,2.47200552700222,22.4878853432001,20.0158798161979,133.312319236363,54.5958278712543,0.7428793031581,0.367918591532816,7.16815807651812,7.18782240270747,15.3440910645747,157.717580647013,56.6013354840854,229.663007195673,275.315064813462,NaN,5.20417042793042e-17,0
1,3.92041181506849,0.155,0.3504,9,0.01526,763,12.971,0.017,1.7,762,1,0.909109697923758,176.933121375084,744.243240832307,194.622411111846,161.946339784946,2.53320695304104,21.3589416627219,18.8257347096809,131.525732913006,53.1247735317373,0.74248678039192,0.367664967765971,6.73709043355181,6.75110516996643,16.3929991297661,157.492544260009,58.2507078592729,232.136251249048,275.315064813462,NaN,5.20417042793042e-17,0
1,3.92041181506849,0.155,0.3504,9,0.01526,763,13.734,0.018,1.8,762,1,0.909109697923758,176.933121375084,743.10645789348,194.622411111846,161.946339784946,2.59102866246533,20.3588265828478,17.7677979203825,129.811018412117,51.7999420107201,0.742092844056872,0.36741063323186,6.35390183073544,6.36289353243473,17.4424745183174,157.267290514583,59.8337283336405,234.543493366541,275.315064813462,NaN,5.20417042793042e-17,0
1,3.92041181506849,0.155,0.3504,9,0.01526,763,14.497,0.019,1.9,762,1,0.909109697923758,176.933121375084,741.969057550356,194.622411111846,161.946339784946,2.64583684357833,19.4670311418494,16.821194298271,128.161746476305,50.5995822145974,0.741697485672747,0.367155584088084,6.01103234625305,6.01552865425975,18.4925198930927,157.041818308741,61.3563323827904,236.890670584624,275.315064813462,NaN,5.20417042793042e-17,0
1,3.92041181506849,0.155,0.3504,9,0.01526,763,15.26,0.02,2,762,1,0.909109697923758,176.933121375084,740.831036896878,194.622411111846,161.946339784946,2.69794129805602,18.6671650201751,15.9692237221191,126.572386460886,49.5061356374151,0.741300696686447,0.366899816460837,5.70243404215123,5.70288346646338,19.5431379369565,156.816126531695,62.8236258851461,239.182890353797,275.315064813462,NaN,5.20417042793042e-17,0
1,4.02931214326484,0.155,0.3504,9.25,0.01526,763,1.526,0.002,0.2,762,1,0.909109697923758,172.151145121703,761.229953159113,189.362345946661,157.56941168265,0.399118686572159,159.521710598938,159.122591912365,174.942641375808,188.789279590449,0.755037652192151,0.375877444480967,58.2716071801948,59.6386178548815,0.710905468352629,160.535885649001,13.3122380187238,174.559029136077,281.907125031938,NaN,5.20417042793042e-17,0
1,4.02931214326484,0.155,0.3504,9.25,0.01526,763,2.289,0.003,0.3,762,1,0.909109697923758,172.151145121703,760.112487236044,189.362345946661,157.56941168265,0.782634720607378,106.797592751657,106.01495803105,167.12490928686,141.691115733112,0.754677525131082,0.375638756724417,38.7975899927096,39.6837501858156,1.74254743248683,160.31742542907,20.5295502613792,182.589523122936,281.907125031938,NaN,5.20417042793042e-17,0
1,4.02931214326484,0.155,0.3504,9.25,0.01526,763,3.052,0.004,0.4,762,1,0.909109697923758,172.151145121703,758.994475993482,189.362345946661,157.56941168265,1.05528226051907,80.5163058861938,79.4610236256748,161.609709196913,116.670912931153,0.754316161124318,0.375399435059134,29.0605115642413,29.7062390590419,2.77469283431963,160.098774536384,25.6211702704786,188.494637641182,281.907125031938,NaN,5.20417042793042e-17,0
1,4.02931214326484,0.155,0.3504,9.25,0.01526,763,3.815,0.005,0.5,762,1,0.909109697923758,172.151145121703,757.875917021049,189.362345946661,157.56941168265,1.26718191387114,64.7957504515868,63.5285685377157,157.150108764045,101.074619735865,0.753953553135089,0.375159476252774,23.2182084040582,23.7196703540017,3.80734389910675,159.87993206309,29.7382631095895,193.425539071786,281.907125031938,NaN,5.20417042793042e-17,0
1,4.02931214326484,0.155,0.3504,9.25,0.01526,763,4.578,0.006,0.6,762,1,0.909109697923758,172.151145121703,756.756807891357,189.362345946661,157.56941168265,1.44065874650948,54.3475114577735,52.906852711264,153.332661404544,90.3547346695942,0.753589694069477,0.374918877048135,19.3232926805901,19.7285726963338,4.84050286780702,159.66089709454,33.2625217116925,197.76392167404,281.907125031938,NaN,5.20417042793042e-17,0
1,4.02931214326484,0.155,0.3504,9.25,0.01526,763,5.341,0.007,0.7,762,1,0.909109697923758,172.151145121703,755.63714615984,189.362345946661,157.56941168265,1.58762163751956,46.9074663286512,45.3198446911316,149.958884231167,82.4928332449243,0.753224576775808,0.374677634162899,16.5411696077305,16.8777440677279,5.87417199723846,159.441668709225,36.37718502074,201.693025727204,281.907125031938,NaN,5.20417042793042e-17,0
1,4.02931214326484,0.155,0.3504,9.25,0.01526,763,6.104,0.008,0.8,762,1,0.909109697923758,172.151145121703,754.516929364587,189.362345946661,157.56941168265,1.71517913436873,41.3447078817442,39.6295287473755,146.915276078114,76.4552144157288,0.752858194044033,0.374435744289371,14.4545417914126,14.739583458388,6.90835356023139,159.222245978702,39.1870370513472,205.317636590281,281.907125031938,NaN,5.20417042793042e-17,0
1,4.02931214326484,0.155,0.3504,9.25,0.01526,763,6.867,0.009,0.9,762,1,0.909109697923758,172.151145121703,753.396155026171,189.362345946661,157.56941168265,1.82791640297302,37.0315903197795,35.2036739168065,144.129718978087,71.6565656084195,0.752490538605101,0.374193204094218,12.8315773451342,13.0765347511873,7.94304984578728,159.002627967523,41.7586569446746,208.704334757985,281.907125031938,NaN,5.20417042793042e-17,0
1,4.02931214326484,0.155,0.3504,9.25,0.01526,763,7.63,0.01,1,762,1,0.909109697923758,172.151145121703,752.274820647477,189.362345946661,157.56941168265,1.92896416879029,33.5919057883821,31.6629416195918,141.553009647516,67.7399404794441,0.75212160313033,0.373950010218195,11.5331771361674,11.7460642753294,8.97826315923652,158.782813733163,44.1374690586864,211.898545951086,281.907125031938,NaN,5.20417042793042e-17,0
1,4.02931214326484,0.155,0.3504,9.25,0.01526,763,8.393,0.011,1.1,762,1,0.909109697923758,172.151145121703,751.152923713526,189.362345946661,157.56941168265,2.02055545667078,30.7864900325637,28.7659345758929,139.149803676477,64.474875513224,0.751751380230756,0.373706159275879,10.4708235338364,10.6574687852859,10.0139958224018,158.562802325946,46.3561032711486,214.932901419496,281.907125031938,NaN,5.20417042793042e-17,0
1,4.02931214326484,0.155,0.3504,9.25,0.01526,763,9.156,0.012,1.2,762,1,0.909109697923758,172.151145121703,750.030461691302,189.362345946661,157.56941168265,2.10433905492603,28.4560603191099,26.3517212641839,136.893699126908,61.7056793974495,0.751379862456488,0.373461647855389,9.58550478365515,9.75027945026442,11.0502501737588,158.342592788971,48.4389337904165,217.831776753146,281.907125031938,NaN,5.20417042793042e-17,0
1,4.02931214326484,0.155,0.3504,9.25,0.01526,763,9.919,0.013,1.3,762,1,0.909109697923758,172.151145121703,748.907432029566,189.362345946661,157.56941168265,2.18156707654413,26.4904546291975,24.3088875526533,134.764358088415,59.3232301825714,0.751007042296045,0.373216472518115,8.83636659340261,8.98263323315373,12.0870285686046,158.122184158037,50.4047365284799,220.613949255122,281.907125031938,NaN,5.20417042793042e-17,0
1,4.02931214326484,0.155,0.3504,9.25,0.01526,763,10.682,0.014,1.4,762,1,0.909109697923758,172.151145121703,747.78383215868,189.362345946661,157.56941168265,2.25321281338913,24.8110647305375,22.5578519171484,132.745719987903,57.2486755779982,0.750632912175687,0.372970629798426,8.19422732516482,8.3246279642059,13.1243333792224,157.901575461569,52.2683385693983,223.294247410189,281.907125031938,NaN,5.20417042793042e-17,0
1,4.02931214326484,0.155,0.3504,9.25,0.01526,763,11.445,0.015,1.5,762,1,0.909109697923758,172.151145121703,746.659659490423,189.362345946661,157.56941168265,2.32004783173608,23.360302403677,21.0402545719409,130.824839564402,55.4235518867463,0.750257464458736,0.372724116203394,7.63768711056043,7.75433538524599,14.1621669950536,157.680765720533,54.0416909482563,225.884623663843,281.907125031938,NaN,5.20417042793042e-17,0
1,4.02931214326484,0.155,0.3504,9.25,0.01526,763,12.208,0.016,1.6,762,1,0.909109697923758,172.151145121703,745.534911417802,189.362345946661,157.56941168265,2.38269413544361,22.0950198118993,19.7123256764557,128.991101679223,53.8035492796781,0.749880691444891,0.372476928212495,7.15069604775658,7.25530930230297,15.2005318228672,157.459753948369,55.7345935366213,228.394879307857,281.907125031938,NaN,5.20417042793042e-17,0
1,4.02931214326484,0.155,0.3504,9.25,0.01526,763,12.971,0.017,1.7,762,1,0.909109697923758,172.151145121703,744.409585314864,189.362345946661,157.56941168265,2.44166048735478,20.9822546622737,18.5405941749189,127.235673571635,52.354441462736,0.749502585369528,0.372229062277322,6.72098068189082,6.81497321378265,16.2394302869365,157.238539150901,57.3552007188383,230.833170156676,281.907125031938,NaN,5.20417042793042e-17,0
1,4.02931214326484,0.155,0.3504,9.25,0.01526,763,13.734,0.018,1.8,762,1,0.909109697923758,172.151145121703,743.283678536508,189.362345946661,157.56941168265,2.49736833311902,19.996395355908,17.499027022789,125.551112290633,51.0493491852005,0.749123138402996,0.371980514821282,6.33899499201902,6.42354539591625,17.2788648292132,157.017120326265,58.9103838101165,233.206368965595,281.907125031938,NaN,5.20417042793042e-17,0
1,4.02931214326484,0.155,0.3504,9.25,0.01526,763,14.497,0.019,1.9,762,1,0.909109697923758,172.151145121703,742.157188418288,189.362345946661,157.56941168265,2.5501707065998,19.1172425219681,16.5670718153683,123.931076736599,49.8668528437589,0.748742342649901,0.371731282239298,5.99720264534281,6.07330343490944,18.3188379095069,156.79549646482,60.4059968990069,235.520331273334,281.907125031938,NaN,5.20417042793042e-17,0
1,4.02931214326484,0.155,0.3504,9.25,0.01526,763,15.26,0.02,2,762,1,0.909109697923758,172.151145121703,741.030112276221,189.362345946661,157.56941168265,2.6003662803532,18.3286529081835,15.7282866278303,122.370112137356,48.7896611356994,0.748360190148377,0.371481360897504,5.68957457516879,5.75806939944664,19.3593520056661,156.573666549073,61.847075818607,237.780094373346,281.907125031938,NaN,5.20417042793042e-17,0
1,4.13821247146119,0.155,0.3504,9.5,0.01526,763,1.526,0.002,0.2,762,1,0.909109697923758,167.620851829027,761.236601962289,184.379126316486,153.422848217317,0.385258776960987,157.084873719149,156.699614942188,170.15546073966,185.970249108167,0.761486113015502,0.380183266909694,58.0694756059411,60.0782436630896,0.70476730858851,160.214540873917,13.1312552713577,174.050563453863,288.274719812554,NaN,2.74086309204336e-16,0
1,4.13821247146119,0.155,0.3504,9.5,0.01526,763,2.289,0.003,0.3,762,1,0.909109697923758,167.620851829027,760.128804163183,184.379126316486,153.422848217317,0.755446318814632,105.157847258956,104.402400940141,162.44849515854,139.600093047321,0.761138507244467,0.379949597005071,38.6644896370839,39.9786828684203,1.72748368296659,159.999450393251,20.2463081293314,181.973242205549,288.274719812554,NaN,2.74086309204336e-16,0
1,4.13821247146119,0.155,0.3504,9.5,0.01526,763,3.052,0.004,0.4,762,1,0.909109697923758,167.620851829027,759.020489096333,184.379126316486,153.422848217317,1.01860943909598,79.2722931639805,78.2536837248845,157.013489384173,114.962901149183,0.760789723785898,0.379715317049128,28.9619301665566,29.928827497121,2.750677597735,159.784180139827,25.2638929311557,187.798750668718,288.274719812554,NaN,2.74086309204336e-16,0
1,4.13821247146119,0.155,0.3504,9.5,0.01526,763,3.815,0.005,0.5,762,1,0.909109697923758,167.620851829027,757.91165452156,184.379126316486,153.422848217317,1.22313087896266,63.7874956693538,62.5643647903911,152.620042635224,99.6038959360485,0.760439756051104,0.379480423991443,23.140341075524,23.8988541076508,3.77435112101965,159.568729276235,29.3199128417727,192.662993239027,288.274719812554,NaN,2.74086309204336e-16,0
1,4.13821247146119,0.155,0.3504,9.5,0.01526,763,4.578,0.006,0.6,762,1,0.909109697923758,167.620851829027,756.802298183216,184.379126316486,153.422848217317,1.39056161125338,53.4953062431549,52.1047446319015,148.860192765354,89.046320245457,0.760088597398867,0.379244914758616,19.2592369898269,19.8788215520302,4.7985063352295,159.353096958939,32.7909975742264,196.942600868395,288.274719812554,NaN,2.74086309204336e-16,0
1,4.13821247146119,0.155,0.3504,9.5,0.01526,763,5.341,0.007,0.7,762,1,0.909109697923758,167.620851829027,755.692417810033,184.379126316486,153.422848217317,1.5323975894464,46.1659210487259,44.6335234592795,145.538091167451,81.3029706255255,0.759736241134897,0.379008786254038,16.4869813194895,17.0073264804347,5.82314533719545,159.137282338213,35.8579541111215,200.81838178653,288.274719812554,NaN,2.74086309204336e-16,0
1,4.13821247146119,0.155,0.3504,9.5,0.01526,763,6.104,0.008,0.8,762,1,0.909109697923758,167.620851829027,754.582011114972,184.379126316486,153.422848217317,1.65550088050002,40.6855522558506,39.0300513753506,142.541743838944,75.3560719070173,0.759382680511274,0.378772035357656,14.4077557685964,14.8536672173439,6.84827023830612,158.921284558083,38.6241750574555,204.393729853845,288.274719812554,NaN,2.74086309204336e-16,0
1,4.13821247146119,0.155,0.3504,9.5,0.01526,763,6.867,0.009,0.9,762,1,0.909109697923758,167.620851829027,753.471075795073,184.379126316486,153.422848217317,1.76429766470659,36.4360427667222,34.6717451020156,139.799990937306,70.6293004701659,0.759027908725884,0.378534658925732,12.7905501719181,13.178565053591,7.87388316464832,158.705102756259,41.1553550158104,207.734340936718,288.274719812554,NaN,2.74086309204336e-16,0
1,4.13821247146119,0.155,0.3504,9.5,0.01526,763,7.63,0.01,1,762,1,0.909109697923758,167.620851829027,752.359609531302,184.379126316486,153.422848217317,1.86181011267629,33.0468647833712,31.1850546706949,137.264283197266,66.7711767237925,0.758671918921848,0.378296653790602,11.4967584295612,11.8384527631818,8.89998625714942,158.488736064076,43.4963145559637,210.885036877189,288.274719812554,NaN,2.74086309204336e-16,0
1,4.13821247146119,0.155,0.3504,9.5,0.01526,763,8.393,0.011,1.1,762,1,0.909109697923758,167.620851829027,751.247609988394,184.379126316486,153.422848217317,1.95019382097395,30.2824602844136,28.3322664634397,134.899746246817,63.5547580969398,0.758314704186944,0.37805801676043,10.4381766590816,10.7419693836683,9.92658167172038,158.272183606423,45.679249617759,213.878014895903,288.274719812554,NaN,2.74086309204336e-16,0
1,4.13821247146119,0.155,0.3504,9.5,0.01526,763,9.156,0.012,1.2,762,1,0.909109697923758,167.620851829027,750.135074814697,184.379126316486,153.422848217317,2.0310404072388,27.9859451407262,25.9549047334874,132.68032943623,60.8267265174264,0.757956257553018,0.377818744618961,9.55600227154164,9.82820760633409,10.9536715794003,158.055444501688,47.7282101009725,216.73732618206,288.274719812554,NaN,2.74086309204336e-16,0
1,4.13821247146119,0.155,0.3504,9.5,0.01526,763,9.919,0.013,1.3,762,1,0.909109697923758,167.620851829027,749.022001642015,184.379126316486,153.422848217317,2.10555856796391,26.0488140689089,23.943255500945,130.585965593351,58.4796199218308,0.757596571995393,0.377578834125268,8.80952578169446,9.05500083244908,11.9812581665039,157.838517861679,49.6617219726765,219.481498000859,288.274719812554,NaN,2.74086309204336e-16,0
1,4.13821247146119,0.155,0.3504,9.5,0.01526,763,10.682,0.014,1.4,762,1,0.909109697923758,167.620851829027,747.908388085441,184.379126316486,153.422848217317,2.17468784625809,24.3936394822949,22.2189516360368,128.600808049318,56.4357831026984,0.757235640432269,0.377338282013497,8.16966898523183,8.3922300625572,13.00934363477,157.621402791568,51.4944148410341,222.125161267372,288.274719812554,NaN,2.74086309204336e-16,0
1,4.13821247146119,0.155,0.3504,9.5,0.01526,763,11.445,0.015,1.5,762,1,0.909109697923758,167.620851829027,746.7942317432,184.379126316486,153.422848217317,2.23917305419568,22.9636969632482,20.7245239090525,126.71208404115,54.6376382651405,0.756873455724105,0.377097084992611,7.61510786513318,7.81780803004931,14.0379302015127,157.404098389816,53.2380804913859,224.680109082715,288.274719812554,NaN,2.74086309204336e-16,0
1,4.13821247146119,0.155,0.3504,9.5,0.01526,763,12.208,0.016,1.6,762,1,0.909109697923758,167.620851829027,745.679530196482,184.379126316486,153.422848217317,2.29961462730041,21.7164850238654,19.416870396565,124.909319948796,53.0415458162029,0.75651001067301,0.376855239746126,7.12984940813348,7.31516928464617,15.067020099773,157.186603748108,54.9023881456167,227.156011993498,288.274719812554,NaN,2.74086309204336e-16,0
1,4.13821247146119,0.155,0.3504,9.5,0.01526,763,12.971,0.017,1.7,762,1,0.909109697923758,167.620851829027,744.564281009269,184.379126316486,153.422848217317,2.35650368654985,20.6195344896499,18.2630308031,123.183800826129,51.6137962944142,0.756145298022111,0.376612742931845,6.70166366243778,6.87164612876976,16.0966155784743,156.968917951281,56.4953834219027,229.560916951658,288.274719812554,NaN,2.74086309204336e-16,0
1,4.13821247146119,0.155,0.3504,9.5,0.01526,763,13.734,0.018,1.8,762,1,0.909109697923758,167.620851829027,743.448481728178,184.379126316486,153.422848217317,2.41024706332322,19.6476164055731,17.2373693422499,121.528183048035,50.3279156769657,0.755779310454923,0.376369591181596,6.32103844286415,6.47738590845748,17.1267189025767,156.751040077253,58.0238459380188,231.901604917848,288.274719812554,NaN,2.74086309204336e-16,0
1,4.13821247146119,0.155,0.3504,9.5,0.01526,763,14.497,0.019,1.9,762,1,0.909109697923758,167.620851829027,742.332129882276,184.379126316486,153.422848217317,2.461185549289,18.7808327835658,16.3196472342768,119.936210178461,49.162806773625,0.7554120405947,0.37612578110095,5.98046412909932,6.12461021240865,18.1573323532379,156.532969196954,59.4935516213071,234.183853171499,288.274719812554,NaN,2.74086309204336e-16,0
1,4.13821247146119,0.155,0.3504,9.5,0.01526,763,15.26,0.02,2,762,1,0.909109697923758,167.620851829027,741.215222982916,184.379126316486,153.422848217317,2.50960745970179,18.0032809141371,15.4936734544353,118.402500310959,48.1014381613543,0.755043481003788,0.375881309268953,5.67393302447763,5.8070963113171,19.1884582279727,156.314704374251,60.9094690353938,236.412631637618,288.274719812554,NaN,2.74086309204336e-16,0
1,4.24711279965753,0.155,0.3504,9.75,0.01526,763,1.526,0.002,0.2,762,1,0.909109697923758,163.322881269308,761.242804460676,179.651456410935,149.488929032258,0.372329199182157,154.71744194961,154.345112750428,165.616239792473,183.235421313184,0.767603747254542,0.384325787713432,57.8462341500854,60.4639744377089,0.699041176375564,159.884455693128,12.9572796274188,173.540776496923,294.428914941196,NaN,2.74086309204336e-16,0
1,4.24711279965753,0.155,0.3504,9.75,0.01526,763,2.289,0.003,0.3,762,1,0.909109697923758,163.322881269308,760.144025253598,179.651456410935,149.488929032258,0.730083664186736,103.56536470672,102.835281042533,158.015750087968,137.573809615309,0.76726782121706,0.384096817217143,38.5172103878774,40.237599026546,1.71343160738403,159.672490145626,19.974034201556,181.359955954566,294.428914941196,NaN,2.74086309204336e-16,0
1,4.24711279965753,0.155,0.3504,9.75,0.01526,763,3.052,0.004,0.4,762,1,0.909109697923758,163.322881269308,759.044754285433,179.651456410935,149.488929032258,0.984400185554361,78.0646616715615,77.0802614860071,152.657830509863,113.309244210889,0.766930771621434,0.38386725849561,28.8526350818306,30.1243385344824,2.72827603109501,159.460354663223,24.9204532046944,187.109083899012,294.428914941196,NaN,2.74086309204336e-16,0
1,4.24711279965753,0.155,0.3504,9.75,0.01526,763,3.815,0.005,0.5,762,1,0.909109697923758,163.322881269308,757.944989467044,179.651456410935,149.488929032258,1.18204009992144,62.8092064901772,61.6271663902557,148.327972056093,98.1810570737317,0.766592592279685,0.383637108661262,23.0538389522401,24.0563238296668,3.74357637619409,159.24804847053,28.9177685477892,191.909393394513,294.428914941196,NaN,2.74086309204336e-16,0
1,4.24711279965753,0.155,0.3504,9.75,0.01526,763,4.578,0.006,0.6,762,1,0.909109697923758,163.322881269308,756.844728695157,179.651456410935,149.488929032258,1.34383216247738,52.6688653517446,51.3250331892673,144.623484805834,87.78135214249,0.766253276955358,0.383406364805203,19.1879322380883,20.0109318673883,4.75933458441901,159.035570786603,32.3377426374429,196.132648008465,294.428914941196,NaN,2.74086309204336e-16,0
1,4.24711279965753,0.155,0.3504,9.75,0.01526,763,5.341,0.007,0.7,762,1,0.909109697923758,163.322881269308,755.743969852227,179.651456410935,149.488929032258,1.48088707309841,45.4471935685584,43.96630649546,141.351052520269,80.1533072883375,0.765912819363023,0.383175023996994,16.4265336122595,17.1213241992571,5.77555261068244,158.82292082489,35.3588445796871,199.95731801526,294.428914941196,NaN,2.74086309204336e-16,0
1,4.24711279965753,0.155,0.3504,9.75,0.01526,763,6.104,0.008,0.8,762,1,0.909109697923758,163.322881269308,754.642710806306,179.651456410935,149.488929032258,1.59983693605112,40.0470455491959,38.4472086131448,138.400130062572,74.2946422890011,0.765571213167775,0.382943083284447,14.3554524103433,14.9540816004999,6.79223242319482,158.610097793176,38.0831293900062,203.485459606377,294.428914941196,NaN,2.74086309204336e-16,0
1,4.24711279965753,0.155,0.3504,9.75,0.01526,763,6.867,0.009,0.9,762,1,0.909109697923758,163.322881269308,753.540949410903,179.651456410935,149.488929032258,1.70495960042096,35.8594893100994,34.1545297096785,135.700478660621,69.6377782309163,0.765228451984716,0.382710539693399,12.7445827069029,13.2684156123912,7.8093760035907,158.397100893524,40.5754413409036,206.781918238018,294.428914941196,NaN,2.74086309204336e-16,0
1,4.24711279965753,0.155,0.3504,9.75,0.01526,763,7.63,0.01,1,762,1,0.909109697923758,163.322881269308,752.438683504851,179.651456410935,149.488929032258,1.79917595680893,32.5195198407343,30.7203438839254,133.204177778235,65.8365532598689,0.764884529378448,0.382477390227497,11.455860945982,11.9198531592263,8.82698534705436,158.183929322222,42.8800205609138,209.89093523019,294.428914941196,NaN,2.74086309204336e-16,0
1,4.24711279965753,0.155,0.3504,9.75,0.01526,763,8.393,0.011,1.1,762,1,0.909109697923758,163.322881269308,751.335910912168,179.651456410935,149.488929032258,1.88456936241202,29.7950858325152,27.9105164701032,130.876804909156,62.6674495289798,0.764539438862539,0.382243631867976,10.4014285004259,10.8164568287633,9.84506246244779,157.970582269726,45.0286458284616,212.844290560636,294.428914941196,NaN,2.74086309204336e-16,0
1,4.24711279965753,0.155,0.3504,9.75,0.01526,763,9.156,0.012,1.2,762,1,0.909109697923758,163.322881269308,750.232629441915,179.651456410935,149.488929032258,1.9626780955678,27.5316357852734,25.5689576897056,128.692647113037,59.9794572127875,0.764193173899002,0.382009261573429,9.52271295154231,9.89693501244401,10.8636093724411,157.757058920599,47.0450552707985,215.665723563838,294.428914941196,NaN,2.74086309204336e-16,0
1,4.24711279965753,0.155,0.3504,9.75,0.01526,763,9.919,0.013,1.3,762,1,0.909109697923758,163.322881269308,749.128836888053,179.651456410935,149.488929032258,2.03467034592096,25.6222757330741,23.5876053871531,126.631897492379,57.6667285945822,0.763845727897749,0.381774276279582,8.7791641627646,9.11885505782059,11.8826281136438,157.543358453454,48.9475345700379,218.373521137135,294.428914941196,NaN,2.74086309204336e-16,0
1,4.24711279965753,0.155,0.3504,9.75,0.01526,763,10.682,0.014,1.4,762,1,0.909109697923758,163.322881269308,748.024531029302,179.651456410935,149.488929032258,2.10145416959702,23.9907264769044,21.8892723073074,124.678915016866,55.6527726566456,0.763497094216053,0.381538672899062,8.14181775031657,8.45190792708521,12.9021207367371,157.329480040895,50.7505234893102,220.982124266942,294.428914941196,NaN,2.74086309204336e-16,0
1,4.24711279965753,0.155,0.3504,9.75,0.01526,763,11.445,0.015,1.5,762,1,0.909109697923758,163.322881269308,746.919709628992,179.651456410935,149.488929032258,2.16374941750834,22.5811038794878,20.4173544619794,122.821092756934,53.8808731302321,0.763147266157994,0.381302448321162,7.58943316561117,7.87386699218765,13.9220893066086,157.115422849456,52.465660716927,223.503172872991,294.428914941196,NaN,2.74086309204336e-16,0
1,4.24711279965753,0.155,0.3504,9.75,0.01526,763,12.208,0.016,1.6,762,1,0.909109697923758,163.322881269308,745.814370434919,179.651456410935,149.488929032258,2.2221364023573,21.3515352613552,19.1293988589979,121.048093144412,52.308042194602,0.7627962369739,0.381065599411601,7.10607999674972,7.36806228178381,14.9425359024889,156.901186039541,54.1024898719914,225.946211814021,294.428914941196,NaN,2.74086309204336e-16,0
1,4.24711279965753,0.155,0.3504,9.75,0.01526,763,12.971,0.017,1.7,762,1,0.909109697923758,163.322881269308,744.708511179192,179.651456410935,149.488929032258,2.27708978564167,20.2700312301881,17.9929414445465,119.351314497438,50.9010729677377,0.762443999859784,0.38082812301229,6.67957616360958,6.92174617043773,15.9634626180887,156.686768765361,55.6689520073718,228.319183390821,294.428914941196,NaN,2.74086309204336e-16,0
1,4.24711279965753,0.155,0.3504,9.75,0.01526,763,13.734,0.018,1.8,762,1,0.909109697923758,163.322881269308,743.602129578086,179.651456410935,149.488929032258,2.32900276396583,19.3117351620215,16.9827323980556,117.723508681173,49.6338854687911,0.762090547956766,0.380590015941084,6.30044671456916,6.52500383808952,16.9848715617393,156.472170174872,57.1717385844406,230.628780321052,294.428914941196,NaN,2.74086309204336e-16,0
1,4.24711279965753,0.155,0.3504,9.75,0.01526,763,14.497,0.019,1.9,762,1,0.909109697923758,163.322881269308,742.495223331884,179.651456410935,149.488929032258,2.37820470733737,18.4570423570976,16.0788376497603,116.158500654267,48.4856960131145,0.761735874350496,0.380351274991534,5.96121142426718,6.1700077949545,18.0067648565322,156.257389409713,58.6165503871384,232.880704653384,294.428914941196,NaN,2.74086309204336e-16,0
1,4.24711279965753,0.155,0.3504,9.75,0.01526,763,15.26,0.02,2,762,1,0.909109697923758,163.322881269308,741.387790124727,179.651456410935,149.488929032258,2.42497426793041,17.6902842109199,15.2653099429895,114.650978563123,47.4397258720192,0.761379972070565,0.380111896932642,5.65588611203407,5.85049604895251,19.0291446404644,156.04242560514,60.0082913064614,235.079861552065,294.428914941196,NaN,2.74086309204336e-16,0
1,4.35601312785388,0.155,0.3504,10,0.01526,763,1.526,0.002,0.2,762,1,0.909109697923758,159.239809237576,761.248604134197,175.160170000662,145.751705806452,0.360239320768623,152.417608104118,152.057368783349,161.306289722028,180.582058241729,0.773415379851331,0.388315495638908,57.6048876627541,60.8004719558768,0.693686931150926,159.547832020601,12.7898703365159,173.031389288268,300.380128899381,NaN,2.74086309204336e-16,0
1,4.35601312785388,0.155,0.3504,10,0.01526,763,2.289,0.003,0.3,762,1,0.909109697923758,159.239809237576,760.158257323424,175.160170000662,145.751705806452,0.70636881498624,102.018845961008,101.312477146022,153.808255170506,135.609866984111,0.773090374083691,0.388090937045456,38.3577652870277,40.4636122471015,1.70029259332953,159.338772125349,19.7120385496035,180.751103268282,300.380128899381,NaN,2.74086309204336e-16,0
1,4.35601312785388,0.155,0.3504,10,0.01526,763,3.052,0.004,0.4,762,1,0.909109697923758,159.239809237576,759.067442029987,175.160170000662,145.751705806452,0.952414298343017,76.8923477961221,75.9399334977791,148.524509209228,111.707747849243,0.772764294375259,0.387865810266268,28.7341434820425,30.2951116732375,2.70733075762389,159.12955121055,24.5899806406771,186.426862608851,300.380128899381,NaN,2.74086309204336e-16,0
1,4.35601312785388,0.155,0.3504,10,0.01526,763,3.815,0.005,0.5,762,1,0.909109697923758,159.239809237576,757.976156299451,175.160170000662,145.751705806452,1.14362083891651,61.8599495144281,60.7163286755115,144.255835073257,96.8040424532782,0.77243713489807,0.387640112560247,22.9599217117533,24.1939545795868,3.71480322836317,158.92016855571,28.5308107626257,191.165782546699,300.380128899381,NaN,2.74086309204336e-16,0
1,4.35601312785388,0.155,0.3504,10,0.01526,763,4.578,0.006,0.6,762,1,0.909109697923758,159.239809237576,756.884398164408,175.160170000662,145.751705806452,1.30014180471504,51.8673347606497,50.5671929559347,140.60461620204,86.5578639146422,0.772108889779249,0.38741384116642,19.1103997964484,20.1264690805255,4.72271182185464,158.710623435275,31.9016076075447,195.334942864675,300.380128899381,NaN,2.74086309204336e-16,0
1,4.35601312785388,0.155,0.3504,10,0.01526,763,5.341,0.007,0.7,762,1,0.909109697923758,159.239809237576,755.792165644355,175.160170000662,145.751705806452,1.43272762290225,44.750481221454,43.3177535985517,137.379973222524,79.0419469911427,0.771779553100558,0.387186993303747,16.3607062296463,17.2210815101605,5.73105836649426,158.500915118586,34.8785905726113,199.110564057691,300.380128899381,NaN,2.74086309204336e-16,0
1,4.35601312785388,0.155,0.3504,10,0.01526,763,6.104,0.008,0.8,762,1,0.909109697923758,159.239809237576,754.699456745573,175.160170000662,145.751705806452,1.5477953464976,39.4284195778924,37.8806242313948,134.472755232384,73.2690837199037,0.771449118897934,0.386959566170926,14.29840525732,15.0420050349941,6.73984470287695,158.291042869825,37.5625275192315,202.593415091933,300.380128899381,NaN,2.74086309204336e-16,0
1,4.35601312785388,0.155,0.3504,10,0.01526,763,6.867,0.009,0.9,762,1,0.909109697923758,159.239809237576,753.606269461012,175.160170000662,145.751705806452,1.64948411163831,35.3011854245761,33.6517013129378,131.813609805764,68.6802004787661,0.771117581161027,0.386731556946191,12.6943659043049,13.3471358581454,7.74907268390941,158.08100594797,40.0174444470803,205.84752307896,300.380128899381,NaN,2.74086309204336e-16,0
1,4.35601312785388,0.155,0.3504,10,0.01526,763,7.63,0.01,1,762,1,0.909109697923758,159.239809237576,752.512601770157,175.160170000662,145.751705806452,1.74062009626042,32.0091428131222,30.2685227168618,129.355221436648,64.9343071595974,0.770784933832729,0.386502962787113,11.4111095848618,11.9912117010384,8.75874417492467,157.870803606743,42.2870229222371,208.916570703904,300.380128899381,NaN,2.74086309204336e-16,0
1,4.35601312785388,0.155,0.3504,10,0.01526,763,8.393,0.011,1.1,762,1,0.909109697923758,159.239809237576,751.418451638911,175.160170000662,145.751705806452,1.82321910247159,29.3236498276015,27.5004307251299,127.063602455071,61.8112164120842,0.7704511708087,0.386273780830396,10.3611499256604,10.8817929314427,9.76886105379614,157.660435094556,44.4026402832646,211.831936431617,300.380128899381,NaN,2.74086309204336e-16,0
1,4.35601312785388,0.155,0.3504,10,0.01526,763,9.156,0.012,1.2,762,1,0.909109697923758,159.239809237576,750.323817019468,175.160170000662,145.751705806452,1.89876952806049,27.0924230525852,25.1936535245247,124.91336490497,59.1621630331999,0.770116285936881,0.386044008191671,9.48616267727066,9.95725312749309,10.7794252110549,157.449899654464,46.387734632673,214.617059498192,300.380128899381,NaN,2.74086309204336e-16,0
1,4.35601312785388,0.155,0.3504,10,0.01526,763,9.919,0.013,1.3,762,1,0.909109697923758,159.239809237576,749.228695850181,175.160170000662,145.751705806452,1.96840168248929,25.2101353872726,23.2417337047833,122.884952357841,56.8828690867549,0.769780273017008,0.38581364196529,8.74576951265805,9.17492784293168,11.7904385500077,157.239196524111,48.2603604201756,217.289995494294,300.380128899381,NaN,2.74086309204336e-16,0
1,4.35601312785388,0.155,0.3504,10,0.01526,763,10.682,0.014,1.4,762,1,0.909109697923758,159.239809237576,748.133086055437,175.160170000662,145.751705806452,2.03299417669707,23.601624434229,21.5686302575319,120.962921675944,54.8979755631659,0.76944312580012,0.385582679224108,8.11112876918109,8.50434247295971,12.801902986856,157.028324935673,50.0347747149325,219.865002637462,300.380128899381,NaN,2.74086309204336e-16,0
1,4.35601312785388,0.155,0.3504,10,0.01526,763,11.445,0.015,1.5,762,1,0.909109697923758,159.239809237576,747.036985545524,175.160170000662,145.751705806452,2.09324351908195,22.2118232947283,20.1185797756463,119.134825517596,53.1516038772357,0.769104837988051,0.385351117019276,7.56108989378959,7.92314897374917,13.8138204508168,156.817284115813,51.7224688740931,222.353573440723,300.380128899381,NaN,2.74086309204336e-16,0
1,4.35601312785388,0.155,0.3504,10,0.01526,763,12.208,0.016,1.6,762,1,0.909109697923758,159.239809237576,745.940392216501,175.160170000662,145.751705806452,2.1497112044438,20.9994709072958,18.849759702852,117.390457243453,51.601399924458,0.768765403232931,0.385118952380022,7.07978997127362,7.41458631213728,14.8261928842448,156.606073285618,53.3328656435692,224.765131813432,300.380128899381,NaN,2.74086309204336e-16,0
1,4.35601312785388,0.155,0.3504,10,0.01526,763,12.971,0.017,1.7,762,1,0.909109697923758,159.239809237576,744.843303950058,175.160170000662,145.751705806452,2.20285650218075,19.9330445856459,17.7301880834652,115.72132417166,50.214645466876,0.768424815136665,0.384886182313432,6.65509853665976,6.96583722719357,15.839022242757,156.394691660549,54.8738054476721,227.107519350979,300.380128899381,NaN,2.74086309204336e-16,0
1,4.35601312785388,0.155,0.3504,10,0.01526,763,13.734,0.018,1.8,762,1,0.909109697923758,159.239809237576,743.745718613389,175.160170000662,145.751705806452,2.25305985834274,18.9880499205633,16.7349900622206,114.120270063181,48.9656436310233,0.768083067250417,0.384652803804226,6.27758078347533,6.56693273793128,16.8523104953565,156.183138450385,56.3518949097824,229.387343855524,300.380128899381,NaN,2.74086309204336e-16,0
1,4.35601312785388,0.155,0.3504,10,0.01526,763,14.497,0.019,1.9,762,1,0.909109697923758,159.239809237576,742.647634059048,175.160170000662,145.751705806452,2.30063996199449,18.1451675566736,15.8445275946791,112.581198208008,47.8339155319639,0.767740153074079,0.384418813814536,5.93978817992912,6.21000259595189,17.8660596245598,155.971412859164,57.7727624985259,231.61023498225,300.380128899381,NaN,2.74086309204336e-16,0
1,4.35601312785388,0.155,0.3504,10,0.01526,763,15.26,0.02,2,762,1,0.909109697923758,159.239809237576,741.549048124813,175.160170000662,145.751705806452,2.3458664289182,17.3889566734317,15.0430902445135,111.098864169348,46.8029281137669,0.767396066055742,0.384184209283677,5.63576190023776,5.88875060229639,18.8802716265256,155.759514085129,59.1412498658605,233.781035577515,300.380128899381,NaN,2.74086309204336e-16,0
1,4.46491345605023,0.155,0.3504,10.25,0.01526,763,1.526,0.002,0.2,762,1,0.909109697923758,155.355911451293,761.254038992367,170.887970732353,142.196786152636,0.348909911818186,150.183438828736,149.834528916918,157.208750581742,178.007375716677,0.778943412212668,0.39216194412681,57.3480565896694,61.0919629701257,0.688669482616675,159.206518933178,12.6286245089614,172.523812924756,306.138167537913,NaN,2.74086309204336e-16,0
1,4.46491345605023,0.155,0.3504,10.25,0.01526,763,2.289,0.003,0.3,762,1,0.909109697923758,155.355911451293,760.171593742144,170.887970732353,142.196786152636,0.684146226914719,100.516919369244,99.8327731423292,149.809397181037,133.705888616098,0.778628639001658,0.391941536931353,38.1879099288864,40.6595456291648,1.68798044231109,159.000167527623,19.4596905110999,180.147838481034,306.138167537913,NaN,2.74086309204336e-16,0
1,4.46491345605023,0.155,0.3504,10.25,0.01526,763,3.052,0.004,0.4,762,1,0.909109697923758,155.355911451293,759.088701327266,170.887970732353,142.196786152636,0.922441822756774,75.7542445661482,74.8318027433914,144.597090998657,110.156271566221,0.77831283747902,0.391720580010783,28.6077785649305,30.4432681950597,2.68770422338357,158.793663212423,24.2716795629814,185.753046998788,306.138167537913,NaN,2.74086309204336e-16,0
1,4.46491345605023,0.155,0.3504,10.25,0.01526,763,3.815,0.005,0.5,762,1,0.909109697923758,155.355911451293,758.005359913982,170.887970732353,142.196786152636,1.10762073121566,60.9387668829378,59.8311461517221,140.387344747401,95.4708637607951,0.777996002141629,0.391499070756319,22.8596531372844,24.3134465561449,3.68784251874963,158.587005315909,28.1581075976044,190.432955432263,306.138167537913,NaN,2.74086309204336e-16,0
1,4.46491345605023,0.155,0.3504,10.25,0.01526,763,4.578,0.006,0.6,762,1,0.909109697923758,155.355911451293,756.921567656588,170.887970732353,142.196786152636,1.25920335223766,51.0898495280518,49.8306461758141,136.787428561935,85.3739737626901,0.777678127444606,0.391277006540591,19.0275305248218,20.2268526745071,4.68839703235978,158.380193161789,31.4815419213044,194.550132115453,306.138167537913,NaN,2.74086309204336e-16,0
1,4.46491345605023,0.155,0.3504,10.25,0.01526,763,5.341,0.007,0.7,762,1,0.909109697923758,155.355911451293,755.837322697313,170.887970732353,142.196786152636,1.38760246800021,44.0749807712505,42.6873783032503,133.608810291212,77.9670868710142,0.777359207800899,0.391054384717467,16.2902665319493,17.3078173904432,5.68936947930113,158.173226069098,34.4160349813117,198.278630529711,306.138167537913,NaN,2.74086309204336e-16,0
1,4.46491345605023,0.155,0.3504,10.25,0.01526,763,6.104,0.008,0.8,762,1,0.909109697923758,155.355911451293,754.752623166223,170.887970732353,142.196786152636,1.49903358707863,38.8289138633359,37.3298802762572,130.743681987503,72.277654303039,0.777039237580873,0.390831202621872,14.2372890601422,15.1185061235758,6.69076158589512,157.966103352157,37.0611148264458,201.717979764498,306.138167537913,NaN,2.74086309204336e-16,0
1,4.46491345605023,0.155,0.3504,10.25,0.01526,763,6.867,0.009,0.9,762,1,0.909109697923758,155.355911451293,753.667467181099,170.887970732353,142.196786152636,1.59750584488678,34.7604011284432,33.1628952835564,128.123544977143,67.7548738888289,0.776718211111876,0.390607457569601,12.6405024984563,13.4156774398911,7.69257508980165,157.75882432053,39.4800192743279,204.931418684659,306.138167537913,NaN,2.74086309204336e-16,0
1,4.46491345605023,0.155,0.3504,10.25,0.01526,763,7.63,0.01,1,762,1,0.909109697923758,155.355911451293,752.581852847328,170.887970732353,142.196786152636,1.68575665539559,31.5150258924998,29.8292692371042,125.701666539071,64.0627847383162,0.776396122677814,0.390383146857142,11.3630494797322,12.0533864785537,8.69481174012094,157.551388278973,41.7158918653101,207.962091884404,306.138167537913,NaN,2.74086309204336e-16,0
1,4.46491345605023,0.155,0.3504,10.25,0.01526,763,8.393,0.011,1.1,762,1,0.909109697923758,155.355911451293,751.495778257798,170.887970732353,142.196786152636,1.76573850863852,28.8674607701579,27.1017222615194,123.44447785471,60.9844380385274,0.776072966518716,0.390158267761484,10.3178389515978,10.9387592368234,9.69747329749749,157.343794527395,43.7997232553181,210.84099108021,306.138167537913,NaN,2.74086309204336e-16,0
1,4.46491345605023,0.155,0.3504,10.25,0.01526,763,9.156,0.012,1.2,762,1,0.909109697923758,155.355911451293,750.409241492772,170.887970732353,142.196786152636,1.83889305478642,26.6676274935828,24.8287344387963,121.326904007695,58.3732511351581,0.775748736830291,0.389932817539928,9.44681021196912,10.0098797125125,10.7005615342252,157.136042360806,45.7546625493359,213.591266444367,306.138167537913,NaN,2.74086309204336e-16,0
1,4.46491345605023,0.155,0.3504,10.25,0.01526,763,9.919,0.013,1.3,762,1,0.909109697923758,155.355911451293,749.322240619783,170.887970732353,142.196786152636,1.90631510234423,24.8117224654952,22.905407363151,119.329629834288,56.126472404006,0.775423427763483,0.3897067934299,8.70976738970439,9.22388298069441,11.7040782343551,156.928131069276,47.598541462,216.230750765631,306.138167537913,NaN,2.74086309204336e-16,0
1,4.46491345605023,0.155,0.3504,10.25,0.01526,763,10.682,0.014,1.4,762,1,0.909109697923758,155.355911451293,748.234773693511,170.887970732353,142.196786152636,1.96885566651387,23.225669267446,21.2568136009321,117.437402818434,54.1698434619961,0.775097033424021,0.389480192648752,8.0779991478354,8.55015123753643,12.7080251938016,156.72005993788,49.3454410809716,218.773526212653,306.138167537913,NaN,2.74086309204336e-16,0
1,4.46491345605023,0.155,0.3504,10.25,0.01526,763,11.445,0.015,1.5,762,1,0.909109697923758,155.355911451293,747.146838755667,170.887970732353,142.196786152636,2.02718937933899,21.8551957459076,19.8280063665686,115.63792934383,52.4483001624322,0.774769547871957,0.389253012393571,7.53045050550591,7.96623142659993,13.7124042204526,156.511828246658,51.0067108444816,221.230943311592,306.138167537913,NaN,2.74086309204336e-16,0
1,4.46491345605023,0.155,0.3504,10.25,0.01526,763,12.208,0.016,1.6,762,1,0.909109697923758,155.355911451293,746.058433834874,170.887970732353,142.196786152636,2.08186009970052,20.6596356697364,18.5777755700359,113.921128891101,50.9201045168983,0.774440965121208,0.389025249840974,7.0513302266832,7.45528375527767,14.7172171342788,156.30343527056,52.5916570647798,223.612309469619,306.138167537913,NaN,2.74086309204336e-16,0
1,4.46491345605023,0.155,0.3504,10.25,0.01526,763,12.971,0.017,1.7,762,1,0.909109697923758,155.355911451293,744.969556946544,170.887970732353,142.196786152636,2.13331267171702,19.6079202839926,17.4746076122756,112.278613775655,49.5530133502479,0.774111279139085,0.388796902146916,6.62856265991259,7.00443073484152,15.7224657674468,156.094880279402,54.1080232329444,225.925369279793,306.138167537913,NaN,2.74086309204336e-16,0
1,4.46491345605023,0.155,0.3504,10.25,0.01526,763,13.734,0.018,1.8,762,1,0.909109697923758,155.355911451293,743.880206092758,170.887970732353,142.196786152636,2.18191559179761,18.6759075072726,16.493991915475,110.703316280215,48.3217022413552,0.773780483845818,0.388567966446478,6.2527556314871,6.60365654047426,16.7281519644304,155.886162537811,55.5623342492727,228.176648751515,306.138167537913,NaN,2.74086309204336e-16,0
1,4.46491345605023,0.155,0.3504,10.25,0.01526,763,14.497,0.019,1.9,762,1,0.909109697923758,155.355911451293,742.790379262144,170.887970732353,142.196786152636,2.22797753899271,17.8445555617249,15.6165780227322,109.18921515061,47.2059886229211,0.773448573114073,0.388338439853666,5.91649426708975,6.24505394181765,17.7342775821259,155.67728130518,56.9601489217357,230.371707809042,306.138167537913,NaN,2.74086309204336e-16,0
1,4.46491345605023,0.155,0.3504,10.25,0.01526,763,15.26,0.02,2,762,1,0.909109697923758,155.355911451293,741.700074429743,170.887970732353,142.196786152636,2.27175966033289,17.098645228154,14.8268855678211,107.731130892451,46.1895782715625,0.773115540768471,0.388108319461201,5.61384666694318,5.92229715435605,18.7408444899676,155.468235835612,58.3062489476127,232.515329273192,306.138167537913,NaN,2.74086309204336e-16,0
1,4.57381378424658,0.155,0.3504,10.5,0.01526,763,1.526,0.002,0.2,762,1,0.909109697923758,151.656961178644,761.259142408411,166.81920952444,138.811148387097,0.338271406415307,148.012924482853,147.674653076437,153.308373107307,175.508584609552,0.78420811096287,0.39587385700259,57.0780300271566,61.3422832998723,0.683958020689427,158.862070626842,12.4731730343816,172.019201681913,311.712259005016,NaN,2.74086309204336e-16,0
1,4.57381378424658,0.155,0.3504,10.5,0.01526,763,2.289,0.003,0.3,762,1,0.909109697923758,151.656961178644,760.184116484113,166.81920952444,138.811148387097,0.663279336458195,99.0581722855315,98.3948929490733,146.004152890113,131.859541234169,0.783902945582618,0.395657364373327,38.0091780019327,40.82796122189,1.67641947579335,158.658249807113,19.2164123008094,179.551081583716,311.712259005016,NaN,2.74086309204336e-16,0
1,4.57381378424658,0.155,0.3504,10.5,0.01526,763,3.052,0.004,0.4,762,1,0.909109697923758,151.656961178644,759.108662980487,166.81920952444,138.811148387097,0.894298434837063,74.6492236416615,73.7549252068245,140.860716402795,108.6527401524,0.783596793979258,0.395440339077946,28.4746963399467,30.5707332724065,2.66927567114653,158.454283480923,23.9648210089716,185.088380161041,311.712259005016,NaN,2.74086309204336e-16,0
1,4.57381378424658,0.155,0.3504,10.5,0.01526,763,3.815,0.005,0.5,762,1,0.909109697923758,151.656961178644,758.032780172368,166.81920952444,138.811148387097,1.0738182318247,60.0446923311807,58.970874099356,136.707776775381,94.1796106784517,0.78328965094393,0.395222778627677,22.7539626509477,24.4163428125687,3.6625281994188,158.250171020238,27.7988052994171,189.711504519074,311.712259005016,NaN,2.74086309204336e-16,0
1,4.57381378424658,0.155,0.3504,10.5,0.01526,763,4.578,0.006,0.6,762,1,0.909109697923758,151.656961178644,756.956466323535,166.81920952444,138.811148387097,1.2207647042031,50.3355457455555,49.1147810413524,133.157315350053,84.2278861841012,0.782981511228832,0.39500468051631,18.9401028039654,20.3133709620975,4.6561786634846,158.045911792773,31.0765831025631,193.778673558821,311.712259005016,NaN,2.74086309204336e-16,0
1,4.57381378424658,0.155,0.3504,10.5,0.01526,763,5.341,0.007,0.7,762,1,0.909109697923758,151.656961178644,755.879719686615,166.81920952444,138.811148387097,1.34523355025021,43.4198973305957,42.0746637803455,130.023062921617,76.9270162343014,0.782672369546832,0.394786042220032,16.2158850278176,17.3826382003026,5.6502286765142,157.841505161955,33.9701177192466,197.461851557716,311.712259005016,NaN,2.74086309204336e-16,0
1,4.57381378424658,0.155,0.3504,10.5,0.01526,763,6.104,0.008,0.8,762,1,0.909109697923758,151.656961178644,754.802538502986,166.81920952444,138.811148387097,1.45325100729034,38.2477821959618,36.7945311886714,127.198506287407,71.3187087063874,0.782362220571087,0.394566861197264,14.1726934362368,15.1845547663358,6.6446798620632,157.636950486884,36.5777418926272,200.859372241575,311.712259005016,NaN,2.74086309204336e-16,0
1,4.57381378424658,0.155,0.3504,10.5,0.01526,763,6.867,0.009,0.9,762,1,0.909109697923758,151.656961178644,753.724921002677,166.81920952444,138.811148387097,1.54870412652532,34.2364256539814,32.687721527456,124.615969883369,66.8602051321797,0.782051058934652,0.394347134888486,12.5835192029124,13.4749041259426,7.63953385416656,157.432247122291,38.9619335474312,204.033714523889,311.712259005016,NaN,2.74086309204336e-16,0
1,4.57381378424658,0.155,0.3504,10.5,0.01526,763,7.63,0.01,1,762,1,0.909109697923758,151.656961178644,752.646865404261,166.81920952444,138.811148387097,1.6342469633451,31.0364847155541,29.402237752209,122.22928286002,63.220435075381,0.781738879230086,0.394126860716072,11.3121570315078,12.1071563581624,8.63479229743143,157.227394418497,41.1653175054669,207.027504221396,311.712259005016,NaN,2.74086309204336e-16,0
1,4.57381378424658,0.155,0.3504,10.5,0.01526,763,8.393,0.011,1.1,762,1,0.909109697923758,151.656961178644,751.568369914761,166.81920952444,138.811148387097,1.71177255119103,28.4258542938299,26.7140817426389,120.005280222267,60.1855987572374,0.781425676009053,0.393906036084116,10.2719308238492,10.9880651492832,9.63045684713084,157.022391721376,43.2185116137483,209.871360182255,311.712259005016,NaN,2.74086309204336e-16,0
1,4.57381378424658,0.155,0.3504,10.5,0.01526,763,9.156,0.012,1.2,762,1,0.909109697923758,151.656961178644,750.489432729542,166.81920952444,138.811148387097,1.78267863940031,26.2566000569616,24.4739214175613,117.919188863935,57.6112356722465,0.781111443781918,0.393684658378261,9.40505651402102,10.055466289819,10.6265291693009,156.817238372307,45.144386346789,212.588153888397,311.712259005016,NaN,2.74086309204336e-16,0
1,4.57381378424658,0.155,0.3504,10.5,0.01526,763,9.919,0.013,1.3,762,1,0.909109697923758,151.656961178644,749.410052032204,166.81920952444,138.811148387097,1.84802669743568,24.4263997249765,22.5783730275408,115.951926232829,55.3960782214184,0.780796177017335,0.393462724965518,8.67152974826236,9.26632301903591,11.6230109408359,156.611933708137,46.9605586727855,215.195503321759,311.712259005016,NaN,2.74086309204336e-16,0
1,4.57381378424658,0.155,0.3504,10.5,0.01526,763,10.682,0.014,1.4,762,1,0.909109697923758,151.656961178644,748.330225994483,166.81920952444,138.811148387097,1.90864182528644,22.8622328616873,20.9535910364008,114.08842359894,53.4669381258595,0.780479870141838,0.39324023319409,8.04277598776568,8.58989479325321,12.6199038495866,156.406477061135,48.6809400085435,217.707320919265,311.712259005016,NaN,2.74086309204336e-16,0
1,4.57381378424658,0.155,0.3504,10.5,0.01526,763,11.445,0.015,1.5,762,1,0.909109697923758,151.656961178644,747.249952776136,166.81920952444,138.811148387097,1.9651781108831,21.5106001610129,19.5454220501298,112.316535559787,51.7695430729042,0.780162517539415,0.393017180393191,7.49784057035555,8.00363854682333,13.61720959446,156.200867758951,50.3167429616373,220.134820315048,311.712259005016,NaN,2.74086309204336e-16,0
1,4.57381378424658,0.155,0.3504,10.5,0.01526,763,12.208,0.016,1.6,762,1,0.909109697923758,151.656961178644,746.169230524839,166.81920952444,138.811148387097,2.01816285120679,20.3314138736536,18.3132510224468,110.626303194948,50.2627540778731,0.77984411355109,0.392793563872866,7.02100749903807,7.4906469802448,14.6149298855173,155.995105124569,51.8771615844409,222.487196594528,311.712259005016,NaN,2.74086309204336e-16,0
1,4.57381378424658,0.155,0.3504,10.5,0.01526,763,12.971,0.017,1.7,762,1,0.909109697923758,151.656961178644,745.088057376074,166.81920952444,138.811148387097,2.0680273436034,19.2940467314186,17.2260193878152,109.009440053947,48.91478982554,0.779524652474491,0.392569380923801,6.60025865812089,7.03799098188217,15.6130664440776,155.78918847627,53.3698459089323,224.772100829279,311.712259005016,NaN,2.74086309204336e-16,0
1,4.57381378424658,0.155,0.3504,10.5,0.01526,763,13.734,0.018,1.8,762,1,0.909109697923758,151.656961178644,744.00643145302,166.81920952444,138.811148387097,2.11512886259396,18.3746993460451,16.2595704834511,107.458963769175,47.7006879903124,0.779204128563411,0.392344628817141,6.22624662395994,6.63561457577934,16.6116210028182,155.583117127576,54.8012420407908,226.995980171185,311.712259005016,NaN,2.74086309204336e-16,0
1,4.57381378424658,0.155,0.3504,10.5,0.01526,763,14.497,0.019,1.9,762,1,0.909109697923758,151.656961178644,742.924350866439,166.81920952444,138.811148387097,2.15976668685386,17.5545999459727,15.3948332591188,105.968925838903,46.6005540788707,0.778882536027373,0.392119304804298,5.89159185125982,6.27557883332128,17.6105953058792,155.376890387216,56.1768416231015,229.164327316197,311.712259005016,NaN,2.74086309204336e-16,0
1,4.57381378424658,0.155,0.3504,10.5,0.01526,763,15.26,0.02,2,762,1,0.909109697923758,151.656961178644,741.841813714562,166.81920952444,138.811148387097,2.20219401044641,16.8187448844339,14.6165508739875,104.534209384843,45.5983260532103,0.778559869031184,0.391893406116757,5.59039070348392,5.95153261139723,18.6099911089681,155.170507559073,57.5013685461033,231.281867214144,311.712259005016,NaN,2.74086309204336e-16,0
1,4.68271411244292,0.155,0.3504,10.75,0.01526,763,1.526,0.002,0.2,762,1,0.909109697923758,148.130055104722,761.263943805261,162.939693023871,135.582982145536,0.328262472751774,145.904017178931,145.575754706179,149.591331025508,173.082921370232,0.789227856364398,0.399459219811514,56.7968107130677,61.5549172975333,0.679525382186173,158.515794045826,12.323177025518,171.51849645353,317.111088169162,NaN,5.20417042793042e-17,0
1,4.68271411244292,0.155,0.3504,10.75,0.01526,763,2.289,0.003,0.3,762,1,0.909109697923758,148.130055104722,760.195897815579,162.939693023871,135.582982145536,0.64364775119189,97.641175002315,96.9975272511231,142.378903550666,130.068549883288,0.788931729611553,0.399246425761825,37.8229114252432,40.9711863748341,1.66554297774337,158.314342752459,18.9816734438121,178.961559174014,317.111088169162,NaN,5.20417042793042e-17,0
1,4.68271411244292,0.155,0.3504,10.75,0.01526,763,3.052,0.004,0.4,762,1,0.909109697923758,148.130055104722,759.127442293938,162.939693023871,135.582982145536,0.86782164568654,73.5761518982525,72.7083302525659,137.301917019158,107.195151147753,0.788634655567887,0.399033114855506,28.3359083382111,30.6792557610467,2.6519386522601,158.112752732892,23.6687357059552,184.433427091108,317.111088169162,NaN,5.20417042793042e-17,0
1,4.68271411244292,0.155,0.3504,10.75,0.01526,763,3.815,0.005,0.5,762,1,0.909109697923758,148.130055104722,758.058575613261,162.939693023871,135.582982145536,1.04201804954612,59.1767631880917,58.1347451385456,133.203786857436,92.9284537868442,0.788336629292107,0.398819284713051,22.6436635683694,24.5040451145026,3.63871390785109,157.911023398245,27.452120024024,189.00185733012,317.111088169162,NaN,5.20417042793042e-17,0
1,4.68271411244292,0.155,0.3504,10.75,0.01526,763,4.578,0.006,0.6,762,1,0.909109697923758,148.130055104722,756.989296136215,162.939693023871,135.582982145536,1.18460364486462,49.6035693615563,48.4189657166917,129.701040389681,83.1178918196666,0.788037645806481,0.398604932938542,18.8487978203574,20.387194320679,4.62587025609949,157.709154155718,30.6858474883338,193.020871900151,317.111088169162,NaN,5.20417042793042e-17,0
1,4.68271411244292,0.155,0.3504,10.75,0.01526,763,5.341,0.007,0.7,762,1,0.909109697923758,148.130055104722,755.919602215119,162.939693023871,135.582982145536,1.3053757846743,42.7844508306063,41.479075045932,126.609592008519,75.9201142013312,0.787737700096491,0.398390057119496,16.1381485383063,17.4465490442341,5.61340921813859,157.507144408563,33.5398655072472,196.660419133949,317.111088169162,NaN,5.20417042793042e-17,0
1,4.68271411244292,0.155,0.3504,10.75,0.01526,763,6.104,0.008,0.8,762,1,0.909109697923758,148.130055104722,754.849492191859,162.939693023871,135.582982145536,1.41018262040281,37.6842972748217,36.2741146544189,123.824177865812,70.3906941376477,0.787436787110476,0.398174654826711,14.1051344436515,15.2410321170155,6.60133232473571,157.304993556043,36.1113534227057,200.017679303484,317.111088169162,NaN,5.20417042793042e-17,0
1,4.68271411244292,0.155,0.3504,10.75,0.01526,763,6.867,0.009,0.9,762,1,0.909109697923758,148.130055104722,753.778964397796,162.939693023871,135.582982145536,1.50279633386564,33.7285706127037,32.225774278838,121.277916656262,65.9946955358173,0.787134901759277,0.397958723614113,12.5238770477363,13.5256006673967,7.58964111637592,157.102700993395,38.4620559015825,203.154398011354,317.111088169162,NaN,5.20417042793042e-17,0
1,4.68271411244292,0.155,0.3504,10.75,0.01526,763,7.63,0.01,1,762,1,0.909109697923758,148.130055104722,752.708017153669,162.939693023871,135.582982145536,1.58579254814275,30.5728603082745,28.9870677601317,118.925179711377,62.4058036073339,0.786832038915869,0.397742261018593,11.2588492568539,12.1532289720111,8.57833714334815,156.900266111798,40.6340972254432,206.112700480589,317.111088169162,NaN,5.20417042793042e-17,0
1,4.68271411244292,0.155,0.3504,10.75,0.01526,763,8.393,0.011,1.1,762,1,0.909109697923758,148.130055104722,751.636648769507,162.939693023871,135.582982145536,1.66100835382747,27.9981940772004,26.337185723373,116.73319171029,59.4132806810088,0.786528193414993,0.397525264559857,10.2238065563573,11.030355206541,9.56742196582963,156.69768829833,42.6577354949562,208.922845759115,317.111088169162,NaN,5.20417042793042e-17,0
1,4.68271411244292,0.155,0.3504,10.75,0.01526,763,9.156,0.012,1.2,762,1,0.909109697923758,148.130055104722,750.564857544533,162.939693023871,135.582982145536,1.72980019387459,25.8587221115773,24.1289219177027,114.677470784048,56.874729752272,0.786223360052789,0.397307731740253,9.36125260271341,10.0946048211112,10.5568971539747,156.494966935933,44.5555723151039,211.607436405012,317.111088169162,NaN,5.20417042793042e-17,0
1,4.68271411244292,0.155,0.3504,10.75,0.01526,763,9.919,0.013,1.3,762,1,0.909109697923758,148.130055104722,749.492641767065,162.939693023871,135.582982145536,1.79319816899017,24.0535624914396,22.2603643224494,112.739158844672,54.69032619532,0.785917533586415,0.397089660044619,8.63138223461039,9.30279543473251,11.5467642880022,156.292101403377,46.3450174292338,214.183883120613,317.111088169162,NaN,5.20417042793042e-17,0
1,4.68271411244292,0.155,0.3504,10.75,0.01526,763,10.682,0.014,1.4,762,1,0.909109697923758,148.130055104722,748.419999714428,162.939693023871,135.582982145536,1.85200299551347,22.5107216318538,20.6587186363404,110.903364512187,52.7879222095302,0.785610708733665,0.396871046940112,8.00576319358923,8.62408248926858,12.5370249582845,156.089091075217,48.0398185250105,216.665934558512,317.111088169162,NaN,5.20417042793042e-17,0
1,4.68271411244292,0.155,0.3504,10.75,0.01526,763,11.445,0.015,1.5,762,1,0.909109697923758,148.130055104722,747.346929652846,162.939693023871,135.582982145536,1.90684943141104,21.1774518024394,19.2706023710283,109.15808540857,51.1140153790968,0.785302880172586,0.396651889876043,7.46354515642327,8.03584664181681,13.5276807654371,155.885935321755,49.6510561701576,219.06467225735,317.111088169162,NaN,5.20417042793042e-17,0
1,4.68271411244292,0.155,0.3504,10.75,0.01526,763,12.208,0.016,1.6,762,1,0.909109697923758,148.130055104722,746.273429837353,162.939693023871,135.582982145536,1.95824919057864,20.0142278501242,18.0559786595456,107.493479955635,49.6280491182357,0.784994042541087,0.396432186283707,6.98909038035517,7.52112338494586,14.5187333204105,155.682633509004,51.1878160869682,221.389182916383,317.111088169162,NaN,5.20417042793042e-17,0
1,4.68271411244292,0.155,0.3504,10.75,0.01526,763,12.971,0.017,1.7,762,1,0.909109697923758,148.130055104722,745.199498511684,162.939693023871,135.582982145536,2.00662082422064,18.9908518977596,16.984231073539,105.901359393846,48.298691161943,0.784684190436541,0.396211933576213,6.57044059119145,7.06693985979071,15.5101842445828,155.479184998644,52.6576581193682,223.647027362595,317.111088169162,NaN,5.20417042793042e-17,0
1,4.68271411244292,0.155,0.3504,10.75,0.01526,763,13.734,0.018,1.8,762,1,0.909109697923758,148.130055104722,744.125133908184,162.939693023871,135.582982145536,2.05231104820892,18.0838578829685,16.0315468347596,104.374823718598,47.1013312329791,0.784373318415387,0.395991129148312,6.19829490869882,6.66320606478269,16.5020351698507,155.275589147983,54.0669523357044,225.844576653538,317.111088169162,NaN,5.20417042793042e-17,0
1,4.68271411244292,0.155,0.3504,10.75,0.01526,763,14.497,0.019,1.9,762,1,0.909109697923758,148.130055104722,743.050334247696,162.939693023871,135.582982145536,2.09561029643812,17.2747366772573,15.1791263808191,102.907994635222,46.0163549156526,0.784061420992726,0.395769770376221,5.86531053240158,6.30195620899094,17.4942877387264,155.071845309915,55.4211255640623,227.987258612704,317.111088169162,NaN,5.20417042793042e-17,0
1,4.68271411244292,0.155,0.3504,10.75,0.01526,763,15.26,0.02,2,762,1,0.909109697923758,148.130055104722,741.975097739465,162.939693023871,135.582982145536,2.13676428006228,16.5486943412813,14.411930061219,101.495815691207,45.0279259102103,0.783748492641908,0.395547854617444,5.56561322163984,5.97681765946157,18.4869436044313,154.867952832881,56.7248459097454,230.079742347058,317.111088169162,NaN,5.20417042793042e-17,0
1,4.79161444063927,0.155,0.3504,11,0.01526,763,1.526,0.002,0.2,762,1,0.909109697923758,144.763462943251,761.268469223257,159.23651818242,132.501550733138,0.318828829831929,143.85465966253,143.535830832698,146.045058998262,170.727670341214,0.794019356830909,0.402925359062255,56.5061532973749,61.7330331366263,0.675347526724945,158.168788194787,12.1783247091447,171.022460430657,322.342830027938,NaN,5.20417042793042e-17,0
1,4.79161444063927,0.155,0.3504,11,0.01526,763,2.289,0.003,0.3,762,1,0.909109697923758,144.763462943251,760.207001690596,159.23651818242,132.501550733138,0.625144924857447,96.2644988168213,95.6393538919639,138.921274746097,128.330708242015,0.793731748633938,0.402716066035016,37.6302859811838,41.0913372991855,1.65529190592477,157.969560163477,18.7549859086083,178.37983797801,322.342830027938,NaN,5.20417042793042e-17,0
1,4.79161444063927,0.155,0.3504,11,0.01526,763,3.052,0.004,0.4,762,1,0.909109697923758,144.763462943251,759.145141302761,159.23651818242,132.501550733138,0.842867660964611,72.5339038439377,71.6910361829731,133.908456745732,105.781579282342,0.793443229254077,0.40250627084236,28.1923009268244,30.7704258979365,2.63559896811574,157.770199634795,23.3828079307245,183.788606533635,322.342830027938,NaN,5.20417042793042e-17,0
1,4.79161444063927,0.155,0.3504,11,0.01526,763,3.815,0.005,0.5,762,1,0.909109697923758,144.763462943251,758.082886521609,159.23651818242,132.501550733138,1.01204736950014,58.3340292571436,57.3219818876435,129.863253063592,91.7156454933711,0.793153793994153,0.402295971204613,22.5294686224357,24.5778281199414,3.61627013330719,157.570706055136,27.1173306448525,188.304306833296,322.342830027938,NaN,5.20417042793042e-17,0
1,4.79161444063927,0.155,0.3504,11,0.01526,763,4.578,0.006,0.6,762,1,0.909109697923758,144.763462943251,757.020235799454,159.23651818242,132.501550733138,1.15052354205133,48.893082607085,47.7425590650337,126.406581221504,82.0423660312978,0.792863438122813,0.402085164826608,18.7542125632915,20.4493870269472,4.59730683032041,157.371078867274,30.3085221209602,192.276907818554,322.342830027938,NaN,5.20417042793042e-17,0
1,4.79161444063927,0.155,0.3504,11,0.01526,763,5.341,0.007,0.7,762,1,0.909109697923758,144.763462943251,755.957187578981,159.23651818242,132.501550733138,1.26781231179976,42.1678806223157,40.900068310516,123.356464395741,74.9448465925291,0.792572156874197,0.401873849397545,16.0575713895558,17.5004639306072,5.57871049686509,157.171317510327,33.1243829432094,195.874410950402,322.342830027938,NaN,5.20417042793042e-17,0
1,4.79161444063927,0.155,0.3504,11,0.01526,763,6.104,0.008,0.8,762,1,0.909109697923758,144.763462943251,754.893740293165,159.23651818242,132.501550733138,1.36959396665181,37.1377538872209,35.7681599205691,120.608845295622,69.4921459487921,0.792279945447607,0.401662022590854,14.0350644207212,15.2887394862866,6.56048257961384,156.971421419729,35.6609785624781,199.192882561821,322.342830027938,NaN,5.20417042793042e-17,0
1,4.79161444063927,0.155,0.3504,11,0.01526,763,6.867,0.009,0.9,762,1,0.909109697923758,144.763462943251,753.829892365189,159.23651818242,132.501550733138,1.45953241271502,33.2361720270909,31.7766396143758,118.09760967213,65.1569356785624,0.79198679900718,0.401449682064041,12.4619801670892,13.5684807243307,7.54262453428071,156.77139002719,37.9793455010487,202.293360062519,322.342830027938,NaN,5.20417042793042e-17,0
1,4.79161444063927,0.155,0.3504,11,0.01526,763,7.63,0.01,1,762,1,0.909109697923758,144.763462943251,752.765642208358,159.23651818242,132.501550733138,1.54012934290967,30.1235201653717,28.5833908224621,115.77765247216,61.6175259060397,0.791692712681547,0.40123682545855,11.2034917343613,12.1922478625725,8.52513782569982,156.571222760668,40.1211246399697,205.217485226338,322.342830027938,NaN,5.20417042793042e-17,0
1,4.79161444063927,0.155,0.3504,11,0.01526,763,8.393,0.011,1.1,762,1,0.909109697923758,144.763462943251,751.700988226013,159.23651818242,132.501550733138,1.61316911621185,27.583872115926,25.9707029997142,113.61657470816,58.6661567857498,0.791397681563498,0.401023450399612,10.173800189363,11.066215584745,9.50802392790191,156.370919044335,42.1162266498603,207.995169622097,322.342830027938,NaN,5.20417042793042e-17,0
1,4.79161444063927,0.155,0.3504,11,0.01526,763,9.156,0.012,1.2,762,1,0.909109697923758,144.763462943251,750.635928811448,159.23651818242,132.501550733138,1.67996924027595,25.4734050221638,23.7934357818879,111.590175779448,56.1624379618857,0.791101700709634,0.400809554496093,9.31570624290499,10.1278336796874,10.4912843241959,156.170478298539,43.986993469482,210.648756092217,322.342830027938,NaN,5.20417042793042e-17,0
1,4.79161444063927,0.155,0.3504,11,0.01526,763,9.919,0.013,1.3,762,1,0.909109697923758,144.763462943251,749.570462347816,159.23651818242,132.501550733138,1.7415302477031,23.6926376252774,21.9511073775743,109.679814380368,54.0079479936322,0.790804765140019,0.400595135340348,8.58961038670927,9.33379815476377,11.4749205072492,155.969899939771,45.7506347092434,213.195455156263,322.342830027938,NaN,5.20417042793042e-17,0
1,4.79161444063927,0.155,0.3504,11,0.01526,763,10.682,0.014,1.4,762,1,0.909109697923758,144.763462943251,748.50458720805,159.23651818242,132.501550733138,1.79862987088202,22.1705749487769,20.3719450778949,107.870770412616,52.1315508491725,0.790506869837832,0.400380190508062,7.96722725736606,8.65317758638791,12.4589339791686,155.769183380631,47.4207399299654,215.648857289765,322.342830027938,NaN,5.20417042793042e-17,0
1,4.79161444063927,0.155,0.3504,11,0.01526,763,11.445,0.015,1.5,762,1,0.909109697923758,144.763462943251,747.438301754764,159.23651818242,132.501550733138,1.85188464742814,20.8552002097463,19.0033155623182,106.151179629698,50.480492753881,0.790208009749005,0.400164717558103,7.42781425470843,8.06328893033854,13.4433262515828,155.568328029792,49.0082621766614,218.019916458036,322.342830027938,NaN,5.20417042793042e-17,0
1,4.79161444063927,0.155,0.3504,11,0.01526,763,12.208,0.016,1.6,762,1,0.909109697923758,144.763462943251,746.371604340171,159.23651818242,132.501550733138,1.90179160269027,19.7075354424857,17.8057438397954,104.511313782089,49.0147834338569,0.789908179781865,0.399948714032356,6.95581442829623,7.54711990320598,14.4280988457257,155.367333291963,50.5221825468657,220.317614684555,322.342830027938,NaN,5.20417042793042e-17,0
1,4.79161444063927,0.155,0.3504,11,0.01526,763,12.971,0.017,1.7,762,1,0.909109697923758,144.763462943251,745.304493305987,159.23651818242,132.501550733138,1.94875727342646,18.6978004252743,16.7490431518478,102.943078460405,47.703527265491,0.789607374806771,0.399732177455571,6.53933128631746,7.09166111156363,15.4132532925221,155.166198567856,51.9699737806626,222.54942564104,322.342830027938,NaN,5.20417042793042e-17,0
1,4.79161444063927,0.155,0.3504,11,0.01526,763,13.734,0.018,1.8,762,1,0.909109697923758,144.763462943251,744.23696698334,159.23651818242,132.501550733138,1.99311842299081,17.8028533309495,15.8097349079587,101.439653206962,46.5224562881198,0.789305589655739,0.399515105335201,6.16911200152251,6.68679413808231,16.3987911326696,154.964923254142,53.357932508864,224.721646895676,322.342830027938,NaN,5.20417042793042e-17,0
1,4.79161444063927,0.155,0.3504,11,0.01526,763,14.497,0.019,1.9,762,1,0.909109697923758,144.763462943251,743.169023692678,159.23651818242,132.501550733138,2.03515714825115,17.0044405264604,14.9692833782093,99.9952275341615,45.4522284190817,0.789002819122074,0.39929749516124,5.8378517100212,6.32453075834523,17.384713916728,154.763506743424,54.6914229602246,226.839643620377,322.342830027938,NaN,5.20417042793042e-17,0
1,4.79161444063927,0.155,0.3504,11,0.01526,763,15.26,0.02,2,762,1,0.909109697923758,144.763462943251,742.100661743671,159.23651818242,132.501550733138,2.07511210703393,16.2879720851583,14.2128599781244,98.6048033500324,44.4772268532715,0.788699057959985,0.399079344406057,5.53970652044072,5.99848039261856,18.3710232052052,154.56194842419,55.9750593617311,228.908030991127,322.342830027938,NaN,5.20417042793042e-17,0
1,4.90051476883562,0.155,0.3504,11.25,0.01526,763,1.526,0.002,0.2,762,1,0.909109697923758,141.546497100067,761.272741792672,155.697928889477,129.557071827957,0.309922262540239,141.862807089388,141.552884826848,142.658112209159,168.440179776029,0.798597834813347,0.406279011238558,56.2075969930738,61.8795143461411,0.671403100490081,157.821976718541,12.0383286991744,170.531708518205,327.415181775355,NaN,5.20417042793042e-17,0
1,4.90051476883562,0.155,0.3504,11.25,0.01526,763,2.289,0.003,0.3,762,1,0.909109697923758,141.546497100067,760.217484912795,155.697928889477,129.557071827957,0.607676222357385,94.9267295572088,94.3190533348514,135.619997646801,126.643885347113,0.798318268735675,0.406073038032471,37.432333182505,41.1903401230327,1.64561381935672,157.624838731874,18.5358998384988,177.80635238973,327.415181775355,NaN,5.20417042793042e-17,0
1,4.90051476883562,0.155,0.3504,11.25,0.01526,763,3.052,0.004,0.4,762,1,0.909109697923758,141.546497100067,759.161850628511,155.697928889477,129.557071827957,0.81930876730333,71.5213708178674,70.7020620505641,130.669194247445,104.410178679371,0.798037825046546,0.405866576347666,28.0446517845229,30.8456911170131,2.6201729571021,157.427573986551,23.1064701239226,183.154217067576,327.415181775355,NaN,5.20417042793042e-17,0
1,4.90051476883562,0.155,0.3504,11.25,0.01526,763,3.815,0.005,0.5,762,1,0.909109697923758,141.546497100067,758.105837482596,155.697928889477,129.557071827957,0.983752709689009,57.5155592971524,56.5318065874634,126.675139298955,90.5395195379318,0.797756499272249,0.405659623995976,22.412003204459,24.6388520513996,3.59508185903197,157.230181960868,26.7937724450557,187.619036264956,327.415181775355,NaN,5.20417042793042e-17,0
1,4.90051476883562,0.155,0.3504,11.25,0.01526,763,4.578,0.006,0.6,762,1,0.909109697923758,141.546497100067,757.049444008916,155.697928889477,129.557071827957,1.11834976792355,48.2032685831716,47.0849188152481,123.26299343917,80.9997666061079,0.797474286906922,0.405452178774575,18.6568709100327,20.5009178333816,4.57034187867796,157.032662129763,29.9438576369446,191.546861645386,327.415181775355,NaN,5.20417042793042e-17,0
1,4.90051476883562,0.155,0.3504,11.25,0.01526,763,5.341,0.007,0.7,762,1,0.909109697923758,141.546497100067,755.99266873235,155.697928889477,129.557071827957,1.23235054747692,41.5694486528601,40.3370981053832,120.25281799308,73.999762337721,0.797191183412249,0.405244238465851,15.9746049582125,17.5452148512517,5.54595437786717,156.835013964784,32.7228446695554,195.103813012206,327.415181775355,NaN,5.20417042793042e-17,0
1,4.90051476883562,0.155,0.3504,11.25,0.01526,763,6.104,0.008,0.8,762,1,0.909109697923758,141.546497100067,754.93551016872,155.697928889477,129.557071827957,1.33127683957819,36.6074709820643,35.2761941424862,117.541721821013,68.6216830655694,0.796907184217155,0.405035800837263,13.9628803769302,15.328406298713,6.52192072679164,156.637236934056,35.2257224058412,198.384880066689,327.415181775355,NaN,5.20417042793042e-17,0
1,4.90051476883562,0.155,0.3504,11.25,0.01526,763,6.867,0.009,0.9,762,1,0.909109697923758,141.546497100067,753.877966824705,155.697928889477,129.557071827957,1.41869031646456,32.758591511253,31.3399011947884,115.064332047218,64.3456000499886,0.796622284717502,0.404826863641216,12.3981832923201,13.6041939496488,7.4982423040793,156.439330502258,37.5128429339947,201.450415740332,327.415181775355,NaN,5.20417042793042e-17,0
1,4.90051476883562,0.155,0.3504,11.25,0.01526,763,7.63,0.01,1,762,1,0.909109697923758,141.546497100067,752.820037197772,155.697928889477,129.557071827957,1.49702286624932,29.6878586885698,28.1908358223205,112.776049705356,60.8543217132607,0.796336480275771,0.404617424614921,11.1464053796137,12.2247988680297,8.47492049686695,156.241294130585,39.6253799169288,204.34159454438,327.415181775355,NaN,5.20417042793042e-17,0
1,4.90051476883562,0.155,0.3504,11.25,0.01526,763,8.393,0.011,1.1,762,1,0.909109697923758,141.546497100067,751.761719776092,155.697928889477,129.557071827957,1.56800905876344,27.1823085303043,25.6142994715408,110.644839545418,57.9429844269436,0.796049766220752,0.404407481480257,10.122204977183,11.0961799124172,9.45195670087073,156.04312727672,41.5929082236017,207.087992201193,327.415181775355,NaN,5.20417042793042e-17,0
1,4.90051476883562,0.155,0.3504,11.25,0.01526,763,9.156,0.012,1.2,762,1,0.909109697923758,141.546497100067,750.703013038465,155.697928889477,129.557071827957,1.63292963899749,25.1000894116484,23.467159772651,108.646772822822,55.473149444634,0.795762137847224,0.404197031943629,9.26868764356255,10.1556429882157,10.4293523204602,155.844829394806,43.4375188158501,209.711700531117,327.415181775355,NaN,5.20417042793042e-17,0
1,4.90051476883562,0.155,0.3504,11.25,0.01526,763,9.919,0.013,1.3,762,1,0.909109697923758,141.546497100067,749.643915454234,155.697928889477,129.557071827957,1.69275722139411,23.3430823056968,21.6503250843027,106.763417761363,53.3477599968526,0.79547359041563,0.403986073695834,8.54646491892217,9.35978449119239,11.4071087687329,155.646399935409,45.1762278669766,212.229736571118,327.415181775355,NaN,5.20417042793042e-17,0
1,4.90051476883562,0.155,0.3504,11.25,0.01526,763,10.682,0.014,1.4,762,1,0.909109697923758,141.546497100067,748.58442548321,155.697928889477,129.557071827957,1.74824783694182,21.8412634989447,20.0930156620029,104.980219814951,51.4966640345066,0.795184119151751,0.403774604411913,7.92740218876599,8.67760184663161,12.3852274675883,155.447838345487,46.8224721003795,214.655537913455,327.415181775355,NaN,5.20417042793042e-17,0
1,4.90051476883562,0.155,0.3504,11.25,0.01526,763,11.445,0.015,1.5,762,1,0.909109697923758,141.546497100067,747.524541575586,155.697928889477,129.557071827957,1.80000081964642,20.5433271788023,18.7433263591559,103.285448248938,49.8678358545936,0.79489371924638,0.403562621751007,7.39086740215181,8.08635983282751,13.3637098478041,155.249144068362,48.3870813032427,216.999935219409,327.415181775355,NaN,5.20417042793042e-17,0
1,4.90051476883562,0.155,0.3504,11.25,0.01526,763,12.208,0.016,1.6,762,1,0.909109697923758,141.546497100067,746.464262171859,155.697928889477,129.557071827957,1.84849932597659,19.4108276411915,17.5623283152149,101.669484353019,48.4218359290482,0.794602385854978,0.403350123356214,6.9213865205781,7.56900703326687,14.3425573491115,155.050316543682,49.8789354467469,219.27180933954,327.415181775355,NaN,5.20417042793042e-17,0
1,4.90051476883562,0.155,0.3504,11.25,0.01526,763,12.971,0.017,1.7,762,1,0.909109697923758,141.546497100067,745.403585702738,155.697928889477,129.557071827957,1.89413854869628,18.414390949653,16.5202524009568,100.124324913727,47.128193269852,0.794310114097348,0.403137106854439,6.50712645549913,7.11250412921803,15.3217714202744,154.85135520739,51.3054230791157,221.47854970678,327.415181775355,NaN,5.20417042793042e-17,0
1,4.90051476883562,0.155,0.3504,11.25,0.01526,763,13.734,0.018,1.8,762,1,0.909109697923758,141.546497100067,744.342510589069,155.697928889477,129.557071827957,1.93724585403862,17.5311907027032,15.5939448486646,98.6432263614703,45.9629728180675,0.794016899057283,0.402923569856248,6.13888369333506,6.70670942812342,16.301353519166,154.652259491691,52.6727698482505,223.626382859107,327.415181775355,NaN,5.20417042793042e-17,0
1,4.90051476883562,0.155,0.3504,11.25,0.01526,763,14.497,0.019,1.9,762,1,0.909109697923758,141.546497100067,743.281035241741,155.697928889477,129.557071827957,1.97809546709741,16.7432218346136,14.7651263675162,97.2204437497361,44.907097332296,0.793722735782223,0.402709509955711,5.80939230205771,6.34361633039451,17.2813051128483,154.453028825018,53.9862794755275,225.720613413394,327.415181775355,NaN,5.20417042793042e-17,0
1,4.90051476883562,0.155,0.3504,11.25,0.01526,763,15.26,0.02,2,762,1,0.909109697923758,141.546497100067,742.219158061606,155.697928889477,129.557071827957,2.01691938599412,16.0360929103498,14.0191735243557,95.8510353971785,43.9451634627648,0.793427619282905,0.402494924730256,5.51283953580061,6.01681955616825,18.2616276776523,154.253662631996,55.250514109774,227.765804419422,327.415181775355,NaN,5.20417042793042e-17,0
1,5.00941509703196,0.155,0.3504,11.5,0.01526,763,1.526,0.002,0.2,762,1,0.909109697923758,138.469399337022,761.276782129186,152.313191304923,126.740613744741,0.301499797326413,139.9264432844,139.624943487073,139.420044294934,166.217873031949,0.802977188420075,0.409526383114295,55.9024935121821,61.9969879852356,0.667673071134587,157.476135005509,11.9029235976382,170.046731674282,332.335393330064,NaN,2.74086309204336e-16,0
1,5.00941509703196,0.155,0.3504,11.5,0.01526,763,2.289,0.003,0.3,762,1,0.909109697923758,138.469399337022,760.22739810759,152.313191304923,126.740613744741,0.591157300442508,93.6264775885814,93.0353202881389,132.464788410851,125.006029615698,0.802705226911089,0.409323563095613,37.2299589805285,41.2699497036723,1.63646198077474,157.280965394356,18.3239997961893,177.24142717132,332.335393330064,NaN,2.74086309204336e-16,0
1,5.00941509703196,0.155,0.3504,11.5,0.01526,763,3.052,0.004,0.4,762,1,0.909109697923758,138.469399337022,759.177651031785,152.313191304923,126.740613744741,0.797031145298011,70.5374677009135,69.7404365556155,127.573963421288,103.079183411204,0.802432419076401,0.409120267379453,27.8936439963386,30.9063701803755,2.60558606122323,157.085674326003,22.8391981519571,182.530458539183,332.335393330064,NaN,2.74086309204336e-16,0
1,5.00941509703196,0.155,0.3504,11.5,0.01526,763,3.815,0.005,0.5,762,1,0.909109697923758,138.469399337022,758.127539518411,152.313191304923,126.740613744741,0.956997290810158,56.7204456540645,55.7634483632543,123.62937664755,89.3984894882729,0.802158760647465,0.408916493861788,22.2918166910266,24.6881740184692,3.57504658959628,156.890261307696,26.4808315681963,186.946139465489,332.335393330064,NaN,2.74086309204336e-16,0
1,5.00941509703196,0.155,0.3504,11.5,0.01526,763,4.578,0.006,0.6,762,1,0.909109697923758,138.469399337022,757.077062175765,152.313191304923,126.740613744741,1.08792670434538,47.5333344386312,46.4454077342858,120.260292798757,79.9886308785263,0.801884247325422,0.408712240424689,18.5572331077167,20.5426694184343,4.54484485070931,156.69472584356,29.5911620108067,190.830732705076,332.335393330064,NaN,2.74086309204336e-16,0
1,5.00941509703196,0.155,0.3504,11.5,0.01526,763,5.341,0.007,0.7,762,1,0.909109697923758,138.469399337022,756.026217603737,152.313191304923,126.740613744741,1.19881887812674,40.988441555622,39.7896226774953,117.288744573192,73.0834896130212,0.801608874780815,0.408507504936199,15.8896458357311,17.5815598942792,5.51498213714139,156.49906743456,32.3344884824733,194.348538054175,332.335393330064,NaN,2.74086309204336e-16,0
1,5.00941509703196,0.155,0.3504,11.5,0.01526,763,6.104,0.008,0.8,762,1,0.909109697923758,138.469399337022,754.975004393738,152.313191304923,126.740613744741,1.29504571088722,36.0927929071295,34.7977471962423,114.612968783478,67.7780033797682,0.801332638653309,0.408302285250207,13.8889311692122,15.3606972025822,6.48545974929908,156.303285578484,34.8047585231932,197.593503850976,332.335393330064,NaN,2.74086309204336e-16,0
1,5.00941509703196,0.155,0.3504,11.5,0.01526,763,6.867,0.009,0.9,762,1,0.909109697923758,138.469399337022,753.923421128627,152.313191304923,126.740613744741,1.38007219089411,32.2952168156937,30.9151446247996,112.168309647336,63.5594418576363,0.801055534551406,0.408096579206326,12.3327981599967,13.6333323188391,7.45627899548252,156.107379769906,37.0616622021182,200.625320967507,332.335393330064,NaN,2.74086309204336e-16,0
1,5.00941509703196,0.155,0.3504,11.5,0.01526,763,7.63,0.01,1,762,1,0.909109697923758,138.469399337022,752.871466382643,152.313191304923,126.740613744741,1.45626419091122,29.2652971538009,27.8090329628896,109.910657714226,60.1149892741277,0.800777558052148,0.407890384629762,11.0878722387646,12.2514158280022,8.42744119195136,155.911349500166,39.1459212623032,203.484711954421,332.335393330064,NaN,2.74086309204336e-16,0
1,5.00941509703196,0.155,0.3504,11.5,0.01526,763,8.393,0.011,1.1,762,1,0.909109697923758,138.469399337022,751.819138721331,152.313191304923,126.740613744741,1.52530919451256,26.7929510404397,25.2676418459272,107.80832956404,57.2425992801709,0.800498704700833,0.407683699331187,10.0692786791988,11.1207344656342,9.3989476629914,155.715194257337,41.0867857641542,206.200927684483,332.335393330064,NaN,2.74086309204336e-16,0
1,5.00941509703196,0.155,0.3504,11.5,0.01526,763,9.156,0.012,1.2,762,1,0.909109697923758,138.469399337022,750.76643670147,152.313191304923,126.740613744741,1.58845317975827,24.7382442098998,23.1497910301416,105.837659410308,54.8057315090527,0.800218970010708,0.407476521106608,9.22043433006385,10.1784793884853,10.3707997409816,155.518913526197,42.906103907183,208.795817174361,332.335393330064,NaN,2.74086309204336e-16,0
1,5.00941509703196,0.155,0.3504,11.5,0.01526,763,9.919,0.013,1.3,762,1,0.909109697923758,138.469399337022,749.713358870995,152.313191304923,126.740613744741,1.64664235853362,23.004382704637,21.3577403461033,103.980418149619,52.7086566202668,0.799938349462679,0.407268847737237,8.5021662401721,9.38116755095791,11.3429987664636,155.3225067882,44.6207047576379,211.286210312302,332.335393330064,NaN,2.74086309204336e-16,0
1,5.00941509703196,0.155,0.3504,11.5,0.01526,763,10.682,0.014,1.4,762,1,0.909109697923758,138.469399337022,748.659903768929,152.313191304923,126.740613744741,1.70061223854572,21.5222876249998,19.8216753864541,102.222211371611,50.8821796817341,0.799656838504999,0.407060676989356,7.8864937297926,8.69773963451459,12.3155460882091,155.125973521449,46.2438772019805,213.685396811639,332.335393330064,NaN,2.74086309204336e-16,0
1,5.00941509703196,0.155,0.3504,11.5,0.01526,763,11.445,0.015,1.5,762,1,0.909109697923758,138.469399337022,747.606069925302,152.313191304923,126.740613744741,1.75094588414288,20.2413448026868,18.490398918544,100.551437486151,49.2749831759617,0.799374432552967,0.406852006614183,7.35289763349651,8.1054188053233,13.2884430632903,154.929313200663,47.7863318014781,216.004088065432,332.335393330064,NaN,2.74086309204336e-16,0
1,5.00941509703196,0.155,0.3504,11.5,0.01526,763,12.208,0.016,1.6,762,1,0.909109697923758,138.469399337022,746.551855861078,152.313191304923,126.740613744741,1.79811333583724,19.1236263531677,17.3255130173304,98.9585837396977,47.8481632732999,0.799091126988611,0.406642834347736,6.88598857693542,7.58712243778533,14.2616910571506,154.732525297149,49.2568507082711,218.251067062571,332.335393330064,NaN,2.74086309204336e-16,0
1,5.00941509703196,0.155,0.3504,11.5,0.01526,763,12.971,0.017,1.7,762,1,0.909109697923758,138.469399337022,745.497260088074,152.313191304923,126.740613744741,1.84249905825673,18.1401536213927,16.2976545631359,97.4357351327488,46.5716620165499,0.798806917160379,0.406433157910694,6.47399821475671,7.12978734740648,15.2352914436755,154.535609278771,50.6627410316528,220.4336417541,332.335393330064,NaN,2.74086309204336e-16,0
1,5.00941509703196,0.155,0.3504,11.5,0.01526,763,13.734,0.018,1.8,762,1,0.909109697923758,138.469399337022,744.44228110889,152.313191304923,126.740613744741,1.88442153068404,17.2684071041704,15.3839855734864,95.9762224702011,45.4218681488458,0.79852179838282,0.406222975008261,6.1077733892138,6.72325327937776,16.2092456052639,154.338564609921,52.0101597571688,222.557969972353,332.335393330064,NaN,2.74086309204336e-16,0
1,5.00941509703196,0.155,0.3504,11.5,0.01526,763,14.497,0.019,1.9,762,1,0.909109697923758,138.469399337022,743.386917416819,152.313191304923,126.740613744741,1.92414753380492,16.4906235955423,14.5664760617374,94.574364204403,44.3799620296345,0.798235765936259,0.406012283330019,5.78008792289941,6.35949897970953,17.1835549329022,154.141390751483,53.3043520765137,224.629297760899,332.335393330064,NaN,2.74086309204336e-16,0
1,5.00941509703196,0.155,0.3504,11.5,0.01526,763,15.26,0.02,2,762,1,0.909109697923758,138.469399337022,742.331167495775,152.313191304923,126.740613744741,1.96190276760398,15.7926048057169,13.830702038113,93.2252732212147,43.4307479281596,0.797948815066473,0.405801080549794,5.4851608736589,6.03210744502546,18.1582208262372,153.94408716081,54.5498297621951,226.652137749242,332.335393330064,NaN,2.74086309204336e-16,0
1,5.11831542522831,0.155,0.3504,11.75,0.01526,763,1.526,0.002,0.2,762,1,0.909109697923758,135.52324190432,761.280608666562,149.072485106946,124.044004941661,0.293523008760471,138.043592708774,137.750069700014,136.321300886141,164.058256066962,0.807170132388712,0.412673204645921,55.5920310332487,62.0878498189974,0.664140420649603,157.131912816318,11.7718638779237,169.567917114891,337.110296219754,NaN,5.20417042793042e-17,0
1,5.11831542522831,0.155,0.3504,11.75,0.01526,763,2.289,0.003,0.3,762,1,0.909109697923758,135.52324190432,760.236786539949,149.072485106946,124.044004941661,0.575512745591913,92.3623850875567,91.7868723419648,129.446243020978,123.415170840121,0.806905372663784,0.412473384199594,37.0239598148221,41.331766437742,1.62779460166316,156.938600169449,18.1189014502841,176.685296221397,337.110296219754,NaN,5.20417042793042e-17,0
1,5.11831542522831,0.155,0.3504,11.75,0.01526,763,3.052,0.004,0.4,762,1,0.909109697923758,135.52324190432,759.192614718086,149.072485106946,124.044004941661,0.775933029991524,69.5811377018958,68.8052046719042,124.613469172506,101.78690685526,0.806639795832675,0.412273100018199,27.739878144667,30.9536658056623,2.59177162052543,156.745170975338,22.5805071264204,181.917449722283,337.110296219754,NaN,5.20417042793042e-17,0
1,5.11831542522831,0.155,0.3504,11.75,0.01526,763,3.815,0.005,0.5,762,1,0.909109697923758,135.52324190432,758.14809188524,149.072485106946,124.044004941661,0.931658824131308,55.9478074688242,55.0161486446929,120.716759923833,88.2910465334778,0.806373397815747,0.412072350075303,22.1693921601568,24.7267581355929,3.55607269191823,156.551624767592,26.1779401218892,186.285637581399,337.110296219754,NaN,5.20417042793042e-17,0
1,5.11831542522831,0.155,0.3504,11.75,0.01526,763,4.578,0.006,0.6,762,1,0.909109697923758,135.52324190432,757.103216717851,149.072485106946,124.044004941661,1.0591152244113,46.8825134684376,45.8233982440263,117.389352445815,79.0075724855759,0.806106174504709,0.411871132331249,18.4557039064414,20.5754468312727,4.52069903774867,156.357961076902,29.2497950350746,190.128455149725,337.110296219754,NaN,5.20417042793042e-17,0
1,5.11831542522831,0.155,0.3504,11.75,0.01526,763,5.341,0.007,0.7,762,1,0.909109697923758,135.52324190432,756.05798788447,149.072485106946,124.044004941661,1.16706388162809,40.424171914886,39.2571080332579,114.455187605165,72.1947318527682,0.805838121762367,0.411669444733049,15.8030428308884,17.6101904938388,5.48565188720759,156.164179431015,31.9586092519659,193.608440570189,337.110296219754,NaN,5.20417042793042e-17,0
1,5.11831542522831,0.155,0.3504,11.75,0.01526,763,6.104,0.008,0.8,762,1,0.909109697923758,135.52324190432,755.012404045693,149.072485106946,124.044004941661,1.26073472413901,35.5930900172429,34.3323552931039,111.813594010532,66.9598792001729,0.805569235422349,0.411467285214261,13.8135236566933,15.38621842345,6.45093247682966,155.970279354712,34.397322368986,196.818534200527,337.110296219754,NaN,5.20417042793042e-17,0
1,5.11831542522831,0.155,0.3504,11.75,0.01526,763,6.867,0.009,0.9,762,1,0.909109697923758,135.52324190432,753.966463854096,149.072485106946,124.044004941661,1.34350116619509,31.8454619004074,30.5019607342123,109.400609991474,62.7972880377001,0.805299511288845,0.411264651694872,12.2660990074156,13.6564357864943,7.41654205055415,155.776260369775,36.6249836528384,199.817786073168,337.110296219754,NaN,5.20417042793042e-17,0
1,5.11831542522831,0.155,0.3504,11.75,0.01526,763,7.63,0.01,1,762,1,0.909109697923758,135.52324190432,752.920165954166,149.072485106946,124.044004941661,1.41766655427229,28.8552833364626,27.4376167821903,107.172599928251,59.3983999916065,0.805028945136329,0.411061542081184,11.0281404567942,12.2725856824726,8.38248185978591,155.582121994972,38.6818774070754,202.646481261834,337.110296219754,NaN,5.20417042793042e-17,0
1,5.11831542522831,0.155,0.3504,11.75,0.01526,763,8.393,0.011,1.1,762,1,0.909109697923758,135.52324190432,751.873508982242,149.072485106946,124.044004941661,1.4848737743128,26.415274208747,24.9304004344342,105.098220959627,56.5639097002582,0.804757532709293,0.410857954265684,10.0152480968443,11.140322810763,9.34875316345637,155.387863746022,40.5969392889383,205.333556198417,337.110296219754,NaN,5.20417042793042e-17,0
1,5.11831542522831,0.155,0.3504,11.75,0.01526,763,9.156,0.012,1.2,762,1,0.909109697923758,135.52324190432,750.826491566435,149.072485106946,124.044004941661,1.54633587497295,24.3873655635182,22.8410296885452,103.154061834954,54.1591237380452,0.804485269721966,0.41065388612693,9.17115532190677,10.1967503040039,10.3153572280874,155.193485135572,42.3917825110548,207.900624874715,337.110296219754,NaN,5.20417042793042e-17,0
1,5.11831542522831,0.155,0.3504,11.75,0.01526,763,9.919,0.013,1.3,762,1,0.909109697923758,135.52324190432,749.779112326572,149.072485106946,124.044004941661,1.60297406103541,22.6760526032804,21.073078542245,101.322089633499,52.0896042085375,0.804212151858032,0.410449335529422,8.4569083277506,9.39832417683798,11.2822953278535,154.998985673172,44.0830550242763,210.364336025301,337.110296219754,NaN,5.20417042793042e-17,0
1,5.11831542522831,0.155,0.3504,11.75,0.01526,763,10.682,0.014,1.4,762,1,0.909109697923758,135.52324190432,748.731369874119,149.072485106946,124.044004941661,1.65550440165036,21.2131756806921,19.5576712790417,99.5880649536991,50.2870873407928,0.803938174770352,0.410244300323483,7.84468296820378,8.71394158233791,12.249568744645,154.804364865243,45.6839026112992,212.737836221187,337.110296219754,NaN,5.20417042793042e-17,0
1,5.11831542522831,0.155,0.3504,11.75,0.01526,763,11.445,0.015,1.5,762,1,0.909109697923758,135.52324190432,747.683262812115,149.072485106946,124.044004941661,1.70449455142194,19.9487935910519,18.24429903963,97.9405112160514,48.7009445919852,0.803663334080674,0.410038778345127,7.31407486913125,8.12079376586128,13.2171787681333,154.609622215057,47.204920423865,215.031721407056,337.110296219754,NaN,5.20417042793042e-17,0
1,5.11831542522831,0.155,0.3504,11.75,0.01526,763,12.208,0.016,1.6,762,1,0.909109697923758,135.52324190432,746.634789735101,149.072485106946,124.044004941661,1.75040212814038,18.8454823071555,17.0950801790151,96.3700182328169,47.2927932956603,0.803387625379342,0.409832767415935,6.84978074967127,7.60177416121023,14.1851266958356,154.414757222704,48.6547959256011,217.254679844141,337.110296219754,NaN,5.20417042793042e-17,0
1,5.11831542522831,0.155,0.3504,11.75,0.01526,763,12.971,0.017,1.7,762,1,0.909109697923758,135.52324190432,745.585949229046,149.072485106946,124.044004941661,1.79360143533195,17.874647815279,16.0810463799471,94.8687563959018,46.032977316538,0.803111044225007,0.409626265342923,6.44009810068247,7.14380127638167,15.1534138331813,154.219769385065,50.0407573926507,219.413940610897,337.110296219754,NaN,5.20417042793042e-17,0
1,5.11831542522831,0.155,0.3504,11.75,0.01526,763,13.734,0.018,1.8,762,1,0.909109697923758,135.52324190432,744.536739871279,149.072485106946,124.044004941661,1.83440253505368,17.0140692635964,15.1796667285427,93.4301285054336,44.898200411216,0.802833586144327,0.409419269918417,6.0759249703752,6.73670061740075,16.1220414935778,154.024658195785,51.3688953447276,221.51559503409,337.110296219754,NaN,5.20417042793042e-17,0
1,5.11831542522831,0.155,0.3504,11.75,0.01526,763,14.497,0.019,1.9,762,1,0.909109697923758,135.52324190432,743.487160230413,149.072485106946,124.044004941661,1.87306515706736,16.2462188178314,14.3731536607641,92.0485143848954,43.8698935474995,0.80255524663167,0.409211778919915,5.75007560711182,6.37243968883852,17.0910109984772,153.829423145244,52.6443983158364,223.564832459558,337.110296219754,NaN,5.20417042793042e-17,0
1,5.11831542522831,0.155,0.3504,11.75,0.01526,763,15.26,0.02,2,762,1,0.909109697923758,135.52324190432,742.437208866273,149.072485106946,124.044004941661,1.90980903612263,15.557086161076,13.6472771249534,90.7190797424576,42.9330629775334,0.802276021148806,0.409003790109956,5.456801409367,6.04459249417425,18.0603236774461,153.634063720531,53.8717293130499,225.566116711027,337.110296219754,NaN,5.20417042793042e-17,0
1,5.22721575342466,0.155,0.3504,12,0.01526,763,1.526,0.002,0.2,762,1,0.909109697923758,132.699841031313,761.284237937879,145.966808333885,121.45975483871,0.285957433340424,136.212329087747,135.926371654407,133.353126477697,161.958922112304,0.811188321423727,0.415724775504611,55.2772548182651,62.154286822183,0.660789885736054,156.789853240025,11.6449220118862,169.095565137647,341.746330782662,NaN,2.74086309204336e-16,0
1,5.22721575342466,0.155,0.3504,12,0.01526,763,2.289,0.003,0.3,762,1,0.909109697923758,132.699841031313,760.245690805625,145.966808333885,121.45975483871,0.560674922655013,91.1331311973176,90.5724562746626,126.555745302127,121.869420671489,0.810930391875828,0.415527812687307,36.8150364185226,41.377251287397,1.61957420411773,156.598295288292,17.9202486434795,176.138118135889,341.746330782662,NaN,2.74086309204336e-16,0
1,5.22721575342466,0.155,0.3504,12,0.01526,763,3.052,0.004,0.4,762,1,0.909109697923758,132.699841031313,759.206806441509,145.966808333885,121.45975483871,0.755923156094007,68.6513556562839,67.8954325001899,121.779196263144,100.531740187917,0.810671672567804,0.415330397354585,27.5838827090526,30.9886759534993,2.57866985417719,156.406625347572,22.3299477051078,181.315242906857,341.746330782662,NaN,2.74086309204336e-16,0
1,5.22721575342466,0.155,0.3504,12,0.01526,763,3.815,0.005,0.5,762,1,0.909109697923758,132.699841031313,758.167583591895,145.966808333885,121.45975483871,0.907627641896214,55.1967927901675,54.2891651482713,117.928857207236,87.215756806118,0.810412159594413,0.415132527551754,22.0451547479678,24.7554845663165,3.53807799326757,156.214842975549,25.8845718455111,185.637492814328,341.746330782662,NaN,2.74086309204336e-16,0
1,5.22721575342466,0.155,0.3504,12,0.01526,763,4.578,0.006,0.6,762,1,0.909109697923758,132.699841031313,757.128020995788,145.966808333885,121.45975483871,1.03179056406895,46.2500663875639,45.2182758234949,114.641813047625,78.05527791315,0.810151849023285,0.414934201311528,18.3526395540343,20.5999850406045,4.49779978553746,156.022947727174,28.9191634361914,189.439910948903,341.746330782662,NaN,2.74086309204336e-16,0
1,5.22721575342466,0.155,0.3504,12,0.01526,763,5.341,0.007,0.7,762,1,0.909109697923758,132.699841031313,756.08811738477,145.966808333885,121.45975483871,1.13694797881114,39.8759789056248,38.7390309268137,111.743852923423,71.3322637417046,0.809890736894677,0.414735416653916,15.7151029919144,17.6317379108103,5.45783640198653,155.830939154648,31.5945535423186,192.883329098953,341.746330782662,NaN,2.74086309204336e-16,0
1,5.22721575342466,0.155,0.3504,12,0.01526,763,6.104,0.008,0.8,762,1,0.909109697923758,132.699841031313,755.047871482945,145.966808333885,121.45975483871,1.22819515439288,35.1077588122019,33.879563657809,109.135362975776,66.1661528274024,0.809628819221224,0.414536171586115,13.7369279934785,15.4055234437627,6.4181890205206,155.638816807393,34.0027054487533,196.059711276667,341.746330782662,NaN,2.74086309204336e-16,0
1,5.22721575342466,0.155,0.3504,12,0.01526,763,6.867,0.009,0.9,762,1,0.909109697923758,132.699841031313,754.007282006872,145.966808333885,121.45975483871,1.30881864635516,31.4087666618014,30.0999480154463,106.753053867459,62.0580345027627,0.80936609198769,0.414336464102398,12.1983272982415,13.6739973429021,7.37885882600751,155.446580232031,36.2020477257229,199.027486783762,341.746330782662,NaN,2.74086309204336e-16,0
1,5.22721575342466,0.155,0.3504,12,0.01526,763,7.63,0.01,1,762,1,0.909109697923758,132.699841031313,752.966347665509,145.966808333885,121.45975483871,1.38106249448272,28.457290892859,27.0762283983763,104.553748945557,58.7034934098235,0.809102551150715,0.414136292184,10.9674285495374,12.2887530299728,8.33984701033484,155.254228972362,38.2324409596654,201.826516942363,341.746330782662,NaN,2.74086309204336e-16,0
1,5.22721575342466,0.155,0.3504,12,0.01526,763,8.393,0.011,1.1,762,1,0.909109697923758,132.699841031313,751.92506716015,145.966808333885,121.45975483871,1.44652728351007,26.0487785249463,24.6022512414362,102.506435226633,55.9058914855089,0.808838192638555,0.413935653799008,9.96031297459941,11.1553499548828,9.30115477246645,155.061762569337,40.1225162653973,204.4854336072,341.746330782662,NaN,2.74086309204336e-16,0
1,5.22721575342466,0.155,0.3504,12,0.01526,763,9.156,0.012,1.2,762,1,0.909109697923758,132.699841031313,750.883439184358,145.966808333885,121.45975483871,1.50639482829996,24.0469756621997,22.5405808338997,100.587948014395,53.5323325678745,0.808573012350831,0.413734546902241,9.12103472459892,10.2108277506339,10.2627833184998,154.869180561033,41.8936592371346,207.025623116667,341.746330782662,NaN,2.74086309204336e-16,0
1,5.22721575342466,0.155,0.3504,12,0.01526,763,9.919,0.013,1.3,762,1,0.909109697923758,132.699841031313,749.841462423908,145.966808333885,121.45975483871,1.56156261421199,22.3576319896703,20.7960693754583,98.7804444203604,51.4896354554035,0.808307006158257,0.41353296943514,8.41086205774413,9.41159847059174,11.2247338617257,154.676482482632,43.5623423883915,209.463558732749,341.746330782662,NaN,2.74086309204336e-16,0
1,5.22721575342466,0.155,0.3504,12,0.01526,763,10.682,0.014,1.4,762,1,0.909109697923758,132.699841031313,748.799135556718,145.966808333885,121.45975483871,1.61272827278693,20.9134824238537,19.3007541510668,97.069835193158,49.7104424761007,0.808040169902384,0.413330919325647,7.80212944390748,8.72652786692552,12.1870076226868,154.483667866395,45.1415728835553,211.812248372637,341.746330782662,NaN,2.74086309204336e-16,0
1,5.22721575342466,0.155,0.3504,12,0.01526,763,11.445,0.015,1.5,762,1,0.909109697923758,132.699841031313,747.756457252787,145.966808333885,121.45975483871,1.66044484238278,19.6652406782344,18.0047958358516,95.4447648463801,48.1447955139665,0.807772499395325,0.413128394488087,7.27454882740225,8.13278415767226,13.1496058292368,154.290736241635,46.6418340815,214.082176152372,341.746330782662,NaN,2.74086309204336e-16,0
1,5.22721575342466,0.155,0.3504,12,0.01526,763,12.208,0.016,1.6,762,1,0.909109697923758,132.699841031313,746.71342617413,145.966808333885,121.45975483871,1.7051581577602,18.5759730934379,16.8708149356777,93.8959225445895,46.7548190332199,0.807503990419491,0.41292539282305,6.81290416621775,7.61324350615162,14.1125297166014,154.097687134694,48.0717217240375,216.281938575333,341.746330782662,NaN,2.74086309204336e-16,0
1,5.22721575342466,0.155,0.3504,12,0.01526,763,12.971,0.017,1.7,762,1,0.909109697923758,132.699841031313,745.670040974708,145.966808333885,121.45975483871,1.74723288458226,17.6174600156273,15.870227131045,92.4155613962468,45.5112479000006,0.807234638727312,0.412721912217267,6.4055596632893,7.15481121352853,15.0757805274394,153.904520068914,49.4383877235785,218.418688319932,341.746330782662,NaN,2.74086309204336e-16,0
1,5.22721575342466,0.155,0.3504,12,0.01526,763,13.734,0.018,1.8,762,1,0.909109697923758,132.699841031313,744.626300300366,145.966808333885,121.45975483871,1.78697110112432,16.7677712741436,14.9808001730193,90.9971539419599,44.3910924008273,0.80696444004096,0.41251795054349,6.04346525401142,6.74730251385494,16.0393595119044,153.711234564616,50.747858215586,220.498452292107,341.746330782662,NaN,2.74086309204336e-16,0
1,5.22721575342466,0.155,0.3504,12,0.01526,763,14.497,0.019,1.9,762,1,0.909109697923758,132.699841031313,743.582202788763,145.966808333885,121.45975483871,1.8246258493156,16.0096081350269,14.1849822857113,89.6351394547281,43.376027362489,0.806693390052071,0.412313505660365,5.71947615032583,6.38267680225629,17.0032679277054,153.517830139071,52.0052668504086,222.526364917185,341.746330782662,NaN,2.74086309204336e-16,0
1,5.22721575342466,0.155,0.3504,12,0.01526,763,15.26,0.02,2,762,1,0.909109697923758,132.699841031313,742.537747069305,145.966808333885,121.45975483871,1.86041120585884,15.3291432538707,13.4687320480118,88.3247348114388,42.451255580149,0.80642148442146,0.412108575412312,5.427876521583,6.05450159466194,17.9675070401728,153.32430630647,53.2150293962771,224.50684274292,341.746330782662,NaN,2.74086309204336e-16,0
1,5.336116081621,0.155,0.3504,12.25,0.01526,763,1.526,0.002,0.2,762,1,0.909109697923758,129.991681010266,761.287684814346,142.987893878091,118.980984331797,0.278772071687585,134.430781440981,134.152009369293,130.507482722559,159.917554193915,0.815042458421156,0.418686006137814,54.9590849921974,62.1982973050291,0.657607737328045,156.450408624226,11.5218868082643,168.629903169818,346.24957169295,NaN,5.20417042793042e-17,0
1,5.336116081621,0.155,0.3504,12.25,0.01526,763,2.289,0.003,0.3,762,1,0.909109697923758,129.991681010266,760.254147418097,142.987893878091,118.980984331797,0.546582997164525,89.9374355394509,89.3908525422864,123.785386232676,120.366971987127,0.814791015483831,0.41849176950196,36.6038057232517,41.4077392188532,1.6117670789788,156.260511271821,17.7277107915816,175.599989142381,346.24957169295,NaN,5.20417042793042e-17,0
1,5.336116081621,0.155,0.3504,12.25,0.01526,763,3.052,0.004,0.4,762,1,0.909109697923758,129.991681010266,759.220284441843,142.987893878091,118.980984331797,0.736919437809662,67.7471301768809,67.0102107390712,119.063329360518,99.3121502725659,0.814538808428929,0.418297090894622,27.4261230340098,31.0124039224554,2.56622699533908,156.070506171732,22.0871028104155,180.723835977487,346.24957169295,NaN,5.20417042793042e-17,0
1,5.336116081621,0.155,0.3504,12.25,0.01526,763,3.815,0.005,0.5,762,1,0.909109697923758,129.991681010266,758.186094689125,142.987893878091,118.980984331797,0.884805109935014,54.4665798474289,53.5817747374939,115.257930499231,86.1712584049765,0.814285833512622,0.418101968427616,21.9194788544156,24.7751576121298,3.52098859097733,155.880392903693,25.6002382667433,185.001619761413,346.24957169295,NaN,5.20417042793042e-17,0
1,5.336116081621,0.155,0.3504,12.25,0.01526,763,4.578,0.006,0.6,762,1,0.909109697923758,129.991681010266,757.151576956544,142.987893878091,118.980984331797,1.00584051511115,45.6352819775187,44.6294414624075,112.010003980517,77.1305029484198,0.814032086965338,0.417906400200734,18.248353827211,20.6169556861398,4.47605297686972,155.690171044876,28.5987165415224,188.764940563268,346.24957169295,NaN,5.20417042793042e-17,0
1,5.336116081621,0.155,0.3504,12.25,0.01526,763,5.341,0.007,0.7,762,1,0.909109697923758,129.991681010266,756.116730033705,142.987893878091,118.980984331797,1.10834743966728,39.3432284631835,38.2348810235162,109.147130391142,70.4949272614886,0.813777564991539,0.41771038430164,15.6260967987911,17.646779029023,5.43142127044939,155.499840169874,31.2417148395819,192.172976279905,346.24957169295,NaN,5.20417042793042e-17,0
1,5.336116081621,0.155,0.3504,12.25,0.01526,763,6.104,0.008,0.8,762,1,0.909109697923758,129.991681010266,755.081552703163,142.987893878091,118.980984331797,1.19729325165968,34.6362217264959,33.4389284748362,106.570720898061,65.3957322954386,0.81352226376948,0.417513918805773,13.6593821919175,15.4191180826675,6.38709459565902,155.309399850673,33.6202501443148,195.316744590647,346.24957169295,NaN,5.20417042793042e-17,0
1,5.336116081621,0.155,0.3504,12.25,0.01526,763,6.867,0.009,0.9,762,1,0.909109697923758,129.991681010266,754.046043740365,142.987893878091,118.980984331797,1.27588200819433,30.9845964093771,29.7087144011827,104.218137835294,61.3406416447163,0.81326617945098,0.417317001776234,12.1296957966224,13.6864675366703,7.34307408300259,155.118849656635,35.792149404559,198.254073144197,346.24957169295,NaN,5.20417042793042e-17,0
1,5.336116081621,0.155,0.3504,12.25,0.01526,763,7.63,0.01,1,762,1,0.909109697923758,129.991681010266,753.010201913593,142.987893878091,118.980984331797,1.34630141954609,28.0708185723106,26.7245171527645,102.046649414857,58.0292725243438,0.813009308161181,0.417119631263687,10.9059290865711,12.3003242044811,8.29936086959898,154.928189154475,37.796862508473,201.024412532548,346.24957169295,NaN,5.20417042793042e-17,0
1,5.336116081621,0.155,0.3504,12.25,0.01526,763,8.393,0.011,1.1,762,1,0.909109697923758,129.991681010266,751.97402598391,142.987893878091,118.980984331797,1.41011189275871,25.6929893900313,24.2828774972726,100.025562397641,55.2675830284808,0.81275164599831,0.416921805306247,9.90464936286221,11.1661860580127,9.25595609923365,154.737417908239,39.6627253836467,203.65609939112,346.24957169295,NaN,5.20417042793042e-17,0
1,5.336116081621,0.155,0.3504,12.25,0.01526,763,9.156,0.012,1.2,762,1,0.909109697923758,129.991681010266,750.937514705094,142.987893878091,118.980984331797,1.46846557684156,23.7166215227656,22.248155945924,98.1319510694263,52.924426304116,0.812493189033433,0.416723521929376,9.07023482592831,10.2210517449463,10.2128609224143,154.54653547928,41.4109029965988,206.170299398293,346.24957169295,NaN,5.20417042793042e-17,0
1,5.336116081621,0.155,0.3504,12.25,0.01526,763,9.919,0.013,1.3,762,1,0.909109697923758,129.991681010266,749.900666823586,142.987893878091,118.980984331797,1.52223742845496,22.0486856651719,20.5264482367169,96.3481567388518,50.9078443036842,0.812233933310215,0.41652477914577,8.36417807578985,9.42130494420389,11.1700764964243,154.355541426236,43.0576978104854,208.583315733145,346.24957169295,NaN,5.20417042793042e-17,0
1,5.336116081621,0.155,0.3504,12.25,0.01526,763,10.682,0.014,1.4,762,1,0.909109697923758,129.991681010266,748.863481078428,142.987893878091,118.980984331797,1.57210756711043,20.6227874634001,19.0506798962896,94.6602356951932,49.1513612653744,0.811973874844666,0.416325574955252,7.75897382648604,8.73579114050333,12.1276039853772,154.164435305007,44.6159826269036,210.908021917288,346.24957169295,NaN,5.20417042793042e-17,0
1,5.336116081621,0.155,0.3504,12.25,0.01526,763,11.445,0.015,1.5,762,1,0.909109697923758,129.991681010266,747.825956201202,142.987893878091,118.980984331797,1.61861514867036,19.3902781257071,17.7716629770368,93.0569498284205,47.6056715999103,0.811713009624892,0.416125907344658,7.23445153473336,8.14166368909186,13.0854445602734,153.973216668733,46.0961324431263,213.154793672133,346.24957169295,NaN,5.20417042793042e-17,0
1,5.336116081621,0.155,0.3504,12.25,0.01526,763,12.208,0.016,1.6,762,1,0.909109697923758,129.991681010266,746.788090915971,142.987893878091,118.980984331797,1.66219481639092,18.3147013341974,16.6525065178065,91.5290846066155,46.233393360632,0.811451333610842,0.415925774287726,6.77548329283703,7.6217876062043,14.0435993990552,153.78188506777,47.5066540937787,215.332138560604,346.24957169295,NaN,5.20417042793042e-17,0
1,5.336116081621,0.155,0.3504,12.25,0.01526,763,12.971,0.017,1.7,762,1,0.909109697923758,129.991681010266,745.749883939215,142.987893878091,118.980984331797,1.70320208191127,17.3682018650863,15.6649997831751,90.0689733170458,45.0056419738266,0.81118884273405,0.415725173744978,6.37050070057502,7.16305966877131,15.0020696866643,153.590440049666,48.8546254703813,217.447135206711,346.24957169295,NaN,5.20417042793042e-17,0
1,5.336116081621,0.155,0.3504,12.25,0.01526,763,13.734,0.018,1.8,762,1,0.909109697923758,129.991681010266,744.711333979774,142.987893878091,118.980984331797,1.7419314405308,16.5291325301609,14.7872010896301,88.6701561016192,43.899726070168,0.810925532897374,0.41552410366361,6.01050611312057,6.75528848089162,15.960856615099,153.398881159134,50.1460102990336,219.505748073267,346.24957169295,NaN,5.20417042793042e-17,0
1,5.336116081621,0.155,0.3504,12.25,0.01526,763,14.497,0.019,1.9,762,1,0.909109697923758,129.991681010266,743.672439738778,142.987893878091,118.980984331797,1.77862958209636,15.7804176371604,14.0017880550641,87.3271298597199,42.8975578232985,0.810661399974738,0.415322561977372,5.68839612646293,6.39042820352352,16.9199613834705,153.207207938035,51.3858890295378,221.513058351043,346.24957169295,NaN,5.20417042793042e-17,0
1,5.336116081621,0.155,0.3504,12.25,0.01526,763,15.26,0.02,2,762,1,0.909109697923758,129.991681010266,742.63319990959,142.987893878091,118.980984331797,1.81350520931952,15.1084079827395,13.29490277342,86.0351610681102,41.9845313229806,0.81039643981086,0.415120546606451,5.39848801720185,6.0620421652688,17.8793851980646,153.015419925346,52.5786316396352,223.473436763046,346.24957169295,NaN,5.20417042793042e-17,0
1,5.44501640981735,0.155,0.3504,12.5,0.01526,763,1.526,0.002,0.2,762,1,0.909109697923758,127.391847390061,761.290962709,140.128136000529,116.601364645161,0.271938963958644,132.697138095603,132.425199131644,127.776976547121,157.931926024542,0.818742389697975,0.421561454108644,54.6383319128031,62.2217089243217,0.654581592539705,156.113954001921,11.4025619348215,168.171097529282,350.62575184799,NaN,5.20417042793042e-17,0
1,5.44501640981735,0.155,0.3504,12.5,0.01526,763,2.289,0.003,0.3,762,1,0.909109697923758,127.391847390061,760.262189309149,140.128136000529,116.601364645161,0.533182101504164,88.7740604543209,88.2408783528168,121.127892964911,118.906097444768,0.818497115093212,0.421369821672009,36.3908111501958,41.4244512289942,1.60434282369745,155.925630482125,17.5409805700886,175.070953875911,350.62575184799,NaN,5.20417042793042e-17,0
1,5.44501640981735,0.155,0.3504,12.5,0.01526,763,3.052,0.004,0.4,762,1,0.909109697923758,127.391847390061,759.23310124372,140.128136000529,116.601364645161,0.71884784297809,66.8675049210076,66.1486570780295,116.45868271339,98.1266771354707,0.818251100460298,0.421177757191416,27.2670090809126,31.0257673834595,2.55439455339225,155.737203169453,21.8515847105756,180.143182433421,350.62575184799,NaN,5.20417042793042e-17,0
1,5.44501640981735,0.155,0.3504,12.5,0.01526,763,3.815,0.005,0.5,762,1,0.909109697923758,127.391847390061,758.203697369027,140.128136000529,116.601364645161,0.863102273997123,53.7563776816642,52.893275407667,112.696865940801,85.1562582460263,0.818004342205153,0.420985258840481,21.7926943718104,24.7865129516027,3.50473783747068,155.548671663891,25.3244852830845,184.377894784446,350.62575184799,NaN,5.20417042793042e-17,0
1,5.44501640981735,0.155,0.3504,12.5,0.01526,763,4.578,0.006,0.6,762,1,0.909109697923758,127.391847390061,757.173976534832,140.128136000529,116.601364645161,0.981163884308544,45.0374772584733,44.0563133741647,109.486874018983,76.2320691216019,0.817756836709227,0.420792324781322,18.1431232446326,20.6269731209015,4.4553737378308,155.360035563018,28.2879424254589,188.103351726308,350.62575184799,NaN,5.20417042793042e-17,0
1,5.44501640981735,0.155,0.3504,12.5,0.01526,763,5.341,0.007,0.7,762,1,0.909109697923758,127.391847390061,756.143937584289,140.128136000529,116.601364645161,1.08115068329656,38.8253131024044,37.7441624191079,106.6580250128,69.6816278425555,0.817508580329285,0.420598953164459,15.5362626510861,17.6558415427145,5.40630332247091,155.171294461988,30.89952930675,191.477127091209,350.62575184799,NaN,5.20417042793042e-17,0
1,5.44501640981735,0.155,0.3504,12.5,0.01526,763,6.104,0.008,0.8,762,1,0.909109697923758,127.391847390061,755.11357935389,140.128136000529,116.601364645161,1.16790840216224,34.1779266646684,33.0100182625062,104.112724241596,64.6475873064269,0.817259569397187,0.42040514212872,13.5810960666112,15.4274650423534,6.35752766553695,154.982447953505,33.2493451111603,194.589320730202,350.62575184799,NaN,5.20417042793042e-17,0
1,5.44501640981735,0.155,0.3504,12.5,0.01526,763,6.867,0.009,0.9,762,1,0.909109697923758,127.391847390061,754.082900673418,140.128136000529,116.601364645161,1.24456263958706,30.5724411654728,29.3278785258857,101.788966086746,60.6441301001513,0.817009800219668,0.42021088980114,12.0603920883047,13.6942585224402,7.30904784737219,154.793495627808,35.3946332828639,197.497176758044,350.62575184799,NaN,5.20417042793042e-17,0
1,5.44501640981735,0.155,0.3504,12.5,0.01526,763,7.63,0.01,1,762,1,0.909109697923758,127.391847390061,753.051900365888,140.128136000529,116.601364645161,1.31324753484094,27.6953893163661,26.3821417815251,99.6444502317782,57.3747994109959,0.816759269078113,0.420016194296862,10.8438118740889,12.3076709242501,8.26086495456587,154.604437072647,37.3744453765153,200.239747403729,350.62575184799,NaN,5.20417042793042e-17,0
1,5.44501640981735,0.155,0.3504,12.5,0.01526,763,8.393,0.011,1.1,762,1,0.909109697923758,127.391847390061,752.020577247497,140.128136000529,116.601364645161,1.37548528481936,25.3474560414735,23.9719707566542,97.6487935575197,54.648080831862,0.816507972228335,0.419821053719033,9.84841252415242,11.1731697555947,9.21298008000217,154.415271873266,39.2168310176944,202.845082970963,350.62575184799,NaN,5.20417042793042e-17,0
1,5.44501640981735,0.155,0.3504,12.5,0.01526,763,9.156,0.012,1.2,762,1,0.909109697923758,127.391847390061,750.988930127568,140.128136000529,116.601364645161,1.43239982545074,23.3958737610035,21.9634739355527,95.7793021399337,52.3345305420847,0.816255905900342,0.419625466158707,9.01889877167008,10.2277333547637,10.1653943229121,154.225999612379,40.9427411847564,205.334135120047,350.62575184799,NaN,5.20417042793042e-17,0
1,5.44501640981735,0.155,0.3504,12.5,0.01526,763,9.919,0.013,1.3,762,1,0.909109697923758,127.391847390061,749.956957808493,140.128136000529,116.601364645161,1.48484468795877,21.7488018794093,20.2639571914505,94.0184959427703,50.3433812836136,0.816003066298109,0.419429429694738,8.31698927780646,9.42773134033906,11.1181087889233,154.036619870147,42.5683134068715,207.723042065942,350.62575184799,NaN,5.20417042793042e-17,0
1,5.44501640981735,0.155,0.3504,12.5,0.01526,763,10.682,0.014,1.4,762,1,0.909109697923758,127.391847390061,748.924659085682,140.128136000529,116.601364645161,1.53348333741968,20.3406937707462,18.8072104333265,92.3525724179542,48.6090158662783,0.815749449599343,0.419232942393677,7.71534022886036,8.74199915394694,12.0711245901105,153.847132224164,44.106290164604,210.024546978879,350.62575184799,NaN,5.20417042793042e-17,0
1,5.44501640981735,0.155,0.3504,12.5,0.01526,763,11.445,0.015,1.5,762,1,0.909109697923758,127.391847390061,747.892032747506,140.128136000529,116.601364645161,1.57884172705428,19.1235213210431,17.5446795939888,90.7704073018037,47.0827639577657,0.81549505195525,0.419036002309665,7.19389949455162,8.14768278590784,13.0244428450489,153.657536249429,45.5669413525411,212.248920447019,350.62575184799,NaN,5.20417042793042e-17,0
1,5.44501640981735,0.155,0.3504,12.5,0.01526,763,12.208,0.016,1.6,762,1,0.909109697923758,127.391847390061,746.859077575235,140.128136000529,116.601364645161,1.62134385668923,18.0612929793138,16.4399491226246,89.2628794702713,45.7277241366341,0.815239869490291,0.41883860748433,6.73762797695033,7.62764172876859,13.9780646788651,153.467831518326,46.9586875713766,214.404583768568,350.62575184799,NaN,5.20417042793042e-17,0
1,5.44501640981735,0.155,0.3504,12.5,0.01526,763,12.971,0.017,1.7,762,1,0.909109697923758,127.391847390061,745.825792342987,140.128136000529,116.601364645161,1.66133653223858,17.1265083651589,15.4651718329203,87.8223999791465,44.5153823168865,0.814983898301947,0.418640755946675,6.33502518919575,7.16876853546978,14.9319912232907,153.278017600603,48.2885349169112,216.498543740805,350.62575184799,NaN,5.20417042793042e-17,0
1,5.44501640981735,0.155,0.3504,12.5,0.01526,763,13.734,0.018,1.8,762,1,0.909109697923758,127.391847390061,744.792175817669,140.128136000529,116.601364645161,1.69910703738968,16.2977958391983,14.5986888018086,86.4425745398924,43.4233375771501,0.81472713446047,0.418442445712973,5.97714630797551,6.76086852479088,15.8862236167156,153.088094063349,49.5623865815819,218.536704261646,350.62575184799,NaN,5.20417042793042e-17,0
1,5.44501640981735,0.155,0.3504,12.5,0.01526,763,14.497,0.019,1.9,762,1,0.909109697923758,127.391847390061,743.758226758914,140.128136000529,116.601364645161,1.73489602099368,15.5582969001312,13.8234008791375,85.1179559467125,42.4337331564399,0.814469574008638,0.418243674786654,5.65692963048512,6.39589326402307,16.8407630042417,152.898060470971,50.7852714132228,220.524094888436,350.62575184799,NaN,5.20417042793042e-17,0
1,5.44501640981735,0.155,0.3504,12.5,0.01526,763,15.26,0.02,2,762,1,0.909109697923758,127.391847390061,742.723943919031,140.128136000529,116.601364645161,1.76890707496024,14.8945358193986,13.1256287444384,83.8438587861908,41.5321493767964,0.814211212961509,0.418044441158195,5.36872579429956,6.0674040068403,17.7956105377369,152.707916385175,51.9615149746983,222.46504189761,350.62575184799,NaN,5.20417042793042e-17,0
1,5.5539167380137,0.155,0.3504,12.75,0.01526,763,1.526,0.002,0.2,762,1,0.909109697923758,124.893968029471,761.294083751157,137.380525490715,114.315063377609,0.265432826215006,131.00964913627,130.744216310055,125.154796738463,155.999901671098,0.822297189011196,0.424355356345277,54.3157094882363,62.2261948143507,0.651700253615705,155.780798440075,11.2867646006635,167.719263294354,354.880284676383,NaN,5.20417042793042e-17,0
1,5.5539167380137,0.155,0.3504,12.75,0.01526,763,2.289,0.003,0.3,762,1,0.909109697923758,124.893968029471,760.269846257555,137.380525490715,114.315063377609,0.520422620828613,87.6418122608033,87.1213896399747,118.576566219214,117.485147455688,0.822057787326874,0.424166214684934,36.1765315268734,41.4285051166767,1.5972739465807,155.593968576845,17.3597718515391,174.551014374965,354.880284676383,NaN,5.20417042793042e-17,0
1,5.5539167380137,0.155,0.3504,12.75,0.01526,763,3.052,0.004,0.4,762,1,0.909109697923758,124.893968029471,759.245304340919,137.380525490715,114.315063377609,0.701641428962191,66.0115591807193,65.3099177517571,113.958638130815,96.9739311756143,0.821817668284214,0.423976650344395,27.106902144491,31.0296064713181,2.54312868218932,155.407038615847,21.6230324172506,179.573199715287,354.880284676383,NaN,5.20417042793042e-17,0
1,5.5539167380137,0.155,0.3504,12.75,0.01526,763,3.815,0.005,0.5,762,1,0.909109697923758,124.893968029471,758.220456906398,137.380525490715,114.315063377609,0.84243870061828,53.065426289521,52.2229875889027,110.239112273918,84.1695288358756,0.821576828428374,0.423786661554832,21.6650920812741,24.7902241240599,3.48926547120451,155.220008175717,25.0568901138844,183.766163760806,354.880284676383,NaN,5.20417042793042e-17,0
1,5.5539167380137,0.155,0.3504,12.75,0.01526,763,4.578,0.006,0.6,762,1,0.909109697923758,124.893968029471,757.195302852939,137.380525490715,114.315063377609,0.957669174044507,44.4559973056595,43.498328131615,107.065930217644,75.3588601963091,0.821335264281214,0.423596246536404,18.0371915834358,20.6305998230291,4.43568533011705,155.032876872823,27.9863644732445,187.454926676185,354.880284676383,NaN,5.20417042793042e-17,0
1,5.5539167380137,0.155,0.3504,12.75,0.01526,763,5.341,0.007,0.7,762,1,0.909109697923758,124.893968029471,756.169841073232,137.380525490715,114.315063377609,1.05525682231067,38.321651478602,37.2663946562914,104.270096193706,68.8913306553319,0.821092972341084,0.423405403498162,15.4458107560511,17.6594086027339,5.38238928119259,154.845644321248,30.5674719990355,190.795505601476,354.880284676383,NaN,5.20417042793042e-17,0
1,5.5539167380137,0.155,0.3504,12.75,0.01526,763,6.104,0.008,0.8,762,1,0.909109697923758,124.893968029471,755.144070453666,137.380525490715,114.315063377609,1.13993155406664,33.7323463544624,32.5924148003958,101.754980321021,63.920745373525,0.820849949082627,0.423214130637953,13.5022546512653,15.430987980073,6.32937835251393,154.65831013277,32.8894211747158,193.87710966,354.880284676383,NaN,5.20417042793042e-17,0
1,5.5539167380137,0.155,0.3504,12.75,0.01526,763,6.867,0.009,0.9,762,1,0.909109697923758,124.893968029471,754.117989874278,137.380525490715,114.315063377609,1.21474425992849,30.1718148440114,28.9570705840829,99.4591903709381,59.967576777842,0.820606190956563,0.423022426142332,11.9905816310299,13.697747686339,7.27665357802804,154.470873916844,35.0088891642526,196.756416659124,354.880284676383,NaN,5.20417042793042e-17,0
1,5.5539167380137,0.155,0.3504,12.75,0.01526,763,7.63,0.01,1,762,1,0.909109697923758,124.893968029471,753.091598208703,137.380525490715,114.315063377609,1.28177806889275,27.3305492877408,26.048771218848,97.3408447646877,56.7391911606106,0.820361694389484,0.422830288186463,10.7812267121973,12.3111335600194,8.22421599759266,154.283335280579,36.9645409446173,199.472092222789,354.880284676383,NaN,5.20417042793042e-17,0
1,5.5539167380137,0.155,0.3504,12.75,0.01526,763,8.393,0.011,1.1,762,1,0.909109697923758,124.893968029471,752.064894324125,137.380525490715,114.315063377609,1.34251879418366,25.0117504510964,23.6692316569128,95.3698613526138,54.0465353665705,0.820116455783639,0.422637714934027,9.79173945065425,11.1766111344338,9.17206665702115,154.095693828727,38.7841482870257,202.051908772774,354.880284676383,NaN,5.20417042793042e-17,0
1,5.5539167380137,0.155,0.3504,12.75,0.01526,763,9.156,0.012,1.2,762,1,0.909109697923758,124.893968029471,751.037877081225,137.380525490715,114.315063377609,1.39806350726237,23.0843253731808,21.6862618659185,93.5237711631407,51.7618239602247,0.819870471516717,0.422444704537121,8.96715288338917,10.2311574315522,10.1202066081304,153.907949163657,40.4884544942397,204.516610266027,354.880284676383,NaN,5.20417042793042e-17,0
1,5.5539167380137,0.155,0.3504,12.75,0.01526,763,9.919,0.013,1.3,762,1,0.909109697923758,124.893968029471,750.010545334129,137.380525490715,114.315063377609,1.44924533807784,21.4575910072231,20.0083456691452,91.7852675460247,49.7954492505428,0.819623737941634,0.422251255136165,8.26941295883548,9.43114115866663,11.0686369087885,153.720100885337,42.093437025868,206.882174819993,354.880284676383,NaN,5.20417042793042e-17,0
1,5.5539167380137,0.155,0.3504,12.75,0.01526,763,10.682,0.014,1.4,762,1,0.909109697923758,124.893968029471,748.982897930357,137.380525490715,114.315063377609,1.49671189337749,20.066826261872,18.5701143684945,90.1406849534193,48.0826301054585,0.819376251386309,0.422057364859797,7.67133821135386,8.74539710648877,12.0173586229621,153.532148591313,43.6117118841801,209.161219098455,354.880284676383,NaN,5.20417042793042e-17,0
1,5.5539167380137,0.155,0.3504,12.75,0.01526,763,11.445,0.015,1.5,762,1,0.909109697923758,124.893968029471,747.954933710771,137.380525490715,114.315063377609,1.54097655485019,18.8646074731285,17.3236309182783,88.5790096117767,46.5753147913398,0.819128008153443,0.421863031824782,7.15299556592143,8.15107078800908,12.9663728207649,153.344091876694,45.0534469595255,211.363911656984,354.880284676383,NaN,5.20417042793042e-17,0
1,5.5539167380137,0.155,0.3504,12.75,0.01526,763,12.208,0.016,1.6,762,1,0.909109697923758,124.893968029471,746.926651509521,137.380525490715,114.315063377609,1.58245318767167,17.8153957215094,16.2329425338377,87.0912110518485,45.2370698112989,0.818879004520296,0.421668254135902,6.69943521606251,7.63102133778334,13.9156805785067,153.155930334126,46.426979160297,213.498590072929,354.880284676383,NaN,5.20417042793042e-17,0
1,5.5539167380137,0.155,0.3504,12.75,0.01526,763,12.971,0.017,1.7,762,1,0.909109697923758,124.893968029471,745.898050153992,137.380525490715,114.315063377609,1.62148030818655,16.8920362170707,15.2705559088841,85.6697758063317,44.0397418522766,0.818629236738456,0.421473029885861,6.29922495662739,7.17214103500053,14.865282978743,152.967663553773,47.7392449021882,215.572191434705,354.880284676383,NaN,5.20417042793042e-17,0
1,5.5539167380137,0.155,0.3504,12.75,0.01526,763,13.734,0.018,1.8,762,1,0.909109697923758,124.893968029471,744.869128464752,137.380525490715,114.315063377609,1.65833833320687,16.0734256936001,14.4150873603933,84.3083732245328,42.9612128253662,0.818378701033616,0.421277357155179,5.94347307231137,6.76423498552813,15.8151811103237,152.7792911233,48.9960886273256,217.59056086095,354.880284676383,NaN,5.20417042793042e-17,0
1,5.5539167380137,0.155,0.3504,12.75,0.01526,763,14.497,0.019,1.9,762,1,0.909109697923758,124.893968029471,743.839885255492,137.380525490715,114.315063377609,1.69326215936913,15.3429171923756,13.6496550330065,83.0016103491577,41.9838509770263,0.818127393605333,0.421081234012088,5.62515978769421,6.39925458857458,16.7653760684447,152.590812627848,50.202489101451,219.558677797744,354.880284676383,NaN,5.20417042793042e-17,0
1,5.5539167380137,0.155,0.3504,12.75,0.01526,763,15.26,0.02,2,762,1,0.909109697923758,124.893968029471,742.810319332978,137.380525490715,114.315063377609,1.72645051209872,14.6872039542103,12.9607534421116,81.7448484599159,41.0934179796124,0.817875310626799,0.420884658512426,5.33866928226765,6.07076096335307,17.7158689546989,152.402227650013,51.3627287804431,221.480825385155,354.880284676383,NaN,5.20417042793042e-17,0
1,5.66281706621005,0.155,0.3504,13,0.01526,763,1.526,0.002,0.2,762,1,0.909109697923758,122.492160951981,761.2970589364,134.738592308201,112.116696774194,0.259230737774557,129.366627648932,129.107396911157,122.634657861421,154.119434311534,0.825715231876835,0.42707165783635,53.9918467422055,62.2132880463458,0.648953569457793,155.451194656669,11.174324378619,167.274472604746,359.01828493861,NaN,2.74086309204336e-16,0
1,5.66281706621005,0.155,0.3504,13,0.01526,763,2.289,0.003,0.3,762,1,0.909109697923758,122.492160951981,760.277145257616,134.738592308201,112.116696774194,0.508259579138961,86.539541763307,86.031282184168,116.125224922331,116.102547754421,0.825481428427499,0.42688490128938,35.961388830409,41.4209251379972,1.59053552655083,155.265784216582,17.1838178620884,174.040137605221,359.01828493861,NaN,2.74086309204336e-16,0
1,5.66281706621005,0.155,0.3504,13,0.01526,763,3.052,0.004,0.4,762,1,0.909109697923758,122.492160951981,759.256936784649,134.738592308201,112.116696774194,0.685239513802453,65.1784079575495,64.4931684437471,111.557090142895,95.85259021836,0.825246928988926,0.426697730909083,26.9461206852901,31.0246910379298,2.53238963695371,155.080277137791,21.4011093597501,179.013776134495,359.01828493861,NaN,2.74086309204336e-16,0
1,5.66281706621005,0.155,0.3504,13,0.01526,763,3.815,0.005,0.5,762,1,0.909109697923758,122.492160951981,758.236432467938,134.738592308201,112.116696774194,0.822741480665504,52.3929964002634,51.5702549195979,107.878626433614,83.2099050366332,0.825011730236019,0.426510144980359,21.5369283388089,24.7869083415897,3.47451686961871,154.894673056148,24.7970585763634,183.16624850213,359.01828493861,NaN,2.74086309204336e-16,0
1,5.66281706621005,0.155,0.3504,13,0.01526,763,4.578,0.006,0.6,762,1,0.909109697923758,122.492160951981,757.215631252039,134.738592308201,112.116696774194,0.935273448169036,43.8902148022177,42.9549413540486,104.741183879144,74.5098187499157,0.824775828821454,0.426322141777532,17.9307738011287,20.6283512470062,4.41691819893029,154.708971605364,27.6935383100472,186.819428114341,359.01828493861,NaN,2.74086309204336e-16,0
1,5.66281706621005,0.155,0.3504,13,0.01526,763,5.341,0.007,0.7,762,1,0.909109697923758,122.492160951981,756.194532075576,134.738592308201,112.116696774194,1.03057441163624,37.831687761807,36.8011133501708,101.977404045295,68.1230570622753,0.824539221375489,0.42613371956427,15.3549265047535,17.6579229815157,5.35959460474769,154.523172416992,30.245053481441,190.127820503181,359.01828493861,NaN,2.74086309204336e-16,0
1,5.66281706621005,0.155,0.3504,13,0.01526,763,6.104,0.008,0.8,762,1,0.909109697923758,122.492160951981,755.173133871198,134.738592308201,112.116696774194,1.11326386433751,33.2989775731465,32.185713708809,99.4915939155263,63.2142881781808,0.824301904505771,0.425944876593494,13.4230211655622,15.4300751584429,6.30254707244651,154.337275120411,32.5399476628186,193.179769855676,359.01828493861,NaN,2.74086309204336e-16,0
1,5.66281706621005,0.155,0.3504,13,0.01526,763,6.867,0.009,0.9,762,1,0.909109697923758,122.492160951981,754.151435565533,134.738592308201,112.116696774194,1.18632147657246,29.7822543508302,28.5959328742577,97.2229568949052,59.3101111427945,0.824063874797135,0.425755611107289,11.9204104031536,13.6972808959939,7.24577659296162,154.151279342807,34.6343481304705,196.031404066239,359.01828493861,NaN,2.74086309204336e-16,0
1,5.66281706621005,0.155,0.3504,13,0.01526,763,7.63,0.01,1,762,1,0.909109697923758,122.492160951981,753.12943607914,134.738592308201,112.116696774194,1.25178174848576,26.9758668610171,25.7240851125314,95.1300180235651,56.1216161044125,0.82382512881141,0.425565921336815,10.7183057889837,12.3110240648138,8.18928416283105,153.965184709153,36.5665444717351,198.721013343719,359.01828493861,NaN,2.74086309204336e-16,0
1,5.66281706621005,0.155,0.3504,13,0.01526,763,8.393,0.011,1.1,762,1,0.909109697923758,122.492160951981,752.107134326462,134.738592308201,112.116696774194,1.31109580821163,24.6854662187901,23.3743704105785,93.1829874128664,53.4621472488263,0.823585663087214,0.425375805502214,9.73475105006553,11.1767944005131,9.13307078423837,153.778990842197,38.3640386431311,201.276100269567,359.01828493861,NaN,2.74086309204336e-16,0
1,5.66281706621005,0.155,0.3504,13,0.01526,763,9.156,0.012,1.2,762,1,0.909109697923758,122.492160951981,751.084529215777,134.738592308201,112.116696774194,1.36533511692294,22.7815905428115,21.4162554258886,91.3596145361868,51.205534456387,0.823345474139755,0.425185261812524,8.91510867081795,10.2315850599302,10.0771374650574,153.592697362439,40.0473722795434,203.71720710704,359.01828493861,NaN,2.74086309204336e-16,0
1,5.66281706621005,0.155,0.3504,13,0.01526,763,9.919,0.013,1.3,762,1,0.909109697923758,122.492160951981,750.061619649154,134.738592308201,112.116696774194,1.41531335574,21.1746842766356,19.7593709208956,89.6427611146335,49.2632994861051,0.823104558460622,0.424994288465579,8.22155267867721,9.43177592065803,11.0214852188968,153.406303888114,41.6323674005374,206.060156507548,359.01828493861,NaN,2.74086309204336e-16,0
1,5.66281706621005,0.155,0.3504,13,0.01526,763,10.682,0.014,1.4,762,1,0.909109697923758,122.492160951981,749.038404522401,134.738592308201,112.116696774194,1.46166301344089,19.800830453221,18.3391674397801,88.0188946391686,47.5714755489504,0.822862912517578,0.424802883647919,7.62706452158903,8.74620975220173,11.9661150651444,153.219810035173,43.1315171872613,208.317442287579,359.01828493861,NaN,2.74086309204336e-16,0
1,5.66281706621005,0.155,0.3504,13,0.01526,763,11.445,0.015,1.5,762,1,0.909109697923758,122.492160951981,748.014882725015,134.738592308201,112.116696774194,1.50488548709868,18.6131942016494,17.1083087145507,86.4771086322283,46.0826134433717,0.822620532754353,0.424611045534698,7.11183059450384,8.15203791867341,12.9110280290125,153.033215417269,44.5548904746596,210.499133920941,359.01828493861,NaN,2.74086309204336e-16,0
1,5.66281706621005,0.155,0.3504,13,0.01526,763,12.208,0.016,1.6,762,1,0.909109697923758,122.492160951981,746.991053140137,134.738592308201,112.116696774194,1.54538498038896,17.5766775242332,16.0312925438442,85.0084606592225,44.7607354445294,0.822377415590429,0.424418772289583,6.6609906934363,7.63212394297627,13.8562251415842,152.846519645729,45.9107428977312,212.613487685045,359.01828493861,NaN,2.74086309204336e-16,0
1,5.66281706621005,0.155,0.3504,13,0.01526,763,12.971,0.017,1.7,762,1,0.909109697923758,122.492160951981,745.966914644497,134.738592308201,112.116696774194,1.58349210710069,16.6644622921922,15.0809701850915,83.6055105487907,43.5780396434453,0.822133557420827,0.42422606206466,6.26318113279792,7.17336346010026,14.8017074398598,152.659722329545,47.2059432055249,214.66737297493,359.01828493861,NaN,2.74086309204336e-16,0
1,5.66281706621005,0.155,0.3504,13,0.01526,763,13.734,0.018,1.8,762,1,0.909109697923758,122.492160951981,744.942466108364,134.738592308201,112.116696774194,1.61948073776627,15.8557066870598,14.2362259492936,82.2619894496386,42.5126834396649,0.821888954615889,0.424032913000338,5.9095634902855,6.76556418598582,15.7474759668025,152.472823075347,48.4462787871042,216.666577829253,359.01828493861,NaN,2.74086309204336e-16,0
1,5.66281706621005,0.155,0.3504,13,0.01526,763,14.497,0.019,1.9,762,1,0.909109697923758,122.492160951981,743.917706395501,134.738592308201,112.116696774194,1.65358028536557,15.1339698407084,13.4803895553429,80.9725570861418,41.5472542453289,0.821643603521062,0.423839323225247,5.59316006390994,6.40067958043067,16.6935317713864,152.285821487388,49.6366797726148,218.616033031389,359.01828493861,NaN,2.74086309204336e-16,0
1,5.66281706621005,0.155,0.3504,13,0.01526,763,15.26,0.02,2,762,1,0.909109697923758,122.492160951981,742.892634363103,134.738592308201,112.116696774194,1.68598483604773,14.4861096140954,12.8001247780477,79.7326200828357,40.6676903755036,0.821397500456672,0.423645290856139,5.30838869191653,6.07227241112448,17.6398759086438,152.098717167522,50.7813867556967,220.519979831862,359.01828493861,NaN,2.74086309204336e-16,0
1,5.77171739440639,0.155,0.3504,13.25,0.01526,763,1.526,0.002,0.2,762,1,0.909109697923758,120.180988103831,761.299898256021,132.196354717481,110.001287401096,0.253311871399871,127.766450038777,127.513138167377,120.210750536067,152.288564325197,0.829004261470802,0.429714037228573,53.6672978787844,62.1843946014967,0.646332316128735,155.125347190423,11.0650821504137,166.836761656966,363.044588099763,NaN,2.74086309204336e-16,0
1,5.77171739440639,0.155,0.3504,13.25,0.01526,763,2.289,0.003,0.3,762,1,0.909109697923758,120.180988103831,760.284110837196,132.196354717481,110.001287401096,0.496652109498056,85.4661441849699,84.9694920754718,113.768157130821,114.756796700977,0.8287758004029,0.429529567184701,35.7457549261831,41.4026506690977,1.58410491953919,154.941287312067,17.0128695303199,173.538261761926,363.044588099763,NaN,2.74086309204336e-16,0
1,5.77171739440639,0.155,0.3504,13.25,0.01526,763,3.052,0.004,0.4,762,1,0.909109697923758,120.180988103831,759.268037691156,132.196354717481,110.001287401096,0.669586961003288,64.3672016482028,63.6976146871995,109.248397392254,94.7613964951133,0.828546663520368,0.429344691679358,26.7849454053451,31.0117271600128,2.52214130565627,154.75713403898,21.1855013017685,178.464776646405,363.044588099763,NaN,2.74086309204336e-16,0
1,5.77171739440639,0.155,0.3504,13.25,0.01526,763,3.815,0.005,0.5,762,1,0.909109697923758,120.180988103831,758.251677810432,132.196354717481,110.001287401096,0.803944369532048,51.7383889798822,50.9344446103501,105.609825325807,82.2762808719543,0.828316847619245,0.429159409047687,21.408429153275,24.7771317037481,3.46044240457292,154.572887022944,24.5446226456785,182.577952073195,363.044588099763,NaN,2.74086309204336e-16,0
1,5.77171739440639,0.155,0.3504,13.25,0.01526,763,4.578,0.006,0.6,762,1,0.909109697923758,120.180988103831,757.235030181965,132.196354717481,110.001287401096,0.913901353427583,43.3395294000936,42.425628046666,102.50710266858,73.6839428719336,0.828086349474338,0.42897371761467,17.8240594485076,20.6207001763676,4.39900915154212,154.388545913713,27.4090490502652,186.19660411552,363.044588099763,NaN,2.74086309204336e-16,0
1,5.77171739440639,0.155,0.3504,13.25,0.01526,763,5.341,0.007,0.7,762,1,0.909109697923758,120.180988103831,756.218093787064,132.196354717481,110.001287401096,1.00702036899518,37.3548908794365,36.3478705104413,99.7744618017911,67.3758812430827,0.82785516583904,0.428787615695046,15.2637734100119,17.6517908100923,5.33784248701738,154.204110359003,29.9318167990524,189.473769645073,363.044588099763,NaN,2.74086309204336e-16,0
1,5.77171739440639,0.155,0.3504,13.25,0.01526,763,6.104,0.008,0.8,762,1,0.909109697923758,120.180988103831,755.200867601363,132.196354717481,110.001287401096,1.08781553130695,32.8773402894787,31.7895247581717,97.3171199621133,62.5273481422468,0.827623293445145,0.428601101593229,13.3435395969169,15.4250827206997,6.2769433566915,154.019580004473,32.2004291206448,192.49695248181,363.044588099763,NaN,2.74086309204336e-16,0
1,5.77171739440639,0.155,0.3504,13.25,0.01526,763,6.867,0.009,0.9,762,1,0.909109697923758,120.180988103831,754.183350594775,132.196354717481,110.001287401096,1.15919853944224,29.40331863788,28.2441200984378,95.0748592734285,58.670911747857,0.827390729002665,0.42841417360322,11.8500072084206,13.6931754166575,7.21631271153768,153.834954493707,34.2704790194572,195.321746224702,363.044588099763,NaN,2.74086309204336e-16,0
1,5.77171739440639,0.155,0.3504,13.25,0.01526,763,7.63,0.01,1,762,1,0.909109697923758,120.180988103831,753.165541731452,132.196354717481,110.001287401096,1.2231574831638,26.6309315990218,25.407774115858,93.0065998501714,55.5212903134911,0.827157469199635,0.428226830008524,10.6551657637534,12.3076286027767,8.15595150784963,153.650233468201,36.179891351144,197.986076327195,363.044588099763,NaN,2.74086309204336e-16,0
1,5.77171739440639,0.155,0.3504,13.25,0.01526,763,8.393,0.011,1.1,762,1,0.909109697923758,120.180988103831,752.147439969736,132.196354717481,110.001287401096,1.28111038786914,24.3682174789372,23.087107091068,91.0828357688201,52.8941637132479,0.826923510701931,0.428039069082063,9.67755404761558,11.1739802727812,9.09586070728174,153.465416567342,37.9559059162818,200.517183190906,363.044588099763,NaN,2.74086309204336e-16,0
1,5.77171739440639,0.155,0.3504,13.25,0.01526,763,9.156,0.012,1.2,762,1,0.909109697923758,120.180988103831,751.12904426212,132.196354717481,110.001287401096,1.3341042728024,22.4873034835118,21.1531992107094,89.2815287485032,50.6649355987056,0.826688850153072,0.42785088908609,8.86286458289676,10.2292557555928,10.0360412768922,153.280503428396,39.6188684049674,202.935413110256,363.044588099763,NaN,2.74086309204336e-16,0
1,5.77171739440639,0.155,0.3504,13.25,0.01526,763,9.919,0.013,1.3,762,1,0.909109697923758,120.180988103831,750.110353555196,132.196354717481,110.001287401096,1.38293425752798,20.8997325534135,19.5167982958855,87.5857041045948,48.7462281299213,0.826453484174029,0.427662288272099,8.17349988521658,9.42985720179217,10.9764941891829,153.095493686487,41.1844498069164,205.256437682586,363.044588099763,NaN,2.74086309204336e-16,0
1,5.77171739440639,0.155,0.3504,13.25,0.01526,763,10.682,0.014,1.4,762,1,0.909109697923758,120.180988103831,749.091366789616,132.196354717481,110.001287401096,1.42821840255316,19.5423711924039,18.1141527898507,85.9819585931099,47.0748679170329,0.826217409363025,0.427473264880737,7.58260460837672,8.74464329016789,11.9172204221428,152.910386974581,42.6650239660778,207.492631362801,363.044588099763,NaN,2.74086309204336e-16,0
1,5.77171739440639,0.155,0.3504,13.25,0.01526,763,11.445,0.015,1.5,762,1,0.909109697923758,120.180988103831,748.072082900041,132.196354717481,110.001287401096,1.47044666708962,18.3689582177133,16.8985115506237,84.4594899896292,45.6039927953223,0.825980622295343,0.427283817141715,7.07048483163203,8.15077705164613,12.8582209592895,152.725182923469,44.0705634711338,209.653967353892,363.044588099763,NaN,2.74086309204336e-16,0
1,5.77171739440639,0.155,0.3504,13.25,0.01526,763,12.208,0.016,1.6,762,1,0.909109697923758,120.180988103831,747.052500815098,132.196354717481,110.001287401096,1.51001403408656,17.3448252554569,15.8348112213704,83.0094413981972,44.2980690921687,0.825743119523119,0.427093943273713,6.62237011423503,7.63113075924642,13.799496789713,152.53988116175,45.4092449880128,211.748622939476,363.044588099763,NaN,2.74086309204336e-16,0
1,5.77171739440639,0.155,0.3504,13.25,0.01526,763,12.971,0.017,1.7,762,1,0.909109697923758,120.180988103831,746.032619457329,132.196354717481,110.001287401096,1.54724357530772,16.4434822218425,14.8962386465347,81.6244438657377,43.1296372677507,0.825504897575142,0.426903641484295,6.22696541308229,7.17260673922967,14.7410489081191,152.354481315811,46.6878715172077,213.783401741138,363.044588099763,NaN,2.74086309204336e-16,0
1,5.77171739440639,0.155,0.3504,13.25,0.01526,763,13.734,0.018,1.8,762,1,0.909109697923758,120.180988103831,745.012437743148,132.196354717481,110.001287401096,1.58240291366296,15.6443420629217,14.0619391492588,80.2982885889907,42.0771231280658,0.82526595295665,0.426712909969811,5.87548569447868,6.76501791186342,15.6828783148728,152.168983009811,47.9121750115752,215.764036336259,363.044588099763,NaN,2.74086309204336e-16,0
1,5.77171739440639,0.155,0.3504,13.25,0.01526,763,14.497,0.019,1.9,762,1,0.909109697923758,120.180988103831,743.991954582789,132.196354717481,110.001287401096,1.6157162286557,14.9311647393257,13.31544851067,79.0256864813823,41.1233276177798,0.825026282149123,0.426521746915305,5.56099540534451,6.40032184562967,16.6249860160427,151.983385865662,49.0870383436477,217.695410225353,363.044588099763,NaN,2.74086309204336e-16,0
1,5.77171739440639,0.155,0.3504,13.25,0.01526,763,15.26,0.02,2,762,1,0.909109697923758,120.180988103831,742.971168880261,132.196354717481,110.001287401096,1.64737317881841,14.2909685342013,12.6435953553829,77.8020882278345,40.2543611553043,0.824785881610068,0.426330150494419,5.27794610306047,6.07208459517035,17.5673730234462,151.797689503012,50.2166614306177,219.581723957076,363.044588099763,NaN,2.74086309204336e-16,0
1,5.88061772260274,0.155,0.3504,13.5,0.01526,763,1.526,0.002,0.2,762,1,0.909109697923758,117.955414250056,761.302610809124,129.748274074564,107.964226523297,0.247657259625259,126.20755564312,125.959898383495,117.877697249935,150.505416906114,0.832171447203639,0.432285929716177,53.3425510595002,62.1408050216021,0.64382809335724,154.803419356922,10.958889159798,166.406136610077,366.963768357434,NaN,5.20417042793042e-17,0
1,5.88061772260274,0.155,0.3504,13.5,0.01526,763,2.289,0.003,0.3,762,1,0.909109697923758,117.955414250056,760.290765333141,129.748274074564,107.964226523297,0.485562995232302,84.4205586675409,83.9349956723086,111.500076423163,113.446462418988,0.831948089812453,0.432103653989911,35.5299574442721,41.3745439860335,1.57796150422319,154.620646046926,16.8466940050354,173.045301556185,366.963768357434,NaN,5.20417042793042e-17,0
1,5.88061772260274,0.155,0.3504,13.5,0.01526,763,3.052,0.004,0.4,762,1,0.909109697923758,117.955414250056,759.278642681292,129.748274074564,107.964226523297,0.654633560179792,63.5771254402018,62.9224918800221,107.027339446249,93.6991536098627,0.831724075681901,0.431920980736524,26.6236236743871,30.9913629836067,2.51235080321011,154.437782389699,20.9759144713254,177.926047664234,366.963768357434,NaN,5.20417042793042e-17,0
1,5.88061772260274,0.155,0.3504,13.5,0.01526,763,3.815,0.005,0.5,762,1,0.909109697923758,117.955414250056,758.266241885309,129.748274074564,107.964226523297,0.785987042605046,51.1009345355671,50.3149474929621,103.427542986311,81.3676064095772,0.831499401721339,0.43173790833824,21.2797937425282,24.7614138808622,3.4469968842199,154.25482805179,24.2992382646938,182.001063200704,366.963768357434,NaN,5.20417042793042e-17,0
1,5.88061772260274,0.155,0.3504,13.5,0.01526,763,4.578,0.006,0.6,762,1,0.909109697923758,117.955414250056,757.253561971608,129.748274074564,107.964226523297,0.893484272121223,42.8033669445519,41.9098826724307,100.358568074687,72.880282998487,0.831274064819814,0.431554435167505,17.717215645811,20.608080632889,4.38190064606448,154.071782697833,27.1325088283366,185.586192172235,366.963768357434,NaN,5.20417042793042e-17,0
1,5.88061772260274,0.155,0.3504,13.5,0.01526,763,5.341,0.007,0.7,762,1,0.909109697923758,117.955414250056,756.240601961241,129.748274074564,107.964226523297,0.984519040191324,36.8907536699085,35.9062346297172,97.6561935526835,66.6489269987083,0.831048061845885,0.431370559586909,15.1724956683292,17.6413849343588,5.31706299250413,153.888645990527,29.6273347573897,188.833043740421,366.963768357434,NaN,5.20417042793042e-17,0
1,5.88061772260274,0.155,0.3504,13.5,0.01526,763,6.104,0.008,0.8,762,1,0.909109697923758,117.955414250056,755.227360869866,129.748274074564,107.964226523297,1.06350478388131,32.4669767537322,31.4034719698509,95.2265215363771,61.8591052111559,0.830821389647452,0.431186279949103,13.2639369517904,15.4163376322851,6.25248483228375,153.705417590622,31.8704023618316,191.828304784738,366.963768357434,NaN,5.20417042793042e-17,0
1,5.88061772260274,0.155,0.3504,13.5,0.01526,763,6.867,0.009,0.9,762,1,0.909109697923758,117.955414250056,754.213837707695,129.748274074564,107.964226523297,1.13328826278019,29.034587735633,27.9012994728528,93.0098967401235,58.049203001709,0.830594045051578,0.43100159459672,11.7794856857287,13.6857225302757,7.18816707917111,153.522097156905,33.9167852638488,194.627049499925,366.963768357434,NaN,5.20417042793042e-17,0
1,5.88061772260274,0.155,0.3504,13.5,0.01526,763,7.63,0.01,1,762,1,0.909109697923758,117.955414250056,753.200031479461,129.748274074564,107.964226523297,1.19581322632156,26.2953532325568,25.0995400062352,90.9656233448722,54.9374743551071,0.830366024864312,0.430816501862295,10.5919095835894,12.3012099102342,8.12411065199522,153.338684346183,35.8040537497745,197.266848747953,366.963768357434,NaN,5.20417042793042e-17,0
1,5.88061772260274,0.155,0.3504,13.5,0.01526,763,8.393,0.011,1.1,762,1,0.909109697923758,117.955414250056,752.185941184373,129.748274074564,107.964226523297,1.25246607365879,24.0596378316155,22.8071717579567,89.0644714820558,52.3418753597593,0.830137325870508,0.43063100006818,9.62024264458561,11.1684081331328,9.0603164746847,153.155178813267,37.5591927668879,199.77468805484,366.963768357434,NaN,5.20417042793042e-17,0
1,5.88061772260274,0.155,0.3504,13.5,0.01526,763,9.156,0.012,1.2,762,1,0.909109697923758,117.955414250056,751.171565816072,129.748274074564,107.964226523297,1.304270472302,22.2011173252015,20.8968468528995,87.2846092055841,50.1393433646206,0.829907944833643,0.430445087526464,8.81050753462659,10.2243894393993,9.99678547630634,152.971580210959,39.2023575174911,202.170723204756,366.963768357434,NaN,5.20417042793042e-17,0
1,5.88061772260274,0.155,0.3504,13.5,0.01526,763,9.919,0.013,1.3,762,1,0.909109697923758,117.955414250056,750.156904362594,129.748274074564,107.964226523297,1.35200380817265,20.6324051852989,19.2804013771263,85.6092208701158,48.243572911784,0.829677878495632,0.430258762538888,8.12533532989466,9.42558845681749,10.9335185911048,152.787888190031,40.7490721665991,204.470478947735,366.963768357434,NaN,5.20417042793042e-17,0
1,5.88061772260274,0.155,0.3504,13.5,0.01526,763,10.682,0.014,1.4,762,1,0.909109697923758,117.955414250056,749.14195580632,129.748274074564,107.964226523297,1.39627035706341,19.2911314630905,17.8948611060271,84.0250288984113,46.592163810293,0.829447123576644,0.430072023396757,7.53803394174606,8.74088706218421,11.8705167585425,152.604102399216,42.2115945429112,206.686213700669,366.963768357434,NaN,5.20417042793042e-17,0
1,5.88061772260274,0.155,0.3504,13.5,0.01526,763,11.445,0.015,1.5,762,1,0.909109697923758,117.955414250056,748.126719123937,129.748274074564,107.964226523297,1.43754915049981,18.1315940917071,16.6940449412073,82.5213324178158,45.1388259878334,0.829215676774913,0.429884868380861,7.02902917165166,8.14746529830422,12.8077809233389,152.420222485183,43.599803667394,208.827807075915,366.963768357434,NaN,5.20417042793042e-17,0
1,5.88061772260274,0.155,0.3504,13.5,0.01526,763,12.208,0.016,1.6,762,1,0.909109697923758,117.955414250056,747.111193286397,129.748274074564,107.964226523297,1.47622636198917,17.119543420532,15.6433170585428,81.0893576910189,43.8484585212315,0.828983534766547,0.429697295761384,6.58364037053476,7.62820819711151,13.745312035511,152.236248092528,44.9217994341068,210.903359562145,366.963768357434,NaN,5.20417042793042e-17,0
1,5.88061772260274,0.155,0.3504,13.5,0.01526,763,12.971,0.017,1.7,762,1,0.909109697923758,117.955414250056,746.095377258863,129.748274074564,107.964226523297,1.51261785767964,16.2288090969538,14.7161912392742,79.7218050021528,42.6939355267233,0.828750694205338,0.429509303797814,6.19064115951909,7.17002784168905,14.6831110504158,152.052178863753,46.1843209239111,212.91961083808,366.963768357434,NaN,5.20417042793042e-17,0
1,5.88061772260274,0.155,0.3504,13.5,0.01526,763,13.734,0.018,1.8,762,1,0.909109697923758,117.955414250056,745.079270000675,129.748274074564,107.964226523297,1.54698529153404,15.4390523822705,13.8920670907364,78.412523926039,41.6539443872432,0.828517151722567,0.429320890738863,5.84129991042749,6.76274474094876,15.621178928789,151.868014439252,47.3930461951533,214.882239563194,366.963768357434,NaN,5.20417042793042e-17,0
1,5.88061772260274,0.155,0.3504,13.5,0.01526,763,14.497,0.019,1.9,762,1,0.909109697923758,117.955414250056,744.062870465299,129.748274074564,107.964226523297,1.57954784302107,14.7342289877738,13.1546811447527,77.156275141916,40.7114941478171,0.828282903926806,0.42913205482237,5.52872323243893,6.39832245441241,16.5595166367884,151.683754457291,48.5528121766826,216.796083270762,366.963768357434,NaN,5.20417042793042e-17,0
1,5.88061772260274,0.155,0.3504,13.5,0.01526,763,15.26,0.02,2,762,1,0.909109697923758,117.955414250056,743.046177600283,129.748274074564,107.964226523297,1.61049094055464,14.101513567065,12.4910226265103,75.9485521703554,39.8528629529227,0.828047947403723,0.428942794275214,5.24739641274826,6.07033182955822,17.498125146036,151.499398553993,49.6677792399186,218.665302939948,366.963768357434,NaN,5.20417042793042e-17,0
1,5.98951805079909,0.155,0.3504,13.75,0.01526,763,1.526,0.002,0.2,762,1,0.909109697923758,115.8107703546,761.305204900036,127.389214545936,106.00124058651,0.242249591701395,124.688445813143,124.446196221442,115.630512999583,148.76819934598,0.835223436902107,0.434790547556115,53.018036072524,62.083704882613,0.641433234607218,154.485539184124,10.8556061607945,165.982578579526,370.780155408571,NaN,5.20417042793042e-17,0
1,5.98951805079909,0.155,0.3504,13.75,0.01526,763,2.289,0.003,0.3,762,1,0.909109697923758,115.8107703546,760.297129130585,127.389214545936,106.00124058651,0.474958271265689,83.4017674483519,82.9268091770862,109.316083062923,112.170179848204,0.835004960132608,0.434610379827849,35.314284914112,41.337397258687,1.57208646109316,154.303992870727,16.6850733219509,172.561152653771,370.780155408571,NaN,5.20417042793042e-17,0
1,5.98951805079909,0.155,0.3504,13.75,0.01526,763,3.052,0.004,0.4,762,1,0.909109697923758,115.8107703546,759.288784262433,127.389214545936,106.00124058651,0.640333488903287,62.8073984950167,62.1670650061134,104.889078338049,92.6647235372484,0.83478584468514,0.434429822103002,26.4623733973214,30.9641939781962,2.50298811887982,154.122359077711,20.7720738785825,177.397421075173,370.780155408571,NaN,5.20417042793042e-17,0
1,5.98951805079909,0.155,0.3504,13.75,0.01526,763,3.815,0.005,0.5,762,1,0.909109697923758,115.8107703546,758.280169363893,127.389214545936,106.00124058651,0.768814448369723,50.4799922776611,49.7111778292914,101.326992433881,80.4828847446745,0.834566087575258,0.434248872807997,21.151197640649,24.7402323242973,3.43413906809802,153.940637485353,24.0605833737958,181.435359927247,370.780155408571,NaN,5.20417042793042e-17,0
1,5.98951805079909,0.155,0.3504,13.75,0.01526,763,4.578,0.006,0.6,762,1,0.909109697923758,115.8107703546,757.27128349821,127.389214545936,106.00124058651,0.873959585913862,42.2811786053598,41.407219019446,98.2908375346822,72.0979388935904,0.834345685799056,0.434067530359836,17.6103896831681,20.5908913909637,4.3655401735577,153.758827772109,26.8635545776269,184.987922523293,370.780155408571,NaN,5.20417042793042e-17,0
1,5.98951805079909,0.155,0.3504,13.75,0.01526,763,5.341,0.007,0.7,762,1,0.909109697923758,115.8107703546,756.262125723522,127.389214545936,106.00124058651,0.963001387035949,36.4387919798786,35.4757905928427,95.6178966116066,65.9413647350805,0.834124636333004,0.433885793166019,15.0812203984,17.6270479324004,5.29719230478475,153.576929614597,29.3312074760014,188.205329395383,370.780155408571,NaN,5.20417042793042e-17,0
1,5.98951805079909,0.155,0.3504,13.75,0.01526,763,6.104,0.008,0.8,762,1,0.909109697923758,115.8107703546,755.25269509282,127.389214545936,106.00124058651,1.04025700340083,32.0674505604333,31.0271935570324,93.2151324447346,61.2087838415864,0.833902936133783,0.433703659624472,13.1843252227811,15.4041403253971,6.22909633605453,153.39494268759,31.549433815875,191.173472839519,370.780155408571,NaN,5.20417042793042e-17,0
1,5.98951805079909,0.155,0.3504,13.75,0.01526,763,6.867,0.009,0.9,762,1,0.909109697923758,115.8107703546,754.242990653912,127.389214545936,106.00124058651,1.10851108843629,28.6756617819028,27.5671506934666,91.0234369468369,57.4442521607765,0.833680582138116,0.433521128123468,11.7089460651532,13.6751898901128,7.16125314642823,153.212866663994,33.5728020471184,193.946921857541,370.780155408571,NaN,5.20417042793042e-17,0
1,5.98951805079909,0.155,0.3504,13.75,0.01526,763,7.63,0.01,1,762,1,0.909109697923758,115.8107703546,753.233011449384,127.389214545936,106.00124058651,1.16966498583191,25.9687606563747,24.7990956705428,89.0024878600922,54.3694702886519,0.833457571262602,0.433338197041548,10.5286280705581,12.2920094183895,8.09366361978946,153.030701214839,35.4385375851993,196.562902419828,370.780155408571,NaN,5.20417042793042e-17,0
1,5.98951805079909,0.155,0.3504,13.75,0.01526,763,8.393,0.011,1.1,762,1,0.909109697923758,115.8107703546,752.222756516558,127.389214545936,106.00124058651,1.22507484836483,23.7593793069912,22.5343044586263,87.1233238218028,51.8046131531651,0.833233900403539,0.433154864747447,9.56289996741824,11.1602979593495,9.02632864487945,152.848446009261,37.1733774933969,199.048152147537,370.780155408571,NaN,5.20417042793042e-17,0
1,5.98951805079909,0.155,0.3504,13.75,0.01526,763,9.156,0.012,1.2,762,1,0.909109697923758,115.8107703546,751.212224887456,127.389214545936,106.00124058651,1.27574201066135,21.9227030482212,20.6469610375599,85.3643135795004,49.6281131435684,0.833009566436757,0.43297112960001,8.75811424112612,10.2171882121939,9.95924911533469,152.666100714488,38.7972916941242,201.422641523947,370.780155408571,NaN,5.20417042793042e-17,0
1,5.98951805079909,0.155,0.3504,13.75,0.01526,763,9.919,0.013,1.3,762,1,0.909109697923758,115.8107703546,750.201415588754,127.389214545936,106.00124058651,1.32242689873219,20.3723889071326,19.0499620084004,83.7087961800512,47.7547101569522,0.832784566217439,0.432786989948115,8.0771303044391,9.41915666078648,10.8924259297233,152.483664995827,40.3256615409069,203.701752466457,370.780155408571,NaN,5.20417042793042e-17,0
1,5.98951805079909,0.155,0.3504,13.75,0.01526,763,10.682,0.014,1.4,762,1,0.909109697923758,115.8107703546,749.190327641749,127.389214545936,106.00124058651,1.36572060509543,19.0468112623635,17.6810906572681,82.1436162788852,46.1227577170389,0.832558896579948,0.432602444130592,7.49341916627621,8.73511507913006,11.825859991583,152.301138516644,41.7706320175255,205.897630525752,370.780155408571,NaN,5.20417042793042e-17,0
1,5.98951805079909,0.155,0.3504,13.75,0.01526,763,11.445,0.015,1.5,762,1,0.909109697923758,115.8107703546,748.178960062314,127.389214545936,106.00124058651,1.40609171037806,17.9008131040342,16.4947213936562,80.6581715861531,44.6865234297992,0.832332554337646,0.432417490476138,6.98752623299621,8.14226543465247,12.7595522094582,152.118520938354,43.1419911335278,208.02006428134,370.780155408571,NaN,5.20417042793042e-17,0
1,5.98951805079909,0.155,0.3504,13.75,0.01526,763,12.208,0.016,1.6,762,1,0.909109697923758,115.8107703546,747.167311860855,127.389214545936,106.00124058651,1.44391796301402,16.9005529873883,15.4566350243743,79.2437692518169,43.4113282202092,0.832105536282713,0.43223212730324,6.54486055919645,7.6235092027602,13.6935034969387,151.935811920404,44.4477641080298,210.077079525372,370.780155408571,NaN,5.20417042793042e-17,0
1,5.98951805079909,0.155,0.3504,13.75,0.01526,763,12.971,0.017,1.7,762,1,0.909109697923758,115.8107703546,746.155382042272,127.389214545936,106.00124058651,1.47950833792922,16.020172268735,14.5406639308058,77.8931769065517,42.2703714572248,0.83187783918597,0.432046352920088,6.15426436293562,7.16577104096131,14.6277147726985,151.753011120253,45.6946278477196,212.075353740672,370.780155408571,NaN,5.20417042793042e-17,0
1,5.98951805079909,0.155,0.3504,13.75,0.01526,763,13.734,0.018,1.8,762,1,0.909109697923758,115.8107703546,745.143169605918,127.389214545936,106.00124058651,1.51311878057696,15.2395743009901,13.7264555204131,76.6003009095155,41.2425955141906,0.831649459796688,0.431860165624489,5.80705936921552,6.75888123828076,15.5621869605335,151.570118193364,46.8882079877754,214.020513141673,370.780155408571,NaN,5.20417042793042e-17,0
1,5.98951805079909,0.155,0.3504,13.75,0.01526,763,14.497,0.019,1.9,762,1,0.909109697923758,115.8107703546,744.130673545553,127.389214545936,106.00124058651,1.54496368855505,14.5429056452696,12.9979419567145,75.3599503474674,40.311212297741,0.831420394842405,0.431673563703788,5.49639430815289,6.39481107538663,16.4969209894014,151.387132793182,48.0332967673345,215.917350549918,370.780155408571,NaN,5.20417042793042e-17,0
1,5.98951805079909,0.155,0.3504,13.75,0.01526,763,15.26,0.02,2,762,1,0.909109697923758,115.8107703546,743.117892849303,127.389214545936,106.00124058651,1.57522444473126,13.9174934149993,12.3422689702681,74.1676604077798,39.4626634570962,0.831190641028739,0.431486545434776,5.21678816369956,6.06713757667852,17.4319177934621,151.204054571119,49.1340160911224,217.769988455703,370.780155408571,NaN,5.20417042793042e-17,0
1,6.09841837899543,0.155,0.3504,14,0.01526,763,1.526,0.002,0.2,762,1,0.909109697923758,113.742720883983,761.307688123232,125.11440714333,104.108361290323,0.23707303657566,123.207682601429,122.970609564853,113.464570156947,147.075198100467,0.83816640339723,0.437230898496106,52.694131046464,62.0141842196564,0.639140728677334,154.171804487108,10.7551026499907,165.566047865776,374.497850038029,NaN,5.20417042793042e-17,0
1,6.09841837899543,0.155,0.3504,14,0.01526,763,2.289,0.003,0.3,762,1,0.909109697923758,113.742720883983,760.303220871571,125.11440714333,104.108361290323,0.464806876587142,82.4087948010957,81.9439879245085,107.211629335259,110.926647770424,0.837952598505256,0.437052757813263,35.0989912595154,41.2919388445807,1.56646257985811,153.991429623576,16.5278032019535,172.085695405388,374.497850038029,NaN,5.20417042793042e-17,0
1,6.09841837899543,0.155,0.3504,14,0.01526,763,3.052,0.004,0.4,762,1,0.909109697923758,113.742720883983,759.298492161396,125.11440714333,104.108361290323,0.62664484359086,62.0572729793277,61.4306281357369,102.829124243762,91.6570236843579,0.83773817205983,0.436874234290917,26.3013863999216,30.9307676649382,2.49402580893622,153.810969982982,20.5737217996343,176.878717591553,374.497850038029,NaN,5.20417042793042e-17,0
1,6.09841837899543,0.155,0.3504,14,0.01526,763,3.815,0.005,0.5,762,1,0.909109697923758,113.742720883983,758.293501095219,125.11440714333,104.108361290323,0.752376244530614,49.8749491835431,49.1225729390124,99.3037316285158,79.6211691000698,0.837523121176201,0.436695326397061,21.0227954180963,24.714026055349,3.42183124447085,153.63042525838,23.8283561351024,180.880612637954,374.497850038029,NaN,5.20417042793042e-17,0
1,6.09841837899543,0.155,0.3504,14,0.01526,763,4.578,0.006,0.6,762,1,0.909109697923758,113.742720883983,757.288246770713,125.11440714333,104.108361290323,0.855270034139695,41.7724399479092,40.9171699137695,96.2995106375535,71.3360567824919,0.837307442950946,0.436516032590591,17.5037112971034,20.5694991402867,4.34987971948742,153.449795141095,26.6018460284651,184.401520889047,374.497850038029,NaN,5.20417042793042e-17,0
1,6.09841837899543,0.155,0.3504,14,0.01526,763,5.341,0.007,0.7,762,1,0.909109697923758,113.742720883983,756.282728280678,125.11440714333,104.108361290323,0.942404279538849,35.9985437301079,35.0561394505691,93.6552079395863,65.2524086239792,0.837091134461823,0.436336351321237,14.9900596007617,17.6090948298955,5.27817207151168,153.269079320705,29.0430601834378,187.590311575654,374.497850038029,NaN,5.20417042793042e-17,0
1,6.09841837899543,0.155,0.3504,14,0.01526,763,6.104,0.008,0.8,762,1,0.909109697923758,113.742720883983,755.276944713004,125.11440714333,104.108361290323,1.01800395827411,31.6783457024142,30.6603417441401,91.2786238489793,60.5756501851878,0.836874192767609,0.43615628102949,13.1048031106706,15.3887670789435,6.20670914260196,153.088277485032,31.2371171372552,190.53210376489,374.497850038029,NaN,5.20417042793042e-17,0
1,6.09841837899543,0.155,0.3504,14,0.01526,763,6.867,0.009,0.9,762,1,0.909109697923758,113.742720883983,754.270895150632,125.11440714333,104.108361290323,1.08479426948124,28.3261600605415,27.2413657910602,89.1111827749259,56.8553665320118,0.83665661490794,0.435975820146529,11.6384767052192,13.6618236398086,7.13549177938361,152.907389320128,33.2380937403183,193.28097483983,374.497850038029,NaN,5.20417042793042e-17,0
1,6.09841837899543,0.155,0.3504,14,0.01526,763,7.63,0.01,1,762,1,0.909109697923758,113.742720883983,753.264578671521,125.11440714333,104.108361290323,1.14463596179052,25.6508009506184,24.5061649888278,87.1129259865017,53.8166188844128,0.83643839790315,0.435794967094146,10.4654013111892,12.2802491636713,8.06452083308282,152.726414510258,35.0828798009011,195.873815144242,374.497850038029,NaN,5.20417042793042e-17,0
1,6.09841837899543,0.155,0.3504,14,0.01526,763,8.393,0.011,1.1,762,1,0.909109697923758,113.742720883983,752.257994348611,125.11440714333,104.108361290323,1.19885623309706,23.4671113685373,22.2682551354403,85.2551534162075,51.2817456554218,0.836219538754111,0.435613720284669,9.50559933630249,11.1498520646945,8.99379715956104,152.545352737888,36.7979711551583,198.337121052607,374.497850038029,NaN,5.20417042793042e-17,0
1,6.09841837899543,0.155,0.3504,14,0.01526,763,9.156,0.012,1.2,762,1,0.909109697923758,113.742720883983,751.25114124978,125.11440714333,104.108361290323,1.24843503874085,21.6517484679239,20.403313429183,83.5164291169104,49.1306369807248,0.836000034442066,0.435432078120891,8.70575238549436,10.2078379521128,9.92332161934907,152.364203683672,38.4031574200675,200.690682723089,374.497850038029,NaN,5.20417042793042e-17,0
1,6.09841837899543,0.155,0.3504,14,0.01526,763,9.919,0.013,1.3,762,1,0.909109697923758,113.742720883983,750.244018437812,125.11440714333,104.108361290323,1.29411656899987,20.1193868067466,18.8252702377467,81.8802426754612,47.2790520396792,0.835779881928462,0.43525003899599,8.02894772352224,9.41073378597255,10.8530950776834,152.182967026438,39.9136809709873,202.949743075108,374.497850038029,NaN,5.20417042793042e-17,0
1,6.09841837899543,0.155,0.3504,14,0.01526,763,10.682,0.014,1.4,762,1,0.909109697923758,113.742720883983,749.236624970357,125.11440714333,104.108361290323,1.33647929603775,18.8091265480462,17.4726472520084,80.3335576998098,45.6660792752016,0.835559078154786,0.435067601293452,7.44881911074221,8.72748739469854,11.7831184045396,152.001642443171,41.3415769750064,205.126337822717,374.497850038029,NaN,5.20417042793042e-17,0
1,6.09841837899543,0.155,0.3504,14,0.01526,763,11.445,0.015,1.5,762,1,0.909109697923758,113.742720883983,748.22895989989,125.11440714333,104.108361290323,1.37598179583402,17.6763421741345,16.3003603783004,78.8658678380579,44.2465300674469,0.835337620042391,0.434884763386994,6.94603130457487,8.13532718563306,12.71339247467,151.820229609002,42.6965448719772,207.230166955649,374.497850038029,NaN,5.20417042793042e-17,0
1,6.09841837899543,0.155,0.3504,14,0.01526,763,12.208,0.016,1.6,762,1,0.909109697923758,113.742720883983,747.221022273676,125.11440714333,104.108361290323,1.41299375149998,16.687590297578,15.274596546078,77.4685589578696,42.9861366743128,0.835115504492327,0.434701523640486,6.50608287292147,7.61717446412335,13.6439181676384,151.63872819719,43.9865372090145,209.269183573843,374.497850038029,NaN,5.20417042793042e-17,0
1,6.09841837899543,0.155,0.3504,14,0.01526,763,12.971,0.017,1.7,762,1,0.909109697923758,113.742720883983,746.212811133727,125.11440714333,104.108361290323,1.44781754099658,15.8173162421131,14.3694987011165,76.1344642305312,41.8584156119749,0.834892728385169,0.434517880407869,6.11788448519784,7.15996905175448,14.5746963678567,151.457137879111,45.2181703858655,211.250004632833,374.497850038029,NaN,5.20417042793042e-17,0
1,6.09841837899543,0.155,0.3504,14,0.01526,763,13.734,0.018,1.8,762,1,0.909109697923758,113.742720883983,745.204325516762,125.11440714333,104.108361290323,1.48070364502451,15.0456594459999,13.5649558009754,74.8575452772172,40.8425578912748,0.834669288580839,0.434333832033076,5.77281110635708,6.75355303183791,15.5057279646221,151.27545832424,46.397019019942,213.178205308804,374.497850038029,NaN,5.20417042793042e-17,0
1,6.09841837899543,0.155,0.3504,14,0.01526,763,14.497,0.019,1.9,762,1,0.909109697923758,113.742720883983,744.195564454173,125.11440714333,104.108361290323,1.5118618835013,14.356952590134,12.8450907066327,73.6326582947883,39.9219732276301,0.834445181918429,0.43414937684995,5.46405349806291,6.38990699632478,16.4370138521533,151.093689200139,47.5278318584442,215.058534910736,374.497850038029,NaN,5.20417042793042e-17,0
1,6.09841837899543,0.155,0.3504,14,0.01526,763,15.26,0.02,2,762,1,0.909109697923758,113.742720883983,743.186526971977,125.11440714333,104.108361290323,1.54146976649907,13.7386714731269,12.1972017066278,72.4553790209462,39.0832627035897,0.834220405216027,0.433964513182164,5.186164269511,6.06261541864513,17.3685549296285,150.911830172438,48.614693370127,216.895078472193,374.497850038029,NaN,5.20417042793042e-17,0
