c0,t1,t2,control_duration,q_max,cost_J,has_internal_inflection,t_inf,lambda_inf,t2_minus_tinf,background_peak_fraction
3.3337220328846078,264.65216127434803,264.8359191788044,0.18375790445631626,0.32335206638489,3.31288597091667e-08,False,,,,0.0020000282414337107
3.338225036618644,255.83259921748981,262.49235772427824,6.659758506788402,0.33581661446555267,0.0015887756160750859,False,,,,0.002038313829981965
3.3427280403526805,250.89559775743442,260.2616762023109,9.366078444876536,0.34107114300326224,0.004439597115261919,False,,,,0.002076875013258983
3.3472310440867163,246.68960851674632,258.1157860175709,11.426177500824549,0.3450953539820454,0.008093649675668422,False,,,,0.002115709660640886
3.3517340478207527,242.8906971066516,256.04347063449967,13.152773527848076,0.3484868832008198,0.012392394519918014,False,,,,0.0021548156570554977
3.356237051554789,239.37079465294767,254.0376108712221,14.666816218274446,0.351476597736337,0.017246550751230726,False,,,,0.0021941909028557124
3.3607400552888254,236.06273910315602,252.09297617404366,16.030237070887644,0.35418257270957776,0.022597269438221438,False,,,,0.0022338333136945436
3.3652430590228617,232.9256510349499,250.20541687467875,17.279765839728846,0.356674753053855,0.0284022644184536,False,,,,0.0022737408204009726
3.369746062756898,229.9321884978019,248.37148254961386,18.43929405181196,0.3589985821494841,0.03462941427126223,False,,,,0.002313911368857252
3.3742490664909344,227.06282416203197,246.58821300477473,19.525388842742753,0.3611855343881858,0.04125334465014984,False,,,,0.002354342919876913
3.3787520702249703,224.3029196892305,244.85301187740978,20.550092188179285,0.3632584596632503,0.0482534159667452,False,,,,0.00239503344908441
3.3832550739590066,221.64108524251793,243.1635645915178,21.522479348999866,0.3652345574186129,0.05561245263692376,False,,,,0.0024359809467953478
3.387758077693043,219.06819315426338,241.51778206395235,22.449588909688977,0.3671271506252147,0.06331589694526607,False,,,,0.0024771834178982585
3.3922610814270793,216.57675162765193,239.91376041613228,23.337008788480343,0.36894680301265403,0.07135122170239312,False,,,,0.002518638881737076
3.3967640851611156,214.16048911847537,238.3497511108958,24.189261992420438,0.3707020541606969,0.07970750861216466,False,,,,0.002560345371994996
3.4012670888951515,211.81406827055048,236.8241381387437,25.01006986819323,0.37239992090761365,0.0883751370894233,False,,,,0.0026023009365791078
3.405770092629188,209.53288293015476,235.33542019538737,25.80253726523262,0.3740462498578506,0.09734554918757665,False,,,,0.002644503637506415
3.410273096363224,207.31291027427605,233.8821964428064,26.569286168530336,0.37564597166639513,0.10661106846615637,False,,,,0.0026869515507904826
3.4147761000972605,205.15060062988914,232.46315493434955,27.312554304460395,0.37720328858214447,0.11616475801585921,False,,,,0.0027296427663294764
3.419279103831297,203.04279373687774,231.077063056753,28.034269319875246,0.37872181546551076,0.12600030750714927,False,,,,0.0027725753877950246
3.423782107565333,200.98665399064552,229.7227595319094,28.73610554126387,0.38020468763849113,0.13611194214601724,False,,,,0.002815747532522124
3.4282851112993695,198.9796195828517,228.3991476461954,29.419528063343673,0.3816546446189727,0.1464943484326671,False,,,,0.0028591573314000196
3.4327881150334054,197.0193619789392,227.1051894375868,30.0858274586476,0.38307409601070297,0.15714261299328833,False,,,,0.0029028029287641657
3.4337302601408863,196.61494098287264,226.83811842789032,30.223177445017683,0.38336742626216413,0.15940370614303992,False,,,,0.0029119643759147606
3.4372911187674418,195.10375325765125,225.8399006925286,30.736147434877363,0.3844651739807897,0.16805217171339232,False,,,,0.002946682482289069
3.441794122501478,193.23083945777705,224.60234657200894,31.371507114231886,0.3858297755126644,0.17921876708257622,False,,,,0.0029907941628821016
3.4462971262355144,191.39881861286352,223.39163777163236,31.99281915876885,0.3871695967645874,0.1906384121529166,False,,,,0.0030351361545782746
3.4508001299695508,189.6060224812719,222.20692713107695,32.60090464980503,0.3884861612616146,0.20230735987459642,False,,,,0.003079706654436007
3.455303133703587,187.8509012132065,221.04740661706512,33.19650540385861,0.3897808432194255,0.2142220768413795,False,,,,0.003124503872433876
3.459806137437623,186.13201037581604,219.912304620184,33.78029424436795,0.3910548869875067,0.22637922068133234,False,,,,0.0031695260313680113
3.4643091411716593,184.44799990167448,218.800883530261,34.352883628586504,0.3923094233710478,0.2387756204823527,False,,,,0.0032147713667507946
3.4688121449056957,182.79760460286082,217.7124375429489,34.91483294008807,0.3935454834215859,0.25140825976213527,False,,,,0.003260238126710252
3.473315148639732,181.1796359773314,216.64629066769066,35.466654690359256,0.39476401015902307,0.2642742615835319,False,,,,0.0033059245718903077
3.4778181523737683,179.5929751060606,215.60179492828684,36.00881982222622,0.39596586859114413,0.27737087549044426,False,,,,0.003351828975352057
3.4823211561078047,178.03656642769417,214.57832869655624,36.541762268862065,0.39715185432258915,0.2906954659960759,False,,,,0.0033979496224759015
3.4868241598418406,176.50941229320352,213.57529518520386,37.06588289200032,0.3983227009879662,0.30424550240196563,False,,,,0.003444284810864333
3.491327163575877,175.01056815635488,212.59212105579354,37.58155289943867,0.3994790866990403,0.31801854976295235,False,,,,0.0034908328502460673
3.4930853316086843,174.43284371571687,212.21351802307146,37.780674307354595,0.39992680191047136,0.32345616976671365,False,,,,0.0035090646383276747
3.4958301673099133,173.53913830437472,211.62825512778704,38.089116823412326,0.40062163966077247,0.3320122608433637,False,,,,0.0035375920623804194
3.5003331710439496,172.09427207167582,210.68316719841684,38.58889512674102,0.40175094308310033,0.3462243689340343,False,,,,0.0035845607809630517
3.504836174777986,170.6751604487044,209.75634694065596,39.08118649195157,0.4028675394931256,0.36065268142004486,False,,,,0.0036317373515322715
3.509339178512022,169.28103304757252,208.84730288672043,39.566269839147914,0.40397193453446667,0.37529507400497947,False,,,,0.0036791201313762095
3.513842182246058,167.91115536593634,207.9555614767648,40.04440611082847,0.40506460032616354,0.39014948551215933,False,,,,0.0037267074894408725
3.5183451859800945,166.5648263187282,207.08066617435867,40.51583985563049,0.4061459784417115,0.4052139131937454,False,,,,0.003774497806238959
3.522848189714131,165.24137600799804,206.22217664594308,40.98080063794503,0.40721648255925047,0.4204864084887971,False,,,,0.00382248947375953
3.527351193448167,163.94016368729623,205.3796679834763,41.43950429618008,0.40827650082602984,0.43596507317914546,False,,,,0.0038706808953784463
3.5318541971822035,162.66057591778792,204.55272998680192,41.89215406901401,0.4093263979737558,0.45164805589874807,False,,,,0.003919070485769505
3.53635720091624,161.4020248809383,203.74096648707217,42.338941606133865,0.41036651721603123,0.4675335489580239,False,,,,0.003967656670816604
3.5408602046502757,160.16394682494385,202.94399470251747,42.780047877573615,0.41139718195458175,0.48361978544955114,False,,,,0.004016437887526363
3.5430856859172173,159.55945448482672,202.55546171676465,42.99600723193793,0.4119031620064214,0.49164353942255423,True,159.5594930601622,8.971841332261825e-07,42.99596865660246,0.004040618149978671
3.545363208384312,158.94580065815816,202.1614446519315,43.215643993773355,0.41241869731719183,0.49990503660556257,True,159.19309637689628,0.005722365696407224,42.968348275035225,0.0040654125839417535
3.5498662121183484,157.74706663452812,201.392958581342,43.645891946813876,0.41343135154710897,0.516387609381524,True,158.47911563725899,0.016772460593150965,42.913842944083,0.004114579219056447
3.5543692158523847,156.56724515945234,200.63819044131125,44.070945281858904,0.414435417260987,0.5330658442428744,True,157.7787147233896,0.02748907599302058,42.85947571792164,0.004163936262729762
3.558872219586421,155.40585567331476,199.89680537996384,44.49094970664908,0.41543115259018515,0.5499381131349547,True,157.09155930764015,0.03788868624832855,42.80524607232368,0.004213482195602504
3.5633752233204574,154.2624356271936,199.1684792730584,44.90604364586479,0.41641880221829974,0.5670028176182276,True,156.41732578734712,0.04798664022035146,42.751153485711285,0.004263215509013575
3.5678782270544933,153.13653953285885,198.4528982791744,45.31635874631556,0.4173985983261739,0.5842583871531289,True,155.75570084003468,0.057797258642030246,42.69719743913973,0.004313134704917128
3.5723812307885296,152.02773807269793,197.74975841085842,45.722020338160476,0.4183707614542109,0.6017032775203619,True,155.10638099457748,0.06733392136020845,42.64337741628094,0.004363238295800605
3.576884234522566,150.9356172824187,197.05876513915177,46.12314785673308,0.4193355012906186,0.6193359693642415,True,154.46907223574493,0.07660914567890723,42.58969290340684,0.004413524804603421
3.5813872382566023,149.8597777814175,196.37963301040918,46.519855228991666,0.4202930173931704,0.6371549668479026,True,153.84348962103616,0.0856346568580024,42.536143389373024,0.0044639927646364375
3.5858902419906387,148.7998340596527,195.71208528779235,46.912251228139645,0.4212434998511677,0.6551587964103578,True,153.2293569221897,0.09442145167998274,42.48272836560264,0.0045146407195019375
3.590393245724675,147.75541381050292,195.05585361005086,47.300439799547945,0.4221871298935065,0.6733460056163485,True,152.6264062839806,0.10297985587703219,42.42944732607026,0.004565467223014576
3.593085331608684,147.13828042508226,194.6688274639932,47.530547038910946,0.42274807074277654,0.6843060818521406,True,152.27117000809614,0.10799138454711726,42.397657455897075,0.004595938139837524
3.594896249458711,146.72615730154274,194.41067766230415,47.684520360761404,0.42312408044809147,0.6917151620911799,True,152.03437789501837,0.1113195761080497,42.376299767285786,0.004616470839122713
3.5993992531927472,145.71171679266612,193.7763048707153,48.064588078049184,0.4240545166572328,0.7102648525330219,True,151.45301968243677,0.11944974708714232,42.32328518827853,0.004667650141830751
3.6039022569267836,144.7117559862126,193.1524901079074,48.44073412169479,0.42497859635316104,0.7289936817962883,True,150.8820870173253,0.12737897438984563,42.27040309058211,0.004719003715121878
3.60840526066082,143.72594951021196,192.5389954121934,48.81304590198144,0.4258964704973408,0.7479002720401873,True,150.32134243397573,0.13511537339848823,42.21765297821767,0.004770530152881557
3.6129082643948562,142.753982431558,191.9355897191785,49.18160728762049,0.42680828358687484,0.7669832619370734,True,149.77055536149894,0.1426666047920536,42.16503435767956,0.004822228058821702
3.617411268128892,141.7955498047835,191.3420486129678,49.54649880818432,0.4277141740309358,0.7862413059357517,True,149.2295018750486,0.15003990693762498,42.11254673791919,0.0048740960464056515
3.6219142718629285,140.85035623459473,190.75815407654363,49.90779784194891,0.42861427449986966,0.8056730735753976,True,148.6979644462136,0.15724212549852762,42.06018963033003,0.004926132738773417
3.626417275596965,139.91811547423197,190.18369426463542,50.26557879040346,0.4295087122493332,0.8252772488460731,True,148.17573171590305,0.16427974053782515,42.007962548732365,0.004978336768667949
3.630920279331001,138.99855004372347,189.61846328428493,50.619913240561445,0.43039760942160254,0.8450525295922083,True,147.66259827492647,0.1711588913641311,41.95586500935846,0.005030706778361822
3.6354232830650375,138.09139086087845,189.06226097697217,50.97087011609373,0.43128108332596593,0.8649976269557236,True,147.158364446135,0.17788539933897898,41.90389653083716,0.00508324141958464
3.639926286799074,137.19637690710022,188.514892725308,51.31851581820777,0.4321592466999412,0.8851112648558638,True,146.6628360911285,0.18446478884078693,41.85205663417949,0.005135939353451052
3.64442929053311,136.31325489603782,187.97616925314352,51.66291435710571,0.43303220795287845,0.9053921795028825,True,146.1758244103796,0.1909023065591977,41.800344842763934,0.005188799250389307
3.648932294267146,135.44177897052947,187.44590644530496,52.00412747477548,0.4339000713933677,0.9258391189431112,True,145.69714576298338,0.19720293927493088,41.748760682321574,0.005241819790070559
3.6534352980011824,134.58171040755906,186.92392516736132,52.34221475980227,0.43476293744173866,0.9464508426331013,True,145.22662148643974,0.20337143026389,41.69730368092158,0.005294999661338624
3.6579383017352187,133.73281734499747,186.41005109981813,52.67723375482066,0.4356209028288186,0.9672261210407379,True,144.76407773086092,0.20941229444976203,41.645973368957215,0.005348337562140516
3.662441305469255,132.89487451677348,185.90411457394663,53.00924005717314,0.43647406078200834,0.9881637352713292,True,144.30934529481553,0.2153298324165931,41.5947692791311,0.005401832199457411
3.6669443092032914,132.06766300252394,185.40595041581503,53.33828741329109,0.43732250119964566,1.0092624767169474,True,143.86225946937367,0.22112814338149692,41.54369094644136,0.00545548228923623
3.6714473129373273,131.25096999390348,184.91539780117103,53.66442780726753,0.4381663108145347,1.0305211467273767,True,143.42265989300375,0.22681113721763965,41.49273790816727,0.0055092865563218935
3.6759503166713636,130.44458856126803,184.43230010531815,53.98771154405011,0.43900557334744594,1.0519385563010906,True,142.9903904014627,0.23238254560870172,41.44190970385546,0.005563243734390155
3.6804533204054,129.64831744545936,183.95650477310681,54.30818732764747,0.4398403696513208,1.073513525794969,True,142.5652988978008,0.23784593240816213,41.391205875306014,0.005617352565880751
3.6849563241394363,128.8619608490894,183.48786318379612,54.62590233470672,0.4406707778468545,1.0952448846513736,True,142.14723721723738,0.24320470326962704,41.34062596655875,0.005671611801931556
3.6894593278734726,128.0853282403346,183.0262305241271,54.9409022837925,0.44149687345007294,1.1171314711414855,True,141.7360610002478,0.24846211460819298,41.290169523879314,0.005726020202312845
3.693962331607509,127.31823416987358,182.5714656705408,55.25323150066722,0.442318729492467,1.1391721321237414,True,141.33162957479476,0.25362128194713757,41.23983609574603,0.005780576535362514
3.6984653353415453,126.56049808721843,182.1234310670696,55.56293297985115,0.44313641663420267,1.161365722816352,True,140.93380583423354,0.25868518769927634,41.18962523283605,0.0058352795779214595
3.702968339075581,125.81194417428391,181.6819926170008,55.870048442716886,0.4439500032708873,1.1837111065830574,True,140.5424561289887,0.2636566884277516,41.139536488012084,0.005890128115269851
3.7074713428096175,125.07240118153089,181.24701957388274,56.174618392351846,0.4447595556343251,1.2062071547311333,True,140.15745015757338,0.26853852162699,41.08956941630936,0.0059451209410637945
3.711974346543654,124.34170227101933,180.8183844364258,56.47668216540646,0.44556513788767127,1.2288527463209358,True,139.7786608615037,0.2733333120609544,41.03972357492208,0.00600025685727236
3.71647735027769,123.61968487298692,180.3959628541115,56.776277981124586,0.44636681221535135,1.2516467679861565,True,139.40596433092102,0.27804357769247023,40.98999852319048,0.006055534674115529
3.7209803540117266,122.90619053384108,179.97963352158465,57.073442987743555,0.44716463890809577,1.2745881137641817,True,139.0392396989965,0.2826717352345464,40.940393822588135,0.0061109532100023095
3.7254833577457624,122.20106478777757,179.56927809420745,57.368213306429894,0.4479586764434006,1.297675684935815,True,138.67836905749897,0.287220105351871,40.89090903670848,0.006166511291469515
3.729986361479799,121.50415702266841,179.1647810955805,57.6606240729121,0.4487489815617147,1.320908389873886,True,138.32323736432775,0.29169091753831083,40.841543731252756,0.0062222077531211145
3.734489365213835,120.81532035639552,178.76602983334735,57.95070947695182,0.4495356093386188,1.3442851439000398,True,137.9737323593309,0.2960863146940357,40.792297474016436,0.006278041437567904
3.7389923689478715,120.13441151367445,178.3729143134659,58.23850279979147,0.4503186132532516,1.3678048691493168,True,137.62974447858855,0.30040835742392646,40.743169834877364,0.006334011195367931
3.743495372681908,119.46129071300608,177.9853271627074,58.52403644970132,0.4510980452532156,1.3914664944419641,True,137.29116677692454,0.30465902807716294,40.69416038578285,0.0063901158849673165
3.747998376415944,118.79582155592115,177.60316355166475,58.807341995743606,0.4518739558161794,1.4152689551620856,True,136.95789485092737,0.30884023454623694,40.645268700737375,0.006446354372641301
3.7525013801499805,118.13787092194556,177.22632112180509,59.08845019985953,0.45264639400837514,1.4392111931426104,True,136.62982676601487,0.3129538138421723,40.59649435579021,0.00650272553243636
3.7570043838840164,117.48730886069634,176.85469990807783,59.367391047381496,0.4534154075401815,1.463292156556341,True,136.3068629790549,0.317001535461421,40.547836929022935,0.006559228246112166
3.7615073876180527,116.8440085031061,176.48820227916846,59.64419377606236,0.45418104281896254,1.4875107998125514,True,135.9889062786306,0.3209851045586289,40.49929600053787,0.006615861403084657
3.766010391352089,116.20784595860708,176.12673286231578,59.918886903708696,0.4549433449993272,1.5118660834589166,True,135.67586170987042,0.3249061649384271,40.45087115244536,0.0066726239003689625
3.7705133950861254,115.57870022817652,175.77019848267602,60.19149825449951,0.45570235803095704,1.536356974088387,True,135.36763651382404,0.3287663018783261,40.402561968851984,0.0067295146425232835
3.7750163988201617,114.95645311876322,175.41850810282835,60.46205498406512,0.4564581247041445,1.5609824442507088,True,135.0641400669795,0.3325670447938907,40.354368035848864,0.006786532541593025
3.779519402554198,114.34098915684959,175.07157276024748,60.730583603397896,0.45721068669317344,1.585741472368386,True,134.7652838187479,0.3363098697565547,40.30628894149959,0.00684367651705535
3.784022406288234,113.73219550632034,174.72930550797884,60.9971100016585,0.4579600845976627,1.6106330426567317,True,134.47098123215005,0.3399962018735942,40.258324275828784,0.006900945495764421
3.7885254100222703,113.12996189588452,174.39162136382515,61.26165946794063,0.45870635798198545,1.635656145047754,True,134.1811477330153,0.34362741753914233,40.210473630809844,0.006958338411896768
3.7930284137563066,112.53418053741552,174.0584372494672,61.52425671205168,0.4594495454128761,1.6608097751177684,True,133.8957006491131,0.347204846564415,40.162736600354094,0.007015854206897508
3.797531417490343,111.94474606109848,173.7296719454609,61.784925884362416,0.4601896844953203,1.686092934018423,True,133.614559165162,0.35072977419477797,40.11511278029889,0.007073491829426529
3.8020344212243793,111.36155543807958,173.40524603285547,62.04369059477589,0.4609268119068216,1.7115046284108713,True,133.3376442644592,0.35420344302068335,40.06760176839629,0.007131250235305565
3.8065374249584156,110.78450792045612,173.08508185132013,62.300573930864,0.4616609634301371,1.7370438704031368,True,133.06487868701842,0.35762705478904905,40.020203164301705,0.007189128387465479
3.8110404286924515,110.21350497135597,172.7691034465699,62.555598475213905,0.4623921739845567,1.7627096774901858,True,132.7961868770073,0.36100177212115,39.972916569562585,0.007247125255893966
3.815543432426488,109.6484502061176,172.45723652814587,62.80878632202828,0.46312047765581077,1.7885010724968002,True,132.53149494053818,0.36432872014269513,39.92574158760769,0.007305239817583825
3.820046436160524,109.08924932827219,172.1494084212877,63.0601590930155,0.46384590772467227,1.8144170835229445,True,132.27073059755244,0.36760898803136416,39.878677823735245,0.007363471056481455
3.8245494398945605,108.53581007622547,171.84554802883463,63.30973795260917,0.46456849669432543,1.8404567438915396,True,132.01382314373203,0.3708436304866897,39.8317248851026,0.007421817963436085
3.829052443628597,107.98804216238128,171.5455857849302,63.55754362254893,0.46528827631656133,1.866619092098453,True,131.7607034042151,0.37403366912688174,39.78488238071512,0.007480279536149
3.833555447362633,107.44585722214751,171.24945361800445,63.803596395856935,0.4660052776168645,1.8929031717646922,True,131.5113036965894,0.3771800938168523,39.738149921415044,0.0075388547791236035
3.8380584510966695,106.9091687588764,170.9570849091149,64.0479161502385,0.46671953091844176,1.9193080315905116,True,131.2655577892439,0.38028386393140745,39.69152711987101,0.007597542703615574
3.8425614548307054,106.37789209809203,170.6684144590289,64.29052236093688,0.4674310658652503,1.9458327253114232,True,131.0234008684616,0.38334590955733566,39.64501359056729,0.007656342327583665
3.8470644585647418,105.85194433101069,170.38337844408005,64.53143411306935,0.46813991144407485,1.9724763116560509,True,130.78476949428673,0.38636713263786715,39.59860894979332,0.007715252675640674
3.851567462298778,105.33124427400979,170.10191438747782,64.77067011346803,0.46884609600569704,1.9992378543055465,True,130.5496015718452,0.3893484080627358,39.55231281563263,0.007774272779005047
3.8560704660328144,104.81571242073382,169.82396112278616,65.00824870205234,0.46954964728520765,2.0261164218547125,True,130.31783631483322,0.3922905847068956,39.50612480795294,0.007833401675452642
3.860573469766851,104.30527089527563,169.54945875802832,65.24418786275268,0.4702505924214957,2.0531110877744543,True,130.08941420963282,0.39519448642071503,39.4600445483955,0.007892638409269202
3.8650764735008867,103.79984341360691,169.27834864761627,65.47850523400935,0.47094895797596315,2.0802209303758024,True,129.86427698725157,0.398060912974337,39.4140716603647,0.00795198203120278
3.869579477234923,103.29935523918837,169.01057335805314,65.71121811886478,0.471644769950493,2.107445032775123,True,129.64236758903516,0.4008906409586718,39.368205769017976,0.008011431598416975
3.8740824809689594,102.80373314407709,168.74607663874676,65.94234349466967,0.4723380538047137,2.1347824828606745,True,129.42363013749116,0.403684424645385,39.3224465012556,0.008070986174444343
3.8785854847029957,102.31290536958463,168.4848033920045,66.17189802241985,0.47302883447258925,2.1622323732602657,True,129.2080099062941,0.40644299680805723,39.276793485710385,0.008130644829140159
3.883088488437032,101.82680158971232,168.2266996454535,66.39989805574118,0.4737171363783643,2.1897938013100227,True,128.99545329271567,0.4091670695065811,39.23124635273783,0.008190406638636558
3.887591492171068,101.3453528715493,167.97171252108865,66.62635964953937,0.4744029834519018,2.217465869024272,True,128.78590778668263,0.41185733483673903,39.18580473440602,0.008250270685297295
3.8920944959051047,100.86849164569043,167.71979021401984,66.85129856832941,0.4750863991434323,2.2452476830663453,True,128.57932194953406,0.41451446564676836,39.140468264485776,0.008310236057672435
3.8965974996391406,100.39615166747011,167.47088196172794,67.07473029425783,0.4757674064377465,2.273138354720288,True,128.37564538328704,0.41713911622261435,39.095236578440904,0.008370301850453787
3.901100503373177,99.92826798329746,167.22493801813204,67.29667003483458,0.47644602786785784,2.3011369998635596,True,128.17482870471375,0.4197319229435142,39.05010931341829,0.008430467164430529
3.9056035071072133,99.46477690442322,166.98190963480664,67.51713273038341,0.47712228552815195,2.3292427389403976,True,127.97682352656855,0.4222935049093786,39.00508610823809,0.008490731106445229
3.9101065108412496,99.0056159676667,166.7417490288936,67.73613306122691,0.47779620108705456,2.35745469693608,True,127.78158242550911,0.4248244645414247,38.96016660338448,0.008551092789350172
3.914609514575286,98.55072391217676,166.50440936679186,67.9536854546151,0.47846779579923193,2.3857720033518777,True,127.5890589257961,0.427325388157401,38.915350440995766,0.008611551331964132
3.919112518309322,98.10004064587443,166.26984473728453,68.1698040914101,0.47913709051734976,2.41419379218069,True,127.39920747242967,0.4297968465226549,38.870637264854864,0.008672105859029368
3.923615522043358,97.65350721887795,166.03801013141458,68.38450291253665,0.47980410570340504,2.4427192018833335,True,127.21198341103452,0.4322393953782436,38.82602672038006,0.008732755501169157
3.9281185257773945,97.21106579733934,165.80886142254863,68.59779562520929,0.4804688614396533,2.471347375365463,True,127.02734296793302,0.43465357594721854,38.78151845461561,0.008793499394845375
3.932621529511431,96.77265963172269,165.58235534066716,68.80969570894446,0.4811313774391459,2.500077459955036,True,126.84524322444494,0.43703991542013415,38.73711211622222,0.008854336682316763
3.937124533245467,96.33823303694108,165.3584494583086,69.02021642136752,0.4817916730558961,2.5289086073803477,True,126.66564210284062,0.43939892742078795,38.69280735546798,0.008915266511597311
3.941627536979503,95.90773136251738,165.13710216634047,69.22937080382307,0.482449767294687,2.557839973748556,True,126.48849834212129,0.44173111245314306,38.64860382421918,0.008976288036414835
3.94613054071354,95.48110097115381,164.91827265795018,69.43717168679638,0.48310567882053956,2.5868707195247085,True,126.31377148201904,0.44403695833031925,38.60450117593115,0.009037400416170432
3.9506335444475758,95.05828921274012,164.70192090789405,69.64363169515393,0.4837594259678518,2.6160000095112057,True,126.14142184225486,0.44631694058650906,38.56049906563919,0.009098602815897527
3.955136548181612,94.63924440283883,164.48800765604926,69.84876325321044,0.48441102674922554,2.6452270128277044,True,125.97141050609963,0.4485715228726071,38.51659714994963,0.009159894406221843
3.9596395519156484,94.22391579961918,164.27649438924874,70.05257858962955,0.4850604988639915,2.6745509028914234,True,125.80369930221786,0.45080115733632253,38.472795087030875,0.009221274363321465
3.9641425556496848,93.81225358230012,164.06734332446433,70.25508974216422,0.4857078597064455,2.7039708573977825,True,125.63825078785983,0.4530062849874784,38.4290925366045,0.009282741868887091
3.968645559383721,93.40420882803043,163.8605173902743,70.45630856224386,0.4863531263738088,2.7334860583014757,True,125.47502823033793,0.4551873360491896,38.385489159936384,0.00934429611008282
3.973148563117757,92.99973349647234,163.65598021588713,70.65624671941478,0.48699631567392165,2.763095691797813,True,125.31399559605896,0.4573447302955503,38.34198461982817,0.009405936279507102
3.9776515668517933,92.59878040369956,163.4536961093374,70.85491570563781,0.4876374441326825,2.7927989483044016,True,125.15511752872894,0.4594788773764488,38.29857858060845,0.009467661575154253
3.9821545705858297,92.20130320652842,163.25363004597938,71.05232683945094,0.4882765280012419,2.822595022443123,True,124.9983593378555,0.4615901771300882,38.255270708123874,0.00952947120037581
3.986657574319866,91.80725638247087,163.0557476524715,71.24849127000064,0.48891358326296064,2.8524831130223753,True,124.84368698274046,0.46367901988374693,38.21206066973103,0.00959136436384262
3.9911605780539023,91.41659521096263,162.86001519191052,71.44341998094791,0.48954862564014345,2.882462423019579,True,124.69106705762275,0.4657457867433215,38.168948134287774,0.009653340279507032
3.9956635817879382,91.02927575599371,162.66639955024678,71.63712379425307,0.4901816706005532,2.9125321595639733,True,124.54046677810213,0.46779084987212705,38.12593277214465,0.009715398166565484
4.000166585521975,90.6452548494427,162.47486822328682,71.82961337384411,0.49081273336371845,2.942691533919538,True,124.39185396815047,0.46981457275943234,38.08301425513635,0.009777537249421306
4.004669589256011,90.26449007233792,162.2853893015117,72.0208992291738,0.49144182890703814,2.9729397614682354,True,124.24519704493781,0.4718173104791669,38.0401922565739,0.009839756757647783
4.009172592990048,89.88693974068036,162.09793145934847,72.21099171866811,0.4920689719716945,3.00327606169338,True,124.10046500811264,0.4737994099392397,37.99746645123584,0.009902055925951607
4.013675596724084,89.51256288642293,161.9124639394949,72.39990105307197,0.4926941770683799,3.0336996581632643,True,123.95762742413467,0.4757612101218503,37.95483651536023,0.009964433994136664
4.0181786004581195,89.14131924408157,161.72895654277602,72.58763729869445,0.4933174584828448,3.0642097785149063,True,123.81665441613956,0.47770304231519123,37.91230212663646,0.010026890207067922
4.022681604192156,88.77316923642172,161.54737961697964,72.77421038055793,0.4939388302812736,3.094805654437993,True,123.67751665278254,0.4796252303368959,37.8698629641971,0.010089423814635748
4.027184607926192,88.40807395599717,161.36770404145153,72.95963008545436,0.4945583063154938,3.1254865216589294,True,123.54018533284173,0.48152809074958147,37.8275187086098,0.010152034071720405
4.031687611660229,88.04599515392978,161.1899012188428,73.14390606491301,0.49517590022802827,3.1562516199251522,True,123.40463217697345,0.4834119330688184,37.785269041869356,0.010214720238157005
4.036190615394265,87.6868952260639,161.01394306414468,73.32704783808079,0.49579162545698996,3.187100192989397,True,123.27082941675494,0.4852770599638311,37.74311364738975,0.010277481578700454
4.040693619128302,87.33073719660523,160.83980199112625,73.50906479452102,0.4964054952408333,3.218031488594326,True,123.13874978113034,0.48712376745124986,37.70105220999591,0.010340317362991042
4.0451966228623375,86.97748470640553,160.66745090333643,73.6899661969309,0.49701752262295773,3.249044758457022,True,123.00836648741983,0.48895234508215785,37.659084415916595,0.010403226865519859
4.049699626596373,86.62710200077773,160.49686318455997,73.86976118378226,0.49762772045617765,3.2801392582537896,True,122.8796532317842,0.4907630761227579,37.61720995277577,0.010466209365594933
4.05420263033041,86.27955391602451,160.32801268791258,74.04845877188806,0.49823610140705843,3.3113142476049733,True,122.75258417832714,0.49255623772887136,37.575428509585436,0.010529264147307281
4.058705634064446,85.93480586530865,160.16087372420503,74.22606785889639,0.4988426779601236,3.3425689900598847,True,122.62713394746744,0.4943321011145416,37.53373977673759,0.010592390499497444
4.063208637798482,85.59282383074076,159.99542105645583,74.40259722571507,0.49944746242194005,3.373902753081818,True,122.50327761045911,0.49609093171496627,37.49214344599672,0.010655587715722108
4.067711641532519,85.2535743482944,159.8316298871644,74.57805553887002,0.500050466925084,3.405314808033166,True,122.38099067667218,0.49783298934399006,37.45063921049223,0.010718855094221193
4.072214645266555,84.91702449715297,159.6694758499508,74.75245135279783,0.5006517034319913,3.4368044301605956,True,122.2602490852398,0.49955852834636383,37.40922676471099,0.010782191937885037
4.076717649000591,84.58314188913205,159.5089350012085,74.92579311207643,0.5012511837386986,3.4683708985803494,True,122.14102919671907,0.5012677977449864,37.367905804489425,0.01084559755422182
4.081220652734627,84.25189465724054,159.34998381083543,75.09808915359488,0.5018489194784748,3.500013496263485,True,122.02330778382891,0.5029610413833051,37.32667602700651,0.010909071255325392
4.085723656468664,83.92325144702222,159.19259915568753,75.26934770866531,0.5024449221253519,3.5317315100213356,True,121.90706202491126,0.5046384980630858,37.28553713077628,0.01097261235784331
4.0902266602027,83.5971814027333,159.03675830781117,75.43957690507787,0.5030392029975548,3.5635242304909234,True,121.7922694921708,0.5063004016777111,37.244488815640366,0.011036220182944853
4.094729663936736,83.27365415954617,158.8824389286478,75.60878476910163,0.5036317732608355,3.595390952120526,True,121.67890814588715,0.5079469813411909,37.20353078276064,0.011099894056289791
4.099232667670773,82.9526398349344,158.72961906236634,75.77697922743195,0.5042226439317126,3.627330973155147,True,121.56695632775416,0.509578461513032,37.162662734612184,0.01116363330799694
4.1037356714048085,82.63410901431995,158.57827712340747,75.94416810908751,0.5048118258806222,3.659343595622146,True,121.45639274843153,0.5111950621191423,37.12188437497595,0.01122743727261312
4.108238675138845,82.31803274745474,158.42839189471263,76.1103591472579,0.5053993298349824,3.6914281253169516,True,121.3471964857811,0.5127969986689059,37.081195408931535,0.011291305289082544
4.112741678872881,82.00438253713669,158.27994251823947,76.27555998110276,0.5059851663821711,3.7235838717886436,True,121.23934697538911,0.5143844823685708,37.040595542850355,0.01135523670071601
4.117244682606918,81.69313032679965,158.13290848430518,76.43977815750554,0.5065693459724262,3.7558101483257906,True,121.13282399991714,0.5159577202310986,37.00008448438804,0.011419230855160896
4.121747686340954,81.38424849908657,157.9872696318683,76.6030211327817,0.5071518789216634,3.788106271942095,True,121.02760768939007,0.5175169151825842,36.95966194247822,0.011483287104370722
4.12625069007499,81.07770985901982,157.84300613336424,76.76529627434442,0.5077327754142209,3.8204715633623003,True,120.92367850603944,0.5190622661654009,36.919327627324805,0.011547404804575667
4.130753693809027,80.77348763335529,157.7000984956826,76.92661086232732,0.5083120455055299,3.8529053470079595,True,120.82101724528735,0.5205939682381644,36.879081250395245,0.011611583316252644
4.1352566975430625,80.47155545592797,157.5585275470955,77.08697209116754,0.5088896991247112,3.885406950983276,True,120.71960502268138,0.5221122126726384,36.83892252441413,0.01167582200409608
4.139759701277099,80.1718873662969,157.41827443744552,77.24638707114863,0.5094657460771082,3.9179757070610366,True,120.61942327408991,0.5236171870477044,36.79885116335561,0.011740120236988776
4.144262705011135,79.87445779406869,157.2793206239743,77.40486282990561,0.5100401960467467,3.9506109506684495,True,120.52045374153707,0.5251090753404793,36.75886688243722,0.011804477387972807
4.148765708745172,79.57924156051858,157.14164787441212,77.56240631389353,0.510613058598737,3.983312020873159,True,120.42267847629932,0.5265880580147057,36.71896939811279,0.011868892834220948
4.153268712479208,79.28621386310971,157.00523825292876,77.71902438981905,0.5111843431816077,4.016078260369122,True,120.326079824863,0.5280543121064883,36.67915842806576,0.011933365957008127
4.157771716213244,78.99535027316371,156.87007411920203,77.87472384603832,0.5117540591295818,4.048909015462593,True,120.23064042799923,0.5295080113074875,36.6394336912028,0.011997896141683152
4.1622747199472805,78.706626727114,156.73613812103494,78.02951139392094,0.5123222156647951,4.0818036360581775,True,120.1363432133881,0.5309493260456553,36.59979490764684,0.012062482777640625
4.166777723681316,78.42001951997027,156.6034131891505,78.18339366918023,0.5128888218994533,4.114761475644701,True,120.04317139041984,0.532378423563588,36.56024179873066,0.012127125258293112
4.171280727415352,78.1355052989368,156.47188253211064,78.33637723317383,0.5134538868379401,4.147781891281394,True,119.95110844512013,0.533795467994597,36.520774086990514,0.012191822981043515
4.175783731149389,77.85306105411581,156.3415296282872,78.48846857417138,0.5140174193788674,4.180864243583804,True,119.86013813212793,0.5352006204365619,36.48139149615926,0.012256575347257576
4.180286734883425,77.57266411834206,156.21233822693597,78.63967410859391,0.5145794283170753,4.214007896709909,True,119.77024447577571,0.5365940390236461,36.44209375116026,0.012321381762236815
4.184789738617462,77.29429215295929,156.0842923351829,78.79000018222361,0.5151399223455826,4.24721221834619,True,119.68141175708199,0.5379758789959487,36.40288057810092,0.012386241635191336
4.189292742351498,77.01792314868878,155.9573762200739,78.93945307138515,0.5156989100574865,4.280476579693637,True,119.59362451580787,0.539346292767164,36.363751704266036,0.012451154379213153
4.193795746085534,76.74353541544322,155.8315743995439,79.08803898410069,0.5162563999478185,4.313800355453933,True,119.50686754143206,0.5407054299903135,36.32470685811185,0.012516119411249568
4.19829874981957,76.47110757757349,155.7068716387912,79.23576406121772,0.5168124004153514,4.3471829238155,True,119.42112586953158,0.5420534376216125,36.28574576925962,0.012581136152076719
4.202801753553606,76.20061856807943,155.58325294559063,79.38263437751121,0.517366919764364,4.380623666439631,True,119.33638477710124,0.5433904599825425,36.246868168489385,0.012646204026273422
4.207304757287643,75.93204762411033,155.46070356687105,79.52865594276072,0.5179199662063614,4.414121968446614,True,119.25262977913748,0.54471663882018,36.20807378773357,0.012711322462195161
4.211807761021679,75.66537427962835,155.33920898243218,79.67383470280384,0.518471547861754,4.447677218401874,True,119.16984662236092,0.5460321133658398,36.16936236007126,0.012776490891948308
4.216310764755716,75.40057836087247,155.2187549014375,79.81817654056503,0.5190216727614969,4.481288808302116,True,119.08802128171587,0.5473370203920989,36.13073361972164,0.012841708751364492
4.2208137684897515,75.13763998143594,155.0993272584982,79.96168727706227,0.5195703488486882,4.514956133561444,True,119.00713995646007,0.5486314942682368,36.09218730203813,0.012906975479975213
4.225316772223788,74.87653953752583,154.9809122099163,80.10437267239047,0.5201175839801284,4.548678592997455,True,118.92718906641392,0.5499156670141554,36.053723143502395,0.012972290520986592
4.229819775957824,74.61725770055043,154.86349612723794,80.24623842668751,0.5206633859278522,4.582455588817963,True,118.8481552455198,0.551189668352847,36.01534088171813,0.013037653321254283
4.23432277969186,74.35977541651121,154.7470655975813,80.3872901810701,0.5212077623806046,4.616286526606287,True,118.77002534217607,0.5524536257613862,35.97704025540523,0.013103063331258803
4.238825783425897,74.10407389710734,154.63160741566605,80.52753351855871,0.5217507209453016,4.650170815308059,True,118.69278641127204,0.5537076645205903,35.938821004394015,0.013168520005080772
4.243328787159933,73.8501346155264,154.51710858050382,80.6669739649774,0.5222922691484462,4.684107867217286,True,118.61642571088484,0.554951907763322,35.900682869618976,0.013234022800376312
4.24783179089397,73.59793930475823,154.40355629459376,80.80561698983553,0.522832414437516,4.718097097962534,True,118.54093070148069,0.5561864765214998,35.862625593113066,0.013299571178353023
4.2523347946280055,73.34746995009641,154.29093795728744,80.94346800719102,0.5233711641823156,4.752137926493203,True,118.46628903928516,0.5574114897718541,35.82464891800228,0.01336516460374574
4.256837798362042,73.09870878648695,154.17924116298133,81.08053237649436,0.5239085256762995,4.786229775065726,True,118.39248857448223,0.5586270644804765,35.7867525884991,0.013430802544792564
4.261340802096078,72.85163829290084,154.06845369631645,81.21681540341562,0.5244445061378649,4.820372069229833,True,118.31951734641905,0.5598333156461835,35.748936349897406,0.013496484473211189
4.265843805830114,72.60624118922544,153.9585635298791,81.35232234065364,0.5249791127116135,4.854564237814796,True,118.2473635813125,0.5610303563427486,35.71119994856659,0.013562209864175438
4.270346809564151,72.36250043075371,153.8495588194823,81.48705838872857,0.525512352469587,4.88880571291574,True,118.17601568753658,0.5622182977600265,35.67354313194572,0.01362797819629162
4.274849813298187,72.12039920737169,153.74142790412924,81.62102869675756,0.5260442324124723,4.923095929879841,True,118.10546225559116,0.5633972492440082,35.635965648538075,0.013693788951575553
4.2793528170322235,71.87992093393288,153.63415929714785,81.75423836321497,0.5265747594707808,4.957434327292697,True,118.03569204924239,0.5645673183358422,35.59846724790546,0.013759641615429405
4.283855820766259,71.64104925136778,153.5277416880445,81.88669243667671,0.527103940506002,4.991820346964593,True,117.96669400738175,0.5657286108098427,35.56104768066275,0.013825535676618775
4.288358824500295,71.40376802162201,153.42216393817114,82.01839591654911,0.5276317823117299,5.026253433916801,True,117.89845723969891,0.5668812307105304,35.523706698472225,0.01389147062725031
4.292861828234332,71.16806132328223,153.317415077066,82.14935375378376,0.5281582916147664,5.060733036367962,True,117.83097102302783,0.5680252803887252,35.48644405403816,0.013957445962748727
4.297364831968368,70.93391344776948,153.21348429934636,82.27957085157689,0.528683475076198,5.095258605720355,True,117.76422479824501,0.56916086053672,35.44925950110135,0.014023461181834757
4.301867835702405,70.70130889465277,153.1103609607086,82.4090520660558,0.5292073392924518,5.129829596546334,True,117.69820816627487,0.570288070222568,35.41215279443372,0.014089515786502901
4.306370839436441,70.47023237239199,153.00803457934256,82.53780220695059,0.5297298907963255,5.164445466574585,True,117.63291088950969,0.5714070069235025,35.375123689832876,0.01415560928199927
4.3108738431704765,70.24066879048256,152.90649482873573,82.66582603825319,0.5302511360579973,5.1991056766766,True,117.56832288461902,0.5725177665585273,35.33817194411671,0.014221741176799946
4.315376846904513,70.01260325756672,152.80573153643022,82.79312827886349,0.5307710814860143,5.233809690853062,True,117.50443422131201,0.5736204435201855,35.301297315118205,0.014287910982589067
4.319879850638549,69.78602107888422,152.70573468210623,82.91971360322201,0.5312897334282563,5.268556976220177,True,117.44123512042617,0.5747151307055433,35.264499561680054,0.014354118214237446
4.324382854372586,69.56090775197728,152.60649439390846,83.04558664193117,0.5318070981728831,5.303347002996207,True,117.3787159502591,0.5758019195464118,35.227778443649356,0.014420362389781075
4.328885858106622,69.33724896440067,152.50800094676447,83.17075198236381,0.5323231819492598,5.338179244487815,True,117.31686722489185,0.5768809000388161,35.19113372187262,0.014486643030399912
4.333388861840659,69.11503058993878,152.41024475919892,83.29521416926013,0.5328379909288623,5.373053177076576,True,117.25567960100867,0.5779521607717536,35.15456515819025,0.01455295966039695
4.3378918655746945,68.89423868480374,152.31321639011747,83.41897770531372,0.5333515312261639,5.4079682802054325,True,117.19514387468573,0.5790157889552422,35.11807251543175,0.01461931180717714
4.34239486930873,68.67485948794344,152.21690653968864,83.54204705174521,0.5338638088995045,5.442924036365199,True,117.13525098227854,0.5800718704476939,35.0816555574101,0.014685699001226696
4.346897873042767,68.45687941304853,152.12130604191464,83.66442662886612,0.5343748299519395,5.4779199310810265,True,117.07599199299761,0.581120489782624,35.04531404891702,0.014752120776092573
4.351400876776803,68.24028505095573,152.02640586758775,83.78612081663204,0.5348846003320737,5.512955452898982,True,117.0173581118695,0.582161730194713,35.00904775571826,0.014818576668361838
4.35590388051084,68.02506316269691,151.93219711788106,83.90713395518416,0.5353931259348752,5.548030093372559,True,116.95934067333346,0.5831956736452583,34.9728564445476,0.014885066217641588
4.360406884244876,67.81120067920345,151.83867102458578,84.02747034538231,0.5359004126024748,5.583143347049226,True,116.90193114148306,0.584222400847003,34.93673988310272,0.014951588966538601
4.3649098879789126,67.5986846967075,151.7458189460346,84.14713424932712,0.536406466124949,5.618294711457066,True,116.84512110599493,0.585241991288387,34.90069784003967,0.015018144460639496
4.369412891712948,67.3875024756555,151.6536323665281,84.26612989087259,0.5369112922410846,5.653483687091301,True,116.78890228155961,0.5862545232572156,34.86473008496847,0.015084732248490731
4.373915895446984,67.17764143902876,151.56210289515838,84.3844614561296,0.5374148966391311,5.688709777400968,True,116.7332665067107,0.5872600738637798,34.82883638844767,0.015151351881579025
4.378418899181021,66.9690891654076,151.4712222593675,84.5021330939599,0.5379172849575357,5.7239724887755425,True,116.67820573738776,0.5882587190634281,34.79301652197974,0.015218002914311704
4.382921902915057,66.76183339237431,151.38098230883543,84.61914891646111,0.5384184627856641,5.759271330531597,True,116.6237120508292,0.5892505336786147,34.75727025800623,0.015284684903997328
4.387424906649093,66.5558620086239,151.29137500806723,84.73551299944332,0.538918435664508,5.794605814899503,True,116.56977763816434,0.5902355914204356,34.721597369902895,0.015351397410826376
4.39192791038313,66.35116305592291,151.20239243881952,84.8512293828966,0.5394172090873768,5.829975457010113,True,116.51639480684463,0.5912139649096644,34.685997631974885,0.015418139997852201
4.3964309141171665,66.14772472416503,151.11402679561527,84.96630207145024,0.5399147885005764,5.865379774881511,True,116.46355597616328,0.5921857256973057,34.650470819451996,0.015484912230971842
4.400933917851202,65.94553534862716,151.0262703834514,85.08073503482422,0.5404111793040753,5.900818289405741,True,116.4112536749673,0.5931509442846741,34.61501670848409,0.015551713678907356
4.405436921585238,65.74458341037385,150.93911561864604,85.19453220827221,0.5409063868521571,5.936290524335626,True,116.35948054251004,0.5941096901430206,34.579635076136,0.01561854391318701
4.409939925319275,65.54485753101588,150.85255502403265,85.30769749301676,0.5414004164540591,5.971796006271513,True,116.30822932364924,0.595062031732703,34.54432570038341,0.01568540250812675
4.414442929053311,65.34634647390689,150.76658123058428,85.42023475667737,0.5418932733746014,6.0073342646481445,True,116.25749287047654,0.5960080365219306,34.50908836010774,0.01575228904081165
4.418945932787347,65.14903913842878,150.68118697211935,85.53214783369056,0.5423849628348008,6.042904831721497,True,116.20726413702758,0.5969477710050828,34.47392283509177,0.01581920309107765
4.423448936521384,64.9529245595935,150.596365085316,85.6434405257225,0.5428754900124749,6.078507242555637,True,116.1575361793011,0.5978813007206151,34.43882890601489,0.015886144241493483
4.4279519402554195,64.75799190556067,150.5121085076359,85.75411660207523,0.5433648600428331,6.114141035009603,True,116.10830215318703,0.5988086902685636,34.403806354448875,0.015953112077342388
4.432454943989456,64.5642304778449,150.4284102779302,85.86417980008531,0.5438530780190589,6.149805749724436,True,116.0595553150774,0.5997300033276664,34.368854962852794,0.016020106186604433
4.436957947723492,64.37162970430745,150.34526352982326,85.9736338255158,0.5443401489928774,6.185500930109991,True,116.0112890152541,0.6006453026720933,34.33397451456915,0.016087126159938583
4.441460951457529,64.18017914353467,150.26266149647637,86.0824823529417,0.544826077975116,6.221226122332043,True,115.96349670265748,0.6015546501878174,34.29916479381889,0.016154171590665095
4.445963955191565,63.98986847603255,150.18059750216102,86.19072902612848,0.5453108699362512,6.256980875299208,True,115.91617191646382,0.6024581068886187,34.2644255856972,0.01622124207474794
4.450466958925601,63.80068750952104,150.09906496792576,86.29837745840472,0.545794529806948,6.292764740650001,True,115.86930829175664,0.6033557329317385,34.22975667616912,0.01628833721077748
4.4549699626596375,63.612626171772924,150.01805740480114,86.40543123302821,0.5462770624785878,6.328577272739981,True,115.82289955273635,0.6042475876331974,34.195157852064796,0.016355456599953105
4.459472966393673,63.425674509151555,149.9375684126975,86.51189390354592,0.5467584728037853,6.364418028628686,True,115.7769395116218,0.6051337294827676,34.16062890107568,0.016422599846066144
4.46397597012771,63.23982268910176,149.85759168325006,86.61776899414832,0.5472387655968995,6.400286568066938,True,115.73142207150033,0.6060142161586357,34.12616961174973,0.016489766555482774
4.468478973861746,63.05506099272225,149.7781209927395,86.72306000001727,0.5477179456345316,6.436182453483835,True,115.68634121925213,0.6068891045417378,34.091779773487374,0.016556956337127157
4.472981977595783,62.871379818109546,149.6991502057781,86.82777038766856,0.5481960176560154,6.472105249974061,True,115.64169102924126,0.6077584507297937,34.05745917653684,0.016624168802464617
4.477484981329819,62.688769674804306,149.6206732700934,86.93190359528907,0.5486729863638998,6.508054525284991,True,115.59746565810296,0.6086223100510344,34.02320761199043,0.016691403565485083
4.481987985063855,62.50722118385466,149.5426842169227,87.03546303306805,0.54914885642442,6.544029849804065,True,115.55365934514292,0.6094807370776428,33.98902487177979,0.016758660242686352
4.486490988797891,62.326725076607566,149.46517716013048,87.13845208352292,0.5496236324679631,6.580030796545929,True,115.51026641145853,0.6103337856389061,33.95491074867195,0.01682593845305795
4.490993992531927,62.14727219237976,149.38814629420003,87.24087410182027,0.5500973190895223,6.616056941139816,True,115.46728125793479,0.6111815088340857,33.92086503626524,0.0168932378180644
4.495496996265963,61.96885347528492,149.31158589137647,87.34273241609154,0.5505699208491466,6.652107861816893,True,115.42469836239167,0.6120239590450269,33.8868875289848,0.0169605579616295
4.5,61.79145997783373,149.23549030557706,87.44403032774332,0.5510414422723786,6.688183139397602,True,115.38251228349847,0.6128611879484921,33.85297802207859,0.017027898510119932
4.548746518105849,59.934383102167935,148.440006607038,88.50562350487006,0.5560778772697742,7.08015677156917,True,114.94981310142384,0.621603778614459,33.490193505614144,0.01775808849630625
4.5974930362116995,58.18601940072217,147.69188697814596,89.50586757742379,0.5609936581495041,7.474429099561437,True,114.55678489110088,0.6297996658332733,33.135102087045084,0.01849017553465704
4.646239554317549,56.53706399398274,146.98547680006243,90.44841280607969,0.5657938382735237,7.870523782949564,True,114.19801517256367,0.6375009730928648,32.78746162749876,0.01922373711467079
4.694986072423398,54.979247901531735,146.31587332619966,91.33662542466791,0.5704831121113518,8.26799608927956,True,113.8688332818995,0.6447532422679484,32.44704004430017,0.019958379514987107
4.743732590529248,53.50519730356166,145.67881475437048,92.17361745080882,0.5750658553702864,8.666431179086272,True,113.56519996008515,0.6515964580491407,32.113614794285326,0.020693735864479035
4.7924791086350975,52.10831521866657,145.07058758560964,92.96227236694307,0.5795461589611595,9.06544245648153,True,113.28361519696222,0.658065884371059,31.786972388647428,0.02142946434493649
4.841225626740947,50.78268152668223,144.48794891555085,93.7052673888686,0.5839278579619378,9.464669987143239,True,113.02104097845766,0.6641927522973893,31.466907937093183,0.022165246523962512
4.889972144846797,49.52296809342736,143.9280609845135,94.40509289108616,0.5882145564891195,9.863778984637303,True,112.77483626524955,0.6700048295571828,31.15322471926396,0.02290078580770924
4.938718662952646,48.32436638753512,143.3884358326609,95.06406944512577,0.5924096491955384,10.262458365241672,True,112.54270205112229,0.6755268950552994,30.8457337815386,0.023635806003987306
4.987465181058496,47.18252549756737,142.86688833713168,95.68436283956432,0.5965163399667432,10.66041937080673,True,112.32263477965172,0.6807811365301762,30.544253557479962,0.024370049987103196
5.036211699164346,46.093498831278545,142.36149621347914,96.26799738220059,0.6005376582750601,11.057394258669877,True,112.11288670315398,0.6857874856352009,30.248609510325167,0.02510327845652313
5.084958217270195,45.053698115146226,141.87056584626416,96.81686773111794,0.6044764735624155,11.45313505722751,True,111.91193205022589,0.690563901744476,29.95863379603827,0.025835268782134907
5.133704735376044,44.05985355156257,141.392603010276,97.33274945871344,0.6083355079539412,11.847412385445843,True,111.71843806471554,0.6951266134925363,29.67416494556045,0.026565813929489368
5.1824512534818945,43.10897918034838,140.9262876989847,97.81730851863632,0.6121173475497899,12.240014334345485,True,111.53124013399258,0.6994903252792759,29.395047564992126,0.027294721458959156
5.231197771587744,42.198342681378044,140.47045243944265,98.27210975806462,0.6158244524991483,12.630745408315782,True,111.3493203869038,0.7036683945808025,29.121132052538854,0.02802181259325426
5.279944289693593,41.32543895504392,140.02406355044872,98.6986245954048,0.6194591660256173,13.019425523990119,True,111.17178921931288,0.7076729848119977,28.85227433113583,0.028746921348193802
5.328690807799443,40.48796694433246,139.58620490957392,99.09823796524147,0.6230237225450639,13.405889064334493,True,110.99786931382488,0.7115151976185856,28.588335595749044,0.02946989372204871
5.3774373259052926,39.6838092426997,139.15606386003924,99.47225461733953,0.6265202549942772,13.78998398556125,True,110.82688178561921,0.7152051877842747,28.329182074420032,0.030190586939151373
5.426183844011142,38.911014103078344,138.73291894714845,99.82190484407009,0.6299508014701893,14.17157097446877,True,110.65823414495752,0.7187522633830135,28.07468480219093,0.03090886874381317
5.474930362116991,38.167779523955396,138.31612922423838,100.14834970028299,0.6333173112641783,14.550522653822911,True,110.49140981713185,0.7221649733582388,27.824719407106528,0.03162461674090705
5.523676880222841,37.45243914050919,137.90512491149738,100.4526857709882,0.6366216503634082,14.926722833429697,True,110.32595900394921,0.7254511843473941,27.579165907548173,0.03233771777976159
5.572423398328691,36.76344967830998,137.49939921323008,100.7359495349201,0.6398656064807398,15.300065804598226,True,110.16149069302621,0.7286181482735993,27.337908520203868,0.033048067378274856
5.621169916434541,36.09937978429939,137.0985011501998,100.99912136590042,0.6430508936660766,15.67045567575408,True,109.99766567216813,0.7316725619834794,27.100835478031684,0.03375556918439869
5.66991643454039,35.45890004390234,136.7020292525809,101.24312920867857,0.6461791565447446,16.037805747033413,True,109.83419039496954,0.7346206200103479,26.86783885761136,0.03446013447236372
5.718662952646239,34.84077406003707,136.30962602150413,101.46885196146707,0.6492519742224067,16.402037921764528,True,109.67081160617636,0.7374680613766686,26.638814415327772,0.035161681671217915
5.767409470752089,34.24385044304185,135.92097303660057,101.67712259355874,0.6522708638908583,16.76308215282412,True,109.50731160473974,0.7402202112126435,26.41366143186083,0.035860135923435746
5.816155988857939,33.667055625147825,135.53578664827046,101.86873102312265,0.655237284164687,17.120875921939305,True,109.34350408377436,0.7428820178534387,26.192282564496097,0.036555428671525836
5.864902506963788,33.109387385571125,135.15381416300224,102.04442677743111,0.6581526381750566,17.47536375009086,True,109.17923045620198,0.7454580859819677,25.97458370680026,0.03724749727071919
5.913649025069638,32.56990901378713,134.77483046909134,102.20492145530422,0.6610182764437085,17.826496737258275,True,109.01435661385446,0.747952706303851,25.76047385523688,0.0379362846259647
5.962395543175488,32.04774404095292,134.39863505036817,102.35089100941524,0.663835499557538,18.174232129831548,True,108.84877006804255,0.7503698821735194,25.549864982325616,0.03862173885158844
6.011142061281337,31.542071466368512,134.02504933059447,102.48297786422594,0.6666055606617685,18.518532914097584,True,108.6823774146223,0.7527133535332349,25.342671915972176,0.03930381295209551
6.059888579387186,31.05212143537362,133.65391431905772,102.60179288368411,0.6693296677877144,18.85936743429036,True,108.5151020944345,0.7549866184782738,25.138812224623223,0.03998246452270331
6.108635097493036,30.577171313189282,133.2850885145635,102.70791720137423,0.6720089860293703,19.196709033772827,True,108.34688240664383,0.7571929527202407,24.938206107919683,0.040657655468297485
6.157381615598886,30.116542117316538,132.91844604186167,102.80190392454513,0.6746446395815366,19.530535717994834,True,108.17766974931796,0.7593354271852492,24.740776292543714,0.04132935173959701
6.206128133704736,29.669595268073316,132.5538749903918,102.88427972231847,0.6772377136508594,19.86082983794521,True,108.00742705741695,0.7614169239535432,24.546447932974843,0.041997523085400446
6.254874651810585,29.2357296227554,132.19127593014497,102.95554630738958,0.679789256249997,20.18757779288636,True,107.8361274132588,0.7634401507212623,24.355148516886175,0.04266214281986666
6.303621169916434,28.81437877295819,131.83056059261088,103.01618181965269,0.6823002798841036,20.51076975122794,True,107.66375281768026,0.7654076539427688,24.166807774930618,0.04332318760385627
6.352367688022284,28.40500856745623,131.47165068685422,103.06664211939798,0.6847717631379167,20.830399388460357,True,107.49029309217411,0.7673218307927525,23.981357594680105,0.043980637239429424
6.401114206128134,28.007114846591854,131.1144768436221,103.10736199703024,0.687204652170944,21.146463641130783,True,107.31574490512432,0.7691849400706882,23.79873193849778,0.044634474476657415
6.449860724233983,27.620221367317342,130.7589776729506,103.13875630563325,0.6895998621275394,21.458962475902723,True,107.14011090781658,0.7709991121558251,23.61886676513403,0.045284684831965
6.498607242339833,27.243877892592504,130.40509891473826,103.16122102214575,0.6919582784680347,21.767898672796314,True,106.963398959887,0.7727663581083535,23.44169995485126,0.045931256417273414
6.547353760445683,26.877658441706796,130.0527926841176,103.1751342424108,0.6942807582265373,22.07327762175836,True,106.78562144622445,0.7744885780014907,23.26717123789315,0.04657417977926502
6.596100278551532,26.521159676170782,129.70201679108268,103.1808571149119,0.6965681312005106,22.375107131762483,True,106.60679466495606,0.7761675685596833,23.09522212612663,0.04721344774813491
6.606990624468964,26.442804434035185,129.62385605108318,103.18105161704798,0.6970744320918159,22.442054070597017,True,106.56670193084439,0.7765369342637212,23.057154120238792,0.047355765020826376
6.644846796657381,26.17399941518167,129.3527341327799,103.17873471759822,0.6988212010768082,22.673397251685483,True,106.42693828508845,0.777805030169834,22.925795847691433,0.04784905529523993
6.693593314763231,25.83581526406341,129.00491214590213,103.16909688183871,0.7010407464984407,22.96816010225224,True,106.24607486139612,0.7794025733251103,22.758837284506,0.048480999399093436
6.742339832869081,25.506263350795805,128.65852231800568,103.15225896720987,0.7032275220759945,23.259409718382198,True,106.06422940552153,0.7809617245545108,22.59429291248415,0.04910927891919119
6.791086350974931,25.185017154961535,128.3135397454841,103.12852259052255,0.705382259347301,23.547161901311554,True,105.88142900115761,0.7824839318857073,22.43211074432648,0.04973389447718976
6.83983286908078,24.87176642932033,127.9699427415414,103.09817631222107,0.7075056676886712,23.831434079901893,True,105.69770246678355,0.7839705698837106,22.27224027475785,0.05035484834498656
6.888579387186629,24.5662161952451,127.62771247828525,103.06149628304014,0.7095984351807412,24.112245180581855,True,105.5130800501947,0.7854229443034999,22.114632428090545,0.05097214433928521
6.937325905292479,24.2680858158054,127.28683266938569,103.0187468535803,0.7116612294317464,24.389615505401455,True,105.32759316138814,0.7868422963908885,21.95923950799755,0.05158578772225206
6.986072423398328,23.977108132943478,126.94728928220044,102.97018114925696,0.7136946983608234,24.66356661771027,True,105.1412741328113,0.788229806862426,21.80601514938914,0.0521957851078995
7.034818941504178,23.69302866977159,126.60907028266402,102.91604161289243,0.7156994709437416,24.934121234999747,True,104.9541560103742,0.7895865995920982,21.654914272289815,0.05280214437385221
7.083565459610028,23.415604883334197,126.27216540038327,102.85656051704908,0.717676157923298,25.201303128478333,True,104.76627236276319,0.7909137450298529,21.505893037620083,0.05340487457817622
7.132311977715878,23.144605476246827,125.9365659242922,102.79196044804537,0.7196253524864367,25.465137028973366,True,104.57765711950096,0.7922122633745586,21.35890880479124,0.05400398588097016
7.181058495821727,22.879809749812893,125.60226451326758,102.72245476345469,0.721547630910017,25.72564853877881,True,104.38834442224045,0.7934831275218478,21.213920091027134,0.05459948947043833
7.229805013927576,22.621007003695933,125.26925502845137,102.64824802475543,0.7234435531770094,25.98286404909068,True,104.19836849611929,0.7947272658053505,21.070886532332082,0.055191397493180944
7.2785515320334255,22.367995976988777,124.93753238367015,102.56953640668137,0.7253136635647861,26.236810662693667,True,104.00776353764337,0.7959455645481165,20.929768846026775,0.05577972298845557
7.327298050139276,22.12058432428638,124.60709240899615,102.48650808470977,0.7271584912070497,26.487516121582875,True,103.81656361421648,0.7971388704394596,20.790528794779675,0.056364479826178635
7.376044568245126,21.878588128307683,124.27793173033385,102.39934360202616,0.7289785506308446,26.735008739223566,True,103.62480257826893,0.798307992751076,20.65312915206492,0.056945682648448084
7.424791086350975,21.641831440746735,123.95004765795485,102.30821621720813,0.7307743422700028,26.979317337169803,True,103.43251398897422,0.7994537054050445,20.517533668980633,0.057523346814386214
7.4735376044568245,21.410145858275854,123.62343809206293,102.21329223378707,0.7325463529562777,27.220471185779846,True,103.23973104969696,0.8005767489051875,20.38370704236597,0.05809748834810914
7.522284122562674,21.183370119633526,123.29810143240095,102.11473131276743,0.734295056389352,27.45849994878176,True,103.04648654824322,0.8016778321422693,20.251614884157732,0.058668123889644916
7.571030640668523,20.961349732166404,122.9740365012747,102.01268676910829,0.7360209135868185,27.69343363145768,True,102.8528128093439,0.8027576340825879,20.121223691930794,0.0592352706486311
7.619777158774373,20.74393662016953,122.65124247327657,101.90730585310703,0.7377243733151699,27.925302532228944,True,102.65874165270704,0.8038168053487013,19.992500820569532,0.059798946360634014
7.668523676880223,20.530988794095997,122.32971881165662,101.79873001756062,0.7394058725027688,28.154137197437862,True,102.4643043566374,0.8048559697002863,19.86541445501922,0.06035916924594048
7.717270194986073,20.322370042038102,122.0094652135618,101.6870951715237,0.7410658366357087,28.3799683791336,True,102.2695316294911,0.8058757254224463,19.739933584070698,0.06091595797068233
7.766016713091922,20.1179496390395,121.69048156046767,101.57253192142817,0.742704680137422,28.602826995681518,True,102.0744535853357,0.8068766466281847,19.61602797513197,0.06146933161016263
7.814763231197771,19.91760207116379,121.37276787144431,101.45516580028053,0.7443228067328382,28.82274409502616,True,101.87909972150027,0.8078592844812034,19.493668149944043,0.062019309614259444
7.863509749303621,19.72120678169387,121.05632426730041,101.33511748560655,0.7459206097978526,29.039750820448077,True,101.68349890610031,0.8088241683446828,19.3728253612001,0.06256591177479115
7.912256267409471,19.528647925117003,120.74115093188817,101.21250300677117,0.7474984726948151,29.253878378664627,True,101.487679361859,0.8097718068612422,19.253471570029177,0.06310915819473373
7.961002785515321,19.339814142485857,120.42724808474637,101.0874339422605,0.749056769094715,29.4651580101332,True,101.29166866043985,0.8107026889688738,19.135579424306513,0.06364906925918698
8.00974930362117,19.154598344102332,120.1146159515805,100.96001760747816,0.7505958632866913,29.673620961424422,True,101.09549371382431,0.8116172848572538,19.019122237756193,0.064185665607993
8.05849582172702,18.972897506907604,119.80325474047984,100.83035723357224,0.7521161104754683,29.87929845954049,True,100.89918077066723,0.8125160468684886,18.904073969812615,0.06471896810991493
8.107242339832869,18.79461248404796,119.49316462182647,100.6985521377785,0.753617857067282,30.08222168806111,True,100.70275541561863,0.8133994103460566,18.79040920620784,0.06524899783829036
8.155988857938718,18.619647824717024,119.18434571045186,100.56469788573484,0.7551014409448261,30.282421765006987,True,100.50624257019642,0.8142677944353975,18.678103140255445,0.06577577604807831
8.204735376044567,18.447911601115937,118.87679804731178,100.42888644619585,0.7565671917317273,30.479929722316374,True,100.30966649251025,0.8151216028393508,18.567131554801534,0.0662993241542229
8.253481894150418,18.27931524987219,118.57052158842168,100.29120633854949,0.7580154310470215,30.674776486838027,True,100.11305078360633,0.8159612245314,18.457470804815358,0.06681966371126233
8.302228412256268,18.113773418129114,118.26551619164312,100.151742773514,0.7594464727500845,30.866992862747487,True,99.91641839104994,0.8167870344294623,18.34909780059317,0.06733681639411426
8.350974930362117,17.9512038194665,117.96178160683812,100.01057778737162,0.7608606231764438,31.05660951530158,True,99.71979161528776,0.8175993940327602,18.241989991550355,0.06785080397997474
8.399721448467966,17.79152709828106,117.65931746835503,99.86779037007396,0.7622581813648754,31.24365695584854,True,99.52319211777703,0.8183986520241205,18.136125350578,0.06836164833126897
8.448467966573816,17.634666699110817,117.35812328664528,99.72345658753447,0.76363943927617,31.42816552801809,True,99.32664092770435,0.8191851448398861,18.031482358940934,0.06886937137959745
8.497214484679667,17.480548745018467,117.05819844342444,99.57764969840598,0.7650046820039305,31.61016539501933,True,99.13015845172869,0.8199591972094643,17.928039991695755,0.06937399511062378
8.545961002785514,17.329101920765794,116.75954218638859,99.43044026562279,0.7663541879777482,31.789686527978414,True,98.93376448278104,0.8207211226663889,17.825777703607542,0.06987554154985265
8.594707520891365,17.180257363466094,116.46215362643835,99.28189626297225,0.7676882291590834,31.966758695252633,True,98.7374782108921,0.821471224032646,17.724675415546244,0.07037403274925086
8.643454038997215,17.033948558141706,116.16603173508676,99.13208317694506,0.7690070712301611,32.14141145266055,True,98.54131823374357,0.8222097938778902,17.624713501343194,0.07086949077466488
8.692200557103064,16.890111237606504,115.87117534170544,98.98106410409893,0.7703109737761775,32.31367413457171,True,98.34530256661556,0.8229371149550603,17.52587277508988,0.07136193769399352
8.740947075208915,16.748683288398986,115.5775831325594,98.8288998441604,0.7716001904611047,32.483575845804644,True,98.1494486536977,0.8236534606138138,17.428134478861693,0.07185139556607348
8.789693593314762,16.609604662204582,115.28525365127348,98.6756489890689,0.7728749691973416,32.651145454278016,True,97.95377338042326,0.8243590951930787,17.33148027085022,0.0723378864302415
8.838440111420613,16.472817289610937,114.99418529777981,98.52136800816888,0.7741355523094906,32.81641158437481,True,97.7582930838914,0.8250542743939641,17.235892213888405,0.07282143229653511
8.887186629526463,16.33826500064312,114.7043763303749,98.36611132973178,0.7753821766924835,32.97940261096985,True,97.56302356602198,0.8257392456341635,17.141352764352916,0.07330205513649872
8.935933147632312,16.205893445906433,114.4158248648938,98.20993141898738,0.7766150739642929,33.14014665408124,True,97.36798010346365,0.8264142483849222,17.047844761430156,0.07377977687456304
8.984679665738161,16.075650025064064,114.12852887789607,98.05287885283201,0.7778344706134479,33.29867157410606,True,97.17317746116441,0.827079514491563,16.95535141673166,0.0742546193799664
9.03342618384401,15.9474838154189,113.8424862067908,97.89500239137189,0.7790405881415641,33.45500496760304,True,96.97862990254536,0.8277352684785086,16.86385630424543,0.07472660445918902
9.082172701949862,15.821345507168461,113.55769455362072,97.73634904645226,0.780233643201085,33.60917416358797,True,96.78435120300949,0.8283817278396682,16.773343350611228,0.07519575384887434
9.13091922005571,15.697187338811784,113.27415148612606,97.57696414731427,0.7814138477284255,33.761206220308395,True,96.59035466041895,0.829019103315008,16.683796825707105,0.07566208920920907
9.17966573816156,15.574963037940803,112.9918544414552,97.4168914035144,0.7825814090726999,33.91112792246744,True,96.39665310791919,0.829647599154069,16.59520133353601,0.0761256321177401
9.22841225626741,15.45462776242449,112.71080072765884,97.25617296523434,0.7837365301202046,34.05896577886708,True,96.20325892425771,0.8302674133671496,16.507541803401125,0.07658640406360276
9.277158774373259,15.33613804638193,112.43098752748405,97.09484948110212,0.7848794094148234,34.204746020444006,True,96.01018404612452,0.8308787379648231,16.420803481359528,0.07704442644213981
9.325905292479108,15.219451747670592,112.15241190131,96.93296015363941,0.7860102412745097,34.348494598671934,True,95.81743997936617,0.8314817591864234,16.334971921943833,0.07749972054989038
9.374651810584957,15.10452799705343,111.87507078949729,96.77054279244386,0.7871292159040002,34.49023718430661,True,95.62503780935526,0.8320766577180874,16.250032980142024,0.07795230757992784
9.423398328690809,14.991327152491229,111.59896101770109,96.60763386520986,0.7882365195038995,34.62999916645007,True,95.43298821407473,0.832663608900911,16.16597280362636,0.07840220861753006
9.472144846796656,14.879810750700072,111.32407929738581,96.44426854668573,0.7893323343762756,34.767805651913285,True,95.24130147216366,0.8332427829297396,16.082777825222152,0.07884944463616221
9.520891364902507,14.76994146592415,111.0504222315845,96.28048076566036,0.7904168390268981,34.90368146485658,True,95.04998747597658,0.8338143450430849,16.000434755607927,0.07929403649375692
9.569637883008356,14.66168306681789,110.77798631688606,96.11630325006817,0.7914902082642421,35.03765114668895,True,94.85905574064738,0.8343784557046269,15.91893057623868,0.07973600492927502
9.618384401114206,14.555000378047259,110.5067679483429,95.95176757029564,0.7925526132953818,35.169738956208235,True,94.6685154158587,0.8349352707767383,15.83825253248419,0.08017537055953262
9.667130919220057,14.449859239667719,110.23676342043788,95.78690418077016,0.7936042218188846,35.29996886996558,True,94.47837529346255,0.8354849416864343,15.758388126975333,0.08061215387627917
9.715877437325904,14.346226473662727,109.96796893356925,95.62174245990653,0.7946451981148193,35.42836458283793,True,94.28864382041904,0.8360276155841394,15.679325113150213,0.08104637524351425
9.764623955431755,14.244069846863802,109.70038059534693,95.45631074848313,0.7956757031319829,35.55494950879388,True,94.09932910635311,0.8365634354956283,15.601051488993818,0.08147805489502928
9.813370473537605,14.143358037822143,109.4339944243395,95.29063638651736,0.796695894572445,35.67974678183883,True,93.91043893337502,0.8370925404674818,15.523555490964483,0.08190721293216255
9.862116991643454,14.044060605668436,109.16880635437276,95.12474574870433,0.7977059269735103,35.802779257126,True,93.72198076627281,0.8376150657063874,15.446825588099955,0.082333869321756
9.910863509749303,13.946147958688998,108.90481223717114,94.95866427848215,0.7987059517871881,35.924069512221216,True,93.53396176087324,0.8381311427125774,15.370850476297903,0.08275804389430233
9.959610027855152,13.849591324870707,108.64200784565297,94.79241652078227,0.7996961174572603,36.043639848509464,True,93.34638877288889,0.8386408994077003,15.295619072764083,0.08317975634227318
10.008356545961004,13.754362724478701,108.38038887800009,94.6260261535214,0.8006765694940322,36.16151229273236,True,93.15926836737722,0.8391444602573915,15.221120510622868,0.08359902621861694
10.057103064066851,13.660434941966125,108.1199509598551,94.45951601788897,0.8016474505468479,36.277708598646036,True,92.97260682617059,0.8396419463888014,15.147344133684513,0.08401587293541876
10.105849582172702,13.567781500118496,107.86068964759929,94.29290814748079,0.8026089004744485,36.39225024879016,True,92.78641015623546,0.8401334757033203,15.074279491363825,0.08443031576271237
10.154596100278551,13.476376636635546,107.60260043296331,94.12622379632776,0.8035610564132489,36.50515845635813,True,92.60068409921817,0.8406191629847322,15.001916333745143,0.08484237382743598
10.2033426183844,13.386195277929687,107.34567874379624,93.95948346586655,0.8045040528436046,36.61645416716076,True,92.41543413700727,0.8410991200030085,14.930244606788975,0.08525206611252434
10.252089136490252,13.297213018107412,107.08991994900299,93.79270693089558,0.805438021654139,36.72615806167474,True,92.23066550132796,0.841573455613953,14.859254447675028,0.08565941145612938
10.3008356545961,13.20940609600991,106.83531936056954,93.62591326455963,0.8063630922041969,36.83429055716846,True,92.04638318029157,0.8420422758548829,14.788936180277972,0.08606442855096195
10.34958217270195,13.12275137418479,106.58187223658709,93.4591208624023,0.8072793913844879,36.94087180989817,True,91.86259192581656,0.8425056840365385,14.719280310770529,0.08646713594374843
10.3983286908078,13.037226318752392,106.32957378427813,93.29234746552574,0.8081870436759822,37.04592171736781,True,91.67929626092749,0.8429637808313877,14.650277523350638,0.08686755203479515
10.447075208913649,12.952808979358993,106.0784191622523,93.12561018289331,0.8090861712071169,37.149459920645846,True,91.49650048616434,0.8434166643584947,14.581918676087966,0.08726569507765486
10.495821727019498,12.8694779716039,105.828403484415,92.9589255128111,0.8099768938093699,37.25150580673372,True,91.31420868752863,0.8438644302651056,14.514194796886372,0.08766158317888954
10.544568245125348,12.787212456769318,105.5795218203906,92.79230936362129,0.8108593290712565,37.35207851098009,True,91.13242474083233,0.8443071718051004,14.447097079558262,0.08805523429792357
10.593314763231199,12.705992126997312,105.33176920063627,92.62577707363896,0.811733592390799,37.451196919535676,True,90.95115232062895,0.8447449799144519,14.380616880007324,0.0884466662469826
10.642061281337046,12.62579718676076,105.08514061712447,92.4593434303637,0.8125997970265236,37.548879671843956,True,90.77039490460831,0.8451779432838241,14.314745712516157,0.0888358966911125
10.690807799442897,12.546608337325415,104.83963102631967,92.29302268899426,0.8134580541470293,37.645145163163036,True,90.59015578018419,0.845606148428437,14.249475246135475,0.0892229431482746
10.739554317548746,12.468406761474219,104.59523535174888,92.12682859027467,0.8143084728791767,37.74001154711451,True,90.41043805057707,0.8460296797553147,14.184797301171812,0.08960782298951138
10.788300835654596,12.391174108325743,104.35194848602391,91.96077437769817,0.815151160354944,37.83349673825532,True,90.23124464025372,0.8464486196280371,14.120703845770194,0.08999055343918
10.837047353760447,12.314892479042797,104.10976529313719,91.79487281409439,0.815986221756989,37.925618414668655,True,90.05257830054809,0.8468630484290979,14.057186992589095,0.09037115157524825
10.885793871866294,12.239544413146104,103.86868061077054,91.62913619762443,0.816813760362963,38.01639402057074,True,89.87444161520555,0.8472730446199732,13.994238995564984,0.09074963432964954
10.934540389972145,12.165112874457087,103.62868925166345,91.46357637720637,0.8176338775886145,38.10584076892998,True,89.69683700490052,0.8476786847990027,13.93185224676293,0.09112601848869409
10.983286908077995,12.091581239869933,103.38978600726453,91.2982047673946,0.8184466730297206,38.19397564409534,True,89.51976673395286,0.8480800437571684,13.87001927331167,0.0915003206935314
11.032033426183844,12.018933284926002,103.15196564765905,91.13303236273305,0.8192522445028867,38.28081540443148,True,89.34323291323967,0.848477194531868,13.80873273441938,0.09187255744066156
11.080779944289693,11.947153173378824,102.91522292498234,90.96806975160352,0.8200506880852451,38.36637658495749,True,89.1672375065138,0.848870208458763,13.747985418468545,0.09224274508249306
11.129526462395543,11.876225445153096,102.67955257474173,90.80332712958864,0.8208420981530933,38.45067549998714,True,88.99178233455453,0.8492591552217805,13.687770240187206,0.09261089982794207
11.178272980501394,11.806135004974877,102.44494931734205,90.63881431236717,0.8216265674194996,38.53372824576795,True,88.81686907944821,0.849644102901351,13.62808023789384,0.09297703774307264
11.227019498607241,11.736867112560743,102.21140786072192,90.47454074816117,0.8224041869709113,38.61555070311743,True,88.64249928990739,0.8500251180209466,13.568908570814529,0.09334117475177348
11.275766016713092,11.66840737108765,101.97892290083811,90.31051552975046,0.8231750463027969,38.69615854005387,True,88.46867438436877,0.850402265591998,13.510248516469346,0.09370332663646998
11.324512534818941,11.600741717979053,101.7474891240511,90.14674740607205,0.8239392333543485,38.7755672144203,True,88.29539565592471,0.8507756091572496,13.452093468126392,0.09406350903886826
11.37325905292479,11.533856415073114,101.51710120849275,89.98324479341963,0.8246968345422782,38.853791976499664,True,88.12266427617145,0.8511452108326192,13.394436932321298,0.09442173746072903
11.422005571030642,11.467738039359475,101.2877538256178,89.82001578625832,0.8254479347937325,38.93084787161963,True,87.95048129917764,0.8515111313476228,13.33727252644016,0.09477802726467022
11.47075208913649,11.402373474062944,101.05944164173228,89.65706816766934,0.8261926175783529,39.00674974274558,True,87.77884766536803,0.8518734300844194,13.280593976364244,0.09513239367499443
11.51949860724234,11.337749899294852,100.8321593187328,89.49440941943796,0.8269309649395088,39.08151223306042,True,87.60776420455848,0.8522321651155338,13.224395114174328,0.09548485177854103
11.56824512534819,11.273854785330332,100.60590151712917,89.33204673179884,0.8276630575247268,39.15514978852979,True,87.43723164121586,0.8525873932403055,13.16866987591331,0.09583541652556006
11.616991643454039,11.210675882071191,100.38066289492163,89.16998701285044,0.8283889746153417,39.22767666045178,True,87.26725059551676,0.8529391700201204,13.113412299404871,0.09618410273060651
11.665738161559888,11.14820121377387,100.15643811142547,89.0082368976516,0.8291087941553916,39.29910690798976,True,87.09782158929846,0.8532875498124651,13.05861652212701,0.09653092507345308
11.714484679665738,11.086419069720256,99.93322182673191,88.84680275701166,0.82982259277978,39.36945440068762,True,86.9289450475932,0.8536325858038551,13.004276779138706,0.09687589810002067
11.763231197771589,11.02531799700731,99.71100870299257,88.68569070598527,0.8305304458417255,39.43873282096632,True,86.76062130193459,0.8539743300416786,12.95038740105798,0.09721903622332369
11.811977715877436,10.964886794904453,99.4897934069873,88.52490661208284,0.8312324274395226,39.50695566660085,True,86.59285059489724,0.8543128334649974,12.89694281209006,0.09756035372443016
11.860724233983287,10.905114505997327,99.26957060920435,88.36445610320702,0.8319286104426318,39.57413625317731,True,86.42563308110007,0.8546481459343456,12.843937528104277,0.0978998647534345
11.909470752089137,10.845990410999983,99.0503349863249,88.20434457532491,0.8326190665171176,39.6402877165286,True,86.25896883156689,0.8549803162605623,12.791366154758009,0.09823758333044195
11.958217270194986,10.787504022328186,98.83208122221433,88.04457719988615,0.8333038661504575,39.705423015149165,True,86.09285783654747,0.8553093922326956,12.739223385666861,0.09857352334656336
12.006963788300837,10.729645076632275,98.61480400762736,87.88515893099508,0.8339830786757356,39.76955493258709,True,85.92730000700841,0.8556354206450169,12.687504000618944,0.09890769856491934
12.055710306406684,10.67240353015628,98.39849804250301,87.72609451234672,0.8346567722952415,39.83269607981393,True,85.76229517867029,0.8559584473231704,12.636202863832722,0.09924012262165266
12.104456824512535,10.615769552129812,98.18315803606436,87.56738848393455,0.83532501410349,39.894858897571474,True,85.59784311380733,0.8562785171494981,12.585314922257027,0.09957080902694783
12.153203342618385,10.559733519832282,97.96877870837066,87.40904518853839,0.8359878701096801,39.95605565869487,True,85.4339435044587,0.8565956740875644,12.534835203911967,0.09989977116605647
12.201949860724234,10.504286012318254,97.75535479031825,87.25106877799999,0.8366454052596064,40.01629847041221,True,85.27059597404889,0.8569099612059154,12.484758816269363,0.10022702230032907
12.250696378830083,10.449417805798777,97.54288102509301,87.09346321929424,0.837297683457041,40.075599276619805,True,85.10780008042087,0.8572214207010965,12.435080944672137,0.10055257556824995
12.299442896935933,10.395119867804775,97.33135216820723,86.93623230040245,0.8379447675846003,40.133969860133156,True,84.94555531741617,0.8575300939199578,12.385796850791067,0.10087644398647679
12.348189415041784,10.341383353095525,97.12076298909145,86.77937963599592,0.8385867195241095,40.19142184491337,True,84.78386111797305,0.8578360213812698,12.3369018711184,0.1011986404508825
12.396935933147631,10.28819959821792,96.91110827115303,86.62290867293511,0.8392236001764809,40.247966698268606,True,84.62271685565635,0.8581392427966792,12.288391415496676,0.10151917773759951
12.445682451253482,10.235560117395607,96.70238281298707,86.46682269559146,0.83985546948112,40.303615733030824,True,84.46212184730491,0.8584397970910266,12.240260965682154,0.10183806850406571
12.494428969359332,10.183456597540955,96.49458142853932,86.31112483099837,0.8404823864348683,40.35838010970725,True,84.30207535459708,0.8587377224220424,12.19250607394224,0.10215532529007042
12.54317548746518,10.13188089357357,96.28769894741015,86.15581805383658,0.8411044091105023,40.412270838606744,True,84.14257658572505,0.8590330561994558,12.145122361685097,0.1024709605188017
12.59192200557103,10.080825025022222,96.08173021628232,86.0009051912601,0.8417215946747943,40.46529878194088,True,83.98362469816091,0.8593258351035252,12.098105518121415,0.10278498649789222
12.64066852367688,10.030281171779013,95.87667009934711,85.8463889275681,0.842333999406152,40.51747465589986,True,83.82521880038989,0.8596160951030161,12.051451298957218,0.10309741542046498
12.68941504178273,9.980241669508343,95.6725134782363,85.69227180872795,0.842941678711845,40.56880903270298,True,83.66735795311988,0.859903871472647,12.005155525116422,0.10340825936617719
12.73816155988858,9.93069900582973,95.46925525258447,85.53855624675475,0.8435446871448322,40.61931234262388,True,83.51004117109139,0.8601891988100184,11.959214081493087,0.1037175303022624
12.786908077994429,9.881645817131966,95.26689034108378,85.38524452395181,0.8441430784201986,40.66899487599047,True,83.35326742535176,0.8604721110520439,11.91362291573202,0.10402524008457031
12.835654596100278,9.833074884964361,95.0654136819818,85.23233879701743,0.8447369054312134,40.71786678515981,True,83.19703564494449,0.8607526414909007,11.868378037037303,0.10433140045860358
12.884401114206128,9.784979131397709,94.86482023241953,85.07984110102183,0.845326220265019,40.765938086467585,True,83.04134471741187,0.8610308227895167,11.823475515007658,0.10463602306055181
12.8872,9.782231890330996,94.85332943640793,85.07109754607694,0.8453599211349175,40.768674105630915,True,83.03242178390362,0.8610467245223705,11.820907652504317,0.10465346717848442
12.933147632311977,9.737351616823194,94.66510497008235,84.92775335325916,0.8459110742179617,40.81321866215267,True,82.886193491584,0.8613066869966091,11.778911478498358,0.10493911941832154
12.981894150417828,9.690185535886432,94.46626289286507,84.77607735697865,0.846491517810572,40.85971826225664,True,82.73158077835635,0.8615802655612875,11.734682114508729,0.10524070095256276
13.030640668523677,9.643474214847018,94.26828901984562,84.6248148049986,0.8470676008022054,40.90544650649859,True,82.57750535275117,0.861851589347243,11.69078366709445,0.10554077897769078
13.079387186629527,9.597211107847102,94.0711783910549,84.4739672832078,0.8476393722053521,40.950412886124894,True,82.42396595475036,0.8621206886465265,11.647212436304542,0.10583936470290399
13.128133704735376,9.551389793600913,93.87492606755838,84.32353627395746,0.8482068802996237,40.9946267657348,True,82.27096129041688,0.8623875931929426,11.603964777141499,0.10613646923319621
13.176880222841225,9.506003973713328,93.67952713306131,84.17352315934798,0.8487701726454271,41.03809738508116,True,82.11849003451614,0.8626523321750582,11.561037098545171,0.10643210357036464
13.225626740947074,9.461047468646257,93.48497669305944,84.02392922441318,0.8493292960973311,41.08083386084713,True,81.96655083066098,0.8629149342488523,11.518425862398459,0.10672627861401164
13.274373259052926,9.41651421470885,93.29126987491534,83.87475566020649,0.8498842968171368,41.122845188398806,True,81.81514229235991,0.8631754275500064,11.476127582555435,0.10701900516254179
13.323119777158775,9.372398262893775,93.09840182968483,83.72600356679105,0.8504352202866574,41.16414024351364,True,81.6642630057944,0.8634338397058564,11.434138823890436,0.10731029391415228
13.371866295264624,9.328693774059385,92.90636773019757,83.57767395613818,0.850982111320215,41.204727784085506,True,81.5139115288294,0.8636901978470115,11.392456201368176,0.10760015546781797
13.420612813370473,9.285395018457892,92.71516277339411,83.42976775493622,0.8515250140768623,41.244616451805825,True,81.36408639426004,0.863944528618654,11.35107637913407,0.1078886003242699
13.469359331476323,9.242496371725375,92.52478217903857,83.28228580731319,0.8520639720723379,41.283814773821774,True,81.21478610941435,0.8641968581915284,11.30999606962422,0.10817563888696737
13.518105849582172,9.199992313042962,92.33522119051884,83.13522887747587,0.852599028190757,41.32233116437088,True,81.06600915782403,0.86444721227263,11.26921203269481,0.10846128146306377
13.566852367688023,9.15787742281659,92.14647507508482,82.98859765226823,0.8531302246960504,41.36017392639316,True,80.91775400031469,0.8646956161156046,11.228721074770135,0.10874553826436559
13.615598885793872,9.116146380289901,91.95853912394142,82.84239274365152,0.8536576032431542,41.3973512531203,True,80.77001907593244,0.8649420945308657,11.188520048008982,0.10902841940828434
13.664345403899722,9.074793960909272,91.77140865201808,82.6966146911088,0.8541812048889568,41.433871229642364,True,80.62280280252915,0.8651866718954387,11.14860584948893,0.10930993491878199
13.713091922005571,9.033815034948235,91.58507899892464,82.55126396397641,0.8547010701030119,41.46974183445245,True,80.47610357851677,0.8654293721625439,11.108975420407873,0.10959009472730913
13.76183844011142,8.99320456471407,91.3995455284182,82.40634096370414,0.8552172387780199,41.50497094096908,True,80.32991978311551,0.8656702188709203,11.069625745302687,0.10986890867373579
13.81058495821727,8.952957602790653,91.21480362883804,82.2618460260474,0.8557297502400859,41.53956631903704,True,80.18424977755369,0.8659092351539055,11.030553851284353,0.11014638650727542
13.85933147632312,8.913069289921895,91.03084871311454,82.11777942319264,0.8562386432587595,41.573535636406575,True,80.03909190582526,0.8661464437482724,10.991756807289278,0.11042253788740114
13.90807799442897,8.873534853054377,90.84767621887296,81.97414136581858,0.8567439560568607,41.606886460191234,True,79.89444449552668,0.8663818670028359,10.953231723346278,0.11069737238475476
13.95682451253482,8.83434960352263,90.66528160861776,81.83093200509514,0.8572457263200984,41.63962625830484,True,79.75030585875888,0.8666155268868345,10.914975749858883,0.11097089948204837
14.005571030640668,8.795508934949492,90.48366036957188,81.68815143462238,0.8577439912064863,41.67176240087747,True,79.60667429266894,0.8668474449980896,10.876986076902938,0.11124312857495826
14.054317548746518,8.757008322162,90.30280801447279,81.5457996923108,0.8582387873555604,41.70330216165099,True,79.46354808093442,0.8670776425709583,10.839259933538372,0.11151406897301139
14.103064066852367,8.718843317973223,90.12272008017852,81.4038767622053,0.8587301508974041,41.73425271935417,True,79.32092549304286,0.867306140484076,10.80179458713566,0.11178372990046395
14.151810584958216,8.681009553475334,89.94339212972977,81.26238257625444,0.8592181174614859,41.764621159057874,True,79.17880478701392,0.8675329592679041,10.764587342715856,0.11205212049717271
14.200557103064067,8.643502734195875,89.76481975022232,81.12131701602644,0.8597027221853112,41.794414473510265,True,79.0371842079179,0.8677581191120819,10.727635542304412,0.11231924981945819
14.249303621169917,8.606318640505735,89.58699855488001,80.98067991437428,0.860183999722897,41.82363956445253,True,78.89606199058173,0.8679816398725912,10.690936564298283,0.11258512684096036
14.298050139275766,8.569453124684893,89.40992418173556,80.84047105705066,0.8606619842530714,41.85230324391527,True,78.75543635888967,0.8682035410787399,10.654487822845894,0.11284976045348674
14.346796657381615,8.53290210940834,89.23359229368324,80.7006901842749,0.8611367094876009,41.880412235495754,True,78.61530552644356,0.8684238419399698,10.618286767239681,0.1131131594678522
14.395543175487465,8.49666158742038,89.05799857967367,80.56133699225329,0.8616082086791538,41.90797317561649,True,78.47566769835248,0.8686425613524913,10.582330881321184,0.11337533261471167
14.444289693593314,8.460727618736897,88.88313875339085,80.42241113465396,0.8620765146290982,41.93499261476496,True,78.33652107049278,0.8688597179057524,10.546617682898074,0.1136362885453843
14.493036211699165,8.425096329883692,88.70900855392172,80.28391222403803,0.8625416596951433,41.96147701871521,True,78.19786383074896,0.8690753298887496,10.511144723172762,0.11389603583267088
14.541782729805014,8.389763912501062,88.53560374574944,80.14583983324837,0.8630036757988249,41.98743276973131,True,78.05969415956653,0.8692894152961762,10.475909586182908,0.11415458297166234
14.590529247910863,8.354726621476964,88.36292011823386,80.00819349675689,0.8634625944328396,42.01286616775295,True,77.92201022998108,0.8695019918344239,10.440909888252776,0.11441193838054131
14.639275766016713,8.319980774409228,88.19095348638142,79.87097271197219,0.8639184466682313,42.037783431563284,True,77.78481020892582,0.8697130769274357,10.406143277455598,0.11466811040137564
14.688022284122562,8.285522749791458,88.01969969029986,79.7341769405084,0.8643712631614338,42.06219069993972,True,77.64809225721282,0.8699226877224111,10.371607433087036,0.11492310730090405
14.736768802228411,8.251348985666368,87.84915459508284,79.59780560941647,0.8648210741611719,42.0860940327872,True,77.5118545299344,0.870130841095379,10.33730006514844,0.11517693727131438
14.785515320334262,8.217455979215512,87.67931409159475,79.46185811237923,0.8652679095152257,42.10949941225489,True,77.37609517775377,0.8703375536566285,10.303218913840979,0.11542960843101395
14.834261838440112,8.183840284002851,87.51017409487388,79.32633381087102,0.8657117986770594,42.13241274383605,True,77.2408123458047,0.8705428417560142,10.269361749069176,0.11568112882539214
14.883008356545961,8.150498510708962,87.34173054599215,79.19123203528319,0.8661527707123198,42.15483985745158,True,77.10600417603747,0.8707467214881288,10.235726369954676,0.11593150642757567
14.93175487465181,8.117427324548025,87.17397941056461,79.05655208601658,0.8665908543052058,42.17678650851715,True,76.97166880620532,0.8709492086973539,10.202310604359297,0.11618074913917596
14.98050139275766,8.084623444521226,87.0069166790628,78.92229323454157,0.8670260777647133,42.19825837899481,True,76.83780437064557,0.871150318982792,10.169112308417226,0.11642886479102903
15.029247910863509,8.05208364275094,86.84053836717824,78.7884547244273,0.867458469030757,42.219261078428346,True,76.70440900110133,0.871350067703075,10.136129366076915,0.11667586114392788
15.07799442896936,8.019804742910091,86.67484051525032,78.65503577234023,0.8678880556801728,42.2398001449635,True,76.57148082659933,0.8715484699810672,10.103359688650997,0.11692174588934746
15.12674094707521,7.987783619795036,86.50981918880893,78.5220355690139,0.8683148649326033,42.25988104635281,True,76.4390179744331,0.8717455407084487,10.070801214375834,0.11716652665016178
15.175487465181059,7.956017197619726,86.34547047780931,78.38945328018958,0.868738923656269,42.279509180945254,True,76.30701856983062,0.8719412945501995,10.038451907978697,0.11741021098135421
15.224233983286908,7.924502449163356,86.18179049669325,78.2572880475299,0.8691602583736276,42.29868987866126,True,76.17548073643931,0.8721357459489707,10.006309760253941,0.11765280637071986
15.272980501392757,7.893236395181423,86.01877538468685,78.12553898950543,0.8695788952669251,42.31742840195303,True,76.04440259703995,0.8723289091293597,9.9743727876469,0.11789432023956092
15.321727019498606,7.862216103537937,85.85642130579316,77.99420520225523,0.8699948601836383,42.33572994675034,True,75.91378227394736,0.8725207981020838,9.9426390318458,0.11813475994337468
15.370473537604457,7.831438687769668,85.69472444819203,77.86328576042237,0.8704081786418145,42.35359964339225,True,75.78361788881037,0.8727114266680556,9.911106559381665,0.1183741327725342
15.419220055710307,7.800901306088872,85.53368102405366,77.73277971796479,0.8708188758353095,42.37104255754489,True,75.65390756281838,0.8729008084223704,9.879773461235288,0.11861244595296196
15.467966573816156,7.770601161560346,85.37328727050296,77.6026861089426,0.8712269766389241,42.38806369110528,True,75.5246494180506,0.8730889567581934,9.848637852452356,0.11884970664679607
15.516713091922005,7.740535500096521,85.21353944837881,77.47300394828228,0.8716325056134447,42.404667983091834,True,75.39584157661363,0.8732758848705665,9.817697871765176,0.11908592195304997
15.565459610027855,7.710701610282587,85.05443384280098,77.34373223251839,0.872035487010588,42.4208603105212,True,75.2674821615791,0.8734616057601232,9.786951681221879,0.11932109890826438
15.614206128133704,7.681096822010138,84.895966762524,77.21486994051386,0.872435944777852,42.43664548927224,True,75.13956929670152,0.873646132236721,9.756397465822474,0.11955524448715275
15.662952646239555,7.651718506406564,84.7381345405655,77.08641603415893,0.8728339025632766,42.452028274936815,True,75.01210110740388,0.873829476922993,9.726033433161618,0.11978836560323972
15.711699164345404,7.622564074468956,84.58093353351885,76.95836945904989,0.8732293837201145,42.46701336365785,True,74.8850757204406,0.8740116522578161,9.695857813078248,0.12002046910949254
15.760445682451254,7.59363097661751,84.42436012176528,76.83072914514777,0.8736224113114149,42.481605392954975,True,74.75849126445388,0.8741926704997067,9.665868857311395,0.12025156179894592
15.809192200557103,7.564916701680349,84.26841070909825,76.7034940074179,0.8740130081145217,42.49580894253751,True,74.63234586993556,0.8743725437301357,9.636064839162685,0.1204816504053197
15.857938718662952,7.536418776622304,84.11308172307302,76.57666294645072,0.8744011966254885,42.50962853510548,True,74.5066376699081,0.8745512838567723,9.606444053164921,0.12071074160363046
15.906685236768801,7.50813476525489,83.95836961431941,76.45023484906451,0.874786999063412,42.52306863713856,True,74.38136479956275,0.8747289026166563,9.577004814756663,0.12093884201079594
15.955431754874652,7.480062267962337,83.80427085685263,76.32420858889029,0.8751704373746844,42.53613365967309,True,74.25652539688967,0.8749054115792991,9.547745459962954,0.12116595818623302
16.004178272980504,7.452198920948874,83.65078194788867,76.1985830269398,0.8755515332371689,42.54882795906755,True,74.13211760280682,0.8750808221497168,9.51866434508186,0.12139209663244928
16.05292479108635,7.424542395071913,83.49789940722876,76.07335701215685,0.8759303080642986,42.56115583775656,True,74.00813956085224,0.8752551455713988,9.489759846376515,0.1216172637956281
16.1016713091922,7.397090396359832,83.34561977831218,75.94852938195235,0.8763067830090988,42.573121544993526,True,73.88458941853918,0.8754283929292088,9.461030359773005,0.12184146606620716
16.15041782729805,7.369840664133974,83.19393962685783,75.82409896272385,0.876680978968138,42.58472927758226,True,73.76146532629421,0.8756005751522251,9.432474300563612,0.12206470977945073
16.1991643454039,7.342790971172633,83.04285554153246,75.70006457035983,0.8770529165854061,42.59598318059757,True,73.63876543841701,0.8757717030165176,9.40409010311545,0.12228700121601574
16.247910863509752,7.315939122507143,82.89236413323617,75.57642501072903,0.8774226162561222,42.60688734809506,True,73.51648791265194,0.8759417871478677,9.375876220584232,0.12250834660251136
16.2966573816156,7.289282955479958,82.7424620356357,75.45317908015573,0.8777900981304747,42.61744582381039,True,73.39463091100225,0.8761108380244255,9.347831124633444,0.12272875211205274
16.345403899721447,7.262820338601762,82.59314590448247,75.33032556588071,0.8781553821172925,42.62766260184814,True,73.27319259932433,0.8762788659793154,9.319953305158137,0.12294822386480837
16.394150417827298,7.2365491717292745,82.44441241823833,75.20786324650905,0.8785184878876521,42.6375416273602,True,73.15217114822424,0.8764458812031811,9.292241270014088,0.1231667679285416
16.44289693593315,7.210467384176728,82.29625827662115,75.08579089244442,0.8788794348784181,42.64708679721417,True,73.0315647318697,0.8766118937466806,9.264693544751452,0.12338439031914587
16.491643454038996,7.184572935791417,82.14868020210228,74.96410726631086,0.8792382422957226,42.65630196065182,True,72.91137152974895,0.8767769135229252,9.237308672353336,0.12360109700117432
16.540389972144848,7.1588638152888056,82.00167493865074,74.84281112336193,0.8795949291183809,42.665190919937615,True,72.79158972567197,0.8769409503098705,9.210085212978768,0.12381689388836348
16.589136490250695,7.133338039791114,81.85523925166898,74.72190121187786,0.8799495141012484,42.67375743099773,True,72.67221750795846,0.8771040137526537,9.183021743710512,0.12403178684415078
16.637883008356546,7.107993655176844,81.70936992872797,74.60137627355112,0.8803020157785166,42.682005204049375,True,72.55325307042095,0.8772661133658846,9.156116858307016,0.12424578168218695
16.686629526462397,7.082828734737858,81.56406377859832,74.48123504386047,0.8806524524669518,42.68993790422096,True,72.43469461163933,0.8774272585358863,9.129369166958995,0.1244588841668421
16.735376044568245,7.057841378627424,81.41931763106113,74.3614762524337,0.881000842269076,42.69755915216288,True,72.31654033501123,0.8775874585228935,9.102777296049908,0.12467110001370654
16.784122562674092,7.03302971435072,81.27512833775097,74.24209862340025,0.8813472030762944,42.70487252464931,True,72.19878844982998,0.8777467224632004,9.076339887920994,0.1248824348900858
16.832869080779943,7.008391895199864,81.13149277093251,74.12310087573265,0.8816915525719646,42.71188155517109,True,72.08143717029243,0.8779050593712682,9.050055600640079,0.12509289441549043
16.881615598885794,6.983926100423817,80.98840782400218,74.00448172357837,0.8820339082344159,42.71858973451973,True,71.96448471622759,0.8780624781417866,9.023923107774593,0.12530248416212
16.930362116991645,6.959630534584955,80.84587041116644,73.88623987658148,0.8823742873399133,42.72500051136285,True,71.847929312998,0.8782189875516947,8.99794109816844,0.12551120965534174
16.979108635097493,6.935503427202242,80.70387746739723,73.76837404019498,0.8827127069655724,42.731117292811064,True,71.73176919167449,0.8783745962621597,8.972108275722746,0.1257190763741643
17.02785515320334,6.91154303201931,80.5624259480026,73.65088291598329,0.8830491839922223,42.73694344497647,True,71.61600258882251,0.8785293128205176,8.946423359180088,0.12592608975170536
17.07660167130919,6.887747627017952,80.42151282893445,73.5337652019165,0.8833837351072206,42.74248229352296,True,71.5006277470214,0.8786831456621705,8.920885081913056,0.12613225517565507
17.125348189415043,6.864115513989041,80.28113510664403,73.417019592655,0.8837163768072184,42.74773712420829,True,71.38564291492837,0.8788361031124504,8.895492191715661,0.12633757798873324
17.174094707520894,6.840645017687085,80.14128979751322,73.30064477982614,0.8840471254008794,42.75271118341827,True,71.27104634691426,0.8789881933884401,8.870243450598963,0.12654206348914213
17.22284122562674,6.817334485904287,80.00197393819651,73.18463945229223,0.8843759970115521,42.75740767869292,True,71.15683630360684,0.8791394246007639,8.845137634589676,0.12674571693101405
17.27158774373259,6.794182288430758,79.86318458484135,73.06900229641059,0.8847030075798964,42.76182977924517,True,71.04301105130892,0.8792898047553374,8.820173533532426,0.12694854352485374
17.32033426183844,6.771186817892021,79.72491881417778,72.95373199628577,0.8850281728664656,42.76598061647156,True,70.92956886328234,0.8794393417550834,8.795349950895442,0.12715054843797607
17.36908077994429,6.748346487845261,79.5871737218593,72.83882723401403,0.8853515084542449,42.76986328445577,True,70.81650801828013,0.8795880434016178,8.77066570357917,0.12735173679493858
17.41782729805014,6.725659733661267,79.44994642358179,72.72428668992052,0.8856730297511468,42.77348084046454,True,70.70382680185335,0.8797359173968958,8.74611962172844,0.12755211367796926
17.46657381615599,6.703125011503417,79.31323405429248,72.61010904278906,0.8859927519924644,42.77683630543637,True,70.59152350574486,0.8798829713448313,8.72171054854762,0.12775168412738974
17.515320334261837,6.680740798196445,79.1770337682816,72.49629297008516,0.8863106902432846,42.77993266446321,True,70.47959642816267,0.8800292127528804,8.697437340118938,0.12795045314203352
17.564066852367688,6.658505590718977,79.0413427388909,72.38283714817193,0.8866268594008588,42.78277286726481,True,70.36804387366723,0.8801746490335973,8.673298865223671,0.12814842567965956
17.61281337047354,6.636417906455315,78.90615815897496,72.26974025251964,0.8869412741969366,42.78535982865643,True,70.25686415380844,0.880319287506157,8.649294005166524,0.12834560665736128
17.661559888579387,6.614476281620799,78.77147723952937,72.15700095790858,0.8872539492000581,42.78769642900949,True,70.14605558592667,0.8804631353978504,8.6254216536027,0.128542000951971
17.710306406685234,6.592679272482117,78.63729721110793,72.04461793862582,0.8875648988178102,42.789785514705734,True,70.03561649473991,0.8806061998455497,8.601680716368023,0.1287376134004598
17.759052924791085,6.571025453971251,78.50361532262703,71.93258986865578,0.887874137299045,42.79162989858445,True,69.9255452113153,0.8807484878971445,8.578070111311732,0.12893244880033303
17.807799442896936,6.549513419369306,78.37042884123427,71.82091542186497,0.88818167873606,42.7932323603836,True,69.81584007310228,0.8808900065129543,8.554588768131993,0.12912651191002109
17.856545961002787,6.528141781008776,78.23773505318968,71.70959327218091,0.8884875370667454,42.794595647174084,True,69.70649942497538,0.8810307625671066,8.531235628214304,0.1293198074492663
17.905292479108635,6.506909168477166,78.10553126224256,71.5986220937654,0.8887917260766933,42.79572247378806,True,69.59752161777027,0.8811707628488964,8.508009644472295,0.1295123400995051
17.954038997214482,6.48581422999748,77.97381479117985,71.48800056118237,0.8890942594012743,42.79661552324093,True,69.48890500998864,0.8813100140641159,8.484909781191206,0.12970411450424593
18.002785515320333,6.464855630486432,77.84258298004697,71.37772734956054,0.8893951505276789,42.79727744714707,True,69.38064796617294,0.8814485228363588,8.461935013874026,0.1298951352694434
18.051532033426184,6.444032052394217,77.71183318714506,71.26780113475084,0.8896944127969267,42.7977108661298,True,69.27274885805504,0.8815862957083006,8.439084329090022,0.13008540696386756
18.100278551532035,6.4233421953084076,77.58156278878711,71.1582205934787,0.8899920594058424,42.79791837022519,True,69.1652060644615,0.881723339142956,8.41635672432561,0.1302749341194696
18.149025069637883,6.402784775152641,77.45176917864443,71.04898440349179,0.8902881034089997,42.79790251928014,True,69.05801797080652,0.8818596595249096,8.393751207837909,0.13046372123174332
18.19777158774373,6.382358524424016,77.32244976812666,70.94009124370264,0.8905825577206343,42.797665843344824,True,68.95118296961633,0.881995263161528,8.371266798510334,0.13065177276008239
18.24651810584958,6.362062191479891,77.19360198580682,70.83153979432693,0.890875435116526,42.797210843059204,True,68.84469946009612,0.8821301562841447,8.348902525710699,0.13083909312813385
18.295264623955433,6.341894540719937,77.06522327773722,70.72332873701728,0.8911667482358497,42.796539990034304,True,68.73856584858561,0.8822643450492262,8.32665742915161,0.13102568672414772
18.344011142061284,6.321854352375031,76.93731110736763,70.6154567549926,0.8914565095829984,42.79565572722777,True,68.63278054861462,0.8823978355395135,8.304530558753015,0.13121155790132222
18.39275766016713,6.301940421733883,76.80986295489693,70.50792253316304,0.8917447315293752,42.794560469314064,True,68.5273419803902,0.8825306337651478,8.282520974506724,0.13139671097814604
18.44150417827298,6.28215155933333,76.68287631758464,70.40072475825131,0.8920314263151583,42.79325660304951,True,68.42224857124101,0.8826627456647675,8.26062774634363,0.13158115023873587
18.49025069637883,6.262486590595488,76.55634870950496,70.29386211890947,0.8923166060510374,42.79174648763195,True,68.31749875550256,0.882794177106594,8.238849954002404,0.13176487993317082
18.53899721448468,6.242944355726084,76.43027766155821,70.18733330583213,0.8926002827199218,42.79003245505528,True,68.21309097465746,0.8829249338894893,8.217186686900746,0.13194790427782271
18.58774373259053,6.223523709042662,76.30466072090849,70.08113701186582,0.8928824681786232,42.788116810459016,True,68.1090236769001,0.8830550217440003,8.195637044008393,0.13213022745568315
18.63649025069638,6.204223519276128,76.17949545139071,69.97527193211458,0.8931631741595101,42.78600183247276,True,68.00529531766858,0.8831844463333819,8.174200133722124,0.13231185361668651
18.685236768802227,6.185042669439766,76.05477943348181,69.86973676404205,0.8934424122721378,42.783689773555786,True,67.90190435973882,0.8833132132546002,8.15287507374299,0.13249278687802962
18.733983286908078,6.16598005574462,75.93051026331466,69.76453020757003,0.8937201940048516,42.78118286033185,True,67.79884927235963,0.8834413280393213,8.131660990955027,0.1326730313244878
18.78272980501393,6.147034588369313,75.80668555354305,69.65965096517374,0.8939965307263658,42.77848329391924,True,67.69612853223683,0.8835687961548775,8.11055702130622,0.13285259100872748
18.831476323119777,6.128205190609375,75.68330293258306,69.55509774197368,0.8942714336873173,42.77559325025596,True,67.59374062289177,0.8836956230052199,8.089562309691289,0.13303146995161524
18.880222841225624,6.1094907993441065,75.56036004516844,69.45086924582434,0.8945449140217963,42.77251488042058,True,67.49168403533251,0.8838218139318529,8.068676009835926,0.13320967214252366
18.928969359331475,6.090890363792779,75.4378545511925,69.34696418739972,0.8948169827488512,42.769250310948344,True,67.38995726700917,0.8839473742147514,8.047897284183335,0.13338720153963338
18.977715877437326,6.072402846248103,75.31578412652414,69.24338128027603,0.8950876507739727,42.76580164414291,True,67.28855882274196,0.8840723090732613,8.027225303782174,0.13356406207023247
19.026462395543177,6.054027221821915,75.19414646283306,69.14011924101115,0.8953569288905522,42.76217095838355,True,67.1874872146568,0.8841966236669861,8.006659248176263,0.1337402576310116
19.075208913649025,6.035762477488488,75.07293926670997,69.03717678922148,0.8956248277813208,42.75836030842826,True,67.08674096141382,0.8843203230966565,7.986198305296142,0.13391579208835702
19.123955431754872,6.017607612578886,74.95216026023466,68.93455264765578,0.8958913580197636,42.75437172571229,True,66.98631858888255,0.8844434124049836,7.965841671352109,0.13409066927863939
19.172701949860723,5.999561638717937,74.83180718098446,68.83224554226652,0.8961565300715137,42.750207218642764,True,66.88621863025544,0.8845658965774985,7.945588550729013,0.13426489300850003
19.221448467966574,5.981623579144636,74.71187778142314,68.7302542022785,0.8964203542957248,42.74586877288899,True,66.78643962554052,0.8846877805433772,7.925438155882617,0.1344384670551336
19.270194986072426,5.963792468512247,74.59236982876703,68.62857736025478,0.8966828409464219,42.74135835166867,True,66.68698012152969,0.8848090691762521,7.905389707237347,0.13461139516656823
19.318941504178273,5.946067353206125,74.47328110536645,68.52721375216034,0.8969440001738332,42.736677896030315,True,66.58783867228047,0.8849297672950055,7.885442433085984,0.13478368106194172
19.36768802228412,5.928447291148858,74.35460940857205,68.42616211742319,0.8972038420257004,42.73182932513138,True,66.48901383908147,0.8850498796645533,7.86559556949058,0.13495532843177582
19.41643454038997,5.910931350759002,74.23635254975207,68.32542119899307,0.8974623764485692,42.72681453651281,True,66.39050418956732,0.885169410996615,7.845848360184746,0.13512634093824655
19.465181058495823,5.893518612162,74.11850835556011,68.22498974339811,0.8977196132890615,42.7216354063696,True,66.29230829908217,0.8852883659504652,7.826200056477944,0.13529672221545203
19.513927576601674,5.876208165688706,74.00107466648761,68.1248665007989,0.8979755622951269,42.716293789817634,True,66.1944247493271,0.8854067491336814,7.806649917160513,0.1354664758696771
19.56267409470752,5.858999112619279,73.88404933765996,68.02505022504069,0.8982302331172771,42.71079152115671,True,66.09685212924933,0.88552456510287,7.787197208410632,0.13563560547965564
19.61142061281337,5.841890564630522,73.76743023833382,67.9255396737033,0.8984836353098004,42.705130414130096,True,65.99958903463127,0.8856418183643847,7.767841203702545,0.13580411459682928
19.66016713091922,5.824881643969254,73.65121525211843,67.82633360814918,0.8987357783319583,42.69931226218031,True,65.90263406840238,0.885758513375031,7.748581183716055,0.13597200674560386
19.70891364902507,5.807971482837918,73.5354022764071,67.72743079356918,0.8989866715491651,42.6933388387014,True,65.80598584015978,0.885874654542761,7.72941643624732,0.1361392854236025
19.75766016713092,5.791159223619096,73.41998922264581,67.62882999902672,0.8992363242341496,42.68721189728785,True,65.70964296652458,0.8859902462273531,7.710346256121227,0.13630595410191693
19.80640668523677,5.774444018270417,73.30497401577023,67.53052999749981,0.8994847455680984,42.6809331719798,True,65.6136040706654,0.886105292741082,7.6913699451048245,0.13647201622535488
19.855153203342617,5.757825029057556,73.19035459497898,67.43252956592143,0.8997319446417847,42.67450437750509,True,65.51786778315687,0.8862197983493774,7.672486811822111,0.1366374752126856
19.903899721448468,5.741301427494925,73.07612891271282,67.33482748521789,0.8999779304566777,42.667927209517934,True,65.42243274104283,0.8863337672714731,7.653696171669992,0.1368023344568825
19.95264623955432,5.724872394659786,72.96229493500566,67.23742254034588,0.9002227119260382,42.661203344834185,True,65.32729758826993,0.8864472036810402,7.63499734673573,0.1369665973253632
20.001392757660167,5.708537121000133,72.8488506413274,67.14031352032727,0.9004662978759961,42.654334441663494,True,65.2324609756122,0.886560111706817,7.616389665715204,0.1371302671602267
20.050139275766014,5.692294806142921,72.73579402442577,67.04349921828285,0.9007086970466132,42.64732213983825,True,65.13792156059303,0.8866724954332219,7.5978724638327435,0.13729334727848835
20.098885793871865,5.676144658856079,72.62312309032006,66.94697843146399,0.9009499180929307,42.64016806103934,True,65.04367800755826,0.8867843589009597,7.579445082761808,0.13745584097231237
20.147632311977716,5.660085896792008,72.51083585807521,66.8507499612832,0.9011899695860004,42.63287380901876,True,64.94972898752799,0.8868957061076165,7.561106870547221,0.13761775150924122
20.196378830083567,5.6441177464958345,72.39893035983854,66.75481261334271,0.9014288600139018,42.62544096981945,True,64.85607317831065,0.887006541008247,7.542857181527893,0.13777908213242326
20.245125348189415,5.628239443167559,72.28740464062965,66.65916519746209,0.9016665977827438,42.61787111199171,True,64.76270926436825,0.8871168675159484,7.524695376261391,0.1379398360608375
20.293871866295262,5.61245023062407,72.1762567583281,66.56380652770403,0.901903191217653,42.61016578680706,True,64.66963593687895,0.8872266895024269,7.506620821449147,0.13810001648951611
20.342618384401113,5.596749361218567,72.0654847836176,66.46873542239904,0.9021386485637465,42.602326528468936,True,64.57685189375484,0.8873360107985565,7.488632889862771,0.13825962658976448
20.391364902506965,5.581136095293312,71.95508679946194,66.37395070416862,0.9023729779870907,42.59435485432062,True,64.48435583919037,0.887444835194926,7.470730960271567,0.1384186695093789
20.440111420612816,5.56560970196955,71.84506090191672,66.27945119994718,0.9026061875756479,42.58625226505026,True,64.39214648454579,0.8875531664423788,7.452914417370934,0.13857714837286195
20.488857938718663,5.550169458084073,71.73540519908691,66.18523574100284,0.9028382853402076,42.578020244893295,True,64.30022254737487,0.8876610082525426,7.43518265171204,0.13873506628163568
20.53760445682451,5.534814648609686,71.62611781156642,66.09130316295673,0.9030692792153052,42.56966026183191,True,64.20858275193427,0.8877683642983519,7.417535059632144,0.13889242631425236
20.58635097493036,5.519544566379141,71.51719687218048,65.99765230580134,0.9032991770601275,42.5611737677919,True,64.11722582899424,0.8878752382145605,7.399971043186241,0.13904923152660303
20.635097493036213,5.504358512135617,71.40864052605315,65.90428201391752,0.9035279866594059,42.552562198836924,True,64.02615051597378,0.8879816335982488,7.382490010079366,0.13920548495212387
20.68384401114206,5.489255793901482,71.30044692999209,65.81119113609061,0.9037557157242957,42.54382697536007,True,63.93535555639194,0.8880875540093185,7.365091373600151,0.13936118960200022
20.73259052924791,5.474235727918119,71.19261425344317,65.71837852552505,0.9039823718932442,42.53496950227276,True,63.844839700888045,0.888193002970984,7.347774552555123,0.1395163484653688
20.78133704735376,5.459297637179753,71.08514067703828,65.62584303985852,0.9042079627328454,42.525991169191364,True,63.75460170583421,0.8882979839702511,7.330538971204071,0.13967096450951733
20.83008356545961,5.444440852733542,70.9780243939079,65.53358354117437,0.9044324957386841,42.51689335062099,True,63.66464033471189,0.8884025004583938,7.313384059196011,0.13982504068008222
20.87883008356546,5.429664712226689,70.87126360824035,65.44159889601366,0.9046559783361665,42.50767740613708,True,63.57495435673373,0.8885065558514178,7.296309251506628,0.13997857990124443
20.92757660167131,5.414968561046702,70.76485653643252,65.34988797538581,0.9048784178813403,42.49834468056435,True,63.48554254805664,0.888610153530521,7.2793139883758755,0.14013158507592272
20.97632311977716,5.400351751426854,70.65880140620538,65.25844965477853,0.9050998216617029,42.48889650415359,True,63.39640369095833,0.8887132968425451,7.2623977152470545,0.14028405908596536
21.025069637883007,5.385813642289839,70.55309645645649,65.16728281416665,0.9053201968969984,42.479334192755786,True,63.30753657375009,0.8888159891004187,7.245559882706395,0.14043600479233953
21.073816155988858,5.371353599980215,70.44773993800051,65.0763863380203,0.9055395507400035,42.46965904799417,True,63.218939991576896,0.8889182335835962,7.228799946423614,0.1405874250353188
21.122562674094706,5.35697099735571,70.34273011266771,64.985759115312,0.9057578902773025,42.45987235743397,True,63.130612745574496,0.889020033538488,7.212117367093214,0.14073832263466857
21.171309192200557,5.342665213728015,70.238065253251,64.89540003952298,0.9059752225300512,42.44997539474961,True,63.04255364287434,0.8891213921788848,7.195511610376656,0.1408887003898298
21.220055710306408,5.328435635610444,70.13374364425921,64.80530800864877,0.9061915544547313,42.43996941989015,True,62.95476149741386,0.8892223126863735,7.17898214684535,0.14103856108010068
21.268802228412255,5.3142816553525485,70.02976358055639,64.71548192520385,0.9064068929438927,42.42985567924206,True,62.8672351286321,0.8893227982107509,7.162528451924288,0.14118790746481602
21.317548746518106,5.300202672365417,69.92612336859106,64.62592069622565,0.9066212448268872,42.41963540579025,True,62.779973362754404,0.8894228518704258,7.14615000583666,0.14133674228352533
21.366295264623954,5.28619809203955,69.82282132531732,64.53662323327777,0.9068346168705914,42.40930981927663,True,62.69297503176827,0.8895224767528184,7.1298462935490505,0.1414850682561689
21.415041782729805,5.272267326190493,69.71985577864295,64.44758845245246,0.9070470157801195,42.39888012635684,True,62.606238973925485,0.8896216759147522,7.113616804717466,0.1416328880832518
21.463788300835656,5.258409792543055,69.61722506691545,64.3588152743724,0.9072584481995265,42.3883475207547,True,62.519764033281305,0.88972045238284,7.097461033634147,0.1417802044460161
21.512534818941504,5.244624915434386,69.5149275396262,64.27030262419181,0.9074689207125026,42.377713183414734,True,62.43354906045128,0.8898188091538651,7.081378479174923,0.14192702000661178
21.561281337047355,5.230912124626148,69.41296155622307,64.18204943159692,0.9076784398430566,42.366978282652745,True,62.34759291147559,0.8899167491951544,7.06536864474748,0.14207333740826517
21.610027855153202,5.217270856438966,69.3113254872447,64.09405463080573,0.9078870120561915,42.356143974304246,True,62.26189444900444,0.8900142754449479,7.0494310382402645,0.14221915927544587
21.658774373259053,5.203700552434336,69.21001771300156,64.00631716056722,0.9080946437585702,42.34521140187111,True,62.176452541029605,0.8901113908127624,7.033565171971958,0.14236448821403244
21.7075208913649,5.19020066052427,69.10903662468426,63.91883596415999,0.908301341299172,42.334181696666136,True,62.0912660620424,0.8902080981797478,7.017770562641864,0.14250932681147566
21.75626740947075,5.176770634089013,69.00838062347913,63.83160998939011,0.9085071109699411,42.32305597795591,True,62.00633389219843,0.8903044003990414,7.0020467312807,0.14265367763696035
21.805013927576603,5.163409932008672,68.90804812059741,63.74463818858874,0.9087119590064253,42.31183535310165,True,61.92165491739507,0.8904003002961116,6.986393203202347,0.14279754324156574
21.85376044568245,5.150118018886008,68.80803753749491,63.6579195186089,0.9089158915884075,42.30052091769822,True,61.83722802953902,0.8904958006691039,6.970809507955892,0.1429409261584239
21.9025069637883,5.136894364989299,68.70834730581107,63.57145294082178,0.9091189148405269,42.289113755711405,True,61.75305212653245,0.8905909042891742,6.955295179278622,0.14308382890287685
21.95125348189415,5.123738445758546,68.60897586687132,63.48523742111277,0.9093210348328936,42.27761493961346,True,61.66912611182178,0.8906856139008215,6.939849755049536,0.1432262539726314
22.0,5.1106497421554264,68.50992167203204,63.399271929876605,0.9095222575816944,42.26602553051665,True,61.585448894788684,0.890779932222215,6.924472777243352,0.14336820384791327
