N_eff,eta,eta_fraction,t,i,q,phase
50000.0,100.0,0.002,0.0,7.647407380688293e-11,0.323,pre-control
50000.0,100.0,0.002,0.025,7.843286491136487e-11,0.323,pre-control
50000.0,100.0,0.002,0.05,8.044182807256597e-11,0.323,pre-control
50000.0,100.0,0.002,0.07500000000000001,8.250224841384703e-11,0.323,pre-control
50000.0,100.0,0.002,0.1,8.461544392139545e-11,0.323,pre-control
50000.0,100.0,0.002,0.125,8.678276639546554e-11,0.323,pre-control
50000.0,100.0,0.002,0.15000000000000002,8.900560220418175e-11,0.323,pre-control
50000.0,100.0,0.002,0.17500000000000002,9.12853732841326e-11,0.323,pre-control
50000.0,100.0,0.002,0.2,9.362353793328409e-11,0.323,pre-control
50000.0,100.0,0.002,0.225,9.60215918634882e-11,0.323,pre-control
50000.0,100.0,0.002,0.25,9.848106903453538e-11,0.323,pre-control
50000.0,100.0,0.002,0.275,1.0100354276127108e-10,0.323,pre-control
50000.0,100.0,0.002,0.30000000000000004,1.0359062659092197e-10,0.323,pre-control
50000.0,100.0,0.002,0.325,1.0624397546765371e-10,0.323,pre-control
50000.0,100.0,0.002,0.35000000000000003,1.08965286655416e-10,0.323,pre-control
50000.0,100.0,0.002,0.375,1.1175630096292194e-10,0.323,pre-control
50000.0,100.0,0.002,0.4,1.1461880371437357e-10,0.323,pre-control
50000.0,100.0,0.002,0.42500000000000004,1.1755462603799772e-10,0.323,pre-control
50000.0,100.0,0.002,0.45,1.2056564588713628e-10,0.323,pre-control
50000.0,100.0,0.002,0.47500000000000003,1.2365378939563595e-10,0.323,pre-control
50000.0,100.0,0.002,0.5,1.268210319519165e-10,0.323,pre-control
50000.0,100.0,0.002,0.525,1.3006939962468302e-10,0.323,pre-control
50000.0,100.0,0.002,0.55,1.3340097029272084e-10,0.323,pre-control
50000.0,100.0,0.002,0.5750000000000001,1.3681787514457878e-10,0.323,pre-control
50000.0,100.0,0.002,0.6000000000000001,1.4032229986698214e-10,0.323,pre-control
50000.0,100.0,0.002,0.625,1.439164862223249e-10,0.323,pre-control
50000.0,100.0,0.002,0.65,1.4760273329874192e-10,0.323,pre-control
50000.0,100.0,0.002,0.675,1.5138339916944715e-10,0.323,pre-control
50000.0,100.0,0.002,0.7000000000000001,1.5526090220766424e-10,0.323,pre-control
50000.0,100.0,0.002,0.7250000000000001,1.592377228320573e-10,0.323,pre-control
50000.0,100.0,0.002,0.75,1.6331640488988458e-10,0.323,pre-control
50000.0,100.0,0.002,0.775,1.67499557492989e-10,0.323,pre-control
50000.0,100.0,0.002,0.8,1.7178985647271483e-10,0.323,pre-control
50000.0,100.0,0.002,0.8250000000000001,1.7619004631115565e-10,0.323,pre-control
50000.0,100.0,0.002,0.8500000000000001,1.807029416715579e-10,0.323,pre-control
50000.0,100.0,0.002,0.875,1.8533142942976886e-10,0.323,pre-control
50000.0,100.0,0.002,0.9,1.9007847028404319e-10,0.323,pre-control
50000.0,100.0,0.002,0.925,1.9494710089188988e-10,0.323,pre-control
50000.0,100.0,0.002,0.9500000000000001,1.9994043556340107e-10,0.323,pre-control
50000.0,100.0,0.002,0.9750000000000001,2.0506166850896691e-10,0.323,pre-control
50000.0,100.0,0.002,1.0,2.1031407562046022e-10,0.323,pre-control
50000.0,100.0,0.002,1.0250000000000001,2.1570101683557102e-10,0.323,pre-control
50000.0,100.0,0.002,1.05,2.2122593801140547e-10,0.323,pre-control
50000.0,100.0,0.002,1.075,2.2689237341149097e-10,0.323,pre-control
50000.0,100.0,0.002,1.1,2.3270394767658403e-10,0.323,pre-control
50000.0,100.0,0.002,1.125,2.3866437844070995e-10,0.323,pre-control
50000.0,100.0,0.002,1.1500000000000001,2.4477747840422436e-10,0.323,pre-control
50000.0,100.0,0.002,1.175,2.510471580855818e-10,0.323,pre-control
50000.0,100.0,0.002,1.2000000000000002,2.5747742800195516e-10,0.323,pre-control
50000.0,100.0,0.002,1.225,2.640724015637765e-10,0.323,pre-control
50000.0,100.0,0.002,1.25,2.7083629736849495e-10,0.323,pre-control
50000.0,100.0,0.002,1.2750000000000001,2.777734422452968e-10,0.323,pre-control
50000.0,100.0,0.002,1.3,2.848882736678717e-10,0.323,pre-control
50000.0,100.0,0.002,1.3250000000000002,2.9218534295710413e-10,0.323,pre-control
50000.0,100.0,0.002,1.35,2.996693178190227e-10,0.323,pre-control
50000.0,100.0,0.002,1.375,3.0734498571365904e-10,0.323,pre-control
50000.0,100.0,0.002,1.4000000000000001,3.152172565246753e-10,0.323,pre-control
50000.0,100.0,0.002,1.425,3.2329116610301086e-10,0.323,pre-control
50000.0,100.0,0.002,1.4500000000000002,3.3157187907502123e-10,0.323,pre-control
50000.0,100.0,0.002,1.475,3.400646925699809e-10,0.323,pre-control
50000.0,100.0,0.002,1.5,3.487750391739189e-10,0.323,pre-control
50000.0,100.0,0.002,1.5250000000000001,3.5770849085051945e-10,0.323,pre-control
50000.0,100.0,0.002,1.55,3.6687076204821125e-10,0.323,pre-control
50000.0,100.0,0.002,1.5750000000000002,3.7626771382449967e-10,0.323,pre-control
50000.0,100.0,0.002,1.6,3.8590535711426377e-10,0.323,pre-control
50000.0,100.0,0.002,1.625,3.957898570680734e-10,0.323,pre-control
50000.0,100.0,0.002,1.6500000000000001,4.059275364900569e-10,0.323,pre-control
50000.0,100.0,0.002,1.675,4.1632488040130635e-10,0.323,pre-control
50000.0,100.0,0.002,1.7000000000000002,4.269885396561146e-10,0.323,pre-control
50000.0,100.0,0.002,1.725,4.3792533574214635e-10,0.323,pre-control
50000.0,100.0,0.002,1.75,4.4914226458429885e-10,0.323,pre-control
50000.0,100.0,0.002,1.7750000000000001,4.606465015939236e-10,0.323,pre-control
50000.0,100.0,0.002,1.8,4.724454056700443e-10,0.323,pre-control
50000.0,100.0,0.002,1.8250000000000002,4.845465245105516e-10,0.323,pre-control
50000.0,100.0,0.002,1.85,4.969575988210185e-10,0.323,pre-control
50000.0,100.0,0.002,1.875,5.096865679014592e-10,0.323,pre-control
50000.0,100.0,0.002,1.9000000000000001,5.227415740735134e-10,0.323,pre-control
50000.0,100.0,0.002,1.925,5.36130968557066e-10,0.323,pre-control
50000.0,100.0,0.002,1.9500000000000002,5.498633161271302e-10,0.323,pre-control
50000.0,100.0,0.002,1.975,5.63947401295368e-10,0.323,pre-control
50000.0,100.0,0.002,2.0,5.783922332085893e-10,0.323,pre-control
50000.0,100.0,0.002,2.025,5.932070521509913e-10,0.323,pre-control
50000.0,100.0,0.002,2.0500000000000003,6.084013346968109e-10,0.323,pre-control
50000.0,100.0,0.002,2.075,6.239848005499232e-10,0.323,pre-control
50000.0,100.0,0.002,2.1,6.399674179638322e-10,0.323,pre-control
50000.0,100.0,0.002,2.125,6.56359410936133e-10,0.323,pre-control
50000.0,100.0,0.002,2.15,6.731712649097117e-10,0.323,pre-control
50000.0,100.0,0.002,2.1750000000000003,6.904137343404821e-10,0.323,pre-control
50000.0,100.0,0.002,2.2,7.080978486943832e-10,0.323,pre-control
50000.0,100.0,0.002,2.225,7.262349204077601e-10,0.323,pre-control
50000.0,100.0,0.002,2.25,7.448365511955075e-10,0.323,pre-control
50000.0,100.0,0.002,2.275,7.639146404244617e-10,0.323,pre-control
50000.0,100.0,0.002,2.3000000000000003,7.834813917488356e-10,0.323,pre-control
50000.0,100.0,0.002,2.325,8.035493219180524e-10,0.323,pre-control
50000.0,100.0,0.002,2.35,8.241312677564503e-10,0.323,pre-control
50000.0,100.0,0.002,2.375,8.452403954281006e-10,0.323,pre-control
50000.0,100.0,0.002,2.4000000000000004,8.668902077786435e-10,0.323,pre-control
50000.0,100.0,0.002,2.4250000000000003,8.890945540807976e-10,0.323,pre-control
50000.0,100.0,0.002,2.45,9.118676377571195e-10,0.323,pre-control
50000.0,100.0,0.002,2.475,9.35224026631145e-10,0.323,pre-control
50000.0,100.0,0.002,2.5,9.591786610508314e-10,0.323,pre-control
50000.0,100.0,0.002,2.5250000000000004,9.83746864671569e-10,0.323,pre-control
50000.0,100.0,0.002,2.5500000000000003,1.0089443530010935e-09,0.323,pre-control
50000.0,100.0,0.002,2.575,1.034787244741961e-09,0.323,pre-control
50000.0,100.0,0.002,2.6,1.061292070779803e-09,0.323,pre-control
50000.0,100.0,0.002,2.625,1.0884757861142887e-09,0.323,pre-control
50000.0,100.0,0.002,2.6500000000000004,1.1163557793137235e-09,0.323,pre-control
50000.0,100.0,0.002,2.6750000000000003,1.1449498850650307e-09,0.323,pre-control
50000.0,100.0,0.002,2.7,1.1742763941188944e-09,0.323,pre-control
50000.0,100.0,0.002,2.725,1.2043540664908771e-09,0.323,pre-control
50000.0,100.0,0.002,2.75,1.2352021419225508e-09,0.323,pre-control
50000.0,100.0,0.002,2.7750000000000004,1.26684035376754e-09,0.323,pre-control
50000.0,100.0,0.002,2.8000000000000003,1.2992889399954108e-09,0.323,pre-control
50000.0,100.0,0.002,2.825,1.332568657798176e-09,0.323,pre-control
50000.0,100.0,0.002,2.85,1.3667007951651052e-09,0.323,pre-control
50000.0,100.0,0.002,2.875,1.4017071862470652e-09,0.323,pre-control
50000.0,100.0,0.002,2.9000000000000004,1.4376102235318785e-09,0.323,pre-control
50000.0,100.0,0.002,2.9250000000000003,1.4744328740058163e-09,0.323,pre-control
50000.0,100.0,0.002,2.95,1.5121986919606618e-09,0.323,pre-control
50000.0,100.0,0.002,2.975,1.5509318359937224e-09,0.323,pre-control
50000.0,100.0,0.002,3.0,1.5906570824793649e-09,0.323,pre-control
50000.0,100.0,0.002,3.0250000000000004,1.631399843451054e-09,0.323,pre-control
50000.0,100.0,0.002,3.0500000000000003,1.673186180771836e-09,0.323,pre-control
50000.0,100.0,0.002,3.075,1.7160428249441672e-09,0.323,pre-control
50000.0,100.0,0.002,3.1,1.759997190015612e-09,0.323,pre-control
50000.0,100.0,0.002,3.125,1.8050773933645903e-09,0.323,pre-control
50000.0,100.0,0.002,3.1500000000000004,1.8513122713794429e-09,0.323,pre-control
50000.0,100.0,0.002,3.1750000000000003,1.8987314002707285e-09,0.323,pre-control
50000.0,100.0,0.002,3.2,1.947365112563782e-09,0.323,pre-control
50000.0,100.0,0.002,3.225,1.9972445189908296e-09,0.323,pre-control
50000.0,100.0,0.002,3.25,2.0484015258392344e-09,0.323,pre-control
50000.0,100.0,0.002,3.2750000000000004,2.100868857979459e-09,0.323,pre-control
50000.0,100.0,0.002,3.3000000000000003,2.1546800771133984e-09,0.323,pre-control
50000.0,100.0,0.002,3.325,2.2098696059971192e-09,0.323,pre-control
50000.0,100.0,0.002,3.35,2.266472747635983e-09,0.323,pre-control
50000.0,100.0,0.002,3.375,2.324525710764145e-09,0.323,pre-control
50000.0,100.0,0.002,3.4000000000000004,2.3840656300355938e-09,0.323,pre-control
50000.0,100.0,0.002,3.4250000000000003,2.445130592825614e-09,0.323,pre-control
50000.0,100.0,0.002,3.45,2.507759660469416e-09,0.323,pre-control
50000.0,100.0,0.002,3.475,2.5719928964541567e-09,0.323,pre-control
50000.0,100.0,0.002,3.5,2.6378713887594982e-09,0.323,pre-control
50000.0,100.0,0.002,3.5250000000000004,2.7054372795123394e-09,0.323,pre-control
50000.0,100.0,0.002,3.5500000000000003,2.7747337884864792e-09,0.323,pre-control
50000.0,100.0,0.002,3.575,2.8458052442959485e-09,0.323,pre-control
50000.0,100.0,0.002,3.6,2.918697109113919e-09,0.323,pre-control
50000.0,100.0,0.002,3.625,2.993456011484455e-09,0.323,pre-control
50000.0,100.0,0.002,3.6500000000000004,3.0701297723239334e-09,0.323,pre-control
50000.0,100.0,0.002,3.6750000000000003,3.148767439435179e-09,0.323,pre-control
50000.0,100.0,0.002,3.7,3.229419314857945e-09,0.323,pre-control
50000.0,100.0,0.002,3.725,3.312136991173762e-09,0.323,pre-control
50000.0,100.0,0.002,3.75,3.3969733802754522e-09,0.323,pre-control
50000.0,100.0,0.002,3.7750000000000004,3.4839827515556164e-09,0.323,pre-control
50000.0,100.0,0.002,3.8000000000000003,3.5732207621688033e-09,0.323,pre-control
50000.0,100.0,0.002,3.825,3.664744497201365e-09,0.323,pre-control
50000.0,100.0,0.002,3.85,3.758612501503733e-09,0.323,pre-control
50000.0,100.0,0.002,3.875,3.854884821944422e-09,0.323,pre-control
50000.0,100.0,0.002,3.9000000000000004,3.953623040893895e-09,0.323,pre-control
50000.0,100.0,0.002,3.9250000000000003,4.054890320670842e-09,0.323,pre-control
50000.0,100.0,0.002,3.95,4.158751438763315e-09,0.323,pre-control
50000.0,100.0,0.002,3.975,4.265272834581048e-09,0.323,pre-control
50000.0,100.0,0.002,4.0,4.3745226465039786e-09,0.323,pre-control
50000.0,100.0,0.002,4.025,4.4865707610602555e-09,0.323,pre-control
50000.0,100.0,0.002,4.05,4.601488851896958e-09,0.323,pre-control
50000.0,100.0,0.002,4.075,4.719350431509658e-09,0.323,pre-control
50000.0,100.0,0.002,4.1000000000000005,4.840230892235066e-09,0.323,pre-control
50000.0,100.0,0.002,4.125,4.964207560664493e-09,0.323,pre-control
50000.0,100.0,0.002,4.15,5.0913597407633865e-09,0.323,pre-control
50000.0,100.0,0.002,4.175,5.221768771107917e-09,0.323,pre-control
50000.0,100.0,0.002,4.2,5.35551807024173e-09,0.323,pre-control
50000.0,100.0,0.002,4.2250000000000005,5.4926931968821674e-09,0.323,pre-control
50000.0,100.0,0.002,4.25,5.633381897630279e-09,0.323,pre-control
50000.0,100.0,0.002,4.275,5.777674170300796e-09,0.323,pre-control
50000.0,100.0,0.002,4.3,5.925662314107465e-09,0.323,pre-control
50000.0,100.0,0.002,4.325,6.077440996278834e-09,0.323,pre-control
50000.0,100.0,0.002,4.3500000000000005,6.233107304847374e-09,0.323,pre-control
50000.0,100.0,0.002,4.375,6.3927608187215155e-09,0.323,pre-control
50000.0,100.0,0.002,4.4,6.556503663213704e-09,0.323,pre-control
50000.0,100.0,0.002,4.425,6.7244405837479716e-09,0.323,pre-control
50000.0,100.0,0.002,4.45,6.896679004269018e-09,0.323,pre-control
50000.0,100.0,0.002,4.4750000000000005,7.07332910477399e-09,0.323,pre-control
50000.0,100.0,0.002,4.5,7.254503882752003e-09,0.323,pre-control
50000.0,100.0,0.002,4.525,7.440319234738616e-09,0.323,pre-control
50000.0,100.0,0.002,4.55,7.630894020942989e-09,0.323,pre-control
50000.0,100.0,0.002,4.575,7.82635015103372e-09,0.323,pre-control
50000.0,100.0,0.002,4.6000000000000005,8.026812652119091e-09,0.323,pre-control
50000.0,100.0,0.002,4.625,8.232409758983757e-09,0.323,pre-control
50000.0,100.0,0.002,4.65,8.443272985596113e-09,0.323,pre-control
50000.0,100.0,0.002,4.675,8.659537220026704e-09,0.323,pre-control
50000.0,100.0,0.002,4.7,8.881340799665691e-09,0.323,pre-control
50000.0,100.0,0.002,4.7250000000000005,9.108825611065977e-09,0.323,pre-control
50000.0,100.0,0.002,4.75,9.342137169063165e-09,0.323,pre-control
50000.0,100.0,0.002,4.775,9.58142472179898e-09,0.323,pre-control
50000.0,100.0,0.002,4.800000000000001,9.826841333946197e-09,0.323,pre-control
50000.0,100.0,0.002,4.825,1.007854399718103e-08,0.323,pre-control
50000.0,100.0,0.002,4.8500000000000005,1.033669371772615e-08,0.323,pre-control
50000.0,100.0,0.002,4.875,1.0601455632554685e-08,0.323,pre-control
50000.0,100.0,0.002,4.9,1.0872999101475317e-08,0.323,pre-control
50000.0,100.0,0.002,4.925000000000001,1.115149782936537e-08,0.323,pre-control
50000.0,100.0,0.002,4.95,1.1437129963033538e-08,0.323,pre-control
50000.0,100.0,0.002,4.9750000000000005,1.173007821979498e-08,0.323,pre-control
50000.0,100.0,0.002,5.0,1.2030529989359502e-08,0.323,pre-control
50000.0,100.0,0.002,5.025,1.2338677469077645e-08,0.323,pre-control
50000.0,100.0,0.002,5.050000000000001,1.2654717771115188e-08,0.323,pre-control
50000.0,100.0,0.002,5.075,1.2978853064716212e-08,0.323,pre-control
50000.0,100.0,0.002,5.1000000000000005,1.3311290688938313e-08,0.323,pre-control
50000.0,100.0,0.002,5.125,1.3652243302296649e-08,0.323,pre-control
50000.0,100.0,0.002,5.15,1.4001929001348323e-08,0.323,pre-control
50000.0,100.0,0.002,5.175000000000001,1.436057147810047e-08,0.323,pre-control
50000.0,100.0,0.002,5.2,1.4728400144747164e-08,0.323,pre-control
50000.0,100.0,0.002,5.2250000000000005,1.5105650299244495e-08,0.323,pre-control
50000.0,100.0,0.002,5.25,1.549256325651915e-08,0.323,pre-control
50000.0,100.0,0.002,5.275,1.5889386522634166e-08,0.323,pre-control
50000.0,100.0,0.002,5.300000000000001,1.6296373932805054e-08,0.323,pre-control
50000.0,100.0,0.002,5.325,1.671378583460181e-08,0.323,pre-control
50000.0,100.0,0.002,5.3500000000000005,1.714188923312595e-08,0.323,pre-control
50000.0,100.0,0.002,5.375,1.758095798371752e-08,0.323,pre-control
50000.0,100.0,0.002,5.4,1.803127294466448e-08,0.323,pre-control
50000.0,100.0,0.002,5.425000000000001,1.8493122179908052e-08,0.323,pre-control
50000.0,100.0,0.002,5.45,1.8966801119675075e-08,0.323,pre-control
50000.0,100.0,0.002,5.4750000000000005,1.9452612773700584e-08,0.323,pre-control
50000.0,100.0,0.002,5.5,1.9950867900194166e-08,0.323,pre-control
50000.0,100.0,0.002,5.525,2.046188523012534e-08,0.323,pre-control
50000.0,100.0,0.002,5.550000000000001,2.0985991644956437e-08,0.323,pre-control
50000.0,100.0,0.002,5.575,2.152352241256462e-08,0.323,pre-control
50000.0,100.0,0.002,5.6000000000000005,2.2074821374196336e-08,0.323,pre-control
50000.0,100.0,0.002,5.625,2.2640241192629543e-08,0.323,pre-control
50000.0,100.0,0.002,5.65,2.322014354882813e-08,0.323,pre-control
50000.0,100.0,0.002,5.675000000000001,2.381489940297965e-08,0.323,pre-control
50000.0,100.0,0.002,5.7,2.4424889201352688e-08,0.323,pre-control
50000.0,100.0,0.002,5.7250000000000005,2.5050503150878363e-08,0.323,pre-control
50000.0,100.0,0.002,5.75,2.5692141436739936e-08,0.323,pre-control
50000.0,100.0,0.002,5.775,2.6350214511200623e-08,0.323,pre-control
50000.0,100.0,0.002,5.800000000000001,2.702514332248248e-08,0.323,pre-control
50000.0,100.0,0.002,5.825,2.771735961857947e-08,0.323,pre-control
50000.0,100.0,0.002,5.8500000000000005,2.842730618801158e-08,0.323,pre-control
50000.0,100.0,0.002,5.875,2.9155437179400466e-08,0.323,pre-control
50000.0,100.0,0.002,5.9,2.990221835471482e-08,0.323,pre-control
50000.0,100.0,0.002,5.925000000000001,3.0668127425426716e-08,0.323,pre-control
50000.0,100.0,0.002,5.95,3.145365431889598e-08,0.323,pre-control
50000.0,100.0,0.002,5.9750000000000005,3.2259301531967725e-08,0.323,pre-control
50000.0,100.0,0.002,6.0,3.308558441117737e-08,0.323,pre-control
50000.0,100.0,0.002,6.025,3.39330315246941e-08,0.323,pre-control
50000.0,100.0,0.002,6.050000000000001,3.480218495706384e-08,0.323,pre-control
50000.0,100.0,0.002,6.075,3.5693600700450183e-08,0.323,pre-control
50000.0,100.0,0.002,6.1000000000000005,3.660784896466995e-08,0.323,pre-control
50000.0,100.0,0.002,6.125,3.754551458873261e-08,0.323,pre-control
50000.0,100.0,0.002,6.15,3.8507197366961634e-08,0.323,pre-control
50000.0,100.0,0.002,6.175000000000001,3.9493512481885963e-08,0.323,pre-control
50000.0,100.0,0.002,6.2,4.0505090847281386e-08,0.323,pre-control
50000.0,100.0,0.002,6.2250000000000005,4.1542579563522104e-08,0.323,pre-control
50000.0,100.0,0.002,6.25,4.2606642278419906e-08,0.323,pre-control
50000.0,100.0,0.002,6.275,4.369795966620099e-08,0.323,pre-control
50000.0,100.0,0.002,6.300000000000001,4.481722980706654e-08,0.323,pre-control
50000.0,100.0,0.002,6.325,4.59651686910203e-08,0.323,pre-control
50000.0,100.0,0.002,6.3500000000000005,4.714251061712224e-08,0.323,pre-control
50000.0,100.0,0.002,6.375,4.835000872345593e-08,0.323,pre-control
50000.0,100.0,0.002,6.4,4.9588435407096935e-08,0.323,pre-control
50000.0,100.0,0.002,6.425000000000001,5.085858288157649e-08,0.323,pre-control
50000.0,100.0,0.002,6.45,5.216126361863899e-08,0.323,pre-control
50000.0,100.0,0.002,6.4750000000000005,5.349731093462902e-08,0.323,pre-control
50000.0,100.0,0.002,6.5,5.486757945516806e-08,0.323,pre-control
50000.0,100.0,0.002,6.525,5.627294573196542e-08,0.323,pre-control
50000.0,100.0,0.002,6.550000000000001,5.771430873160366e-08,0.323,pre-control
50000.0,100.0,0.002,6.575,5.9192590484351334e-08,0.323,pre-control
50000.0,100.0,0.002,6.6000000000000005,6.070873659830851e-08,0.323,pre-control
50000.0,100.0,0.002,6.625,6.226371694188144e-08,0.323,pre-control
50000.0,100.0,0.002,6.65,6.385852618460365e-08,0.323,pre-control
50000.0,100.0,0.002,6.675000000000001,6.54941845150194e-08,0.323,pre-control
50000.0,100.0,0.002,6.7,6.717173820956394e-08,0.323,pre-control
50000.0,100.0,0.002,6.7250000000000005,6.889226038769333e-08,0.323,pre-control
50000.0,100.0,0.002,6.75,7.065685161027931e-08,0.323,pre-control
50000.0,100.0,0.002,6.775,7.246664067391778e-08,0.323,pre-control
50000.0,100.0,0.002,6.800000000000001,7.432278524036994e-08,0.323,pre-control
50000.0,100.0,0.002,6.825,7.622647267208154e-08,0.323,pre-control
50000.0,100.0,0.002,6.8500000000000005,7.817892069428181e-08,0.323,pre-control
50000.0,100.0,0.002,6.875,8.018137827385108e-08,0.323,pre-control
50000.0,100.0,0.002,6.9,8.223512631577162e-08,0.323,pre-control
50000.0,100.0,0.002,6.925000000000001,8.434147858759336e-08,0.323,pre-control
50000.0,100.0,0.002,6.95,8.650178245201787e-08,0.323,pre-control
50000.0,100.0,0.002,6.9750000000000005,8.871741983932884e-08,0.323,pre-control
50000.0,100.0,0.002,7.0,9.09898080179837e-08,0.323,pre-control
50000.0,100.0,0.002,7.025,9.332040061749668e-08,0.323,pre-control
50000.0,100.0,0.002,7.050000000000001,9.571068843901063e-08,0.323,pre-control
50000.0,100.0,0.002,7.075,9.816220053124972e-08,0.323,pre-control
50000.0,100.0,0.002,7.1000000000000005,1.0067650504314639e-07,0.323,pre-control
50000.0,100.0,0.002,7.125,1.0325521035561651e-07,0.323,pre-control
50000.0,100.0,0.002,7.15,1.0589996597842317e-07,0.323,pre-control
50000.0,100.0,0.002,7.175000000000001,1.0861246374067104e-07,0.323,pre-control
50000.0,100.0,0.002,7.2,1.1139443873420121e-07,0.323,pre-control
50000.0,100.0,0.002,7.2250000000000005,1.1424767056585235e-07,0.323,pre-control
50000.0,100.0,0.002,7.25,1.1717398434979988e-07,0.323,pre-control
50000.0,100.0,0.002,7.275,1.201752520247881e-07,0.323,pre-control
50000.0,100.0,0.002,7.300000000000001,1.2325339339795415e-07,0.323,pre-control
50000.0,100.0,0.002,7.325,1.2641037753040054e-07,0.323,pre-control
50000.0,100.0,0.002,7.3500000000000005,1.2964822383517614e-07,0.323,pre-control
50000.0,100.0,0.002,7.375,1.3296900353473432e-07,0.323,pre-control
50000.0,100.0,0.002,7.4,1.3637484081587993e-07,0.323,pre-control
50000.0,100.0,0.002,7.425000000000001,1.3986791436284353e-07,0.323,pre-control
50000.0,100.0,0.002,7.45,1.434504585721488e-07,0.323,pre-control
50000.0,100.0,0.002,7.4750000000000005,1.471247651652273e-07,0.323,pre-control
50000.0,100.0,0.002,7.5,1.5089318446631398e-07,0.323,pre-control
50000.0,100.0,0.002,7.525,1.5475812709872844e-07,0.323,pre-control
50000.0,100.0,0.002,7.550000000000001,1.587220653290701e-07,0.323,pre-control
50000.0,100.0,0.002,7.575,1.627875348515051e-07,0.323,pre-control
50000.0,100.0,0.002,7.6000000000000005,1.6695713620170194e-07,0.323,pre-control
50000.0,100.0,0.002,7.625,1.7123353663368924e-07,0.323,pre-control
50000.0,100.0,0.002,7.65,1.7561947160714927e-07,0.323,pre-control
50000.0,100.0,0.002,7.675000000000001,1.801177467616506e-07,0.323,pre-control
50000.0,100.0,0.002,7.7,1.8473123948110374e-07,0.323,pre-control
50000.0,100.0,0.002,7.7250000000000005,1.8946290097042195e-07,0.323,pre-control
50000.0,100.0,0.002,7.75,1.943157579011414e-07,0.323,pre-control
50000.0,100.0,0.002,7.775,1.9929291459582335e-07,0.323,pre-control
50000.0,100.0,0.002,7.800000000000001,2.0439755475905113e-07,0.323,pre-control
50000.0,100.0,0.002,7.825,2.096329437751614e-07,0.323,pre-control
50000.0,100.0,0.002,7.8500000000000005,2.150024305290491e-07,0.323,pre-control
50000.0,100.0,0.002,7.875,2.205094498231067e-07,0.323,pre-control
50000.0,100.0,0.002,7.9,2.2615752429249456e-07,0.323,pre-control
50000.0,100.0,0.002,7.925000000000001,2.3195026694747448e-07,0.323,pre-control
50000.0,100.0,0.002,7.95,2.3789138318804527e-07,0.323,pre-control
50000.0,100.0,0.002,7.9750000000000005,2.439846734781769e-07,0.323,pre-control
50000.0,100.0,0.002,8.0,2.502340354649651e-07,0.323,pre-control
50000.0,100.0,0.002,8.025,2.5664346679160854e-07,0.323,pre-control
50000.0,100.0,0.002,8.05,2.632170673265062e-07,0.323,pre-control
50000.0,100.0,0.002,8.075000000000001,2.6995904212217384e-07,0.323,pre-control
50000.0,100.0,0.002,8.1,2.76873703759988e-07,0.323,pre-control
50000.0,100.0,0.002,8.125,2.8396547546261495e-07,0.323,pre-control
50000.0,100.0,0.002,8.15,2.9123889356039807e-07,0.323,pre-control
50000.0,100.0,0.002,8.175,2.9869861076526153e-07,0.323,pre-control
50000.0,100.0,0.002,8.200000000000001,3.063493987650564e-07,0.323,pre-control
50000.0,100.0,0.002,8.225,3.1419615166731337e-07,0.323,pre-control
50000.0,100.0,0.002,8.25,3.222438887281856e-07,0.323,pre-control
50000.0,100.0,0.002,8.275,3.3049775797486247e-07,0.323,pre-control
50000.0,100.0,0.002,8.3,3.38963039076088e-07,0.323,pre-control
50000.0,100.0,0.002,8.325000000000001,3.4764514715250864e-07,0.323,pre-control
50000.0,100.0,0.002,8.35,3.565496357961107e-07,0.323,pre-control
50000.0,100.0,0.002,8.375,3.6568220107825104e-07,0.323,pre-control
50000.0,100.0,0.002,8.4,3.750486847257374e-07,0.323,pre-control
50000.0,100.0,0.002,8.425,3.8465507833679485e-07,0.323,pre-control
50000.0,100.0,0.002,8.450000000000001,3.9450752672192097e-07,0.323,pre-control
50000.0,100.0,0.002,8.475,4.0461233233857184e-07,0.323,pre-control
50000.0,100.0,0.002,8.5,4.149759588053398e-07,0.323,pre-control
50000.0,100.0,0.002,8.525,4.2560503556670416e-07,0.323,pre-control
50000.0,100.0,0.002,8.55,4.3650636158951965e-07,0.323,pre-control
50000.0,100.0,0.002,8.575000000000001,4.4768691026977334e-07,0.323,pre-control
50000.0,100.0,0.002,8.6,4.5915383332083693e-07,0.323,pre-control
50000.0,100.0,0.002,8.625,4.70914465934785e-07,0.323,pre-control
50000.0,100.0,0.002,8.65,4.829763308723567e-07,0.323,pre-control
50000.0,100.0,0.002,8.675,4.953471438920369e-07,0.323,pre-control
50000.0,100.0,0.002,8.700000000000001,5.080348180521995e-07,0.323,pre-control
50000.0,100.0,0.002,8.725,5.210474694218359e-07,0.323,pre-control
50000.0,100.0,0.002,8.75,5.34393421605886e-07,0.323,pre-control
50000.0,100.0,0.002,8.775,5.480812117522253e-07,0.323,pre-control
50000.0,100.0,0.002,8.8,5.621195953117552e-07,0.323,pre-control
50000.0,100.0,0.002,8.825000000000001,5.765175523570237e-07,0.323,pre-control
50000.0,100.0,0.002,8.85,5.912842925892495e-07,0.323,pre-control
50000.0,100.0,0.002,8.875,6.06429261984742e-07,0.323,pre-control
50000.0,100.0,0.002,8.9,6.219621480616649e-07,0.323,pre-control
50000.0,100.0,0.002,8.925,6.378928868712546e-07,0.323,pre-control
50000.0,100.0,0.002,8.950000000000001,6.542316685378072e-07,0.323,pre-control
50000.0,100.0,0.002,8.975,6.709889446125729e-07,0.323,pre-control
50000.0,100.0,0.002,9.0,6.881754339011398e-07,0.323,pre-control
50000.0,100.0,0.002,9.025,7.058021301988156e-07,0.323,pre-control
50000.0,100.0,0.002,9.05,7.238803084203069e-07,0.323,pre-control
50000.0,100.0,0.002,9.075000000000001,7.424215327363901e-07,0.323,pre-control
50000.0,100.0,0.002,9.1,7.614376630215579e-07,0.323,pre-control
50000.0,100.0,0.002,9.125,7.809408634127932e-07,0.323,pre-control
50000.0,100.0,0.002,9.15,8.009436090916746e-07,0.323,pre-control
50000.0,100.0,0.002,9.175,8.214586952871401e-07,0.323,pre-control
50000.0,100.0,0.002,9.200000000000001,8.424992444094118e-07,0.323,pre-control
50000.0,100.0,0.002,9.225,8.640787155197692e-07,0.323,pre-control
50000.0,100.0,0.002,9.25,8.862109118345413e-07,0.323,pre-control
50000.0,100.0,0.002,9.275,9.08909990686112e-07,0.323,pre-control
50000.0,100.0,0.002,9.3,9.32190471416162e-07,0.323,pre-control
50000.0,100.0,0.002,9.325000000000001,9.560672458533998e-07,0.323,pre-control
50000.0,100.0,0.002,9.35,9.805555866162338e-07,0.323,pre-control
50000.0,100.0,0.002,9.375,1.0056711581340287e-06,0.323,pre-control
50000.0,100.0,0.002,9.4,1.0314300253804387e-06,0.323,pre-control
50000.0,100.0,0.002,9.425,1.0578486654663694e-06,0.323,pre-control
50000.0,100.0,0.002,9.450000000000001,1.0849439768263256e-06,0.323,pre-control
50000.0,100.0,0.002,9.475,1.1127332914127176e-06,0.323,pre-control
50000.0,100.0,0.002,9.5,1.1412343843587142e-06,0.323,pre-control
50000.0,100.0,0.002,9.525,1.1704654868050828e-06,0.323,pre-control
50000.0,100.0,0.002,9.55,1.2004452960642468e-06,0.323,pre-control
50000.0,100.0,0.002,9.575000000000001,1.2311929891124775e-06,0.323,pre-control
50000.0,100.0,0.002,9.600000000000001,1.2627282332811425e-06,0.323,pre-control
50000.0,100.0,0.002,9.625,1.2950712004487443e-06,0.323,pre-control
50000.0,100.0,0.002,9.65,1.3282425782867066e-06,0.323,pre-control
50000.0,100.0,0.002,9.675,1.3622635851875441e-06,0.323,pre-control
50000.0,100.0,0.002,9.700000000000001,1.3971559820939333e-06,0.323,pre-control
50000.0,100.0,0.002,9.725000000000001,1.4329420882012051e-06,0.323,pre-control
50000.0,100.0,0.002,9.75,1.469644793399933e-06,0.323,pre-control
50000.0,100.0,0.002,9.775,1.5072875747929007e-06,0.323,pre-control
50000.0,100.0,0.002,9.8,1.5458945097830159e-06,0.323,pre-control
50000.0,100.0,0.002,9.825000000000001,1.585490293446975e-06,0.323,pre-control
50000.0,100.0,0.002,9.850000000000001,1.6261002523019815e-06,0.323,pre-control
50000.0,100.0,0.002,9.875,1.6677503625805183e-06,0.323,pre-control
50000.0,100.0,0.002,9.9,1.710467264711065e-06,0.323,pre-control
50000.0,100.0,0.002,9.925,1.7542782825406921e-06,0.323,pre-control
50000.0,100.0,0.002,9.950000000000001,1.7992114385667852e-06,0.323,pre-control
50000.0,100.0,0.002,9.975000000000001,1.8452954741566293e-06,0.323,pre-control
50000.0,100.0,0.002,10.0,1.8925598655690533e-06,0.323,pre-control
50000.0,100.0,0.002,10.025,1.9410348452227025e-06,0.323,pre-control
50000.0,100.0,0.002,10.05,1.990751418548543e-06,0.323,pre-control
50000.0,100.0,0.002,10.075000000000001,2.041741386361174e-06,0.323,pre-control
50000.0,100.0,0.002,10.100000000000001,2.0940373625852985e-06,0.323,pre-control
50000.0,100.0,0.002,10.125,2.147672797787239e-06,0.323,pre-control
50000.0,100.0,0.002,10.15,2.202681997820671e-06,0.323,pre-control
50000.0,100.0,0.002,10.175,2.2591001485784886e-06,0.323,pre-control
50000.0,100.0,0.002,10.200000000000001,2.3169633356054296e-06,0.323,pre-control
50000.0,100.0,0.002,10.225000000000001,2.3763085701335826e-06,0.323,pre-control
50000.0,100.0,0.002,10.25,2.4371738097120005e-06,0.323,pre-control
50000.0,100.0,0.002,10.275,2.499597985592384e-06,0.323,pre-control
50000.0,100.0,0.002,10.3,2.5636210244283873e-06,0.323,pre-control
50000.0,100.0,0.002,10.325000000000001,2.629283877081441e-06,0.323,pre-control
50000.0,100.0,0.002,10.350000000000001,2.696628541445221e-06,0.323,pre-control
50000.0,100.0,0.002,10.375,2.7656980927451975e-06,0.323,pre-control
50000.0,100.0,0.002,10.4,2.836536707546571e-06,0.323,pre-control
50000.0,100.0,0.002,10.425,2.909189695624958e-06,0.323,pre-control
50000.0,100.0,0.002,10.450000000000001,2.9837035252190943e-06,0.323,pre-control
50000.0,100.0,0.002,10.475000000000001,3.060125856554127e-06,0.323,pre-control
50000.0,100.0,0.002,10.5,3.138505568403549e-06,0.323,pre-control
50000.0,100.0,0.002,10.525,3.2188927933507384e-06,0.323,pre-control
50000.0,100.0,0.002,10.55,3.3013389457279526e-06,0.323,pre-control
50000.0,100.0,0.002,10.575000000000001,3.385896758706158e-06,0.323,pre-control
50000.0,100.0,0.002,10.600000000000001,3.472620313682473e-06,0.323,pre-control
50000.0,100.0,0.002,10.625,3.5615650792929874e-06,0.323,pre-control
50000.0,100.0,0.002,10.65,3.6527879423236874e-06,0.323,pre-control
50000.0,100.0,0.002,10.675,3.746347248745897e-06,0.323,pre-control
50000.0,100.0,0.002,10.700000000000001,3.84230283622955e-06,0.323,pre-control
50000.0,100.0,0.002,10.725000000000001,3.940716077306109e-06,0.323,pre-control
50000.0,100.0,0.002,10.75,4.041649913567136e-06,0.323,pre-control
50000.0,100.0,0.002,10.775,4.145168901064896e-06,0.323,pre-control
50000.0,100.0,0.002,10.8,4.251339246283502e-06,0.323,pre-control
50000.0,100.0,0.002,10.825000000000001,4.360228853893064e-06,0.323,pre-control
50000.0,100.0,0.002,10.850000000000001,4.471907364585274e-06,0.323,pre-control
50000.0,100.0,0.002,10.875,4.586446205302963e-06,0.323,pre-control
50000.0,100.0,0.002,10.9,4.703918629036646e-06,0.323,pre-control
50000.0,100.0,0.002,10.925,4.824399767657689e-06,0.323,pre-control
50000.0,100.0,0.002,10.950000000000001,4.947966673777296e-06,0.323,pre-control
50000.0,100.0,0.002,10.975000000000001,5.0746983763181845e-06,0.323,pre-control
50000.0,100.0,0.002,11.0,5.204675924542725e-06,0.323,pre-control
50000.0,100.0,0.002,11.025,5.337982446504937e-06,0.323,pre-control
50000.0,100.0,0.002,11.05,5.47470319536004e-06,0.323,pre-control
50000.0,100.0,0.002,11.075000000000001,5.614925610845836e-06,0.323,pre-control
50000.0,100.0,0.002,11.100000000000001,5.758739367991842e-06,0.323,pre-control
50000.0,100.0,0.002,11.125,5.906236441786828e-06,0.323,pre-control
50000.0,100.0,0.002,11.15,6.057511158411696e-06,0.323,pre-control
50000.0,100.0,0.002,11.175,6.212660263258089e-06,0.323,pre-control
50000.0,100.0,0.002,11.200000000000001,6.371782974815522e-06,0.323,pre-control
50000.0,100.0,0.002,11.225000000000001,6.53498105621462e-06,0.323,pre-control
50000.0,100.0,0.002,11.25,6.702358871905734e-06,0.323,pre-control
50000.0,100.0,0.002,11.275,6.874023462909202e-06,0.323,pre-control
50000.0,100.0,0.002,11.3,7.050084606429824e-06,0.323,pre-control
50000.0,100.0,0.002,11.325000000000001,7.230654895005892e-06,0.323,pre-control
50000.0,100.0,0.002,11.350000000000001,7.415849799211461e-06,0.323,pre-control
50000.0,100.0,0.002,11.375,7.605787750905787e-06,0.323,pre-control
50000.0,100.0,0.002,11.4,7.800590209183034e-06,0.323,pre-control
50000.0,100.0,0.002,11.425,8.00038174793421e-06,0.323,pre-control
50000.0,100.0,0.002,11.450000000000001,8.205290125212132e-06,0.323,pre-control
50000.0,100.0,0.002,11.475000000000001,8.415446375329011e-06,0.323,pre-control
50000.0,100.0,0.002,11.5,8.630984881813115e-06,0.323,pre-control
50000.0,100.0,0.002,11.525,8.852043474276546e-06,0.323,pre-control
50000.0,100.0,0.002,11.55,9.078763505149185e-06,0.323,pre-control
50000.0,100.0,0.002,11.575000000000001,9.311289951563206e-06,0.323,pre-control
50000.0,100.0,0.002,11.600000000000001,9.549771496059587e-06,0.323,pre-control
50000.0,100.0,0.002,11.625,9.794360633748614e-06,0.323,pre-control
50000.0,100.0,0.002,11.65,1.0045213757194126e-05,0.323,pre-control
50000.0,100.0,0.002,11.675,1.0302491269122688e-05,0.323,pre-control
50000.0,100.0,0.002,11.700000000000001,1.0566357671701198e-05,0.323,pre-control
50000.0,100.0,0.002,11.725000000000001,1.0836981685081585e-05,0.323,pre-control
50000.0,100.0,0.002,11.75,1.1114536341298535e-05,0.323,pre-control
50000.0,100.0,0.002,11.775,1.1399199108951158e-05,0.323,pre-control
50000.0,100.0,0.002,11.8,1.1691151991959246e-05,0.323,pre-control
50000.0,100.0,0.002,11.825000000000001,1.1990581660698795e-05,0.323,pre-control
50000.0,100.0,0.002,11.850000000000001,1.2297679555867693e-05,0.323,pre-control
50000.0,100.0,0.002,11.875,1.2612642026408197e-05,0.323,pre-control
50000.0,100.0,0.002,11.9,1.2935670438745635e-05,0.323,pre-control
50000.0,100.0,0.002,11.925,1.3266971321848196e-05,0.323,pre-control
50000.0,100.0,0.002,11.950000000000001,1.360675648211557e-05,0.323,pre-control
50000.0,100.0,0.002,11.975000000000001,1.395524315594463e-05,0.323,pre-control
50000.0,100.0,0.002,12.0,1.4312654130559162e-05,0.323,pre-control
50000.0,100.0,0.002,12.025,1.4679217904468696e-05,0.323,pre-control
50000.0,100.0,0.002,12.05,1.5055168814545446e-05,0.323,pre-control
50000.0,100.0,0.002,12.075000000000001,1.5440747204758568e-05,0.323,pre-control
50000.0,100.0,0.002,12.100000000000001,1.58361995599433e-05,0.323,pre-control
50000.0,100.0,0.002,12.125,1.624177868292962e-05,0.323,pre-control
50000.0,100.0,0.002,12.15,1.6657743835914602e-05,0.323,pre-control
50000.0,100.0,0.002,12.175,1.7084360925594615e-05,0.323,pre-control
50000.0,100.0,0.002,12.200000000000001,1.752190265346754e-05,0.323,pre-control
50000.0,100.0,0.002,12.225000000000001,1.797064870843122e-05,0.323,pre-control
50000.0,100.0,0.002,12.25,1.8430885927548856e-05,0.323,pre-control
50000.0,100.0,0.002,12.275,1.8902908495153394e-05,0.323,pre-control
50000.0,100.0,0.002,12.3,1.9387018116269406e-05,0.323,pre-control
50000.0,100.0,0.002,12.325000000000001,1.988352422063979e-05,0.323,pre-control
50000.0,100.0,0.002,12.350000000000001,2.0392744151534163e-05,0.323,pre-control
50000.0,100.0,0.002,12.375,2.091500337287219e-05,0.323,pre-control
50000.0,100.0,0.002,12.4,2.1450635676079862e-05,0.323,pre-control
50000.0,100.0,0.002,12.425,2.1999983389052735e-05,0.323,pre-control
50000.0,100.0,0.002,12.450000000000001,2.2563397602686937e-05,0.323,pre-control
50000.0,100.0,0.002,12.475000000000001,2.3141238382044184e-05,0.323,pre-control
50000.0,100.0,0.002,12.5,2.3733875012132007e-05,0.323,pre-control
50000.0,100.0,0.002,12.525,2.43416862140925e-05,0.323,pre-control
50000.0,100.0,0.002,12.55,2.4965060407284768e-05,0.323,pre-control
50000.0,100.0,0.002,12.575000000000001,2.560439593579228e-05,0.323,pre-control
50000.0,100.0,0.002,12.600000000000001,2.6260101341623684e-05,0.323,pre-control
50000.0,100.0,0.002,12.625,2.6932595609027738e-05,0.323,pre-control
50000.0,100.0,0.002,12.65,2.762230844135794e-05,0.323,pre-control
50000.0,100.0,0.002,12.675,2.832968053243017e-05,0.323,pre-control
50000.0,100.0,0.002,12.700000000000001,2.9055163841290618e-05,0.323,pre-control
50000.0,100.0,0.002,12.725000000000001,2.9799221892959594e-05,0.323,pre-control
50000.0,100.0,0.002,12.75,3.0562330055567746e-05,0.323,pre-control
50000.0,100.0,0.002,12.775,3.134497586292714e-05,0.323,pre-control
50000.0,100.0,0.002,12.8,3.2147659306419276e-05,0.323,pre-control
50000.0,100.0,0.002,12.825000000000001,3.297089316569245e-05,0.323,pre-control
50000.0,100.0,0.002,12.850000000000001,3.3815203331528326e-05,0.323,pre-control
50000.0,100.0,0.002,12.875,3.468112913394716e-05,0.323,pre-control
50000.0,100.0,0.002,12.9,3.556922369976217e-05,0.323,pre-control
50000.0,100.0,0.002,12.925,3.6480054286108916e-05,0.323,pre-control
50000.0,100.0,0.002,12.950000000000001,3.741420265768551e-05,0.323,pre-control
50000.0,100.0,0.002,12.975000000000001,3.83722654469879e-05,0.323,pre-control
50000.0,100.0,0.002,13.0,3.9354854532949646e-05,0.323,pre-control
50000.0,100.0,0.002,13.025,4.0362597440793625e-05,0.323,pre-control
50000.0,100.0,0.002,13.05,4.139613772421638e-05,0.323,pre-control
50000.0,100.0,0.002,13.075000000000001,4.245613538954125e-05,0.323,pre-control
50000.0,100.0,0.002,13.100000000000001,4.3543267307468064e-05,0.323,pre-control
50000.0,100.0,0.002,13.125,4.465822763945932e-05,0.323,pre-control
50000.0,100.0,0.002,13.15,4.58017282918783e-05,0.323,pre-control
50000.0,100.0,0.002,13.175,4.6974499351810154e-05,0.323,pre-control
50000.0,100.0,0.002,13.200000000000001,4.817728956053027e-05,0.323,pre-control
50000.0,100.0,0.002,13.225000000000001,4.941086679037376e-05,0.323,pre-control
50000.0,100.0,0.002,13.25,5.067601852051821e-05,0.323,pre-control
50000.0,100.0,0.002,13.275,5.197355235057641e-05,0.323,pre-control
50000.0,100.0,0.002,13.3,5.3304296505025613e-05,0.323,pre-control
50000.0,100.0,0.002,13.325000000000001,5.466910035503057e-05,0.323,pre-control
50000.0,100.0,0.002,13.350000000000001,5.606883496952318e-05,0.323,pre-control
50000.0,100.0,0.002,13.375,5.7504393654742196e-05,0.323,pre-control
50000.0,100.0,0.002,13.4,5.89766925232105e-05,0.323,pre-control
50000.0,100.0,0.002,13.425,6.048667108339535e-05,0.323,pre-control
50000.0,100.0,0.002,13.450000000000001,6.203529282158005e-05,0.323,pre-control
50000.0,100.0,0.002,13.475000000000001,6.362354581748328e-05,0.323,pre-control
50000.0,100.0,0.002,13.5,6.525244337684878e-05,0.323,pre-control
50000.0,100.0,0.002,13.525,6.692302466036855e-05,0.323,pre-control
50000.0,100.0,0.002,13.55,6.863635534679618e-05,0.323,pre-control
50000.0,100.0,0.002,13.575000000000001,7.039352831373137e-05,0.323,pre-control
50000.0,100.0,0.002,13.600000000000001,7.219566431709364e-05,0.323,pre-control
50000.0,100.0,0.002,13.625,7.40439127040549e-05,0.323,pre-control
50000.0,100.0,0.002,13.65,7.593945214661226e-05,0.323,pre-control
50000.0,100.0,0.002,13.675,7.788349137619684e-05,0.323,pre-control
50000.0,100.0,0.002,13.700000000000001,7.987726994892337e-05,0.323,pre-control
50000.0,100.0,0.002,13.725000000000001,8.19220590355494e-05,0.323,pre-control
50000.0,100.0,0.002,13.75,8.40191622177671e-05,0.323,pre-control
50000.0,100.0,0.002,13.775,8.616991630820574e-05,0.323,pre-control
50000.0,100.0,0.002,13.8,8.837569219977682e-05,0.323,pre-control
50000.0,100.0,0.002,13.825000000000001,9.063789573055243e-05,0.323,pre-control
50000.0,100.0,0.002,13.850000000000001,9.29579685625538e-05,0.323,pre-control
50000.0,100.0,0.002,13.875,9.533738909408136e-05,0.323,pre-control
50000.0,100.0,0.002,13.9,9.77776733959097e-05,0.323,pre-control
50000.0,100.0,0.002,13.925,0.00010028037615903722,0.323,pre-control
50000.0,100.0,0.002,13.950000000000001,0.00010284709167277086,0.323,pre-control
50000.0,100.0,0.002,13.975000000000001,0.00010547945483134455,0.323,pre-control
50000.0,100.0,0.002,14.0,0.00010817914216424893,0.323,pre-control
50000.0,100.0,0.002,14.025,0.0001109478728826315,0.323,pre-control
50000.0,100.0,0.002,14.05,0.00011378740996200148,0.323,pre-control
50000.0,100.0,0.002,14.075000000000001,0.00011669956125209631,0.323,pre-control
50000.0,100.0,0.002,14.100000000000001,0.00011968618061215108,0.323,pre-control
50000.0,100.0,0.002,14.125,0.0001227491690680448,0.323,pre-control
50000.0,100.0,0.002,14.15,0.0001258904760069213,0.323,pre-control
50000.0,100.0,0.002,14.175,0.00012911210040083483,0.323,pre-control
50000.0,100.0,0.002,14.200000000000001,0.00013241609206001911,0.323,pre-control
50000.0,100.0,0.002,14.225000000000001,0.00013580455291057773,0.323,pre-control
50000.0,100.0,0.002,14.25,0.00013927963831181288,0.323,pre-control
50000.0,100.0,0.002,14.275,0.00014284355840491207,0.323,pre-control
50000.0,100.0,0.002,14.3,0.0001464985794963198,0.323,pre-control
50000.0,100.0,0.002,14.325000000000001,0.00015024702546956615,0.323,pre-control
50000.0,100.0,0.002,14.350000000000001,0.00015409127923542493,0.323,pre-control
50000.0,100.0,0.002,14.375,0.0001580337842192459,0.323,pre-control
50000.0,100.0,0.002,14.4,0.0001620770458853739,0.323,pre-control
50000.0,100.0,0.002,14.425,0.00016622363329884716,0.323,pre-control
50000.0,100.0,0.002,14.450000000000001,0.00017047618072101094,0.323,pre-control
50000.0,100.0,0.002,14.475000000000001,0.00017483738924939588,0.323,pre-control
50000.0,100.0,0.002,14.5,0.00017931002849696373,0.323,pre-control
50000.0,100.0,0.002,14.525,0.0001838969383133516,0.323,pre-control
50000.0,100.0,0.002,14.55,0.0001886010305483436,0.323,pre-control
50000.0,100.0,0.002,14.575000000000001,0.00019342529085574262,0.323,pre-control
50000.0,100.0,0.002,14.600000000000001,0.00019837278054317628,0.323,pre-control
50000.0,100.0,0.002,14.625,0.00020344663846844758,0.323,pre-control
50000.0,100.0,0.002,14.65,0.00020865008298147163,0.323,pre-control
50000.0,100.0,0.002,14.675,0.0002139864139141578,0.323,pre-control
50000.0,100.0,0.002,14.700000000000001,0.00021945901461863253,0.323,pre-control
50000.0,100.0,0.002,14.725000000000001,0.000225071354053353,0.323,pre-control
50000.0,100.0,0.002,14.75,0.00023082698892116116,0.323,pre-control
50000.0,100.0,0.002,14.775,0.0002367295658604192,0.323,pre-control
50000.0,100.0,0.002,14.8,0.00024278282368822075,0.323,pre-control
50000.0,100.0,0.002,14.825000000000001,0.0002489905956985005,0.323,pre-control
50000.0,100.0,0.002,14.850000000000001,0.00025535681201563305,0.323,pre-control
50000.0,100.0,0.002,14.875,0.0002618855020048007,0.323,pre-control
50000.0,100.0,0.002,14.9,0.00026858079673989843,0.323,pre-control
50000.0,100.0,0.002,14.925,0.00027544693153065144,0.323,pre-control
50000.0,100.0,0.002,14.950000000000001,0.0002824882485123786,0.323,pre-control
50000.0,100.0,0.002,14.975000000000001,0.00028970919929631385,0.323,pre-control
50000.0,100.0,0.002,15.0,0.00029711434768398047,0.323,pre-control
50000.0,100.0,0.002,15.025,0.0003047083724464433,0.323,pre-control
50000.0,100.0,0.002,15.05,0.000312496070169851,0.323,pre-control
50000.0,100.0,0.002,15.075000000000001,0.0003204823581687385,0.323,pre-control
50000.0,100.0,0.002,15.100000000000001,0.00032867227746856756,0.323,pre-control
50000.0,100.0,0.002,15.125,0.00033707099585901024,0.323,pre-control
50000.0,100.0,0.002,15.15,0.0003456838110191268,0.323,pre-control
50000.0,100.0,0.002,15.175,0.0003545161537170655,0.323,pre-control
50000.0,100.0,0.002,15.200000000000001,0.0003635735910851181,0.323,pre-control
50000.0,100.0,0.002,15.225000000000001,0.0003728618299714006,0.323,pre-control
50000.0,100.0,0.002,15.25,0.0003823867203703544,0.323,pre-control
50000.0,100.0,0.002,15.275,0.00039215425893351897,0.323,pre-control
50000.0,100.0,0.002,15.3,0.000402170592562234,0.323,pre-control
50000.0,100.0,0.002,15.325000000000001,0.0004124420220839838,0.323,pre-control
50000.0,100.0,0.002,15.350000000000001,0.00042297500601408926,0.323,pre-control
50000.0,100.0,0.002,15.375,0.00043377616440449233,0.323,pre-control
50000.0,100.0,0.002,15.4,0.000444852282781397,0.323,pre-control
50000.0,100.0,0.002,15.425,0.00045621031617354055,0.323,pre-control
50000.0,100.0,0.002,15.450000000000001,0.0004678573932329099,0.323,pre-control
50000.0,100.0,0.002,15.475000000000001,0.00047980082044971897,0.323,pre-control
50000.0,100.0,0.002,15.5,0.000492048086463491,0.323,pre-control
50000.0,100.0,0.002,15.525,0.0005046068664721117,0.323,pre-control
50000.0,100.0,0.002,15.55,0.0005174850267407195,0.323,pre-control
50000.0,100.0,0.002,15.575000000000001,0.000530690629212345,0.323,pre-control
50000.0,100.0,0.002,15.600000000000001,0.0005442319362221977,0.323,pre-control
50000.0,100.0,0.002,15.625,0.0005581174153175297,0.323,pre-control
50000.0,100.0,0.002,15.65,0.0005723557441850185,0.323,pre-control
50000.0,100.0,0.002,15.675,0.0005869558156876064,0.323,pre-control
50000.0,100.0,0.002,15.700000000000001,0.0006019267430127737,0.323,pre-control
50000.0,100.0,0.002,15.725000000000001,0.0006172778649342004,0.323,pre-control
50000.0,100.0,0.002,15.75,0.0006330187511887968,0.323,pre-control
50000.0,100.0,0.002,15.775,0.0006491592079710882,0.323,pre-control
50000.0,100.0,0.002,15.8,0.0006657092835469178,0.323,pre-control
50000.0,100.0,0.002,15.825000000000001,0.0006826792739884756,0.323,pre-control
50000.0,100.0,0.002,15.850000000000001,0.0007000797290326126,0.323,pre-control
50000.0,100.0,0.002,15.875,0.0007179214580644263,0.323,pre-control
50000.0,100.0,0.002,15.9,0.0007362155362280878,0.323,pre-control
50000.0,100.0,0.002,15.925,0.0007549733106668496,0.323,pre-control
50000.0,100.0,0.002,15.950000000000001,0.0007742064068942062,0.323,pre-control
50000.0,100.0,0.002,15.975000000000001,0.0007939267352981078,0.323,pre-control
50000.0,100.0,0.002,16.0,0.000814146497780146,0.323,pre-control
50000.0,100.0,0.002,16.025000000000002,0.0008348781945315953,0.323,pre-control
50000.0,100.0,0.002,16.05,0.0008561346309481321,0.323,pre-control
50000.0,100.0,0.002,16.075,0.0008779289246851076,0.323,pre-control
50000.0,100.0,0.002,16.1,0.0009002745128550906,0.323,pre-control
50000.0,100.0,0.002,16.125,0.0009231851593697193,0.323,pre-control
50000.0,100.0,0.002,16.150000000000002,0.0009466749624266453,0.323,pre-control
50000.0,100.0,0.002,16.175,0.0009707583621442431,0.323,pre-control
50000.0,100.0,0.002,16.2,0.0009954501483456946,0.323,pre-control
50000.0,100.0,0.002,16.225,0.0010207654684932046,0.323,pre-control
50000.0,100.0,0.002,16.25,0.0010467198357741322,0.323,pre-control
50000.0,100.0,0.002,16.275000000000002,0.0010733291373404325,0.323,pre-control
50000.0,100.0,0.002,16.3,0.0011006096427025951,0.323,pre-control
50000.0,100.0,0.002,16.325,0.0011285780122793668,0.323,pre-control
50000.0,100.0,0.002,16.35,0.0011572513061042923,0.323,pre-control
50000.0,100.0,0.002,16.375,0.001186646992690546,0.323,pre-control
50000.0,100.0,0.002,16.400000000000002,0.0012167829580528148,0.323,pre-control
50000.0,100.0,0.002,16.425,0.0012476775148909163,0.323,pre-control
50000.0,100.0,0.002,16.45,0.001279349411932828,0.323,pre-control
50000.0,100.0,0.002,16.475,0.0013118178434376646,0.323,pre-control
50000.0,100.0,0.002,16.5,0.0013451024588593233,0.323,pre-control
50000.0,100.0,0.002,16.525000000000002,0.0013792233726709485,0.323,pre-control
50000.0,100.0,0.002,16.55,0.0014142011743506697,0.323,pre-control
50000.0,100.0,0.002,16.575,0.0014500569385264067,0.323,pre-control
50000.0,100.0,0.002,16.6,0.0014868122352826826,0.323,pre-control
50000.0,100.0,0.002,16.625,0.001524489140627466,0.323,pre-control
50000.0,100.0,0.002,16.650000000000002,0.0015631102471158234,0.323,pre-control
50000.0,100.0,0.002,16.675,0.001602698674630573,0.323,pre-control
50000.0,100.0,0.002,16.7,0.0016432780813192464,0.323,pre-control
50000.0,100.0,0.002,16.725,0.0016848726746839233,0.323,pre-control
50000.0,100.0,0.002,16.75,0.001727507222824766,0.323,pre-control
50000.0,100.0,0.002,16.775000000000002,0.001771207065835223,0.323,pre-control
50000.0,100.0,0.002,16.8,0.0018159981273410401,0.323,pre-control
50000.0,100.0,0.002,16.825,0.0018619069261831245,0.323,pre-control
50000.0,100.0,0.002,16.85,0.0019089605882411903,0.323,pre-control
50000.0,100.0,0.002,16.875,0.0019571868583924523,0.323,pre-control
50000.0,100.0,0.002,16.896690032843228,0.002,0.323,threshold-control
50000.0,100.0,0.002,17.0,0.002,0.8450018683583614,threshold-control
50000.0,100.0,0.002,18.0,0.002,0.8415003027938139,threshold-control
50000.0,100.0,0.002,19.0,0.002,0.8379321874067469,threshold-control
50000.0,100.0,0.002,20.0,0.002,0.8342968259262529,threshold-control
50000.0,100.0,0.002,21.0,0.002,0.830593541101958,threshold-control
50000.0,100.0,0.002,22.0,0.002,0.8268216761025482,threshold-control
50000.0,100.0,0.002,23.0,0.002,0.8229805959438795,threshold-control
50000.0,100.0,0.002,24.0,0.002,0.8190696889450533,threshold-control
50000.0,100.0,0.002,25.0,0.002,0.8150883682106602,threshold-control
50000.0,100.0,0.002,26.0,0.002,0.811036073137217,threshold-control
50000.0,100.0,0.002,27.0,0.002,0.8069122709416339,threshold-control
50000.0,100.0,0.002,28.0,0.002,0.8027164582093655,threshold-control
50000.0,100.0,0.002,29.0,0.002,0.7984481624597026,threshold-control
50000.0,100.0,0.002,30.0,0.002,0.7941069437254724,threshold-control
50000.0,100.0,0.002,31.0,0.002,0.7896923961442186,threshold-control
50000.0,100.0,0.002,32.0,0.002,0.7852041495577369,threshold-control
50000.0,100.0,0.002,33.0,0.002,0.7806418711166502,threshold-control
50000.0,100.0,0.002,34.0,0.002,0.7760052668865091,threshold-control
50000.0,100.0,0.002,35.0,0.002,0.7712940834517191,threshold-control
50000.0,100.0,0.002,36.0,0.002,0.7665081095134031,threshold-control
50000.0,100.0,0.002,37.0,0.002,0.7616471774771293,threshold-control
50000.0,100.0,0.002,38.0,0.002,0.7567111650262587,threshold-control
50000.0,100.0,0.002,39.0,0.002,0.7516999966764946,threshold-control
50000.0,100.0,0.002,40.0,0.002,0.7466136453070608,threshold-control
50000.0,100.0,0.002,41.0,0.002,0.741452133663782,threshold-control
50000.0,100.0,0.002,42.0,0.002,0.7362155358292057,threshold-control
50000.0,100.0,0.002,43.0,0.002,0.7309039786547737,threshold-control
50000.0,100.0,0.002,44.0,0.002,0.725517643149949,threshold-control
50000.0,100.0,0.002,45.0,0.002,0.7200567658231001,threshold-control
50000.0,100.0,0.002,46.0,0.002,0.7145216399688744,threshold-control
50000.0,100.0,0.002,47.0,0.002,0.7089126168967297,threshold-control
50000.0,100.0,0.002,48.0,0.002,0.7032301070952541,threshold-control
50000.0,100.0,0.002,49.0,0.002,0.6974745813268912,threshold-control
50000.0,100.0,0.002,50.0,0.002,0.6916465716476866,threshold-control
50000.0,100.0,0.002,51.0,0.002,0.6857466723467067,threshold-control
50000.0,100.0,0.002,52.0,0.002,0.6797755407998332,threshold-control
50000.0,100.0,0.002,53.0,0.002,0.6737338982327161,threshold-control
50000.0,100.0,0.002,54.0,0.002,0.6676225303877759,threshold-control
50000.0,100.0,0.002,55.0,0.002,0.661442288090281,threshold-control
50000.0,100.0,0.002,56.0,0.002,0.6551940877086906,threshold-control
50000.0,100.0,0.002,57.0,0.002,0.6488789115046395,threshold-control
50000.0,100.0,0.002,58.0,0.002,0.642497807868171,threshold-control
50000.0,100.0,0.002,59.0,0.002,0.6360518914340649,threshold-control
50000.0,100.0,0.002,60.0,0.002,0.6295423430753909,threshold-control
50000.0,100.0,0.002,61.0,0.002,0.6229704097707229,threshold-control
50000.0,100.0,0.002,62.0,0.002,0.616337404341786,threshold-control
50000.0,100.0,0.002,63.0,0.002,0.6096447050586664,threshold-control
50000.0,100.0,0.002,64.0,0.002,0.602893755110109,threshold-control
50000.0,100.0,0.002,65.0,0.002,0.5960860619368307,threshold-control
50000.0,100.0,0.002,66.0,0.002,0.5892231964262252,threshold-control
50000.0,100.0,0.002,67.0,0.002,0.5823067919672832,threshold-control
50000.0,100.0,0.002,68.0,0.002,0.575338543365037,threshold-control
50000.0,100.0,0.002,69.0,0.002,0.5683202056143297,threshold-control
50000.0,100.0,0.002,70.0,0.002,0.561253592533222,threshold-control
50000.0,100.0,0.002,71.0,0.002,0.5541405752568749,threshold-control
50000.0,100.0,0.002,72.0,0.002,0.5469830805932752,threshold-control
50000.0,100.0,0.002,73.0,0.002,0.5397830892427206,threshold-control
50000.0,100.0,0.002,74.0,0.002,0.532542633883516,threshold-control
50000.0,100.0,0.002,75.0,0.002,0.525263797126889,threshold-control
50000.0,100.0,0.002,76.0,0.002,0.5179487093446684,threshold-control
50000.0,100.0,0.002,77.0,0.002,0.5105995463738162,threshold-control
50000.0,100.0,0.002,78.0,0.002,0.5032185271024245,threshold-control
50000.0,100.0,0.002,79.0,0.002,0.49580791094231524,threshold-control
50000.0,100.0,0.002,80.0,0.002,0.4883699951938768,threshold-control
50000.0,100.0,0.002,81.0,0.002,0.48090711230925764,threshold-control
50000.0,100.0,0.002,82.0,0.002,0.4734216270604962,threshold-control
50000.0,100.0,0.002,83.0,0.002,0.46591593361960315,threshold-control
50000.0,100.0,0.002,84.0,0.002,0.45839245255802163,threshold-control
50000.0,100.0,0.002,85.0,0.002,0.45085362777326077,threshold-control
50000.0,100.0,0.002,86.0,0.002,0.4433019233508495,threshold-control
50000.0,100.0,0.002,87.0,0.002,0.43573982037005643,threshold-control
50000.0,100.0,0.002,88.0,0.002,0.42816981366209217,threshold-control
50000.0,100.0,0.002,89.0,0.002,0.42059440852973795,threshold-control
50000.0,100.0,0.002,90.0,0.002,0.41301611743753064,threshold-control
50000.0,100.0,0.002,91.0,0.002,0.405437456681772,threshold-control
50000.0,100.0,0.002,92.0,0.002,0.39786094304973485,threshold-control
50000.0,100.0,0.002,93.0,0.002,0.39028909047748095,threshold-control
50000.0,100.0,0.002,94.0,0.002,0.38272440671572394,threshold-control
50000.0,100.0,0.002,95.0,0.002,0.375169390013121,threshold-control
50000.0,100.0,0.002,96.0,0.002,0.36762652582629873,threshold-control
50000.0,100.0,0.002,97.0,0.002,0.36009828356578977,threshold-control
50000.0,100.0,0.002,98.0,0.002,0.3525871133868804,threshold-control
50000.0,100.0,0.002,99.0,0.002,0.34509544303415796,threshold-control
50000.0,100.0,0.002,100.0,0.002,0.337625674748288,threshold-control
50000.0,100.0,0.002,101.0,0.002,0.33018018224325973,threshold-control
50000.0,100.0,0.002,101.96776719922717,0.002,0.32299999999999984,threshold-control
50000.0,100.0,0.002,102.96776719922717,0.001996784897488468,0.323,post-control
50000.0,100.0,0.002,103.96776719922717,0.001987227083601563,0.323,post-control
50000.0,100.0,0.002,104.96776719922717,0.0019715154663511774,0.323,post-control
50000.0,100.0,0.002,105.96776719922717,0.0019499105248529463,0.323,post-control
50000.0,100.0,0.002,106.96776719922717,0.0019227363805646189,0.323,post-control
50000.0,100.0,0.002,107.96776719922717,0.0018903716583990376,0.323,post-control
50000.0,100.0,0.002,108.96776719922717,0.0018532395416277808,0.323,post-control
50000.0,100.0,0.002,109.96776719922717,0.0018117973990994705,0.323,post-control
50000.0,100.0,0.002,110.96776719922717,0.0017665263844948854,0.323,post-control
50000.0,100.0,0.002,111.96776719922717,0.0017179213741395705,0.323,post-control
50000.0,100.0,0.002,112.96776719922717,0.001666481488024841,0.323,post-control
50000.0,100.0,0.002,113.96776719922717,0.0016127013391693844,0.323,post-control
50000.0,100.0,0.002,114.96776719922717,0.001557063537043285,0.323,post-control
50000.0,100.0,0.002,115.96776719922717,0.0015000319226271667,0.323,post-control
50000.0,100.0,0.002,116.96776719922717,0.0014420463598464033,0.323,post-control
50000.0,100.0,0.002,117.96776719922717,0.0013835182930586457,0.323,post-control
50000.0,100.0,0.002,118.96776719922717,0.0013248277868217289,0.323,post-control
50000.0,100.0,0.002,119.96776719922717,0.0012663212518866436,0.323,post-control
50000.0,100.0,0.002,120.96776719922717,0.0012083104022083055,0.323,post-control
50000.0,100.0,0.002,121.96776719922717,0.0011510719034272295,0.323,post-control
50000.0,100.0,0.002,122.96776719922717,0.0010948477614972905,0.323,post-control
50000.0,100.0,0.002,123.96776719922717,0.0010398460843505915,0.323,post-control
50000.0,100.0,0.002,124.96776719922717,0.000986243044499101,0.323,post-control
50000.0,100.0,0.002,125.96776719922717,0.0009341841997322762,0.323,post-control
50000.0,100.0,0.002,126.96776719922717,0.0008837864152990713,0.323,post-control
50000.0,100.0,0.002,127.96776719922717,0.0008351408837276008,0.323,post-control
50000.0,100.0,0.002,128.96776719922718,0.0007883149193062743,0.323,post-control
50000.0,100.0,0.002,129.96776719922718,0.0007433539994336307,0.323,post-control
50000.0,100.0,0.002,130.96776719922718,0.0007002844226049747,0.323,post-control
50000.0,100.0,0.002,131.96776719922718,0.0006591163949020797,0.323,post-control
50000.0,100.0,0.002,132.96776719922718,0.0006198447569373318,0.323,post-control
50000.0,100.0,0.002,133.96776719922718,0.0005824515661359483,0.323,post-control
50000.0,100.0,0.002,134.96776719922718,0.0005469081933885173,0.323,post-control
50000.0,100.0,0.002,135.96776719922718,0.000513177694228702,0.323,post-control
50000.0,100.0,0.002,136.96776719922718,0.00048121507760943934,0.323,post-control
50000.0,100.0,0.002,137.96776719922718,0.000450969064455629,0.323,post-control
50000.0,100.0,0.002,138.96776719922718,0.00042238409231719,0.323,post-control
50000.0,100.0,0.002,139.96776719922718,0.0003954013057426708,0.323,post-control
50000.0,100.0,0.002,140.96776719922718,0.0003699590440861407,0.323,post-control
50000.0,100.0,0.002,141.96776719922718,0.00034599359560074364,0.323,post-control
50000.0,100.0,0.002,142.96776719922718,0.00032344083397687804,0.323,post-control
50000.0,100.0,0.002,143.96776719922718,0.00030223641159418413,0.323,post-control
50000.0,100.0,0.002,144.96776719922718,0.0002823160619144331,0.323,post-control
50000.0,100.0,0.002,145.96776719922718,0.0002636160896346487,0.323,post-control
50000.0,100.0,0.002,146.96776719922718,0.00024607430910647695,0.323,post-control
50000.0,100.0,0.002,147.96776719922718,0.00022962994028921142,0.323,post-control
50000.0,100.0,0.002,148.96776719922718,0.00021422367333667178,0.323,post-control
50000.0,100.0,0.002,149.96776719922718,0.0001997980462786246,0.323,post-control
50000.0,100.0,0.002,150.96776719922718,0.0001862979309583123,0.323,post-control
50000.0,100.0,0.002,151.96776719922718,0.00017367022160763164,0.323,post-control
50000.0,100.0,0.002,152.96776719922718,0.0001618638154139659,0.323,post-control
50000.0,100.0,0.002,153.96776719922718,0.00015082988696332096,0.323,post-control
50000.0,100.0,0.002,154.96776719922718,0.00014052211510053668,0.323,post-control
50000.0,100.0,0.002,155.96776719922718,0.0001308962767284696,0.323,post-control
50000.0,100.0,0.002,156.96776719922718,0.00012191020278996762,0.323,post-control
50000.0,100.0,0.002,157.96776719922718,0.00011352394867435658,0.323,post-control
50000.0,100.0,0.002,158.96776719922718,0.0001056999289741505,0.323,post-control
50000.0,100.0,0.002,159.96776719922718,9.840247949377945e-05,0.323,post-control
50000.0,100.0,0.002,160.96776719922718,9.159779506899668e-05,0.323,post-control
50000.0,100.0,0.002,161.96776719922718,8.52540021851997e-05,0.323,post-control
50000.0,100.0,0.002,162.96776719922718,7.934131552146689e-05,0.323,post-control
50000.0,100.0,0.002,163.96776719922718,7.383161717037982e-05,0.323,post-control
50000.0,100.0,0.002,164.96776719922718,6.8698348526457e-05,0.323,post-control
50000.0,100.0,0.002,165.96776719922718,6.391652100078573e-05,0.323,post-control
50000.0,100.0,0.002,166.96776719922718,5.94628734317482e-05,0.323,post-control
50000.0,100.0,0.002,167.96776719922718,5.5315610870083e-05,0.323,post-control
50000.0,100.0,0.002,168.96776719922718,5.1454178404567336e-05,0.323,post-control
50000.0,100.0,0.002,169.96776719922718,4.785925672888748e-05,0.323,post-control
50000.0,100.0,0.002,170.96776719922718,4.451281523252346e-05,0.323,post-control
50000.0,100.0,0.002,171.96776719922718,4.1398151347993714e-05,0.323,post-control
50000.0,100.0,0.002,172.96776719922718,3.849955504122108e-05,0.323,post-control
50000.0,100.0,0.002,173.96776719922718,3.580225440591119e-05,0.323,post-control
50000.0,100.0,0.002,174.96776719922718,3.329241283943538e-05,0.323,post-control
50000.0,100.0,0.002,175.96776719922718,3.095720260037167e-05,0.323,post-control
50000.0,100.0,0.002,176.96776719922718,2.878474674295232e-05,0.323,post-control
50000.0,100.0,0.002,177.96776719922718,2.676386903398803e-05,0.323,post-control
50000.0,100.0,0.002,178.96776719922718,2.488407653581667e-05,0.323,post-control
50000.0,100.0,0.002,179.96776719922718,2.313556980028402e-05,0.323,post-control
50000.0,100.0,0.002,180.96776719922718,2.1509307590307266e-05,0.323,post-control
50000.0,100.0,0.002,181.96555382223897,2.0000066071685444e-05,0.323,post-control
100000.0,200.0,0.002,0.0,7.647407380688293e-11,0.323,pre-control
100000.0,200.0,0.002,0.025,7.843286491136487e-11,0.323,pre-control
100000.0,200.0,0.002,0.05,8.044182807256597e-11,0.323,pre-control
100000.0,200.0,0.002,0.07500000000000001,8.250224841384703e-11,0.323,pre-control
100000.0,200.0,0.002,0.1,8.461544392139545e-11,0.323,pre-control
100000.0,200.0,0.002,0.125,8.678276639546554e-11,0.323,pre-control
100000.0,200.0,0.002,0.15000000000000002,8.900560220418175e-11,0.323,pre-control
100000.0,200.0,0.002,0.17500000000000002,9.12853732841326e-11,0.323,pre-control
100000.0,200.0,0.002,0.2,9.362353793328409e-11,0.323,pre-control
100000.0,200.0,0.002,0.225,9.60215918634882e-11,0.323,pre-control
100000.0,200.0,0.002,0.25,9.848106903453538e-11,0.323,pre-control
100000.0,200.0,0.002,0.275,1.0100354276127108e-10,0.323,pre-control
100000.0,200.0,0.002,0.30000000000000004,1.0359062659092197e-10,0.323,pre-control
100000.0,200.0,0.002,0.325,1.0624397546765371e-10,0.323,pre-control
100000.0,200.0,0.002,0.35000000000000003,1.08965286655416e-10,0.323,pre-control
100000.0,200.0,0.002,0.375,1.1175630096292194e-10,0.323,pre-control
100000.0,200.0,0.002,0.4,1.1461880371437357e-10,0.323,pre-control
100000.0,200.0,0.002,0.42500000000000004,1.1755462603799772e-10,0.323,pre-control
100000.0,200.0,0.002,0.45,1.2056564588713628e-10,0.323,pre-control
100000.0,200.0,0.002,0.47500000000000003,1.2365378939563595e-10,0.323,pre-control
100000.0,200.0,0.002,0.5,1.268210319519165e-10,0.323,pre-control
100000.0,200.0,0.002,0.525,1.3006939962468302e-10,0.323,pre-control
100000.0,200.0,0.002,0.55,1.3340097029272084e-10,0.323,pre-control
100000.0,200.0,0.002,0.5750000000000001,1.3681787514457878e-10,0.323,pre-control
100000.0,200.0,0.002,0.6000000000000001,1.4032229986698214e-10,0.323,pre-control
100000.0,200.0,0.002,0.625,1.439164862223249e-10,0.323,pre-control
100000.0,200.0,0.002,0.65,1.4760273329874192e-10,0.323,pre-control
100000.0,200.0,0.002,0.675,1.5138339916944715e-10,0.323,pre-control
100000.0,200.0,0.002,0.7000000000000001,1.5526090220766424e-10,0.323,pre-control
100000.0,200.0,0.002,0.7250000000000001,1.592377228320573e-10,0.323,pre-control
100000.0,200.0,0.002,0.75,1.6331640488988458e-10,0.323,pre-control
100000.0,200.0,0.002,0.775,1.67499557492989e-10,0.323,pre-control
100000.0,200.0,0.002,0.8,1.7178985647271483e-10,0.323,pre-control
100000.0,200.0,0.002,0.8250000000000001,1.7619004631115565e-10,0.323,pre-control
100000.0,200.0,0.002,0.8500000000000001,1.807029416715579e-10,0.323,pre-control
100000.0,200.0,0.002,0.875,1.8533142942976886e-10,0.323,pre-control
100000.0,200.0,0.002,0.9,1.9007847028404319e-10,0.323,pre-control
100000.0,200.0,0.002,0.925,1.9494710089188988e-10,0.323,pre-control
100000.0,200.0,0.002,0.9500000000000001,1.9994043556340107e-10,0.323,pre-control
100000.0,200.0,0.002,0.9750000000000001,2.0506166850896691e-10,0.323,pre-control
100000.0,200.0,0.002,1.0,2.1031407562046022e-10,0.323,pre-control
100000.0,200.0,0.002,1.0250000000000001,2.1570101683557102e-10,0.323,pre-control
100000.0,200.0,0.002,1.05,2.2122593801140547e-10,0.323,pre-control
100000.0,200.0,0.002,1.075,2.2689237341149097e-10,0.323,pre-control
100000.0,200.0,0.002,1.1,2.3270394767658403e-10,0.323,pre-control
100000.0,200.0,0.002,1.125,2.3866437844070995e-10,0.323,pre-control
100000.0,200.0,0.002,1.1500000000000001,2.4477747840422436e-10,0.323,pre-control
100000.0,200.0,0.002,1.175,2.510471580855818e-10,0.323,pre-control
100000.0,200.0,0.002,1.2000000000000002,2.5747742800195516e-10,0.323,pre-control
100000.0,200.0,0.002,1.225,2.640724015637765e-10,0.323,pre-control
100000.0,200.0,0.002,1.25,2.7083629736849495e-10,0.323,pre-control
100000.0,200.0,0.002,1.2750000000000001,2.777734422452968e-10,0.323,pre-control
100000.0,200.0,0.002,1.3,2.848882736678717e-10,0.323,pre-control
100000.0,200.0,0.002,1.3250000000000002,2.9218534295710413e-10,0.323,pre-control
100000.0,200.0,0.002,1.35,2.996693178190227e-10,0.323,pre-control
100000.0,200.0,0.002,1.375,3.0734498571365904e-10,0.323,pre-control
100000.0,200.0,0.002,1.4000000000000001,3.152172565246753e-10,0.323,pre-control
100000.0,200.0,0.002,1.425,3.2329116610301086e-10,0.323,pre-control
100000.0,200.0,0.002,1.4500000000000002,3.3157187907502123e-10,0.323,pre-control
100000.0,200.0,0.002,1.475,3.400646925699809e-10,0.323,pre-control
100000.0,200.0,0.002,1.5,3.487750391739189e-10,0.323,pre-control
100000.0,200.0,0.002,1.5250000000000001,3.5770849085051945e-10,0.323,pre-control
100000.0,200.0,0.002,1.55,3.6687076204821125e-10,0.323,pre-control
100000.0,200.0,0.002,1.5750000000000002,3.7626771382449967e-10,0.323,pre-control
100000.0,200.0,0.002,1.6,3.8590535711426377e-10,0.323,pre-control
100000.0,200.0,0.002,1.625,3.957898570680734e-10,0.323,pre-control
100000.0,200.0,0.002,1.6500000000000001,4.059275364900569e-10,0.323,pre-control
100000.0,200.0,0.002,1.675,4.1632488040130635e-10,0.323,pre-control
100000.0,200.0,0.002,1.7000000000000002,4.269885396561146e-10,0.323,pre-control
100000.0,200.0,0.002,1.725,4.3792533574214635e-10,0.323,pre-control
100000.0,200.0,0.002,1.75,4.4914226458429885e-10,0.323,pre-control
100000.0,200.0,0.002,1.7750000000000001,4.606465015939236e-10,0.323,pre-control
100000.0,200.0,0.002,1.8,4.724454056700443e-10,0.323,pre-control
100000.0,200.0,0.002,1.8250000000000002,4.845465245105516e-10,0.323,pre-control
100000.0,200.0,0.002,1.85,4.969575988210185e-10,0.323,pre-control
100000.0,200.0,0.002,1.875,5.096865679014592e-10,0.323,pre-control
100000.0,200.0,0.002,1.9000000000000001,5.227415740735134e-10,0.323,pre-control
100000.0,200.0,0.002,1.925,5.36130968557066e-10,0.323,pre-control
100000.0,200.0,0.002,1.9500000000000002,5.498633161271302e-10,0.323,pre-control
100000.0,200.0,0.002,1.975,5.63947401295368e-10,0.323,pre-control
100000.0,200.0,0.002,2.0,5.783922332085893e-10,0.323,pre-control
100000.0,200.0,0.002,2.025,5.932070521509913e-10,0.323,pre-control
100000.0,200.0,0.002,2.0500000000000003,6.084013346968109e-10,0.323,pre-control
100000.0,200.0,0.002,2.075,6.239848005499232e-10,0.323,pre-control
100000.0,200.0,0.002,2.1,6.399674179638322e-10,0.323,pre-control
100000.0,200.0,0.002,2.125,6.56359410936133e-10,0.323,pre-control
100000.0,200.0,0.002,2.15,6.731712649097117e-10,0.323,pre-control
100000.0,200.0,0.002,2.1750000000000003,6.904137343404821e-10,0.323,pre-control
100000.0,200.0,0.002,2.2,7.080978486943832e-10,0.323,pre-control
100000.0,200.0,0.002,2.225,7.262349204077601e-10,0.323,pre-control
100000.0,200.0,0.002,2.25,7.448365511955075e-10,0.323,pre-control
100000.0,200.0,0.002,2.275,7.639146404244617e-10,0.323,pre-control
100000.0,200.0,0.002,2.3000000000000003,7.834813917488356e-10,0.323,pre-control
100000.0,200.0,0.002,2.325,8.035493219180524e-10,0.323,pre-control
100000.0,200.0,0.002,2.35,8.241312677564503e-10,0.323,pre-control
100000.0,200.0,0.002,2.375,8.452403954281006e-10,0.323,pre-control
100000.0,200.0,0.002,2.4000000000000004,8.668902077786435e-10,0.323,pre-control
100000.0,200.0,0.002,2.4250000000000003,8.890945540807976e-10,0.323,pre-control
100000.0,200.0,0.002,2.45,9.118676377571195e-10,0.323,pre-control
100000.0,200.0,0.002,2.475,9.35224026631145e-10,0.323,pre-control
100000.0,200.0,0.002,2.5,9.591786610508314e-10,0.323,pre-control
100000.0,200.0,0.002,2.5250000000000004,9.83746864671569e-10,0.323,pre-control
100000.0,200.0,0.002,2.5500000000000003,1.0089443530010935e-09,0.323,pre-control
100000.0,200.0,0.002,2.575,1.034787244741961e-09,0.323,pre-control
100000.0,200.0,0.002,2.6,1.061292070779803e-09,0.323,pre-control
100000.0,200.0,0.002,2.625,1.0884757861142887e-09,0.323,pre-control
100000.0,200.0,0.002,2.6500000000000004,1.1163557793137235e-09,0.323,pre-control
100000.0,200.0,0.002,2.6750000000000003,1.1449498850650307e-09,0.323,pre-control
100000.0,200.0,0.002,2.7,1.1742763941188944e-09,0.323,pre-control
100000.0,200.0,0.002,2.725,1.2043540664908771e-09,0.323,pre-control
100000.0,200.0,0.002,2.75,1.2352021419225508e-09,0.323,pre-control
100000.0,200.0,0.002,2.7750000000000004,1.26684035376754e-09,0.323,pre-control
100000.0,200.0,0.002,2.8000000000000003,1.2992889399954108e-09,0.323,pre-control
100000.0,200.0,0.002,2.825,1.332568657798176e-09,0.323,pre-control
100000.0,200.0,0.002,2.85,1.3667007951651052e-09,0.323,pre-control
100000.0,200.0,0.002,2.875,1.4017071862470652e-09,0.323,pre-control
100000.0,200.0,0.002,2.9000000000000004,1.4376102235318785e-09,0.323,pre-control
100000.0,200.0,0.002,2.9250000000000003,1.4744328740058163e-09,0.323,pre-control
100000.0,200.0,0.002,2.95,1.5121986919606618e-09,0.323,pre-control
100000.0,200.0,0.002,2.975,1.5509318359937224e-09,0.323,pre-control
100000.0,200.0,0.002,3.0,1.5906570824793649e-09,0.323,pre-control
100000.0,200.0,0.002,3.0250000000000004,1.631399843451054e-09,0.323,pre-control
100000.0,200.0,0.002,3.0500000000000003,1.673186180771836e-09,0.323,pre-control
100000.0,200.0,0.002,3.075,1.7160428249441672e-09,0.323,pre-control
100000.0,200.0,0.002,3.1,1.759997190015612e-09,0.323,pre-control
100000.0,200.0,0.002,3.125,1.8050773933645903e-09,0.323,pre-control
100000.0,200.0,0.002,3.1500000000000004,1.8513122713794429e-09,0.323,pre-control
100000.0,200.0,0.002,3.1750000000000003,1.8987314002707285e-09,0.323,pre-control
100000.0,200.0,0.002,3.2,1.947365112563782e-09,0.323,pre-control
100000.0,200.0,0.002,3.225,1.9972445189908296e-09,0.323,pre-control
100000.0,200.0,0.002,3.25,2.0484015258392344e-09,0.323,pre-control
100000.0,200.0,0.002,3.2750000000000004,2.100868857979459e-09,0.323,pre-control
100000.0,200.0,0.002,3.3000000000000003,2.1546800771133984e-09,0.323,pre-control
100000.0,200.0,0.002,3.325,2.2098696059971192e-09,0.323,pre-control
100000.0,200.0,0.002,3.35,2.266472747635983e-09,0.323,pre-control
100000.0,200.0,0.002,3.375,2.324525710764145e-09,0.323,pre-control
100000.0,200.0,0.002,3.4000000000000004,2.3840656300355938e-09,0.323,pre-control
100000.0,200.0,0.002,3.4250000000000003,2.445130592825614e-09,0.323,pre-control
100000.0,200.0,0.002,3.45,2.507759660469416e-09,0.323,pre-control
100000.0,200.0,0.002,3.475,2.5719928964541567e-09,0.323,pre-control
100000.0,200.0,0.002,3.5,2.6378713887594982e-09,0.323,pre-control
100000.0,200.0,0.002,3.5250000000000004,2.7054372795123394e-09,0.323,pre-control
100000.0,200.0,0.002,3.5500000000000003,2.7747337884864792e-09,0.323,pre-control
100000.0,200.0,0.002,3.575,2.8458052442959485e-09,0.323,pre-control
100000.0,200.0,0.002,3.6,2.918697109113919e-09,0.323,pre-control
100000.0,200.0,0.002,3.625,2.993456011484455e-09,0.323,pre-control
100000.0,200.0,0.002,3.6500000000000004,3.0701297723239334e-09,0.323,pre-control
100000.0,200.0,0.002,3.6750000000000003,3.148767439435179e-09,0.323,pre-control
100000.0,200.0,0.002,3.7,3.229419314857945e-09,0.323,pre-control
100000.0,200.0,0.002,3.725,3.312136991173762e-09,0.323,pre-control
100000.0,200.0,0.002,3.75,3.3969733802754522e-09,0.323,pre-control
100000.0,200.0,0.002,3.7750000000000004,3.4839827515556164e-09,0.323,pre-control
100000.0,200.0,0.002,3.8000000000000003,3.5732207621688033e-09,0.323,pre-control
100000.0,200.0,0.002,3.825,3.664744497201365e-09,0.323,pre-control
100000.0,200.0,0.002,3.85,3.758612501503733e-09,0.323,pre-control
100000.0,200.0,0.002,3.875,3.854884821944422e-09,0.323,pre-control
100000.0,200.0,0.002,3.9000000000000004,3.953623040893895e-09,0.323,pre-control
100000.0,200.0,0.002,3.9250000000000003,4.054890320670842e-09,0.323,pre-control
100000.0,200.0,0.002,3.95,4.158751438763315e-09,0.323,pre-control
100000.0,200.0,0.002,3.975,4.265272834581048e-09,0.323,pre-control
100000.0,200.0,0.002,4.0,4.3745226465039786e-09,0.323,pre-control
100000.0,200.0,0.002,4.025,4.4865707610602555e-09,0.323,pre-control
100000.0,200.0,0.002,4.05,4.601488851896958e-09,0.323,pre-control
100000.0,200.0,0.002,4.075,4.719350431509658e-09,0.323,pre-control
100000.0,200.0,0.002,4.1000000000000005,4.840230892235066e-09,0.323,pre-control
100000.0,200.0,0.002,4.125,4.964207560664493e-09,0.323,pre-control
100000.0,200.0,0.002,4.15,5.0913597407633865e-09,0.323,pre-control
100000.0,200.0,0.002,4.175,5.221768771107917e-09,0.323,pre-control
100000.0,200.0,0.002,4.2,5.35551807024173e-09,0.323,pre-control
100000.0,200.0,0.002,4.2250000000000005,5.4926931968821674e-09,0.323,pre-control
100000.0,200.0,0.002,4.25,5.633381897630279e-09,0.323,pre-control
100000.0,200.0,0.002,4.275,5.777674170300796e-09,0.323,pre-control
100000.0,200.0,0.002,4.3,5.925662314107465e-09,0.323,pre-control
100000.0,200.0,0.002,4.325,6.077440996278834e-09,0.323,pre-control
100000.0,200.0,0.002,4.3500000000000005,6.233107304847374e-09,0.323,pre-control
100000.0,200.0,0.002,4.375,6.3927608187215155e-09,0.323,pre-control
100000.0,200.0,0.002,4.4,6.556503663213704e-09,0.323,pre-control
100000.0,200.0,0.002,4.425,6.7244405837479716e-09,0.323,pre-control
100000.0,200.0,0.002,4.45,6.896679004269018e-09,0.323,pre-control
100000.0,200.0,0.002,4.4750000000000005,7.07332910477399e-09,0.323,pre-control
100000.0,200.0,0.002,4.5,7.254503882752003e-09,0.323,pre-control
100000.0,200.0,0.002,4.525,7.440319234738616e-09,0.323,pre-control
100000.0,200.0,0.002,4.55,7.630894020942989e-09,0.323,pre-control
100000.0,200.0,0.002,4.575,7.82635015103372e-09,0.323,pre-control
100000.0,200.0,0.002,4.6000000000000005,8.026812652119091e-09,0.323,pre-control
100000.0,200.0,0.002,4.625,8.232409758983757e-09,0.323,pre-control
100000.0,200.0,0.002,4.65,8.443272985596113e-09,0.323,pre-control
100000.0,200.0,0.002,4.675,8.659537220026704e-09,0.323,pre-control
100000.0,200.0,0.002,4.7,8.881340799665691e-09,0.323,pre-control
100000.0,200.0,0.002,4.7250000000000005,9.108825611065977e-09,0.323,pre-control
100000.0,200.0,0.002,4.75,9.342137169063165e-09,0.323,pre-control
100000.0,200.0,0.002,4.775,9.58142472179898e-09,0.323,pre-control
100000.0,200.0,0.002,4.800000000000001,9.826841333946197e-09,0.323,pre-control
100000.0,200.0,0.002,4.825,1.007854399718103e-08,0.323,pre-control
100000.0,200.0,0.002,4.8500000000000005,1.033669371772615e-08,0.323,pre-control
100000.0,200.0,0.002,4.875,1.0601455632554685e-08,0.323,pre-control
100000.0,200.0,0.002,4.9,1.0872999101475317e-08,0.323,pre-control
100000.0,200.0,0.002,4.925000000000001,1.115149782936537e-08,0.323,pre-control
100000.0,200.0,0.002,4.95,1.1437129963033538e-08,0.323,pre-control
100000.0,200.0,0.002,4.9750000000000005,1.173007821979498e-08,0.323,pre-control
100000.0,200.0,0.002,5.0,1.2030529989359502e-08,0.323,pre-control
100000.0,200.0,0.002,5.025,1.2338677469077645e-08,0.323,pre-control
100000.0,200.0,0.002,5.050000000000001,1.2654717771115188e-08,0.323,pre-control
100000.0,200.0,0.002,5.075,1.2978853064716212e-08,0.323,pre-control
100000.0,200.0,0.002,5.1000000000000005,1.3311290688938313e-08,0.323,pre-control
100000.0,200.0,0.002,5.125,1.3652243302296649e-08,0.323,pre-control
100000.0,200.0,0.002,5.15,1.4001929001348323e-08,0.323,pre-control
100000.0,200.0,0.002,5.175000000000001,1.436057147810047e-08,0.323,pre-control
100000.0,200.0,0.002,5.2,1.4728400144747164e-08,0.323,pre-control
100000.0,200.0,0.002,5.2250000000000005,1.5105650299244495e-08,0.323,pre-control
100000.0,200.0,0.002,5.25,1.549256325651915e-08,0.323,pre-control
100000.0,200.0,0.002,5.275,1.5889386522634166e-08,0.323,pre-control
100000.0,200.0,0.002,5.300000000000001,1.6296373932805054e-08,0.323,pre-control
100000.0,200.0,0.002,5.325,1.671378583460181e-08,0.323,pre-control
100000.0,200.0,0.002,5.3500000000000005,1.714188923312595e-08,0.323,pre-control
100000.0,200.0,0.002,5.375,1.758095798371752e-08,0.323,pre-control
100000.0,200.0,0.002,5.4,1.803127294466448e-08,0.323,pre-control
100000.0,200.0,0.002,5.425000000000001,1.8493122179908052e-08,0.323,pre-control
100000.0,200.0,0.002,5.45,1.8966801119675075e-08,0.323,pre-control
100000.0,200.0,0.002,5.4750000000000005,1.9452612773700584e-08,0.323,pre-control
100000.0,200.0,0.002,5.5,1.9950867900194166e-08,0.323,pre-control
100000.0,200.0,0.002,5.525,2.046188523012534e-08,0.323,pre-control
100000.0,200.0,0.002,5.550000000000001,2.0985991644956437e-08,0.323,pre-control
100000.0,200.0,0.002,5.575,2.152352241256462e-08,0.323,pre-control
100000.0,200.0,0.002,5.6000000000000005,2.2074821374196336e-08,0.323,pre-control
100000.0,200.0,0.002,5.625,2.2640241192629543e-08,0.323,pre-control
100000.0,200.0,0.002,5.65,2.322014354882813e-08,0.323,pre-control
100000.0,200.0,0.002,5.675000000000001,2.381489940297965e-08,0.323,pre-control
100000.0,200.0,0.002,5.7,2.4424889201352688e-08,0.323,pre-control
100000.0,200.0,0.002,5.7250000000000005,2.5050503150878363e-08,0.323,pre-control
100000.0,200.0,0.002,5.75,2.5692141436739936e-08,0.323,pre-control
100000.0,200.0,0.002,5.775,2.6350214511200623e-08,0.323,pre-control
100000.0,200.0,0.002,5.800000000000001,2.702514332248248e-08,0.323,pre-control
100000.0,200.0,0.002,5.825,2.771735961857947e-08,0.323,pre-control
100000.0,200.0,0.002,5.8500000000000005,2.842730618801158e-08,0.323,pre-control
100000.0,200.0,0.002,5.875,2.9155437179400466e-08,0.323,pre-control
100000.0,200.0,0.002,5.9,2.990221835471482e-08,0.323,pre-control
100000.0,200.0,0.002,5.925000000000001,3.0668127425426716e-08,0.323,pre-control
100000.0,200.0,0.002,5.95,3.145365431889598e-08,0.323,pre-control
100000.0,200.0,0.002,5.9750000000000005,3.2259301531967725e-08,0.323,pre-control
100000.0,200.0,0.002,6.0,3.308558441117737e-08,0.323,pre-control
100000.0,200.0,0.002,6.025,3.39330315246941e-08,0.323,pre-control
100000.0,200.0,0.002,6.050000000000001,3.480218495706384e-08,0.323,pre-control
100000.0,200.0,0.002,6.075,3.5693600700450183e-08,0.323,pre-control
100000.0,200.0,0.002,6.1000000000000005,3.660784896466995e-08,0.323,pre-control
100000.0,200.0,0.002,6.125,3.754551458873261e-08,0.323,pre-control
100000.0,200.0,0.002,6.15,3.8507197366961634e-08,0.323,pre-control
100000.0,200.0,0.002,6.175000000000001,3.9493512481885963e-08,0.323,pre-control
100000.0,200.0,0.002,6.2,4.0505090847281386e-08,0.323,pre-control
100000.0,200.0,0.002,6.2250000000000005,4.1542579563522104e-08,0.323,pre-control
100000.0,200.0,0.002,6.25,4.2606642278419906e-08,0.323,pre-control
100000.0,200.0,0.002,6.275,4.369795966620099e-08,0.323,pre-control
100000.0,200.0,0.002,6.300000000000001,4.481722980706654e-08,0.323,pre-control
100000.0,200.0,0.002,6.325,4.59651686910203e-08,0.323,pre-control
100000.0,200.0,0.002,6.3500000000000005,4.714251061712224e-08,0.323,pre-control
100000.0,200.0,0.002,6.375,4.835000872345593e-08,0.323,pre-control
100000.0,200.0,0.002,6.4,4.9588435407096935e-08,0.323,pre-control
100000.0,200.0,0.002,6.425000000000001,5.085858288157649e-08,0.323,pre-control
100000.0,200.0,0.002,6.45,5.216126361863899e-08,0.323,pre-control
100000.0,200.0,0.002,6.4750000000000005,5.349731093462902e-08,0.323,pre-control
100000.0,200.0,0.002,6.5,5.486757945516806e-08,0.323,pre-control
100000.0,200.0,0.002,6.525,5.627294573196542e-08,0.323,pre-control
100000.0,200.0,0.002,6.550000000000001,5.771430873160366e-08,0.323,pre-control
100000.0,200.0,0.002,6.575,5.9192590484351334e-08,0.323,pre-control
100000.0,200.0,0.002,6.6000000000000005,6.070873659830851e-08,0.323,pre-control
100000.0,200.0,0.002,6.625,6.226371694188144e-08,0.323,pre-control
100000.0,200.0,0.002,6.65,6.385852618460365e-08,0.323,pre-control
100000.0,200.0,0.002,6.675000000000001,6.54941845150194e-08,0.323,pre-control
100000.0,200.0,0.002,6.7,6.717173820956394e-08,0.323,pre-control
100000.0,200.0,0.002,6.7250000000000005,6.889226038769333e-08,0.323,pre-control
100000.0,200.0,0.002,6.75,7.065685161027931e-08,0.323,pre-control
100000.0,200.0,0.002,6.775,7.246664067391778e-08,0.323,pre-control
100000.0,200.0,0.002,6.800000000000001,7.432278524036994e-08,0.323,pre-control
100000.0,200.0,0.002,6.825,7.622647267208154e-08,0.323,pre-control
100000.0,200.0,0.002,6.8500000000000005,7.817892069428181e-08,0.323,pre-control
100000.0,200.0,0.002,6.875,8.018137827385108e-08,0.323,pre-control
100000.0,200.0,0.002,6.9,8.223512631577162e-08,0.323,pre-control
100000.0,200.0,0.002,6.925000000000001,8.434147858759336e-08,0.323,pre-control
100000.0,200.0,0.002,6.95,8.650178245201787e-08,0.323,pre-control
100000.0,200.0,0.002,6.9750000000000005,8.871741983932884e-08,0.323,pre-control
100000.0,200.0,0.002,7.0,9.09898080179837e-08,0.323,pre-control
100000.0,200.0,0.002,7.025,9.332040061749668e-08,0.323,pre-control
100000.0,200.0,0.002,7.050000000000001,9.571068843901063e-08,0.323,pre-control
100000.0,200.0,0.002,7.075,9.816220053124972e-08,0.323,pre-control
100000.0,200.0,0.002,7.1000000000000005,1.0067650504314639e-07,0.323,pre-control
100000.0,200.0,0.002,7.125,1.0325521035561651e-07,0.323,pre-control
100000.0,200.0,0.002,7.15,1.0589996597842317e-07,0.323,pre-control
100000.0,200.0,0.002,7.175000000000001,1.0861246374067104e-07,0.323,pre-control
100000.0,200.0,0.002,7.2,1.1139443873420121e-07,0.323,pre-control
100000.0,200.0,0.002,7.2250000000000005,1.1424767056585235e-07,0.323,pre-control
100000.0,200.0,0.002,7.25,1.1717398434979988e-07,0.323,pre-control
100000.0,200.0,0.002,7.275,1.201752520247881e-07,0.323,pre-control
100000.0,200.0,0.002,7.300000000000001,1.2325339339795415e-07,0.323,pre-control
100000.0,200.0,0.002,7.325,1.2641037753040054e-07,0.323,pre-control
100000.0,200.0,0.002,7.3500000000000005,1.2964822383517614e-07,0.323,pre-control
100000.0,200.0,0.002,7.375,1.3296900353473432e-07,0.323,pre-control
100000.0,200.0,0.002,7.4,1.3637484081587993e-07,0.323,pre-control
100000.0,200.0,0.002,7.425000000000001,1.3986791436284353e-07,0.323,pre-control
100000.0,200.0,0.002,7.45,1.434504585721488e-07,0.323,pre-control
100000.0,200.0,0.002,7.4750000000000005,1.471247651652273e-07,0.323,pre-control
100000.0,200.0,0.002,7.5,1.5089318446631398e-07,0.323,pre-control
100000.0,200.0,0.002,7.525,1.5475812709872844e-07,0.323,pre-control
100000.0,200.0,0.002,7.550000000000001,1.587220653290701e-07,0.323,pre-control
100000.0,200.0,0.002,7.575,1.627875348515051e-07,0.323,pre-control
100000.0,200.0,0.002,7.6000000000000005,1.6695713620170194e-07,0.323,pre-control
100000.0,200.0,0.002,7.625,1.7123353663368924e-07,0.323,pre-control
100000.0,200.0,0.002,7.65,1.7561947160714927e-07,0.323,pre-control
100000.0,200.0,0.002,7.675000000000001,1.801177467616506e-07,0.323,pre-control
100000.0,200.0,0.002,7.7,1.8473123948110374e-07,0.323,pre-control
100000.0,200.0,0.002,7.7250000000000005,1.8946290097042195e-07,0.323,pre-control
100000.0,200.0,0.002,7.75,1.943157579011414e-07,0.323,pre-control
100000.0,200.0,0.002,7.775,1.9929291459582335e-07,0.323,pre-control
100000.0,200.0,0.002,7.800000000000001,2.0439755475905113e-07,0.323,pre-control
100000.0,200.0,0.002,7.825,2.096329437751614e-07,0.323,pre-control
100000.0,200.0,0.002,7.8500000000000005,2.150024305290491e-07,0.323,pre-control
100000.0,200.0,0.002,7.875,2.205094498231067e-07,0.323,pre-control
100000.0,200.0,0.002,7.9,2.2615752429249456e-07,0.323,pre-control
100000.0,200.0,0.002,7.925000000000001,2.3195026694747448e-07,0.323,pre-control
100000.0,200.0,0.002,7.95,2.3789138318804527e-07,0.323,pre-control
100000.0,200.0,0.002,7.9750000000000005,2.439846734781769e-07,0.323,pre-control
100000.0,200.0,0.002,8.0,2.502340354649651e-07,0.323,pre-control
100000.0,200.0,0.002,8.025,2.5664346679160854e-07,0.323,pre-control
100000.0,200.0,0.002,8.05,2.632170673265062e-07,0.323,pre-control
100000.0,200.0,0.002,8.075000000000001,2.6995904212217384e-07,0.323,pre-control
100000.0,200.0,0.002,8.1,2.76873703759988e-07,0.323,pre-control
100000.0,200.0,0.002,8.125,2.8396547546261495e-07,0.323,pre-control
100000.0,200.0,0.002,8.15,2.9123889356039807e-07,0.323,pre-control
100000.0,200.0,0.002,8.175,2.9869861076526153e-07,0.323,pre-control
100000.0,200.0,0.002,8.200000000000001,3.063493987650564e-07,0.323,pre-control
100000.0,200.0,0.002,8.225,3.1419615166731337e-07,0.323,pre-control
100000.0,200.0,0.002,8.25,3.222438887281856e-07,0.323,pre-control
100000.0,200.0,0.002,8.275,3.3049775797486247e-07,0.323,pre-control
100000.0,200.0,0.002,8.3,3.38963039076088e-07,0.323,pre-control
100000.0,200.0,0.002,8.325000000000001,3.4764514715250864e-07,0.323,pre-control
100000.0,200.0,0.002,8.35,3.565496357961107e-07,0.323,pre-control
100000.0,200.0,0.002,8.375,3.6568220107825104e-07,0.323,pre-control
100000.0,200.0,0.002,8.4,3.750486847257374e-07,0.323,pre-control
100000.0,200.0,0.002,8.425,3.8465507833679485e-07,0.323,pre-control
100000.0,200.0,0.002,8.450000000000001,3.9450752672192097e-07,0.323,pre-control
100000.0,200.0,0.002,8.475,4.0461233233857184e-07,0.323,pre-control
100000.0,200.0,0.002,8.5,4.149759588053398e-07,0.323,pre-control
100000.0,200.0,0.002,8.525,4.2560503556670416e-07,0.323,pre-control
100000.0,200.0,0.002,8.55,4.3650636158951965e-07,0.323,pre-control
100000.0,200.0,0.002,8.575000000000001,4.4768691026977334e-07,0.323,pre-control
100000.0,200.0,0.002,8.6,4.5915383332083693e-07,0.323,pre-control
100000.0,200.0,0.002,8.625,4.70914465934785e-07,0.323,pre-control
100000.0,200.0,0.002,8.65,4.829763308723567e-07,0.323,pre-control
100000.0,200.0,0.002,8.675,4.953471438920369e-07,0.323,pre-control
100000.0,200.0,0.002,8.700000000000001,5.080348180521995e-07,0.323,pre-control
100000.0,200.0,0.002,8.725,5.210474694218359e-07,0.323,pre-control
100000.0,200.0,0.002,8.75,5.34393421605886e-07,0.323,pre-control
100000.0,200.0,0.002,8.775,5.480812117522253e-07,0.323,pre-control
100000.0,200.0,0.002,8.8,5.621195953117552e-07,0.323,pre-control
100000.0,200.0,0.002,8.825000000000001,5.765175523570237e-07,0.323,pre-control
100000.0,200.0,0.002,8.85,5.912842925892495e-07,0.323,pre-control
100000.0,200.0,0.002,8.875,6.06429261984742e-07,0.323,pre-control
100000.0,200.0,0.002,8.9,6.219621480616649e-07,0.323,pre-control
100000.0,200.0,0.002,8.925,6.378928868712546e-07,0.323,pre-control
100000.0,200.0,0.002,8.950000000000001,6.542316685378072e-07,0.323,pre-control
100000.0,200.0,0.002,8.975,6.709889446125729e-07,0.323,pre-control
100000.0,200.0,0.002,9.0,6.881754339011398e-07,0.323,pre-control
100000.0,200.0,0.002,9.025,7.058021301988156e-07,0.323,pre-control
100000.0,200.0,0.002,9.05,7.238803084203069e-07,0.323,pre-control
100000.0,200.0,0.002,9.075000000000001,7.424215327363901e-07,0.323,pre-control
100000.0,200.0,0.002,9.1,7.614376630215579e-07,0.323,pre-control
100000.0,200.0,0.002,9.125,7.809408634127932e-07,0.323,pre-control
100000.0,200.0,0.002,9.15,8.009436090916746e-07,0.323,pre-control
100000.0,200.0,0.002,9.175,8.214586952871401e-07,0.323,pre-control
100000.0,200.0,0.002,9.200000000000001,8.424992444094118e-07,0.323,pre-control
100000.0,200.0,0.002,9.225,8.640787155197692e-07,0.323,pre-control
100000.0,200.0,0.002,9.25,8.862109118345413e-07,0.323,pre-control
100000.0,200.0,0.002,9.275,9.08909990686112e-07,0.323,pre-control
100000.0,200.0,0.002,9.3,9.32190471416162e-07,0.323,pre-control
100000.0,200.0,0.002,9.325000000000001,9.560672458533998e-07,0.323,pre-control
100000.0,200.0,0.002,9.35,9.805555866162338e-07,0.323,pre-control
100000.0,200.0,0.002,9.375,1.0056711581340287e-06,0.323,pre-control
100000.0,200.0,0.002,9.4,1.0314300253804387e-06,0.323,pre-control
100000.0,200.0,0.002,9.425,1.0578486654663694e-06,0.323,pre-control
100000.0,200.0,0.002,9.450000000000001,1.0849439768263256e-06,0.323,pre-control
100000.0,200.0,0.002,9.475,1.1127332914127176e-06,0.323,pre-control
100000.0,200.0,0.002,9.5,1.1412343843587142e-06,0.323,pre-control
100000.0,200.0,0.002,9.525,1.1704654868050828e-06,0.323,pre-control
100000.0,200.0,0.002,9.55,1.2004452960642468e-06,0.323,pre-control
100000.0,200.0,0.002,9.575000000000001,1.2311929891124775e-06,0.323,pre-control
100000.0,200.0,0.002,9.600000000000001,1.2627282332811425e-06,0.323,pre-control
100000.0,200.0,0.002,9.625,1.2950712004487443e-06,0.323,pre-control
100000.0,200.0,0.002,9.65,1.3282425782867066e-06,0.323,pre-control
100000.0,200.0,0.002,9.675,1.3622635851875441e-06,0.323,pre-control
100000.0,200.0,0.002,9.700000000000001,1.3971559820939333e-06,0.323,pre-control
100000.0,200.0,0.002,9.725000000000001,1.4329420882012051e-06,0.323,pre-control
100000.0,200.0,0.002,9.75,1.469644793399933e-06,0.323,pre-control
100000.0,200.0,0.002,9.775,1.5072875747929007e-06,0.323,pre-control
100000.0,200.0,0.002,9.8,1.5458945097830159e-06,0.323,pre-control
100000.0,200.0,0.002,9.825000000000001,1.585490293446975e-06,0.323,pre-control
100000.0,200.0,0.002,9.850000000000001,1.6261002523019815e-06,0.323,pre-control
100000.0,200.0,0.002,9.875,1.6677503625805183e-06,0.323,pre-control
100000.0,200.0,0.002,9.9,1.710467264711065e-06,0.323,pre-control
100000.0,200.0,0.002,9.925,1.7542782825406921e-06,0.323,pre-control
100000.0,200.0,0.002,9.950000000000001,1.7992114385667852e-06,0.323,pre-control
100000.0,200.0,0.002,9.975000000000001,1.8452954741566293e-06,0.323,pre-control
100000.0,200.0,0.002,10.0,1.8925598655690533e-06,0.323,pre-control
100000.0,200.0,0.002,10.025,1.9410348452227025e-06,0.323,pre-control
100000.0,200.0,0.002,10.05,1.990751418548543e-06,0.323,pre-control
100000.0,200.0,0.002,10.075000000000001,2.041741386361174e-06,0.323,pre-control
100000.0,200.0,0.002,10.100000000000001,2.0940373625852985e-06,0.323,pre-control
100000.0,200.0,0.002,10.125,2.147672797787239e-06,0.323,pre-control
100000.0,200.0,0.002,10.15,2.202681997820671e-06,0.323,pre-control
100000.0,200.0,0.002,10.175,2.2591001485784886e-06,0.323,pre-control
100000.0,200.0,0.002,10.200000000000001,2.3169633356054296e-06,0.323,pre-control
100000.0,200.0,0.002,10.225000000000001,2.3763085701335826e-06,0.323,pre-control
100000.0,200.0,0.002,10.25,2.4371738097120005e-06,0.323,pre-control
100000.0,200.0,0.002,10.275,2.499597985592384e-06,0.323,pre-control
100000.0,200.0,0.002,10.3,2.5636210244283873e-06,0.323,pre-control
100000.0,200.0,0.002,10.325000000000001,2.629283877081441e-06,0.323,pre-control
100000.0,200.0,0.002,10.350000000000001,2.696628541445221e-06,0.323,pre-control
100000.0,200.0,0.002,10.375,2.7656980927451975e-06,0.323,pre-control
100000.0,200.0,0.002,10.4,2.836536707546571e-06,0.323,pre-control
100000.0,200.0,0.002,10.425,2.909189695624958e-06,0.323,pre-control
100000.0,200.0,0.002,10.450000000000001,2.9837035252190943e-06,0.323,pre-control
100000.0,200.0,0.002,10.475000000000001,3.060125856554127e-06,0.323,pre-control
100000.0,200.0,0.002,10.5,3.138505568403549e-06,0.323,pre-control
100000.0,200.0,0.002,10.525,3.2188927933507384e-06,0.323,pre-control
100000.0,200.0,0.002,10.55,3.3013389457279526e-06,0.323,pre-control
100000.0,200.0,0.002,10.575000000000001,3.385896758706158e-06,0.323,pre-control
100000.0,200.0,0.002,10.600000000000001,3.472620313682473e-06,0.323,pre-control
100000.0,200.0,0.002,10.625,3.5615650792929874e-06,0.323,pre-control
100000.0,200.0,0.002,10.65,3.6527879423236874e-06,0.323,pre-control
100000.0,200.0,0.002,10.675,3.746347248745897e-06,0.323,pre-control
100000.0,200.0,0.002,10.700000000000001,3.84230283622955e-06,0.323,pre-control
100000.0,200.0,0.002,10.725000000000001,3.940716077306109e-06,0.323,pre-control
100000.0,200.0,0.002,10.75,4.041649913567136e-06,0.323,pre-control
100000.0,200.0,0.002,10.775,4.145168901064896e-06,0.323,pre-control
100000.0,200.0,0.002,10.8,4.251339246283502e-06,0.323,pre-control
100000.0,200.0,0.002,10.825000000000001,4.360228853893064e-06,0.323,pre-control
100000.0,200.0,0.002,10.850000000000001,4.471907364585274e-06,0.323,pre-control
100000.0,200.0,0.002,10.875,4.586446205302963e-06,0.323,pre-control
100000.0,200.0,0.002,10.9,4.703918629036646e-06,0.323,pre-control
100000.0,200.0,0.002,10.925,4.824399767657689e-06,0.323,pre-control
100000.0,200.0,0.002,10.950000000000001,4.947966673777296e-06,0.323,pre-control
100000.0,200.0,0.002,10.975000000000001,5.0746983763181845e-06,0.323,pre-control
100000.0,200.0,0.002,11.0,5.204675924542725e-06,0.323,pre-control
100000.0,200.0,0.002,11.025,5.337982446504937e-06,0.323,pre-control
100000.0,200.0,0.002,11.05,5.47470319536004e-06,0.323,pre-control
100000.0,200.0,0.002,11.075000000000001,5.614925610845836e-06,0.323,pre-control
100000.0,200.0,0.002,11.100000000000001,5.758739367991842e-06,0.323,pre-control
100000.0,200.0,0.002,11.125,5.906236441786828e-06,0.323,pre-control
100000.0,200.0,0.002,11.15,6.057511158411696e-06,0.323,pre-control
100000.0,200.0,0.002,11.175,6.212660263258089e-06,0.323,pre-control
100000.0,200.0,0.002,11.200000000000001,6.371782974815522e-06,0.323,pre-control
100000.0,200.0,0.002,11.225000000000001,6.53498105621462e-06,0.323,pre-control
100000.0,200.0,0.002,11.25,6.702358871905734e-06,0.323,pre-control
100000.0,200.0,0.002,11.275,6.874023462909202e-06,0.323,pre-control
100000.0,200.0,0.002,11.3,7.050084606429824e-06,0.323,pre-control
100000.0,200.0,0.002,11.325000000000001,7.230654895005892e-06,0.323,pre-control
100000.0,200.0,0.002,11.350000000000001,7.415849799211461e-06,0.323,pre-control
100000.0,200.0,0.002,11.375,7.605787750905787e-06,0.323,pre-control
100000.0,200.0,0.002,11.4,7.800590209183034e-06,0.323,pre-control
100000.0,200.0,0.002,11.425,8.00038174793421e-06,0.323,pre-control
100000.0,200.0,0.002,11.450000000000001,8.205290125212132e-06,0.323,pre-control
100000.0,200.0,0.002,11.475000000000001,8.415446375329011e-06,0.323,pre-control
100000.0,200.0,0.002,11.5,8.630984881813115e-06,0.323,pre-control
100000.0,200.0,0.002,11.525,8.852043474276546e-06,0.323,pre-control
100000.0,200.0,0.002,11.55,9.078763505149185e-06,0.323,pre-control
100000.0,200.0,0.002,11.575000000000001,9.311289951563206e-06,0.323,pre-control
100000.0,200.0,0.002,11.600000000000001,9.549771496059587e-06,0.323,pre-control
100000.0,200.0,0.002,11.625,9.794360633748614e-06,0.323,pre-control
100000.0,200.0,0.002,11.65,1.0045213757194126e-05,0.323,pre-control
100000.0,200.0,0.002,11.675,1.0302491269122688e-05,0.323,pre-control
100000.0,200.0,0.002,11.700000000000001,1.0566357671701198e-05,0.323,pre-control
100000.0,200.0,0.002,11.725000000000001,1.0836981685081585e-05,0.323,pre-control
100000.0,200.0,0.002,11.75,1.1114536341298535e-05,0.323,pre-control
100000.0,200.0,0.002,11.775,1.1399199108951158e-05,0.323,pre-control
100000.0,200.0,0.002,11.8,1.1691151991959246e-05,0.323,pre-control
100000.0,200.0,0.002,11.825000000000001,1.1990581660698795e-05,0.323,pre-control
100000.0,200.0,0.002,11.850000000000001,1.2297679555867693e-05,0.323,pre-control
100000.0,200.0,0.002,11.875,1.2612642026408197e-05,0.323,pre-control
100000.0,200.0,0.002,11.9,1.2935670438745635e-05,0.323,pre-control
100000.0,200.0,0.002,11.925,1.3266971321848196e-05,0.323,pre-control
100000.0,200.0,0.002,11.950000000000001,1.360675648211557e-05,0.323,pre-control
100000.0,200.0,0.002,11.975000000000001,1.395524315594463e-05,0.323,pre-control
100000.0,200.0,0.002,12.0,1.4312654130559162e-05,0.323,pre-control
100000.0,200.0,0.002,12.025,1.4679217904468696e-05,0.323,pre-control
100000.0,200.0,0.002,12.05,1.5055168814545446e-05,0.323,pre-control
100000.0,200.0,0.002,12.075000000000001,1.5440747204758568e-05,0.323,pre-control
100000.0,200.0,0.002,12.100000000000001,1.58361995599433e-05,0.323,pre-control
100000.0,200.0,0.002,12.125,1.624177868292962e-05,0.323,pre-control
100000.0,200.0,0.002,12.15,1.6657743835914602e-05,0.323,pre-control
100000.0,200.0,0.002,12.175,1.7084360925594615e-05,0.323,pre-control
100000.0,200.0,0.002,12.200000000000001,1.752190265346754e-05,0.323,pre-control
100000.0,200.0,0.002,12.225000000000001,1.797064870843122e-05,0.323,pre-control
100000.0,200.0,0.002,12.25,1.8430885927548856e-05,0.323,pre-control
100000.0,200.0,0.002,12.275,1.8902908495153394e-05,0.323,pre-control
100000.0,200.0,0.002,12.3,1.9387018116269406e-05,0.323,pre-control
100000.0,200.0,0.002,12.325000000000001,1.988352422063979e-05,0.323,pre-control
100000.0,200.0,0.002,12.350000000000001,2.0392744151534163e-05,0.323,pre-control
100000.0,200.0,0.002,12.375,2.091500337287219e-05,0.323,pre-control
100000.0,200.0,0.002,12.4,2.1450635676079862e-05,0.323,pre-control
100000.0,200.0,0.002,12.425,2.1999983389052735e-05,0.323,pre-control
100000.0,200.0,0.002,12.450000000000001,2.2563397602686937e-05,0.323,pre-control
100000.0,200.0,0.002,12.475000000000001,2.3141238382044184e-05,0.323,pre-control
100000.0,200.0,0.002,12.5,2.3733875012132007e-05,0.323,pre-control
100000.0,200.0,0.002,12.525,2.43416862140925e-05,0.323,pre-control
100000.0,200.0,0.002,12.55,2.4965060407284768e-05,0.323,pre-control
100000.0,200.0,0.002,12.575000000000001,2.560439593579228e-05,0.323,pre-control
100000.0,200.0,0.002,12.600000000000001,2.6260101341623684e-05,0.323,pre-control
100000.0,200.0,0.002,12.625,2.6932595609027738e-05,0.323,pre-control
100000.0,200.0,0.002,12.65,2.762230844135794e-05,0.323,pre-control
100000.0,200.0,0.002,12.675,2.832968053243017e-05,0.323,pre-control
100000.0,200.0,0.002,12.700000000000001,2.9055163841290618e-05,0.323,pre-control
100000.0,200.0,0.002,12.725000000000001,2.9799221892959594e-05,0.323,pre-control
100000.0,200.0,0.002,12.75,3.0562330055567746e-05,0.323,pre-control
100000.0,200.0,0.002,12.775,3.134497586292714e-05,0.323,pre-control
100000.0,200.0,0.002,12.8,3.2147659306419276e-05,0.323,pre-control
100000.0,200.0,0.002,12.825000000000001,3.297089316569245e-05,0.323,pre-control
100000.0,200.0,0.002,12.850000000000001,3.3815203331528326e-05,0.323,pre-control
100000.0,200.0,0.002,12.875,3.468112913394716e-05,0.323,pre-control
100000.0,200.0,0.002,12.9,3.556922369976217e-05,0.323,pre-control
100000.0,200.0,0.002,12.925,3.6480054286108916e-05,0.323,pre-control
100000.0,200.0,0.002,12.950000000000001,3.741420265768551e-05,0.323,pre-control
100000.0,200.0,0.002,12.975000000000001,3.83722654469879e-05,0.323,pre-control
100000.0,200.0,0.002,13.0,3.9354854532949646e-05,0.323,pre-control
100000.0,200.0,0.002,13.025,4.0362597440793625e-05,0.323,pre-control
100000.0,200.0,0.002,13.05,4.139613772421638e-05,0.323,pre-control
100000.0,200.0,0.002,13.075000000000001,4.245613538954125e-05,0.323,pre-control
100000.0,200.0,0.002,13.100000000000001,4.3543267307468064e-05,0.323,pre-control
100000.0,200.0,0.002,13.125,4.465822763945932e-05,0.323,pre-control
100000.0,200.0,0.002,13.15,4.58017282918783e-05,0.323,pre-control
100000.0,200.0,0.002,13.175,4.6974499351810154e-05,0.323,pre-control
100000.0,200.0,0.002,13.200000000000001,4.817728956053027e-05,0.323,pre-control
100000.0,200.0,0.002,13.225000000000001,4.941086679037376e-05,0.323,pre-control
100000.0,200.0,0.002,13.25,5.067601852051821e-05,0.323,pre-control
100000.0,200.0,0.002,13.275,5.197355235057641e-05,0.323,pre-control
100000.0,200.0,0.002,13.3,5.3304296505025613e-05,0.323,pre-control
100000.0,200.0,0.002,13.325000000000001,5.466910035503057e-05,0.323,pre-control
100000.0,200.0,0.002,13.350000000000001,5.606883496952318e-05,0.323,pre-control
100000.0,200.0,0.002,13.375,5.7504393654742196e-05,0.323,pre-control
100000.0,200.0,0.002,13.4,5.89766925232105e-05,0.323,pre-control
100000.0,200.0,0.002,13.425,6.048667108339535e-05,0.323,pre-control
100000.0,200.0,0.002,13.450000000000001,6.203529282158005e-05,0.323,pre-control
100000.0,200.0,0.002,13.475000000000001,6.362354581748328e-05,0.323,pre-control
100000.0,200.0,0.002,13.5,6.525244337684878e-05,0.323,pre-control
100000.0,200.0,0.002,13.525,6.692302466036855e-05,0.323,pre-control
100000.0,200.0,0.002,13.55,6.863635534679618e-05,0.323,pre-control
100000.0,200.0,0.002,13.575000000000001,7.039352831373137e-05,0.323,pre-control
100000.0,200.0,0.002,13.600000000000001,7.219566431709364e-05,0.323,pre-control
100000.0,200.0,0.002,13.625,7.40439127040549e-05,0.323,pre-control
100000.0,200.0,0.002,13.65,7.593945214661226e-05,0.323,pre-control
100000.0,200.0,0.002,13.675,7.788349137619684e-05,0.323,pre-control
100000.0,200.0,0.002,13.700000000000001,7.987726994892337e-05,0.323,pre-control
100000.0,200.0,0.002,13.725000000000001,8.19220590355494e-05,0.323,pre-control
100000.0,200.0,0.002,13.75,8.40191622177671e-05,0.323,pre-control
100000.0,200.0,0.002,13.775,8.616991630820574e-05,0.323,pre-control
100000.0,200.0,0.002,13.8,8.837569219977682e-05,0.323,pre-control
100000.0,200.0,0.002,13.825000000000001,9.063789573055243e-05,0.323,pre-control
100000.0,200.0,0.002,13.850000000000001,9.29579685625538e-05,0.323,pre-control
100000.0,200.0,0.002,13.875,9.533738909408136e-05,0.323,pre-control
100000.0,200.0,0.002,13.9,9.77776733959097e-05,0.323,pre-control
100000.0,200.0,0.002,13.925,0.00010028037615903722,0.323,pre-control
100000.0,200.0,0.002,13.950000000000001,0.00010284709167277086,0.323,pre-control
100000.0,200.0,0.002,13.975000000000001,0.00010547945483134455,0.323,pre-control
100000.0,200.0,0.002,14.0,0.00010817914216424893,0.323,pre-control
100000.0,200.0,0.002,14.025,0.0001109478728826315,0.323,pre-control
100000.0,200.0,0.002,14.05,0.00011378740996200148,0.323,pre-control
100000.0,200.0,0.002,14.075000000000001,0.00011669956125209631,0.323,pre-control
100000.0,200.0,0.002,14.100000000000001,0.00011968618061215108,0.323,pre-control
100000.0,200.0,0.002,14.125,0.0001227491690680448,0.323,pre-control
100000.0,200.0,0.002,14.15,0.0001258904760069213,0.323,pre-control
100000.0,200.0,0.002,14.175,0.00012911210040083483,0.323,pre-control
100000.0,200.0,0.002,14.200000000000001,0.00013241609206001911,0.323,pre-control
100000.0,200.0,0.002,14.225000000000001,0.00013580455291057773,0.323,pre-control
100000.0,200.0,0.002,14.25,0.00013927963831181288,0.323,pre-control
100000.0,200.0,0.002,14.275,0.00014284355840491207,0.323,pre-control
100000.0,200.0,0.002,14.3,0.0001464985794963198,0.323,pre-control
100000.0,200.0,0.002,14.325000000000001,0.00015024702546956615,0.323,pre-control
100000.0,200.0,0.002,14.350000000000001,0.00015409127923542493,0.323,pre-control
100000.0,200.0,0.002,14.375,0.0001580337842192459,0.323,pre-control
100000.0,200.0,0.002,14.4,0.0001620770458853739,0.323,pre-control
100000.0,200.0,0.002,14.425,0.00016622363329884716,0.323,pre-control
100000.0,200.0,0.002,14.450000000000001,0.00017047618072101094,0.323,pre-control
100000.0,200.0,0.002,14.475000000000001,0.00017483738924939588,0.323,pre-control
100000.0,200.0,0.002,14.5,0.00017931002849696373,0.323,pre-control
100000.0,200.0,0.002,14.525,0.0001838969383133516,0.323,pre-control
100000.0,200.0,0.002,14.55,0.0001886010305483436,0.323,pre-control
100000.0,200.0,0.002,14.575000000000001,0.00019342529085574262,0.323,pre-control
100000.0,200.0,0.002,14.600000000000001,0.00019837278054317628,0.323,pre-control
100000.0,200.0,0.002,14.625,0.00020344663846844758,0.323,pre-control
100000.0,200.0,0.002,14.65,0.00020865008298147163,0.323,pre-control
100000.0,200.0,0.002,14.675,0.0002139864139141578,0.323,pre-control
100000.0,200.0,0.002,14.700000000000001,0.00021945901461863253,0.323,pre-control
100000.0,200.0,0.002,14.725000000000001,0.000225071354053353,0.323,pre-control
100000.0,200.0,0.002,14.75,0.00023082698892116116,0.323,pre-control
100000.0,200.0,0.002,14.775,0.0002367295658604192,0.323,pre-control
100000.0,200.0,0.002,14.8,0.00024278282368822075,0.323,pre-control
100000.0,200.0,0.002,14.825000000000001,0.0002489905956985005,0.323,pre-control
100000.0,200.0,0.002,14.850000000000001,0.00025535681201563305,0.323,pre-control
100000.0,200.0,0.002,14.875,0.0002618855020048007,0.323,pre-control
100000.0,200.0,0.002,14.9,0.00026858079673989843,0.323,pre-control
100000.0,200.0,0.002,14.925,0.00027544693153065144,0.323,pre-control
100000.0,200.0,0.002,14.950000000000001,0.0002824882485123786,0.323,pre-control
100000.0,200.0,0.002,14.975000000000001,0.00028970919929631385,0.323,pre-control
100000.0,200.0,0.002,15.0,0.00029711434768398047,0.323,pre-control
100000.0,200.0,0.002,15.025,0.0003047083724464433,0.323,pre-control
100000.0,200.0,0.002,15.05,0.000312496070169851,0.323,pre-control
100000.0,200.0,0.002,15.075000000000001,0.0003204823581687385,0.323,pre-control
100000.0,200.0,0.002,15.100000000000001,0.00032867227746856756,0.323,pre-control
100000.0,200.0,0.002,15.125,0.00033707099585901024,0.323,pre-control
100000.0,200.0,0.002,15.15,0.0003456838110191268,0.323,pre-control
100000.0,200.0,0.002,15.175,0.0003545161537170655,0.323,pre-control
100000.0,200.0,0.002,15.200000000000001,0.0003635735910851181,0.323,pre-control
100000.0,200.0,0.002,15.225000000000001,0.0003728618299714006,0.323,pre-control
100000.0,200.0,0.002,15.25,0.0003823867203703544,0.323,pre-control
100000.0,200.0,0.002,15.275,0.00039215425893351897,0.323,pre-control
100000.0,200.0,0.002,15.3,0.000402170592562234,0.323,pre-control
100000.0,200.0,0.002,15.325000000000001,0.0004124420220839838,0.323,pre-control
100000.0,200.0,0.002,15.350000000000001,0.00042297500601408926,0.323,pre-control
100000.0,200.0,0.002,15.375,0.00043377616440449233,0.323,pre-control
100000.0,200.0,0.002,15.4,0.000444852282781397,0.323,pre-control
100000.0,200.0,0.002,15.425,0.00045621031617354055,0.323,pre-control
100000.0,200.0,0.002,15.450000000000001,0.0004678573932329099,0.323,pre-control
100000.0,200.0,0.002,15.475000000000001,0.00047980082044971897,0.323,pre-control
100000.0,200.0,0.002,15.5,0.000492048086463491,0.323,pre-control
100000.0,200.0,0.002,15.525,0.0005046068664721117,0.323,pre-control
100000.0,200.0,0.002,15.55,0.0005174850267407195,0.323,pre-control
100000.0,200.0,0.002,15.575000000000001,0.000530690629212345,0.323,pre-control
100000.0,200.0,0.002,15.600000000000001,0.0005442319362221977,0.323,pre-control
100000.0,200.0,0.002,15.625,0.0005581174153175297,0.323,pre-control
100000.0,200.0,0.002,15.65,0.0005723557441850185,0.323,pre-control
100000.0,200.0,0.002,15.675,0.0005869558156876064,0.323,pre-control
100000.0,200.0,0.002,15.700000000000001,0.0006019267430127737,0.323,pre-control
100000.0,200.0,0.002,15.725000000000001,0.0006172778649342004,0.323,pre-control
100000.0,200.0,0.002,15.75,0.0006330187511887968,0.323,pre-control
100000.0,200.0,0.002,15.775,0.0006491592079710882,0.323,pre-control
100000.0,200.0,0.002,15.8,0.0006657092835469178,0.323,pre-control
100000.0,200.0,0.002,15.825000000000001,0.0006826792739884756,0.323,pre-control
100000.0,200.0,0.002,15.850000000000001,0.0007000797290326126,0.323,pre-control
100000.0,200.0,0.002,15.875,0.0007179214580644263,0.323,pre-control
100000.0,200.0,0.002,15.9,0.0007362155362280878,0.323,pre-control
100000.0,200.0,0.002,15.925,0.0007549733106668496,0.323,pre-control
100000.0,200.0,0.002,15.950000000000001,0.0007742064068942062,0.323,pre-control
100000.0,200.0,0.002,15.975000000000001,0.0007939267352981078,0.323,pre-control
100000.0,200.0,0.002,16.0,0.000814146497780146,0.323,pre-control
100000.0,200.0,0.002,16.025000000000002,0.0008348781945315953,0.323,pre-control
100000.0,200.0,0.002,16.05,0.0008561346309481321,0.323,pre-control
100000.0,200.0,0.002,16.075,0.0008779289246851076,0.323,pre-control
100000.0,200.0,0.002,16.1,0.0009002745128550906,0.323,pre-control
100000.0,200.0,0.002,16.125,0.0009231851593697193,0.323,pre-control
100000.0,200.0,0.002,16.150000000000002,0.0009466749624266453,0.323,pre-control
100000.0,200.0,0.002,16.175,0.0009707583621442431,0.323,pre-control
100000.0,200.0,0.002,16.2,0.0009954501483456946,0.323,pre-control
100000.0,200.0,0.002,16.225,0.0010207654684932046,0.323,pre-control
100000.0,200.0,0.002,16.25,0.0010467198357741322,0.323,pre-control
100000.0,200.0,0.002,16.275000000000002,0.0010733291373404325,0.323,pre-control
100000.0,200.0,0.002,16.3,0.0011006096427025951,0.323,pre-control
100000.0,200.0,0.002,16.325,0.0011285780122793668,0.323,pre-control
100000.0,200.0,0.002,16.35,0.0011572513061042923,0.323,pre-control
100000.0,200.0,0.002,16.375,0.001186646992690546,0.323,pre-control
100000.0,200.0,0.002,16.400000000000002,0.0012167829580528148,0.323,pre-control
100000.0,200.0,0.002,16.425,0.0012476775148909163,0.323,pre-control
100000.0,200.0,0.002,16.45,0.001279349411932828,0.323,pre-control
100000.0,200.0,0.002,16.475,0.0013118178434376646,0.323,pre-control
100000.0,200.0,0.002,16.5,0.0013451024588593233,0.323,pre-control
100000.0,200.0,0.002,16.525000000000002,0.0013792233726709485,0.323,pre-control
100000.0,200.0,0.002,16.55,0.0014142011743506697,0.323,pre-control
100000.0,200.0,0.002,16.575,0.0014500569385264067,0.323,pre-control
100000.0,200.0,0.002,16.6,0.0014868122352826826,0.323,pre-control
100000.0,200.0,0.002,16.625,0.001524489140627466,0.323,pre-control
100000.0,200.0,0.002,16.650000000000002,0.0015631102471158234,0.323,pre-control
100000.0,200.0,0.002,16.675,0.001602698674630573,0.323,pre-control
100000.0,200.0,0.002,16.7,0.0016432780813192464,0.323,pre-control
100000.0,200.0,0.002,16.725,0.0016848726746839233,0.323,pre-control
100000.0,200.0,0.002,16.75,0.001727507222824766,0.323,pre-control
100000.0,200.0,0.002,16.775000000000002,0.001771207065835223,0.323,pre-control
100000.0,200.0,0.002,16.8,0.0018159981273410401,0.323,pre-control
100000.0,200.0,0.002,16.825,0.0018619069261831245,0.323,pre-control
100000.0,200.0,0.002,16.85,0.0019089605882411903,0.323,pre-control
100000.0,200.0,0.002,16.875,0.0019571868583924523,0.323,pre-control
100000.0,200.0,0.002,16.896690032843228,0.002,0.323,threshold-control
100000.0,200.0,0.002,17.0,0.002,0.8450018683583614,threshold-control
100000.0,200.0,0.002,18.0,0.002,0.8415003027938139,threshold-control
100000.0,200.0,0.002,19.0,0.002,0.8379321874067469,threshold-control
100000.0,200.0,0.002,20.0,0.002,0.8342968259262529,threshold-control
100000.0,200.0,0.002,21.0,0.002,0.830593541101958,threshold-control
100000.0,200.0,0.002,22.0,0.002,0.8268216761025482,threshold-control
100000.0,200.0,0.002,23.0,0.002,0.8229805959438795,threshold-control
100000.0,200.0,0.002,24.0,0.002,0.8190696889450533,threshold-control
100000.0,200.0,0.002,25.0,0.002,0.8150883682106602,threshold-control
100000.0,200.0,0.002,26.0,0.002,0.811036073137217,threshold-control
100000.0,200.0,0.002,27.0,0.002,0.8069122709416339,threshold-control
100000.0,200.0,0.002,28.0,0.002,0.8027164582093655,threshold-control
100000.0,200.0,0.002,29.0,0.002,0.7984481624597026,threshold-control
100000.0,200.0,0.002,30.0,0.002,0.7941069437254724,threshold-control
100000.0,200.0,0.002,31.0,0.002,0.7896923961442186,threshold-control
100000.0,200.0,0.002,32.0,0.002,0.7852041495577369,threshold-control
100000.0,200.0,0.002,33.0,0.002,0.7806418711166502,threshold-control
100000.0,200.0,0.002,34.0,0.002,0.7760052668865091,threshold-control
100000.0,200.0,0.002,35.0,0.002,0.7712940834517191,threshold-control
100000.0,200.0,0.002,36.0,0.002,0.7665081095134031,threshold-control
100000.0,200.0,0.002,37.0,0.002,0.7616471774771293,threshold-control
100000.0,200.0,0.002,38.0,0.002,0.7567111650262587,threshold-control
100000.0,200.0,0.002,39.0,0.002,0.7516999966764946,threshold-control
100000.0,200.0,0.002,40.0,0.002,0.7466136453070608,threshold-control
100000.0,200.0,0.002,41.0,0.002,0.741452133663782,threshold-control
100000.0,200.0,0.002,42.0,0.002,0.7362155358292057,threshold-control
100000.0,200.0,0.002,43.0,0.002,0.7309039786547737,threshold-control
100000.0,200.0,0.002,44.0,0.002,0.725517643149949,threshold-control
100000.0,200.0,0.002,45.0,0.002,0.7200567658231001,threshold-control
100000.0,200.0,0.002,46.0,0.002,0.7145216399688744,threshold-control
100000.0,200.0,0.002,47.0,0.002,0.7089126168967297,threshold-control
100000.0,200.0,0.002,48.0,0.002,0.7032301070952541,threshold-control
100000.0,200.0,0.002,49.0,0.002,0.6974745813268912,threshold-control
100000.0,200.0,0.002,50.0,0.002,0.6916465716476866,threshold-control
100000.0,200.0,0.002,51.0,0.002,0.6857466723467067,threshold-control
100000.0,200.0,0.002,52.0,0.002,0.6797755407998332,threshold-control
100000.0,200.0,0.002,53.0,0.002,0.6737338982327161,threshold-control
100000.0,200.0,0.002,54.0,0.002,0.6676225303877759,threshold-control
100000.0,200.0,0.002,55.0,0.002,0.661442288090281,threshold-control
100000.0,200.0,0.002,56.0,0.002,0.6551940877086906,threshold-control
100000.0,200.0,0.002,57.0,0.002,0.6488789115046395,threshold-control
100000.0,200.0,0.002,58.0,0.002,0.642497807868171,threshold-control
100000.0,200.0,0.002,59.0,0.002,0.6360518914340649,threshold-control
100000.0,200.0,0.002,60.0,0.002,0.6295423430753909,threshold-control
100000.0,200.0,0.002,61.0,0.002,0.6229704097707229,threshold-control
100000.0,200.0,0.002,62.0,0.002,0.616337404341786,threshold-control
100000.0,200.0,0.002,63.0,0.002,0.6096447050586664,threshold-control
100000.0,200.0,0.002,64.0,0.002,0.602893755110109,threshold-control
100000.0,200.0,0.002,65.0,0.002,0.5960860619368307,threshold-control
100000.0,200.0,0.002,66.0,0.002,0.5892231964262252,threshold-control
100000.0,200.0,0.002,67.0,0.002,0.5823067919672832,threshold-control
100000.0,200.0,0.002,68.0,0.002,0.575338543365037,threshold-control
100000.0,200.0,0.002,69.0,0.002,0.5683202056143297,threshold-control
100000.0,200.0,0.002,70.0,0.002,0.561253592533222,threshold-control
100000.0,200.0,0.002,71.0,0.002,0.5541405752568749,threshold-control
100000.0,200.0,0.002,72.0,0.002,0.5469830805932752,threshold-control
100000.0,200.0,0.002,73.0,0.002,0.5397830892427206,threshold-control
100000.0,200.0,0.002,74.0,0.002,0.532542633883516,threshold-control
100000.0,200.0,0.002,75.0,0.002,0.525263797126889,threshold-control
100000.0,200.0,0.002,76.0,0.002,0.5179487093446684,threshold-control
100000.0,200.0,0.002,77.0,0.002,0.5105995463738162,threshold-control
100000.0,200.0,0.002,78.0,0.002,0.5032185271024245,threshold-control
100000.0,200.0,0.002,79.0,0.002,0.49580791094231524,threshold-control
100000.0,200.0,0.002,80.0,0.002,0.4883699951938768,threshold-control
100000.0,200.0,0.002,81.0,0.002,0.48090711230925764,threshold-control
100000.0,200.0,0.002,82.0,0.002,0.4734216270604962,threshold-control
100000.0,200.0,0.002,83.0,0.002,0.46591593361960315,threshold-control
100000.0,200.0,0.002,84.0,0.002,0.45839245255802163,threshold-control
100000.0,200.0,0.002,85.0,0.002,0.45085362777326077,threshold-control
100000.0,200.0,0.002,86.0,0.002,0.4433019233508495,threshold-control
100000.0,200.0,0.002,87.0,0.002,0.43573982037005643,threshold-control
100000.0,200.0,0.002,88.0,0.002,0.42816981366209217,threshold-control
100000.0,200.0,0.002,89.0,0.002,0.42059440852973795,threshold-control
100000.0,200.0,0.002,90.0,0.002,0.41301611743753064,threshold-control
100000.0,200.0,0.002,91.0,0.002,0.405437456681772,threshold-control
100000.0,200.0,0.002,92.0,0.002,0.39786094304973485,threshold-control
100000.0,200.0,0.002,93.0,0.002,0.39028909047748095,threshold-control
100000.0,200.0,0.002,94.0,0.002,0.38272440671572394,threshold-control
100000.0,200.0,0.002,95.0,0.002,0.375169390013121,threshold-control
100000.0,200.0,0.002,96.0,0.002,0.36762652582629873,threshold-control
100000.0,200.0,0.002,97.0,0.002,0.36009828356578977,threshold-control
100000.0,200.0,0.002,98.0,0.002,0.3525871133868804,threshold-control
100000.0,200.0,0.002,99.0,0.002,0.34509544303415796,threshold-control
100000.0,200.0,0.002,100.0,0.002,0.337625674748288,threshold-control
100000.0,200.0,0.002,101.0,0.002,0.33018018224325973,threshold-control
100000.0,200.0,0.002,101.96776719922717,0.002,0.32299999999999984,threshold-control
100000.0,200.0,0.002,102.96776719922717,0.0019967848973841255,0.323,post-control
100000.0,200.0,0.002,103.96776719922717,0.0019872270833002064,0.323,post-control
100000.0,200.0,0.002,104.96776719922717,0.001971515465466181,0.323,post-control
100000.0,200.0,0.002,105.96776719922717,0.0019499105234675616,0.323,post-control
100000.0,200.0,0.002,106.96776719922717,0.0019227363798108874,0.323,post-control
100000.0,200.0,0.002,107.96776719922717,0.0018903716606541068,0.323,post-control
100000.0,200.0,0.002,108.96776719922717,0.001853239544599381,0.323,post-control
100000.0,200.0,0.002,109.96776719922717,0.0018117973989377754,0.323,post-control
100000.0,200.0,0.002,110.96776719922717,0.0017665263859183947,0.323,post-control
100000.0,200.0,0.002,111.96776719922717,0.001717921377078693,0.323,post-control
100000.0,200.0,0.002,112.96776719922717,0.0016664814843021143,0.323,post-control
100000.0,200.0,0.002,113.96776719922717,0.001612701352147412,0.323,post-control
100000.0,200.0,0.002,114.96776719922717,0.0015570635288811824,0.323,post-control
100000.0,200.0,0.002,115.96776719922717,0.0015000319355090023,0.323,post-control
100000.0,200.0,0.002,116.96776719922717,0.0014420463519484014,0.323,post-control
100000.0,200.0,0.002,117.96776719922717,0.0013835183045048593,0.323,post-control
100000.0,200.0,0.002,118.96776719922717,0.001324827781177008,0.323,post-control
100000.0,200.0,0.002,119.96776719922717,0.001266321248163316,0.323,post-control
100000.0,200.0,0.002,120.96776719922717,0.0012083104134947462,0.323,post-control
100000.0,200.0,0.002,121.96776719922717,0.0011510719007802653,0.323,post-control
100000.0,200.0,0.002,122.96776719922717,0.001094847717333873,0.323,post-control
100000.0,200.0,0.002,123.96776719922717,0.0010398461331173768,0.323,post-control
100000.0,200.0,0.002,124.96776719922717,0.0009862430274890591,0.323,post-control
100000.0,200.0,0.002,125.96776719922717,0.0009341841161643393,0.323,post-control
100000.0,200.0,0.002,126.96776719922717,0.0008837864727696696,0.323,post-control
100000.0,200.0,0.002,127.96776719922717,0.0008351408996891109,0.323,post-control
100000.0,200.0,0.002,128.96776719922718,0.0007883148751808459,0.323,post-control
100000.0,200.0,0.002,129.96776719922718,0.0007433539750856755,0.323,post-control
100000.0,200.0,0.002,130.96776719922718,0.0007002844923377367,0.323,post-control
100000.0,200.0,0.002,131.96776719922718,0.0006591164022453714,0.323,post-control
100000.0,200.0,0.002,132.96776719922718,0.0006198447243283869,0.323,post-control
100000.0,200.0,0.002,133.96776719922718,0.0005824515322909135,0.323,post-control
100000.0,200.0,0.002,134.96776719922718,0.0005469082689101531,0.323,post-control
100000.0,200.0,0.002,135.96776719922718,0.0005131778361072128,0.323,post-control
100000.0,200.0,0.002,136.96776719922718,0.00048121510642295113,0.323,post-control
100000.0,200.0,0.002,137.96776719922718,0.0004509690401303676,0.323,post-control
100000.0,200.0,0.002,138.96776719922718,0.00042238414400072686,0.323,post-control
100000.0,200.0,0.002,139.96776719922718,0.00039540146518156095,0.323,post-control
100000.0,200.0,0.002,140.96776719922718,0.00036995904712411635,0.323,post-control
100000.0,200.0,0.002,141.96776719922718,0.0003459935671193302,0.323,post-control
100000.0,200.0,0.002,142.96776719922718,0.00032344090526731487,0.323,post-control
100000.0,200.0,0.002,143.96776719922718,0.00030223651350049966,0.323,post-control
100000.0,200.0,0.002,144.96776719922718,0.000282316022318718,0.323,post-control
100000.0,200.0,0.002,145.96776719922718,0.0002636160783041912,0.323,post-control
100000.0,200.0,0.002,146.96776719922718,0.00024607441359484597,0.323,post-control
100000.0,200.0,0.002,147.96776719922718,0.00022962998197238304,0.323,post-control
100000.0,200.0,0.002,148.96776719922718,0.0002142236067230165,0.323,post-control
100000.0,200.0,0.002,149.96776719922718,0.00019979807288988003,0.323,post-control
100000.0,200.0,0.002,150.96776719922718,0.00018629803533206458,0.323,post-control
100000.0,200.0,0.002,151.96776719922718,0.0001736702104409714,0.323,post-control
100000.0,200.0,0.002,152.96776719922718,0.00016186374787398086,0.323,post-control
100000.0,200.0,0.002,153.96776719922718,0.0001508299444509351,0.323,post-control
100000.0,200.0,0.002,154.96776719922718,0.00014052219589925945,0.323,post-control
100000.0,200.0,0.002,155.96776719922718,0.00013089623762870366,0.323,post-control
100000.0,200.0,0.002,156.96776719922718,0.00012191014287459364,0.323,post-control
100000.0,200.0,0.002,157.96776719922718,0.00011352401518538681,0.323,post-control
100000.0,200.0,0.002,158.96776719922718,0.00010569999000954791,0.323,post-control
100000.0,200.0,0.002,159.96776719922718,9.840243668220763e-05,0.323,post-control
100000.0,200.0,0.002,160.96776719922718,9.159773635692794e-05,0.323,post-control
100000.0,200.0,0.002,161.96776719922718,8.525405692549257e-05,0.323,post-control
100000.0,200.0,0.002,162.96776719922718,7.934136915897053e-05,0.323,post-control
100000.0,200.0,0.002,163.96776719922718,7.383158811074342e-05,0.323,post-control
100000.0,200.0,0.002,164.96776719922718,6.869829014832647e-05,0.323,post-control
100000.0,200.0,0.002,165.96776719922718,6.39165448672488e-05,0.323,post-control
100000.0,200.0,0.002,166.96776719922718,5.946292381281946e-05,0.323,post-control
100000.0,200.0,0.002,167.96776719922718,5.5315606912942064e-05,0.323,post-control
100000.0,200.0,0.002,168.96776719922718,5.145413280914526e-05,0.323,post-control
100000.0,200.0,0.002,169.96776719922718,4.7859236583356e-05,0.323,post-control
100000.0,200.0,0.002,170.96776719922718,4.451284793074949e-05,0.323,post-control
100000.0,200.0,0.002,171.96776719922718,4.139817034662881e-05,0.323,post-control
100000.0,200.0,0.002,172.96776719922718,3.849953990025835e-05,0.323,post-control
100000.0,200.0,0.002,173.96776719922718,3.580222189855249e-05,0.323,post-control
100000.0,200.0,0.002,174.96776719922718,3.329240289406468e-05,0.323,post-control
100000.0,200.0,0.002,175.96776719922718,3.095721532297687e-05,0.323,post-control
100000.0,200.0,0.002,176.96776719922718,2.8784759535216938e-05,0.323,post-control
100000.0,200.0,0.002,177.96776719922718,2.6763866225191485e-05,0.323,post-control
100000.0,200.0,0.002,178.96776719922718,2.488405419724363e-05,0.323,post-control
100000.0,200.0,0.002,179.96776719922718,2.313552777480356e-05,0.323,post-control
100000.0,200.0,0.002,180.96776719922718,2.1509226773968964e-05,0.323,post-control
100000.0,200.0,0.002,181.96776719922718,1.9996755658848327e-05,0.323,post-control
100000.0,200.0,0.002,182.96776719922718,1.8590223544086643e-05,0.323,post-control
100000.0,200.0,0.002,183.96776719922718,1.7282236447101456e-05,0.323,post-control
100000.0,200.0,0.002,184.96776719922718,1.6065895006670755e-05,0.323,post-control
100000.0,200.0,0.002,185.96776719922718,1.4934841744085144e-05,0.323,post-control
100000.0,200.0,0.002,186.96776719922718,1.3883192217638927e-05,0.323,post-control
100000.0,200.0,0.002,187.96776719922718,1.2905413441060199e-05,0.323,post-control
100000.0,200.0,0.002,188.96776719922718,1.1996319690056488e-05,0.323,post-control
100000.0,200.0,0.002,189.96776719922718,1.1151077278156678e-05,0.323,post-control
100000.0,200.0,0.002,190.96776719922718,1.0365241493483883e-05,0.323,post-control
100000.0,200.0,0.002,191.45852464625835,1.0000046856748508e-05,0.323,post-control
300000.0,600.0,0.002,0.0,7.647407380688293e-11,0.323,pre-control
300000.0,600.0,0.002,0.025,7.843286491136487e-11,0.323,pre-control
300000.0,600.0,0.002,0.05,8.044182807256597e-11,0.323,pre-control
300000.0,600.0,0.002,0.07500000000000001,8.250224841384702e-11,0.323,pre-control
300000.0,600.0,0.002,0.1,8.461544392139545e-11,0.323,pre-control
300000.0,600.0,0.002,0.125,8.678276639546554e-11,0.323,pre-control
300000.0,600.0,0.002,0.15000000000000002,8.900560220418175e-11,0.323,pre-control
300000.0,600.0,0.002,0.17500000000000002,9.12853732841326e-11,0.323,pre-control
300000.0,600.0,0.002,0.2,9.362353793328409e-11,0.323,pre-control
300000.0,600.0,0.002,0.225,9.60215918634882e-11,0.323,pre-control
300000.0,600.0,0.002,0.25,9.848106903453538e-11,0.323,pre-control
300000.0,600.0,0.002,0.275,1.0100354276127108e-10,0.323,pre-control
300000.0,600.0,0.002,0.30000000000000004,1.0359062659092198e-10,0.323,pre-control
300000.0,600.0,0.002,0.325,1.0624397546765372e-10,0.323,pre-control
300000.0,600.0,0.002,0.35000000000000003,1.08965286655416e-10,0.323,pre-control
300000.0,600.0,0.002,0.375,1.1175630096292194e-10,0.323,pre-control
300000.0,600.0,0.002,0.4,1.1461880371437357e-10,0.323,pre-control
300000.0,600.0,0.002,0.42500000000000004,1.1755462603799772e-10,0.323,pre-control
300000.0,600.0,0.002,0.45,1.2056564588713628e-10,0.323,pre-control
300000.0,600.0,0.002,0.47500000000000003,1.2365378939563595e-10,0.323,pre-control
300000.0,600.0,0.002,0.5,1.268210319519165e-10,0.323,pre-control
300000.0,600.0,0.002,0.525,1.3006939962468302e-10,0.323,pre-control
300000.0,600.0,0.002,0.55,1.3340097029272084e-10,0.323,pre-control
300000.0,600.0,0.002,0.5750000000000001,1.3681787514457878e-10,0.323,pre-control
300000.0,600.0,0.002,0.6000000000000001,1.4032229986698214e-10,0.323,pre-control
300000.0,600.0,0.002,0.625,1.439164862223249e-10,0.323,pre-control
300000.0,600.0,0.002,0.65,1.4760273329874192e-10,0.323,pre-control
300000.0,600.0,0.002,0.675,1.5138339916944715e-10,0.323,pre-control
300000.0,600.0,0.002,0.7000000000000001,1.5526090220766427e-10,0.323,pre-control
300000.0,600.0,0.002,0.7250000000000001,1.592377228320573e-10,0.323,pre-control
300000.0,600.0,0.002,0.75,1.633164048898846e-10,0.323,pre-control
300000.0,600.0,0.002,0.775,1.6749955749298903e-10,0.323,pre-control
300000.0,600.0,0.002,0.8,1.7178985647271485e-10,0.323,pre-control
300000.0,600.0,0.002,0.8250000000000001,1.7619004631115565e-10,0.323,pre-control
300000.0,600.0,0.002,0.8500000000000001,1.8070294167155787e-10,0.323,pre-control
300000.0,600.0,0.002,0.875,1.8533142942976886e-10,0.323,pre-control
300000.0,600.0,0.002,0.9,1.9007847028404319e-10,0.323,pre-control
300000.0,600.0,0.002,0.925,1.9494710089188988e-10,0.323,pre-control
300000.0,600.0,0.002,0.9500000000000001,1.9994043556340107e-10,0.323,pre-control
300000.0,600.0,0.002,0.9750000000000001,2.0506166850896694e-10,0.323,pre-control
300000.0,600.0,0.002,1.0,2.103140756204602e-10,0.323,pre-control
300000.0,600.0,0.002,1.0250000000000001,2.1570101683557102e-10,0.323,pre-control
300000.0,600.0,0.002,1.05,2.212259380114055e-10,0.323,pre-control
300000.0,600.0,0.002,1.075,2.2689237341149097e-10,0.323,pre-control
300000.0,600.0,0.002,1.1,2.32703947676584e-10,0.323,pre-control
300000.0,600.0,0.002,1.125,2.3866437844070995e-10,0.323,pre-control
300000.0,600.0,0.002,1.1500000000000001,2.4477747840422436e-10,0.323,pre-control
300000.0,600.0,0.002,1.175,2.510471580855818e-10,0.323,pre-control
300000.0,600.0,0.002,1.2000000000000002,2.5747742800195516e-10,0.323,pre-control
300000.0,600.0,0.002,1.225,2.640724015637765e-10,0.323,pre-control
300000.0,600.0,0.002,1.25,2.7083629736849495e-10,0.323,pre-control
300000.0,600.0,0.002,1.2750000000000001,2.777734422452968e-10,0.323,pre-control
300000.0,600.0,0.002,1.3,2.848882736678717e-10,0.323,pre-control
300000.0,600.0,0.002,1.3250000000000002,2.9218534295710413e-10,0.323,pre-control
300000.0,600.0,0.002,1.35,2.996693178190227e-10,0.323,pre-control
300000.0,600.0,0.002,1.375,3.0734498571365904e-10,0.323,pre-control
300000.0,600.0,0.002,1.4000000000000001,3.152172565246753e-10,0.323,pre-control
300000.0,600.0,0.002,1.425,3.232911661030109e-10,0.323,pre-control
300000.0,600.0,0.002,1.4500000000000002,3.315718790750212e-10,0.323,pre-control
300000.0,600.0,0.002,1.475,3.400646925699809e-10,0.323,pre-control
300000.0,600.0,0.002,1.5,3.487750391739189e-10,0.323,pre-control
300000.0,600.0,0.002,1.5250000000000001,3.577084908505195e-10,0.323,pre-control
300000.0,600.0,0.002,1.55,3.668707620482112e-10,0.323,pre-control
300000.0,600.0,0.002,1.5750000000000002,3.762677138244997e-10,0.323,pre-control
300000.0,600.0,0.002,1.6,3.8590535711426377e-10,0.323,pre-control
300000.0,600.0,0.002,1.625,3.9578985706807345e-10,0.323,pre-control
300000.0,600.0,0.002,1.6500000000000001,4.0592753649005694e-10,0.323,pre-control
300000.0,600.0,0.002,1.675,4.163248804013064e-10,0.323,pre-control
300000.0,600.0,0.002,1.7000000000000002,4.269885396561146e-10,0.323,pre-control
300000.0,600.0,0.002,1.725,4.379253357421463e-10,0.323,pre-control
300000.0,600.0,0.002,1.75,4.491422645842988e-10,0.323,pre-control
300000.0,600.0,0.002,1.7750000000000001,4.606465015939236e-10,0.323,pre-control
300000.0,600.0,0.002,1.8,4.724454056700443e-10,0.323,pre-control
300000.0,600.0,0.002,1.8250000000000002,4.845465245105516e-10,0.323,pre-control
300000.0,600.0,0.002,1.85,4.969575988210185e-10,0.323,pre-control
300000.0,600.0,0.002,1.875,5.096865679014592e-10,0.323,pre-control
300000.0,600.0,0.002,1.9000000000000001,5.227415740735134e-10,0.323,pre-control
300000.0,600.0,0.002,1.925,5.36130968557066e-10,0.323,pre-control
300000.0,600.0,0.002,1.9500000000000002,5.498633161271302e-10,0.323,pre-control
300000.0,600.0,0.002,1.975,5.63947401295368e-10,0.323,pre-control
300000.0,600.0,0.002,2.0,5.783922332085893e-10,0.323,pre-control
300000.0,600.0,0.002,2.025,5.932070521509913e-10,0.323,pre-control
300000.0,600.0,0.002,2.0500000000000003,6.084013346968109e-10,0.323,pre-control
300000.0,600.0,0.002,2.075,6.239848005499232e-10,0.323,pre-control
300000.0,600.0,0.002,2.1,6.399674179638322e-10,0.323,pre-control
300000.0,600.0,0.002,2.125,6.56359410936133e-10,0.323,pre-control
300000.0,600.0,0.002,2.15,6.731712649097117e-10,0.323,pre-control
300000.0,600.0,0.002,2.1750000000000003,6.90413734340482e-10,0.323,pre-control
300000.0,600.0,0.002,2.2,7.080978486943831e-10,0.323,pre-control
300000.0,600.0,0.002,2.225,7.262349204077601e-10,0.323,pre-control
300000.0,600.0,0.002,2.25,7.448365511955075e-10,0.323,pre-control
300000.0,600.0,0.002,2.275,7.639146404244617e-10,0.323,pre-control
300000.0,600.0,0.002,2.3000000000000003,7.834813917488356e-10,0.323,pre-control
300000.0,600.0,0.002,2.325,8.035493219180524e-10,0.323,pre-control
300000.0,600.0,0.002,2.35,8.241312677564503e-10,0.323,pre-control
300000.0,600.0,0.002,2.375,8.452403954281007e-10,0.323,pre-control
300000.0,600.0,0.002,2.4000000000000004,8.668902077786435e-10,0.323,pre-control
300000.0,600.0,0.002,2.4250000000000003,8.890945540807976e-10,0.323,pre-control
300000.0,600.0,0.002,2.45,9.118676377571195e-10,0.323,pre-control
300000.0,600.0,0.002,2.475,9.35224026631145e-10,0.323,pre-control
300000.0,600.0,0.002,2.5,9.591786610508314e-10,0.323,pre-control
300000.0,600.0,0.002,2.5250000000000004,9.83746864671569e-10,0.323,pre-control
300000.0,600.0,0.002,2.5500000000000003,1.0089443530010935e-09,0.323,pre-control
300000.0,600.0,0.002,2.575,1.034787244741961e-09,0.323,pre-control
300000.0,600.0,0.002,2.6,1.061292070779803e-09,0.323,pre-control
300000.0,600.0,0.002,2.625,1.0884757861142887e-09,0.323,pre-control
300000.0,600.0,0.002,2.6500000000000004,1.1163557793137235e-09,0.323,pre-control
300000.0,600.0,0.002,2.6750000000000003,1.1449498850650307e-09,0.323,pre-control
300000.0,600.0,0.002,2.7,1.1742763941188944e-09,0.323,pre-control
300000.0,600.0,0.002,2.725,1.2043540664908771e-09,0.323,pre-control
300000.0,600.0,0.002,2.75,1.2352021419225508e-09,0.323,pre-control
300000.0,600.0,0.002,2.7750000000000004,1.26684035376754e-09,0.323,pre-control
300000.0,600.0,0.002,2.8000000000000003,1.2992889399954108e-09,0.323,pre-control
300000.0,600.0,0.002,2.825,1.332568657798176e-09,0.323,pre-control
300000.0,600.0,0.002,2.85,1.366700795165105e-09,0.323,pre-control
300000.0,600.0,0.002,2.875,1.4017071862470652e-09,0.323,pre-control
300000.0,600.0,0.002,2.9000000000000004,1.4376102235318785e-09,0.323,pre-control
300000.0,600.0,0.002,2.9250000000000003,1.4744328740058163e-09,0.323,pre-control
300000.0,600.0,0.002,2.95,1.5121986919606618e-09,0.323,pre-control
300000.0,600.0,0.002,2.975,1.5509318359937224e-09,0.323,pre-control
300000.0,600.0,0.002,3.0,1.5906570824793649e-09,0.323,pre-control
300000.0,600.0,0.002,3.0250000000000004,1.631399843451054e-09,0.323,pre-control
300000.0,600.0,0.002,3.0500000000000003,1.673186180771836e-09,0.323,pre-control
300000.0,600.0,0.002,3.075,1.7160428249441672e-09,0.323,pre-control
300000.0,600.0,0.002,3.1,1.759997190015612e-09,0.323,pre-control
300000.0,600.0,0.002,3.125,1.8050773933645903e-09,0.323,pre-control
300000.0,600.0,0.002,3.1500000000000004,1.8513122713794424e-09,0.323,pre-control
300000.0,600.0,0.002,3.1750000000000003,1.8987314002707285e-09,0.323,pre-control
300000.0,600.0,0.002,3.2,1.947365112563782e-09,0.323,pre-control
300000.0,600.0,0.002,3.225,1.9972445189908296e-09,0.323,pre-control
300000.0,600.0,0.002,3.25,2.0484015258392344e-09,0.323,pre-control
300000.0,600.0,0.002,3.2750000000000004,2.100868857979459e-09,0.323,pre-control
300000.0,600.0,0.002,3.3000000000000003,2.1546800771133984e-09,0.323,pre-control
300000.0,600.0,0.002,3.325,2.2098696059971192e-09,0.323,pre-control
300000.0,600.0,0.002,3.35,2.266472747635983e-09,0.323,pre-control
300000.0,600.0,0.002,3.375,2.324525710764145e-09,0.323,pre-control
300000.0,600.0,0.002,3.4000000000000004,2.3840656300355938e-09,0.323,pre-control
300000.0,600.0,0.002,3.4250000000000003,2.445130592825614e-09,0.323,pre-control
300000.0,600.0,0.002,3.45,2.507759660469416e-09,0.323,pre-control
300000.0,600.0,0.002,3.475,2.5719928964541567e-09,0.323,pre-control
300000.0,600.0,0.002,3.5,2.6378713887594982e-09,0.323,pre-control
300000.0,600.0,0.002,3.5250000000000004,2.7054372795123394e-09,0.323,pre-control
300000.0,600.0,0.002,3.5500000000000003,2.7747337884864792e-09,0.323,pre-control
300000.0,600.0,0.002,3.575,2.8458052442959485e-09,0.323,pre-control
300000.0,600.0,0.002,3.6,2.918697109113919e-09,0.323,pre-control
300000.0,600.0,0.002,3.625,2.993456011484455e-09,0.323,pre-control
300000.0,600.0,0.002,3.6500000000000004,3.070129772323933e-09,0.323,pre-control
300000.0,600.0,0.002,3.6750000000000003,3.148767439435179e-09,0.323,pre-control
300000.0,600.0,0.002,3.7,3.229419314857945e-09,0.323,pre-control
300000.0,600.0,0.002,3.725,3.3121369911737616e-09,0.323,pre-control
300000.0,600.0,0.002,3.75,3.3969733802754527e-09,0.323,pre-control
300000.0,600.0,0.002,3.7750000000000004,3.4839827515556164e-09,0.323,pre-control
300000.0,600.0,0.002,3.8000000000000003,3.573220762168803e-09,0.323,pre-control
300000.0,600.0,0.002,3.825,3.6647444972013644e-09,0.323,pre-control
300000.0,600.0,0.002,3.85,3.758612501503733e-09,0.323,pre-control
300000.0,600.0,0.002,3.875,3.854884821944422e-09,0.323,pre-control
300000.0,600.0,0.002,3.9000000000000004,3.953623040893895e-09,0.323,pre-control
300000.0,600.0,0.002,3.9250000000000003,4.054890320670842e-09,0.323,pre-control
300000.0,600.0,0.002,3.95,4.158751438763315e-09,0.323,pre-control
300000.0,600.0,0.002,3.975,4.265272834581048e-09,0.323,pre-control
300000.0,600.0,0.002,4.0,4.3745226465039786e-09,0.323,pre-control
300000.0,600.0,0.002,4.025,4.4865707610602555e-09,0.323,pre-control
300000.0,600.0,0.002,4.05,4.601488851896958e-09,0.323,pre-control
300000.0,600.0,0.002,4.075,4.719350431509658e-09,0.323,pre-control
300000.0,600.0,0.002,4.1000000000000005,4.840230892235066e-09,0.323,pre-control
300000.0,600.0,0.002,4.125,4.964207560664493e-09,0.323,pre-control
300000.0,600.0,0.002,4.15,5.0913597407633865e-09,0.323,pre-control
300000.0,600.0,0.002,4.175,5.221768771107917e-09,0.323,pre-control
300000.0,600.0,0.002,4.2,5.35551807024173e-09,0.323,pre-control
300000.0,600.0,0.002,4.2250000000000005,5.492693196882168e-09,0.323,pre-control
300000.0,600.0,0.002,4.25,5.633381897630279e-09,0.323,pre-control
300000.0,600.0,0.002,4.275,5.7776741703007965e-09,0.323,pre-control
300000.0,600.0,0.002,4.3,5.925662314107465e-09,0.323,pre-control
300000.0,600.0,0.002,4.325,6.077440996278834e-09,0.323,pre-control
300000.0,600.0,0.002,4.3500000000000005,6.233107304847374e-09,0.323,pre-control
300000.0,600.0,0.002,4.375,6.3927608187215155e-09,0.323,pre-control
300000.0,600.0,0.002,4.4,6.556503663213705e-09,0.323,pre-control
300000.0,600.0,0.002,4.425,6.724440583747972e-09,0.323,pre-control
300000.0,600.0,0.002,4.45,6.896679004269017e-09,0.323,pre-control
300000.0,600.0,0.002,4.4750000000000005,7.07332910477399e-09,0.323,pre-control
300000.0,600.0,0.002,4.5,7.254503882752004e-09,0.323,pre-control
300000.0,600.0,0.002,4.525,7.440319234738616e-09,0.323,pre-control
300000.0,600.0,0.002,4.55,7.630894020942989e-09,0.323,pre-control
300000.0,600.0,0.002,4.575,7.82635015103372e-09,0.323,pre-control
300000.0,600.0,0.002,4.6000000000000005,8.026812652119091e-09,0.323,pre-control
300000.0,600.0,0.002,4.625,8.232409758983757e-09,0.323,pre-control
300000.0,600.0,0.002,4.65,8.443272985596113e-09,0.323,pre-control
300000.0,600.0,0.002,4.675,8.659537220026704e-09,0.323,pre-control
300000.0,600.0,0.002,4.7,8.881340799665691e-09,0.323,pre-control
300000.0,600.0,0.002,4.7250000000000005,9.108825611065977e-09,0.323,pre-control
300000.0,600.0,0.002,4.75,9.342137169063165e-09,0.323,pre-control
300000.0,600.0,0.002,4.775,9.58142472179898e-09,0.323,pre-control
300000.0,600.0,0.002,4.800000000000001,9.826841333946197e-09,0.323,pre-control
300000.0,600.0,0.002,4.825,1.007854399718103e-08,0.323,pre-control
300000.0,600.0,0.002,4.8500000000000005,1.033669371772615e-08,0.323,pre-control
300000.0,600.0,0.002,4.875,1.0601455632554685e-08,0.323,pre-control
300000.0,600.0,0.002,4.9,1.0872999101475317e-08,0.323,pre-control
300000.0,600.0,0.002,4.925000000000001,1.115149782936537e-08,0.323,pre-control
300000.0,600.0,0.002,4.95,1.143712996303354e-08,0.323,pre-control
300000.0,600.0,0.002,4.9750000000000005,1.173007821979498e-08,0.323,pre-control
300000.0,600.0,0.002,5.0,1.2030529989359504e-08,0.323,pre-control
300000.0,600.0,0.002,5.025,1.2338677469077645e-08,0.323,pre-control
300000.0,600.0,0.002,5.050000000000001,1.2654717771115188e-08,0.323,pre-control
300000.0,600.0,0.002,5.075,1.2978853064716212e-08,0.323,pre-control
300000.0,600.0,0.002,5.1000000000000005,1.3311290688938313e-08,0.323,pre-control
300000.0,600.0,0.002,5.125,1.365224330229665e-08,0.323,pre-control
300000.0,600.0,0.002,5.15,1.4001929001348325e-08,0.323,pre-control
300000.0,600.0,0.002,5.175000000000001,1.4360571478100474e-08,0.323,pre-control
300000.0,600.0,0.002,5.2,1.4728400144747164e-08,0.323,pre-control
300000.0,600.0,0.002,5.2250000000000005,1.5105650299244495e-08,0.323,pre-control
300000.0,600.0,0.002,5.25,1.549256325651915e-08,0.323,pre-control
300000.0,600.0,0.002,5.275,1.5889386522634166e-08,0.323,pre-control
300000.0,600.0,0.002,5.300000000000001,1.6296373932805054e-08,0.323,pre-control
300000.0,600.0,0.002,5.325,1.671378583460181e-08,0.323,pre-control
300000.0,600.0,0.002,5.3500000000000005,1.714188923312595e-08,0.323,pre-control
300000.0,600.0,0.002,5.375,1.758095798371752e-08,0.323,pre-control
300000.0,600.0,0.002,5.4,1.803127294466448e-08,0.323,pre-control
300000.0,600.0,0.002,5.425000000000001,1.8493122179908052e-08,0.323,pre-control
300000.0,600.0,0.002,5.45,1.8966801119675075e-08,0.323,pre-control
300000.0,600.0,0.002,5.4750000000000005,1.9452612773700584e-08,0.323,pre-control
300000.0,600.0,0.002,5.5,1.9950867900194166e-08,0.323,pre-control
300000.0,600.0,0.002,5.525,2.0461885230125337e-08,0.323,pre-control
300000.0,600.0,0.002,5.550000000000001,2.0985991644956437e-08,0.323,pre-control
300000.0,600.0,0.002,5.575,2.152352241256462e-08,0.323,pre-control
300000.0,600.0,0.002,5.6000000000000005,2.2074821374196336e-08,0.323,pre-control
300000.0,600.0,0.002,5.625,2.2640241192629543e-08,0.323,pre-control
300000.0,600.0,0.002,5.65,2.322014354882813e-08,0.323,pre-control
300000.0,600.0,0.002,5.675000000000001,2.381489940297965e-08,0.323,pre-control
300000.0,600.0,0.002,5.7,2.4424889201352688e-08,0.323,pre-control
300000.0,600.0,0.002,5.7250000000000005,2.5050503150878363e-08,0.323,pre-control
300000.0,600.0,0.002,5.75,2.5692141436739936e-08,0.323,pre-control
300000.0,600.0,0.002,5.775,2.6350214511200623e-08,0.323,pre-control
300000.0,600.0,0.002,5.800000000000001,2.702514332248248e-08,0.323,pre-control
300000.0,600.0,0.002,5.825,2.771735961857947e-08,0.323,pre-control
300000.0,600.0,0.002,5.8500000000000005,2.8427306188011577e-08,0.323,pre-control
300000.0,600.0,0.002,5.875,2.9155437179400462e-08,0.323,pre-control
300000.0,600.0,0.002,5.9,2.990221835471482e-08,0.323,pre-control
300000.0,600.0,0.002,5.925000000000001,3.0668127425426716e-08,0.323,pre-control
300000.0,600.0,0.002,5.95,3.145365431889598e-08,0.323,pre-control
300000.0,600.0,0.002,5.9750000000000005,3.2259301531967725e-08,0.323,pre-control
300000.0,600.0,0.002,6.0,3.308558441117737e-08,0.323,pre-control
300000.0,600.0,0.002,6.025,3.39330315246941e-08,0.323,pre-control
300000.0,600.0,0.002,6.050000000000001,3.480218495706384e-08,0.323,pre-control
300000.0,600.0,0.002,6.075,3.5693600700450183e-08,0.323,pre-control
300000.0,600.0,0.002,6.1000000000000005,3.660784896466995e-08,0.323,pre-control
300000.0,600.0,0.002,6.125,3.754551458873261e-08,0.323,pre-control
300000.0,600.0,0.002,6.15,3.8507197366961634e-08,0.323,pre-control
300000.0,600.0,0.002,6.175000000000001,3.949351248188597e-08,0.323,pre-control
300000.0,600.0,0.002,6.2,4.0505090847281386e-08,0.323,pre-control
300000.0,600.0,0.002,6.2250000000000005,4.154257956352211e-08,0.323,pre-control
300000.0,600.0,0.002,6.25,4.260664227841991e-08,0.323,pre-control
300000.0,600.0,0.002,6.275,4.369795966620099e-08,0.323,pre-control
300000.0,600.0,0.002,6.300000000000001,4.481722980706654e-08,0.323,pre-control
300000.0,600.0,0.002,6.325,4.59651686910203e-08,0.323,pre-control
300000.0,600.0,0.002,6.3500000000000005,4.714251061712224e-08,0.323,pre-control
300000.0,600.0,0.002,6.375,4.835000872345593e-08,0.323,pre-control
300000.0,600.0,0.002,6.4,4.958843540709693e-08,0.323,pre-control
300000.0,600.0,0.002,6.425000000000001,5.085858288157649e-08,0.323,pre-control
300000.0,600.0,0.002,6.45,5.216126361863898e-08,0.323,pre-control
300000.0,600.0,0.002,6.4750000000000005,5.3497310934629004e-08,0.323,pre-control
300000.0,600.0,0.002,6.5,5.486757945516806e-08,0.323,pre-control
300000.0,600.0,0.002,6.525,5.6272945731965417e-08,0.323,pre-control
300000.0,600.0,0.002,6.550000000000001,5.7714308731603654e-08,0.323,pre-control
300000.0,600.0,0.002,6.575,5.919259048435133e-08,0.323,pre-control
300000.0,600.0,0.002,6.6000000000000005,6.070873659830851e-08,0.323,pre-control
300000.0,600.0,0.002,6.625,6.226371694188144e-08,0.323,pre-control
300000.0,600.0,0.002,6.65,6.385852618460365e-08,0.323,pre-control
300000.0,600.0,0.002,6.675000000000001,6.54941845150194e-08,0.323,pre-control
300000.0,600.0,0.002,6.7,6.717173820956394e-08,0.323,pre-control
300000.0,600.0,0.002,6.7250000000000005,6.889226038769333e-08,0.323,pre-control
300000.0,600.0,0.002,6.75,7.065685161027931e-08,0.323,pre-control
300000.0,600.0,0.002,6.775,7.246664067391778e-08,0.323,pre-control
300000.0,600.0,0.002,6.800000000000001,7.432278524036994e-08,0.323,pre-control
300000.0,600.0,0.002,6.825,7.622647267208154e-08,0.323,pre-control
300000.0,600.0,0.002,6.8500000000000005,7.81789206942818e-08,0.323,pre-control
300000.0,600.0,0.002,6.875,8.018137827385108e-08,0.323,pre-control
300000.0,600.0,0.002,6.9,8.223512631577163e-08,0.323,pre-control
300000.0,600.0,0.002,6.925000000000001,8.434147858759336e-08,0.323,pre-control
300000.0,600.0,0.002,6.95,8.650178245201787e-08,0.323,pre-control
300000.0,600.0,0.002,6.9750000000000005,8.871741983932884e-08,0.323,pre-control
300000.0,600.0,0.002,7.0,9.09898080179837e-08,0.323,pre-control
300000.0,600.0,0.002,7.025,9.332040061749668e-08,0.323,pre-control
300000.0,600.0,0.002,7.050000000000001,9.571068843901065e-08,0.323,pre-control
300000.0,600.0,0.002,7.075,9.816220053124972e-08,0.323,pre-control
300000.0,600.0,0.002,7.1000000000000005,1.006765050431464e-07,0.323,pre-control
300000.0,600.0,0.002,7.125,1.0325521035561651e-07,0.323,pre-control
300000.0,600.0,0.002,7.15,1.0589996597842317e-07,0.323,pre-control
300000.0,600.0,0.002,7.175000000000001,1.0861246374067104e-07,0.323,pre-control
300000.0,600.0,0.002,7.2,1.1139443873420122e-07,0.323,pre-control
300000.0,600.0,0.002,7.2250000000000005,1.1424767056585234e-07,0.323,pre-control
300000.0,600.0,0.002,7.25,1.171739843497999e-07,0.323,pre-control
300000.0,600.0,0.002,7.275,1.201752520247881e-07,0.323,pre-control
300000.0,600.0,0.002,7.300000000000001,1.2325339339795415e-07,0.323,pre-control
300000.0,600.0,0.002,7.325,1.2641037753040054e-07,0.323,pre-control
300000.0,600.0,0.002,7.3500000000000005,1.2964822383517614e-07,0.323,pre-control
300000.0,600.0,0.002,7.375,1.3296900353473432e-07,0.323,pre-control
300000.0,600.0,0.002,7.4,1.3637484081587993e-07,0.323,pre-control
300000.0,600.0,0.002,7.425000000000001,1.3986791436284353e-07,0.323,pre-control
300000.0,600.0,0.002,7.45,1.434504585721488e-07,0.323,pre-control
300000.0,600.0,0.002,7.4750000000000005,1.471247651652273e-07,0.323,pre-control
300000.0,600.0,0.002,7.5,1.5089318446631398e-07,0.323,pre-control
300000.0,600.0,0.002,7.525,1.5475812709872844e-07,0.323,pre-control
300000.0,600.0,0.002,7.550000000000001,1.587220653290701e-07,0.323,pre-control
300000.0,600.0,0.002,7.575,1.627875348515051e-07,0.323,pre-control
300000.0,600.0,0.002,7.6000000000000005,1.6695713620170194e-07,0.323,pre-control
300000.0,600.0,0.002,7.625,1.7123353663368922e-07,0.323,pre-control
300000.0,600.0,0.002,7.65,1.7561947160714924e-07,0.323,pre-control
300000.0,600.0,0.002,7.675000000000001,1.801177467616506e-07,0.323,pre-control
300000.0,600.0,0.002,7.7,1.8473123948110374e-07,0.323,pre-control
300000.0,600.0,0.002,7.7250000000000005,1.8946290097042195e-07,0.323,pre-control
300000.0,600.0,0.002,7.75,1.943157579011414e-07,0.323,pre-control
300000.0,600.0,0.002,7.775,1.9929291459582337e-07,0.323,pre-control
300000.0,600.0,0.002,7.800000000000001,2.0439755475905113e-07,0.323,pre-control
300000.0,600.0,0.002,7.825,2.0963294377516142e-07,0.323,pre-control
300000.0,600.0,0.002,7.8500000000000005,2.1500243052904914e-07,0.323,pre-control
300000.0,600.0,0.002,7.875,2.2050944982310672e-07,0.323,pre-control
300000.0,600.0,0.002,7.9,2.2615752429249453e-07,0.323,pre-control
300000.0,600.0,0.002,7.925000000000001,2.3195026694747448e-07,0.323,pre-control
300000.0,600.0,0.002,7.95,2.3789138318804527e-07,0.323,pre-control
300000.0,600.0,0.002,7.9750000000000005,2.439846734781769e-07,0.323,pre-control
300000.0,600.0,0.002,8.0,2.502340354649651e-07,0.323,pre-control
300000.0,600.0,0.002,8.025,2.5664346679160854e-07,0.323,pre-control
300000.0,600.0,0.002,8.05,2.632170673265062e-07,0.323,pre-control
300000.0,600.0,0.002,8.075000000000001,2.6995904212217384e-07,0.323,pre-control
300000.0,600.0,0.002,8.1,2.76873703759988e-07,0.323,pre-control
300000.0,600.0,0.002,8.125,2.8396547546261495e-07,0.323,pre-control
300000.0,600.0,0.002,8.15,2.9123889356039807e-07,0.323,pre-control
300000.0,600.0,0.002,8.175,2.9869861076526153e-07,0.323,pre-control
300000.0,600.0,0.002,8.200000000000001,3.063493987650564e-07,0.323,pre-control
300000.0,600.0,0.002,8.225,3.141961516673133e-07,0.323,pre-control
300000.0,600.0,0.002,8.25,3.222438887281856e-07,0.323,pre-control
300000.0,600.0,0.002,8.275,3.3049775797486247e-07,0.323,pre-control
300000.0,600.0,0.002,8.3,3.3896303907608794e-07,0.323,pre-control
300000.0,600.0,0.002,8.325000000000001,3.476451471525086e-07,0.323,pre-control
300000.0,600.0,0.002,8.35,3.565496357961107e-07,0.323,pre-control
300000.0,600.0,0.002,8.375,3.6568220107825104e-07,0.323,pre-control
300000.0,600.0,0.002,8.4,3.750486847257374e-07,0.323,pre-control
300000.0,600.0,0.002,8.425,3.846550783367948e-07,0.323,pre-control
300000.0,600.0,0.002,8.450000000000001,3.9450752672192097e-07,0.323,pre-control
300000.0,600.0,0.002,8.475,4.0461233233857184e-07,0.323,pre-control
300000.0,600.0,0.002,8.5,4.149759588053398e-07,0.323,pre-control
300000.0,600.0,0.002,8.525,4.256050355667041e-07,0.323,pre-control
300000.0,600.0,0.002,8.55,4.3650636158951954e-07,0.323,pre-control
300000.0,600.0,0.002,8.575000000000001,4.4768691026977334e-07,0.323,pre-control
300000.0,600.0,0.002,8.6,4.591538333208369e-07,0.323,pre-control
300000.0,600.0,0.002,8.625,4.70914465934785e-07,0.323,pre-control
300000.0,600.0,0.002,8.65,4.829763308723567e-07,0.323,pre-control
300000.0,600.0,0.002,8.675,4.953471438920369e-07,0.323,pre-control
300000.0,600.0,0.002,8.700000000000001,5.080348180521995e-07,0.323,pre-control
300000.0,600.0,0.002,8.725,5.210474694218359e-07,0.323,pre-control
300000.0,600.0,0.002,8.75,5.34393421605886e-07,0.323,pre-control
300000.0,600.0,0.002,8.775,5.480812117522253e-07,0.323,pre-control
300000.0,600.0,0.002,8.8,5.621195953117552e-07,0.323,pre-control
300000.0,600.0,0.002,8.825000000000001,5.765175523570237e-07,0.323,pre-control
300000.0,600.0,0.002,8.85,5.912842925892495e-07,0.323,pre-control
300000.0,600.0,0.002,8.875,6.06429261984742e-07,0.323,pre-control
300000.0,600.0,0.002,8.9,6.219621480616649e-07,0.323,pre-control
300000.0,600.0,0.002,8.925,6.378928868712546e-07,0.323,pre-control
300000.0,600.0,0.002,8.950000000000001,6.542316685378072e-07,0.323,pre-control
300000.0,600.0,0.002,8.975,6.709889446125729e-07,0.323,pre-control
300000.0,600.0,0.002,9.0,6.881754339011398e-07,0.323,pre-control
300000.0,600.0,0.002,9.025,7.058021301988156e-07,0.323,pre-control
300000.0,600.0,0.002,9.05,7.238803084203069e-07,0.323,pre-control
300000.0,600.0,0.002,9.075000000000001,7.424215327363901e-07,0.323,pre-control
300000.0,600.0,0.002,9.1,7.614376630215579e-07,0.323,pre-control
300000.0,600.0,0.002,9.125,7.809408634127932e-07,0.323,pre-control
300000.0,600.0,0.002,9.15,8.009436090916746e-07,0.323,pre-control
300000.0,600.0,0.002,9.175,8.214586952871401e-07,0.323,pre-control
300000.0,600.0,0.002,9.200000000000001,8.424992444094119e-07,0.323,pre-control
300000.0,600.0,0.002,9.225,8.640787155197692e-07,0.323,pre-control
300000.0,600.0,0.002,9.25,8.862109118345413e-07,0.323,pre-control
300000.0,600.0,0.002,9.275,9.08909990686112e-07,0.323,pre-control
300000.0,600.0,0.002,9.3,9.32190471416162e-07,0.323,pre-control
300000.0,600.0,0.002,9.325000000000001,9.560672458533998e-07,0.323,pre-control
300000.0,600.0,0.002,9.35,9.805555866162338e-07,0.323,pre-control
300000.0,600.0,0.002,9.375,1.0056711581340287e-06,0.323,pre-control
300000.0,600.0,0.002,9.4,1.0314300253804387e-06,0.323,pre-control
300000.0,600.0,0.002,9.425,1.0578486654663694e-06,0.323,pre-control
300000.0,600.0,0.002,9.450000000000001,1.0849439768263256e-06,0.323,pre-control
300000.0,600.0,0.002,9.475,1.1127332914127176e-06,0.323,pre-control
300000.0,600.0,0.002,9.5,1.1412343843587142e-06,0.323,pre-control
300000.0,600.0,0.002,9.525,1.1704654868050828e-06,0.323,pre-control
300000.0,600.0,0.002,9.55,1.2004452960642468e-06,0.323,pre-control
300000.0,600.0,0.002,9.575000000000001,1.2311929891124775e-06,0.323,pre-control
300000.0,600.0,0.002,9.600000000000001,1.2627282332811428e-06,0.323,pre-control
300000.0,600.0,0.002,9.625,1.2950712004487445e-06,0.323,pre-control
300000.0,600.0,0.002,9.65,1.3282425782867066e-06,0.323,pre-control
300000.0,600.0,0.002,9.675,1.3622635851875441e-06,0.323,pre-control
300000.0,600.0,0.002,9.700000000000001,1.3971559820939333e-06,0.323,pre-control
300000.0,600.0,0.002,9.725000000000001,1.4329420882012051e-06,0.323,pre-control
300000.0,600.0,0.002,9.75,1.4696447933999328e-06,0.323,pre-control
300000.0,600.0,0.002,9.775,1.5072875747929007e-06,0.323,pre-control
300000.0,600.0,0.002,9.8,1.545894509783016e-06,0.323,pre-control
300000.0,600.0,0.002,9.825000000000001,1.585490293446975e-06,0.323,pre-control
300000.0,600.0,0.002,9.850000000000001,1.6261002523019817e-06,0.323,pre-control
300000.0,600.0,0.002,9.875,1.6677503625805183e-06,0.323,pre-control
300000.0,600.0,0.002,9.9,1.710467264711065e-06,0.323,pre-control
300000.0,600.0,0.002,9.925,1.7542782825406921e-06,0.323,pre-control
300000.0,600.0,0.002,9.950000000000001,1.7992114385667854e-06,0.323,pre-control
300000.0,600.0,0.002,9.975000000000001,1.8452954741566293e-06,0.323,pre-control
300000.0,600.0,0.002,10.0,1.8925598655690533e-06,0.323,pre-control
300000.0,600.0,0.002,10.025,1.9410348452227025e-06,0.323,pre-control
300000.0,600.0,0.002,10.05,1.990751418548543e-06,0.323,pre-control
300000.0,600.0,0.002,10.075000000000001,2.041741386361174e-06,0.323,pre-control
300000.0,600.0,0.002,10.100000000000001,2.0940373625852985e-06,0.323,pre-control
300000.0,600.0,0.002,10.125,2.147672797787239e-06,0.323,pre-control
300000.0,600.0,0.002,10.15,2.202681997820671e-06,0.323,pre-control
300000.0,600.0,0.002,10.175,2.2591001485784886e-06,0.323,pre-control
300000.0,600.0,0.002,10.200000000000001,2.3169633356054296e-06,0.323,pre-control
300000.0,600.0,0.002,10.225000000000001,2.3763085701335826e-06,0.323,pre-control
300000.0,600.0,0.002,10.25,2.4371738097120005e-06,0.323,pre-control
300000.0,600.0,0.002,10.275,2.499597985592384e-06,0.323,pre-control
300000.0,600.0,0.002,10.3,2.5636210244283873e-06,0.323,pre-control
300000.0,600.0,0.002,10.325000000000001,2.629283877081441e-06,0.323,pre-control
300000.0,600.0,0.002,10.350000000000001,2.696628541445221e-06,0.323,pre-control
300000.0,600.0,0.002,10.375,2.7656980927451975e-06,0.323,pre-control
300000.0,600.0,0.002,10.4,2.8365367075465706e-06,0.323,pre-control
300000.0,600.0,0.002,10.425,2.909189695624958e-06,0.323,pre-control
300000.0,600.0,0.002,10.450000000000001,2.983703525219094e-06,0.323,pre-control
300000.0,600.0,0.002,10.475000000000001,3.060125856554127e-06,0.323,pre-control
300000.0,600.0,0.002,10.5,3.138505568403549e-06,0.323,pre-control
300000.0,600.0,0.002,10.525,3.2188927933507384e-06,0.323,pre-control
300000.0,600.0,0.002,10.55,3.301338945727952e-06,0.323,pre-control
300000.0,600.0,0.002,10.575000000000001,3.3858967587061586e-06,0.323,pre-control
300000.0,600.0,0.002,10.600000000000001,3.472620313682473e-06,0.323,pre-control
300000.0,600.0,0.002,10.625,3.5615650792929874e-06,0.323,pre-control
300000.0,600.0,0.002,10.65,3.6527879423236874e-06,0.323,pre-control
300000.0,600.0,0.002,10.675,3.7463472487458975e-06,0.323,pre-control
300000.0,600.0,0.002,10.700000000000001,3.84230283622955e-06,0.323,pre-control
300000.0,600.0,0.002,10.725000000000001,3.940716077306109e-06,0.323,pre-control
300000.0,600.0,0.002,10.75,4.041649913567136e-06,0.323,pre-control
300000.0,600.0,0.002,10.775,4.145168901064896e-06,0.323,pre-control
300000.0,600.0,0.002,10.8,4.251339246283502e-06,0.323,pre-control
300000.0,600.0,0.002,10.825000000000001,4.360228853893064e-06,0.323,pre-control
300000.0,600.0,0.002,10.850000000000001,4.471907364585274e-06,0.323,pre-control
300000.0,600.0,0.002,10.875,4.586446205302963e-06,0.323,pre-control
300000.0,600.0,0.002,10.9,4.703918629036646e-06,0.323,pre-control
300000.0,600.0,0.002,10.925,4.824399767657689e-06,0.323,pre-control
300000.0,600.0,0.002,10.950000000000001,4.947966673777296e-06,0.323,pre-control
300000.0,600.0,0.002,10.975000000000001,5.0746983763181845e-06,0.323,pre-control
300000.0,600.0,0.002,11.0,5.204675924542725e-06,0.323,pre-control
300000.0,600.0,0.002,11.025,5.337982446504937e-06,0.323,pre-control
300000.0,600.0,0.002,11.05,5.47470319536004e-06,0.323,pre-control
300000.0,600.0,0.002,11.075000000000001,5.614925610845836e-06,0.323,pre-control
300000.0,600.0,0.002,11.100000000000001,5.7587393679918415e-06,0.323,pre-control
300000.0,600.0,0.002,11.125,5.906236441786828e-06,0.323,pre-control
300000.0,600.0,0.002,11.15,6.057511158411695e-06,0.323,pre-control
300000.0,600.0,0.002,11.175,6.212660263258089e-06,0.323,pre-control
300000.0,600.0,0.002,11.200000000000001,6.371782974815522e-06,0.323,pre-control
300000.0,600.0,0.002,11.225000000000001,6.53498105621462e-06,0.323,pre-control
300000.0,600.0,0.002,11.25,6.702358871905734e-06,0.323,pre-control
300000.0,600.0,0.002,11.275,6.874023462909201e-06,0.323,pre-control
300000.0,600.0,0.002,11.3,7.050084606429824e-06,0.323,pre-control
300000.0,600.0,0.002,11.325000000000001,7.230654895005892e-06,0.323,pre-control
300000.0,600.0,0.002,11.350000000000001,7.415849799211462e-06,0.323,pre-control
300000.0,600.0,0.002,11.375,7.605787750905786e-06,0.323,pre-control
300000.0,600.0,0.002,11.4,7.800590209183034e-06,0.323,pre-control
300000.0,600.0,0.002,11.425,8.00038174793421e-06,0.323,pre-control
300000.0,600.0,0.002,11.450000000000001,8.205290125212132e-06,0.323,pre-control
300000.0,600.0,0.002,11.475000000000001,8.415446375329011e-06,0.323,pre-control
300000.0,600.0,0.002,11.5,8.630984881813115e-06,0.323,pre-control
300000.0,600.0,0.002,11.525,8.852043474276546e-06,0.323,pre-control
300000.0,600.0,0.002,11.55,9.078763505149185e-06,0.323,pre-control
300000.0,600.0,0.002,11.575000000000001,9.311289951563206e-06,0.323,pre-control
300000.0,600.0,0.002,11.600000000000001,9.549771496059587e-06,0.323,pre-control
300000.0,600.0,0.002,11.625,9.794360633748614e-06,0.323,pre-control
300000.0,600.0,0.002,11.65,1.0045213757194128e-05,0.323,pre-control
300000.0,600.0,0.002,11.675,1.0302491269122688e-05,0.323,pre-control
300000.0,600.0,0.002,11.700000000000001,1.0566357671701198e-05,0.323,pre-control
300000.0,600.0,0.002,11.725000000000001,1.0836981685081585e-05,0.323,pre-control
300000.0,600.0,0.002,11.75,1.1114536341298536e-05,0.323,pre-control
300000.0,600.0,0.002,11.775,1.1399199108951156e-05,0.323,pre-control
300000.0,600.0,0.002,11.8,1.1691151991959246e-05,0.323,pre-control
300000.0,600.0,0.002,11.825000000000001,1.1990581660698795e-05,0.323,pre-control
300000.0,600.0,0.002,11.850000000000001,1.2297679555867694e-05,0.323,pre-control
300000.0,600.0,0.002,11.875,1.2612642026408195e-05,0.323,pre-control
300000.0,600.0,0.002,11.9,1.2935670438745635e-05,0.323,pre-control
300000.0,600.0,0.002,11.925,1.3266971321848196e-05,0.323,pre-control
300000.0,600.0,0.002,11.950000000000001,1.360675648211557e-05,0.323,pre-control
300000.0,600.0,0.002,11.975000000000001,1.3955243155944628e-05,0.323,pre-control
300000.0,600.0,0.002,12.0,1.431265413055916e-05,0.323,pre-control
300000.0,600.0,0.002,12.025,1.4679217904468696e-05,0.323,pre-control
300000.0,600.0,0.002,12.05,1.5055168814545448e-05,0.323,pre-control
300000.0,600.0,0.002,12.075000000000001,1.5440747204758568e-05,0.323,pre-control
300000.0,600.0,0.002,12.100000000000001,1.58361995599433e-05,0.323,pre-control
300000.0,600.0,0.002,12.125,1.624177868292962e-05,0.323,pre-control
300000.0,600.0,0.002,12.15,1.6657743835914602e-05,0.323,pre-control
300000.0,600.0,0.002,12.175,1.7084360925594615e-05,0.323,pre-control
300000.0,600.0,0.002,12.200000000000001,1.752190265346754e-05,0.323,pre-control
300000.0,600.0,0.002,12.225000000000001,1.797064870843122e-05,0.323,pre-control
300000.0,600.0,0.002,12.25,1.8430885927548856e-05,0.323,pre-control
300000.0,600.0,0.002,12.275,1.8902908495153394e-05,0.323,pre-control
300000.0,600.0,0.002,12.3,1.9387018116269406e-05,0.323,pre-control
300000.0,600.0,0.002,12.325000000000001,1.988352422063979e-05,0.323,pre-control
300000.0,600.0,0.002,12.350000000000001,2.0392744151534163e-05,0.323,pre-control
300000.0,600.0,0.002,12.375,2.091500337287219e-05,0.323,pre-control
300000.0,600.0,0.002,12.4,2.1450635676079865e-05,0.323,pre-control
300000.0,600.0,0.002,12.425,2.1999983389052735e-05,0.323,pre-control
300000.0,600.0,0.002,12.450000000000001,2.2563397602686937e-05,0.323,pre-control
300000.0,600.0,0.002,12.475000000000001,2.3141238382044184e-05,0.323,pre-control
300000.0,600.0,0.002,12.5,2.3733875012132007e-05,0.323,pre-control
300000.0,600.0,0.002,12.525,2.43416862140925e-05,0.323,pre-control
300000.0,600.0,0.002,12.55,2.4965060407284768e-05,0.323,pre-control
300000.0,600.0,0.002,12.575000000000001,2.560439593579228e-05,0.323,pre-control
300000.0,600.0,0.002,12.600000000000001,2.6260101341623684e-05,0.323,pre-control
300000.0,600.0,0.002,12.625,2.6932595609027738e-05,0.323,pre-control
300000.0,600.0,0.002,12.65,2.7622308441357935e-05,0.323,pre-control
300000.0,600.0,0.002,12.675,2.832968053243017e-05,0.323,pre-control
300000.0,600.0,0.002,12.700000000000001,2.905516384129062e-05,0.323,pre-control
300000.0,600.0,0.002,12.725000000000001,2.9799221892959594e-05,0.323,pre-control
300000.0,600.0,0.002,12.75,3.0562330055567746e-05,0.323,pre-control
300000.0,600.0,0.002,12.775,3.134497586292714e-05,0.323,pre-control
300000.0,600.0,0.002,12.8,3.2147659306419276e-05,0.323,pre-control
300000.0,600.0,0.002,12.825000000000001,3.297089316569245e-05,0.323,pre-control
300000.0,600.0,0.002,12.850000000000001,3.3815203331528326e-05,0.323,pre-control
300000.0,600.0,0.002,12.875,3.468112913394716e-05,0.323,pre-control
300000.0,600.0,0.002,12.9,3.556922369976217e-05,0.323,pre-control
300000.0,600.0,0.002,12.925,3.6480054286108916e-05,0.323,pre-control
300000.0,600.0,0.002,12.950000000000001,3.741420265768551e-05,0.323,pre-control
300000.0,600.0,0.002,12.975000000000001,3.83722654469879e-05,0.323,pre-control
300000.0,600.0,0.002,13.0,3.9354854532949646e-05,0.323,pre-control
300000.0,600.0,0.002,13.025,4.036259744079363e-05,0.323,pre-control
300000.0,600.0,0.002,13.05,4.139613772421638e-05,0.323,pre-control
300000.0,600.0,0.002,13.075000000000001,4.245613538954125e-05,0.323,pre-control
300000.0,600.0,0.002,13.100000000000001,4.3543267307468064e-05,0.323,pre-control
300000.0,600.0,0.002,13.125,4.465822763945932e-05,0.323,pre-control
300000.0,600.0,0.002,13.15,4.58017282918783e-05,0.323,pre-control
300000.0,600.0,0.002,13.175,4.697449935181015e-05,0.323,pre-control
300000.0,600.0,0.002,13.200000000000001,4.817728956053027e-05,0.323,pre-control
300000.0,600.0,0.002,13.225000000000001,4.941086679037376e-05,0.323,pre-control
300000.0,600.0,0.002,13.25,5.067601852051821e-05,0.323,pre-control
300000.0,600.0,0.002,13.275,5.197355235057641e-05,0.323,pre-control
300000.0,600.0,0.002,13.3,5.3304296505025613e-05,0.323,pre-control
300000.0,600.0,0.002,13.325000000000001,5.466910035503056e-05,0.323,pre-control
300000.0,600.0,0.002,13.350000000000001,5.606883496952319e-05,0.323,pre-control
300000.0,600.0,0.002,13.375,5.75043936547422e-05,0.323,pre-control
300000.0,600.0,0.002,13.4,5.8976692523210495e-05,0.323,pre-control
300000.0,600.0,0.002,13.425,6.048667108339535e-05,0.323,pre-control
300000.0,600.0,0.002,13.450000000000001,6.203529282158005e-05,0.323,pre-control
300000.0,600.0,0.002,13.475000000000001,6.362354581748328e-05,0.323,pre-control
300000.0,600.0,0.002,13.5,6.525244337684878e-05,0.323,pre-control
300000.0,600.0,0.002,13.525,6.692302466036855e-05,0.323,pre-control
300000.0,600.0,0.002,13.55,6.863635534679618e-05,0.323,pre-control
300000.0,600.0,0.002,13.575000000000001,7.039352831373137e-05,0.323,pre-control
300000.0,600.0,0.002,13.600000000000001,7.219566431709364e-05,0.323,pre-control
300000.0,600.0,0.002,13.625,7.40439127040549e-05,0.323,pre-control
300000.0,600.0,0.002,13.65,7.593945214661226e-05,0.323,pre-control
300000.0,600.0,0.002,13.675,7.788349137619684e-05,0.323,pre-control
300000.0,600.0,0.002,13.700000000000001,7.987726994892337e-05,0.323,pre-control
300000.0,600.0,0.002,13.725000000000001,8.19220590355494e-05,0.323,pre-control
300000.0,600.0,0.002,13.75,8.40191622177671e-05,0.323,pre-control
300000.0,600.0,0.002,13.775,8.616991630820572e-05,0.323,pre-control
300000.0,600.0,0.002,13.8,8.837569219977682e-05,0.323,pre-control
300000.0,600.0,0.002,13.825000000000001,9.063789573055243e-05,0.323,pre-control
300000.0,600.0,0.002,13.850000000000001,9.29579685625538e-05,0.323,pre-control
300000.0,600.0,0.002,13.875,9.533738909408136e-05,0.323,pre-control
300000.0,600.0,0.002,13.9,9.77776733959097e-05,0.323,pre-control
300000.0,600.0,0.002,13.925,0.00010028037615903722,0.323,pre-control
300000.0,600.0,0.002,13.950000000000001,0.00010284709167277086,0.323,pre-control
300000.0,600.0,0.002,13.975000000000001,0.00010547945483134455,0.323,pre-control
300000.0,600.0,0.002,14.0,0.00010817914216424891,0.323,pre-control
300000.0,600.0,0.002,14.025,0.00011094787288263151,0.323,pre-control
300000.0,600.0,0.002,14.05,0.00011378740996200148,0.323,pre-control
300000.0,600.0,0.002,14.075000000000001,0.00011669956125209633,0.323,pre-control
300000.0,600.0,0.002,14.100000000000001,0.00011968618061215108,0.323,pre-control
300000.0,600.0,0.002,14.125,0.0001227491690680448,0.323,pre-control
300000.0,600.0,0.002,14.15,0.0001258904760069213,0.323,pre-control
300000.0,600.0,0.002,14.175,0.00012911210040083483,0.323,pre-control
300000.0,600.0,0.002,14.200000000000001,0.00013241609206001911,0.323,pre-control
300000.0,600.0,0.002,14.225000000000001,0.00013580455291057773,0.323,pre-control
300000.0,600.0,0.002,14.25,0.00013927963831181288,0.323,pre-control
300000.0,600.0,0.002,14.275,0.00014284355840491207,0.323,pre-control
300000.0,600.0,0.002,14.3,0.0001464985794963198,0.323,pre-control
300000.0,600.0,0.002,14.325000000000001,0.00015024702546956615,0.323,pre-control
300000.0,600.0,0.002,14.350000000000001,0.00015409127923542493,0.323,pre-control
300000.0,600.0,0.002,14.375,0.0001580337842192459,0.323,pre-control
300000.0,600.0,0.002,14.4,0.0001620770458853739,0.323,pre-control
300000.0,600.0,0.002,14.425,0.00016622363329884719,0.323,pre-control
300000.0,600.0,0.002,14.450000000000001,0.00017047618072101096,0.323,pre-control
300000.0,600.0,0.002,14.475000000000001,0.00017483738924939585,0.323,pre-control
300000.0,600.0,0.002,14.5,0.00017931002849696373,0.323,pre-control
300000.0,600.0,0.002,14.525,0.0001838969383133516,0.323,pre-control
300000.0,600.0,0.002,14.55,0.00018860103054834363,0.323,pre-control
300000.0,600.0,0.002,14.575000000000001,0.00019342529085574265,0.323,pre-control
300000.0,600.0,0.002,14.600000000000001,0.0001983727805431763,0.323,pre-control
300000.0,600.0,0.002,14.625,0.00020344663846844758,0.323,pre-control
300000.0,600.0,0.002,14.65,0.00020865008298147163,0.323,pre-control
300000.0,600.0,0.002,14.675,0.0002139864139141578,0.323,pre-control
300000.0,600.0,0.002,14.700000000000001,0.00021945901461863253,0.323,pre-control
300000.0,600.0,0.002,14.725000000000001,0.00022507135405335296,0.323,pre-control
300000.0,600.0,0.002,14.75,0.0002308269889211612,0.323,pre-control
300000.0,600.0,0.002,14.775,0.0002367295658604192,0.323,pre-control
300000.0,600.0,0.002,14.8,0.00024278282368822075,0.323,pre-control
300000.0,600.0,0.002,14.825000000000001,0.0002489905956985005,0.323,pre-control
300000.0,600.0,0.002,14.850000000000001,0.00025535681201563305,0.323,pre-control
300000.0,600.0,0.002,14.875,0.0002618855020048007,0.323,pre-control
300000.0,600.0,0.002,14.9,0.00026858079673989843,0.323,pre-control
300000.0,600.0,0.002,14.925,0.00027544693153065144,0.323,pre-control
300000.0,600.0,0.002,14.950000000000001,0.0002824882485123786,0.323,pre-control
300000.0,600.0,0.002,14.975000000000001,0.00028970919929631385,0.323,pre-control
300000.0,600.0,0.002,15.0,0.00029711434768398047,0.323,pre-control
300000.0,600.0,0.002,15.025,0.0003047083724464433,0.323,pre-control
300000.0,600.0,0.002,15.05,0.000312496070169851,0.323,pre-control
300000.0,600.0,0.002,15.075000000000001,0.00032048235816873845,0.323,pre-control
300000.0,600.0,0.002,15.100000000000001,0.00032867227746856756,0.323,pre-control
300000.0,600.0,0.002,15.125,0.00033707099585901024,0.323,pre-control
300000.0,600.0,0.002,15.15,0.0003456838110191268,0.323,pre-control
300000.0,600.0,0.002,15.175,0.0003545161537170654,0.323,pre-control
300000.0,600.0,0.002,15.200000000000001,0.0003635735910851181,0.323,pre-control
300000.0,600.0,0.002,15.225000000000001,0.0003728618299714006,0.323,pre-control
300000.0,600.0,0.002,15.25,0.0003823867203703544,0.323,pre-control
300000.0,600.0,0.002,15.275,0.00039215425893351897,0.323,pre-control
300000.0,600.0,0.002,15.3,0.000402170592562234,0.323,pre-control
300000.0,600.0,0.002,15.325000000000001,0.0004124420220839838,0.323,pre-control
300000.0,600.0,0.002,15.350000000000001,0.00042297500601408926,0.323,pre-control
300000.0,600.0,0.002,15.375,0.00043377616440449233,0.323,pre-control
300000.0,600.0,0.002,15.4,0.00044485228278139707,0.323,pre-control
300000.0,600.0,0.002,15.425,0.0004562103161735406,0.323,pre-control
300000.0,600.0,0.002,15.450000000000001,0.0004678573932329099,0.323,pre-control
300000.0,600.0,0.002,15.475000000000001,0.00047980082044971897,0.323,pre-control
300000.0,600.0,0.002,15.5,0.000492048086463491,0.323,pre-control
300000.0,600.0,0.002,15.525,0.0005046068664721117,0.323,pre-control
300000.0,600.0,0.002,15.55,0.0005174850267407195,0.323,pre-control
300000.0,600.0,0.002,15.575000000000001,0.000530690629212345,0.323,pre-control
300000.0,600.0,0.002,15.600000000000001,0.0005442319362221977,0.323,pre-control
300000.0,600.0,0.002,15.625,0.0005581174153175297,0.323,pre-control
300000.0,600.0,0.002,15.65,0.0005723557441850185,0.323,pre-control
300000.0,600.0,0.002,15.675,0.0005869558156876064,0.323,pre-control
300000.0,600.0,0.002,15.700000000000001,0.0006019267430127737,0.323,pre-control
300000.0,600.0,0.002,15.725000000000001,0.0006172778649342004,0.323,pre-control
300000.0,600.0,0.002,15.75,0.0006330187511887968,0.323,pre-control
300000.0,600.0,0.002,15.775,0.0006491592079710882,0.323,pre-control
300000.0,600.0,0.002,15.8,0.0006657092835469179,0.323,pre-control
300000.0,600.0,0.002,15.825000000000001,0.0006826792739884756,0.323,pre-control
300000.0,600.0,0.002,15.850000000000001,0.0007000797290326126,0.323,pre-control
300000.0,600.0,0.002,15.875,0.0007179214580644264,0.323,pre-control
300000.0,600.0,0.002,15.9,0.0007362155362280878,0.323,pre-control
300000.0,600.0,0.002,15.925,0.0007549733106668497,0.323,pre-control
300000.0,600.0,0.002,15.950000000000001,0.0007742064068942062,0.323,pre-control
300000.0,600.0,0.002,15.975000000000001,0.0007939267352981078,0.323,pre-control
300000.0,600.0,0.002,16.0,0.000814146497780146,0.323,pre-control
300000.0,600.0,0.002,16.025000000000002,0.0008348781945315953,0.323,pre-control
300000.0,600.0,0.002,16.05,0.0008561346309481322,0.323,pre-control
300000.0,600.0,0.002,16.075,0.0008779289246851077,0.323,pre-control
300000.0,600.0,0.002,16.1,0.0009002745128550906,0.323,pre-control
300000.0,600.0,0.002,16.125,0.0009231851593697193,0.323,pre-control
300000.0,600.0,0.002,16.150000000000002,0.0009466749624266453,0.323,pre-control
300000.0,600.0,0.002,16.175,0.000970758362144243,0.323,pre-control
300000.0,600.0,0.002,16.2,0.0009954501483456946,0.323,pre-control
300000.0,600.0,0.002,16.225,0.0010207654684932046,0.323,pre-control
300000.0,600.0,0.002,16.25,0.0010467198357741322,0.323,pre-control
300000.0,600.0,0.002,16.275000000000002,0.0010733291373404325,0.323,pre-control
300000.0,600.0,0.002,16.3,0.0011006096427025951,0.323,pre-control
300000.0,600.0,0.002,16.325,0.0011285780122793668,0.323,pre-control
300000.0,600.0,0.002,16.35,0.0011572513061042923,0.323,pre-control
300000.0,600.0,0.002,16.375,0.001186646992690546,0.323,pre-control
300000.0,600.0,0.002,16.400000000000002,0.0012167829580528148,0.323,pre-control
300000.0,600.0,0.002,16.425,0.0012476775148909163,0.323,pre-control
300000.0,600.0,0.002,16.45,0.001279349411932828,0.323,pre-control
300000.0,600.0,0.002,16.475,0.0013118178434376644,0.323,pre-control
300000.0,600.0,0.002,16.5,0.0013451024588593233,0.323,pre-control
300000.0,600.0,0.002,16.525000000000002,0.0013792233726709485,0.323,pre-control
300000.0,600.0,0.002,16.55,0.0014142011743506697,0.323,pre-control
300000.0,600.0,0.002,16.575,0.0014500569385264067,0.323,pre-control
300000.0,600.0,0.002,16.6,0.0014868122352826826,0.323,pre-control
300000.0,600.0,0.002,16.625,0.0015244891406274662,0.323,pre-control
300000.0,600.0,0.002,16.650000000000002,0.0015631102471158234,0.323,pre-control
300000.0,600.0,0.002,16.675,0.0016026986746305728,0.323,pre-control
300000.0,600.0,0.002,16.7,0.0016432780813192467,0.323,pre-control
300000.0,600.0,0.002,16.725,0.0016848726746839233,0.323,pre-control
300000.0,600.0,0.002,16.75,0.001727507222824766,0.323,pre-control
300000.0,600.0,0.002,16.775000000000002,0.001771207065835223,0.323,pre-control
300000.0,600.0,0.002,16.8,0.00181599812734104,0.323,pre-control
300000.0,600.0,0.002,16.825,0.0018619069261831245,0.323,pre-control
300000.0,600.0,0.002,16.85,0.0019089605882411903,0.323,pre-control
300000.0,600.0,0.002,16.875,0.0019571868583924523,0.323,pre-control
300000.0,600.0,0.002,16.896690032843228,0.002,0.323,threshold-control
300000.0,600.0,0.002,17.0,0.002,0.8450018683583614,threshold-control
300000.0,600.0,0.002,18.0,0.002,0.8415003027938139,threshold-control
300000.0,600.0,0.002,19.0,0.002,0.8379321874067469,threshold-control
300000.0,600.0,0.002,20.0,0.002,0.8342968259262529,threshold-control
300000.0,600.0,0.002,21.0,0.002,0.830593541101958,threshold-control
300000.0,600.0,0.002,22.0,0.002,0.8268216761025482,threshold-control
300000.0,600.0,0.002,23.0,0.002,0.8229805959438795,threshold-control
300000.0,600.0,0.002,24.0,0.002,0.8190696889450533,threshold-control
300000.0,600.0,0.002,25.0,0.002,0.8150883682106602,threshold-control
300000.0,600.0,0.002,26.0,0.002,0.811036073137217,threshold-control
300000.0,600.0,0.002,27.0,0.002,0.8069122709416339,threshold-control
300000.0,600.0,0.002,28.0,0.002,0.8027164582093655,threshold-control
300000.0,600.0,0.002,29.0,0.002,0.7984481624597026,threshold-control
300000.0,600.0,0.002,30.0,0.002,0.7941069437254724,threshold-control
300000.0,600.0,0.002,31.0,0.002,0.7896923961442186,threshold-control
300000.0,600.0,0.002,32.0,0.002,0.7852041495577369,threshold-control
300000.0,600.0,0.002,33.0,0.002,0.7806418711166502,threshold-control
300000.0,600.0,0.002,34.0,0.002,0.7760052668865091,threshold-control
300000.0,600.0,0.002,35.0,0.002,0.7712940834517192,threshold-control
300000.0,600.0,0.002,36.0,0.002,0.7665081095134031,threshold-control
300000.0,600.0,0.002,37.0,0.002,0.7616471774771293,threshold-control
300000.0,600.0,0.002,38.0,0.002,0.7567111650262587,threshold-control
300000.0,600.0,0.002,39.0,0.002,0.7516999966764946,threshold-control
300000.0,600.0,0.002,40.0,0.002,0.7466136453070608,threshold-control
300000.0,600.0,0.002,41.0,0.002,0.741452133663782,threshold-control
300000.0,600.0,0.002,42.0,0.002,0.7362155358292057,threshold-control
300000.0,600.0,0.002,43.0,0.002,0.7309039786547737,threshold-control
300000.0,600.0,0.002,44.0,0.002,0.725517643149949,threshold-control
300000.0,600.0,0.002,45.0,0.002,0.7200567658231001,threshold-control
300000.0,600.0,0.002,46.0,0.002,0.7145216399688744,threshold-control
300000.0,600.0,0.002,47.0,0.002,0.7089126168967297,threshold-control
300000.0,600.0,0.002,48.0,0.002,0.7032301070952542,threshold-control
300000.0,600.0,0.002,49.0,0.002,0.6974745813268913,threshold-control
300000.0,600.0,0.002,50.0,0.002,0.6916465716476866,threshold-control
300000.0,600.0,0.002,51.0,0.002,0.6857466723467067,threshold-control
300000.0,600.0,0.002,52.0,0.002,0.6797755407998332,threshold-control
300000.0,600.0,0.002,53.0,0.002,0.6737338982327161,threshold-control
300000.0,600.0,0.002,54.0,0.002,0.6676225303877759,threshold-control
300000.0,600.0,0.002,55.0,0.002,0.6614422880902812,threshold-control
300000.0,600.0,0.002,56.0,0.002,0.6551940877086907,threshold-control
300000.0,600.0,0.002,57.0,0.002,0.6488789115046395,threshold-control
300000.0,600.0,0.002,58.0,0.002,0.6424978078681711,threshold-control
300000.0,600.0,0.002,59.0,0.002,0.6360518914340649,threshold-control
300000.0,600.0,0.002,60.0,0.002,0.6295423430753909,threshold-control
300000.0,600.0,0.002,61.0,0.002,0.6229704097707229,threshold-control
300000.0,600.0,0.002,62.0,0.002,0.616337404341786,threshold-control
300000.0,600.0,0.002,63.0,0.002,0.6096447050586664,threshold-control
300000.0,600.0,0.002,64.0,0.002,0.602893755110109,threshold-control
300000.0,600.0,0.002,65.0,0.002,0.5960860619368308,threshold-control
300000.0,600.0,0.002,66.0,0.002,0.5892231964262252,threshold-control
300000.0,600.0,0.002,67.0,0.002,0.5823067919672833,threshold-control
300000.0,600.0,0.002,68.0,0.002,0.5753385433650371,threshold-control
300000.0,600.0,0.002,69.0,0.002,0.5683202056143296,threshold-control
300000.0,600.0,0.002,70.0,0.002,0.5612535925332222,threshold-control
300000.0,600.0,0.002,71.0,0.002,0.5541405752568749,threshold-control
300000.0,600.0,0.002,72.0,0.002,0.5469830805932752,threshold-control
300000.0,600.0,0.002,73.0,0.002,0.5397830892427207,threshold-control
300000.0,600.0,0.002,74.0,0.002,0.532542633883516,threshold-control
300000.0,600.0,0.002,75.0,0.002,0.5252637971268889,threshold-control
300000.0,600.0,0.002,76.0,0.002,0.5179487093446685,threshold-control
300000.0,600.0,0.002,77.0,0.002,0.5105995463738164,threshold-control
300000.0,600.0,0.002,78.0,0.002,0.5032185271024245,threshold-control
300000.0,600.0,0.002,79.0,0.002,0.49580791094231513,threshold-control
300000.0,600.0,0.002,80.0,0.002,0.4883699951938768,threshold-control
300000.0,600.0,0.002,81.0,0.002,0.48090711230925764,threshold-control
300000.0,600.0,0.002,82.0,0.002,0.4734216270604962,threshold-control
300000.0,600.0,0.002,83.0,0.002,0.46591593361960315,threshold-control
300000.0,600.0,0.002,84.0,0.002,0.45839245255802175,threshold-control
300000.0,600.0,0.002,85.0,0.002,0.45085362777326077,threshold-control
300000.0,600.0,0.002,86.0,0.002,0.4433019233508494,threshold-control
300000.0,600.0,0.002,87.0,0.002,0.43573982037005654,threshold-control
300000.0,600.0,0.002,88.0,0.002,0.4281698136620923,threshold-control
300000.0,600.0,0.002,89.0,0.002,0.42059440852973806,threshold-control
300000.0,600.0,0.002,90.0,0.002,0.41301611743753064,threshold-control
300000.0,600.0,0.002,91.0,0.002,0.4054374566817721,threshold-control
300000.0,600.0,0.002,92.0,0.002,0.39786094304973496,threshold-control
300000.0,600.0,0.002,93.0,0.002,0.39028909047748084,threshold-control
300000.0,600.0,0.002,94.0,0.002,0.38272440671572383,threshold-control
300000.0,600.0,0.002,95.0,0.002,0.3751693900131209,threshold-control
300000.0,600.0,0.002,96.0,0.002,0.36762652582629884,threshold-control
300000.0,600.0,0.002,97.0,0.002,0.36009828356578977,threshold-control
300000.0,600.0,0.002,98.0,0.002,0.3525871133868803,threshold-control
300000.0,600.0,0.002,99.0,0.002,0.34509544303415796,threshold-control
300000.0,600.0,0.002,100.0,0.002,0.3376256747482881,threshold-control
300000.0,600.0,0.002,101.0,0.002,0.33018018224325973,threshold-control
300000.0,600.0,0.002,101.9677671992272,0.002,0.32299999999999984,threshold-control
300000.0,600.0,0.002,102.9677671992272,0.001996784897272219,0.323,post-control
300000.0,600.0,0.002,103.9677671992272,0.0019872270833489704,0.323,post-control
300000.0,600.0,0.002,104.9677671992272,0.0019715154659229457,0.323,post-control
300000.0,600.0,0.002,105.9677671992272,0.0019499105240053116,0.323,post-control
300000.0,600.0,0.002,106.9677671992272,0.0019227363807349746,0.323,post-control
300000.0,600.0,0.002,107.9677671992272,0.0018903716617932284,0.323,post-control
300000.0,600.0,0.002,108.9677671992272,0.0018532395448959999,0.323,post-control
300000.0,600.0,0.002,109.9677671992272,0.0018117973981885283,0.323,post-control
300000.0,600.0,0.002,110.9677671992272,0.0017665263855947562,0.323,post-control
300000.0,600.0,0.002,111.9677671992272,0.0017179213810714353,0.323,post-control
300000.0,600.0,0.002,112.9677671992272,0.0016664814821611236,0.323,post-control
300000.0,600.0,0.002,113.9677671992272,0.0016127013503058423,0.323,post-control
300000.0,600.0,0.002,114.9677671992272,0.001557063537603381,0.323,post-control
300000.0,600.0,0.002,115.9677671992272,0.001500031931206956,0.323,post-control
300000.0,600.0,0.002,116.9677671992272,0.0014420463580283969,0.323,post-control
300000.0,600.0,0.002,117.9677671992272,0.0013835183041922745,0.323,post-control
300000.0,600.0,0.002,118.9677671992272,0.001324827783487379,0.323,post-control
300000.0,600.0,0.002,119.9677671992272,0.0012663212483400796,0.323,post-control
300000.0,600.0,0.002,120.9677671992272,0.0012083104086773367,0.323,post-control
300000.0,600.0,0.002,121.9677671992272,0.0011510719032358147,0.323,post-control
300000.0,600.0,0.002,122.9677671992272,0.0010948477297324836,0.323,post-control
300000.0,600.0,0.002,123.9677671992272,0.0010398460943683726,0.323,post-control
300000.0,600.0,0.002,124.9677671992272,0.0009862430563795182,0.323,post-control
300000.0,600.0,0.002,125.9677671992272,0.0009341841308698786,0.323,post-control
300000.0,600.0,0.002,126.9677671992272,0.0008837863898376418,0.323,post-control
300000.0,600.0,0.002,127.9677671992272,0.0008351409729968689,0.323,post-control
300000.0,600.0,0.002,128.96776719922718,0.0007883148951179801,0.323,post-control
300000.0,600.0,0.002,129.96776719922718,0.0007433538515055563,0.323,post-control
300000.0,600.0,0.002,130.96776719922718,0.0007002845465725922,0.323,post-control
300000.0,600.0,0.002,131.96776719922718,0.0006591164863387782,0.323,post-control
300000.0,600.0,0.002,132.96776719922718,0.0006198446533820476,0.323,post-control
300000.0,600.0,0.002,133.96776719922718,0.000582451502422922,0.323,post-control
300000.0,600.0,0.002,134.96776719922718,0.0005469083983079725,0.323,post-control
300000.0,600.0,0.002,135.96776719922718,0.0005131778528786418,0.323,post-control
300000.0,600.0,0.002,136.96776719922718,0.000481215098390358,0.323,post-control
300000.0,600.0,0.002,137.96776719922718,0.00045096907962728996,0.323,post-control
300000.0,600.0,0.002,138.96776719922718,0.00042238421609732237,0.323,post-control
300000.0,600.0,0.002,139.96776719922718,0.00039540148236726693,0.323,post-control
300000.0,600.0,0.002,140.96776719922718,0.00036995905168258074,0.323,post-control
300000.0,600.0,0.002,141.96776719922718,0.00034599360310175653,0.323,post-control
300000.0,600.0,0.002,142.96776719922718,0.00032344096386053667,0.323,post-control
300000.0,600.0,0.002,143.96776719922718,0.00030223650322396846,0.323,post-control
300000.0,600.0,0.002,144.96776719922718,0.00028231602970855784,0.323,post-control
300000.0,600.0,0.002,145.96776719922718,0.0002636161424350725,0.323,post-control
300000.0,600.0,0.002,146.96776719922718,0.00024607441064884673,0.323,post-control
300000.0,600.0,0.002,147.96776719922718,0.00022962996243172383,0.323,post-control
300000.0,600.0,0.002,148.96776719922718,0.00021422365900562867,0.323,post-control
300000.0,600.0,0.002,149.96776719922718,0.00019979810102727989,0.323,post-control
300000.0,600.0,0.002,150.96776719922718,0.00018629799211637862,0.323,post-control
300000.0,600.0,0.002,151.96776719922718,0.00017367023478391563,0.323,post-control
300000.0,600.0,0.002,152.96776719922718,0.00016186379973931334,0.323,post-control
300000.0,600.0,0.002,153.96776719922718,0.00015082991671733163,0.323,post-control
300000.0,600.0,0.002,154.96776719922718,0.0001405221754111848,0.323,post-control
300000.0,600.0,0.002,155.96776719922718,0.00013089629082670137,0.323,post-control
300000.0,600.0,0.002,156.96776719922718,0.00012191015338242776,0.323,post-control
300000.0,600.0,0.002,157.96776719922718,0.00011352397356177235,0.323,post-control
300000.0,600.0,0.002,158.96776719922718,0.00010570000308076146,0.323,post-control
300000.0,600.0,0.002,159.96776719922718,9.840247377109779e-05,0.323,post-control
300000.0,600.0,0.002,160.96776719922718,9.159772511259647e-05,0.323,post-control
300000.0,600.0,0.002,161.96776719922718,8.525402600693296e-05,0.323,post-control
300000.0,600.0,0.002,162.96776719922718,7.934138865706528e-05,0.323,post-control
300000.0,600.0,0.002,163.96776719922718,7.383160783035445e-05,0.323,post-control
300000.0,600.0,0.002,164.96776719922718,6.869827996914506e-05,0.323,post-control
300000.0,600.0,0.002,165.96776719922718,6.391652326874388e-05,0.323,post-control
300000.0,600.0,0.002,166.96776719922718,5.9462928244731284e-05,0.323,post-control
300000.0,600.0,0.002,167.96776719922718,5.531561999601692e-05,0.323,post-control
300000.0,600.0,0.002,168.96776719922718,5.145413440264009e-05,0.323,post-control
300000.0,600.0,0.002,169.96776719922718,4.78592201477181e-05,0.323,post-control
300000.0,600.0,0.002,170.96776719922718,4.451283113086667e-05,0.323,post-control
300000.0,600.0,0.002,171.96776719922718,4.1398178405741405e-05,0.323,post-control
300000.0,600.0,0.002,172.96776719922718,3.849955652813429e-05,0.323,post-control
300000.0,600.0,0.002,173.96776719922718,3.580221657762099e-05,0.323,post-control
300000.0,600.0,0.002,174.96776719922718,3.3292365018604975e-05,0.323,post-control
300000.0,600.0,0.002,175.96776719922718,3.0957206327479884e-05,0.323,post-control
300000.0,600.0,0.002,176.96776719922718,2.8784785185700178e-05,0.323,post-control
300000.0,600.0,0.002,177.96776719922718,2.6763884104106566e-05,0.323,post-control
300000.0,600.0,0.002,178.96776719922718,2.4884020732075627e-05,0.323,post-control
300000.0,600.0,0.002,179.96776719922718,2.3135484290521193e-05,0.323,post-control
300000.0,600.0,0.002,180.96776719922718,2.1509236140273256e-05,0.323,post-control
300000.0,600.0,0.002,181.96776719922718,1.9996794693967282e-05,0.323,post-control
300000.0,600.0,0.002,182.96776719922718,1.8590231133697156e-05,0.323,post-control
300000.0,600.0,0.002,183.96776719922718,1.7282183809108584e-05,0.323,post-control
300000.0,600.0,0.002,184.96776719922718,1.606585238520856e-05,0.323,post-control
300000.0,600.0,0.002,185.96776719922718,1.4934860690274598e-05,0.323,post-control
300000.0,600.0,0.002,186.96776719922718,1.3883238111526541e-05,0.323,post-control
300000.0,600.0,0.002,187.96776719922718,1.2905417708980207e-05,0.323,post-control
300000.0,600.0,0.002,188.96776719922718,1.1996265391955311e-05,0.323,post-control
300000.0,600.0,0.002,189.96776719922718,1.115101903647758e-05,0.323,post-control
300000.0,600.0,0.002,190.96776719922718,1.036520760044359e-05,0.323,post-control
300000.0,600.0,0.002,191.96776719922718,9.634648952848071e-06,0.323,post-control
300000.0,600.0,0.002,192.96776719922718,8.955448590666602e-06,0.323,post-control
300000.0,600.0,0.002,193.96776719922718,8.324028121354854e-06,0.323,post-control
300000.0,600.0,0.002,194.96776719922718,7.737067419388483e-06,0.323,post-control
300000.0,600.0,0.002,195.96776719922718,7.19144710116568e-06,0.323,post-control
300000.0,600.0,0.002,196.96776719922718,6.684247727264346e-06,0.323,post-control
300000.0,600.0,0.002,197.96776719922718,6.212748519081695e-06,0.323,post-control
300000.0,600.0,0.002,198.96776719922718,5.774446380470819e-06,0.323,post-control
300000.0,600.0,0.002,199.96776719922718,5.367039142540482e-06,0.323,post-control
300000.0,600.0,0.002,200.96776719922718,4.988362425282144e-06,0.323,post-control
300000.0,600.0,0.002,201.96776719922718,4.636385924232885e-06,0.323,post-control
300000.0,600.0,0.002,202.96776719922718,4.309213410475413e-06,0.323,post-control
300000.0,600.0,0.002,203.96776719922718,4.005095122275083e-06,0.323,post-control
300000.0,600.0,0.002,204.96776719922718,3.722422687468647e-06,0.323,post-control
300000.0,600.0,0.002,205.96776719922718,3.459686704719863e-06,0.323,post-control
300000.0,600.0,0.002,206.47593279573442,3.3333581751100755e-06,0.323,post-control
1000000.0,2000.0,0.002,0.0,7.647407380688293e-11,0.323,pre-control
1000000.0,2000.0,0.002,0.025,7.843286491136487e-11,0.323,pre-control
1000000.0,2000.0,0.002,0.05,8.044182807256597e-11,0.323,pre-control
1000000.0,2000.0,0.002,0.07500000000000001,8.250224841384702e-11,0.323,pre-control
1000000.0,2000.0,0.002,0.1,8.461544392139545e-11,0.323,pre-control
1000000.0,2000.0,0.002,0.125,8.678276639546554e-11,0.323,pre-control
1000000.0,2000.0,0.002,0.15000000000000002,8.900560220418175e-11,0.323,pre-control
1000000.0,2000.0,0.002,0.17500000000000002,9.12853732841326e-11,0.323,pre-control
1000000.0,2000.0,0.002,0.2,9.362353793328409e-11,0.323,pre-control
1000000.0,2000.0,0.002,0.225,9.60215918634882e-11,0.323,pre-control
1000000.0,2000.0,0.002,0.25,9.848106903453538e-11,0.323,pre-control
1000000.0,2000.0,0.002,0.275,1.0100354276127108e-10,0.323,pre-control
1000000.0,2000.0,0.002,0.30000000000000004,1.0359062659092197e-10,0.323,pre-control
1000000.0,2000.0,0.002,0.325,1.0624397546765371e-10,0.323,pre-control
1000000.0,2000.0,0.002,0.35000000000000003,1.08965286655416e-10,0.323,pre-control
1000000.0,2000.0,0.002,0.375,1.1175630096292193e-10,0.323,pre-control
1000000.0,2000.0,0.002,0.4,1.1461880371437357e-10,0.323,pre-control
1000000.0,2000.0,0.002,0.42500000000000004,1.1755462603799772e-10,0.323,pre-control
1000000.0,2000.0,0.002,0.45,1.2056564588713628e-10,0.323,pre-control
1000000.0,2000.0,0.002,0.47500000000000003,1.2365378939563595e-10,0.323,pre-control
1000000.0,2000.0,0.002,0.5,1.268210319519165e-10,0.323,pre-control
1000000.0,2000.0,0.002,0.525,1.3006939962468302e-10,0.323,pre-control
1000000.0,2000.0,0.002,0.55,1.3340097029272084e-10,0.323,pre-control
1000000.0,2000.0,0.002,0.5750000000000001,1.3681787514457878e-10,0.323,pre-control
1000000.0,2000.0,0.002,0.6000000000000001,1.4032229986698214e-10,0.323,pre-control
1000000.0,2000.0,0.002,0.625,1.439164862223249e-10,0.323,pre-control
1000000.0,2000.0,0.002,0.65,1.4760273329874192e-10,0.323,pre-control
1000000.0,2000.0,0.002,0.675,1.5138339916944715e-10,0.323,pre-control
1000000.0,2000.0,0.002,0.7000000000000001,1.5526090220766427e-10,0.323,pre-control
1000000.0,2000.0,0.002,0.7250000000000001,1.592377228320573e-10,0.323,pre-control
1000000.0,2000.0,0.002,0.75,1.633164048898846e-10,0.323,pre-control
1000000.0,2000.0,0.002,0.775,1.6749955749298903e-10,0.323,pre-control
1000000.0,2000.0,0.002,0.8,1.7178985647271485e-10,0.323,pre-control
1000000.0,2000.0,0.002,0.8250000000000001,1.7619004631115565e-10,0.323,pre-control
1000000.0,2000.0,0.002,0.8500000000000001,1.8070294167155787e-10,0.323,pre-control
1000000.0,2000.0,0.002,0.875,1.8533142942976886e-10,0.323,pre-control
1000000.0,2000.0,0.002,0.9,1.9007847028404316e-10,0.323,pre-control
1000000.0,2000.0,0.002,0.925,1.9494710089188988e-10,0.323,pre-control
1000000.0,2000.0,0.002,0.9500000000000001,1.9994043556340107e-10,0.323,pre-control
1000000.0,2000.0,0.002,0.9750000000000001,2.0506166850896691e-10,0.323,pre-control
1000000.0,2000.0,0.002,1.0,2.1031407562046022e-10,0.323,pre-control
1000000.0,2000.0,0.002,1.0250000000000001,2.1570101683557102e-10,0.323,pre-control
1000000.0,2000.0,0.002,1.05,2.212259380114055e-10,0.323,pre-control
1000000.0,2000.0,0.002,1.075,2.2689237341149097e-10,0.323,pre-control
1000000.0,2000.0,0.002,1.1,2.32703947676584e-10,0.323,pre-control
1000000.0,2000.0,0.002,1.125,2.3866437844070995e-10,0.323,pre-control
1000000.0,2000.0,0.002,1.1500000000000001,2.4477747840422436e-10,0.323,pre-control
1000000.0,2000.0,0.002,1.175,2.510471580855818e-10,0.323,pre-control
1000000.0,2000.0,0.002,1.2000000000000002,2.5747742800195516e-10,0.323,pre-control
1000000.0,2000.0,0.002,1.225,2.640724015637765e-10,0.323,pre-control
1000000.0,2000.0,0.002,1.25,2.7083629736849495e-10,0.323,pre-control
1000000.0,2000.0,0.002,1.2750000000000001,2.777734422452968e-10,0.323,pre-control
1000000.0,2000.0,0.002,1.3,2.848882736678717e-10,0.323,pre-control
1000000.0,2000.0,0.002,1.3250000000000002,2.9218534295710413e-10,0.323,pre-control
1000000.0,2000.0,0.002,1.35,2.996693178190227e-10,0.323,pre-control
1000000.0,2000.0,0.002,1.375,3.0734498571365904e-10,0.323,pre-control
1000000.0,2000.0,0.002,1.4000000000000001,3.152172565246753e-10,0.323,pre-control
1000000.0,2000.0,0.002,1.425,3.232911661030109e-10,0.323,pre-control
1000000.0,2000.0,0.002,1.4500000000000002,3.315718790750212e-10,0.323,pre-control
1000000.0,2000.0,0.002,1.475,3.400646925699809e-10,0.323,pre-control
1000000.0,2000.0,0.002,1.5,3.487750391739189e-10,0.323,pre-control
1000000.0,2000.0,0.002,1.5250000000000001,3.577084908505195e-10,0.323,pre-control
1000000.0,2000.0,0.002,1.55,3.668707620482112e-10,0.323,pre-control
1000000.0,2000.0,0.002,1.5750000000000002,3.762677138244997e-10,0.323,pre-control
1000000.0,2000.0,0.002,1.6,3.8590535711426377e-10,0.323,pre-control
1000000.0,2000.0,0.002,1.625,3.9578985706807345e-10,0.323,pre-control
1000000.0,2000.0,0.002,1.6500000000000001,4.0592753649005694e-10,0.323,pre-control
1000000.0,2000.0,0.002,1.675,4.1632488040130635e-10,0.323,pre-control
1000000.0,2000.0,0.002,1.7000000000000002,4.269885396561146e-10,0.323,pre-control
1000000.0,2000.0,0.002,1.725,4.3792533574214635e-10,0.323,pre-control
1000000.0,2000.0,0.002,1.75,4.4914226458429885e-10,0.323,pre-control
1000000.0,2000.0,0.002,1.7750000000000001,4.606465015939236e-10,0.323,pre-control
1000000.0,2000.0,0.002,1.8,4.724454056700443e-10,0.323,pre-control
1000000.0,2000.0,0.002,1.8250000000000002,4.845465245105516e-10,0.323,pre-control
1000000.0,2000.0,0.002,1.85,4.969575988210185e-10,0.323,pre-control
1000000.0,2000.0,0.002,1.875,5.096865679014592e-10,0.323,pre-control
1000000.0,2000.0,0.002,1.9000000000000001,5.227415740735134e-10,0.323,pre-control
1000000.0,2000.0,0.002,1.925,5.36130968557066e-10,0.323,pre-control
1000000.0,2000.0,0.002,1.9500000000000002,5.498633161271302e-10,0.323,pre-control
1000000.0,2000.0,0.002,1.975,5.63947401295368e-10,0.323,pre-control
1000000.0,2000.0,0.002,2.0,5.783922332085893e-10,0.323,pre-control
1000000.0,2000.0,0.002,2.025,5.932070521509913e-10,0.323,pre-control
1000000.0,2000.0,0.002,2.0500000000000003,6.084013346968109e-10,0.323,pre-control
1000000.0,2000.0,0.002,2.075,6.239848005499232e-10,0.323,pre-control
1000000.0,2000.0,0.002,2.1,6.399674179638322e-10,0.323,pre-control
1000000.0,2000.0,0.002,2.125,6.56359410936133e-10,0.323,pre-control
1000000.0,2000.0,0.002,2.15,6.731712649097117e-10,0.323,pre-control
1000000.0,2000.0,0.002,2.1750000000000003,6.90413734340482e-10,0.323,pre-control
1000000.0,2000.0,0.002,2.2,7.080978486943831e-10,0.323,pre-control
1000000.0,2000.0,0.002,2.225,7.262349204077601e-10,0.323,pre-control
1000000.0,2000.0,0.002,2.25,7.448365511955075e-10,0.323,pre-control
1000000.0,2000.0,0.002,2.275,7.639146404244617e-10,0.323,pre-control
1000000.0,2000.0,0.002,2.3000000000000003,7.834813917488356e-10,0.323,pre-control
1000000.0,2000.0,0.002,2.325,8.035493219180524e-10,0.323,pre-control
1000000.0,2000.0,0.002,2.35,8.241312677564503e-10,0.323,pre-control
1000000.0,2000.0,0.002,2.375,8.452403954281006e-10,0.323,pre-control
1000000.0,2000.0,0.002,2.4000000000000004,8.668902077786435e-10,0.323,pre-control
1000000.0,2000.0,0.002,2.4250000000000003,8.890945540807976e-10,0.323,pre-control
1000000.0,2000.0,0.002,2.45,9.118676377571195e-10,0.323,pre-control
1000000.0,2000.0,0.002,2.475,9.35224026631145e-10,0.323,pre-control
1000000.0,2000.0,0.002,2.5,9.591786610508314e-10,0.323,pre-control
1000000.0,2000.0,0.002,2.5250000000000004,9.83746864671569e-10,0.323,pre-control
1000000.0,2000.0,0.002,2.5500000000000003,1.0089443530010935e-09,0.323,pre-control
1000000.0,2000.0,0.002,2.575,1.034787244741961e-09,0.323,pre-control
1000000.0,2000.0,0.002,2.6,1.061292070779803e-09,0.323,pre-control
1000000.0,2000.0,0.002,2.625,1.0884757861142887e-09,0.323,pre-control
1000000.0,2000.0,0.002,2.6500000000000004,1.1163557793137235e-09,0.323,pre-control
1000000.0,2000.0,0.002,2.6750000000000003,1.1449498850650307e-09,0.323,pre-control
1000000.0,2000.0,0.002,2.7,1.1742763941188944e-09,0.323,pre-control
1000000.0,2000.0,0.002,2.725,1.2043540664908771e-09,0.323,pre-control
1000000.0,2000.0,0.002,2.75,1.2352021419225508e-09,0.323,pre-control
1000000.0,2000.0,0.002,2.7750000000000004,1.26684035376754e-09,0.323,pre-control
1000000.0,2000.0,0.002,2.8000000000000003,1.2992889399954108e-09,0.323,pre-control
1000000.0,2000.0,0.002,2.825,1.332568657798176e-09,0.323,pre-control
1000000.0,2000.0,0.002,2.85,1.366700795165105e-09,0.323,pre-control
1000000.0,2000.0,0.002,2.875,1.4017071862470652e-09,0.323,pre-control
1000000.0,2000.0,0.002,2.9000000000000004,1.4376102235318785e-09,0.323,pre-control
1000000.0,2000.0,0.002,2.9250000000000003,1.474432874005816e-09,0.323,pre-control
1000000.0,2000.0,0.002,2.95,1.5121986919606618e-09,0.323,pre-control
1000000.0,2000.0,0.002,2.975,1.5509318359937224e-09,0.323,pre-control
1000000.0,2000.0,0.002,3.0,1.5906570824793649e-09,0.323,pre-control
1000000.0,2000.0,0.002,3.0250000000000004,1.6313998434510538e-09,0.323,pre-control
1000000.0,2000.0,0.002,3.0500000000000003,1.673186180771836e-09,0.323,pre-control
1000000.0,2000.0,0.002,3.075,1.7160428249441672e-09,0.323,pre-control
1000000.0,2000.0,0.002,3.1,1.759997190015612e-09,0.323,pre-control
1000000.0,2000.0,0.002,3.125,1.8050773933645903e-09,0.323,pre-control
1000000.0,2000.0,0.002,3.1500000000000004,1.8513122713794427e-09,0.323,pre-control
1000000.0,2000.0,0.002,3.1750000000000003,1.8987314002707285e-09,0.323,pre-control
1000000.0,2000.0,0.002,3.2,1.947365112563782e-09,0.323,pre-control
1000000.0,2000.0,0.002,3.225,1.9972445189908296e-09,0.323,pre-control
1000000.0,2000.0,0.002,3.25,2.0484015258392344e-09,0.323,pre-control
1000000.0,2000.0,0.002,3.2750000000000004,2.100868857979459e-09,0.323,pre-control
1000000.0,2000.0,0.002,3.3000000000000003,2.1546800771133984e-09,0.323,pre-control
1000000.0,2000.0,0.002,3.325,2.2098696059971192e-09,0.323,pre-control
1000000.0,2000.0,0.002,3.35,2.2664727476359835e-09,0.323,pre-control
1000000.0,2000.0,0.002,3.375,2.324525710764145e-09,0.323,pre-control
1000000.0,2000.0,0.002,3.4000000000000004,2.3840656300355938e-09,0.323,pre-control
1000000.0,2000.0,0.002,3.4250000000000003,2.445130592825614e-09,0.323,pre-control
1000000.0,2000.0,0.002,3.45,2.507759660469416e-09,0.323,pre-control
1000000.0,2000.0,0.002,3.475,2.5719928964541567e-09,0.323,pre-control
1000000.0,2000.0,0.002,3.5,2.6378713887594982e-09,0.323,pre-control
1000000.0,2000.0,0.002,3.5250000000000004,2.7054372795123394e-09,0.323,pre-control
1000000.0,2000.0,0.002,3.5500000000000003,2.7747337884864792e-09,0.323,pre-control
1000000.0,2000.0,0.002,3.575,2.8458052442959485e-09,0.323,pre-control
1000000.0,2000.0,0.002,3.6,2.918697109113919e-09,0.323,pre-control
1000000.0,2000.0,0.002,3.625,2.993456011484455e-09,0.323,pre-control
1000000.0,2000.0,0.002,3.6500000000000004,3.070129772323933e-09,0.323,pre-control
1000000.0,2000.0,0.002,3.6750000000000003,3.148767439435179e-09,0.323,pre-control
1000000.0,2000.0,0.002,3.7,3.229419314857945e-09,0.323,pre-control
1000000.0,2000.0,0.002,3.725,3.312136991173762e-09,0.323,pre-control
1000000.0,2000.0,0.002,3.75,3.3969733802754522e-09,0.323,pre-control
1000000.0,2000.0,0.002,3.7750000000000004,3.4839827515556164e-09,0.323,pre-control
1000000.0,2000.0,0.002,3.8000000000000003,3.573220762168803e-09,0.323,pre-control
1000000.0,2000.0,0.002,3.825,3.6647444972013648e-09,0.323,pre-control
1000000.0,2000.0,0.002,3.85,3.758612501503733e-09,0.323,pre-control
1000000.0,2000.0,0.002,3.875,3.854884821944422e-09,0.323,pre-control
1000000.0,2000.0,0.002,3.9000000000000004,3.953623040893896e-09,0.323,pre-control
1000000.0,2000.0,0.002,3.9250000000000003,4.054890320670842e-09,0.323,pre-control
1000000.0,2000.0,0.002,3.95,4.158751438763315e-09,0.323,pre-control
1000000.0,2000.0,0.002,3.975,4.265272834581048e-09,0.323,pre-control
1000000.0,2000.0,0.002,4.0,4.3745226465039786e-09,0.323,pre-control
1000000.0,2000.0,0.002,4.025,4.4865707610602555e-09,0.323,pre-control
1000000.0,2000.0,0.002,4.05,4.601488851896958e-09,0.323,pre-control
1000000.0,2000.0,0.002,4.075,4.719350431509658e-09,0.323,pre-control
1000000.0,2000.0,0.002,4.1000000000000005,4.840230892235066e-09,0.323,pre-control
1000000.0,2000.0,0.002,4.125,4.964207560664493e-09,0.323,pre-control
1000000.0,2000.0,0.002,4.15,5.0913597407633865e-09,0.323,pre-control
1000000.0,2000.0,0.002,4.175,5.221768771107917e-09,0.323,pre-control
1000000.0,2000.0,0.002,4.2,5.35551807024173e-09,0.323,pre-control
1000000.0,2000.0,0.002,4.2250000000000005,5.492693196882168e-09,0.323,pre-control
1000000.0,2000.0,0.002,4.25,5.633381897630279e-09,0.323,pre-control
1000000.0,2000.0,0.002,4.275,5.7776741703007965e-09,0.323,pre-control
1000000.0,2000.0,0.002,4.3,5.925662314107465e-09,0.323,pre-control
1000000.0,2000.0,0.002,4.325,6.077440996278833e-09,0.323,pre-control
1000000.0,2000.0,0.002,4.3500000000000005,6.233107304847374e-09,0.323,pre-control
1000000.0,2000.0,0.002,4.375,6.3927608187215155e-09,0.323,pre-control
1000000.0,2000.0,0.002,4.4,6.556503663213704e-09,0.323,pre-control
1000000.0,2000.0,0.002,4.425,6.724440583747972e-09,0.323,pre-control
1000000.0,2000.0,0.002,4.45,6.896679004269018e-09,0.323,pre-control
1000000.0,2000.0,0.002,4.4750000000000005,7.07332910477399e-09,0.323,pre-control
1000000.0,2000.0,0.002,4.5,7.254503882752003e-09,0.323,pre-control
1000000.0,2000.0,0.002,4.525,7.440319234738618e-09,0.323,pre-control
1000000.0,2000.0,0.002,4.55,7.630894020942989e-09,0.323,pre-control
1000000.0,2000.0,0.002,4.575,7.82635015103372e-09,0.323,pre-control
1000000.0,2000.0,0.002,4.6000000000000005,8.026812652119091e-09,0.323,pre-control
1000000.0,2000.0,0.002,4.625,8.232409758983757e-09,0.323,pre-control
1000000.0,2000.0,0.002,4.65,8.443272985596113e-09,0.323,pre-control
1000000.0,2000.0,0.002,4.675,8.659537220026704e-09,0.323,pre-control
1000000.0,2000.0,0.002,4.7,8.881340799665691e-09,0.323,pre-control
1000000.0,2000.0,0.002,4.7250000000000005,9.108825611065977e-09,0.323,pre-control
1000000.0,2000.0,0.002,4.75,9.342137169063165e-09,0.323,pre-control
1000000.0,2000.0,0.002,4.775,9.58142472179898e-09,0.323,pre-control
1000000.0,2000.0,0.002,4.800000000000001,9.826841333946197e-09,0.323,pre-control
1000000.0,2000.0,0.002,4.825,1.007854399718103e-08,0.323,pre-control
1000000.0,2000.0,0.002,4.8500000000000005,1.033669371772615e-08,0.323,pre-control
1000000.0,2000.0,0.002,4.875,1.0601455632554685e-08,0.323,pre-control
1000000.0,2000.0,0.002,4.9,1.0872999101475317e-08,0.323,pre-control
1000000.0,2000.0,0.002,4.925000000000001,1.115149782936537e-08,0.323,pre-control
1000000.0,2000.0,0.002,4.95,1.143712996303354e-08,0.323,pre-control
1000000.0,2000.0,0.002,4.9750000000000005,1.173007821979498e-08,0.323,pre-control
1000000.0,2000.0,0.002,5.0,1.2030529989359504e-08,0.323,pre-control
1000000.0,2000.0,0.002,5.025,1.2338677469077645e-08,0.323,pre-control
1000000.0,2000.0,0.002,5.050000000000001,1.2654717771115188e-08,0.323,pre-control
1000000.0,2000.0,0.002,5.075,1.2978853064716212e-08,0.323,pre-control
1000000.0,2000.0,0.002,5.1000000000000005,1.3311290688938313e-08,0.323,pre-control
1000000.0,2000.0,0.002,5.125,1.3652243302296649e-08,0.323,pre-control
1000000.0,2000.0,0.002,5.15,1.4001929001348323e-08,0.323,pre-control
1000000.0,2000.0,0.002,5.175000000000001,1.4360571478100472e-08,0.323,pre-control
1000000.0,2000.0,0.002,5.2,1.4728400144747164e-08,0.323,pre-control
1000000.0,2000.0,0.002,5.2250000000000005,1.5105650299244495e-08,0.323,pre-control
1000000.0,2000.0,0.002,5.25,1.549256325651915e-08,0.323,pre-control
1000000.0,2000.0,0.002,5.275,1.5889386522634166e-08,0.323,pre-control
1000000.0,2000.0,0.002,5.300000000000001,1.6296373932805054e-08,0.323,pre-control
1000000.0,2000.0,0.002,5.325,1.671378583460181e-08,0.323,pre-control
1000000.0,2000.0,0.002,5.3500000000000005,1.714188923312595e-08,0.323,pre-control
1000000.0,2000.0,0.002,5.375,1.758095798371752e-08,0.323,pre-control
1000000.0,2000.0,0.002,5.4,1.803127294466448e-08,0.323,pre-control
1000000.0,2000.0,0.002,5.425000000000001,1.8493122179908052e-08,0.323,pre-control
1000000.0,2000.0,0.002,5.45,1.8966801119675075e-08,0.323,pre-control
1000000.0,2000.0,0.002,5.4750000000000005,1.9452612773700584e-08,0.323,pre-control
1000000.0,2000.0,0.002,5.5,1.9950867900194166e-08,0.323,pre-control
1000000.0,2000.0,0.002,5.525,2.0461885230125337e-08,0.323,pre-control
1000000.0,2000.0,0.002,5.550000000000001,2.0985991644956437e-08,0.323,pre-control
1000000.0,2000.0,0.002,5.575,2.152352241256462e-08,0.323,pre-control
1000000.0,2000.0,0.002,5.6000000000000005,2.2074821374196336e-08,0.323,pre-control
1000000.0,2000.0,0.002,5.625,2.2640241192629543e-08,0.323,pre-control
1000000.0,2000.0,0.002,5.65,2.322014354882813e-08,0.323,pre-control
1000000.0,2000.0,0.002,5.675000000000001,2.381489940297965e-08,0.323,pre-control
1000000.0,2000.0,0.002,5.7,2.4424889201352688e-08,0.323,pre-control
1000000.0,2000.0,0.002,5.7250000000000005,2.5050503150878363e-08,0.323,pre-control
1000000.0,2000.0,0.002,5.75,2.5692141436739936e-08,0.323,pre-control
1000000.0,2000.0,0.002,5.775,2.6350214511200623e-08,0.323,pre-control
1000000.0,2000.0,0.002,5.800000000000001,2.702514332248248e-08,0.323,pre-control
1000000.0,2000.0,0.002,5.825,2.771735961857947e-08,0.323,pre-control
1000000.0,2000.0,0.002,5.8500000000000005,2.842730618801158e-08,0.323,pre-control
1000000.0,2000.0,0.002,5.875,2.9155437179400462e-08,0.323,pre-control
1000000.0,2000.0,0.002,5.9,2.990221835471482e-08,0.323,pre-control
1000000.0,2000.0,0.002,5.925000000000001,3.0668127425426716e-08,0.323,pre-control
1000000.0,2000.0,0.002,5.95,3.145365431889598e-08,0.323,pre-control
1000000.0,2000.0,0.002,5.9750000000000005,3.2259301531967725e-08,0.323,pre-control
1000000.0,2000.0,0.002,6.0,3.308558441117737e-08,0.323,pre-control
1000000.0,2000.0,0.002,6.025,3.39330315246941e-08,0.323,pre-control
1000000.0,2000.0,0.002,6.050000000000001,3.480218495706384e-08,0.323,pre-control
1000000.0,2000.0,0.002,6.075,3.5693600700450183e-08,0.323,pre-control
1000000.0,2000.0,0.002,6.1000000000000005,3.660784896466995e-08,0.323,pre-control
1000000.0,2000.0,0.002,6.125,3.754551458873261e-08,0.323,pre-control
1000000.0,2000.0,0.002,6.15,3.8507197366961634e-08,0.323,pre-control
1000000.0,2000.0,0.002,6.175000000000001,3.949351248188597e-08,0.323,pre-control
1000000.0,2000.0,0.002,6.2,4.0505090847281386e-08,0.323,pre-control
1000000.0,2000.0,0.002,6.2250000000000005,4.154257956352211e-08,0.323,pre-control
1000000.0,2000.0,0.002,6.25,4.260664227841991e-08,0.323,pre-control
1000000.0,2000.0,0.002,6.275,4.369795966620099e-08,0.323,pre-control
1000000.0,2000.0,0.002,6.300000000000001,4.481722980706654e-08,0.323,pre-control
1000000.0,2000.0,0.002,6.325,4.59651686910203e-08,0.323,pre-control
1000000.0,2000.0,0.002,6.3500000000000005,4.714251061712224e-08,0.323,pre-control
1000000.0,2000.0,0.002,6.375,4.835000872345593e-08,0.323,pre-control
1000000.0,2000.0,0.002,6.4,4.958843540709693e-08,0.323,pre-control
1000000.0,2000.0,0.002,6.425000000000001,5.085858288157649e-08,0.323,pre-control
1000000.0,2000.0,0.002,6.45,5.2161263618638984e-08,0.323,pre-control
1000000.0,2000.0,0.002,6.4750000000000005,5.349731093462901e-08,0.323,pre-control
1000000.0,2000.0,0.002,6.5,5.486757945516806e-08,0.323,pre-control
1000000.0,2000.0,0.002,6.525,5.6272945731965417e-08,0.323,pre-control
1000000.0,2000.0,0.002,6.550000000000001,5.771430873160366e-08,0.323,pre-control
1000000.0,2000.0,0.002,6.575,5.919259048435133e-08,0.323,pre-control
1000000.0,2000.0,0.002,6.6000000000000005,6.070873659830851e-08,0.323,pre-control
1000000.0,2000.0,0.002,6.625,6.226371694188144e-08,0.323,pre-control
1000000.0,2000.0,0.002,6.65,6.385852618460365e-08,0.323,pre-control
1000000.0,2000.0,0.002,6.675000000000001,6.54941845150194e-08,0.323,pre-control
1000000.0,2000.0,0.002,6.7,6.717173820956394e-08,0.323,pre-control
1000000.0,2000.0,0.002,6.7250000000000005,6.889226038769333e-08,0.323,pre-control
1000000.0,2000.0,0.002,6.75,7.065685161027931e-08,0.323,pre-control
1000000.0,2000.0,0.002,6.775,7.246664067391778e-08,0.323,pre-control
1000000.0,2000.0,0.002,6.800000000000001,7.432278524036994e-08,0.323,pre-control
1000000.0,2000.0,0.002,6.825,7.622647267208154e-08,0.323,pre-control
1000000.0,2000.0,0.002,6.8500000000000005,7.81789206942818e-08,0.323,pre-control
1000000.0,2000.0,0.002,6.875,8.018137827385108e-08,0.323,pre-control
1000000.0,2000.0,0.002,6.9,8.223512631577163e-08,0.323,pre-control
1000000.0,2000.0,0.002,6.925000000000001,8.434147858759336e-08,0.323,pre-control
1000000.0,2000.0,0.002,6.95,8.650178245201787e-08,0.323,pre-control
1000000.0,2000.0,0.002,6.9750000000000005,8.871741983932884e-08,0.323,pre-control
1000000.0,2000.0,0.002,7.0,9.09898080179837e-08,0.323,pre-control
1000000.0,2000.0,0.002,7.025,9.332040061749668e-08,0.323,pre-control
1000000.0,2000.0,0.002,7.050000000000001,9.571068843901065e-08,0.323,pre-control
1000000.0,2000.0,0.002,7.075,9.816220053124972e-08,0.323,pre-control
1000000.0,2000.0,0.002,7.1000000000000005,1.006765050431464e-07,0.323,pre-control
1000000.0,2000.0,0.002,7.125,1.0325521035561651e-07,0.323,pre-control
1000000.0,2000.0,0.002,7.15,1.0589996597842317e-07,0.323,pre-control
1000000.0,2000.0,0.002,7.175000000000001,1.0861246374067104e-07,0.323,pre-control
1000000.0,2000.0,0.002,7.2,1.1139443873420122e-07,0.323,pre-control
1000000.0,2000.0,0.002,7.2250000000000005,1.1424767056585235e-07,0.323,pre-control
1000000.0,2000.0,0.002,7.25,1.1717398434979988e-07,0.323,pre-control
1000000.0,2000.0,0.002,7.275,1.201752520247881e-07,0.323,pre-control
1000000.0,2000.0,0.002,7.300000000000001,1.2325339339795415e-07,0.323,pre-control
1000000.0,2000.0,0.002,7.325,1.2641037753040054e-07,0.323,pre-control
1000000.0,2000.0,0.002,7.3500000000000005,1.2964822383517614e-07,0.323,pre-control
1000000.0,2000.0,0.002,7.375,1.3296900353473432e-07,0.323,pre-control
1000000.0,2000.0,0.002,7.4,1.3637484081587993e-07,0.323,pre-control
1000000.0,2000.0,0.002,7.425000000000001,1.3986791436284353e-07,0.323,pre-control
1000000.0,2000.0,0.002,7.45,1.434504585721488e-07,0.323,pre-control
1000000.0,2000.0,0.002,7.4750000000000005,1.471247651652273e-07,0.323,pre-control
1000000.0,2000.0,0.002,7.5,1.5089318446631398e-07,0.323,pre-control
1000000.0,2000.0,0.002,7.525,1.5475812709872844e-07,0.323,pre-control
1000000.0,2000.0,0.002,7.550000000000001,1.587220653290701e-07,0.323,pre-control
1000000.0,2000.0,0.002,7.575,1.627875348515051e-07,0.323,pre-control
1000000.0,2000.0,0.002,7.6000000000000005,1.6695713620170194e-07,0.323,pre-control
1000000.0,2000.0,0.002,7.625,1.7123353663368924e-07,0.323,pre-control
1000000.0,2000.0,0.002,7.65,1.7561947160714924e-07,0.323,pre-control
1000000.0,2000.0,0.002,7.675000000000001,1.801177467616506e-07,0.323,pre-control
1000000.0,2000.0,0.002,7.7,1.8473123948110374e-07,0.323,pre-control
1000000.0,2000.0,0.002,7.7250000000000005,1.8946290097042195e-07,0.323,pre-control
1000000.0,2000.0,0.002,7.75,1.943157579011414e-07,0.323,pre-control
1000000.0,2000.0,0.002,7.775,1.9929291459582337e-07,0.323,pre-control
1000000.0,2000.0,0.002,7.800000000000001,2.0439755475905113e-07,0.323,pre-control
1000000.0,2000.0,0.002,7.825,2.096329437751614e-07,0.323,pre-control
1000000.0,2000.0,0.002,7.8500000000000005,2.1500243052904914e-07,0.323,pre-control
1000000.0,2000.0,0.002,7.875,2.205094498231067e-07,0.323,pre-control
1000000.0,2000.0,0.002,7.9,2.2615752429249453e-07,0.323,pre-control
1000000.0,2000.0,0.002,7.925000000000001,2.3195026694747448e-07,0.323,pre-control
1000000.0,2000.0,0.002,7.95,2.3789138318804524e-07,0.323,pre-control
1000000.0,2000.0,0.002,7.9750000000000005,2.439846734781769e-07,0.323,pre-control
1000000.0,2000.0,0.002,8.0,2.502340354649651e-07,0.323,pre-control
1000000.0,2000.0,0.002,8.025,2.5664346679160854e-07,0.323,pre-control
1000000.0,2000.0,0.002,8.05,2.632170673265062e-07,0.323,pre-control
1000000.0,2000.0,0.002,8.075000000000001,2.6995904212217384e-07,0.323,pre-control
1000000.0,2000.0,0.002,8.1,2.76873703759988e-07,0.323,pre-control
1000000.0,2000.0,0.002,8.125,2.8396547546261495e-07,0.323,pre-control
1000000.0,2000.0,0.002,8.15,2.9123889356039807e-07,0.323,pre-control
1000000.0,2000.0,0.002,8.175,2.9869861076526153e-07,0.323,pre-control
1000000.0,2000.0,0.002,8.200000000000001,3.063493987650564e-07,0.323,pre-control
1000000.0,2000.0,0.002,8.225,3.141961516673133e-07,0.323,pre-control
1000000.0,2000.0,0.002,8.25,3.222438887281856e-07,0.323,pre-control
1000000.0,2000.0,0.002,8.275,3.3049775797486247e-07,0.323,pre-control
1000000.0,2000.0,0.002,8.3,3.3896303907608794e-07,0.323,pre-control
1000000.0,2000.0,0.002,8.325000000000001,3.476451471525086e-07,0.323,pre-control
1000000.0,2000.0,0.002,8.35,3.565496357961107e-07,0.323,pre-control
1000000.0,2000.0,0.002,8.375,3.6568220107825104e-07,0.323,pre-control
1000000.0,2000.0,0.002,8.4,3.750486847257374e-07,0.323,pre-control
1000000.0,2000.0,0.002,8.425,3.846550783367948e-07,0.323,pre-control
1000000.0,2000.0,0.002,8.450000000000001,3.9450752672192097e-07,0.323,pre-control
1000000.0,2000.0,0.002,8.475,4.0461233233857184e-07,0.323,pre-control
1000000.0,2000.0,0.002,8.5,4.149759588053398e-07,0.323,pre-control
1000000.0,2000.0,0.002,8.525,4.2560503556670416e-07,0.323,pre-control
1000000.0,2000.0,0.002,8.55,4.365063615895196e-07,0.323,pre-control
1000000.0,2000.0,0.002,8.575000000000001,4.4768691026977334e-07,0.323,pre-control
1000000.0,2000.0,0.002,8.6,4.5915383332083693e-07,0.323,pre-control
1000000.0,2000.0,0.002,8.625,4.70914465934785e-07,0.323,pre-control
1000000.0,2000.0,0.002,8.65,4.829763308723567e-07,0.323,pre-control
1000000.0,2000.0,0.002,8.675,4.953471438920369e-07,0.323,pre-control
1000000.0,2000.0,0.002,8.700000000000001,5.080348180521995e-07,0.323,pre-control
1000000.0,2000.0,0.002,8.725,5.210474694218359e-07,0.323,pre-control
1000000.0,2000.0,0.002,8.75,5.34393421605886e-07,0.323,pre-control
1000000.0,2000.0,0.002,8.775,5.480812117522253e-07,0.323,pre-control
1000000.0,2000.0,0.002,8.8,5.621195953117552e-07,0.323,pre-control
1000000.0,2000.0,0.002,8.825000000000001,5.765175523570237e-07,0.323,pre-control
1000000.0,2000.0,0.002,8.85,5.912842925892495e-07,0.323,pre-control
1000000.0,2000.0,0.002,8.875,6.064292619847421e-07,0.323,pre-control
1000000.0,2000.0,0.002,8.9,6.219621480616649e-07,0.323,pre-control
1000000.0,2000.0,0.002,8.925,6.378928868712546e-07,0.323,pre-control
1000000.0,2000.0,0.002,8.950000000000001,6.542316685378073e-07,0.323,pre-control
1000000.0,2000.0,0.002,8.975,6.709889446125729e-07,0.323,pre-control
1000000.0,2000.0,0.002,9.0,6.881754339011398e-07,0.323,pre-control
1000000.0,2000.0,0.002,9.025,7.058021301988156e-07,0.323,pre-control
1000000.0,2000.0,0.002,9.05,7.238803084203069e-07,0.323,pre-control
1000000.0,2000.0,0.002,9.075000000000001,7.424215327363901e-07,0.323,pre-control
1000000.0,2000.0,0.002,9.1,7.614376630215579e-07,0.323,pre-control
1000000.0,2000.0,0.002,9.125,7.809408634127932e-07,0.323,pre-control
1000000.0,2000.0,0.002,9.15,8.009436090916746e-07,0.323,pre-control
1000000.0,2000.0,0.002,9.175,8.214586952871401e-07,0.323,pre-control
1000000.0,2000.0,0.002,9.200000000000001,8.424992444094118e-07,0.323,pre-control
1000000.0,2000.0,0.002,9.225,8.640787155197692e-07,0.323,pre-control
1000000.0,2000.0,0.002,9.25,8.862109118345413e-07,0.323,pre-control
1000000.0,2000.0,0.002,9.275,9.089099906861121e-07,0.323,pre-control
1000000.0,2000.0,0.002,9.3,9.32190471416162e-07,0.323,pre-control
1000000.0,2000.0,0.002,9.325000000000001,9.560672458533998e-07,0.323,pre-control
1000000.0,2000.0,0.002,9.35,9.805555866162338e-07,0.323,pre-control
1000000.0,2000.0,0.002,9.375,1.0056711581340287e-06,0.323,pre-control
1000000.0,2000.0,0.002,9.4,1.0314300253804387e-06,0.323,pre-control
1000000.0,2000.0,0.002,9.425,1.0578486654663694e-06,0.323,pre-control
1000000.0,2000.0,0.002,9.450000000000001,1.0849439768263256e-06,0.323,pre-control
1000000.0,2000.0,0.002,9.475,1.1127332914127176e-06,0.323,pre-control
1000000.0,2000.0,0.002,9.5,1.1412343843587142e-06,0.323,pre-control
1000000.0,2000.0,0.002,9.525,1.1704654868050828e-06,0.323,pre-control
1000000.0,2000.0,0.002,9.55,1.2004452960642468e-06,0.323,pre-control
1000000.0,2000.0,0.002,9.575000000000001,1.2311929891124775e-06,0.323,pre-control
1000000.0,2000.0,0.002,9.600000000000001,1.2627282332811428e-06,0.323,pre-control
1000000.0,2000.0,0.002,9.625,1.2950712004487445e-06,0.323,pre-control
1000000.0,2000.0,0.002,9.65,1.3282425782867066e-06,0.323,pre-control
1000000.0,2000.0,0.002,9.675,1.3622635851875441e-06,0.323,pre-control
1000000.0,2000.0,0.002,9.700000000000001,1.3971559820939333e-06,0.323,pre-control
1000000.0,2000.0,0.002,9.725000000000001,1.4329420882012051e-06,0.323,pre-control
1000000.0,2000.0,0.002,9.75,1.4696447933999328e-06,0.323,pre-control
1000000.0,2000.0,0.002,9.775,1.5072875747929007e-06,0.323,pre-control
1000000.0,2000.0,0.002,9.8,1.545894509783016e-06,0.323,pre-control
1000000.0,2000.0,0.002,9.825000000000001,1.585490293446975e-06,0.323,pre-control
1000000.0,2000.0,0.002,9.850000000000001,1.6261002523019817e-06,0.323,pre-control
1000000.0,2000.0,0.002,9.875,1.6677503625805183e-06,0.323,pre-control
1000000.0,2000.0,0.002,9.9,1.710467264711065e-06,0.323,pre-control
1000000.0,2000.0,0.002,9.925,1.7542782825406921e-06,0.323,pre-control
1000000.0,2000.0,0.002,9.950000000000001,1.7992114385667852e-06,0.323,pre-control
1000000.0,2000.0,0.002,9.975000000000001,1.8452954741566293e-06,0.323,pre-control
1000000.0,2000.0,0.002,10.0,1.8925598655690536e-06,0.323,pre-control
1000000.0,2000.0,0.002,10.025,1.9410348452227025e-06,0.323,pre-control
1000000.0,2000.0,0.002,10.05,1.990751418548543e-06,0.323,pre-control
1000000.0,2000.0,0.002,10.075000000000001,2.041741386361174e-06,0.323,pre-control
1000000.0,2000.0,0.002,10.100000000000001,2.0940373625852985e-06,0.323,pre-control
1000000.0,2000.0,0.002,10.125,2.147672797787239e-06,0.323,pre-control
1000000.0,2000.0,0.002,10.15,2.202681997820671e-06,0.323,pre-control
1000000.0,2000.0,0.002,10.175,2.2591001485784886e-06,0.323,pre-control
1000000.0,2000.0,0.002,10.200000000000001,2.3169633356054296e-06,0.323,pre-control
1000000.0,2000.0,0.002,10.225000000000001,2.3763085701335826e-06,0.323,pre-control
1000000.0,2000.0,0.002,10.25,2.4371738097120005e-06,0.323,pre-control
1000000.0,2000.0,0.002,10.275,2.499597985592384e-06,0.323,pre-control
1000000.0,2000.0,0.002,10.3,2.5636210244283873e-06,0.323,pre-control
1000000.0,2000.0,0.002,10.325000000000001,2.629283877081441e-06,0.323,pre-control
1000000.0,2000.0,0.002,10.350000000000001,2.696628541445221e-06,0.323,pre-control
1000000.0,2000.0,0.002,10.375,2.7656980927451975e-06,0.323,pre-control
1000000.0,2000.0,0.002,10.4,2.8365367075465706e-06,0.323,pre-control
1000000.0,2000.0,0.002,10.425,2.9091896956249575e-06,0.323,pre-control
1000000.0,2000.0,0.002,10.450000000000001,2.983703525219094e-06,0.323,pre-control
1000000.0,2000.0,0.002,10.475000000000001,3.0601258565541276e-06,0.323,pre-control
1000000.0,2000.0,0.002,10.5,3.138505568403549e-06,0.323,pre-control
1000000.0,2000.0,0.002,10.525,3.2188927933507384e-06,0.323,pre-control
1000000.0,2000.0,0.002,10.55,3.301338945727952e-06,0.323,pre-control
1000000.0,2000.0,0.002,10.575000000000001,3.3858967587061586e-06,0.323,pre-control
1000000.0,2000.0,0.002,10.600000000000001,3.472620313682473e-06,0.323,pre-control
1000000.0,2000.0,0.002,10.625,3.5615650792929883e-06,0.323,pre-control
1000000.0,2000.0,0.002,10.65,3.652787942323688e-06,0.323,pre-control
1000000.0,2000.0,0.002,10.675,3.746347248745897e-06,0.323,pre-control
1000000.0,2000.0,0.002,10.700000000000001,3.84230283622955e-06,0.323,pre-control
1000000.0,2000.0,0.002,10.725000000000001,3.940716077306109e-06,0.323,pre-control
1000000.0,2000.0,0.002,10.75,4.041649913567136e-06,0.323,pre-control
1000000.0,2000.0,0.002,10.775,4.145168901064896e-06,0.323,pre-control
1000000.0,2000.0,0.002,10.8,4.251339246283502e-06,0.323,pre-control
1000000.0,2000.0,0.002,10.825000000000001,4.360228853893064e-06,0.323,pre-control
1000000.0,2000.0,0.002,10.850000000000001,4.471907364585274e-06,0.323,pre-control
1000000.0,2000.0,0.002,10.875,4.586446205302963e-06,0.323,pre-control
1000000.0,2000.0,0.002,10.9,4.703918629036646e-06,0.323,pre-control
1000000.0,2000.0,0.002,10.925,4.824399767657689e-06,0.323,pre-control
1000000.0,2000.0,0.002,10.950000000000001,4.947966673777296e-06,0.323,pre-control
1000000.0,2000.0,0.002,10.975000000000001,5.0746983763181845e-06,0.323,pre-control
1000000.0,2000.0,0.002,11.0,5.204675924542725e-06,0.323,pre-control
1000000.0,2000.0,0.002,11.025,5.337982446504937e-06,0.323,pre-control
1000000.0,2000.0,0.002,11.05,5.47470319536004e-06,0.323,pre-control
1000000.0,2000.0,0.002,11.075000000000001,5.614925610845836e-06,0.323,pre-control
1000000.0,2000.0,0.002,11.100000000000001,5.7587393679918415e-06,0.323,pre-control
1000000.0,2000.0,0.002,11.125,5.906236441786828e-06,0.323,pre-control
1000000.0,2000.0,0.002,11.15,6.057511158411695e-06,0.323,pre-control
1000000.0,2000.0,0.002,11.175,6.212660263258089e-06,0.323,pre-control
1000000.0,2000.0,0.002,11.200000000000001,6.371782974815522e-06,0.323,pre-control
1000000.0,2000.0,0.002,11.225000000000001,6.53498105621462e-06,0.323,pre-control
1000000.0,2000.0,0.002,11.25,6.702358871905734e-06,0.323,pre-control
1000000.0,2000.0,0.002,11.275,6.874023462909202e-06,0.323,pre-control
1000000.0,2000.0,0.002,11.3,7.050084606429824e-06,0.323,pre-control
1000000.0,2000.0,0.002,11.325000000000001,7.230654895005892e-06,0.323,pre-control
1000000.0,2000.0,0.002,11.350000000000001,7.415849799211462e-06,0.323,pre-control
1000000.0,2000.0,0.002,11.375,7.6057877509057865e-06,0.323,pre-control
1000000.0,2000.0,0.002,11.4,7.800590209183034e-06,0.323,pre-control
1000000.0,2000.0,0.002,11.425,8.00038174793421e-06,0.323,pre-control
1000000.0,2000.0,0.002,11.450000000000001,8.205290125212132e-06,0.323,pre-control
1000000.0,2000.0,0.002,11.475000000000001,8.415446375329011e-06,0.323,pre-control
1000000.0,2000.0,0.002,11.5,8.630984881813115e-06,0.323,pre-control
1000000.0,2000.0,0.002,11.525,8.852043474276548e-06,0.323,pre-control
1000000.0,2000.0,0.002,11.55,9.078763505149185e-06,0.323,pre-control
1000000.0,2000.0,0.002,11.575000000000001,9.311289951563205e-06,0.323,pre-control
1000000.0,2000.0,0.002,11.600000000000001,9.549771496059587e-06,0.323,pre-control
1000000.0,2000.0,0.002,11.625,9.794360633748614e-06,0.323,pre-control
1000000.0,2000.0,0.002,11.65,1.0045213757194128e-05,0.323,pre-control
1000000.0,2000.0,0.002,11.675,1.0302491269122688e-05,0.323,pre-control
1000000.0,2000.0,0.002,11.700000000000001,1.0566357671701198e-05,0.323,pre-control
1000000.0,2000.0,0.002,11.725000000000001,1.0836981685081585e-05,0.323,pre-control
1000000.0,2000.0,0.002,11.75,1.1114536341298536e-05,0.323,pre-control
1000000.0,2000.0,0.002,11.775,1.1399199108951154e-05,0.323,pre-control
1000000.0,2000.0,0.002,11.8,1.1691151991959246e-05,0.323,pre-control
1000000.0,2000.0,0.002,11.825000000000001,1.1990581660698795e-05,0.323,pre-control
1000000.0,2000.0,0.002,11.850000000000001,1.2297679555867694e-05,0.323,pre-control
1000000.0,2000.0,0.002,11.875,1.2612642026408195e-05,0.323,pre-control
1000000.0,2000.0,0.002,11.9,1.2935670438745635e-05,0.323,pre-control
1000000.0,2000.0,0.002,11.925,1.3266971321848196e-05,0.323,pre-control
1000000.0,2000.0,0.002,11.950000000000001,1.360675648211557e-05,0.323,pre-control
1000000.0,2000.0,0.002,11.975000000000001,1.395524315594463e-05,0.323,pre-control
1000000.0,2000.0,0.002,12.0,1.4312654130559162e-05,0.323,pre-control
1000000.0,2000.0,0.002,12.025,1.4679217904468696e-05,0.323,pre-control
1000000.0,2000.0,0.002,12.05,1.5055168814545446e-05,0.323,pre-control
1000000.0,2000.0,0.002,12.075000000000001,1.5440747204758568e-05,0.323,pre-control
1000000.0,2000.0,0.002,12.100000000000001,1.58361995599433e-05,0.323,pre-control
1000000.0,2000.0,0.002,12.125,1.624177868292962e-05,0.323,pre-control
1000000.0,2000.0,0.002,12.15,1.6657743835914602e-05,0.323,pre-control
1000000.0,2000.0,0.002,12.175,1.7084360925594615e-05,0.323,pre-control
1000000.0,2000.0,0.002,12.200000000000001,1.752190265346754e-05,0.323,pre-control
1000000.0,2000.0,0.002,12.225000000000001,1.797064870843122e-05,0.323,pre-control
1000000.0,2000.0,0.002,12.25,1.8430885927548856e-05,0.323,pre-control
1000000.0,2000.0,0.002,12.275,1.8902908495153394e-05,0.323,pre-control
1000000.0,2000.0,0.002,12.3,1.9387018116269406e-05,0.323,pre-control
1000000.0,2000.0,0.002,12.325000000000001,1.988352422063979e-05,0.323,pre-control
1000000.0,2000.0,0.002,12.350000000000001,2.0392744151534163e-05,0.323,pre-control
1000000.0,2000.0,0.002,12.375,2.091500337287219e-05,0.323,pre-control
1000000.0,2000.0,0.002,12.4,2.1450635676079865e-05,0.323,pre-control
1000000.0,2000.0,0.002,12.425,2.1999983389052735e-05,0.323,pre-control
1000000.0,2000.0,0.002,12.450000000000001,2.2563397602686937e-05,0.323,pre-control
1000000.0,2000.0,0.002,12.475000000000001,2.3141238382044184e-05,0.323,pre-control
1000000.0,2000.0,0.002,12.5,2.3733875012132007e-05,0.323,pre-control
1000000.0,2000.0,0.002,12.525,2.43416862140925e-05,0.323,pre-control
1000000.0,2000.0,0.002,12.55,2.4965060407284768e-05,0.323,pre-control
1000000.0,2000.0,0.002,12.575000000000001,2.560439593579228e-05,0.323,pre-control
1000000.0,2000.0,0.002,12.600000000000001,2.6260101341623684e-05,0.323,pre-control
1000000.0,2000.0,0.002,12.625,2.693259560902774e-05,0.323,pre-control
1000000.0,2000.0,0.002,12.65,2.762230844135794e-05,0.323,pre-control
1000000.0,2000.0,0.002,12.675,2.832968053243017e-05,0.323,pre-control
1000000.0,2000.0,0.002,12.700000000000001,2.9055163841290618e-05,0.323,pre-control
1000000.0,2000.0,0.002,12.725000000000001,2.9799221892959594e-05,0.323,pre-control
1000000.0,2000.0,0.002,12.75,3.0562330055567746e-05,0.323,pre-control
1000000.0,2000.0,0.002,12.775,3.134497586292714e-05,0.323,pre-control
1000000.0,2000.0,0.002,12.8,3.2147659306419276e-05,0.323,pre-control
1000000.0,2000.0,0.002,12.825000000000001,3.297089316569245e-05,0.323,pre-control
1000000.0,2000.0,0.002,12.850000000000001,3.3815203331528326e-05,0.323,pre-control
1000000.0,2000.0,0.002,12.875,3.468112913394716e-05,0.323,pre-control
1000000.0,2000.0,0.002,12.9,3.556922369976217e-05,0.323,pre-control
1000000.0,2000.0,0.002,12.925,3.6480054286108916e-05,0.323,pre-control
1000000.0,2000.0,0.002,12.950000000000001,3.741420265768551e-05,0.323,pre-control
1000000.0,2000.0,0.002,12.975000000000001,3.83722654469879e-05,0.323,pre-control
1000000.0,2000.0,0.002,13.0,3.9354854532949646e-05,0.323,pre-control
1000000.0,2000.0,0.002,13.025,4.036259744079363e-05,0.323,pre-control
1000000.0,2000.0,0.002,13.05,4.139613772421638e-05,0.323,pre-control
1000000.0,2000.0,0.002,13.075000000000001,4.245613538954125e-05,0.323,pre-control
1000000.0,2000.0,0.002,13.100000000000001,4.3543267307468064e-05,0.323,pre-control
1000000.0,2000.0,0.002,13.125,4.465822763945932e-05,0.323,pre-control
1000000.0,2000.0,0.002,13.15,4.58017282918783e-05,0.323,pre-control
1000000.0,2000.0,0.002,13.175,4.697449935181015e-05,0.323,pre-control
1000000.0,2000.0,0.002,13.200000000000001,4.817728956053027e-05,0.323,pre-control
1000000.0,2000.0,0.002,13.225000000000001,4.941086679037376e-05,0.323,pre-control
1000000.0,2000.0,0.002,13.25,5.06760185205182e-05,0.323,pre-control
1000000.0,2000.0,0.002,13.275,5.19735523505764e-05,0.323,pre-control
1000000.0,2000.0,0.002,13.3,5.3304296505025613e-05,0.323,pre-control
1000000.0,2000.0,0.002,13.325000000000001,5.466910035503057e-05,0.323,pre-control
1000000.0,2000.0,0.002,13.350000000000001,5.606883496952318e-05,0.323,pre-control
1000000.0,2000.0,0.002,13.375,5.75043936547422e-05,0.323,pre-control
1000000.0,2000.0,0.002,13.4,5.8976692523210495e-05,0.323,pre-control
1000000.0,2000.0,0.002,13.425,6.048667108339535e-05,0.323,pre-control
1000000.0,2000.0,0.002,13.450000000000001,6.203529282158005e-05,0.323,pre-control
1000000.0,2000.0,0.002,13.475000000000001,6.362354581748328e-05,0.323,pre-control
1000000.0,2000.0,0.002,13.5,6.525244337684878e-05,0.323,pre-control
1000000.0,2000.0,0.002,13.525,6.692302466036855e-05,0.323,pre-control
1000000.0,2000.0,0.002,13.55,6.863635534679618e-05,0.323,pre-control
1000000.0,2000.0,0.002,13.575000000000001,7.039352831373137e-05,0.323,pre-control
1000000.0,2000.0,0.002,13.600000000000001,7.219566431709364e-05,0.323,pre-control
1000000.0,2000.0,0.002,13.625,7.40439127040549e-05,0.323,pre-control
1000000.0,2000.0,0.002,13.65,7.593945214661226e-05,0.323,pre-control
1000000.0,2000.0,0.002,13.675,7.788349137619684e-05,0.323,pre-control
1000000.0,2000.0,0.002,13.700000000000001,7.987726994892337e-05,0.323,pre-control
1000000.0,2000.0,0.002,13.725000000000001,8.19220590355494e-05,0.323,pre-control
1000000.0,2000.0,0.002,13.75,8.40191622177671e-05,0.323,pre-control
1000000.0,2000.0,0.002,13.775,8.616991630820572e-05,0.323,pre-control
1000000.0,2000.0,0.002,13.8,8.837569219977682e-05,0.323,pre-control
1000000.0,2000.0,0.002,13.825000000000001,9.063789573055243e-05,0.323,pre-control
1000000.0,2000.0,0.002,13.850000000000001,9.29579685625538e-05,0.323,pre-control
1000000.0,2000.0,0.002,13.875,9.533738909408136e-05,0.323,pre-control
1000000.0,2000.0,0.002,13.9,9.777767339590971e-05,0.323,pre-control
1000000.0,2000.0,0.002,13.925,0.00010028037615903722,0.323,pre-control
1000000.0,2000.0,0.002,13.950000000000001,0.00010284709167277086,0.323,pre-control
1000000.0,2000.0,0.002,13.975000000000001,0.00010547945483134455,0.323,pre-control
1000000.0,2000.0,0.002,14.0,0.00010817914216424891,0.323,pre-control
1000000.0,2000.0,0.002,14.025,0.00011094787288263151,0.323,pre-control
1000000.0,2000.0,0.002,14.05,0.00011378740996200148,0.323,pre-control
1000000.0,2000.0,0.002,14.075000000000001,0.00011669956125209633,0.323,pre-control
1000000.0,2000.0,0.002,14.100000000000001,0.00011968618061215108,0.323,pre-control
1000000.0,2000.0,0.002,14.125,0.0001227491690680448,0.323,pre-control
1000000.0,2000.0,0.002,14.15,0.0001258904760069213,0.323,pre-control
1000000.0,2000.0,0.002,14.175,0.00012911210040083483,0.323,pre-control
1000000.0,2000.0,0.002,14.200000000000001,0.00013241609206001911,0.323,pre-control
1000000.0,2000.0,0.002,14.225000000000001,0.00013580455291057773,0.323,pre-control
1000000.0,2000.0,0.002,14.25,0.00013927963831181288,0.323,pre-control
1000000.0,2000.0,0.002,14.275,0.00014284355840491207,0.323,pre-control
1000000.0,2000.0,0.002,14.3,0.00014649857949631978,0.323,pre-control
1000000.0,2000.0,0.002,14.325000000000001,0.00015024702546956615,0.323,pre-control
1000000.0,2000.0,0.002,14.350000000000001,0.00015409127923542493,0.323,pre-control
1000000.0,2000.0,0.002,14.375,0.0001580337842192459,0.323,pre-control
1000000.0,2000.0,0.002,14.4,0.0001620770458853739,0.323,pre-control
1000000.0,2000.0,0.002,14.425,0.00016622363329884719,0.323,pre-control
1000000.0,2000.0,0.002,14.450000000000001,0.00017047618072101096,0.323,pre-control
1000000.0,2000.0,0.002,14.475000000000001,0.00017483738924939585,0.323,pre-control
1000000.0,2000.0,0.002,14.5,0.00017931002849696373,0.323,pre-control
1000000.0,2000.0,0.002,14.525,0.0001838969383133516,0.323,pre-control
1000000.0,2000.0,0.002,14.55,0.00018860103054834363,0.323,pre-control
1000000.0,2000.0,0.002,14.575000000000001,0.00019342529085574265,0.323,pre-control
1000000.0,2000.0,0.002,14.600000000000001,0.0001983727805431763,0.323,pre-control
1000000.0,2000.0,0.002,14.625,0.00020344663846844758,0.323,pre-control
1000000.0,2000.0,0.002,14.65,0.00020865008298147163,0.323,pre-control
1000000.0,2000.0,0.002,14.675,0.0002139864139141578,0.323,pre-control
1000000.0,2000.0,0.002,14.700000000000001,0.00021945901461863253,0.323,pre-control
1000000.0,2000.0,0.002,14.725000000000001,0.00022507135405335296,0.323,pre-control
1000000.0,2000.0,0.002,14.75,0.00023082698892116116,0.323,pre-control
1000000.0,2000.0,0.002,14.775,0.0002367295658604192,0.323,pre-control
1000000.0,2000.0,0.002,14.8,0.00024278282368822075,0.323,pre-control
1000000.0,2000.0,0.002,14.825000000000001,0.0002489905956985005,0.323,pre-control
1000000.0,2000.0,0.002,14.850000000000001,0.00025535681201563305,0.323,pre-control
1000000.0,2000.0,0.002,14.875,0.0002618855020048007,0.323,pre-control
1000000.0,2000.0,0.002,14.9,0.00026858079673989843,0.323,pre-control
1000000.0,2000.0,0.002,14.925,0.00027544693153065144,0.323,pre-control
1000000.0,2000.0,0.002,14.950000000000001,0.0002824882485123786,0.323,pre-control
1000000.0,2000.0,0.002,14.975000000000001,0.00028970919929631385,0.323,pre-control
1000000.0,2000.0,0.002,15.0,0.00029711434768398047,0.323,pre-control
1000000.0,2000.0,0.002,15.025,0.0003047083724464433,0.323,pre-control
1000000.0,2000.0,0.002,15.05,0.000312496070169851,0.323,pre-control
1000000.0,2000.0,0.002,15.075000000000001,0.00032048235816873845,0.323,pre-control
1000000.0,2000.0,0.002,15.100000000000001,0.0003286722774685676,0.323,pre-control
1000000.0,2000.0,0.002,15.125,0.00033707099585901024,0.323,pre-control
1000000.0,2000.0,0.002,15.15,0.0003456838110191268,0.323,pre-control
1000000.0,2000.0,0.002,15.175,0.0003545161537170654,0.323,pre-control
1000000.0,2000.0,0.002,15.200000000000001,0.0003635735910851181,0.323,pre-control
1000000.0,2000.0,0.002,15.225000000000001,0.0003728618299714006,0.323,pre-control
1000000.0,2000.0,0.002,15.25,0.0003823867203703544,0.323,pre-control
1000000.0,2000.0,0.002,15.275,0.00039215425893351897,0.323,pre-control
1000000.0,2000.0,0.002,15.3,0.000402170592562234,0.323,pre-control
1000000.0,2000.0,0.002,15.325000000000001,0.0004124420220839838,0.323,pre-control
1000000.0,2000.0,0.002,15.350000000000001,0.00042297500601408926,0.323,pre-control
1000000.0,2000.0,0.002,15.375,0.0004337761644044923,0.323,pre-control
1000000.0,2000.0,0.002,15.4,0.000444852282781397,0.323,pre-control
1000000.0,2000.0,0.002,15.425,0.00045621031617354055,0.323,pre-control
1000000.0,2000.0,0.002,15.450000000000001,0.0004678573932329099,0.323,pre-control
1000000.0,2000.0,0.002,15.475000000000001,0.00047980082044971897,0.323,pre-control
1000000.0,2000.0,0.002,15.5,0.000492048086463491,0.323,pre-control
1000000.0,2000.0,0.002,15.525,0.0005046068664721117,0.323,pre-control
1000000.0,2000.0,0.002,15.55,0.0005174850267407195,0.323,pre-control
1000000.0,2000.0,0.002,15.575000000000001,0.000530690629212345,0.323,pre-control
1000000.0,2000.0,0.002,15.600000000000001,0.0005442319362221977,0.323,pre-control
1000000.0,2000.0,0.002,15.625,0.0005581174153175297,0.323,pre-control
1000000.0,2000.0,0.002,15.65,0.0005723557441850185,0.323,pre-control
1000000.0,2000.0,0.002,15.675,0.0005869558156876064,0.323,pre-control
1000000.0,2000.0,0.002,15.700000000000001,0.0006019267430127737,0.323,pre-control
1000000.0,2000.0,0.002,15.725000000000001,0.0006172778649342004,0.323,pre-control
1000000.0,2000.0,0.002,15.75,0.0006330187511887968,0.323,pre-control
1000000.0,2000.0,0.002,15.775,0.0006491592079710882,0.323,pre-control
1000000.0,2000.0,0.002,15.8,0.0006657092835469179,0.323,pre-control
1000000.0,2000.0,0.002,15.825000000000001,0.0006826792739884756,0.323,pre-control
1000000.0,2000.0,0.002,15.850000000000001,0.0007000797290326126,0.323,pre-control
1000000.0,2000.0,0.002,15.875,0.0007179214580644264,0.323,pre-control
1000000.0,2000.0,0.002,15.9,0.0007362155362280878,0.323,pre-control
1000000.0,2000.0,0.002,15.925,0.0007549733106668497,0.323,pre-control
1000000.0,2000.0,0.002,15.950000000000001,0.0007742064068942062,0.323,pre-control
1000000.0,2000.0,0.002,15.975000000000001,0.0007939267352981078,0.323,pre-control
1000000.0,2000.0,0.002,16.0,0.000814146497780146,0.323,pre-control
1000000.0,2000.0,0.002,16.025000000000002,0.0008348781945315953,0.323,pre-control
1000000.0,2000.0,0.002,16.05,0.0008561346309481321,0.323,pre-control
1000000.0,2000.0,0.002,16.075,0.0008779289246851076,0.323,pre-control
1000000.0,2000.0,0.002,16.1,0.0009002745128550906,0.323,pre-control
1000000.0,2000.0,0.002,16.125,0.0009231851593697193,0.323,pre-control
1000000.0,2000.0,0.002,16.150000000000002,0.0009466749624266453,0.323,pre-control
1000000.0,2000.0,0.002,16.175,0.0009707583621442431,0.323,pre-control
1000000.0,2000.0,0.002,16.2,0.0009954501483456946,0.323,pre-control
1000000.0,2000.0,0.002,16.225,0.0010207654684932046,0.323,pre-control
1000000.0,2000.0,0.002,16.25,0.0010467198357741322,0.323,pre-control
1000000.0,2000.0,0.002,16.275000000000002,0.0010733291373404325,0.323,pre-control
1000000.0,2000.0,0.002,16.3,0.0011006096427025951,0.323,pre-control
1000000.0,2000.0,0.002,16.325,0.0011285780122793668,0.323,pre-control
1000000.0,2000.0,0.002,16.35,0.0011572513061042923,0.323,pre-control
1000000.0,2000.0,0.002,16.375,0.001186646992690546,0.323,pre-control
1000000.0,2000.0,0.002,16.400000000000002,0.0012167829580528148,0.323,pre-control
1000000.0,2000.0,0.002,16.425,0.0012476775148909163,0.323,pre-control
1000000.0,2000.0,0.002,16.45,0.001279349411932828,0.323,pre-control
1000000.0,2000.0,0.002,16.475,0.0013118178434376644,0.323,pre-control
1000000.0,2000.0,0.002,16.5,0.0013451024588593233,0.323,pre-control
1000000.0,2000.0,0.002,16.525000000000002,0.0013792233726709485,0.323,pre-control
1000000.0,2000.0,0.002,16.55,0.0014142011743506697,0.323,pre-control
1000000.0,2000.0,0.002,16.575,0.0014500569385264067,0.323,pre-control
1000000.0,2000.0,0.002,16.6,0.0014868122352826826,0.323,pre-control
1000000.0,2000.0,0.002,16.625,0.0015244891406274662,0.323,pre-control
1000000.0,2000.0,0.002,16.650000000000002,0.0015631102471158234,0.323,pre-control
1000000.0,2000.0,0.002,16.675,0.0016026986746305728,0.323,pre-control
1000000.0,2000.0,0.002,16.7,0.0016432780813192467,0.323,pre-control
1000000.0,2000.0,0.002,16.725,0.0016848726746839233,0.323,pre-control
1000000.0,2000.0,0.002,16.75,0.001727507222824766,0.323,pre-control
1000000.0,2000.0,0.002,16.775000000000002,0.001771207065835223,0.323,pre-control
1000000.0,2000.0,0.002,16.8,0.00181599812734104,0.323,pre-control
1000000.0,2000.0,0.002,16.825,0.0018619069261831245,0.323,pre-control
1000000.0,2000.0,0.002,16.85,0.0019089605882411903,0.323,pre-control
1000000.0,2000.0,0.002,16.875,0.0019571868583924523,0.323,pre-control
1000000.0,2000.0,0.002,16.896690032843228,0.002,0.323,threshold-control
1000000.0,2000.0,0.002,17.0,0.002,0.8450018683583614,threshold-control
1000000.0,2000.0,0.002,18.0,0.002,0.8415003027938139,threshold-control
1000000.0,2000.0,0.002,19.0,0.002,0.8379321874067469,threshold-control
1000000.0,2000.0,0.002,20.0,0.002,0.8342968259262529,threshold-control
1000000.0,2000.0,0.002,21.0,0.002,0.830593541101958,threshold-control
1000000.0,2000.0,0.002,22.0,0.002,0.8268216761025482,threshold-control
1000000.0,2000.0,0.002,23.0,0.002,0.8229805959438795,threshold-control
1000000.0,2000.0,0.002,24.0,0.002,0.8190696889450533,threshold-control
1000000.0,2000.0,0.002,25.0,0.002,0.8150883682106602,threshold-control
1000000.0,2000.0,0.002,26.0,0.002,0.811036073137217,threshold-control
1000000.0,2000.0,0.002,27.0,0.002,0.8069122709416339,threshold-control
1000000.0,2000.0,0.002,28.0,0.002,0.8027164582093655,threshold-control
1000000.0,2000.0,0.002,29.0,0.002,0.7984481624597026,threshold-control
1000000.0,2000.0,0.002,30.0,0.002,0.7941069437254724,threshold-control
1000000.0,2000.0,0.002,31.0,0.002,0.7896923961442186,threshold-control
1000000.0,2000.0,0.002,32.0,0.002,0.7852041495577369,threshold-control
1000000.0,2000.0,0.002,33.0,0.002,0.7806418711166502,threshold-control
1000000.0,2000.0,0.002,34.0,0.002,0.7760052668865092,threshold-control
1000000.0,2000.0,0.002,35.0,0.002,0.7712940834517191,threshold-control
1000000.0,2000.0,0.002,36.0,0.002,0.7665081095134031,threshold-control
1000000.0,2000.0,0.002,37.0,0.002,0.7616471774771293,threshold-control
1000000.0,2000.0,0.002,38.0,0.002,0.7567111650262587,threshold-control
1000000.0,2000.0,0.002,39.0,0.002,0.7516999966764946,threshold-control
1000000.0,2000.0,0.002,40.0,0.002,0.7466136453070606,threshold-control
1000000.0,2000.0,0.002,41.0,0.002,0.741452133663782,threshold-control
1000000.0,2000.0,0.002,42.0,0.002,0.7362155358292057,threshold-control
1000000.0,2000.0,0.002,43.0,0.002,0.7309039786547737,threshold-control
1000000.0,2000.0,0.002,44.0,0.002,0.725517643149949,threshold-control
1000000.0,2000.0,0.002,45.0,0.002,0.7200567658231001,threshold-control
1000000.0,2000.0,0.002,46.0,0.002,0.7145216399688744,threshold-control
1000000.0,2000.0,0.002,47.0,0.002,0.7089126168967296,threshold-control
1000000.0,2000.0,0.002,48.0,0.002,0.703230107095254,threshold-control
1000000.0,2000.0,0.002,49.0,0.002,0.6974745813268912,threshold-control
1000000.0,2000.0,0.002,50.0,0.002,0.6916465716476865,threshold-control
1000000.0,2000.0,0.002,51.0,0.002,0.6857466723467065,threshold-control
1000000.0,2000.0,0.002,52.0,0.002,0.6797755407998332,threshold-control
1000000.0,2000.0,0.002,53.0,0.002,0.6737338982327161,threshold-control
1000000.0,2000.0,0.002,54.0,0.002,0.6676225303877759,threshold-control
1000000.0,2000.0,0.002,55.0,0.002,0.661442288090281,threshold-control
1000000.0,2000.0,0.002,56.0,0.002,0.6551940877086906,threshold-control
1000000.0,2000.0,0.002,57.0,0.002,0.6488789115046394,threshold-control
1000000.0,2000.0,0.002,58.0,0.002,0.6424978078681709,threshold-control
1000000.0,2000.0,0.002,59.0,0.002,0.6360518914340649,threshold-control
1000000.0,2000.0,0.002,60.0,0.002,0.6295423430753909,threshold-control
1000000.0,2000.0,0.002,61.0,0.002,0.6229704097707228,threshold-control
1000000.0,2000.0,0.002,62.0,0.002,0.6163374043417857,threshold-control
1000000.0,2000.0,0.002,63.0,0.002,0.6096447050586663,threshold-control
1000000.0,2000.0,0.002,64.0,0.002,0.602893755110109,threshold-control
1000000.0,2000.0,0.002,65.0,0.002,0.5960860619368307,threshold-control
1000000.0,2000.0,0.002,66.0,0.002,0.5892231964262251,threshold-control
1000000.0,2000.0,0.002,67.0,0.002,0.5823067919672831,threshold-control
1000000.0,2000.0,0.002,68.0,0.002,0.5753385433650369,threshold-control
1000000.0,2000.0,0.002,69.0,0.002,0.5683202056143295,threshold-control
1000000.0,2000.0,0.002,70.0,0.002,0.561253592533222,threshold-control
1000000.0,2000.0,0.002,71.0,0.002,0.5541405752568748,threshold-control
1000000.0,2000.0,0.002,72.0,0.002,0.5469830805932752,threshold-control
1000000.0,2000.0,0.002,73.0,0.002,0.5397830892427204,threshold-control
1000000.0,2000.0,0.002,74.0,0.002,0.532542633883516,threshold-control
1000000.0,2000.0,0.002,75.0,0.002,0.5252637971268888,threshold-control
1000000.0,2000.0,0.002,76.0,0.002,0.5179487093446684,threshold-control
1000000.0,2000.0,0.002,77.0,0.002,0.5105995463738162,threshold-control
1000000.0,2000.0,0.002,78.0,0.002,0.5032185271024245,threshold-control
1000000.0,2000.0,0.002,79.0,0.002,0.49580791094231513,threshold-control
1000000.0,2000.0,0.002,80.0,0.002,0.4883699951938767,threshold-control
1000000.0,2000.0,0.002,81.0,0.002,0.48090711230925753,threshold-control
1000000.0,2000.0,0.002,82.0,0.002,0.47342162706049606,threshold-control
1000000.0,2000.0,0.002,83.0,0.002,0.46591593361960315,threshold-control
1000000.0,2000.0,0.002,84.0,0.002,0.4583924525580215,threshold-control
1000000.0,2000.0,0.002,85.0,0.002,0.45085362777326055,threshold-control
1000000.0,2000.0,0.002,86.0,0.002,0.4433019233508493,threshold-control
1000000.0,2000.0,0.002,87.0,0.002,0.4357398203700563,threshold-control
1000000.0,2000.0,0.002,88.0,0.002,0.42816981366209206,threshold-control
1000000.0,2000.0,0.002,89.0,0.002,0.42059440852973795,threshold-control
1000000.0,2000.0,0.002,90.0,0.002,0.4130161174375305,threshold-control
1000000.0,2000.0,0.002,91.0,0.002,0.4054374566817721,threshold-control
1000000.0,2000.0,0.002,92.0,0.002,0.39786094304973474,threshold-control
1000000.0,2000.0,0.002,93.0,0.002,0.3902890904774807,threshold-control
1000000.0,2000.0,0.002,94.0,0.002,0.3827244067157237,threshold-control
1000000.0,2000.0,0.002,95.0,0.002,0.3751693900131208,threshold-control
1000000.0,2000.0,0.002,96.0,0.002,0.3676265258262986,threshold-control
1000000.0,2000.0,0.002,97.0,0.002,0.36009828356578966,threshold-control
1000000.0,2000.0,0.002,98.0,0.002,0.3525871133868803,threshold-control
1000000.0,2000.0,0.002,99.0,0.002,0.34509544303415773,threshold-control
1000000.0,2000.0,0.002,100.0,0.002,0.337625674748288,threshold-control
1000000.0,2000.0,0.002,101.0,0.002,0.3301801822432596,threshold-control
1000000.0,2000.0,0.002,101.96776719922717,0.002,0.32299999999999995,threshold-control
1000000.0,2000.0,0.002,102.96776719922717,0.001996784897309119,0.323,post-control
1000000.0,2000.0,0.002,103.96776719922717,0.0019872270832978866,0.323,post-control
1000000.0,2000.0,0.002,104.96776719922717,0.0019715154659061744,0.323,post-control
1000000.0,2000.0,0.002,105.96776719922717,0.001949910524395397,0.323,post-control
1000000.0,2000.0,0.002,106.96776719922717,0.0019227363809620288,0.323,post-control
1000000.0,2000.0,0.002,107.96776719922717,0.001890371661754166,0.323,post-control
1000000.0,2000.0,0.002,108.96776719922717,0.0018532395448007878,0.323,post-control
1000000.0,2000.0,0.002,109.96776719922717,0.0018117973978579148,0.323,post-control
1000000.0,2000.0,0.002,110.96776719922717,0.001766526385228064,0.323,post-control
1000000.0,2000.0,0.002,111.96776719922717,0.0017179213817165397,0.323,post-control
1000000.0,2000.0,0.002,112.96776719922717,0.0016664814837323528,0.323,post-control
1000000.0,2000.0,0.002,113.96776719922717,0.0016127013497077534,0.323,post-control
1000000.0,2000.0,0.002,114.96776719922717,0.0015570635358243372,0.323,post-control
1000000.0,2000.0,0.002,115.96776719922717,0.0015000319332938946,0.323,post-control
1000000.0,2000.0,0.002,116.96776719922717,0.0014420463595716702,0.323,post-control
1000000.0,2000.0,0.002,117.96776719922717,0.0013835183029482043,0.323,post-control
1000000.0,2000.0,0.002,118.96776719922717,0.001324827784495776,0.323,post-control
1000000.0,2000.0,0.002,119.96776719922717,0.0012663212484354959,0.323,post-control
1000000.0,2000.0,0.002,120.96776719922717,0.0012083104061597733,0.323,post-control
1000000.0,2000.0,0.002,121.96776719922717,0.0011510719060373645,0.323,post-control
1000000.0,2000.0,0.002,122.96776719922717,0.001094847717922752,0.323,post-control
1000000.0,2000.0,0.002,123.96776719922717,0.0010398461022556624,0.323,post-control
1000000.0,2000.0,0.002,124.96776719922717,0.000986243058116176,0.323,post-control
1000000.0,2000.0,0.002,125.96776719922717,0.0009341841060190057,0.323,post-control
1000000.0,2000.0,0.002,126.96776719922717,0.000883786440854288,0.323,post-control
1000000.0,2000.0,0.002,127.96776719922717,0.0008351409317788801,0.323,post-control
1000000.0,2000.0,0.002,128.96776719922718,0.0007883148810400347,0.323,post-control
1000000.0,2000.0,0.002,129.96776719922718,0.0007433538989274931,0.323,post-control
1000000.0,2000.0,0.002,130.96776719922718,0.0007002845143059607,0.323,post-control
1000000.0,2000.0,0.002,131.96776719922718,0.0006591164887546332,0.323,post-control
1000000.0,2000.0,0.002,132.96776719922718,0.000619844688883207,0.323,post-control
1000000.0,2000.0,0.002,133.96776719922718,0.0005824514981909593,0.323,post-control
1000000.0,2000.0,0.002,134.96776719922718,0.0005469083990291178,0.323,post-control
1000000.0,2000.0,0.002,135.96776719922718,0.0005131778892989882,0.323,post-control
1000000.0,2000.0,0.002,136.96776719922718,0.00048121510424668735,0.323,post-control
1000000.0,2000.0,0.002,137.96776719922718,0.000450969072102156,0.323,post-control
1000000.0,2000.0,0.002,138.96776719922718,0.00042238426011886795,0.323,post-control
1000000.0,2000.0,0.002,139.96776719922718,0.00039540148111411847,0.323,post-control
1000000.0,2000.0,0.002,140.96776719922718,0.00036995904595168934,0.323,post-control
1000000.0,2000.0,0.002,141.96776719922718,0.0003459936433531887,0.323,post-control
1000000.0,2000.0,0.002,142.96776719922718,0.00032344095313416126,0.323,post-control
1000000.0,2000.0,0.002,143.96776719922718,0.0003022365058434067,0.323,post-control
1000000.0,2000.0,0.002,144.96776719922718,0.0002823160620462127,0.323,post-control
1000000.0,2000.0,0.002,145.96776719922718,0.0002636161280593573,0.323,post-control
1000000.0,2000.0,0.002,146.96776719922718,0.00024607441873903335,0.323,post-control
1000000.0,2000.0,0.002,147.96776719922718,0.0002296299858335555,0.323,post-control
1000000.0,2000.0,0.002,148.96776719922718,0.00021422364714283025,0.323,post-control
1000000.0,2000.0,0.002,149.96776719922718,0.00019979810762138785,0.323,post-control
1000000.0,2000.0,0.002,150.96776719922718,0.0001862980085896728,0.323,post-control
1000000.0,2000.0,0.002,151.96776719922718,0.00017367022905460082,0.323,post-control
1000000.0,2000.0,0.002,152.96776719922718,0.00016186379957164307,0.323,post-control
1000000.0,2000.0,0.002,153.96776719922718,0.00015082992760989683,0.323,post-control
1000000.0,2000.0,0.002,154.96776719922718,0.00014052217736589613,0.323,post-control
1000000.0,2000.0,0.002,155.96776719922718,0.00013089628386962624,0.323,post-control
1000000.0,2000.0,0.002,156.96776719922718,0.00012191015674676141,0.323,post-control
1000000.0,2000.0,0.002,157.96776719922718,0.00011352398281879845,0.323,post-control
1000000.0,2000.0,0.002,158.96776719922718,0.00010569999845900152,0.323,post-control
1000000.0,2000.0,0.002,159.96776719922718,9.840246447014438e-05,0.323,post-control
1000000.0,2000.0,0.002,160.96776719922718,9.159773721871661e-05,0.323,post-control
1000000.0,2000.0,0.002,161.96776719922718,8.525403280165642e-05,0.323,post-control
1000000.0,2000.0,0.002,162.96776719922718,7.93413657624801e-05,0.323,post-control
1000000.0,2000.0,0.002,163.96776719922718,7.383161111859021e-05,0.323,post-control
1000000.0,2000.0,0.002,164.96776719922718,6.869829970035249e-05,0.323,post-control
1000000.0,2000.0,0.002,165.96776719922718,6.391650871987389e-05,0.323,post-control
1000000.0,2000.0,0.002,166.96776719922718,5.946290784399414e-05,0.323,post-control
1000000.0,2000.0,0.002,167.96776719922718,5.531563916118142e-05,0.323,post-control
1000000.0,2000.0,0.002,168.96776719922718,5.14541481365405e-05,0.323,post-control
1000000.0,2000.0,0.002,169.96776719922718,4.785918925209422e-05,0.323,post-control
1000000.0,2000.0,0.002,170.96776719922718,4.451282188760943e-05,0.323,post-control
1000000.0,2000.0,0.002,171.96776719922718,4.139820575891356e-05,0.323,post-control
1000000.0,2000.0,0.002,172.96776719922718,3.84995580147928e-05,0.323,post-control
1000000.0,2000.0,0.002,173.96776719922718,3.580218140932758e-05,0.323,post-control
1000000.0,2000.0,0.002,174.96776719922718,3.3292361990846965e-05,0.323,post-control
1000000.0,2000.0,0.002,175.96776719922718,3.0957235732864336e-05,0.323,post-control
1000000.0,2000.0,0.002,176.96776719922718,2.8784782820316363e-05,0.323,post-control
1000000.0,2000.0,0.002,177.96776719922718,2.6763849802347677e-05,0.323,post-control
1000000.0,2000.0,0.002,178.96776719922718,2.4884014297327957e-05,0.323,post-control
1000000.0,2000.0,0.002,179.96776719922718,2.3135512604578984e-05,0.323,post-control
1000000.0,2000.0,0.002,180.96776719922718,2.1509239414175273e-05,0.323,post-control
1000000.0,2000.0,0.002,181.96776719922718,1.999676542134018e-05,0.323,post-control
1000000.0,2000.0,0.002,182.96776719922718,1.8590212528388334e-05,0.323,post-control
1000000.0,2000.0,0.002,183.96776719922718,1.728220462523712e-05,0.323,post-control
1000000.0,2000.0,0.002,184.96776719922718,1.6065866439228533e-05,0.323,post-control
1000000.0,2000.0,0.002,185.96776719922718,1.4934844011115705e-05,0.323,post-control
1000000.0,2000.0,0.002,186.96776719922718,1.3883211637927012e-05,0.323,post-control
1000000.0,2000.0,0.002,187.96776719922718,1.2905418044188795e-05,0.323,post-control
1000000.0,2000.0,0.002,188.96776719922718,1.1996284560285391e-05,0.323,post-control
1000000.0,2000.0,0.002,189.96776719922718,1.115102102500664e-05,0.323,post-control
1000000.0,2000.0,0.002,190.96776719922718,1.0365189710248888e-05,0.323,post-control
1000000.0,2000.0,0.002,191.96776719922718,9.634629469048398e-06,0.323,post-control
1000000.0,2000.0,0.002,192.96776719922718,8.955451669473288e-06,0.323,post-control
1000000.0,2000.0,0.002,193.96776719922718,8.324039846864012e-06,0.323,post-control
1000000.0,2000.0,0.002,194.96776719922718,7.737068458539917e-06,0.323,post-control
1000000.0,2000.0,0.002,195.96776719922718,7.191435448362141e-06,0.323,post-control
1000000.0,2000.0,0.002,196.96776719922718,6.684232344128857e-06,0.323,post-control
1000000.0,2000.0,0.002,197.96776719922718,6.212744120940718e-06,0.323,post-control
1000000.0,2000.0,0.002,198.96776719922718,5.7744509320058494e-06,0.323,post-control
1000000.0,2000.0,0.002,199.96776719922718,5.367042786009633e-06,0.323,post-control
1000000.0,2000.0,0.002,200.96776719922718,4.988360077502909e-06,0.323,post-control
1000000.0,2000.0,0.002,201.96776719922718,4.636377051977621e-06,0.323,post-control
1000000.0,2000.0,0.002,202.96776719922718,4.309201805866819e-06,0.323,post-control
1000000.0,2000.0,0.002,203.96776719922718,4.005076199426742e-06,0.323,post-control
1000000.0,2000.0,0.002,204.96776719922718,3.722393013249619e-06,0.323,post-control
1000000.0,2000.0,0.002,205.96776719922718,3.4596571143619115e-06,0.323,post-control
1000000.0,2000.0,0.002,206.96776719922718,3.2154632169315913e-06,0.323,post-control
1000000.0,2000.0,0.002,207.96776719922718,2.9884958581753543e-06,0.323,post-control
1000000.0,2000.0,0.002,208.96776719922718,2.777528905580865e-06,0.323,post-control
1000000.0,2000.0,0.002,209.96776719922718,2.5814327127870148e-06,0.323,post-control
1000000.0,2000.0,0.002,210.96776719922718,2.399176530291645e-06,0.323,post-control
1000000.0,2000.0,0.002,211.96776719922718,2.2297920664116636e-06,0.323,post-control
1000000.0,2000.0,0.002,212.96776719922718,2.0723693045642475e-06,0.323,post-control
1000000.0,2000.0,0.002,213.96776719922718,1.9260565032668445e-06,0.323,post-control
1000000.0,2000.0,0.002,214.96776719922718,1.7900598206478768e-06,0.323,post-control
1000000.0,2000.0,0.002,215.96776719922718,1.6636502607962673e-06,0.323,post-control
1000000.0,2000.0,0.002,216.96776719922718,1.5461658069352065e-06,0.323,post-control
1000000.0,2000.0,0.002,217.96776719922718,1.4369837025065781e-06,0.323,post-control
1000000.0,2000.0,0.002,218.96776719922718,1.3355175554236827e-06,0.323,post-control
1000000.0,2000.0,0.002,219.96776719922718,1.2412173380712362e-06,0.323,post-control
1000000.0,2000.0,0.002,220.96776719922718,1.1535693873053703e-06,0.323,post-control
1000000.0,2000.0,0.002,221.96776719922718,1.0721036555983874e-06,0.323,post-control
1000000.0,2000.0,0.002,222.9181469628437,1.0000174704452918e-06,0.323,post-control
3000000.0,6000.0,0.002,0.0,7.647407380688293e-11,0.323,pre-control
3000000.0,6000.0,0.002,0.025,7.843286491136487e-11,0.323,pre-control
3000000.0,6000.0,0.002,0.05,8.044182807256597e-11,0.323,pre-control
3000000.0,6000.0,0.002,0.07500000000000001,8.250224841384701e-11,0.323,pre-control
3000000.0,6000.0,0.002,0.1,8.461544392139545e-11,0.323,pre-control
3000000.0,6000.0,0.002,0.125,8.678276639546554e-11,0.323,pre-control
3000000.0,6000.0,0.002,0.15000000000000002,8.900560220418175e-11,0.323,pre-control
3000000.0,6000.0,0.002,0.17500000000000002,9.12853732841326e-11,0.323,pre-control
3000000.0,6000.0,0.002,0.2,9.362353793328409e-11,0.323,pre-control
3000000.0,6000.0,0.002,0.225,9.602159186348821e-11,0.323,pre-control
3000000.0,6000.0,0.002,0.25,9.848106903453538e-11,0.323,pre-control
3000000.0,6000.0,0.002,0.275,1.0100354276127108e-10,0.323,pre-control
3000000.0,6000.0,0.002,0.30000000000000004,1.0359062659092197e-10,0.323,pre-control
3000000.0,6000.0,0.002,0.325,1.0624397546765371e-10,0.323,pre-control
3000000.0,6000.0,0.002,0.35000000000000003,1.0896528665541598e-10,0.323,pre-control
3000000.0,6000.0,0.002,0.375,1.1175630096292193e-10,0.323,pre-control
3000000.0,6000.0,0.002,0.4,1.1461880371437357e-10,0.323,pre-control
3000000.0,6000.0,0.002,0.42500000000000004,1.1755462603799772e-10,0.323,pre-control
3000000.0,6000.0,0.002,0.45,1.2056564588713628e-10,0.323,pre-control
3000000.0,6000.0,0.002,0.47500000000000003,1.2365378939563595e-10,0.323,pre-control
3000000.0,6000.0,0.002,0.5,1.268210319519165e-10,0.323,pre-control
3000000.0,6000.0,0.002,0.525,1.3006939962468302e-10,0.323,pre-control
3000000.0,6000.0,0.002,0.55,1.3340097029272084e-10,0.323,pre-control
3000000.0,6000.0,0.002,0.5750000000000001,1.3681787514457878e-10,0.323,pre-control
3000000.0,6000.0,0.002,0.6000000000000001,1.4032229986698214e-10,0.323,pre-control
3000000.0,6000.0,0.002,0.625,1.439164862223249e-10,0.323,pre-control
3000000.0,6000.0,0.002,0.65,1.4760273329874192e-10,0.323,pre-control
3000000.0,6000.0,0.002,0.675,1.5138339916944715e-10,0.323,pre-control
3000000.0,6000.0,0.002,0.7000000000000001,1.5526090220766427e-10,0.323,pre-control
3000000.0,6000.0,0.002,0.7250000000000001,1.592377228320573e-10,0.323,pre-control
3000000.0,6000.0,0.002,0.75,1.6331640488988463e-10,0.323,pre-control
3000000.0,6000.0,0.002,0.775,1.6749955749298903e-10,0.323,pre-control
3000000.0,6000.0,0.002,0.8,1.7178985647271485e-10,0.323,pre-control
3000000.0,6000.0,0.002,0.8250000000000001,1.7619004631115565e-10,0.323,pre-control
3000000.0,6000.0,0.002,0.8500000000000001,1.8070294167155787e-10,0.323,pre-control
3000000.0,6000.0,0.002,0.875,1.8533142942976886e-10,0.323,pre-control
3000000.0,6000.0,0.002,0.9,1.9007847028404319e-10,0.323,pre-control
3000000.0,6000.0,0.002,0.925,1.949471008918899e-10,0.323,pre-control
3000000.0,6000.0,0.002,0.9500000000000001,1.9994043556340107e-10,0.323,pre-control
3000000.0,6000.0,0.002,0.9750000000000001,2.0506166850896691e-10,0.323,pre-control
3000000.0,6000.0,0.002,1.0,2.1031407562046024e-10,0.323,pre-control
3000000.0,6000.0,0.002,1.0250000000000001,2.1570101683557102e-10,0.323,pre-control
3000000.0,6000.0,0.002,1.05,2.212259380114055e-10,0.323,pre-control
3000000.0,6000.0,0.002,1.075,2.26892373411491e-10,0.323,pre-control
3000000.0,6000.0,0.002,1.1,2.32703947676584e-10,0.323,pre-control
3000000.0,6000.0,0.002,1.125,2.3866437844070995e-10,0.323,pre-control
3000000.0,6000.0,0.002,1.1500000000000001,2.4477747840422436e-10,0.323,pre-control
3000000.0,6000.0,0.002,1.175,2.510471580855818e-10,0.323,pre-control
3000000.0,6000.0,0.002,1.2000000000000002,2.5747742800195516e-10,0.323,pre-control
3000000.0,6000.0,0.002,1.225,2.640724015637765e-10,0.323,pre-control
3000000.0,6000.0,0.002,1.25,2.7083629736849495e-10,0.323,pre-control
3000000.0,6000.0,0.002,1.2750000000000001,2.777734422452968e-10,0.323,pre-control
3000000.0,6000.0,0.002,1.3,2.848882736678717e-10,0.323,pre-control
3000000.0,6000.0,0.002,1.3250000000000002,2.9218534295710413e-10,0.323,pre-control
3000000.0,6000.0,0.002,1.35,2.996693178190227e-10,0.323,pre-control
3000000.0,6000.0,0.002,1.375,3.0734498571365904e-10,0.323,pre-control
3000000.0,6000.0,0.002,1.4000000000000001,3.152172565246753e-10,0.323,pre-control
3000000.0,6000.0,0.002,1.425,3.232911661030109e-10,0.323,pre-control
3000000.0,6000.0,0.002,1.4500000000000002,3.315718790750212e-10,0.323,pre-control
3000000.0,6000.0,0.002,1.475,3.400646925699809e-10,0.323,pre-control
3000000.0,6000.0,0.002,1.5,3.487750391739189e-10,0.323,pre-control
3000000.0,6000.0,0.002,1.5250000000000001,3.577084908505195e-10,0.323,pre-control
3000000.0,6000.0,0.002,1.55,3.668707620482112e-10,0.323,pre-control
3000000.0,6000.0,0.002,1.5750000000000002,3.762677138244997e-10,0.323,pre-control
3000000.0,6000.0,0.002,1.6,3.8590535711426377e-10,0.323,pre-control
3000000.0,6000.0,0.002,1.625,3.9578985706807345e-10,0.323,pre-control
3000000.0,6000.0,0.002,1.6500000000000001,4.0592753649005694e-10,0.323,pre-control
3000000.0,6000.0,0.002,1.675,4.1632488040130635e-10,0.323,pre-control
3000000.0,6000.0,0.002,1.7000000000000002,4.269885396561146e-10,0.323,pre-control
3000000.0,6000.0,0.002,1.725,4.3792533574214635e-10,0.323,pre-control
3000000.0,6000.0,0.002,1.75,4.4914226458429885e-10,0.323,pre-control
3000000.0,6000.0,0.002,1.7750000000000001,4.606465015939236e-10,0.323,pre-control
3000000.0,6000.0,0.002,1.8,4.724454056700443e-10,0.323,pre-control
3000000.0,6000.0,0.002,1.8250000000000002,4.845465245105516e-10,0.323,pre-control
3000000.0,6000.0,0.002,1.85,4.969575988210185e-10,0.323,pre-control
3000000.0,6000.0,0.002,1.875,5.096865679014592e-10,0.323,pre-control
3000000.0,6000.0,0.002,1.9000000000000001,5.227415740735134e-10,0.323,pre-control
3000000.0,6000.0,0.002,1.925,5.36130968557066e-10,0.323,pre-control
3000000.0,6000.0,0.002,1.9500000000000002,5.498633161271302e-10,0.323,pre-control
3000000.0,6000.0,0.002,1.975,5.63947401295368e-10,0.323,pre-control
3000000.0,6000.0,0.002,2.0,5.783922332085893e-10,0.323,pre-control
3000000.0,6000.0,0.002,2.025,5.932070521509913e-10,0.323,pre-control
3000000.0,6000.0,0.002,2.0500000000000003,6.084013346968109e-10,0.323,pre-control
3000000.0,6000.0,0.002,2.075,6.239848005499232e-10,0.323,pre-control
3000000.0,6000.0,0.002,2.1,6.399674179638322e-10,0.323,pre-control
3000000.0,6000.0,0.002,2.125,6.56359410936133e-10,0.323,pre-control
3000000.0,6000.0,0.002,2.15,6.731712649097117e-10,0.323,pre-control
3000000.0,6000.0,0.002,2.1750000000000003,6.904137343404819e-10,0.323,pre-control
3000000.0,6000.0,0.002,2.2,7.080978486943831e-10,0.323,pre-control
3000000.0,6000.0,0.002,2.225,7.262349204077601e-10,0.323,pre-control
3000000.0,6000.0,0.002,2.25,7.448365511955075e-10,0.323,pre-control
3000000.0,6000.0,0.002,2.275,7.639146404244616e-10,0.323,pre-control
3000000.0,6000.0,0.002,2.3000000000000003,7.834813917488358e-10,0.323,pre-control
3000000.0,6000.0,0.002,2.325,8.035493219180524e-10,0.323,pre-control
3000000.0,6000.0,0.002,2.35,8.241312677564503e-10,0.323,pre-control
3000000.0,6000.0,0.002,2.375,8.452403954281006e-10,0.323,pre-control
3000000.0,6000.0,0.002,2.4000000000000004,8.668902077786435e-10,0.323,pre-control
3000000.0,6000.0,0.002,2.4250000000000003,8.890945540807976e-10,0.323,pre-control
3000000.0,6000.0,0.002,2.45,9.118676377571195e-10,0.323,pre-control
3000000.0,6000.0,0.002,2.475,9.35224026631145e-10,0.323,pre-control
3000000.0,6000.0,0.002,2.5,9.591786610508314e-10,0.323,pre-control
3000000.0,6000.0,0.002,2.5250000000000004,9.83746864671569e-10,0.323,pre-control
3000000.0,6000.0,0.002,2.5500000000000003,1.0089443530010935e-09,0.323,pre-control
3000000.0,6000.0,0.002,2.575,1.034787244741961e-09,0.323,pre-control
3000000.0,6000.0,0.002,2.6,1.061292070779803e-09,0.323,pre-control
3000000.0,6000.0,0.002,2.625,1.0884757861142887e-09,0.323,pre-control
3000000.0,6000.0,0.002,2.6500000000000004,1.1163557793137235e-09,0.323,pre-control
3000000.0,6000.0,0.002,2.6750000000000003,1.1449498850650307e-09,0.323,pre-control
3000000.0,6000.0,0.002,2.7,1.1742763941188944e-09,0.323,pre-control
3000000.0,6000.0,0.002,2.725,1.2043540664908771e-09,0.323,pre-control
3000000.0,6000.0,0.002,2.75,1.2352021419225508e-09,0.323,pre-control
3000000.0,6000.0,0.002,2.7750000000000004,1.26684035376754e-09,0.323,pre-control
3000000.0,6000.0,0.002,2.8000000000000003,1.2992889399954108e-09,0.323,pre-control
3000000.0,6000.0,0.002,2.825,1.332568657798176e-09,0.323,pre-control
3000000.0,6000.0,0.002,2.85,1.366700795165105e-09,0.323,pre-control
3000000.0,6000.0,0.002,2.875,1.4017071862470652e-09,0.323,pre-control
3000000.0,6000.0,0.002,2.9000000000000004,1.4376102235318785e-09,0.323,pre-control
3000000.0,6000.0,0.002,2.9250000000000003,1.4744328740058163e-09,0.323,pre-control
3000000.0,6000.0,0.002,2.95,1.5121986919606616e-09,0.323,pre-control
3000000.0,6000.0,0.002,2.975,1.5509318359937224e-09,0.323,pre-control
3000000.0,6000.0,0.002,3.0,1.590657082479365e-09,0.323,pre-control
3000000.0,6000.0,0.002,3.0250000000000004,1.6313998434510538e-09,0.323,pre-control
3000000.0,6000.0,0.002,3.0500000000000003,1.673186180771836e-09,0.323,pre-control
3000000.0,6000.0,0.002,3.075,1.7160428249441672e-09,0.323,pre-control
3000000.0,6000.0,0.002,3.1,1.7599971900156118e-09,0.323,pre-control
3000000.0,6000.0,0.002,3.125,1.8050773933645905e-09,0.323,pre-control
3000000.0,6000.0,0.002,3.1500000000000004,1.8513122713794427e-09,0.323,pre-control
3000000.0,6000.0,0.002,3.1750000000000003,1.8987314002707285e-09,0.323,pre-control
3000000.0,6000.0,0.002,3.2,1.947365112563782e-09,0.323,pre-control
3000000.0,6000.0,0.002,3.225,1.9972445189908296e-09,0.323,pre-control
3000000.0,6000.0,0.002,3.25,2.0484015258392344e-09,0.323,pre-control
3000000.0,6000.0,0.002,3.2750000000000004,2.100868857979459e-09,0.323,pre-control
3000000.0,6000.0,0.002,3.3000000000000003,2.1546800771133984e-09,0.323,pre-control
3000000.0,6000.0,0.002,3.325,2.2098696059971192e-09,0.323,pre-control
3000000.0,6000.0,0.002,3.35,2.266472747635983e-09,0.323,pre-control
3000000.0,6000.0,0.002,3.375,2.324525710764145e-09,0.323,pre-control
3000000.0,6000.0,0.002,3.4000000000000004,2.3840656300355938e-09,0.323,pre-control
3000000.0,6000.0,0.002,3.4250000000000003,2.445130592825614e-09,0.323,pre-control
3000000.0,6000.0,0.002,3.45,2.507759660469416e-09,0.323,pre-control
3000000.0,6000.0,0.002,3.475,2.5719928964541567e-09,0.323,pre-control
3000000.0,6000.0,0.002,3.5,2.637871388759498e-09,0.323,pre-control
3000000.0,6000.0,0.002,3.5250000000000004,2.7054372795123394e-09,0.323,pre-control
3000000.0,6000.0,0.002,3.5500000000000003,2.774733788486479e-09,0.323,pre-control
3000000.0,6000.0,0.002,3.575,2.8458052442959485e-09,0.323,pre-control
3000000.0,6000.0,0.002,3.6,2.9186971091139188e-09,0.323,pre-control
3000000.0,6000.0,0.002,3.625,2.993456011484455e-09,0.323,pre-control
3000000.0,6000.0,0.002,3.6500000000000004,3.070129772323933e-09,0.323,pre-control
3000000.0,6000.0,0.002,3.6750000000000003,3.148767439435179e-09,0.323,pre-control
3000000.0,6000.0,0.002,3.7,3.2294193148579447e-09,0.323,pre-control
3000000.0,6000.0,0.002,3.725,3.312136991173762e-09,0.323,pre-control
3000000.0,6000.0,0.002,3.75,3.3969733802754522e-09,0.323,pre-control
3000000.0,6000.0,0.002,3.7750000000000004,3.4839827515556164e-09,0.323,pre-control
3000000.0,6000.0,0.002,3.8000000000000003,3.5732207621688033e-09,0.323,pre-control
3000000.0,6000.0,0.002,3.825,3.664744497201365e-09,0.323,pre-control
3000000.0,6000.0,0.002,3.85,3.758612501503733e-09,0.323,pre-control
3000000.0,6000.0,0.002,3.875,3.854884821944422e-09,0.323,pre-control
3000000.0,6000.0,0.002,3.9000000000000004,3.953623040893895e-09,0.323,pre-control
3000000.0,6000.0,0.002,3.9250000000000003,4.054890320670842e-09,0.323,pre-control
3000000.0,6000.0,0.002,3.95,4.158751438763315e-09,0.323,pre-control
3000000.0,6000.0,0.002,3.975,4.265272834581048e-09,0.323,pre-control
3000000.0,6000.0,0.002,4.0,4.3745226465039786e-09,0.323,pre-control
3000000.0,6000.0,0.002,4.025,4.4865707610602555e-09,0.323,pre-control
3000000.0,6000.0,0.002,4.05,4.601488851896958e-09,0.323,pre-control
3000000.0,6000.0,0.002,4.075,4.719350431509658e-09,0.323,pre-control
3000000.0,6000.0,0.002,4.1000000000000005,4.840230892235066e-09,0.323,pre-control
3000000.0,6000.0,0.002,4.125,4.964207560664493e-09,0.323,pre-control
3000000.0,6000.0,0.002,4.15,5.0913597407633865e-09,0.323,pre-control
3000000.0,6000.0,0.002,4.175,5.221768771107917e-09,0.323,pre-control
3000000.0,6000.0,0.002,4.2,5.35551807024173e-09,0.323,pre-control
3000000.0,6000.0,0.002,4.2250000000000005,5.492693196882168e-09,0.323,pre-control
3000000.0,6000.0,0.002,4.25,5.633381897630279e-09,0.323,pre-control
3000000.0,6000.0,0.002,4.275,5.7776741703007965e-09,0.323,pre-control
3000000.0,6000.0,0.002,4.3,5.925662314107465e-09,0.323,pre-control
3000000.0,6000.0,0.002,4.325,6.077440996278833e-09,0.323,pre-control
3000000.0,6000.0,0.002,4.3500000000000005,6.233107304847375e-09,0.323,pre-control
3000000.0,6000.0,0.002,4.375,6.392760818721515e-09,0.323,pre-control
3000000.0,6000.0,0.002,4.4,6.556503663213704e-09,0.323,pre-control
3000000.0,6000.0,0.002,4.425,6.724440583747973e-09,0.323,pre-control
3000000.0,6000.0,0.002,4.45,6.896679004269017e-09,0.323,pre-control
3000000.0,6000.0,0.002,4.4750000000000005,7.07332910477399e-09,0.323,pre-control
3000000.0,6000.0,0.002,4.5,7.254503882752004e-09,0.323,pre-control
3000000.0,6000.0,0.002,4.525,7.440319234738617e-09,0.323,pre-control
3000000.0,6000.0,0.002,4.55,7.630894020942989e-09,0.323,pre-control
3000000.0,6000.0,0.002,4.575,7.82635015103372e-09,0.323,pre-control
3000000.0,6000.0,0.002,4.6000000000000005,8.026812652119091e-09,0.323,pre-control
3000000.0,6000.0,0.002,4.625,8.232409758983757e-09,0.323,pre-control
3000000.0,6000.0,0.002,4.65,8.443272985596113e-09,0.323,pre-control
3000000.0,6000.0,0.002,4.675,8.659537220026704e-09,0.323,pre-control
3000000.0,6000.0,0.002,4.7,8.881340799665691e-09,0.323,pre-control
3000000.0,6000.0,0.002,4.7250000000000005,9.108825611065977e-09,0.323,pre-control
3000000.0,6000.0,0.002,4.75,9.342137169063165e-09,0.323,pre-control
3000000.0,6000.0,0.002,4.775,9.58142472179898e-09,0.323,pre-control
3000000.0,6000.0,0.002,4.800000000000001,9.826841333946197e-09,0.323,pre-control
3000000.0,6000.0,0.002,4.825,1.007854399718103e-08,0.323,pre-control
3000000.0,6000.0,0.002,4.8500000000000005,1.033669371772615e-08,0.323,pre-control
3000000.0,6000.0,0.002,4.875,1.0601455632554685e-08,0.323,pre-control
3000000.0,6000.0,0.002,4.9,1.0872999101475319e-08,0.323,pre-control
3000000.0,6000.0,0.002,4.925000000000001,1.1151497829365368e-08,0.323,pre-control
3000000.0,6000.0,0.002,4.95,1.1437129963033538e-08,0.323,pre-control
3000000.0,6000.0,0.002,4.9750000000000005,1.173007821979498e-08,0.323,pre-control
3000000.0,6000.0,0.002,5.0,1.2030529989359504e-08,0.323,pre-control
3000000.0,6000.0,0.002,5.025,1.2338677469077645e-08,0.323,pre-control
3000000.0,6000.0,0.002,5.050000000000001,1.2654717771115188e-08,0.323,pre-control
3000000.0,6000.0,0.002,5.075,1.2978853064716212e-08,0.323,pre-control
3000000.0,6000.0,0.002,5.1000000000000005,1.3311290688938313e-08,0.323,pre-control
3000000.0,6000.0,0.002,5.125,1.3652243302296649e-08,0.323,pre-control
3000000.0,6000.0,0.002,5.15,1.4001929001348323e-08,0.323,pre-control
3000000.0,6000.0,0.002,5.175000000000001,1.4360571478100472e-08,0.323,pre-control
3000000.0,6000.0,0.002,5.2,1.4728400144747164e-08,0.323,pre-control
3000000.0,6000.0,0.002,5.2250000000000005,1.5105650299244495e-08,0.323,pre-control
3000000.0,6000.0,0.002,5.25,1.549256325651915e-08,0.323,pre-control
3000000.0,6000.0,0.002,5.275,1.5889386522634166e-08,0.323,pre-control
3000000.0,6000.0,0.002,5.300000000000001,1.6296373932805054e-08,0.323,pre-control
3000000.0,6000.0,0.002,5.325,1.671378583460181e-08,0.323,pre-control
3000000.0,6000.0,0.002,5.3500000000000005,1.714188923312595e-08,0.323,pre-control
3000000.0,6000.0,0.002,5.375,1.758095798371752e-08,0.323,pre-control
3000000.0,6000.0,0.002,5.4,1.803127294466448e-08,0.323,pre-control
3000000.0,6000.0,0.002,5.425000000000001,1.8493122179908052e-08,0.323,pre-control
3000000.0,6000.0,0.002,5.45,1.8966801119675075e-08,0.323,pre-control
3000000.0,6000.0,0.002,5.4750000000000005,1.9452612773700584e-08,0.323,pre-control
3000000.0,6000.0,0.002,5.5,1.9950867900194166e-08,0.323,pre-control
3000000.0,6000.0,0.002,5.525,2.0461885230125337e-08,0.323,pre-control
3000000.0,6000.0,0.002,5.550000000000001,2.0985991644956437e-08,0.323,pre-control
3000000.0,6000.0,0.002,5.575,2.152352241256462e-08,0.323,pre-control
3000000.0,6000.0,0.002,5.6000000000000005,2.2074821374196336e-08,0.323,pre-control
3000000.0,6000.0,0.002,5.625,2.2640241192629543e-08,0.323,pre-control
3000000.0,6000.0,0.002,5.65,2.322014354882813e-08,0.323,pre-control
3000000.0,6000.0,0.002,5.675000000000001,2.381489940297965e-08,0.323,pre-control
3000000.0,6000.0,0.002,5.7,2.4424889201352688e-08,0.323,pre-control
3000000.0,6000.0,0.002,5.7250000000000005,2.5050503150878363e-08,0.323,pre-control
3000000.0,6000.0,0.002,5.75,2.5692141436739936e-08,0.323,pre-control
3000000.0,6000.0,0.002,5.775,2.6350214511200626e-08,0.323,pre-control
3000000.0,6000.0,0.002,5.800000000000001,2.702514332248248e-08,0.323,pre-control
3000000.0,6000.0,0.002,5.825,2.771735961857947e-08,0.323,pre-control
3000000.0,6000.0,0.002,5.8500000000000005,2.8427306188011584e-08,0.323,pre-control
3000000.0,6000.0,0.002,5.875,2.9155437179400462e-08,0.323,pre-control
3000000.0,6000.0,0.002,5.9,2.990221835471482e-08,0.323,pre-control
3000000.0,6000.0,0.002,5.925000000000001,3.0668127425426716e-08,0.323,pre-control
3000000.0,6000.0,0.002,5.95,3.145365431889598e-08,0.323,pre-control
3000000.0,6000.0,0.002,5.9750000000000005,3.2259301531967725e-08,0.323,pre-control
3000000.0,6000.0,0.002,6.0,3.308558441117737e-08,0.323,pre-control
3000000.0,6000.0,0.002,6.025,3.39330315246941e-08,0.323,pre-control
3000000.0,6000.0,0.002,6.050000000000001,3.480218495706384e-08,0.323,pre-control
3000000.0,6000.0,0.002,6.075,3.5693600700450183e-08,0.323,pre-control
3000000.0,6000.0,0.002,6.1000000000000005,3.660784896466995e-08,0.323,pre-control
3000000.0,6000.0,0.002,6.125,3.754551458873261e-08,0.323,pre-control
3000000.0,6000.0,0.002,6.15,3.8507197366961634e-08,0.323,pre-control
3000000.0,6000.0,0.002,6.175000000000001,3.949351248188597e-08,0.323,pre-control
3000000.0,6000.0,0.002,6.2,4.0505090847281386e-08,0.323,pre-control
3000000.0,6000.0,0.002,6.2250000000000005,4.154257956352211e-08,0.323,pre-control
3000000.0,6000.0,0.002,6.25,4.260664227841992e-08,0.323,pre-control
3000000.0,6000.0,0.002,6.275,4.369795966620099e-08,0.323,pre-control
3000000.0,6000.0,0.002,6.300000000000001,4.481722980706654e-08,0.323,pre-control
3000000.0,6000.0,0.002,6.325,4.59651686910203e-08,0.323,pre-control
3000000.0,6000.0,0.002,6.3500000000000005,4.714251061712224e-08,0.323,pre-control
3000000.0,6000.0,0.002,6.375,4.835000872345593e-08,0.323,pre-control
3000000.0,6000.0,0.002,6.4,4.958843540709693e-08,0.323,pre-control
3000000.0,6000.0,0.002,6.425000000000001,5.085858288157649e-08,0.323,pre-control
3000000.0,6000.0,0.002,6.45,5.2161263618638984e-08,0.323,pre-control
3000000.0,6000.0,0.002,6.4750000000000005,5.349731093462902e-08,0.323,pre-control
3000000.0,6000.0,0.002,6.5,5.4867579455168063e-08,0.323,pre-control
3000000.0,6000.0,0.002,6.525,5.6272945731965417e-08,0.323,pre-control
3000000.0,6000.0,0.002,6.550000000000001,5.771430873160366e-08,0.323,pre-control
3000000.0,6000.0,0.002,6.575,5.919259048435133e-08,0.323,pre-control
3000000.0,6000.0,0.002,6.6000000000000005,6.070873659830851e-08,0.323,pre-control
3000000.0,6000.0,0.002,6.625,6.226371694188144e-08,0.323,pre-control
3000000.0,6000.0,0.002,6.65,6.385852618460365e-08,0.323,pre-control
3000000.0,6000.0,0.002,6.675000000000001,6.54941845150194e-08,0.323,pre-control
3000000.0,6000.0,0.002,6.7,6.717173820956394e-08,0.323,pre-control
3000000.0,6000.0,0.002,6.7250000000000005,6.889226038769333e-08,0.323,pre-control
3000000.0,6000.0,0.002,6.75,7.065685161027931e-08,0.323,pre-control
3000000.0,6000.0,0.002,6.775,7.246664067391778e-08,0.323,pre-control
3000000.0,6000.0,0.002,6.800000000000001,7.432278524036994e-08,0.323,pre-control
3000000.0,6000.0,0.002,6.825,7.622647267208154e-08,0.323,pre-control
3000000.0,6000.0,0.002,6.8500000000000005,7.81789206942818e-08,0.323,pre-control
3000000.0,6000.0,0.002,6.875,8.018137827385108e-08,0.323,pre-control
3000000.0,6000.0,0.002,6.9,8.223512631577163e-08,0.323,pre-control
3000000.0,6000.0,0.002,6.925000000000001,8.434147858759337e-08,0.323,pre-control
3000000.0,6000.0,0.002,6.95,8.650178245201788e-08,0.323,pre-control
3000000.0,6000.0,0.002,6.9750000000000005,8.871741983932884e-08,0.323,pre-control
3000000.0,6000.0,0.002,7.0,9.098980801798369e-08,0.323,pre-control
3000000.0,6000.0,0.002,7.025,9.332040061749667e-08,0.323,pre-control
3000000.0,6000.0,0.002,7.050000000000001,9.571068843901065e-08,0.323,pre-control
3000000.0,6000.0,0.002,7.075,9.816220053124972e-08,0.323,pre-control
3000000.0,6000.0,0.002,7.1000000000000005,1.006765050431464e-07,0.323,pre-control
3000000.0,6000.0,0.002,7.125,1.0325521035561653e-07,0.323,pre-control
3000000.0,6000.0,0.002,7.15,1.0589996597842318e-07,0.323,pre-control
3000000.0,6000.0,0.002,7.175000000000001,1.0861246374067104e-07,0.323,pre-control
3000000.0,6000.0,0.002,7.2,1.1139443873420122e-07,0.323,pre-control
3000000.0,6000.0,0.002,7.2250000000000005,1.1424767056585235e-07,0.323,pre-control
3000000.0,6000.0,0.002,7.25,1.1717398434979988e-07,0.323,pre-control
3000000.0,6000.0,0.002,7.275,1.201752520247881e-07,0.323,pre-control
3000000.0,6000.0,0.002,7.300000000000001,1.2325339339795415e-07,0.323,pre-control
3000000.0,6000.0,0.002,7.325,1.2641037753040054e-07,0.323,pre-control
3000000.0,6000.0,0.002,7.3500000000000005,1.2964822383517614e-07,0.323,pre-control
3000000.0,6000.0,0.002,7.375,1.3296900353473432e-07,0.323,pre-control
3000000.0,6000.0,0.002,7.4,1.3637484081587993e-07,0.323,pre-control
3000000.0,6000.0,0.002,7.425000000000001,1.3986791436284353e-07,0.323,pre-control
3000000.0,6000.0,0.002,7.45,1.434504585721488e-07,0.323,pre-control
3000000.0,6000.0,0.002,7.4750000000000005,1.471247651652273e-07,0.323,pre-control
3000000.0,6000.0,0.002,7.5,1.5089318446631398e-07,0.323,pre-control
3000000.0,6000.0,0.002,7.525,1.5475812709872844e-07,0.323,pre-control
3000000.0,6000.0,0.002,7.550000000000001,1.587220653290701e-07,0.323,pre-control
3000000.0,6000.0,0.002,7.575,1.627875348515051e-07,0.323,pre-control
3000000.0,6000.0,0.002,7.6000000000000005,1.6695713620170194e-07,0.323,pre-control
3000000.0,6000.0,0.002,7.625,1.7123353663368924e-07,0.323,pre-control
3000000.0,6000.0,0.002,7.65,1.7561947160714924e-07,0.323,pre-control
3000000.0,6000.0,0.002,7.675000000000001,1.801177467616506e-07,0.323,pre-control
3000000.0,6000.0,0.002,7.7,1.8473123948110374e-07,0.323,pre-control
3000000.0,6000.0,0.002,7.7250000000000005,1.8946290097042195e-07,0.323,pre-control
3000000.0,6000.0,0.002,7.75,1.943157579011414e-07,0.323,pre-control
3000000.0,6000.0,0.002,7.775,1.9929291459582337e-07,0.323,pre-control
3000000.0,6000.0,0.002,7.800000000000001,2.0439755475905113e-07,0.323,pre-control
3000000.0,6000.0,0.002,7.825,2.096329437751614e-07,0.323,pre-control
3000000.0,6000.0,0.002,7.8500000000000005,2.1500243052904914e-07,0.323,pre-control
3000000.0,6000.0,0.002,7.875,2.2050944982310667e-07,0.323,pre-control
3000000.0,6000.0,0.002,7.9,2.2615752429249456e-07,0.323,pre-control
3000000.0,6000.0,0.002,7.925000000000001,2.3195026694747448e-07,0.323,pre-control
3000000.0,6000.0,0.002,7.95,2.3789138318804527e-07,0.323,pre-control
3000000.0,6000.0,0.002,7.9750000000000005,2.439846734781769e-07,0.323,pre-control
3000000.0,6000.0,0.002,8.0,2.502340354649651e-07,0.323,pre-control
3000000.0,6000.0,0.002,8.025,2.5664346679160854e-07,0.323,pre-control
3000000.0,6000.0,0.002,8.05,2.632170673265062e-07,0.323,pre-control
3000000.0,6000.0,0.002,8.075000000000001,2.6995904212217384e-07,0.323,pre-control
3000000.0,6000.0,0.002,8.1,2.76873703759988e-07,0.323,pre-control
3000000.0,6000.0,0.002,8.125,2.8396547546261495e-07,0.323,pre-control
3000000.0,6000.0,0.002,8.15,2.9123889356039807e-07,0.323,pre-control
3000000.0,6000.0,0.002,8.175,2.9869861076526153e-07,0.323,pre-control
3000000.0,6000.0,0.002,8.200000000000001,3.063493987650564e-07,0.323,pre-control
3000000.0,6000.0,0.002,8.225,3.141961516673133e-07,0.323,pre-control
3000000.0,6000.0,0.002,8.25,3.222438887281856e-07,0.323,pre-control
3000000.0,6000.0,0.002,8.275,3.3049775797486247e-07,0.323,pre-control
3000000.0,6000.0,0.002,8.3,3.38963039076088e-07,0.323,pre-control
3000000.0,6000.0,0.002,8.325000000000001,3.476451471525086e-07,0.323,pre-control
3000000.0,6000.0,0.002,8.35,3.565496357961107e-07,0.323,pre-control
3000000.0,6000.0,0.002,8.375,3.656822010782511e-07,0.323,pre-control
3000000.0,6000.0,0.002,8.4,3.750486847257374e-07,0.323,pre-control
3000000.0,6000.0,0.002,8.425,3.846550783367948e-07,0.323,pre-control
3000000.0,6000.0,0.002,8.450000000000001,3.9450752672192097e-07,0.323,pre-control
3000000.0,6000.0,0.002,8.475,4.0461233233857184e-07,0.323,pre-control
3000000.0,6000.0,0.002,8.5,4.149759588053398e-07,0.323,pre-control
3000000.0,6000.0,0.002,8.525,4.2560503556670416e-07,0.323,pre-control
3000000.0,6000.0,0.002,8.55,4.365063615895196e-07,0.323,pre-control
3000000.0,6000.0,0.002,8.575000000000001,4.4768691026977334e-07,0.323,pre-control
3000000.0,6000.0,0.002,8.6,4.5915383332083693e-07,0.323,pre-control
3000000.0,6000.0,0.002,8.625,4.7091446593478505e-07,0.323,pre-control
3000000.0,6000.0,0.002,8.65,4.829763308723567e-07,0.323,pre-control
3000000.0,6000.0,0.002,8.675,4.953471438920369e-07,0.323,pre-control
3000000.0,6000.0,0.002,8.700000000000001,5.080348180521995e-07,0.323,pre-control
3000000.0,6000.0,0.002,8.725,5.210474694218359e-07,0.323,pre-control
3000000.0,6000.0,0.002,8.75,5.34393421605886e-07,0.323,pre-control
3000000.0,6000.0,0.002,8.775,5.480812117522253e-07,0.323,pre-control
3000000.0,6000.0,0.002,8.8,5.621195953117552e-07,0.323,pre-control
3000000.0,6000.0,0.002,8.825000000000001,5.765175523570237e-07,0.323,pre-control
3000000.0,6000.0,0.002,8.85,5.912842925892495e-07,0.323,pre-control
3000000.0,6000.0,0.002,8.875,6.06429261984742e-07,0.323,pre-control
3000000.0,6000.0,0.002,8.9,6.219621480616649e-07,0.323,pre-control
3000000.0,6000.0,0.002,8.925,6.378928868712546e-07,0.323,pre-control
3000000.0,6000.0,0.002,8.950000000000001,6.542316685378072e-07,0.323,pre-control
3000000.0,6000.0,0.002,8.975,6.709889446125728e-07,0.323,pre-control
3000000.0,6000.0,0.002,9.0,6.881754339011398e-07,0.323,pre-control
3000000.0,6000.0,0.002,9.025,7.058021301988156e-07,0.323,pre-control
3000000.0,6000.0,0.002,9.05,7.238803084203067e-07,0.323,pre-control
3000000.0,6000.0,0.002,9.075000000000001,7.424215327363901e-07,0.323,pre-control
3000000.0,6000.0,0.002,9.1,7.614376630215579e-07,0.323,pre-control
3000000.0,6000.0,0.002,9.125,7.809408634127932e-07,0.323,pre-control
3000000.0,6000.0,0.002,9.15,8.009436090916746e-07,0.323,pre-control
3000000.0,6000.0,0.002,9.175,8.214586952871401e-07,0.323,pre-control
3000000.0,6000.0,0.002,9.200000000000001,8.424992444094118e-07,0.323,pre-control
3000000.0,6000.0,0.002,9.225,8.640787155197692e-07,0.323,pre-control
3000000.0,6000.0,0.002,9.25,8.862109118345412e-07,0.323,pre-control
3000000.0,6000.0,0.002,9.275,9.089099906861121e-07,0.323,pre-control
3000000.0,6000.0,0.002,9.3,9.32190471416162e-07,0.323,pre-control
3000000.0,6000.0,0.002,9.325000000000001,9.560672458533998e-07,0.323,pre-control
3000000.0,6000.0,0.002,9.35,9.805555866162338e-07,0.323,pre-control
3000000.0,6000.0,0.002,9.375,1.0056711581340287e-06,0.323,pre-control
3000000.0,6000.0,0.002,9.4,1.0314300253804387e-06,0.323,pre-control
3000000.0,6000.0,0.002,9.425,1.0578486654663694e-06,0.323,pre-control
3000000.0,6000.0,0.002,9.450000000000001,1.0849439768263256e-06,0.323,pre-control
3000000.0,6000.0,0.002,9.475,1.1127332914127176e-06,0.323,pre-control
3000000.0,6000.0,0.002,9.5,1.1412343843587142e-06,0.323,pre-control
3000000.0,6000.0,0.002,9.525,1.1704654868050828e-06,0.323,pre-control
3000000.0,6000.0,0.002,9.55,1.2004452960642468e-06,0.323,pre-control
3000000.0,6000.0,0.002,9.575000000000001,1.2311929891124775e-06,0.323,pre-control
3000000.0,6000.0,0.002,9.600000000000001,1.2627282332811428e-06,0.323,pre-control
3000000.0,6000.0,0.002,9.625,1.2950712004487445e-06,0.323,pre-control
3000000.0,6000.0,0.002,9.65,1.3282425782867066e-06,0.323,pre-control
3000000.0,6000.0,0.002,9.675,1.3622635851875441e-06,0.323,pre-control
3000000.0,6000.0,0.002,9.700000000000001,1.3971559820939333e-06,0.323,pre-control
3000000.0,6000.0,0.002,9.725000000000001,1.4329420882012051e-06,0.323,pre-control
3000000.0,6000.0,0.002,9.75,1.4696447933999328e-06,0.323,pre-control
3000000.0,6000.0,0.002,9.775,1.5072875747929007e-06,0.323,pre-control
3000000.0,6000.0,0.002,9.8,1.545894509783016e-06,0.323,pre-control
3000000.0,6000.0,0.002,9.825000000000001,1.585490293446975e-06,0.323,pre-control
3000000.0,6000.0,0.002,9.850000000000001,1.6261002523019817e-06,0.323,pre-control
3000000.0,6000.0,0.002,9.875,1.6677503625805183e-06,0.323,pre-control
3000000.0,6000.0,0.002,9.9,1.7104672647110651e-06,0.323,pre-control
3000000.0,6000.0,0.002,9.925,1.7542782825406921e-06,0.323,pre-control
3000000.0,6000.0,0.002,9.950000000000001,1.7992114385667852e-06,0.323,pre-control
3000000.0,6000.0,0.002,9.975000000000001,1.8452954741566293e-06,0.323,pre-control
3000000.0,6000.0,0.002,10.0,1.8925598655690536e-06,0.323,pre-control
3000000.0,6000.0,0.002,10.025,1.9410348452227025e-06,0.323,pre-control
3000000.0,6000.0,0.002,10.05,1.990751418548543e-06,0.323,pre-control
3000000.0,6000.0,0.002,10.075000000000001,2.041741386361174e-06,0.323,pre-control
3000000.0,6000.0,0.002,10.100000000000001,2.0940373625852985e-06,0.323,pre-control
3000000.0,6000.0,0.002,10.125,2.147672797787239e-06,0.323,pre-control
3000000.0,6000.0,0.002,10.15,2.202681997820671e-06,0.323,pre-control
3000000.0,6000.0,0.002,10.175,2.2591001485784886e-06,0.323,pre-control
3000000.0,6000.0,0.002,10.200000000000001,2.3169633356054296e-06,0.323,pre-control
3000000.0,6000.0,0.002,10.225000000000001,2.3763085701335826e-06,0.323,pre-control
3000000.0,6000.0,0.002,10.25,2.4371738097120005e-06,0.323,pre-control
3000000.0,6000.0,0.002,10.275,2.499597985592384e-06,0.323,pre-control
3000000.0,6000.0,0.002,10.3,2.5636210244283873e-06,0.323,pre-control
3000000.0,6000.0,0.002,10.325000000000001,2.629283877081441e-06,0.323,pre-control
3000000.0,6000.0,0.002,10.350000000000001,2.696628541445221e-06,0.323,pre-control
3000000.0,6000.0,0.002,10.375,2.7656980927451975e-06,0.323,pre-control
3000000.0,6000.0,0.002,10.4,2.8365367075465706e-06,0.323,pre-control
3000000.0,6000.0,0.002,10.425,2.9091896956249583e-06,0.323,pre-control
3000000.0,6000.0,0.002,10.450000000000001,2.983703525219094e-06,0.323,pre-control
3000000.0,6000.0,0.002,10.475000000000001,3.060125856554127e-06,0.323,pre-control
3000000.0,6000.0,0.002,10.5,3.1385055684035493e-06,0.323,pre-control
3000000.0,6000.0,0.002,10.525,3.2188927933507384e-06,0.323,pre-control
3000000.0,6000.0,0.002,10.55,3.301338945727952e-06,0.323,pre-control
3000000.0,6000.0,0.002,10.575000000000001,3.3858967587061586e-06,0.323,pre-control
3000000.0,6000.0,0.002,10.600000000000001,3.472620313682473e-06,0.323,pre-control
3000000.0,6000.0,0.002,10.625,3.5615650792929883e-06,0.323,pre-control
3000000.0,6000.0,0.002,10.65,3.6527879423236874e-06,0.323,pre-control
3000000.0,6000.0,0.002,10.675,3.7463472487458967e-06,0.323,pre-control
3000000.0,6000.0,0.002,10.700000000000001,3.84230283622955e-06,0.323,pre-control
3000000.0,6000.0,0.002,10.725000000000001,3.940716077306109e-06,0.323,pre-control
3000000.0,6000.0,0.002,10.75,4.041649913567136e-06,0.323,pre-control
3000000.0,6000.0,0.002,10.775,4.145168901064896e-06,0.323,pre-control
3000000.0,6000.0,0.002,10.8,4.251339246283502e-06,0.323,pre-control
3000000.0,6000.0,0.002,10.825000000000001,4.360228853893064e-06,0.323,pre-control
3000000.0,6000.0,0.002,10.850000000000001,4.471907364585274e-06,0.323,pre-control
3000000.0,6000.0,0.002,10.875,4.586446205302963e-06,0.323,pre-control
3000000.0,6000.0,0.002,10.9,4.703918629036646e-06,0.323,pre-control
3000000.0,6000.0,0.002,10.925,4.824399767657689e-06,0.323,pre-control
3000000.0,6000.0,0.002,10.950000000000001,4.947966673777296e-06,0.323,pre-control
3000000.0,6000.0,0.002,10.975000000000001,5.0746983763181845e-06,0.323,pre-control
3000000.0,6000.0,0.002,11.0,5.204675924542725e-06,0.323,pre-control
3000000.0,6000.0,0.002,11.025,5.337982446504937e-06,0.323,pre-control
3000000.0,6000.0,0.002,11.05,5.47470319536004e-06,0.323,pre-control
3000000.0,6000.0,0.002,11.075000000000001,5.614925610845836e-06,0.323,pre-control
3000000.0,6000.0,0.002,11.100000000000001,5.7587393679918415e-06,0.323,pre-control
3000000.0,6000.0,0.002,11.125,5.906236441786828e-06,0.323,pre-control
3000000.0,6000.0,0.002,11.15,6.0575111584116945e-06,0.323,pre-control
3000000.0,6000.0,0.002,11.175,6.212660263258088e-06,0.323,pre-control
3000000.0,6000.0,0.002,11.200000000000001,6.371782974815522e-06,0.323,pre-control
3000000.0,6000.0,0.002,11.225000000000001,6.53498105621462e-06,0.323,pre-control
3000000.0,6000.0,0.002,11.25,6.702358871905734e-06,0.323,pre-control
3000000.0,6000.0,0.002,11.275,6.874023462909202e-06,0.323,pre-control
3000000.0,6000.0,0.002,11.3,7.050084606429823e-06,0.323,pre-control
3000000.0,6000.0,0.002,11.325000000000001,7.230654895005891e-06,0.323,pre-control
3000000.0,6000.0,0.002,11.350000000000001,7.415849799211463e-06,0.323,pre-control
3000000.0,6000.0,0.002,11.375,7.6057877509057865e-06,0.323,pre-control
3000000.0,6000.0,0.002,11.4,7.800590209183034e-06,0.323,pre-control
3000000.0,6000.0,0.002,11.425,8.00038174793421e-06,0.323,pre-control
3000000.0,6000.0,0.002,11.450000000000001,8.205290125212132e-06,0.323,pre-control
3000000.0,6000.0,0.002,11.475000000000001,8.415446375329011e-06,0.323,pre-control
3000000.0,6000.0,0.002,11.5,8.630984881813115e-06,0.323,pre-control
3000000.0,6000.0,0.002,11.525,8.852043474276546e-06,0.323,pre-control
3000000.0,6000.0,0.002,11.55,9.078763505149185e-06,0.323,pre-control
3000000.0,6000.0,0.002,11.575000000000001,9.311289951563206e-06,0.323,pre-control
3000000.0,6000.0,0.002,11.600000000000001,9.549771496059587e-06,0.323,pre-control
3000000.0,6000.0,0.002,11.625,9.794360633748614e-06,0.323,pre-control
3000000.0,6000.0,0.002,11.65,1.0045213757194128e-05,0.323,pre-control
3000000.0,6000.0,0.002,11.675,1.0302491269122688e-05,0.323,pre-control
3000000.0,6000.0,0.002,11.700000000000001,1.0566357671701198e-05,0.323,pre-control
3000000.0,6000.0,0.002,11.725000000000001,1.0836981685081585e-05,0.323,pre-control
3000000.0,6000.0,0.002,11.75,1.1114536341298536e-05,0.323,pre-control
3000000.0,6000.0,0.002,11.775,1.1399199108951156e-05,0.323,pre-control
3000000.0,6000.0,0.002,11.8,1.1691151991959244e-05,0.323,pre-control
3000000.0,6000.0,0.002,11.825000000000001,1.1990581660698797e-05,0.323,pre-control
3000000.0,6000.0,0.002,11.850000000000001,1.2297679555867693e-05,0.323,pre-control
3000000.0,6000.0,0.002,11.875,1.2612642026408195e-05,0.323,pre-control
3000000.0,6000.0,0.002,11.9,1.2935670438745635e-05,0.323,pre-control
3000000.0,6000.0,0.002,11.925,1.3266971321848196e-05,0.323,pre-control
3000000.0,6000.0,0.002,11.950000000000001,1.360675648211557e-05,0.323,pre-control
3000000.0,6000.0,0.002,11.975000000000001,1.395524315594463e-05,0.323,pre-control
3000000.0,6000.0,0.002,12.0,1.4312654130559163e-05,0.323,pre-control
3000000.0,6000.0,0.002,12.025,1.4679217904468696e-05,0.323,pre-control
3000000.0,6000.0,0.002,12.05,1.5055168814545446e-05,0.323,pre-control
3000000.0,6000.0,0.002,12.075000000000001,1.5440747204758568e-05,0.323,pre-control
3000000.0,6000.0,0.002,12.100000000000001,1.58361995599433e-05,0.323,pre-control
3000000.0,6000.0,0.002,12.125,1.624177868292962e-05,0.323,pre-control
3000000.0,6000.0,0.002,12.15,1.6657743835914602e-05,0.323,pre-control
3000000.0,6000.0,0.002,12.175,1.7084360925594615e-05,0.323,pre-control
3000000.0,6000.0,0.002,12.200000000000001,1.752190265346754e-05,0.323,pre-control
3000000.0,6000.0,0.002,12.225000000000001,1.797064870843122e-05,0.323,pre-control
3000000.0,6000.0,0.002,12.25,1.8430885927548856e-05,0.323,pre-control
3000000.0,6000.0,0.002,12.275,1.8902908495153394e-05,0.323,pre-control
3000000.0,6000.0,0.002,12.3,1.9387018116269406e-05,0.323,pre-control
3000000.0,6000.0,0.002,12.325000000000001,1.988352422063979e-05,0.323,pre-control
3000000.0,6000.0,0.002,12.350000000000001,2.0392744151534163e-05,0.323,pre-control
3000000.0,6000.0,0.002,12.375,2.091500337287219e-05,0.323,pre-control
3000000.0,6000.0,0.002,12.4,2.1450635676079865e-05,0.323,pre-control
3000000.0,6000.0,0.002,12.425,2.1999983389052735e-05,0.323,pre-control
3000000.0,6000.0,0.002,12.450000000000001,2.2563397602686937e-05,0.323,pre-control
3000000.0,6000.0,0.002,12.475000000000001,2.3141238382044184e-05,0.323,pre-control
3000000.0,6000.0,0.002,12.5,2.3733875012132007e-05,0.323,pre-control
3000000.0,6000.0,0.002,12.525,2.43416862140925e-05,0.323,pre-control
3000000.0,6000.0,0.002,12.55,2.4965060407284768e-05,0.323,pre-control
3000000.0,6000.0,0.002,12.575000000000001,2.5604395935792284e-05,0.323,pre-control
3000000.0,6000.0,0.002,12.600000000000001,2.6260101341623687e-05,0.323,pre-control
3000000.0,6000.0,0.002,12.625,2.6932595609027738e-05,0.323,pre-control
3000000.0,6000.0,0.002,12.65,2.762230844135794e-05,0.323,pre-control
3000000.0,6000.0,0.002,12.675,2.832968053243017e-05,0.323,pre-control
3000000.0,6000.0,0.002,12.700000000000001,2.9055163841290618e-05,0.323,pre-control
3000000.0,6000.0,0.002,12.725000000000001,2.9799221892959594e-05,0.323,pre-control
3000000.0,6000.0,0.002,12.75,3.0562330055567746e-05,0.323,pre-control
3000000.0,6000.0,0.002,12.775,3.134497586292714e-05,0.323,pre-control
3000000.0,6000.0,0.002,12.8,3.2147659306419276e-05,0.323,pre-control
3000000.0,6000.0,0.002,12.825000000000001,3.297089316569245e-05,0.323,pre-control
3000000.0,6000.0,0.002,12.850000000000001,3.3815203331528326e-05,0.323,pre-control
3000000.0,6000.0,0.002,12.875,3.468112913394716e-05,0.323,pre-control
3000000.0,6000.0,0.002,12.9,3.556922369976217e-05,0.323,pre-control
3000000.0,6000.0,0.002,12.925,3.6480054286108916e-05,0.323,pre-control
3000000.0,6000.0,0.002,12.950000000000001,3.741420265768551e-05,0.323,pre-control
3000000.0,6000.0,0.002,12.975000000000001,3.83722654469879e-05,0.323,pre-control
3000000.0,6000.0,0.002,13.0,3.9354854532949646e-05,0.323,pre-control
3000000.0,6000.0,0.002,13.025,4.036259744079363e-05,0.323,pre-control
3000000.0,6000.0,0.002,13.05,4.139613772421638e-05,0.323,pre-control
3000000.0,6000.0,0.002,13.075000000000001,4.245613538954125e-05,0.323,pre-control
3000000.0,6000.0,0.002,13.100000000000001,4.3543267307468064e-05,0.323,pre-control
3000000.0,6000.0,0.002,13.125,4.465822763945931e-05,0.323,pre-control
3000000.0,6000.0,0.002,13.15,4.580172829187829e-05,0.323,pre-control
3000000.0,6000.0,0.002,13.175,4.697449935181014e-05,0.323,pre-control
3000000.0,6000.0,0.002,13.200000000000001,4.817728956053027e-05,0.323,pre-control
3000000.0,6000.0,0.002,13.225000000000001,4.941086679037377e-05,0.323,pre-control
3000000.0,6000.0,0.002,13.25,5.067601852051821e-05,0.323,pre-control
3000000.0,6000.0,0.002,13.275,5.197355235057641e-05,0.323,pre-control
3000000.0,6000.0,0.002,13.3,5.3304296505025613e-05,0.323,pre-control
3000000.0,6000.0,0.002,13.325000000000001,5.466910035503057e-05,0.323,pre-control
3000000.0,6000.0,0.002,13.350000000000001,5.606883496952318e-05,0.323,pre-control
3000000.0,6000.0,0.002,13.375,5.750439365474221e-05,0.323,pre-control
3000000.0,6000.0,0.002,13.4,5.8976692523210495e-05,0.323,pre-control
3000000.0,6000.0,0.002,13.425,6.048667108339535e-05,0.323,pre-control
3000000.0,6000.0,0.002,13.450000000000001,6.203529282158005e-05,0.323,pre-control
3000000.0,6000.0,0.002,13.475000000000001,6.362354581748328e-05,0.323,pre-control
3000000.0,6000.0,0.002,13.5,6.525244337684878e-05,0.323,pre-control
3000000.0,6000.0,0.002,13.525,6.692302466036855e-05,0.323,pre-control
3000000.0,6000.0,0.002,13.55,6.863635534679618e-05,0.323,pre-control
3000000.0,6000.0,0.002,13.575000000000001,7.039352831373137e-05,0.323,pre-control
3000000.0,6000.0,0.002,13.600000000000001,7.219566431709364e-05,0.323,pre-control
3000000.0,6000.0,0.002,13.625,7.40439127040549e-05,0.323,pre-control
3000000.0,6000.0,0.002,13.65,7.593945214661226e-05,0.323,pre-control
3000000.0,6000.0,0.002,13.675,7.788349137619684e-05,0.323,pre-control
3000000.0,6000.0,0.002,13.700000000000001,7.987726994892337e-05,0.323,pre-control
3000000.0,6000.0,0.002,13.725000000000001,8.19220590355494e-05,0.323,pre-control
3000000.0,6000.0,0.002,13.75,8.40191622177671e-05,0.323,pre-control
3000000.0,6000.0,0.002,13.775,8.616991630820572e-05,0.323,pre-control
3000000.0,6000.0,0.002,13.8,8.837569219977682e-05,0.323,pre-control
3000000.0,6000.0,0.002,13.825000000000001,9.063789573055243e-05,0.323,pre-control
3000000.0,6000.0,0.002,13.850000000000001,9.29579685625538e-05,0.323,pre-control
3000000.0,6000.0,0.002,13.875,9.533738909408136e-05,0.323,pre-control
3000000.0,6000.0,0.002,13.9,9.777767339590968e-05,0.323,pre-control
3000000.0,6000.0,0.002,13.925,0.00010028037615903722,0.323,pre-control
3000000.0,6000.0,0.002,13.950000000000001,0.00010284709167277086,0.323,pre-control
3000000.0,6000.0,0.002,13.975000000000001,0.00010547945483134457,0.323,pre-control
3000000.0,6000.0,0.002,14.0,0.00010817914216424891,0.323,pre-control
3000000.0,6000.0,0.002,14.025,0.00011094787288263151,0.323,pre-control
3000000.0,6000.0,0.002,14.05,0.00011378740996200148,0.323,pre-control
3000000.0,6000.0,0.002,14.075000000000001,0.00011669956125209634,0.323,pre-control
3000000.0,6000.0,0.002,14.100000000000001,0.00011968618061215108,0.323,pre-control
3000000.0,6000.0,0.002,14.125,0.0001227491690680448,0.323,pre-control
3000000.0,6000.0,0.002,14.15,0.0001258904760069213,0.323,pre-control
3000000.0,6000.0,0.002,14.175,0.00012911210040083483,0.323,pre-control
3000000.0,6000.0,0.002,14.200000000000001,0.00013241609206001911,0.323,pre-control
3000000.0,6000.0,0.002,14.225000000000001,0.00013580455291057773,0.323,pre-control
3000000.0,6000.0,0.002,14.25,0.00013927963831181288,0.323,pre-control
3000000.0,6000.0,0.002,14.275,0.00014284355840491207,0.323,pre-control
3000000.0,6000.0,0.002,14.3,0.0001464985794963198,0.323,pre-control
3000000.0,6000.0,0.002,14.325000000000001,0.00015024702546956615,0.323,pre-control
3000000.0,6000.0,0.002,14.350000000000001,0.00015409127923542493,0.323,pre-control
3000000.0,6000.0,0.002,14.375,0.0001580337842192459,0.323,pre-control
3000000.0,6000.0,0.002,14.4,0.0001620770458853739,0.323,pre-control
3000000.0,6000.0,0.002,14.425,0.00016622363329884719,0.323,pre-control
3000000.0,6000.0,0.002,14.450000000000001,0.00017047618072101096,0.323,pre-control
3000000.0,6000.0,0.002,14.475000000000001,0.00017483738924939588,0.323,pre-control
3000000.0,6000.0,0.002,14.5,0.00017931002849696373,0.323,pre-control
3000000.0,6000.0,0.002,14.525,0.0001838969383133516,0.323,pre-control
3000000.0,6000.0,0.002,14.55,0.00018860103054834363,0.323,pre-control
3000000.0,6000.0,0.002,14.575000000000001,0.00019342529085574265,0.323,pre-control
3000000.0,6000.0,0.002,14.600000000000001,0.0001983727805431763,0.323,pre-control
3000000.0,6000.0,0.002,14.625,0.00020344663846844758,0.323,pre-control
3000000.0,6000.0,0.002,14.65,0.0002086500829814716,0.323,pre-control
3000000.0,6000.0,0.002,14.675,0.0002139864139141578,0.323,pre-control
3000000.0,6000.0,0.002,14.700000000000001,0.00021945901461863253,0.323,pre-control
3000000.0,6000.0,0.002,14.725000000000001,0.00022507135405335296,0.323,pre-control
3000000.0,6000.0,0.002,14.75,0.00023082698892116116,0.323,pre-control
3000000.0,6000.0,0.002,14.775,0.0002367295658604192,0.323,pre-control
3000000.0,6000.0,0.002,14.8,0.00024278282368822075,0.323,pre-control
3000000.0,6000.0,0.002,14.825000000000001,0.0002489905956985005,0.323,pre-control
3000000.0,6000.0,0.002,14.850000000000001,0.00025535681201563305,0.323,pre-control
3000000.0,6000.0,0.002,14.875,0.0002618855020048007,0.323,pre-control
3000000.0,6000.0,0.002,14.9,0.00026858079673989843,0.323,pre-control
3000000.0,6000.0,0.002,14.925,0.00027544693153065144,0.323,pre-control
3000000.0,6000.0,0.002,14.950000000000001,0.0002824882485123786,0.323,pre-control
3000000.0,6000.0,0.002,14.975000000000001,0.00028970919929631385,0.323,pre-control
3000000.0,6000.0,0.002,15.0,0.00029711434768398047,0.323,pre-control
3000000.0,6000.0,0.002,15.025,0.0003047083724464433,0.323,pre-control
3000000.0,6000.0,0.002,15.05,0.000312496070169851,0.323,pre-control
3000000.0,6000.0,0.002,15.075000000000001,0.00032048235816873845,0.323,pre-control
3000000.0,6000.0,0.002,15.100000000000001,0.00032867227746856756,0.323,pre-control
3000000.0,6000.0,0.002,15.125,0.00033707099585901024,0.323,pre-control
3000000.0,6000.0,0.002,15.15,0.0003456838110191268,0.323,pre-control
3000000.0,6000.0,0.002,15.175,0.0003545161537170654,0.323,pre-control
3000000.0,6000.0,0.002,15.200000000000001,0.0003635735910851181,0.323,pre-control
3000000.0,6000.0,0.002,15.225000000000001,0.0003728618299714005,0.323,pre-control
3000000.0,6000.0,0.002,15.25,0.00038238672037035437,0.323,pre-control
3000000.0,6000.0,0.002,15.275,0.00039215425893351897,0.323,pre-control
3000000.0,6000.0,0.002,15.3,0.000402170592562234,0.323,pre-control
3000000.0,6000.0,0.002,15.325000000000001,0.00041244202208398374,0.323,pre-control
3000000.0,6000.0,0.002,15.350000000000001,0.00042297500601408926,0.323,pre-control
3000000.0,6000.0,0.002,15.375,0.0004337761644044923,0.323,pre-control
3000000.0,6000.0,0.002,15.4,0.00044485228278139696,0.323,pre-control
3000000.0,6000.0,0.002,15.425,0.00045621031617354055,0.323,pre-control
3000000.0,6000.0,0.002,15.450000000000001,0.0004678573932329099,0.323,pre-control
3000000.0,6000.0,0.002,15.475000000000001,0.00047980082044971897,0.323,pre-control
3000000.0,6000.0,0.002,15.5,0.000492048086463491,0.323,pre-control
3000000.0,6000.0,0.002,15.525,0.0005046068664721117,0.323,pre-control
3000000.0,6000.0,0.002,15.55,0.0005174850267407195,0.323,pre-control
3000000.0,6000.0,0.002,15.575000000000001,0.000530690629212345,0.323,pre-control
3000000.0,6000.0,0.002,15.600000000000001,0.0005442319362221977,0.323,pre-control
3000000.0,6000.0,0.002,15.625,0.0005581174153175297,0.323,pre-control
3000000.0,6000.0,0.002,15.65,0.0005723557441850185,0.323,pre-control
3000000.0,6000.0,0.002,15.675,0.0005869558156876064,0.323,pre-control
3000000.0,6000.0,0.002,15.700000000000001,0.0006019267430127737,0.323,pre-control
3000000.0,6000.0,0.002,15.725000000000001,0.0006172778649342004,0.323,pre-control
3000000.0,6000.0,0.002,15.75,0.0006330187511887968,0.323,pre-control
3000000.0,6000.0,0.002,15.775,0.0006491592079710882,0.323,pre-control
3000000.0,6000.0,0.002,15.8,0.0006657092835469179,0.323,pre-control
3000000.0,6000.0,0.002,15.825000000000001,0.0006826792739884755,0.323,pre-control
3000000.0,6000.0,0.002,15.850000000000001,0.0007000797290326128,0.323,pre-control
3000000.0,6000.0,0.002,15.875,0.0007179214580644264,0.323,pre-control
3000000.0,6000.0,0.002,15.9,0.0007362155362280878,0.323,pre-control
3000000.0,6000.0,0.002,15.925,0.0007549733106668497,0.323,pre-control
3000000.0,6000.0,0.002,15.950000000000001,0.0007742064068942062,0.323,pre-control
3000000.0,6000.0,0.002,15.975000000000001,0.0007939267352981078,0.323,pre-control
3000000.0,6000.0,0.002,16.0,0.000814146497780146,0.323,pre-control
3000000.0,6000.0,0.002,16.025000000000002,0.0008348781945315953,0.323,pre-control
3000000.0,6000.0,0.002,16.05,0.0008561346309481322,0.323,pre-control
3000000.0,6000.0,0.002,16.075,0.0008779289246851076,0.323,pre-control
3000000.0,6000.0,0.002,16.1,0.0009002745128550907,0.323,pre-control
3000000.0,6000.0,0.002,16.125,0.0009231851593697192,0.323,pre-control
3000000.0,6000.0,0.002,16.150000000000002,0.0009466749624266454,0.323,pre-control
3000000.0,6000.0,0.002,16.175,0.0009707583621442431,0.323,pre-control
3000000.0,6000.0,0.002,16.2,0.0009954501483456946,0.323,pre-control
3000000.0,6000.0,0.002,16.225,0.0010207654684932046,0.323,pre-control
3000000.0,6000.0,0.002,16.25,0.0010467198357741322,0.323,pre-control
3000000.0,6000.0,0.002,16.275000000000002,0.0010733291373404325,0.323,pre-control
3000000.0,6000.0,0.002,16.3,0.0011006096427025951,0.323,pre-control
3000000.0,6000.0,0.002,16.325,0.0011285780122793668,0.323,pre-control
3000000.0,6000.0,0.002,16.35,0.0011572513061042923,0.323,pre-control
3000000.0,6000.0,0.002,16.375,0.001186646992690546,0.323,pre-control
3000000.0,6000.0,0.002,16.400000000000002,0.0012167829580528148,0.323,pre-control
3000000.0,6000.0,0.002,16.425,0.0012476775148909163,0.323,pre-control
3000000.0,6000.0,0.002,16.45,0.001279349411932828,0.323,pre-control
3000000.0,6000.0,0.002,16.475,0.0013118178434376644,0.323,pre-control
3000000.0,6000.0,0.002,16.5,0.0013451024588593233,0.323,pre-control
3000000.0,6000.0,0.002,16.525000000000002,0.0013792233726709485,0.323,pre-control
3000000.0,6000.0,0.002,16.55,0.0014142011743506697,0.323,pre-control
3000000.0,6000.0,0.002,16.575,0.0014500569385264067,0.323,pre-control
3000000.0,6000.0,0.002,16.6,0.0014868122352826826,0.323,pre-control
3000000.0,6000.0,0.002,16.625,0.0015244891406274662,0.323,pre-control
3000000.0,6000.0,0.002,16.650000000000002,0.0015631102471158234,0.323,pre-control
3000000.0,6000.0,0.002,16.675,0.0016026986746305728,0.323,pre-control
3000000.0,6000.0,0.002,16.7,0.0016432780813192467,0.323,pre-control
3000000.0,6000.0,0.002,16.725,0.0016848726746839233,0.323,pre-control
3000000.0,6000.0,0.002,16.75,0.001727507222824766,0.323,pre-control
3000000.0,6000.0,0.002,16.775000000000002,0.0017712070658352228,0.323,pre-control
3000000.0,6000.0,0.002,16.8,0.0018159981273410401,0.323,pre-control
3000000.0,6000.0,0.002,16.825,0.0018619069261831245,0.323,pre-control
3000000.0,6000.0,0.002,16.85,0.0019089605882411903,0.323,pre-control
3000000.0,6000.0,0.002,16.875,0.0019571868583924523,0.323,pre-control
3000000.0,6000.0,0.002,16.896690032843228,0.002,0.323,threshold-control
3000000.0,6000.0,0.002,17.0,0.002,0.8450018683583614,threshold-control
3000000.0,6000.0,0.002,18.0,0.002,0.8415003027938139,threshold-control
3000000.0,6000.0,0.002,19.0,0.002,0.8379321874067469,threshold-control
3000000.0,6000.0,0.002,20.0,0.002,0.8342968259262529,threshold-control
3000000.0,6000.0,0.002,21.0,0.002,0.830593541101958,threshold-control
3000000.0,6000.0,0.002,22.0,0.002,0.8268216761025482,threshold-control
3000000.0,6000.0,0.002,23.0,0.002,0.8229805959438795,threshold-control
3000000.0,6000.0,0.002,24.0,0.002,0.8190696889450533,threshold-control
3000000.0,6000.0,0.002,25.0,0.002,0.8150883682106602,threshold-control
3000000.0,6000.0,0.002,26.0,0.002,0.811036073137217,threshold-control
3000000.0,6000.0,0.002,27.0,0.002,0.8069122709416339,threshold-control
3000000.0,6000.0,0.002,28.0,0.002,0.8027164582093655,threshold-control
3000000.0,6000.0,0.002,29.0,0.002,0.7984481624597026,threshold-control
3000000.0,6000.0,0.002,30.0,0.002,0.7941069437254725,threshold-control
3000000.0,6000.0,0.002,31.0,0.002,0.7896923961442186,threshold-control
3000000.0,6000.0,0.002,32.0,0.002,0.7852041495577369,threshold-control
3000000.0,6000.0,0.002,33.0,0.002,0.7806418711166502,threshold-control
3000000.0,6000.0,0.002,34.0,0.002,0.7760052668865091,threshold-control
3000000.0,6000.0,0.002,35.0,0.002,0.7712940834517191,threshold-control
3000000.0,6000.0,0.002,36.0,0.002,0.7665081095134031,threshold-control
3000000.0,6000.0,0.002,37.0,0.002,0.7616471774771293,threshold-control
3000000.0,6000.0,0.002,38.0,0.002,0.7567111650262587,threshold-control
3000000.0,6000.0,0.002,39.0,0.002,0.7516999966764946,threshold-control
3000000.0,6000.0,0.002,40.0,0.002,0.7466136453070608,threshold-control
3000000.0,6000.0,0.002,41.0,0.002,0.741452133663782,threshold-control
3000000.0,6000.0,0.002,42.0,0.002,0.7362155358292057,threshold-control
3000000.0,6000.0,0.002,43.0,0.002,0.7309039786547737,threshold-control
3000000.0,6000.0,0.002,44.0,0.002,0.725517643149949,threshold-control
3000000.0,6000.0,0.002,45.0,0.002,0.7200567658231001,threshold-control
3000000.0,6000.0,0.002,46.0,0.002,0.7145216399688744,threshold-control
3000000.0,6000.0,0.002,47.0,0.002,0.7089126168967297,threshold-control
3000000.0,6000.0,0.002,48.0,0.002,0.7032301070952541,threshold-control
3000000.0,6000.0,0.002,49.0,0.002,0.6974745813268913,threshold-control
3000000.0,6000.0,0.002,50.0,0.002,0.6916465716476867,threshold-control
3000000.0,6000.0,0.002,51.0,0.002,0.6857466723467067,threshold-control
3000000.0,6000.0,0.002,52.0,0.002,0.6797755407998333,threshold-control
3000000.0,6000.0,0.002,53.0,0.002,0.6737338982327161,threshold-control
3000000.0,6000.0,0.002,54.0,0.002,0.6676225303877759,threshold-control
3000000.0,6000.0,0.002,55.0,0.002,0.661442288090281,threshold-control
3000000.0,6000.0,0.002,56.0,0.002,0.6551940877086907,threshold-control
3000000.0,6000.0,0.002,57.0,0.002,0.6488789115046395,threshold-control
3000000.0,6000.0,0.002,58.0,0.002,0.642497807868171,threshold-control
3000000.0,6000.0,0.002,59.0,0.002,0.6360518914340649,threshold-control
3000000.0,6000.0,0.002,60.0,0.002,0.6295423430753909,threshold-control
3000000.0,6000.0,0.002,61.0,0.002,0.6229704097707229,threshold-control
3000000.0,6000.0,0.002,62.0,0.002,0.6163374043417859,threshold-control
3000000.0,6000.0,0.002,63.0,0.002,0.6096447050586664,threshold-control
3000000.0,6000.0,0.002,64.0,0.002,0.602893755110109,threshold-control
3000000.0,6000.0,0.002,65.0,0.002,0.5960860619368308,threshold-control
3000000.0,6000.0,0.002,66.0,0.002,0.5892231964262252,threshold-control
3000000.0,6000.0,0.002,67.0,0.002,0.5823067919672833,threshold-control
3000000.0,6000.0,0.002,68.0,0.002,0.5753385433650371,threshold-control
3000000.0,6000.0,0.002,69.0,0.002,0.5683202056143295,threshold-control
3000000.0,6000.0,0.002,70.0,0.002,0.561253592533222,threshold-control
3000000.0,6000.0,0.002,71.0,0.002,0.5541405752568749,threshold-control
3000000.0,6000.0,0.002,72.0,0.002,0.5469830805932752,threshold-control
3000000.0,6000.0,0.002,73.0,0.002,0.5397830892427207,threshold-control
3000000.0,6000.0,0.002,74.0,0.002,0.532542633883516,threshold-control
3000000.0,6000.0,0.002,75.0,0.002,0.5252637971268889,threshold-control
3000000.0,6000.0,0.002,76.0,0.002,0.5179487093446684,threshold-control
3000000.0,6000.0,0.002,77.0,0.002,0.5105995463738162,threshold-control
3000000.0,6000.0,0.002,78.0,0.002,0.5032185271024245,threshold-control
3000000.0,6000.0,0.002,79.0,0.002,0.49580791094231524,threshold-control
3000000.0,6000.0,0.002,80.0,0.002,0.4883699951938768,threshold-control
3000000.0,6000.0,0.002,81.0,0.002,0.48090711230925764,threshold-control
3000000.0,6000.0,0.002,82.0,0.002,0.4734216270604962,threshold-control
3000000.0,6000.0,0.002,83.0,0.002,0.46591593361960326,threshold-control
3000000.0,6000.0,0.002,84.0,0.002,0.45839245255802175,threshold-control
3000000.0,6000.0,0.002,85.0,0.002,0.45085362777326066,threshold-control
3000000.0,6000.0,0.002,86.0,0.002,0.4433019233508495,threshold-control
3000000.0,6000.0,0.002,87.0,0.002,0.43573982037005643,threshold-control
3000000.0,6000.0,0.002,88.0,0.002,0.4281698136620923,threshold-control
3000000.0,6000.0,0.002,89.0,0.002,0.42059440852973806,threshold-control
3000000.0,6000.0,0.002,90.0,0.002,0.41301611743753064,threshold-control
3000000.0,6000.0,0.002,91.0,0.002,0.4054374566817721,threshold-control
3000000.0,6000.0,0.002,92.0,0.002,0.39786094304973485,threshold-control
3000000.0,6000.0,0.002,93.0,0.002,0.39028909047748095,threshold-control
3000000.0,6000.0,0.002,94.0,0.002,0.38272440671572394,threshold-control
3000000.0,6000.0,0.002,95.0,0.002,0.375169390013121,threshold-control
3000000.0,6000.0,0.002,96.0,0.002,0.36762652582629884,threshold-control
3000000.0,6000.0,0.002,97.0,0.002,0.3600982835657899,threshold-control
3000000.0,6000.0,0.002,98.0,0.002,0.3525871133868804,threshold-control
3000000.0,6000.0,0.002,99.0,0.002,0.34509544303415796,threshold-control
3000000.0,6000.0,0.002,100.0,0.002,0.3376256747482881,threshold-control
3000000.0,6000.0,0.002,101.0,0.002,0.33018018224325985,threshold-control
3000000.0,6000.0,0.002,101.96776719922718,0.002,0.32299999999999995,threshold-control
3000000.0,6000.0,0.002,102.96776719922718,0.001996784897315156,0.323,post-control
3000000.0,6000.0,0.002,103.96776719922718,0.0019872270833277456,0.323,post-control
3000000.0,6000.0,0.002,104.96776719922718,0.0019715154658904374,0.323,post-control
3000000.0,6000.0,0.002,105.96776719922718,0.0019499105243273773,0.323,post-control
3000000.0,6000.0,0.002,106.96776719922718,0.0019227363810718247,0.323,post-control
3000000.0,6000.0,0.002,107.96776719922718,0.0018903716618407073,0.323,post-control
3000000.0,6000.0,0.002,108.96776719922718,0.0018532395445746694,0.323,post-control
3000000.0,6000.0,0.002,109.96776719922718,0.0018117973980223895,0.323,post-control
3000000.0,6000.0,0.002,110.96776719922718,0.0017665263857225032,0.323,post-control
3000000.0,6000.0,0.002,111.96776719922718,0.0017179213821686753,0.323,post-control
3000000.0,6000.0,0.002,112.96776719922718,0.001666481484555497,0.323,post-control
3000000.0,6000.0,0.002,113.96776719922718,0.0016127013508206447,0.323,post-control
3000000.0,6000.0,0.002,114.96776719922718,0.0015570635366656893,0.323,post-control
3000000.0,6000.0,0.002,115.96776719922718,0.0015000319334974104,0.323,post-control
3000000.0,6000.0,0.002,116.96776719922718,0.0014420463592657294,0.323,post-control
3000000.0,6000.0,0.002,117.96776719922718,0.0013835183033296067,0.323,post-control
3000000.0,6000.0,0.002,118.96776719922718,0.001324827784612308,0.323,post-control
3000000.0,6000.0,0.002,119.96776719922718,0.0012663212485316128,0.323,post-control
3000000.0,6000.0,0.002,120.96776719922718,0.001208310405668969,0.323,post-control
3000000.0,6000.0,0.002,121.96776719922718,0.0011510719061953811,0.323,post-control
3000000.0,6000.0,0.002,122.96776719922718,0.0010948477192636483,0.323,post-control
3000000.0,6000.0,0.002,123.96776719922718,0.001039846099659925,0.323,post-control
3000000.0,6000.0,0.002,124.96776719922718,0.0009862430616860791,0.323,post-control
3000000.0,6000.0,0.002,125.96776719922718,0.0009341841037479786,0.323,post-control
3000000.0,6000.0,0.002,126.96776719922718,0.0008837864164381779,0.323,post-control
3000000.0,6000.0,0.002,127.96776719922718,0.0008351409486337919,0.323,post-control
3000000.0,6000.0,0.002,128.96776719922718,0.0007883148812686968,0.323,post-control
3000000.0,6000.0,0.002,129.96776719922718,0.0007433538896907858,0.323,post-control
3000000.0,6000.0,0.002,130.96776719922718,0.0007002845304327599,0.323,post-control
3000000.0,6000.0,0.002,131.96776719922718,0.000659116479154889,0.323,post-control
3000000.0,6000.0,0.002,132.96776719922718,0.0006198447014499448,0.323,post-control
3000000.0,6000.0,0.002,133.96776719922718,0.0005824515001323445,0.323,post-control
3000000.0,6000.0,0.002,134.96776719922718,0.0005469083956576615,0.323,post-control
3000000.0,6000.0,0.002,135.96776719922718,0.0005131779050864352,0.323,post-control
3000000.0,6000.0,0.002,136.96776719922718,0.00048121509751446434,0.323,post-control
3000000.0,6000.0,0.002,137.96776719922718,0.00045096908676583856,0.323,post-control
3000000.0,6000.0,0.002,138.96776719922718,0.0004223842569930169,0.323,post-control
3000000.0,6000.0,0.002,139.96776719922718,0.00039540148460563733,0.323,post-control
3000000.0,6000.0,0.002,140.96776719922718,0.00036995905546334605,0.323,post-control
3000000.0,6000.0,0.002,141.96776719922718,0.0003459936430252022,0.323,post-control
3000000.0,6000.0,0.002,142.96776719922718,0.00032344095881139923,0.323,post-control
3000000.0,6000.0,0.002,143.96776719922718,0.000302236514654371,0.323,post-control
3000000.0,6000.0,0.002,144.96776719922718,0.00028231605816422275,0.323,post-control
3000000.0,6000.0,0.002,145.96776719922718,0.00026361614200421356,0.323,post-control
3000000.0,6000.0,0.002,146.96776719922718,0.00024607441550615036,0.323,post-control
3000000.0,6000.0,0.002,147.96776719922718,0.00022962998604493596,0.323,post-control
3000000.0,6000.0,0.002,148.96776719922718,0.00021422366240459722,0.323,post-control
3000000.0,6000.0,0.002,149.96776719922718,0.00019979809508430374,0.323,post-control
3000000.0,6000.0,0.002,150.96776719922718,0.0001862980193344759,0.323,post-control
3000000.0,6000.0,0.002,151.96776719922718,0.00017367023523158048,0.323,post-control
3000000.0,6000.0,0.002,152.96776719922718,0.0001618637876643244,0.323,post-control
3000000.0,6000.0,0.002,153.96776719922718,0.00015082994139578698,0.323,post-control
3000000.0,6000.0,0.002,154.96776719922718,0.00014052217726677588,0.323,post-control
3000000.0,6000.0,0.002,155.96776719922718,0.00013089627601166746,0.323,post-control
3000000.0,6000.0,0.002,156.96776719922718,0.00012191016640479129,0.323,post-control
3000000.0,6000.0,0.002,157.96776719922718,0.00011352398237583928,0.323,post-control
3000000.0,6000.0,0.002,158.96776719922718,0.00010569999250368908,0.323,post-control
3000000.0,6000.0,0.002,159.96776719922718,9.840246899023454e-05,0.323,post-control
3000000.0,6000.0,0.002,160.96776719922718,9.15977400706412e-05,0.323,post-control
3000000.0,6000.0,0.002,161.96776719922718,8.525402728519051e-05,0.323,post-control
3000000.0,6000.0,0.002,162.96776719922718,7.934136454330964e-05,0.323,post-control
3000000.0,6000.0,0.002,163.96776719922718,7.383161823550426e-05,0.323,post-control
3000000.0,6000.0,0.002,164.96776719922718,6.869829646707635e-05,0.323,post-control
3000000.0,6000.0,0.002,165.96776719922718,6.391649942637449e-05,0.323,post-control
3000000.0,6000.0,0.002,166.96776719922718,5.946291719767758e-05,0.323,post-control
3000000.0,6000.0,0.002,167.96776719922718,5.531564250792716e-05,0.323,post-control
3000000.0,6000.0,0.002,168.96776719922718,5.1454130213403115e-05,0.323,post-control
3000000.0,6000.0,0.002,169.96776719922718,4.7859194193622754e-05,0.323,post-control
3000000.0,6000.0,0.002,170.96776719922718,4.4512834388985236e-05,0.323,post-control
3000000.0,6000.0,0.002,171.96776719922718,4.139819029549192e-05,0.323,post-control
3000000.0,6000.0,0.002,172.96776719922718,3.849954844721597e-05,0.323,post-control
3000000.0,6000.0,0.002,173.96776719922718,3.580219748281974e-05,0.323,post-control
3000000.0,6000.0,0.002,174.96776719922718,3.3292361775222544e-05,0.323,post-control
3000000.0,6000.0,0.002,175.96776719922718,3.095721422683746e-05,0.323,post-control
3000000.0,6000.0,0.002,176.96776719922718,2.8784785477733838e-05,0.323,post-control
3000000.0,6000.0,0.002,177.96776719922718,2.6763865781388447e-05,0.323,post-control
3000000.0,6000.0,0.002,178.96776719922718,2.488400453329468e-05,0.323,post-control
3000000.0,6000.0,0.002,179.96776719922718,2.313549378569209e-05,0.323,post-control
3000000.0,6000.0,0.002,180.96776719922718,2.1509247152582763e-05,0.323,post-control
3000000.0,6000.0,0.002,181.96776719922718,1.9996776402137534e-05,0.323,post-control
3000000.0,6000.0,0.002,182.96776719922718,1.8590201852011143e-05,0.323,post-control
3000000.0,6000.0,0.002,183.96776719922718,1.7282188772332552e-05,0.323,post-control
3000000.0,6000.0,0.002,184.96776719922718,1.6065872155644525e-05,0.323,post-control
3000000.0,6000.0,0.002,185.96776719922718,1.4934852540534874e-05,0.323,post-control
3000000.0,6000.0,0.002,186.96776719922718,1.388320521645129e-05,0.323,post-control
3000000.0,6000.0,0.002,187.96776719922718,1.2905404826980089e-05,0.323,post-control
3000000.0,6000.0,0.002,188.96776719922718,1.1996283024334853e-05,0.323,post-control
3000000.0,6000.0,0.002,189.96776719922718,1.1151027159123267e-05,0.323,post-control
3000000.0,6000.0,0.002,190.96776719922718,1.0365189543790084e-05,0.323,post-control
3000000.0,6000.0,0.002,191.96776719922718,9.634621787069723e-06,0.323,post-control
3000000.0,6000.0,0.002,192.96776719922718,8.955443026570414e-06,0.323,post-control
3000000.0,6000.0,0.002,193.96776719922718,8.324038664949306e-06,0.323,post-control
3000000.0,6000.0,0.002,194.96776719922718,7.737071017771461e-06,0.323,post-control
3000000.0,6000.0,0.002,195.96776719922718,7.19143625599416e-06,0.323,post-control
3000000.0,6000.0,0.002,196.96776719922718,6.684227573560789e-06,0.323,post-control
3000000.0,6000.0,0.002,197.96776719922718,6.212733993668465e-06,0.323,post-control
3000000.0,6000.0,0.002,198.96776719922718,5.774445447764338e-06,0.323,post-control
3000000.0,6000.0,0.002,199.96776719922718,5.367045811923636e-06,0.323,post-control
3000000.0,6000.0,0.002,200.96776719922718,4.988365342602213e-06,0.323,post-control
3000000.0,6000.0,0.002,201.96776719922718,4.636375484661882e-06,0.323,post-control
3000000.0,6000.0,0.002,202.96776719922718,4.309188033678487e-06,0.323,post-control
3000000.0,6000.0,0.002,203.96776719922718,4.005064961711332e-06,0.323,post-control
3000000.0,6000.0,0.002,204.96776719922718,3.7223951051064454e-06,0.323,post-control
3000000.0,6000.0,0.002,205.96776719922718,3.4596669338998326e-06,0.323,post-control
3000000.0,6000.0,0.002,206.96776719922718,3.2154679651370136e-06,0.323,post-control
3000000.0,6000.0,0.002,207.96776719922718,2.98848417416731e-06,0.323,post-control
3000000.0,6000.0,0.002,208.96776719922718,2.7775095769872047e-06,0.323,post-control
3000000.0,6000.0,0.002,209.96776719922718,2.581426656691469e-06,0.323,post-control
3000000.0,6000.0,0.002,210.96776719922718,2.3991858579364594e-06,0.323,post-control
3000000.0,6000.0,0.002,211.96776719922718,2.229805276003743e-06,0.323,post-control
3000000.0,6000.0,0.002,212.96776719922718,2.0723702215657724e-06,0.323,post-control
3000000.0,6000.0,0.002,213.96776719922718,1.926038819907846e-06,0.323,post-control
3000000.0,6000.0,0.002,214.96776719922718,1.790039022237771e-06,0.323,post-control
3000000.0,6000.0,0.002,215.96776719922718,1.6636454323097336e-06,0.323,post-control
3000000.0,6000.0,0.002,216.96776719922718,1.5461774861560383e-06,0.323,post-control
3000000.0,6000.0,0.002,217.96776719922718,1.4369994520871056e-06,0.323,post-control
3000000.0,6000.0,0.002,218.96776719922718,1.335520275676058e-06,0.323,post-control
3000000.0,6000.0,0.002,219.96776719922718,1.2412016108615034e-06,0.323,post-control
3000000.0,6000.0,0.002,220.96776719922718,1.1535461135378942e-06,0.323,post-control
3000000.0,6000.0,0.002,221.96776719922718,1.0720852773609992e-06,0.323,post-control
3000000.0,6000.0,0.002,222.96776719922718,9.963792950887005e-07,0.323,post-control
3000000.0,6000.0,0.002,223.96776719922718,9.260170585809906e-07,0.323,post-control
3000000.0,6000.0,0.002,224.96776719922718,8.606160119922797e-07,0.323,post-control
3000000.0,6000.0,0.002,225.96776719922718,7.998284174374774e-07,0.323,post-control
3000000.0,6000.0,0.002,226.96776719922718,7.433357398181468e-07,0.323,post-control
3000000.0,6000.0,0.002,227.96776719922718,6.908374121537335e-07,0.323,post-control
3000000.0,6000.0,0.002,228.96776719922718,6.420505111760629e-07,0.323,post-control
3000000.0,6000.0,0.002,229.96776719922718,5.967097573293408e-07,0.323,post-control
3000000.0,6000.0,0.002,230.96776719922718,5.545675112325831e-07,0.323,post-control
3000000.0,6000.0,0.002,231.96776719922718,5.153950700200828e-07,0.323,post-control
3000000.0,6000.0,0.002,232.96776719922718,4.789875675412166e-07,0.323,post-control
3000000.0,6000.0,0.002,233.96776719922718,4.451539459598061e-07,0.323,post-control
3000000.0,6000.0,0.002,234.96776719922718,4.1371368408780056e-07,0.323,post-control
3000000.0,6000.0,0.002,235.96776719922718,3.8449679738527644e-07,0.323,post-control
3000000.0,6000.0,0.002,236.96776719922718,3.5734383796043784e-07,0.323,post-control
3000000.0,6000.0,0.002,237.91696855183812,3.333439896213218e-07,0.323,post-control
13163000.0,26326.0,0.002,0.0,7.647407380688293e-11,0.323,pre-control
13163000.0,26326.0,0.002,0.025,7.843286491136487e-11,0.323,pre-control
13163000.0,26326.0,0.002,0.05,8.044182807256597e-11,0.323,pre-control
13163000.0,26326.0,0.002,0.07500000000000001,8.250224841384703e-11,0.323,pre-control
13163000.0,26326.0,0.002,0.1,8.461544392139546e-11,0.323,pre-control
13163000.0,26326.0,0.002,0.125,8.678276639546554e-11,0.323,pre-control
13163000.0,26326.0,0.002,0.15000000000000002,8.900560220418175e-11,0.323,pre-control
13163000.0,26326.0,0.002,0.17500000000000002,9.128537328413261e-11,0.323,pre-control
13163000.0,26326.0,0.002,0.2,9.362353793328409e-11,0.323,pre-control
13163000.0,26326.0,0.002,0.225,9.60215918634882e-11,0.323,pre-control
13163000.0,26326.0,0.002,0.25,9.848106903453537e-11,0.323,pre-control
13163000.0,26326.0,0.002,0.275,1.0100354276127108e-10,0.323,pre-control
13163000.0,26326.0,0.002,0.30000000000000004,1.0359062659092198e-10,0.323,pre-control
13163000.0,26326.0,0.002,0.325,1.0624397546765371e-10,0.323,pre-control
13163000.0,26326.0,0.002,0.35000000000000003,1.08965286655416e-10,0.323,pre-control
13163000.0,26326.0,0.002,0.375,1.1175630096292191e-10,0.323,pre-control
13163000.0,26326.0,0.002,0.4,1.1461880371437357e-10,0.323,pre-control
13163000.0,26326.0,0.002,0.42500000000000004,1.1755462603799772e-10,0.323,pre-control
13163000.0,26326.0,0.002,0.45,1.2056564588713628e-10,0.323,pre-control
13163000.0,26326.0,0.002,0.47500000000000003,1.2365378939563595e-10,0.323,pre-control
13163000.0,26326.0,0.002,0.5,1.268210319519165e-10,0.323,pre-control
13163000.0,26326.0,0.002,0.525,1.3006939962468302e-10,0.323,pre-control
13163000.0,26326.0,0.002,0.55,1.3340097029272084e-10,0.323,pre-control
13163000.0,26326.0,0.002,0.5750000000000001,1.3681787514457878e-10,0.323,pre-control
13163000.0,26326.0,0.002,0.6000000000000001,1.4032229986698214e-10,0.323,pre-control
13163000.0,26326.0,0.002,0.625,1.439164862223249e-10,0.323,pre-control
13163000.0,26326.0,0.002,0.65,1.4760273329874192e-10,0.323,pre-control
13163000.0,26326.0,0.002,0.675,1.5138339916944718e-10,0.323,pre-control
13163000.0,26326.0,0.002,0.7000000000000001,1.5526090220766427e-10,0.323,pre-control
13163000.0,26326.0,0.002,0.7250000000000001,1.5923772283205733e-10,0.323,pre-control
13163000.0,26326.0,0.002,0.75,1.6331640488988463e-10,0.323,pre-control
13163000.0,26326.0,0.002,0.775,1.6749955749298903e-10,0.323,pre-control
13163000.0,26326.0,0.002,0.8,1.7178985647271485e-10,0.323,pre-control
13163000.0,26326.0,0.002,0.8250000000000001,1.7619004631115565e-10,0.323,pre-control
13163000.0,26326.0,0.002,0.8500000000000001,1.8070294167155787e-10,0.323,pre-control
13163000.0,26326.0,0.002,0.875,1.8533142942976883e-10,0.323,pre-control
13163000.0,26326.0,0.002,0.9,1.9007847028404316e-10,0.323,pre-control
13163000.0,26326.0,0.002,0.925,1.9494710089188988e-10,0.323,pre-control
13163000.0,26326.0,0.002,0.9500000000000001,1.9994043556340107e-10,0.323,pre-control
13163000.0,26326.0,0.002,0.9750000000000001,2.0506166850896691e-10,0.323,pre-control
13163000.0,26326.0,0.002,1.0,2.103140756204602e-10,0.323,pre-control
13163000.0,26326.0,0.002,1.0250000000000001,2.1570101683557102e-10,0.323,pre-control
13163000.0,26326.0,0.002,1.05,2.212259380114055e-10,0.323,pre-control
13163000.0,26326.0,0.002,1.075,2.2689237341149097e-10,0.323,pre-control
13163000.0,26326.0,0.002,1.1,2.32703947676584e-10,0.323,pre-control
13163000.0,26326.0,0.002,1.125,2.3866437844070995e-10,0.323,pre-control
13163000.0,26326.0,0.002,1.1500000000000001,2.4477747840422436e-10,0.323,pre-control
13163000.0,26326.0,0.002,1.175,2.510471580855818e-10,0.323,pre-control
13163000.0,26326.0,0.002,1.2000000000000002,2.5747742800195516e-10,0.323,pre-control
13163000.0,26326.0,0.002,1.225,2.640724015637765e-10,0.323,pre-control
13163000.0,26326.0,0.002,1.25,2.7083629736849495e-10,0.323,pre-control
13163000.0,26326.0,0.002,1.2750000000000001,2.777734422452968e-10,0.323,pre-control
13163000.0,26326.0,0.002,1.3,2.848882736678717e-10,0.323,pre-control
13163000.0,26326.0,0.002,1.3250000000000002,2.9218534295710413e-10,0.323,pre-control
13163000.0,26326.0,0.002,1.35,2.9966931781902275e-10,0.323,pre-control
13163000.0,26326.0,0.002,1.375,3.0734498571365904e-10,0.323,pre-control
13163000.0,26326.0,0.002,1.4000000000000001,3.152172565246753e-10,0.323,pre-control
13163000.0,26326.0,0.002,1.425,3.232911661030109e-10,0.323,pre-control
13163000.0,26326.0,0.002,1.4500000000000002,3.315718790750211e-10,0.323,pre-control
13163000.0,26326.0,0.002,1.475,3.400646925699809e-10,0.323,pre-control
13163000.0,26326.0,0.002,1.5,3.487750391739189e-10,0.323,pre-control
13163000.0,26326.0,0.002,1.5250000000000001,3.577084908505195e-10,0.323,pre-control
13163000.0,26326.0,0.002,1.55,3.6687076204821125e-10,0.323,pre-control
13163000.0,26326.0,0.002,1.5750000000000002,3.7626771382449967e-10,0.323,pre-control
13163000.0,26326.0,0.002,1.6,3.8590535711426377e-10,0.323,pre-control
13163000.0,26326.0,0.002,1.625,3.957898570680734e-10,0.323,pre-control
13163000.0,26326.0,0.002,1.6500000000000001,4.0592753649005694e-10,0.323,pre-control
13163000.0,26326.0,0.002,1.675,4.163248804013064e-10,0.323,pre-control
13163000.0,26326.0,0.002,1.7000000000000002,4.269885396561146e-10,0.323,pre-control
13163000.0,26326.0,0.002,1.725,4.3792533574214635e-10,0.323,pre-control
13163000.0,26326.0,0.002,1.75,4.4914226458429885e-10,0.323,pre-control
13163000.0,26326.0,0.002,1.7750000000000001,4.606465015939236e-10,0.323,pre-control
13163000.0,26326.0,0.002,1.8,4.724454056700443e-10,0.323,pre-control
13163000.0,26326.0,0.002,1.8250000000000002,4.845465245105516e-10,0.323,pre-control
13163000.0,26326.0,0.002,1.85,4.969575988210185e-10,0.323,pre-control
13163000.0,26326.0,0.002,1.875,5.096865679014592e-10,0.323,pre-control
13163000.0,26326.0,0.002,1.9000000000000001,5.227415740735134e-10,0.323,pre-control
13163000.0,26326.0,0.002,1.925,5.36130968557066e-10,0.323,pre-control
13163000.0,26326.0,0.002,1.9500000000000002,5.498633161271302e-10,0.323,pre-control
13163000.0,26326.0,0.002,1.975,5.63947401295368e-10,0.323,pre-control
13163000.0,26326.0,0.002,2.0,5.783922332085893e-10,0.323,pre-control
13163000.0,26326.0,0.002,2.025,5.932070521509913e-10,0.323,pre-control
13163000.0,26326.0,0.002,2.0500000000000003,6.084013346968109e-10,0.323,pre-control
13163000.0,26326.0,0.002,2.075,6.239848005499232e-10,0.323,pre-control
13163000.0,26326.0,0.002,2.1,6.399674179638322e-10,0.323,pre-control
13163000.0,26326.0,0.002,2.125,6.56359410936133e-10,0.323,pre-control
13163000.0,26326.0,0.002,2.15,6.731712649097117e-10,0.323,pre-control
13163000.0,26326.0,0.002,2.1750000000000003,6.90413734340482e-10,0.323,pre-control
13163000.0,26326.0,0.002,2.2,7.080978486943831e-10,0.323,pre-control
13163000.0,26326.0,0.002,2.225,7.262349204077601e-10,0.323,pre-control
13163000.0,26326.0,0.002,2.25,7.448365511955075e-10,0.323,pre-control
13163000.0,26326.0,0.002,2.275,7.639146404244616e-10,0.323,pre-control
13163000.0,26326.0,0.002,2.3000000000000003,7.834813917488356e-10,0.323,pre-control
13163000.0,26326.0,0.002,2.325,8.035493219180524e-10,0.323,pre-control
13163000.0,26326.0,0.002,2.35,8.241312677564504e-10,0.323,pre-control
13163000.0,26326.0,0.002,2.375,8.452403954281005e-10,0.323,pre-control
13163000.0,26326.0,0.002,2.4000000000000004,8.668902077786435e-10,0.323,pre-control
13163000.0,26326.0,0.002,2.4250000000000003,8.890945540807975e-10,0.323,pre-control
13163000.0,26326.0,0.002,2.45,9.118676377571195e-10,0.323,pre-control
13163000.0,26326.0,0.002,2.475,9.35224026631145e-10,0.323,pre-control
13163000.0,26326.0,0.002,2.5,9.591786610508314e-10,0.323,pre-control
13163000.0,26326.0,0.002,2.5250000000000004,9.83746864671569e-10,0.323,pre-control
13163000.0,26326.0,0.002,2.5500000000000003,1.0089443530010935e-09,0.323,pre-control
13163000.0,26326.0,0.002,2.575,1.034787244741961e-09,0.323,pre-control
13163000.0,26326.0,0.002,2.6,1.061292070779803e-09,0.323,pre-control
13163000.0,26326.0,0.002,2.625,1.0884757861142887e-09,0.323,pre-control
13163000.0,26326.0,0.002,2.6500000000000004,1.1163557793137235e-09,0.323,pre-control
13163000.0,26326.0,0.002,2.6750000000000003,1.1449498850650307e-09,0.323,pre-control
13163000.0,26326.0,0.002,2.7,1.1742763941188944e-09,0.323,pre-control
13163000.0,26326.0,0.002,2.725,1.2043540664908771e-09,0.323,pre-control
13163000.0,26326.0,0.002,2.75,1.2352021419225508e-09,0.323,pre-control
13163000.0,26326.0,0.002,2.7750000000000004,1.2668403537675397e-09,0.323,pre-control
13163000.0,26326.0,0.002,2.8000000000000003,1.2992889399954108e-09,0.323,pre-control
13163000.0,26326.0,0.002,2.825,1.3325686577981758e-09,0.323,pre-control
13163000.0,26326.0,0.002,2.85,1.366700795165105e-09,0.323,pre-control
13163000.0,26326.0,0.002,2.875,1.4017071862470654e-09,0.323,pre-control
13163000.0,26326.0,0.002,2.9000000000000004,1.4376102235318787e-09,0.323,pre-control
13163000.0,26326.0,0.002,2.9250000000000003,1.4744328740058163e-09,0.323,pre-control
13163000.0,26326.0,0.002,2.95,1.5121986919606618e-09,0.323,pre-control
13163000.0,26326.0,0.002,2.975,1.5509318359937224e-09,0.323,pre-control
13163000.0,26326.0,0.002,3.0,1.5906570824793647e-09,0.323,pre-control
13163000.0,26326.0,0.002,3.0250000000000004,1.631399843451054e-09,0.323,pre-control
13163000.0,26326.0,0.002,3.0500000000000003,1.673186180771836e-09,0.323,pre-control
13163000.0,26326.0,0.002,3.075,1.716042824944167e-09,0.323,pre-control
13163000.0,26326.0,0.002,3.1,1.759997190015612e-09,0.323,pre-control
13163000.0,26326.0,0.002,3.125,1.8050773933645901e-09,0.323,pre-control
13163000.0,26326.0,0.002,3.1500000000000004,1.8513122713794427e-09,0.323,pre-control
13163000.0,26326.0,0.002,3.1750000000000003,1.8987314002707285e-09,0.323,pre-control
13163000.0,26326.0,0.002,3.2,1.947365112563782e-09,0.323,pre-control
13163000.0,26326.0,0.002,3.225,1.9972445189908296e-09,0.323,pre-control
13163000.0,26326.0,0.002,3.25,2.0484015258392344e-09,0.323,pre-control
13163000.0,26326.0,0.002,3.2750000000000004,2.100868857979459e-09,0.323,pre-control
13163000.0,26326.0,0.002,3.3000000000000003,2.1546800771133984e-09,0.323,pre-control
13163000.0,26326.0,0.002,3.325,2.2098696059971192e-09,0.323,pre-control
13163000.0,26326.0,0.002,3.35,2.266472747635983e-09,0.323,pre-control
13163000.0,26326.0,0.002,3.375,2.324525710764145e-09,0.323,pre-control
13163000.0,26326.0,0.002,3.4000000000000004,2.3840656300355938e-09,0.323,pre-control
13163000.0,26326.0,0.002,3.4250000000000003,2.445130592825614e-09,0.323,pre-control
13163000.0,26326.0,0.002,3.45,2.5077596604694165e-09,0.323,pre-control
13163000.0,26326.0,0.002,3.475,2.5719928964541567e-09,0.323,pre-control
13163000.0,26326.0,0.002,3.5,2.6378713887594982e-09,0.323,pre-control
13163000.0,26326.0,0.002,3.5250000000000004,2.7054372795123394e-09,0.323,pre-control
13163000.0,26326.0,0.002,3.5500000000000003,2.7747337884864792e-09,0.323,pre-control
13163000.0,26326.0,0.002,3.575,2.8458052442959485e-09,0.323,pre-control
13163000.0,26326.0,0.002,3.6,2.9186971091139188e-09,0.323,pre-control
13163000.0,26326.0,0.002,3.625,2.993456011484455e-09,0.323,pre-control
13163000.0,26326.0,0.002,3.6500000000000004,3.070129772323933e-09,0.323,pre-control
13163000.0,26326.0,0.002,3.6750000000000003,3.148767439435179e-09,0.323,pre-control
13163000.0,26326.0,0.002,3.7,3.229419314857945e-09,0.323,pre-control
13163000.0,26326.0,0.002,3.725,3.312136991173762e-09,0.323,pre-control
13163000.0,26326.0,0.002,3.75,3.3969733802754527e-09,0.323,pre-control
13163000.0,26326.0,0.002,3.7750000000000004,3.4839827515556164e-09,0.323,pre-control
13163000.0,26326.0,0.002,3.8000000000000003,3.5732207621688033e-09,0.323,pre-control
13163000.0,26326.0,0.002,3.825,3.6647444972013648e-09,0.323,pre-control
13163000.0,26326.0,0.002,3.85,3.758612501503733e-09,0.323,pre-control
13163000.0,26326.0,0.002,3.875,3.854884821944422e-09,0.323,pre-control
13163000.0,26326.0,0.002,3.9000000000000004,3.953623040893895e-09,0.323,pre-control
13163000.0,26326.0,0.002,3.9250000000000003,4.054890320670842e-09,0.323,pre-control
13163000.0,26326.0,0.002,3.95,4.158751438763315e-09,0.323,pre-control
13163000.0,26326.0,0.002,3.975,4.265272834581048e-09,0.323,pre-control
13163000.0,26326.0,0.002,4.0,4.3745226465039786e-09,0.323,pre-control
13163000.0,26326.0,0.002,4.025,4.4865707610602555e-09,0.323,pre-control
13163000.0,26326.0,0.002,4.05,4.601488851896958e-09,0.323,pre-control
13163000.0,26326.0,0.002,4.075,4.719350431509658e-09,0.323,pre-control
13163000.0,26326.0,0.002,4.1000000000000005,4.840230892235066e-09,0.323,pre-control
13163000.0,26326.0,0.002,4.125,4.964207560664493e-09,0.323,pre-control
13163000.0,26326.0,0.002,4.15,5.0913597407633865e-09,0.323,pre-control
13163000.0,26326.0,0.002,4.175,5.221768771107917e-09,0.323,pre-control
13163000.0,26326.0,0.002,4.2,5.35551807024173e-09,0.323,pre-control
13163000.0,26326.0,0.002,4.2250000000000005,5.492693196882169e-09,0.323,pre-control
13163000.0,26326.0,0.002,4.25,5.633381897630279e-09,0.323,pre-control
13163000.0,26326.0,0.002,4.275,5.7776741703007965e-09,0.323,pre-control
13163000.0,26326.0,0.002,4.3,5.925662314107465e-09,0.323,pre-control
13163000.0,26326.0,0.002,4.325,6.077440996278834e-09,0.323,pre-control
13163000.0,26326.0,0.002,4.3500000000000005,6.233107304847374e-09,0.323,pre-control
13163000.0,26326.0,0.002,4.375,6.3927608187215155e-09,0.323,pre-control
13163000.0,26326.0,0.002,4.4,6.556503663213704e-09,0.323,pre-control
13163000.0,26326.0,0.002,4.425,6.724440583747972e-09,0.323,pre-control
13163000.0,26326.0,0.002,4.45,6.896679004269018e-09,0.323,pre-control
13163000.0,26326.0,0.002,4.4750000000000005,7.07332910477399e-09,0.323,pre-control
13163000.0,26326.0,0.002,4.5,7.254503882752003e-09,0.323,pre-control
13163000.0,26326.0,0.002,4.525,7.440319234738617e-09,0.323,pre-control
13163000.0,26326.0,0.002,4.55,7.630894020942989e-09,0.323,pre-control
13163000.0,26326.0,0.002,4.575,7.82635015103372e-09,0.323,pre-control
13163000.0,26326.0,0.002,4.6000000000000005,8.026812652119091e-09,0.323,pre-control
13163000.0,26326.0,0.002,4.625,8.232409758983757e-09,0.323,pre-control
13163000.0,26326.0,0.002,4.65,8.443272985596113e-09,0.323,pre-control
13163000.0,26326.0,0.002,4.675,8.659537220026704e-09,0.323,pre-control
13163000.0,26326.0,0.002,4.7,8.881340799665691e-09,0.323,pre-control
13163000.0,26326.0,0.002,4.7250000000000005,9.108825611065977e-09,0.323,pre-control
13163000.0,26326.0,0.002,4.75,9.342137169063165e-09,0.323,pre-control
13163000.0,26326.0,0.002,4.775,9.58142472179898e-09,0.323,pre-control
13163000.0,26326.0,0.002,4.800000000000001,9.826841333946197e-09,0.323,pre-control
13163000.0,26326.0,0.002,4.825,1.007854399718103e-08,0.323,pre-control
13163000.0,26326.0,0.002,4.8500000000000005,1.0336693717726151e-08,0.323,pre-control
13163000.0,26326.0,0.002,4.875,1.0601455632554685e-08,0.323,pre-control
13163000.0,26326.0,0.002,4.9,1.0872999101475317e-08,0.323,pre-control
13163000.0,26326.0,0.002,4.925000000000001,1.115149782936537e-08,0.323,pre-control
13163000.0,26326.0,0.002,4.95,1.143712996303354e-08,0.323,pre-control
13163000.0,26326.0,0.002,4.9750000000000005,1.173007821979498e-08,0.323,pre-control
13163000.0,26326.0,0.002,5.0,1.2030529989359504e-08,0.323,pre-control
13163000.0,26326.0,0.002,5.025,1.2338677469077643e-08,0.323,pre-control
13163000.0,26326.0,0.002,5.050000000000001,1.2654717771115188e-08,0.323,pre-control
13163000.0,26326.0,0.002,5.075,1.2978853064716212e-08,0.323,pre-control
13163000.0,26326.0,0.002,5.1000000000000005,1.3311290688938313e-08,0.323,pre-control
13163000.0,26326.0,0.002,5.125,1.3652243302296649e-08,0.323,pre-control
13163000.0,26326.0,0.002,5.15,1.4001929001348323e-08,0.323,pre-control
13163000.0,26326.0,0.002,5.175000000000001,1.4360571478100472e-08,0.323,pre-control
13163000.0,26326.0,0.002,5.2,1.4728400144747164e-08,0.323,pre-control
13163000.0,26326.0,0.002,5.2250000000000005,1.5105650299244495e-08,0.323,pre-control
13163000.0,26326.0,0.002,5.25,1.549256325651915e-08,0.323,pre-control
13163000.0,26326.0,0.002,5.275,1.5889386522634166e-08,0.323,pre-control
13163000.0,26326.0,0.002,5.300000000000001,1.6296373932805054e-08,0.323,pre-control
13163000.0,26326.0,0.002,5.325,1.671378583460181e-08,0.323,pre-control
13163000.0,26326.0,0.002,5.3500000000000005,1.714188923312595e-08,0.323,pre-control
13163000.0,26326.0,0.002,5.375,1.758095798371752e-08,0.323,pre-control
13163000.0,26326.0,0.002,5.4,1.803127294466448e-08,0.323,pre-control
13163000.0,26326.0,0.002,5.425000000000001,1.8493122179908052e-08,0.323,pre-control
13163000.0,26326.0,0.002,5.45,1.8966801119675075e-08,0.323,pre-control
13163000.0,26326.0,0.002,5.4750000000000005,1.9452612773700588e-08,0.323,pre-control
13163000.0,26326.0,0.002,5.5,1.9950867900194166e-08,0.323,pre-control
13163000.0,26326.0,0.002,5.525,2.0461885230125337e-08,0.323,pre-control
13163000.0,26326.0,0.002,5.550000000000001,2.0985991644956437e-08,0.323,pre-control
13163000.0,26326.0,0.002,5.575,2.152352241256462e-08,0.323,pre-control
13163000.0,26326.0,0.002,5.6000000000000005,2.2074821374196333e-08,0.323,pre-control
13163000.0,26326.0,0.002,5.625,2.2640241192629543e-08,0.323,pre-control
13163000.0,26326.0,0.002,5.65,2.322014354882813e-08,0.323,pre-control
13163000.0,26326.0,0.002,5.675000000000001,2.3814899402979646e-08,0.323,pre-control
13163000.0,26326.0,0.002,5.7,2.4424889201352688e-08,0.323,pre-control
13163000.0,26326.0,0.002,5.7250000000000005,2.5050503150878363e-08,0.323,pre-control
13163000.0,26326.0,0.002,5.75,2.569214143673994e-08,0.323,pre-control
13163000.0,26326.0,0.002,5.775,2.6350214511200623e-08,0.323,pre-control
13163000.0,26326.0,0.002,5.800000000000001,2.702514332248248e-08,0.323,pre-control
13163000.0,26326.0,0.002,5.825,2.771735961857947e-08,0.323,pre-control
13163000.0,26326.0,0.002,5.8500000000000005,2.842730618801158e-08,0.323,pre-control
13163000.0,26326.0,0.002,5.875,2.9155437179400462e-08,0.323,pre-control
13163000.0,26326.0,0.002,5.9,2.990221835471482e-08,0.323,pre-control
13163000.0,26326.0,0.002,5.925000000000001,3.0668127425426716e-08,0.323,pre-control
13163000.0,26326.0,0.002,5.95,3.145365431889598e-08,0.323,pre-control
13163000.0,26326.0,0.002,5.9750000000000005,3.2259301531967725e-08,0.323,pre-control
13163000.0,26326.0,0.002,6.0,3.308558441117737e-08,0.323,pre-control
13163000.0,26326.0,0.002,6.025,3.39330315246941e-08,0.323,pre-control
13163000.0,26326.0,0.002,6.050000000000001,3.480218495706384e-08,0.323,pre-control
13163000.0,26326.0,0.002,6.075,3.5693600700450183e-08,0.323,pre-control
13163000.0,26326.0,0.002,6.1000000000000005,3.660784896466995e-08,0.323,pre-control
13163000.0,26326.0,0.002,6.125,3.754551458873261e-08,0.323,pre-control
13163000.0,26326.0,0.002,6.15,3.8507197366961634e-08,0.323,pre-control
13163000.0,26326.0,0.002,6.175000000000001,3.949351248188597e-08,0.323,pre-control
13163000.0,26326.0,0.002,6.2,4.0505090847281386e-08,0.323,pre-control
13163000.0,26326.0,0.002,6.2250000000000005,4.154257956352211e-08,0.323,pre-control
13163000.0,26326.0,0.002,6.25,4.260664227841991e-08,0.323,pre-control
13163000.0,26326.0,0.002,6.275,4.369795966620099e-08,0.323,pre-control
13163000.0,26326.0,0.002,6.300000000000001,4.481722980706654e-08,0.323,pre-control
13163000.0,26326.0,0.002,6.325,4.59651686910203e-08,0.323,pre-control
13163000.0,26326.0,0.002,6.3500000000000005,4.7142510617122235e-08,0.323,pre-control
13163000.0,26326.0,0.002,6.375,4.835000872345594e-08,0.323,pre-control
13163000.0,26326.0,0.002,6.4,4.958843540709693e-08,0.323,pre-control
13163000.0,26326.0,0.002,6.425000000000001,5.085858288157649e-08,0.323,pre-control
13163000.0,26326.0,0.002,6.45,5.2161263618638984e-08,0.323,pre-control
13163000.0,26326.0,0.002,6.4750000000000005,5.349731093462901e-08,0.323,pre-control
13163000.0,26326.0,0.002,6.5,5.486757945516806e-08,0.323,pre-control
13163000.0,26326.0,0.002,6.525,5.6272945731965417e-08,0.323,pre-control
13163000.0,26326.0,0.002,6.550000000000001,5.7714308731603654e-08,0.323,pre-control
13163000.0,26326.0,0.002,6.575,5.919259048435133e-08,0.323,pre-control
13163000.0,26326.0,0.002,6.6000000000000005,6.070873659830851e-08,0.323,pre-control
13163000.0,26326.0,0.002,6.625,6.226371694188144e-08,0.323,pre-control
13163000.0,26326.0,0.002,6.65,6.385852618460365e-08,0.323,pre-control
13163000.0,26326.0,0.002,6.675000000000001,6.54941845150194e-08,0.323,pre-control
13163000.0,26326.0,0.002,6.7,6.717173820956394e-08,0.323,pre-control
13163000.0,26326.0,0.002,6.7250000000000005,6.889226038769333e-08,0.323,pre-control
13163000.0,26326.0,0.002,6.75,7.065685161027931e-08,0.323,pre-control
13163000.0,26326.0,0.002,6.775,7.246664067391778e-08,0.323,pre-control
13163000.0,26326.0,0.002,6.800000000000001,7.432278524036994e-08,0.323,pre-control
13163000.0,26326.0,0.002,6.825,7.622647267208154e-08,0.323,pre-control
13163000.0,26326.0,0.002,6.8500000000000005,7.81789206942818e-08,0.323,pre-control
13163000.0,26326.0,0.002,6.875,8.018137827385108e-08,0.323,pre-control
13163000.0,26326.0,0.002,6.9,8.223512631577163e-08,0.323,pre-control
13163000.0,26326.0,0.002,6.925000000000001,8.434147858759335e-08,0.323,pre-control
13163000.0,26326.0,0.002,6.95,8.650178245201787e-08,0.323,pre-control
13163000.0,26326.0,0.002,6.9750000000000005,8.871741983932884e-08,0.323,pre-control
13163000.0,26326.0,0.002,7.0,9.098980801798369e-08,0.323,pre-control
13163000.0,26326.0,0.002,7.025,9.332040061749668e-08,0.323,pre-control
13163000.0,26326.0,0.002,7.050000000000001,9.571068843901065e-08,0.323,pre-control
13163000.0,26326.0,0.002,7.075,9.816220053124972e-08,0.323,pre-control
13163000.0,26326.0,0.002,7.1000000000000005,1.006765050431464e-07,0.323,pre-control
13163000.0,26326.0,0.002,7.125,1.0325521035561651e-07,0.323,pre-control
13163000.0,26326.0,0.002,7.15,1.0589996597842317e-07,0.323,pre-control
13163000.0,26326.0,0.002,7.175000000000001,1.0861246374067104e-07,0.323,pre-control
13163000.0,26326.0,0.002,7.2,1.1139443873420122e-07,0.323,pre-control
13163000.0,26326.0,0.002,7.2250000000000005,1.1424767056585235e-07,0.323,pre-control
13163000.0,26326.0,0.002,7.25,1.1717398434979988e-07,0.323,pre-control
13163000.0,26326.0,0.002,7.275,1.201752520247881e-07,0.323,pre-control
13163000.0,26326.0,0.002,7.300000000000001,1.2325339339795415e-07,0.323,pre-control
13163000.0,26326.0,0.002,7.325,1.2641037753040054e-07,0.323,pre-control
13163000.0,26326.0,0.002,7.3500000000000005,1.2964822383517614e-07,0.323,pre-control
13163000.0,26326.0,0.002,7.375,1.3296900353473432e-07,0.323,pre-control
13163000.0,26326.0,0.002,7.4,1.3637484081587993e-07,0.323,pre-control
13163000.0,26326.0,0.002,7.425000000000001,1.3986791436284353e-07,0.323,pre-control
13163000.0,26326.0,0.002,7.45,1.434504585721488e-07,0.323,pre-control
13163000.0,26326.0,0.002,7.4750000000000005,1.471247651652273e-07,0.323,pre-control
13163000.0,26326.0,0.002,7.5,1.5089318446631398e-07,0.323,pre-control
13163000.0,26326.0,0.002,7.525,1.5475812709872844e-07,0.323,pre-control
13163000.0,26326.0,0.002,7.550000000000001,1.587220653290701e-07,0.323,pre-control
13163000.0,26326.0,0.002,7.575,1.627875348515051e-07,0.323,pre-control
13163000.0,26326.0,0.002,7.6000000000000005,1.6695713620170194e-07,0.323,pre-control
13163000.0,26326.0,0.002,7.625,1.7123353663368924e-07,0.323,pre-control
13163000.0,26326.0,0.002,7.65,1.7561947160714924e-07,0.323,pre-control
13163000.0,26326.0,0.002,7.675000000000001,1.801177467616506e-07,0.323,pre-control
13163000.0,26326.0,0.002,7.7,1.8473123948110376e-07,0.323,pre-control
13163000.0,26326.0,0.002,7.7250000000000005,1.8946290097042195e-07,0.323,pre-control
13163000.0,26326.0,0.002,7.75,1.943157579011414e-07,0.323,pre-control
13163000.0,26326.0,0.002,7.775,1.9929291459582337e-07,0.323,pre-control
13163000.0,26326.0,0.002,7.800000000000001,2.0439755475905113e-07,0.323,pre-control
13163000.0,26326.0,0.002,7.825,2.096329437751614e-07,0.323,pre-control
13163000.0,26326.0,0.002,7.8500000000000005,2.1500243052904914e-07,0.323,pre-control
13163000.0,26326.0,0.002,7.875,2.2050944982310667e-07,0.323,pre-control
13163000.0,26326.0,0.002,7.9,2.2615752429249453e-07,0.323,pre-control
13163000.0,26326.0,0.002,7.925000000000001,2.3195026694747448e-07,0.323,pre-control
13163000.0,26326.0,0.002,7.95,2.3789138318804524e-07,0.323,pre-control
13163000.0,26326.0,0.002,7.9750000000000005,2.439846734781769e-07,0.323,pre-control
13163000.0,26326.0,0.002,8.0,2.502340354649651e-07,0.323,pre-control
13163000.0,26326.0,0.002,8.025,2.5664346679160854e-07,0.323,pre-control
13163000.0,26326.0,0.002,8.05,2.632170673265062e-07,0.323,pre-control
13163000.0,26326.0,0.002,8.075000000000001,2.6995904212217384e-07,0.323,pre-control
13163000.0,26326.0,0.002,8.1,2.76873703759988e-07,0.323,pre-control
13163000.0,26326.0,0.002,8.125,2.8396547546261495e-07,0.323,pre-control
13163000.0,26326.0,0.002,8.15,2.9123889356039807e-07,0.323,pre-control
13163000.0,26326.0,0.002,8.175,2.9869861076526153e-07,0.323,pre-control
13163000.0,26326.0,0.002,8.200000000000001,3.063493987650564e-07,0.323,pre-control
13163000.0,26326.0,0.002,8.225,3.141961516673133e-07,0.323,pre-control
13163000.0,26326.0,0.002,8.25,3.222438887281856e-07,0.323,pre-control
13163000.0,26326.0,0.002,8.275,3.304977579748624e-07,0.323,pre-control
13163000.0,26326.0,0.002,8.3,3.3896303907608794e-07,0.323,pre-control
13163000.0,26326.0,0.002,8.325000000000001,3.4764514715250854e-07,0.323,pre-control
13163000.0,26326.0,0.002,8.35,3.565496357961107e-07,0.323,pre-control
13163000.0,26326.0,0.002,8.375,3.65682201078251e-07,0.323,pre-control
13163000.0,26326.0,0.002,8.4,3.750486847257374e-07,0.323,pre-control
13163000.0,26326.0,0.002,8.425,3.846550783367948e-07,0.323,pre-control
13163000.0,26326.0,0.002,8.450000000000001,3.9450752672192097e-07,0.323,pre-control
13163000.0,26326.0,0.002,8.475,4.0461233233857184e-07,0.323,pre-control
13163000.0,26326.0,0.002,8.5,4.149759588053398e-07,0.323,pre-control
13163000.0,26326.0,0.002,8.525,4.2560503556670416e-07,0.323,pre-control
13163000.0,26326.0,0.002,8.55,4.365063615895196e-07,0.323,pre-control
13163000.0,26326.0,0.002,8.575000000000001,4.4768691026977334e-07,0.323,pre-control
13163000.0,26326.0,0.002,8.6,4.591538333208369e-07,0.323,pre-control
13163000.0,26326.0,0.002,8.625,4.7091446593478495e-07,0.323,pre-control
13163000.0,26326.0,0.002,8.65,4.829763308723567e-07,0.323,pre-control
13163000.0,26326.0,0.002,8.675,4.953471438920369e-07,0.323,pre-control
13163000.0,26326.0,0.002,8.700000000000001,5.080348180521995e-07,0.323,pre-control
13163000.0,26326.0,0.002,8.725,5.210474694218359e-07,0.323,pre-control
13163000.0,26326.0,0.002,8.75,5.34393421605886e-07,0.323,pre-control
13163000.0,26326.0,0.002,8.775,5.480812117522253e-07,0.323,pre-control
13163000.0,26326.0,0.002,8.8,5.621195953117552e-07,0.323,pre-control
13163000.0,26326.0,0.002,8.825000000000001,5.765175523570237e-07,0.323,pre-control
13163000.0,26326.0,0.002,8.85,5.912842925892495e-07,0.323,pre-control
13163000.0,26326.0,0.002,8.875,6.06429261984742e-07,0.323,pre-control
13163000.0,26326.0,0.002,8.9,6.219621480616649e-07,0.323,pre-control
13163000.0,26326.0,0.002,8.925,6.378928868712547e-07,0.323,pre-control
13163000.0,26326.0,0.002,8.950000000000001,6.542316685378071e-07,0.323,pre-control
13163000.0,26326.0,0.002,8.975,6.709889446125729e-07,0.323,pre-control
13163000.0,26326.0,0.002,9.0,6.881754339011398e-07,0.323,pre-control
13163000.0,26326.0,0.002,9.025,7.058021301988156e-07,0.323,pre-control
13163000.0,26326.0,0.002,9.05,7.238803084203069e-07,0.323,pre-control
13163000.0,26326.0,0.002,9.075000000000001,7.424215327363902e-07,0.323,pre-control
13163000.0,26326.0,0.002,9.1,7.61437663021558e-07,0.323,pre-control
13163000.0,26326.0,0.002,9.125,7.809408634127932e-07,0.323,pre-control
13163000.0,26326.0,0.002,9.15,8.009436090916747e-07,0.323,pre-control
13163000.0,26326.0,0.002,9.175,8.214586952871401e-07,0.323,pre-control
13163000.0,26326.0,0.002,9.200000000000001,8.424992444094118e-07,0.323,pre-control
13163000.0,26326.0,0.002,9.225,8.640787155197692e-07,0.323,pre-control
13163000.0,26326.0,0.002,9.25,8.862109118345413e-07,0.323,pre-control
13163000.0,26326.0,0.002,9.275,9.08909990686112e-07,0.323,pre-control
13163000.0,26326.0,0.002,9.3,9.32190471416162e-07,0.323,pre-control
13163000.0,26326.0,0.002,9.325000000000001,9.560672458533998e-07,0.323,pre-control
13163000.0,26326.0,0.002,9.35,9.805555866162338e-07,0.323,pre-control
13163000.0,26326.0,0.002,9.375,1.0056711581340287e-06,0.323,pre-control
13163000.0,26326.0,0.002,9.4,1.0314300253804387e-06,0.323,pre-control
13163000.0,26326.0,0.002,9.425,1.0578486654663694e-06,0.323,pre-control
13163000.0,26326.0,0.002,9.450000000000001,1.0849439768263256e-06,0.323,pre-control
13163000.0,26326.0,0.002,9.475,1.1127332914127176e-06,0.323,pre-control
13163000.0,26326.0,0.002,9.5,1.1412343843587142e-06,0.323,pre-control
13163000.0,26326.0,0.002,9.525,1.1704654868050828e-06,0.323,pre-control
13163000.0,26326.0,0.002,9.55,1.2004452960642468e-06,0.323,pre-control
13163000.0,26326.0,0.002,9.575000000000001,1.2311929891124775e-06,0.323,pre-control
13163000.0,26326.0,0.002,9.600000000000001,1.262728233281143e-06,0.323,pre-control
13163000.0,26326.0,0.002,9.625,1.2950712004487445e-06,0.323,pre-control
13163000.0,26326.0,0.002,9.65,1.3282425782867066e-06,0.323,pre-control
13163000.0,26326.0,0.002,9.675,1.3622635851875441e-06,0.323,pre-control
13163000.0,26326.0,0.002,9.700000000000001,1.3971559820939333e-06,0.323,pre-control
13163000.0,26326.0,0.002,9.725000000000001,1.4329420882012051e-06,0.323,pre-control
13163000.0,26326.0,0.002,9.75,1.4696447933999328e-06,0.323,pre-control
13163000.0,26326.0,0.002,9.775,1.5072875747929007e-06,0.323,pre-control
13163000.0,26326.0,0.002,9.8,1.545894509783016e-06,0.323,pre-control
13163000.0,26326.0,0.002,9.825000000000001,1.585490293446975e-06,0.323,pre-control
13163000.0,26326.0,0.002,9.850000000000001,1.6261002523019817e-06,0.323,pre-control
13163000.0,26326.0,0.002,9.875,1.6677503625805181e-06,0.323,pre-control
13163000.0,26326.0,0.002,9.9,1.7104672647110651e-06,0.323,pre-control
13163000.0,26326.0,0.002,9.925,1.7542782825406923e-06,0.323,pre-control
13163000.0,26326.0,0.002,9.950000000000001,1.7992114385667852e-06,0.323,pre-control
13163000.0,26326.0,0.002,9.975000000000001,1.8452954741566293e-06,0.323,pre-control
13163000.0,26326.0,0.002,10.0,1.8925598655690536e-06,0.323,pre-control
13163000.0,26326.0,0.002,10.025,1.9410348452227025e-06,0.323,pre-control
13163000.0,26326.0,0.002,10.05,1.990751418548543e-06,0.323,pre-control
13163000.0,26326.0,0.002,10.075000000000001,2.041741386361174e-06,0.323,pre-control
13163000.0,26326.0,0.002,10.100000000000001,2.0940373625852985e-06,0.323,pre-control
13163000.0,26326.0,0.002,10.125,2.147672797787239e-06,0.323,pre-control
13163000.0,26326.0,0.002,10.15,2.202681997820671e-06,0.323,pre-control
13163000.0,26326.0,0.002,10.175,2.2591001485784886e-06,0.323,pre-control
13163000.0,26326.0,0.002,10.200000000000001,2.3169633356054296e-06,0.323,pre-control
13163000.0,26326.0,0.002,10.225000000000001,2.3763085701335826e-06,0.323,pre-control
13163000.0,26326.0,0.002,10.25,2.4371738097120005e-06,0.323,pre-control
13163000.0,26326.0,0.002,10.275,2.499597985592384e-06,0.323,pre-control
13163000.0,26326.0,0.002,10.3,2.5636210244283873e-06,0.323,pre-control
13163000.0,26326.0,0.002,10.325000000000001,2.629283877081441e-06,0.323,pre-control
13163000.0,26326.0,0.002,10.350000000000001,2.696628541445221e-06,0.323,pre-control
13163000.0,26326.0,0.002,10.375,2.7656980927451975e-06,0.323,pre-control
13163000.0,26326.0,0.002,10.4,2.83653670754657e-06,0.323,pre-control
13163000.0,26326.0,0.002,10.425,2.909189695624958e-06,0.323,pre-control
13163000.0,26326.0,0.002,10.450000000000001,2.983703525219094e-06,0.323,pre-control
13163000.0,26326.0,0.002,10.475000000000001,3.0601258565541276e-06,0.323,pre-control
13163000.0,26326.0,0.002,10.5,3.1385055684035485e-06,0.323,pre-control
13163000.0,26326.0,0.002,10.525,3.218892793350738e-06,0.323,pre-control
13163000.0,26326.0,0.002,10.55,3.301338945727952e-06,0.323,pre-control
13163000.0,26326.0,0.002,10.575000000000001,3.3858967587061586e-06,0.323,pre-control
13163000.0,26326.0,0.002,10.600000000000001,3.472620313682473e-06,0.323,pre-control
13163000.0,26326.0,0.002,10.625,3.561565079292988e-06,0.323,pre-control
13163000.0,26326.0,0.002,10.65,3.652787942323688e-06,0.323,pre-control
13163000.0,26326.0,0.002,10.675,3.746347248745897e-06,0.323,pre-control
13163000.0,26326.0,0.002,10.700000000000001,3.84230283622955e-06,0.323,pre-control
13163000.0,26326.0,0.002,10.725000000000001,3.940716077306109e-06,0.323,pre-control
13163000.0,26326.0,0.002,10.75,4.041649913567136e-06,0.323,pre-control
13163000.0,26326.0,0.002,10.775,4.145168901064896e-06,0.323,pre-control
13163000.0,26326.0,0.002,10.8,4.251339246283502e-06,0.323,pre-control
13163000.0,26326.0,0.002,10.825000000000001,4.360228853893064e-06,0.323,pre-control
13163000.0,26326.0,0.002,10.850000000000001,4.471907364585274e-06,0.323,pre-control
13163000.0,26326.0,0.002,10.875,4.586446205302963e-06,0.323,pre-control
13163000.0,26326.0,0.002,10.9,4.703918629036646e-06,0.323,pre-control
13163000.0,26326.0,0.002,10.925,4.824399767657689e-06,0.323,pre-control
13163000.0,26326.0,0.002,10.950000000000001,4.947966673777296e-06,0.323,pre-control
13163000.0,26326.0,0.002,10.975000000000001,5.0746983763181845e-06,0.323,pre-control
13163000.0,26326.0,0.002,11.0,5.204675924542725e-06,0.323,pre-control
13163000.0,26326.0,0.002,11.025,5.337982446504937e-06,0.323,pre-control
13163000.0,26326.0,0.002,11.05,5.47470319536004e-06,0.323,pre-control
13163000.0,26326.0,0.002,11.075000000000001,5.614925610845836e-06,0.323,pre-control
13163000.0,26326.0,0.002,11.100000000000001,5.758739367991841e-06,0.323,pre-control
13163000.0,26326.0,0.002,11.125,5.906236441786828e-06,0.323,pre-control
13163000.0,26326.0,0.002,11.15,6.057511158411695e-06,0.323,pre-control
13163000.0,26326.0,0.002,11.175,6.212660263258089e-06,0.323,pre-control
13163000.0,26326.0,0.002,11.200000000000001,6.371782974815522e-06,0.323,pre-control
13163000.0,26326.0,0.002,11.225000000000001,6.53498105621462e-06,0.323,pre-control
13163000.0,26326.0,0.002,11.25,6.702358871905734e-06,0.323,pre-control
13163000.0,26326.0,0.002,11.275,6.874023462909202e-06,0.323,pre-control
13163000.0,26326.0,0.002,11.3,7.050084606429825e-06,0.323,pre-control
13163000.0,26326.0,0.002,11.325000000000001,7.230654895005892e-06,0.323,pre-control
13163000.0,26326.0,0.002,11.350000000000001,7.415849799211462e-06,0.323,pre-control
13163000.0,26326.0,0.002,11.375,7.6057877509057865e-06,0.323,pre-control
13163000.0,26326.0,0.002,11.4,7.800590209183034e-06,0.323,pre-control
13163000.0,26326.0,0.002,11.425,8.00038174793421e-06,0.323,pre-control
13163000.0,26326.0,0.002,11.450000000000001,8.205290125212132e-06,0.323,pre-control
13163000.0,26326.0,0.002,11.475000000000001,8.415446375329011e-06,0.323,pre-control
13163000.0,26326.0,0.002,11.5,8.630984881813115e-06,0.323,pre-control
13163000.0,26326.0,0.002,11.525,8.852043474276546e-06,0.323,pre-control
13163000.0,26326.0,0.002,11.55,9.078763505149185e-06,0.323,pre-control
13163000.0,26326.0,0.002,11.575000000000001,9.311289951563206e-06,0.323,pre-control
13163000.0,26326.0,0.002,11.600000000000001,9.549771496059587e-06,0.323,pre-control
13163000.0,26326.0,0.002,11.625,9.794360633748612e-06,0.323,pre-control
13163000.0,26326.0,0.002,11.65,1.0045213757194128e-05,0.323,pre-control
13163000.0,26326.0,0.002,11.675,1.0302491269122688e-05,0.323,pre-control
13163000.0,26326.0,0.002,11.700000000000001,1.0566357671701198e-05,0.323,pre-control
13163000.0,26326.0,0.002,11.725000000000001,1.0836981685081585e-05,0.323,pre-control
13163000.0,26326.0,0.002,11.75,1.1114536341298536e-05,0.323,pre-control
13163000.0,26326.0,0.002,11.775,1.1399199108951156e-05,0.323,pre-control
13163000.0,26326.0,0.002,11.8,1.1691151991959246e-05,0.323,pre-control
13163000.0,26326.0,0.002,11.825000000000001,1.1990581660698795e-05,0.323,pre-control
13163000.0,26326.0,0.002,11.850000000000001,1.2297679555867694e-05,0.323,pre-control
13163000.0,26326.0,0.002,11.875,1.2612642026408195e-05,0.323,pre-control
13163000.0,26326.0,0.002,11.9,1.2935670438745635e-05,0.323,pre-control
13163000.0,26326.0,0.002,11.925,1.3266971321848196e-05,0.323,pre-control
13163000.0,26326.0,0.002,11.950000000000001,1.360675648211557e-05,0.323,pre-control
13163000.0,26326.0,0.002,11.975000000000001,1.395524315594463e-05,0.323,pre-control
13163000.0,26326.0,0.002,12.0,1.4312654130559162e-05,0.323,pre-control
13163000.0,26326.0,0.002,12.025,1.4679217904468698e-05,0.323,pre-control
13163000.0,26326.0,0.002,12.05,1.5055168814545448e-05,0.323,pre-control
13163000.0,26326.0,0.002,12.075000000000001,1.5440747204758568e-05,0.323,pre-control
13163000.0,26326.0,0.002,12.100000000000001,1.58361995599433e-05,0.323,pre-control
13163000.0,26326.0,0.002,12.125,1.624177868292962e-05,0.323,pre-control
13163000.0,26326.0,0.002,12.15,1.6657743835914602e-05,0.323,pre-control
13163000.0,26326.0,0.002,12.175,1.7084360925594615e-05,0.323,pre-control
13163000.0,26326.0,0.002,12.200000000000001,1.752190265346754e-05,0.323,pre-control
13163000.0,26326.0,0.002,12.225000000000001,1.797064870843122e-05,0.323,pre-control
13163000.0,26326.0,0.002,12.25,1.8430885927548856e-05,0.323,pre-control
13163000.0,26326.0,0.002,12.275,1.8902908495153394e-05,0.323,pre-control
13163000.0,26326.0,0.002,12.3,1.9387018116269406e-05,0.323,pre-control
13163000.0,26326.0,0.002,12.325000000000001,1.988352422063979e-05,0.323,pre-control
13163000.0,26326.0,0.002,12.350000000000001,2.0392744151534163e-05,0.323,pre-control
13163000.0,26326.0,0.002,12.375,2.091500337287219e-05,0.323,pre-control
13163000.0,26326.0,0.002,12.4,2.145063567607987e-05,0.323,pre-control
13163000.0,26326.0,0.002,12.425,2.1999983389052735e-05,0.323,pre-control
13163000.0,26326.0,0.002,12.450000000000001,2.2563397602686937e-05,0.323,pre-control
13163000.0,26326.0,0.002,12.475000000000001,2.3141238382044184e-05,0.323,pre-control
13163000.0,26326.0,0.002,12.5,2.3733875012132007e-05,0.323,pre-control
13163000.0,26326.0,0.002,12.525,2.4341686214092503e-05,0.323,pre-control
13163000.0,26326.0,0.002,12.55,2.4965060407284768e-05,0.323,pre-control
13163000.0,26326.0,0.002,12.575000000000001,2.560439593579228e-05,0.323,pre-control
13163000.0,26326.0,0.002,12.600000000000001,2.6260101341623684e-05,0.323,pre-control
13163000.0,26326.0,0.002,12.625,2.6932595609027734e-05,0.323,pre-control
13163000.0,26326.0,0.002,12.65,2.762230844135794e-05,0.323,pre-control
13163000.0,26326.0,0.002,12.675,2.8329680532430172e-05,0.323,pre-control
13163000.0,26326.0,0.002,12.700000000000001,2.9055163841290618e-05,0.323,pre-control
13163000.0,26326.0,0.002,12.725000000000001,2.9799221892959597e-05,0.323,pre-control
13163000.0,26326.0,0.002,12.75,3.0562330055567746e-05,0.323,pre-control
13163000.0,26326.0,0.002,12.775,3.134497586292714e-05,0.323,pre-control
13163000.0,26326.0,0.002,12.8,3.2147659306419276e-05,0.323,pre-control
13163000.0,26326.0,0.002,12.825000000000001,3.297089316569245e-05,0.323,pre-control
13163000.0,26326.0,0.002,12.850000000000001,3.3815203331528326e-05,0.323,pre-control
13163000.0,26326.0,0.002,12.875,3.468112913394716e-05,0.323,pre-control
13163000.0,26326.0,0.002,12.9,3.556922369976217e-05,0.323,pre-control
13163000.0,26326.0,0.002,12.925,3.6480054286108916e-05,0.323,pre-control
13163000.0,26326.0,0.002,12.950000000000001,3.741420265768551e-05,0.323,pre-control
13163000.0,26326.0,0.002,12.975000000000001,3.83722654469879e-05,0.323,pre-control
13163000.0,26326.0,0.002,13.0,3.935485453294965e-05,0.323,pre-control
13163000.0,26326.0,0.002,13.025,4.036259744079363e-05,0.323,pre-control
13163000.0,26326.0,0.002,13.05,4.139613772421638e-05,0.323,pre-control
13163000.0,26326.0,0.002,13.075000000000001,4.245613538954125e-05,0.323,pre-control
13163000.0,26326.0,0.002,13.100000000000001,4.3543267307468064e-05,0.323,pre-control
13163000.0,26326.0,0.002,13.125,4.465822763945932e-05,0.323,pre-control
13163000.0,26326.0,0.002,13.15,4.58017282918783e-05,0.323,pre-control
13163000.0,26326.0,0.002,13.175,4.697449935181015e-05,0.323,pre-control
13163000.0,26326.0,0.002,13.200000000000001,4.817728956053027e-05,0.323,pre-control
13163000.0,26326.0,0.002,13.225000000000001,4.941086679037376e-05,0.323,pre-control
13163000.0,26326.0,0.002,13.25,5.067601852051821e-05,0.323,pre-control
13163000.0,26326.0,0.002,13.275,5.197355235057641e-05,0.323,pre-control
13163000.0,26326.0,0.002,13.3,5.3304296505025613e-05,0.323,pre-control
13163000.0,26326.0,0.002,13.325000000000001,5.466910035503057e-05,0.323,pre-control
13163000.0,26326.0,0.002,13.350000000000001,5.606883496952318e-05,0.323,pre-control
13163000.0,26326.0,0.002,13.375,5.750439365474221e-05,0.323,pre-control
13163000.0,26326.0,0.002,13.4,5.8976692523210495e-05,0.323,pre-control
13163000.0,26326.0,0.002,13.425,6.048667108339535e-05,0.323,pre-control
13163000.0,26326.0,0.002,13.450000000000001,6.203529282158005e-05,0.323,pre-control
13163000.0,26326.0,0.002,13.475000000000001,6.362354581748328e-05,0.323,pre-control
13163000.0,26326.0,0.002,13.5,6.525244337684878e-05,0.323,pre-control
13163000.0,26326.0,0.002,13.525,6.692302466036855e-05,0.323,pre-control
13163000.0,26326.0,0.002,13.55,6.863635534679618e-05,0.323,pre-control
13163000.0,26326.0,0.002,13.575000000000001,7.039352831373137e-05,0.323,pre-control
13163000.0,26326.0,0.002,13.600000000000001,7.219566431709364e-05,0.323,pre-control
13163000.0,26326.0,0.002,13.625,7.40439127040549e-05,0.323,pre-control
13163000.0,26326.0,0.002,13.65,7.593945214661226e-05,0.323,pre-control
13163000.0,26326.0,0.002,13.675,7.788349137619684e-05,0.323,pre-control
13163000.0,26326.0,0.002,13.700000000000001,7.987726994892337e-05,0.323,pre-control
13163000.0,26326.0,0.002,13.725000000000001,8.192205903554942e-05,0.323,pre-control
13163000.0,26326.0,0.002,13.75,8.40191622177671e-05,0.323,pre-control
13163000.0,26326.0,0.002,13.775,8.616991630820572e-05,0.323,pre-control
13163000.0,26326.0,0.002,13.8,8.837569219977682e-05,0.323,pre-control
13163000.0,26326.0,0.002,13.825000000000001,9.063789573055243e-05,0.323,pre-control
13163000.0,26326.0,0.002,13.850000000000001,9.29579685625538e-05,0.323,pre-control
13163000.0,26326.0,0.002,13.875,9.533738909408136e-05,0.323,pre-control
13163000.0,26326.0,0.002,13.9,9.77776733959097e-05,0.323,pre-control
13163000.0,26326.0,0.002,13.925,0.00010028037615903724,0.323,pre-control
13163000.0,26326.0,0.002,13.950000000000001,0.00010284709167277086,0.323,pre-control
13163000.0,26326.0,0.002,13.975000000000001,0.00010547945483134455,0.323,pre-control
13163000.0,26326.0,0.002,14.0,0.00010817914216424891,0.323,pre-control
13163000.0,26326.0,0.002,14.025,0.00011094787288263151,0.323,pre-control
13163000.0,26326.0,0.002,14.05,0.00011378740996200148,0.323,pre-control
13163000.0,26326.0,0.002,14.075000000000001,0.00011669956125209633,0.323,pre-control
13163000.0,26326.0,0.002,14.100000000000001,0.00011968618061215108,0.323,pre-control
13163000.0,26326.0,0.002,14.125,0.0001227491690680448,0.323,pre-control
13163000.0,26326.0,0.002,14.15,0.0001258904760069213,0.323,pre-control
13163000.0,26326.0,0.002,14.175,0.00012911210040083483,0.323,pre-control
13163000.0,26326.0,0.002,14.200000000000001,0.00013241609206001911,0.323,pre-control
13163000.0,26326.0,0.002,14.225000000000001,0.00013580455291057773,0.323,pre-control
13163000.0,26326.0,0.002,14.25,0.00013927963831181288,0.323,pre-control
13163000.0,26326.0,0.002,14.275,0.00014284355840491207,0.323,pre-control
13163000.0,26326.0,0.002,14.3,0.0001464985794963198,0.323,pre-control
13163000.0,26326.0,0.002,14.325000000000001,0.00015024702546956615,0.323,pre-control
13163000.0,26326.0,0.002,14.350000000000001,0.00015409127923542493,0.323,pre-control
13163000.0,26326.0,0.002,14.375,0.0001580337842192459,0.323,pre-control
13163000.0,26326.0,0.002,14.4,0.00016207704588537392,0.323,pre-control
13163000.0,26326.0,0.002,14.425,0.0001662236332988472,0.323,pre-control
13163000.0,26326.0,0.002,14.450000000000001,0.00017047618072101096,0.323,pre-control
13163000.0,26326.0,0.002,14.475000000000001,0.00017483738924939588,0.323,pre-control
13163000.0,26326.0,0.002,14.5,0.00017931002849696373,0.323,pre-control
13163000.0,26326.0,0.002,14.525,0.0001838969383133516,0.323,pre-control
13163000.0,26326.0,0.002,14.55,0.00018860103054834363,0.323,pre-control
13163000.0,26326.0,0.002,14.575000000000001,0.00019342529085574265,0.323,pre-control
13163000.0,26326.0,0.002,14.600000000000001,0.0001983727805431763,0.323,pre-control
13163000.0,26326.0,0.002,14.625,0.00020344663846844758,0.323,pre-control
13163000.0,26326.0,0.002,14.65,0.00020865008298147163,0.323,pre-control
13163000.0,26326.0,0.002,14.675,0.0002139864139141578,0.323,pre-control
13163000.0,26326.0,0.002,14.700000000000001,0.00021945901461863253,0.323,pre-control
13163000.0,26326.0,0.002,14.725000000000001,0.00022507135405335296,0.323,pre-control
13163000.0,26326.0,0.002,14.75,0.00023082698892116116,0.323,pre-control
13163000.0,26326.0,0.002,14.775,0.0002367295658604192,0.323,pre-control
13163000.0,26326.0,0.002,14.8,0.00024278282368822075,0.323,pre-control
13163000.0,26326.0,0.002,14.825000000000001,0.0002489905956985005,0.323,pre-control
13163000.0,26326.0,0.002,14.850000000000001,0.00025535681201563305,0.323,pre-control
13163000.0,26326.0,0.002,14.875,0.0002618855020048007,0.323,pre-control
13163000.0,26326.0,0.002,14.9,0.00026858079673989843,0.323,pre-control
13163000.0,26326.0,0.002,14.925,0.00027544693153065144,0.323,pre-control
13163000.0,26326.0,0.002,14.950000000000001,0.0002824882485123786,0.323,pre-control
13163000.0,26326.0,0.002,14.975000000000001,0.00028970919929631385,0.323,pre-control
13163000.0,26326.0,0.002,15.0,0.00029711434768398047,0.323,pre-control
13163000.0,26326.0,0.002,15.025,0.0003047083724464433,0.323,pre-control
13163000.0,26326.0,0.002,15.05,0.000312496070169851,0.323,pre-control
13163000.0,26326.0,0.002,15.075000000000001,0.0003204823581687385,0.323,pre-control
13163000.0,26326.0,0.002,15.100000000000001,0.0003286722774685675,0.323,pre-control
13163000.0,26326.0,0.002,15.125,0.00033707099585901024,0.323,pre-control
13163000.0,26326.0,0.002,15.15,0.0003456838110191268,0.323,pre-control
13163000.0,26326.0,0.002,15.175,0.0003545161537170654,0.323,pre-control
13163000.0,26326.0,0.002,15.200000000000001,0.0003635735910851181,0.323,pre-control
13163000.0,26326.0,0.002,15.225000000000001,0.0003728618299714006,0.323,pre-control
13163000.0,26326.0,0.002,15.25,0.00038238672037035437,0.323,pre-control
13163000.0,26326.0,0.002,15.275,0.00039215425893351897,0.323,pre-control
13163000.0,26326.0,0.002,15.3,0.000402170592562234,0.323,pre-control
13163000.0,26326.0,0.002,15.325000000000001,0.00041244202208398384,0.323,pre-control
13163000.0,26326.0,0.002,15.350000000000001,0.0004229750060140892,0.323,pre-control
13163000.0,26326.0,0.002,15.375,0.0004337761644044923,0.323,pre-control
13163000.0,26326.0,0.002,15.4,0.000444852282781397,0.323,pre-control
13163000.0,26326.0,0.002,15.425,0.00045621031617354055,0.323,pre-control
13163000.0,26326.0,0.002,15.450000000000001,0.0004678573932329099,0.323,pre-control
13163000.0,26326.0,0.002,15.475000000000001,0.00047980082044971897,0.323,pre-control
13163000.0,26326.0,0.002,15.5,0.000492048086463491,0.323,pre-control
13163000.0,26326.0,0.002,15.525,0.0005046068664721117,0.323,pre-control
13163000.0,26326.0,0.002,15.55,0.0005174850267407195,0.323,pre-control
13163000.0,26326.0,0.002,15.575000000000001,0.000530690629212345,0.323,pre-control
13163000.0,26326.0,0.002,15.600000000000001,0.0005442319362221977,0.323,pre-control
13163000.0,26326.0,0.002,15.625,0.0005581174153175297,0.323,pre-control
13163000.0,26326.0,0.002,15.65,0.0005723557441850185,0.323,pre-control
13163000.0,26326.0,0.002,15.675,0.0005869558156876064,0.323,pre-control
13163000.0,26326.0,0.002,15.700000000000001,0.0006019267430127737,0.323,pre-control
13163000.0,26326.0,0.002,15.725000000000001,0.0006172778649342004,0.323,pre-control
13163000.0,26326.0,0.002,15.75,0.0006330187511887968,0.323,pre-control
13163000.0,26326.0,0.002,15.775,0.0006491592079710883,0.323,pre-control
13163000.0,26326.0,0.002,15.8,0.0006657092835469179,0.323,pre-control
13163000.0,26326.0,0.002,15.825000000000001,0.0006826792739884756,0.323,pre-control
13163000.0,26326.0,0.002,15.850000000000001,0.0007000797290326126,0.323,pre-control
13163000.0,26326.0,0.002,15.875,0.0007179214580644264,0.323,pre-control
13163000.0,26326.0,0.002,15.9,0.0007362155362280878,0.323,pre-control
13163000.0,26326.0,0.002,15.925,0.0007549733106668496,0.323,pre-control
13163000.0,26326.0,0.002,15.950000000000001,0.0007742064068942062,0.323,pre-control
13163000.0,26326.0,0.002,15.975000000000001,0.0007939267352981078,0.323,pre-control
13163000.0,26326.0,0.002,16.0,0.000814146497780146,0.323,pre-control
13163000.0,26326.0,0.002,16.025000000000002,0.0008348781945315953,0.323,pre-control
13163000.0,26326.0,0.002,16.05,0.0008561346309481321,0.323,pre-control
13163000.0,26326.0,0.002,16.075,0.0008779289246851077,0.323,pre-control
13163000.0,26326.0,0.002,16.1,0.0009002745128550906,0.323,pre-control
13163000.0,26326.0,0.002,16.125,0.0009231851593697193,0.323,pre-control
13163000.0,26326.0,0.002,16.150000000000002,0.0009466749624266453,0.323,pre-control
13163000.0,26326.0,0.002,16.175,0.0009707583621442431,0.323,pre-control
13163000.0,26326.0,0.002,16.2,0.0009954501483456946,0.323,pre-control
13163000.0,26326.0,0.002,16.225,0.0010207654684932046,0.323,pre-control
13163000.0,26326.0,0.002,16.25,0.0010467198357741322,0.323,pre-control
13163000.0,26326.0,0.002,16.275000000000002,0.0010733291373404325,0.323,pre-control
13163000.0,26326.0,0.002,16.3,0.0011006096427025951,0.323,pre-control
13163000.0,26326.0,0.002,16.325,0.0011285780122793668,0.323,pre-control
13163000.0,26326.0,0.002,16.35,0.0011572513061042923,0.323,pre-control
13163000.0,26326.0,0.002,16.375,0.001186646992690546,0.323,pre-control
13163000.0,26326.0,0.002,16.400000000000002,0.0012167829580528148,0.323,pre-control
13163000.0,26326.0,0.002,16.425,0.0012476775148909163,0.323,pre-control
13163000.0,26326.0,0.002,16.45,0.001279349411932828,0.323,pre-control
13163000.0,26326.0,0.002,16.475,0.0013118178434376644,0.323,pre-control
13163000.0,26326.0,0.002,16.5,0.0013451024588593235,0.323,pre-control
13163000.0,26326.0,0.002,16.525000000000002,0.0013792233726709485,0.323,pre-control
13163000.0,26326.0,0.002,16.55,0.0014142011743506697,0.323,pre-control
13163000.0,26326.0,0.002,16.575,0.0014500569385264067,0.323,pre-control
13163000.0,26326.0,0.002,16.6,0.0014868122352826826,0.323,pre-control
13163000.0,26326.0,0.002,16.625,0.0015244891406274662,0.323,pre-control
13163000.0,26326.0,0.002,16.650000000000002,0.0015631102471158234,0.323,pre-control
13163000.0,26326.0,0.002,16.675,0.001602698674630573,0.323,pre-control
13163000.0,26326.0,0.002,16.7,0.0016432780813192469,0.323,pre-control
13163000.0,26326.0,0.002,16.725,0.0016848726746839233,0.323,pre-control
13163000.0,26326.0,0.002,16.75,0.0017275072228247659,0.323,pre-control
13163000.0,26326.0,0.002,16.775000000000002,0.0017712070658352228,0.323,pre-control
13163000.0,26326.0,0.002,16.8,0.00181599812734104,0.323,pre-control
13163000.0,26326.0,0.002,16.825,0.0018619069261831245,0.323,pre-control
13163000.0,26326.0,0.002,16.85,0.0019089605882411903,0.323,pre-control
13163000.0,26326.0,0.002,16.875,0.0019571868583924523,0.323,pre-control
13163000.0,26326.0,0.002,16.896690032843228,0.002,0.323,threshold-control
13163000.0,26326.0,0.002,17.0,0.002,0.8450018683583614,threshold-control
13163000.0,26326.0,0.002,18.0,0.002,0.8415003027938139,threshold-control
13163000.0,26326.0,0.002,19.0,0.002,0.8379321874067469,threshold-control
13163000.0,26326.0,0.002,20.0,0.002,0.8342968259262529,threshold-control
13163000.0,26326.0,0.002,21.0,0.002,0.830593541101958,threshold-control
13163000.0,26326.0,0.002,22.0,0.002,0.8268216761025482,threshold-control
13163000.0,26326.0,0.002,23.0,0.002,0.8229805959438795,threshold-control
13163000.0,26326.0,0.002,24.0,0.002,0.8190696889450533,threshold-control
13163000.0,26326.0,0.002,25.0,0.002,0.8150883682106603,threshold-control
13163000.0,26326.0,0.002,26.0,0.002,0.811036073137217,threshold-control
13163000.0,26326.0,0.002,27.0,0.002,0.8069122709416339,threshold-control
13163000.0,26326.0,0.002,28.0,0.002,0.8027164582093655,threshold-control
13163000.0,26326.0,0.002,29.0,0.002,0.7984481624597026,threshold-control
13163000.0,26326.0,0.002,30.0,0.002,0.7941069437254725,threshold-control
13163000.0,26326.0,0.002,31.0,0.002,0.7896923961442186,threshold-control
13163000.0,26326.0,0.002,32.0,0.002,0.7852041495577369,threshold-control
13163000.0,26326.0,0.002,33.0,0.002,0.7806418711166502,threshold-control
13163000.0,26326.0,0.002,34.0,0.002,0.7760052668865092,threshold-control
13163000.0,26326.0,0.002,35.0,0.002,0.7712940834517192,threshold-control
13163000.0,26326.0,0.002,36.0,0.002,0.7665081095134031,threshold-control
13163000.0,26326.0,0.002,37.0,0.002,0.7616471774771293,threshold-control
13163000.0,26326.0,0.002,38.0,0.002,0.7567111650262587,threshold-control
13163000.0,26326.0,0.002,39.0,0.002,0.7516999966764946,threshold-control
13163000.0,26326.0,0.002,40.0,0.002,0.7466136453070609,threshold-control
13163000.0,26326.0,0.002,41.0,0.002,0.741452133663782,threshold-control
13163000.0,26326.0,0.002,42.0,0.002,0.7362155358292057,threshold-control
13163000.0,26326.0,0.002,43.0,0.002,0.7309039786547737,threshold-control
13163000.0,26326.0,0.002,44.0,0.002,0.725517643149949,threshold-control
13163000.0,26326.0,0.002,45.0,0.002,0.7200567658231001,threshold-control
13163000.0,26326.0,0.002,46.0,0.002,0.7145216399688744,threshold-control
13163000.0,26326.0,0.002,47.0,0.002,0.7089126168967297,threshold-control
13163000.0,26326.0,0.002,48.0,0.002,0.7032301070952541,threshold-control
13163000.0,26326.0,0.002,49.0,0.002,0.6974745813268912,threshold-control
13163000.0,26326.0,0.002,50.0,0.002,0.6916465716476866,threshold-control
13163000.0,26326.0,0.002,51.0,0.002,0.6857466723467067,threshold-control
13163000.0,26326.0,0.002,52.0,0.002,0.6797755407998333,threshold-control
13163000.0,26326.0,0.002,53.0,0.002,0.6737338982327161,threshold-control
13163000.0,26326.0,0.002,54.0,0.002,0.6676225303877759,threshold-control
13163000.0,26326.0,0.002,55.0,0.002,0.661442288090281,threshold-control
13163000.0,26326.0,0.002,56.0,0.002,0.6551940877086907,threshold-control
13163000.0,26326.0,0.002,57.0,0.002,0.6488789115046396,threshold-control
13163000.0,26326.0,0.002,58.0,0.002,0.6424978078681711,threshold-control
13163000.0,26326.0,0.002,59.0,0.002,0.6360518914340649,threshold-control
13163000.0,26326.0,0.002,60.0,0.002,0.629542343075391,threshold-control
13163000.0,26326.0,0.002,61.0,0.002,0.6229704097707229,threshold-control
13163000.0,26326.0,0.002,62.0,0.002,0.616337404341786,threshold-control
13163000.0,26326.0,0.002,63.0,0.002,0.6096447050586664,threshold-control
13163000.0,26326.0,0.002,64.0,0.002,0.602893755110109,threshold-control
13163000.0,26326.0,0.002,65.0,0.002,0.5960860619368308,threshold-control
13163000.0,26326.0,0.002,66.0,0.002,0.5892231964262252,threshold-control
13163000.0,26326.0,0.002,67.0,0.002,0.5823067919672832,threshold-control
13163000.0,26326.0,0.002,68.0,0.002,0.575338543365037,threshold-control
13163000.0,26326.0,0.002,69.0,0.002,0.5683202056143297,threshold-control
13163000.0,26326.0,0.002,70.0,0.002,0.5612535925332223,threshold-control
13163000.0,26326.0,0.002,71.0,0.002,0.5541405752568749,threshold-control
13163000.0,26326.0,0.002,72.0,0.002,0.5469830805932752,threshold-control
13163000.0,26326.0,0.002,73.0,0.002,0.5397830892427207,threshold-control
13163000.0,26326.0,0.002,74.0,0.002,0.5325426338835161,threshold-control
13163000.0,26326.0,0.002,75.0,0.002,0.5252637971268889,threshold-control
13163000.0,26326.0,0.002,76.0,0.002,0.5179487093446685,threshold-control
13163000.0,26326.0,0.002,77.0,0.002,0.5105995463738163,threshold-control
13163000.0,26326.0,0.002,78.0,0.002,0.5032185271024247,threshold-control
13163000.0,26326.0,0.002,79.0,0.002,0.49580791094231524,threshold-control
13163000.0,26326.0,0.002,80.0,0.002,0.4883699951938768,threshold-control
13163000.0,26326.0,0.002,81.0,0.002,0.48090711230925776,threshold-control
13163000.0,26326.0,0.002,82.0,0.002,0.4734216270604962,threshold-control
13163000.0,26326.0,0.002,83.0,0.002,0.46591593361960326,threshold-control
13163000.0,26326.0,0.002,84.0,0.002,0.45839245255802175,threshold-control
13163000.0,26326.0,0.002,85.0,0.002,0.45085362777326077,threshold-control
13163000.0,26326.0,0.002,86.0,0.002,0.4433019233508495,threshold-control
13163000.0,26326.0,0.002,87.0,0.002,0.43573982037005643,threshold-control
13163000.0,26326.0,0.002,88.0,0.002,0.4281698136620923,threshold-control
13163000.0,26326.0,0.002,89.0,0.002,0.4205944085297382,threshold-control
13163000.0,26326.0,0.002,90.0,0.002,0.41301611743753075,threshold-control
13163000.0,26326.0,0.002,91.0,0.002,0.4054374566817722,threshold-control
13163000.0,26326.0,0.002,92.0,0.002,0.39786094304973485,threshold-control
13163000.0,26326.0,0.002,93.0,0.002,0.39028909047748095,threshold-control
13163000.0,26326.0,0.002,94.0,0.002,0.38272440671572394,threshold-control
13163000.0,26326.0,0.002,95.0,0.002,0.3751693900131211,threshold-control
13163000.0,26326.0,0.002,96.0,0.002,0.36762652582629884,threshold-control
13163000.0,26326.0,0.002,97.0,0.002,0.3600982835657899,threshold-control
13163000.0,26326.0,0.002,98.0,0.002,0.35258711338688054,threshold-control
13163000.0,26326.0,0.002,99.0,0.002,0.34509544303415796,threshold-control
13163000.0,26326.0,0.002,100.0,0.002,0.337625674748288,threshold-control
13163000.0,26326.0,0.002,101.0,0.002,0.33018018224325973,threshold-control
13163000.0,26326.0,0.002,101.96776719922718,0.002,0.32300000000000006,threshold-control
13163000.0,26326.0,0.002,102.96776719922718,0.001996784897316184,0.323,post-control
13163000.0,26326.0,0.002,103.96776719922718,0.0019872270833420635,0.323,post-control
13163000.0,26326.0,0.002,104.96776719922718,0.001971515465917712,0.323,post-control
13163000.0,26326.0,0.002,105.96776719922718,0.0019499105243551485,0.323,post-control
13163000.0,26326.0,0.002,106.96776719922718,0.0019227363810775406,0.323,post-control
13163000.0,26326.0,0.002,107.96776719922718,0.0018903716618289448,0.323,post-control
13163000.0,26326.0,0.002,108.96776719922718,0.0018532395446995314,0.323,post-control
13163000.0,26326.0,0.002,109.96776719922718,0.0018117973978929549,0.323,post-control
13163000.0,26326.0,0.002,110.96776719922718,0.0017665263857591755,0.323,post-control
13163000.0,26326.0,0.002,111.96776719922718,0.001717921382455512,0.323,post-control
13163000.0,26326.0,0.002,112.96776719922718,0.0016664814846210855,0.323,post-control
13163000.0,26326.0,0.002,113.96776719922718,0.0016127013505545305,0.323,post-control
13163000.0,26326.0,0.002,114.96776719922718,0.0015570635365391254,0.323,post-control
13163000.0,26326.0,0.002,115.96776719922718,0.001500031933354864,0.323,post-control
13163000.0,26326.0,0.002,116.96776719922718,0.0014420463591507896,0.323,post-control
13163000.0,26326.0,0.002,117.96776719922718,0.001383518303444522,0.323,post-control
13163000.0,26326.0,0.002,118.96776719922718,0.0013248277848824572,0.323,post-control
13163000.0,26326.0,0.002,119.96776719922718,0.0012663212484810117,0.323,post-control
13163000.0,26326.0,0.002,120.96776719922718,0.0012083104057706053,0.323,post-control
13163000.0,26326.0,0.002,121.96776719922718,0.001151071905855908,0.323,post-control
13163000.0,26326.0,0.002,122.96776719922718,0.0010948477187082929,0.323,post-control
13163000.0,26326.0,0.002,123.96776719922718,0.0010398461020272422,0.323,post-control
13163000.0,26326.0,0.002,124.96776719922718,0.0009862430519821973,0.323,post-control
13163000.0,26326.0,0.002,125.96776719922718,0.0009341841126688093,0.323,post-control
13163000.0,26326.0,0.002,126.96776719922718,0.0008837864112824948,0.323,post-control
13163000.0,26326.0,0.002,127.96776719922718,0.0008351409544888521,0.323,post-control
13163000.0,26326.0,0.002,128.96776719922718,0.000788314880114906,0.323,post-control
13163000.0,26326.0,0.002,129.96776719922718,0.0007433538907377894,0.323,post-control
13163000.0,26326.0,0.002,130.96776719922718,0.0007002845315433911,0.323,post-control
13163000.0,26326.0,0.002,131.96776719922718,0.0006591164771084738,0.323,post-control
13163000.0,26326.0,0.002,132.96776719922718,0.0006198447039978481,0.323,post-control
13163000.0,26326.0,0.002,133.96776719922718,0.0005824514992238327,0.323,post-control
13163000.0,26326.0,0.002,134.96776719922718,0.0005469083972642801,0.323,post-control
13163000.0,26326.0,0.002,135.96776719922718,0.0005131779050192527,0.323,post-control
13163000.0,26326.0,0.002,136.96776719922718,0.00048121509954015895,0.323,post-control
13163000.0,26326.0,0.002,137.96776719922718,0.0004509690866138739,0.323,post-control
13163000.0,26326.0,0.002,138.96776719922718,0.00042238426179641694,0.323,post-control
13163000.0,26326.0,0.002,139.96776719922718,0.0003954014831522505,0.323,post-control
13163000.0,26326.0,0.002,140.96776719922718,0.0003699590622141984,0.323,post-control
13163000.0,26326.0,0.002,141.96776719922718,0.0003459936405613594,0.323,post-control
13163000.0,26326.0,0.002,142.96776719922718,0.00032344096548632406,0.323,post-control
13163000.0,26326.0,0.002,143.96776719922718,0.00030223651175314474,0.323,post-control
13163000.0,26326.0,0.002,144.96776719922718,0.00028231606298883736,0.323,post-control
13163000.0,26326.0,0.002,145.96776719922718,0.00026361614245256384,0.323,post-control
13163000.0,26326.0,0.002,146.96776719922718,0.0002460744169473884,0.323,post-control
13163000.0,26326.0,0.002,147.96776719922718,0.00022962999111055316,0.323,post-control
13163000.0,26326.0,0.002,148.96776719922718,0.00021422365948613306,0.323,post-control
13163000.0,26326.0,0.002,149.96776719922718,0.00019979810196180323,0.323,post-control
13163000.0,26326.0,0.002,150.96776719922718,0.0001862980163176566,0.323,post-control
13163000.0,26326.0,0.002,151.96776719922718,0.0001736702390238324,0.323,post-control
13163000.0,26326.0,0.002,152.96776719922718,0.0001618637905403876,0.323,post-control
13163000.0,26326.0,0.002,153.96776719922718,0.00015082993828947,0.323,post-control
13163000.0,26326.0,0.002,154.96776719922718,0.00014052218278547607,0.323,post-control
13163000.0,26326.0,0.002,155.96776719922718,0.00013089627476225337,0.323,post-control
13163000.0,26326.0,0.002,156.96776719922718,0.00012191016601071401,0.323,post-control
13163000.0,26326.0,0.002,157.96776719922718,0.00011352398778476441,0.323,post-control
13163000.0,26326.0,0.002,158.96776719922718,0.00010569998765542434,0.323,post-control
13163000.0,26326.0,0.002,159.96776719922718,9.840247133699687e-05,0.323,post-control
13163000.0,26326.0,0.002,160.96776719922718,9.159774478517708e-05,0.323,post-control
13163000.0,26326.0,0.002,161.96776719922718,8.525401915928544e-05,0.323,post-control
13163000.0,26326.0,0.002,162.96776719922718,7.93413711748159e-05,0.323,post-control
13163000.0,26326.0,0.002,163.96776719922718,7.383161793836258e-05,0.323,post-control
13163000.0,26326.0,0.002,164.96776719922718,6.869829058800223e-05,0.323,post-control
13163000.0,26326.0,0.002,165.96776719922718,6.391650388945165e-05,0.323,post-control
13163000.0,26326.0,0.002,166.96776719922718,5.946291738415001e-05,0.323,post-control
13163000.0,26326.0,0.002,167.96776719922718,5.5315636576046367e-05,0.323,post-control
13163000.0,26326.0,0.002,168.96776719922718,5.1454132656678433e-05,0.323,post-control
13163000.0,26326.0,0.002,169.96776719922718,4.785919738419219e-05,0.323,post-control
13163000.0,26326.0,0.002,170.96776719922718,4.451282546054714e-05,0.323,post-control
13163000.0,26326.0,0.002,171.96776719922718,4.1398192028592184e-05,0.323,post-control
13163000.0,26326.0,0.002,172.96776719922718,3.8499553700064374e-05,0.323,post-control
13163000.0,26326.0,0.002,173.96776719922718,3.580218847263626e-05,0.323,post-control
13163000.0,26326.0,0.002,174.96776719922718,3.329236073406704e-05,0.323,post-control
13163000.0,26326.0,0.002,175.96776719922718,3.0957219562155067e-05,0.323,post-control
13163000.0,26326.0,0.002,176.96776719922718,2.8784780294486184e-05,0.323,post-control
13163000.0,26326.0,0.002,177.96776719922718,2.6763859758141973e-05,0.323,post-control
13163000.0,26326.0,0.002,178.96776719922718,2.4884007324807388e-05,0.323,post-control
13163000.0,26326.0,0.002,179.96776719922718,2.313549476341579e-05,0.323,post-control
13163000.0,26326.0,0.002,180.96776719922718,2.1509241070756358e-05,0.323,post-control
13163000.0,26326.0,0.002,181.96776719922718,1.999677154510663e-05,0.323,post-control
13163000.0,26326.0,0.002,182.96776719922718,1.8590206388342326e-05,0.323,post-control
13163000.0,26326.0,0.002,183.96776719922718,1.7282189121842754e-05,0.323,post-control
13163000.0,26326.0,0.002,184.96776719922718,1.60658611802713e-05,0.323,post-control
13163000.0,26326.0,0.002,185.96776719922718,1.4934851241692657e-05,0.323,post-control
13163000.0,26326.0,0.002,186.96776719922718,1.3883211889983008e-05,0.323,post-control
13163000.0,26326.0,0.002,187.96776719922718,1.2905400400427584e-05,0.323,post-control
13163000.0,26326.0,0.002,188.96776719922718,1.1996272403382066e-05,0.323,post-control
13163000.0,26326.0,0.002,189.96776719922718,1.115102825420506e-05,0.323,post-control
13163000.0,26326.0,0.002,190.96776719922718,1.0365193521887354e-05,0.323,post-control
13163000.0,26326.0,0.002,191.96776719922718,9.634617877610119e-06,0.323,post-control
13163000.0,26326.0,0.002,192.96776719922718,8.95543472202405e-06,0.323,post-control
13163000.0,26326.0,0.002,193.96776719922718,8.32403615365379e-06,0.323,post-control
13163000.0,26326.0,0.002,194.96776719922718,7.73707349093675e-06,0.323,post-control
13163000.0,26326.0,0.002,195.96776719922718,7.191436794459611e-06,0.323,post-control
13163000.0,26326.0,0.002,196.96776719922718,6.68422145502683e-06,0.323,post-control
13163000.0,26326.0,0.002,197.96776719922718,6.212724990449757e-06,0.323,post-control
13163000.0,26326.0,0.002,198.96776719922718,5.774445896804767e-06,0.323,post-control
13163000.0,26326.0,0.002,199.96776719922718,5.367050878662609e-06,0.323,post-control
13163000.0,26326.0,0.002,200.96776719922718,4.988363253010916e-06,0.323,post-control
13163000.0,26326.0,0.002,201.96776719922718,4.636363803739684e-06,0.323,post-control
13163000.0,26326.0,0.002,202.96776719922718,4.309182071171617e-06,0.323,post-control
13163000.0,26326.0,0.002,203.96776719922718,4.005070036282656e-06,0.323,post-control
13163000.0,26326.0,0.002,204.96776719922718,3.7223988204514017e-06,0.323,post-control
13163000.0,26326.0,0.002,205.96776719922718,3.4596605636926187e-06,0.323,post-control
13163000.0,26326.0,0.002,206.96776719922718,3.2154570308525003e-06,0.323,post-control
13163000.0,26326.0,0.002,207.96776719922718,2.9884807271930887e-06,0.323,post-control
13163000.0,26326.0,0.002,208.96776719922718,2.7775134904006475e-06,0.323,post-control
13163000.0,26326.0,0.002,209.96776719922718,2.5814284143517926e-06,0.323,post-control
13163000.0,26326.0,0.002,210.96776719922718,2.3991818210073424e-06,0.323,post-control
13163000.0,26326.0,0.002,211.96776719922718,2.2297971477762046e-06,0.323,post-control
13163000.0,26326.0,0.002,212.96776719922718,2.072363821305167e-06,0.323,post-control
13163000.0,26326.0,0.002,213.96776719922718,1.9260379806120296e-06,0.323,post-control
13163000.0,26326.0,0.002,214.96776719922718,1.790041574431191e-06,0.323,post-control
13163000.0,26326.0,0.002,215.96776719922718,1.6636467724456212e-06,0.323,post-control
13163000.0,26326.0,0.002,216.96776719922718,1.5461735733441947e-06,0.323,post-control
13163000.0,26326.0,0.002,217.96776719922718,1.436989518281045e-06,0.323,post-control
13163000.0,26326.0,0.002,218.96776719922718,1.335512463286994e-06,0.323,post-control
13163000.0,26326.0,0.002,219.96776719922718,1.2412019213145876e-06,0.323,post-control
13163000.0,26326.0,0.002,220.96776719922718,1.1535513758664128e-06,0.323,post-control
13163000.0,26326.0,0.002,221.96776719922718,1.072088178717842e-06,0.323,post-control
13163000.0,26326.0,0.002,222.96776719922718,9.963734879947792e-07,0.323,post-control
13163000.0,26326.0,0.002,223.96776719922718,9.260049683476958e-07,0.323,post-control
13163000.0,26326.0,0.002,224.96776719922718,8.606074635029173e-07,0.323,post-control
13163000.0,26326.0,0.002,225.96776719922718,7.998292354071569e-07,0.323,post-control
13163000.0,26326.0,0.002,226.96776719922718,7.433419642275161e-07,0.323,post-control
13163000.0,26326.0,0.002,227.96776719922718,6.908406807939345e-07,0.323,post-control
13163000.0,26326.0,0.002,228.96776719922718,6.42046447635398e-07,0.323,post-control
13163000.0,26326.0,0.002,229.96776719922718,5.966998908534785e-07,0.323,post-control
13163000.0,26326.0,0.002,230.96776719922718,5.545574007312799e-07,0.323,post-control
13163000.0,26326.0,0.002,231.96776719922718,5.153911262952121e-07,0.323,post-control
13163000.0,26326.0,0.002,232.96776719922718,4.789888677961234e-07,0.323,post-control
13163000.0,26326.0,0.002,233.96776719922718,4.4515554055475324e-07,0.323,post-control
13163000.0,26326.0,0.002,234.96776719922718,4.137125523170277e-07,0.323,post-control
13163000.0,26326.0,0.002,235.96776719922718,3.844920429167949e-07,0.323,post-control
13163000.0,26326.0,0.002,236.96776719922718,3.5733643116353233e-07,0.323,post-control
13163000.0,26326.0,0.002,237.96776719922718,3.320984148423467e-07,0.323,post-control
13163000.0,26326.0,0.002,238.96776719922718,3.08640896199521e-07,0.323,post-control
13163000.0,26326.0,0.002,239.96776719922718,2.868387079340792e-07,0.323,post-control
13163000.0,26326.0,0.002,240.96776719922718,2.6657718470266454e-07,0.323,post-control
13163000.0,26326.0,0.002,241.96776719922718,2.4774828255966097e-07,0.323,post-control
13163000.0,26326.0,0.002,242.96776719922718,2.30250423164076e-07,0.323,post-control
13163000.0,26326.0,0.002,243.96776719922718,2.1398849377954069e-07,0.323,post-control
13163000.0,26326.0,0.002,244.96776719922718,1.9887381541273475e-07,0.323,post-control
13163000.0,26326.0,0.002,245.96776719922718,1.848248606919311e-07,0.323,post-control
13163000.0,26326.0,0.002,246.96776719922718,1.717682150300064e-07,0.323,post-control
13163000.0,26326.0,0.002,247.96776719922718,1.596349241742919e-07,0.323,post-control
13163000.0,26326.0,0.002,248.96776719922718,1.4835992980073235e-07,0.323,post-control
13163000.0,26326.0,0.002,249.96776719922718,1.37882069513886e-07,0.323,post-control
13163000.0,26326.0,0.002,250.96776719922718,1.281440768469246e-07,0.323,post-control
13163000.0,26326.0,0.002,251.96776719922718,1.1909264350368167e-07,0.323,post-control
13163000.0,26326.0,0.002,252.96776719922718,1.1067959312907455e-07,0.323,post-control
13163000.0,26326.0,0.002,253.96776719922718,1.0286095273057066e-07,0.323,post-control
13163000.0,26326.0,0.002,254.96776719922718,9.559522291780096e-08,0.323,post-control
13163000.0,26326.0,0.002,255.96776719922718,8.884331696386206e-08,0.323,post-control
13163000.0,26326.0,0.002,256.9677671992272,8.256856080531632e-08,0.323,post-control
13163000.0,26326.0,0.002,257.9677671992272,7.673669304219185e-08,0.323,post-control
13163000.0,26326.0,0.002,258.1042979884757,7.597303677812242e-08,0.323,post-control
