eta,eta_fraction,c0,t1,t2,control_duration,clear_time,peak_I,cum_total_infections,q_start,q_mean_control,q_min_theory,q_max_theory,J_c,J_q,J,raw_c_cost,raw_q_cost,w_c,w_q,plateau_max_error,q_was_clipped,status,S_star,Sc,Sbar,S_end,C2,clear_time_method
100.0,7.597052343690648e-06,6.0,36.74845868067851,27511.57278613208,27474.824327451402,29287.826516123558,100.0,1730432.413425038,0.6714305269602812,0.5027574425138611,0.323,0.6714305269602812,0.0,7295.131690724193,5116.705576347279,0.0,4938.8041546202785,1.0,2.0,0.0,0.0,ok,13162186.89651758,6388024.834031128,3676853.8293057415,6315546.118875772,-22392523.189331584,phase_formula
112.34493440205146,8.534903472008771e-06,6.0,37.12018927713892,24492.688483245507,24455.56829396837,26201.583592445193,112.34493440205146,1731988.8700387576,0.671428021109981,0.502751344685791,0.323,0.671428021109981,0.0,6493.236759078302,4554.177208897048,0.0,4395.921285896011,1.0,2.0,0.0,0.0,ok,13162086.515255323,6388024.834031128,3676853.8293057415,6311177.616465276,-22392510.84439718,phase_formula
126.21384285801246,9.588531706906667e-06,6.0,37.491916582751884,21805.572738210343,21768.08082162759,23449.063459512876,126.21384285801246,1733637.8974906248,0.6714252058470168,0.5027519446217465,0.323,0.6714252058470168,0.0,5779.696984299714,4053.7084203374347,0.0,3912.8548583709066,1.0,2.0,0.0,0.0,ok,13161973.74113096,6388024.834031128,3676853.8293057415,6306551.935668472,-22392496.975488722,phase_formula
141.79485896514254,1.077222965624421e-05,6.0,37.863640815880096,19413.769424407736,19375.905783591854,20993.80738017434,141.79485896514254,1735385.1127002025,0.6714220429570076,0.5027529858161298,0.323,0.6714220429570076,0.0,5144.574471924156,3608.244064901594,0.0,3482.8769174926542,1.0,2.0,0.0,0.0,ok,13161847.044028016,6388024.834031128,3676853.8293057415,6301653.791483023,-22392481.394472618,phase_formula
159.29934128987077,1.210205434094589e-05,6.0,38.235376073912725,17284.82838174784,17246.593005673927,18803.35621406582,159.29934128987077,1737236.4686085249,0.6714184895034192,0.5027444671267153,0.323,0.6714184895034192,0.0,4578.995080585221,3211.475161254254,0.0,3099.979669556195,1.0,2.0,0.0,0.0,ok,13161704.704878932,6388024.834031128,3676853.8293057415,6296467.02453171,-22392463.889990292,phase_formula
178.96474047500539,1.3596045010636282e-05,6.0,38.60712279355141,15389.865198179037,15351.258075385485,16848.810992521107,178.96474047500539,1739198.2748217275,0.6714144972434081,0.5027454614911089,0.323,0.6714144972434081,0.0,4075.803496645903,2858.551479538876,0.0,2759.3189672292765,1.0,2.0,0.0,0.0,ok,13161544.79232366,6388024.834031128,3676853.8293057415,6290974.552166968,-22392444.224591106,phase_formula
201.05782028944645,1.5274467848472724e-05,6.0,38.97888201959386,13703.169403039969,13664.190521020375,15104.441830563797,201.05782028944645,1741277.2195166252,0.6714100119712331,0.5027470994838537,0.323,0.6714100119712331,0.0,3627.915233306025,2544.4193559801824,0.0,2456.0986129481794,1.0,2.0,0.0,0.0,ok,13161365.136482682,6388024.834031128,3676853.8293057415,6285158.317182162,-22392422.131511293,phase_formula
225.87827631437312,1.7160090884629123e-05,6.0,39.35065520169343,12201.855700870501,12162.505045668808,13547.339804008177,225.87827631437312,1743480.3926870003,0.6714049727802118,0.5027352019852824,0.323,0.6714049727802118,0.0,3228.9960133386994,2264.551365424896,0.0,2186.0303010303,1.0,2.0,0.0,0.0,ok,13161163.299487203,6388024.834031128,3676853.8293057415,6278999.234046343,-22392397.31105527,phase_formula
253.76280135386727,1.9278492847669018e-05,6.0,39.72244311291868,10865.55352821824,10825.831085105323,12157.107086802658,253.76280135386727,1745815.3108208366,0.6713993112330593,0.5027368161001098,0.323,0.6713993112330593,0.0,2874.1512716018133,2015.6830154453103,0.0,1945.8004108744278,1.0,2.0,0.0,0.0,ok,13160936.542364808,6388024.834031128,3676853.8293057415,6272477.132590873,-22392369.426530227,phase_formula
285.08965271781034,2.1658410143417938e-05,6.0,40.09424749441727,9676.130725856288,9636.036478361872,10915.581141265546,285.08965271781034,1748289.943099404,0.6713929504291672,0.5027212905628232,0.323,0.6713929504291672,0.0,2558.051568392376,1793.9073583965908,0.0,1731.8009118016384,1.0,2.0,0.0,0.0,ok,13160681.787828982,6388024.834031128,3676853.8293057415,6265570.699064553,-22392338.099678863,phase_formula
320.28378333286037,2.4332126668150144e-05,6.0,40.46605066457211,8617.447553204747,8576.981502540175,9806.589204436277,320.28378333286037,1750912.739221525,0.6713858039559322,0.5027227554925554,0.323,0.6713858039559322,0.0,2276.9257746605585,1596.7478924001848,0.0,1541.4787494451982,1.0,2.0,0.0,0.0,ok,13160395.578464676,6388024.834031128,3676853.8293057415,6258257.414462852,-22392302.90554825,phase_formula
359.8226062857106,2.733591174395735e-05,6.0,40.83786790997625,7675.137803222953,7634.299935312977,8815.729816493498,359.8226062857106,1753692.6589549447,0.6713777747096075,0.5027253335388917,0.323,0.6713777747096075,0.0,2026.7017757903454,1421.2639538039775,0.0,1372.0771022100637,1.0,2.0,0.0,0.0,ok,13160074.02973882,6388024.834031128,3676853.8293057415,6250513.490093604,-22392263.366725296,phase_formula
404.24247099543345,3.071051211695156e-05,6.0,41.209707109350155,6836.413882306919,6795.2041751975685,7930.17828327141,404.24247099543345,1756639.2035308988,0.6713687535693038,0.5027036439992968,0.323,0.6713687535693038,0.0,1803.7266647005004,1264.8089547051757,0.0,1221.122952002239,1.0,2.0,0.0,0.0,ok,13159712.77719355,6388024.834031128,3676853.8293057415,6242313.80029072,-22392218.946860585,phase_formula
454.1459388650521,3.4501704692323335e-05,6.0,41.58157052818272,6089.893346560233,6048.31177603205,7138.5135488350315,454.1459388650521,1759762.4490114572,0.6713586179056703,0.5027060872023258,0.323,0.6713586179056703,0.0,1605.4925309460411,1125.7924119654688,0.0,1086.9184434504698,1.0,2.0,0.0,0.0,ok,13159306.917099567,6388024.834031128,3676853.8293057415,6233631.812242671,-22392169.043392718,phase_formula
510.20995710752294,3.876091750418012e-05,6.0,41.953460537261634,5425.44450310871,5383.491042571448,6430.564102616836,510.20995710752294,1763073.0817488988,0.6713472299034224,0.5027101544388966,0.323,0.6713472299034224,0.0,1429.051708539041,1002.0624071649809,0.0,967.4680066809309,1.0,2.0,0.0,0.0,ok,13158850.939756949,6388024.834031128,3676853.8293057415,6224439.512883933,-22392112.979374476,phase_formula
520.0,3.950467218719137e-05,6.0,42.01419491775931,5324.114793062766,5282.100598145006,6322.284893775541,520.0,1763632.2072834452,0.6713452411820884,0.5026780229985981,0.323,0.6713452411820884,0.0,1401.886843064117,982.9289072314763,0.0,949.0773927544071,1.0,2.0,0.0,0.0,ok,13158771.314293165,6388024.834031128,3676853.8293057415,6222888.120535745,-22392103.189331584,phase_formula
573.1950416251822,4.354592734370449e-05,6.0,42.32538005247893,4834.048972739505,4791.723592687026,5797.270809006009,573.1950416251822,1766582.4360813927,0.6713344346741938,0.5026798621143503,0.323,0.6713344346741938,0.0,1271.7521926500513,891.6744515823593,0.0,860.9762344240847,1.0,2.0,0.0,0.0,ok,13158338.654528677,6388024.834031128,3676853.8293057415,6214707.3328360515,-22392049.994289957,phase_formula
643.9555935096224,4.892164350904979e-05,6.0,42.69733235512452,4307.679354162152,4264.982021807027,5230.564820894513,643.9555935096224,1770302.5344220898,0.6713200581331484,0.5026838469379854,0.323,0.6713200581331484,0.0,1131.9769228945838,793.662868559146,0.0,766.3483767996333,1.0,2.0,0.0,0.0,ok,13157763.105577674,6388024.834031128,3676853.8293057415,6204404.067378503,-22391979.233738072,phase_formula
723.4514891067264,5.4960988308647454e-05,6.0,43.06932097180563,3839.1903310720145,3796.121010100209,4723.258897909818,723.4514891067264,1774246.12989485,0.6713039046093221,0.5026443231937131,0.323,0.6713039046093221,0.0,1007.3140171652683,706.1673321929014,0.0,681.9515896208866,1.0,2.0,0.0,0.0,ok,13157116.477148537,6388024.834031128,3676853.8293057415,6193496.794467999,-22391899.737842474,phase_formula
812.7611008676171,6.174588626206921e-05,6.0,43.441333391117624,3422.2217286479845,3378.780395256867,4268.9506618477335,812.7611008676171,1778426.7517044123,0.6712857541557391,0.5026479029463685,0.323,0.6712857541557391,0.0,896.5890879234835,628.5326119735247,0.0,606.9908125241983,1.0,2.0,0.0,0.0,ok,13156389.987089392,6388024.834031128,3676853.8293057415,6181950.789842609,-22391810.428230714,phase_formula
913.0959256151148,6.93683754170869e-05,6.0,43.81338427549583,3051.1122803119993,3007.2988960365033,3861.936529720153,913.0959256151148,1782858.753397252,0.6712653595208558,0.502654292355375,0.323,0.6712653595208558,0.0,798.0415879889779,559.4395315051233,0.0,540.274155068538,1.0,2.0,0.0,0.0,ok,13155573.7671444,6388024.834031128,3676853.8293057415,6169729.439268725,-22391710.093405966,phase_formula
1025.8170186601064,7.793185585809515e-05,6.0,44.18548553575604,2720.822801766237,2676.637316230481,3497.1350457128624,1025.8170186601064,1787557.364263251,0.6712424427377852,0.5025990792712155,0.323,0.6712424427377852,0.0,710.0762149748473,497.68489966022037,0.0,480.72159753797166,1.0,2.0,0.0,0.0,ok,13154656.728361469,6388024.834031128,3676853.8293057415,6156794.148034012,-22391597.372312922,phase_formula
1152.4534566987763,8.755249234207827e-05,6.0,44.55764294526217,2426.867830236528,2382.3101872912657,3170.0186503783425,1152.4534566987763,1792538.7440573839,0.6712166912819088,0.5026050915996579,0.323,0.6712166912819088,0.0,632.016306362254,442.96249174971655,0.0,427.87503940724605,1.0,2.0,0.0,0.0,ok,13153626.409749398,6388024.834031128,3676853.8293057415,6143104.247812845,-22391470.735874884,phase_formula
1294.7230799424149,9.836079008906897e-05,6.0,44.9298629588825,2165.2547853100596,2120.324922351177,2876.5529649440714,1294.7230799424149,1797820.0413020318,0.6711877537408056,0.5026152060466123,0.323,0.6711877537408056,0.0,562.5444576275829,394.26401937897765,0.0,380.8425978138737,1.0,2.0,0.0,0.0,ok,13152468.808080915,6388024.834031128,3676853.8293057415,6128616.901087379,-22391328.46625164,phase_formula
1300.0,9.876168046797843e-05,6.0,44.942892630867604,2156.6534100463005,2111.710517415433,2866.8617367371044,1300.0,1798010.2257014806,0.6711866802747517,0.5026156463225969,0.323,0.6711866802747517,0.0,560.2603388948281,392.6629610378531,0.0,379.29624943179874,1.0,2.0,0.0,0.0,ok,13152425.869647631,6388024.834031128,3676853.8293057415,6128095.71233547,-22391323.189331584,phase_formula
1454.5557948495277,0.00011050336510290418,6.0,45.302152835284964,1932.4298090821737,1887.1276562468888,2613.142732821146,1454.5557948495277,1803419.4554106533,0.6711552349327637,0.5025381001168405,0.323,0.6711552349327637,0.0,500.45984354580855,350.6630765340435,0.0,338.81131408051243,1.0,2.0,0.0,0.0,ok,13151168.186468892,6388024.834031128,3676853.8293057415,6113287.003349844,-22391168.633536734,phase_formula
1634.1197535649385,0.000124144933036917,6.0,45.67452077230386,1725.2295576345355,1679.5550368622316,2376.5837025139763,1634.1197535649385,1809356.3029163997,0.6711186904013289,0.5025479615916582,0.323,0.6711186904013289,0.0,445.4367551692995,312.0994440111799,0.0,301.5606832496158,1.0,2.0,0.0,0.0,ok,13149706.85903809,6388024.834031128,3676853.8293057415,6097067.083372712,-22390989.069578018,phase_formula
1835.850765193497,0.00013947054358379526,6.0,46.04697597545816,1540.8382898078235,1494.7913138323654,2164.0197964111753,1835.850765193497,1815651.0881198477,0.6710776202032047,0.502447378581904,0.323,0.6710776202032047,0.0,396.2132685291258,277.51979851865946,0.0,268.23638279421823,1.0,2.0,0.0,0.0,ok,13148064.948669115,6388024.834031128,3676853.8293057415,6079907.201898559,-22390787.33856639,phase_formula
2062.485337876194,0.0001566880906993994,6.0,46.41952879934233,1376.7496713111727,1330.3301425118304,1972.9049836283284,2062.485337876194,1822325.5784606533,0.6710314618950889,0.5024561648999293,0.323,0.6710314618950889,0.0,352.63802869416463,246.9860719551874,0.0,238.73594542594952,1.0,2.0,0.0,0.0,ok,13146220.114398569,6388024.834031128,3676853.8293057415,6061754.849179456,-22390560.703993704,phase_formula
2317.0977998889393,0.0001760311327120671,6.0,46.79218160531909,1230.7327666773274,1183.9405850720084,1800.9693298041966,2317.0977998889393,1829402.8850262938,0.6709795826114638,0.5024720571181908,0.323,0.6709795826114638,0.0,313.86152482804664,219.81831626117503,0.0,212.4842523085876,1.0,2.0,0.0,0.0,ok,13144147.244613389,6388024.834031128,3676853.8293057415,6042554.841882208,-22390306.091531694,phase_formula
2603.142003316607,0.00019776206057255997,6.0,47.16494883309941,1100.801796361378,1053.6368475282784,1646.188803799395,2603.142003316607,1836907.548483876,0.6709212701095795,0.5023315742799709,0.323,0.6709212701095795,0.0,279.09948978823,195.38254507229652,0.0,188.95035458663173,1.0,2.0,0.0,0.0,ok,13141818.111669349,6388024.834031128,3676853.8293057415,6022249.219971921,-22390020.047328264,phase_formula
2924.49817601829,0.00022217565722238775,6.0,47.5378542787343,985.1891964541267,937.6513421753924,1506.7583798787118,2924.49817601829,1844865.6309456902,0.6708557226394863,0.5023464570843071,0.323,0.6708557226394863,0.0,248.39652318981092,173.8778447443627,0.0,168.16444619950198,1.0,2.0,0.0,0.0,ok,13139200.982984774,6388024.834031128,3676853.8293057415,6000777.1443071,-22389698.691155564,phase_formula
3200.0,0.00024310567499810073,6.0,47.826367170949695,904.58864541582,856.7622782448703,1408.4211549762067,3200.0,1851348.936816698,0.6707994975106402,0.502364977331454,0.323,0.6707994975106402,0.0,226.99135393771948,158.88779788520281,0.0,153.6731466158361,1.0,2.0,0.0,0.0,ok,13136956.89993321,6388024.834031128,3676853.8293057415,5983330.116629565,-22389423.189331584,phase_formula
3285.5255574369426,0.0002496030963638185,6.0,47.910914682597415,882.3216247017957,834.4107100191983,1381.068078179921,3285.5255574369426,1853304.814325036,0.6707820374754743,0.5023717297857924,0.323,0.6707820374754743,0.0,221.07783221260675,154.7469583244967,0.0,149.66969240793478,1.0,2.0,0.0,0.0,ok,13136260.182999277,6388024.834031128,3676853.8293057415,5978074.795793848,-22389337.663774144,phase_formula
3691.1215322651688,0.0002804164348754212,6.0,48.28414890351596,790.7986268490499,742.5144779455339,1267.6816579550273,3691.1215322651688,1862254.505495206,0.6706991979200272,0.5021756014104469,0.323,0.6706991979200272,0.0,196.514738761972,137.46525446353795,0.0,133.04047814185506,1.0,2.0,0.0,0.0,ok,13132955.599630743,6388024.834031128,3676853.8293057415,5954075.277108369,-22388932.06779932,phase_formula
4146.7880641233005,0.0003150336598133633,6.0,48.65757819664086,709.3736393042185,660.7160611075776,1165.3176446484094,4146.7880641233005,1871745.9490190374,0.6706060585616529,0.5022001962706949,0.323,0.6706060585616529,0.0,174.88987862581723,122.3282228469113,0.0,118.40044782967828,1.0,2.0,0.0,0.0,ok,13129242.127996245,6388024.834031128,3676853.8293057415,5928708.5181418145,-22388476.401267458,phase_formula
4658.7063304314215,0.0003539243584617049,6.0,49.031226530053,636.9370793561345,587.9058528260815,1072.8324345455826,4658.7063304314215,1881812.3479781705,0.6705013285327382,0.5019444394216271,0.323,0.6705013285327382,0.0,155.3951008370115,108.60180835370855,0.0,105.2024832666568,1.0,2.0,0.0,0.0,ok,13125069.043165373,6388024.834031128,3676853.8293057415,5901901.186526057,-22387964.48300115,phase_formula
5233.820570907399,0.0003976160883466838,6.0,49.40512094635874,572.5012935605172,523.0961726141585,989.2052571678461,5233.820570907399,1892488.9936573426,0.6703835524717123,0.5019662997087905,0.323,0.6703835524717123,0.0,138.28151610721812,96.62915836803123,0.0,93.61658640458666,1.0,2.0,0.0,0.0,ok,13120379.292565279,6388024.834031128,3676853.8293057415,5873576.604784609,-22387389.368760675,phase_formula
5879.932287106999,0.0004467015336250854,6.0,49.77929197656005,515.1871601204231,465.40786814386297,913.5247847540909,5879.932287106999,1903813.4049122937,0.670251088843816,0.5020062265662601,0.323,0.670251088843816,0.0,123.05894577648516,85.98287969592637,0.0,83.31090629068045,1.0,2.0,0.0,0.0,ok,13115108.697328512,6388024.834031128,3676853.8293057415,5843654.675906326,-22386743.257044476,phase_formula
6500.0,0.0004938084023398921,6.0,50.10181018289691,470.93108365698924,420.82927347409236,854.0874081647476,6500.0,1914116.615496784,0.6701238169065843,0.5016458217178493,0.323,0.6701238169065843,0.0,111.04784543974117,77.50176253837648,0.0,75.17939136270478,1.0,2.0,0.0,0.0,ok,13110048.66154399,6388024.834031128,3676853.8293057415,5816539.1722493,-22386123.189331584,phase_formula
6605.806070835401,0.00050184654492406,6.0,50.15377411475374,464.21216352230215,414.0583894075484,844.9772114039754,6605.806070835401,1915825.47799957,0.6701020852147674,0.5016492232656213,0.323,0.6701020852147674,0.0,109.2632343489995,76.25433278903213,0.0,73.97120965427267,1.0,2.0,0.0,0.0,ok,13109185.050334437,6388024.834031128,3676853.8293057415,5812051.81938719,-22386017.383260746,phase_formula
7421.288497006765,0.000563799171693897,6.0,50.52860636379431,418.8797796610357,368.35117329724136,782.8356387649067,7421.288497006765,1928567.6480423063,0.6699344499992411,0.5016867047308262,0.323,0.6699344499992411,0.0,97.22224127063153,67.83974793896994,0.0,65.81945734021755,1.0,2.0,0.0,0.0,ok,13102527.096902816,6388024.834031128,3676853.8293057415,5778680.920082842,-22385201.900834575,phase_formula
8337.44169374924,0.000633399809598818,6.0,50.903832864014475,378.57002746497335,327.6661946009589,726.4506258460375,8337.44169374924,1942085.0631210252,0.6697458201182962,0.5017506896148771,0.323,0.6697458201182962,0.0,86.5148570877458,60.360528562735965,0.0,58.570558248403906,1.0,2.0,0.0,0.0,ok,13095043.38200403,6388024.834031128,3676853.8293057415,5743451.292542031,-22384285.747637834,phase_formula
9366.693401651874,0.0007115926005965109,6.0,51.27950361951955,342.73105885657327,291.4515552370537,675.2417742546775,9366.693401651874,1956425.772327552,0.6695335238928457,0.5012526999446091,0.323,0.6695335238928457,0.0,76.73859176375213,53.45184998372068,0.0,51.95202662406018,1.0,2.0,0.0,0.0,ok,13086630.945393644,6388024.834031128,3676853.8293057415,5706268.66385401,-22383256.49592993,phase_formula
10523.00555772709,0.0007994382403500031,6.0,51.65567533955816,310.8716729705329,259.21599763097475,628.6902349922734,10523.00555772709,1971640.9293137067,0.6692945383689485,0.5013153701806943,0.323,0.6692945383689485,0.0,68.27503186754095,47.54656064967378,0.0,46.222196574325224,1.0,2.0,0.0,0.0,ok,13077173.843182178,6388024.834031128,3676853.8293057415,5667035.178448169,-22382100.183773857,phase_formula
11822.06369095274,0.0008981283667061263,6.0,52.03241241615504,282.5546530903829,230.52224067422787,586.3320369413317,11822.06369095274,1987785.0129107966,0.669025440108667,0.5006664469394234,0.323,0.669025440108667,0.0,60.49640685539836,42.039618408216946,0.0,40.95606744110469,1.0,2.0,0.0,0.0,ok,13066541.470918419,6388024.834031128,3676853.8293057415,5625649.428732375,-22380801.12564063,phase_formula
13281.489698569587,0.0010090017244222128,6.0,52.409788063743214,257.3908359265664,204.9810478628232,547.7521447456488,13281.489698569587,2004916.0668389576,0.6687223482790068,0.5007229533198333,0.323,0.6687223482790068,0.0,53.81069010454213,37.381429335262865,0.0,36.42983720077503,1.0,2.0,0.0,0.0,ok,13054586.659173112,6388024.834031128,3676853.8293057415,5582006.515955882,-22379341.699633013,phase_formula
14921.080889473207,0.0011335623254177018,6.0,52.78788565217672,235.03383279556664,182.2459471433899,512.5791681634898,14921.080889473207,2023095.960729404,0.6683808586199111,0.5008259983420539,0.323,0.6683808586199111,0.0,47.87011446760191,33.24578299382942,0.0,32.408067494566495,1.0,2.0,0.0,0.0,ok,13041143.507703258,6388024.834031128,3676853.8293057415,5535998.146230352,-22377702.10844211,phase_formula
15000.0,0.0011395578515535972,6.0,52.805030813304086,234.0820203604769,181.2769895471728,511.06038435419134,15000.0,2023945.7264129943,0.6683643952685732,0.5008319295984073,0.323,0.6683643952685732,0.0,47.61718883746534,33.06978543154086,0.0,32.23683684296404,1.0,2.0,0.0,0.0,ok,13040496.107591953,6388024.834031128,3676853.8293057415,5533855.330239062,-22377623.189331584,phase_formula
16763.07853735573,0.0012734998508968874,6.0,53.16680027153014,215.17533110555723,162.00853083402708,480.480649301493,16763.07853735573,2042390.6749942363,0.6679959665556969,0.49992161518896316,0.323,0.6679959665556969,0.0,42.337977768902505,29.31550740442347,0.0,28.662810949546998,1.0,2.0,0.0,0.0,ok,13026024.91835264,6388024.834031128,3676853.8293057415,5487512.767244225,-22375860.110794228,phase_formula
18832.46958655668,0.0014307125721003326,6.0,53.54661518726268,197.54088704087977,143.99427185361708,451.15884157200946,18832.46958655668,2062870.6177019565,0.6675619773129906,0.5000203436621213,0.323,0.6675619773129906,0.0,37.6512784178792,26.059444133551082,0.0,25.489915488904217,1.0,2.0,0.0,0.0,ok,13009019.77963807,6388024.834031128,3676853.8293057415,5436435.751870208,-22373790.719745025,phase_formula
21157.325603303416,0.0016073331006080237,6.0,53.927462063397265,181.8862615576778,127.95879949428056,424.34702946980383,21157.325603303416,2084610.9590381538,0.6670724003956382,0.500187918245533,0.323,0.6670724003956382,0.0,33.490034421845124,23.17176772798566,0.0,22.672753303589154,1.0,2.0,0.0,0.0,ok,12989889.747135326,6388024.834031128,3676853.8293057415,5382649.63558718,-22371465.863728277,phase_formula
23769.183570259636,0.0018057573175005422,6.0,54.309493578212205,167.99407777983404,113.68458420162185,399.80616941146104,23769.183570259636,2107692.01027911,0.6665198251071763,0.49892931806746155,0.323,0.6665198251071763,0.0,29.542764214733015,20.35443430392616,0.0,20.00045137337425,1.0,2.0,0.0,0.0,ok,12968365.552851759,6388024.834031128,3676853.8293057415,5326034.415421899,-22368854.00576132,phase_formula
26326.0,0.002,6.0,54.64590195556266,157.09979268641314,102.45389073085049,379.9680881470107,26326.0,2129122.6734427745,0.6659762470589641,0.4990722541806583,0.323,0.6659762470589641,0.0,26.645919483840018,18.349928286443017,0.0,18.039287490559694,1.0,2.0,0.0,0.0,ok,12947261.308696505,6388024.834031128,3676853.8293057415,5273915.677492178,-22366297.189331584,phase_formula
26703.473689911352,0.002028676873806226,6.0,54.69287299252171,155.67085936305227,100.97798637053056,377.3219120686339,26703.473689911352,2132199.6440454787,0.6658957729547983,0.4990979536789678,0.323,0.6658957729547983,0.0,26.265903643239486,18.087178471992786,0.0,17.78201676647313,1.0,2.0,0.0,0.0,ok,12944142.763132349,6388024.834031128,3676853.8293057415,5266467.918968647,-22365919.71564167,phase_formula
30000.0,0.0022791157031071944,6.0,55.07771923219126,144.74434832746832,89.66662909527706,356.70190187074957,30000.0,2158225.7900437564,0.6651905216467453,0.49746074484339736,0.323,0.6651905216467453,0.0,23.10680487379421,15.824032692167016,0.0,15.64330689955868,1.0,2.0,0.0,0.0,ok,12916876.887446199,6388024.834031128,3676853.8293057415,5203826.252957237,-22362623.189331584,phase_formula
100.0,7.597052343690648e-06,6.25,33.997084396777936,27593.687816075442,27559.690731678664,29334.159489552887,100.0,1770315.320191279,0.6845740141402183,0.5102879971790305,0.323,0.6845740141402183,0.0,7624.223456439568,5563.328090198471,0.0,5161.599280009588,1.0,2.0,0.0,0.0,ok,13162216.450927082,6132503.840669883,3529779.676133512,6061495.062706895,-21436998.83931023,phase_formula
112.34493440205146,8.534903472008771e-06,6.25,34.340980847058404,24565.468599016906,24531.12761816985,26239.94527409919,112.34493440205146,1771840.1569807897,0.6845716959818483,0.5102818220396039,0.323,0.6845716959818483,0.0,6786.165844928946,4951.71153829737,0.0,4594.234277016897,1.0,2.0,0.0,0.0,ok,13162119.718636908,6132503.840669883,3529779.676133512,6057215.515767035,-21436986.494375825,phase_formula
126.21384285801246,9.588531706906667e-06,6.25,34.68484719499406,21870.040614748694,21835.3557675537,23480.437045063685,126.21384285801246,1773455.6729850983,0.6845690915899764,0.5102825668211218,0.323,0.6845690915899764,0.0,6040.445311078056,4407.5666567637245,0.0,4089.381475599844,1.0,2.0,0.0,0.0,ok,13162011.0440692,6132503.840669883,3529779.676133512,6052684.072009491,-21436972.62546737,phase_formula
141.79485896514254,1.077222965624421e-05,6.25,35.02873120074795,19470.835405495036,19435.806674294286,21019.06378765203,141.79485896514254,1775167.369016171,0.6845661656139598,0.5102744535954199,0.323,0.6845661656139598,0.0,5376.410746107352,3922.9402537815254,0.0,3639.830075114677,1.0,2.0,0.0,0.0,ok,13161888.952763682,6132503.840669883,3529779.676133512,6047885.765775319,-21436957.044451263,phase_formula
159.29934128987077,1.210205434094589e-05,6.25,35.37263432424238,17335.302768483743,17299.930134159502,18823.266499195233,159.29934128987077,1776981.0747956515,0.6845628783351289,0.5102750353619132,0.323,0.6845628783351289,0.0,4785.590882767133,3491.8313150715726,0.0,3239.8450276333497,1.0,2.0,0.0,0.0,ok,13161751.788188057,6132503.840669883,3529779.676133512,6042804.776000755,-21436939.539968938,phase_formula
178.96474047500539,1.3596045010636282e-05,6.25,35.7165565306132,15434.469252879768,15398.752696349155,16864.057467684805,178.96474047500539,1778902.9691434652,0.684559185126504,0.5102761327664409,0.323,0.684559185126504,0.0,4259.702886852399,3108.1052223867096,0.0,2883.8188543990746,1.0,2.0,0.0,0.0,ok,13161597.689248001,6132503.840669883,3529779.676133512,6037424.3784559835,-21436919.874569755,phase_formula
201.05782028944645,1.5274467848472724e-05,6.25,36.06045181322652,13742.545086574819,13706.484634761593,15115.627897881437,201.05782028944645,1780939.601395111,0.6845550358455399,0.5102646744742527,0.323,0.6845550358455399,0.0,3791.3447316321663,2766.270121059673,0.0,2566.7403833149765,1.0,2.0,0.0,0.0,ok,13161424.565017296,6132503.840669883,3529779.676133512,6031726.895668542,-21436897.78148994,phase_formula
225.87827631437312,1.7160090884629123e-05,6.25,36.404364782494284,12236.574471693944,12200.17010691145,13554.998842599165,225.87827631437312,1783097.9141290113,0.6845503741515546,0.5102655509419092,0.323,0.6845503741515546,0.0,3374.6995223866807,2462.2619588263487,0.0,2284.6715766557827,1.0,2.0,0.0,0.0,ok,13161230.06634396,6132503.840669883,3529779.676133512,6025693.644457193,-21436872.961033914,phase_formula
253.76280135386727,1.9278492847669018e-05,6.25,36.74829994423251,10896.124054801663,10859.37575485743,12161.710235802911,253.76280135386727,1785385.2672881703,0.6845451367384562,0.5102671649675623,0.323,0.6845451367384562,0.0,3003.847135789708,2191.670273176797,0.0,2033.6045109296326,1.0,2.0,0.0,0.0,ok,13161011.553945614,6132503.840669883,3529779.676133512,6019304.880971377,-21436845.076508876,phase_formula
285.08965271781034,2.1658410143417938e-05,6.25,37.0922588178402,9703.0057827881,9665.91352397026,10917.5442625628,285.08965271781034,1787809.4637898467,0.6845392524721939,0.5102509835997728,0.323,0.6845392524721939,0.0,2673.4886480853424,1950.5379310092067,0.0,1809.9518147537767,1.0,2.0,0.0,0.0,ok,13160766.06255922,6132503.840669883,3529779.676133512,6012539.743187058,-21436813.74965751,phase_formula
320.28378333286037,2.4332126668150144e-05,6.25,37.43620336003159,8641.030142900105,8603.593939540073,9806.279051293093,320.28378333286037,1790378.7767140998,0.6845326414210269,0.5102523000001037,0.323,0.6845326414210269,0.0,2379.679104055882,1736.166855345313,0.0,1611.0427534458322,1.0,2.0,0.0,0.0,ok,13160490.260656198,6132503.840669883,3529779.676133512,6005376.190773847,-21436778.555526897,phase_formula
359.8226062857106,2.733591174395735e-05,6.25,37.78016274012358,7695.786657127824,7658.0064943877005,8813.469587566933,359.8226062857106,1793101.978182234,0.6845252137651932,0.510254671167284,0.323,0.6845252137651932,0.0,2118.1646793256923,1545.3625515658873,0.0,1433.997487903494,1.0,2.0,0.0,0.0,ok,13160180.40517321,6132503.840669883,3529779.676133512,5997790.942270846,-21436739.016703945,phase_formula
404.24247099543345,3.071051211695156e-05,6.25,38.124150389123514,6854.448318797391,6816.324168408268,7926.252512026664,404.24247099543345,1795988.370025439,0.6845168685708607,0.5102318193831927,0.323,0.6845168685708607,0.0,1885.129653702671,1375.2502514092928,0.0,1276.2327755567085,1.0,2.0,0.0,0.0,ok,13159832.290640319,6132503.840669883,3529779.676133512,5989759.40952086,-21436694.596839234,phase_formula
454.1459388650521,3.4501704692323335e-05,6.25,38.46816794042338,6105.597596269032,6067.129428328609,7133.172463712257,454.1459388650521,1799047.81638193,0.6845074924113077,0.5102337915814067,0.323,0.6845074924113077,0.0,1677.949256840618,1224.095218409286,0.0,1135.9716468810984,1.0,2.0,0.0,0.0,ok,13159441.192011101,6132503.840669883,3529779.676133512,5981255.629312144,-21436644.693371363,phase_formula
510.20995710752294,3.876091750418012e-05,6.25,38.81218887020452,5439.071536212233,5400.259347342028,6424.027474908273,510.20995710752294,1802290.778328455,0.6844969578161071,0.5102372722102874,0.323,0.6844969578161071,0.0,1493.544799740662,1089.5605069331539,0.0,1011.1298294244284,1.0,2.0,0.0,0.0,ok,13159001.80041264,6132503.840669883,3529779.676133512,5972252.192196939,-21436588.62935312,phase_formula
520.0,3.950467218719137e-05,6.25,38.86836538352812,5337.424726786319,5298.5563614027915,6315.5720302612945,520.0,1802838.4706395392,0.6844951181343915,0.510238006542799,0.323,0.6844951181343915,0.0,1465.4226449981174,1069.0439516429615,0.0,992.0911306637255,1.0,2.0,0.0,0.0,ok,13158925.071409697,6132503.840669883,3529779.676133512,5970732.69254845,-21436578.83931023,phase_formula
573.1950416251822,4.354592734370449e-05,6.25,39.15622322378939,4845.823966871158,4806.667743647368,5789.731442808437,573.1950416251822,1805728.3506868351,0.6844851215266067,0.5102050015404532,0.323,0.6844851215266067,0.0,1329.1465913647744,969.534701739678,0.0,899.8322423539523,1.0,2.0,0.0,0.0,ok,13158508.150935316,6132503.840669883,3529779.676133512,5962720.168467695,-21436525.644268602,phase_formula
643.9555935096224,4.892164350904979e-05,6.25,39.50029497720047,4317.802762760686,4278.302467783486,5222.191633232689,643.9555935096224,1809372.3011596436,0.6844718225332042,0.5102079472465402,0.323,0.6844718225332042,0.0,1183.0608902415856,862.9624074580042,0.0,800.9322226935535,1.0,2.0,0.0,0.0,ok,13157953.54147225,6132503.840669883,3529779.676133512,5952629.031288997,-21436454.883716717,phase_formula
723.4514891067264,5.4960988308647454e-05,6.25,39.84440702640202,3847.8405811715306,3807.9961741451284,4714.199627878884,723.4514891067264,1813235.1119540408,0.6844568798667268,0.5102130520923926,0.323,0.6844568798667268,0.0,1053.0377933794148,768.1115015187959,0.0,712.906586117864,1.0,2.0,0.0,0.0,ok,13157330.441493988,6132503.840669883,3529779.676133512,5941946.577005069,-21436375.387821123,phase_formula
812.7611008676171,6.174588626206921e-05,6.25,40.18854758293754,3429.557642564379,3389.3690949814413,4259.334297040436,812.7611008676171,1817330.024053683,0.6844400901126138,0.5101674841540854,0.323,0.6844400901126138,0.0,937.0453269974678,683.4089486978371,0.0,634.3796863772858,1.0,2.0,0.0,0.0,ok,13156630.389503945,6132503.840669883,3529779.676133512,5930638.842661322,-21436286.078209363,phase_formula
913.0959256151148,6.93683754170869e-05,6.25,40.53270214565488,3057.2752001389413,3016.742497993286,3851.8754339786974,913.0959256151148,1821671.084320253,0.6844212246124848,0.5101718748474424,0.323,0.6844212246124848,0.0,834.0463061763072,608.2783720131642,0.0,564.6493492813601,1.0,2.0,0.0,0.0,ok,13155843.877762126,6132503.840669883,3529779.676133512,5918670.020821708,-21436185.743384615,phase_formula
1025.8170186601064,7.793185585809515e-05,6.25,40.87690887427301,2725.938562444329,2685.061653570056,3486.726929557086,1025.8170186601064,1826273.1956034484,0.6844000263129841,0.5101793545086354,0.323,0.6844000263129841,0.0,742.375342882027,541.4142322370604,0.0,502.5881071311323,1.0,2.0,0.0,0.0,ok,13154960.222686218,6132503.840669883,3529779.676133512,5906002.371774271,-21436073.022291567,phase_formula
1152.4534566987763,8.755249234207827e-05,6.25,41.22117251084095,2431.048439217208,2389.827266706367,3159.348250169977,1152.4534566987763,1831152.1701350138,0.684376206216446,0.510115012382667,0.323,0.684376206216446,0.0,660.5207660298333,481.6232426658138,0.0,447.17255860219717,1.0,2.0,0.0,0.0,ok,13153967.41913772,6132503.840669883,3529779.676133512,5892596.1332751475,-21435946.38585353,phase_formula
1294.7230799424149,9.836079008906897e-05,6.25,41.56549841895489,2168.5999418821825,2127.0344434632275,2865.6935529003877,1294.7230799424149,1836324.7863601982,0.6843494393817993,0.5101215494084745,0.323,0.6843494393817993,0.0,587.9083909985694,428.6667688667343,0.0,398.0139807060315,1.0,2.0,0.0,0.0,ok,13152851.976573111,6132503.840669883,3529779.676133512,5878409.428012827,-21435804.116230287,phase_formula
1300.0,9.876168046797843e-05,6.25,41.577505653825774,2159.9709907791425,2118.3934851253166,2855.9968698256034,1300.0,1836511.0549837158,0.684348446448154,0.5101218502754504,0.323,0.684348446448154,0.0,585.5209875156705,426.92568835823886,0.0,396.397708548109,1.0,2.0,0.0,0.0,ok,13152810.602123618,6132503.840669883,3529779.676133512,5877899.063734176,-21435798.83931023,phase_formula
1454.5557948495277,0.00011050336510290418,6.25,41.9098489629404,1935.0282130086102,1893.1183640456698,2602.1574202309735,1454.5557948495277,1841808.8495412976,0.6843193604171227,0.5101325032421516,0.323,0.6843193604171227,0.0,523.2850493316882,381.54013270563564,0.0,354.26397839755305,1.0,2.0,0.0,0.0,ok,13151598.734782541,6132503.840669883,3529779.676133512,5863398.169035516,-21435644.28351538,phase_formula
1634.1197535649385,0.000124144933036917,6.25,42.254271992053546,1727.160197536826,1684.9059255447723,2365.5267165960386,1634.1197535649385,1847623.256183045,0.6842855583972149,0.5100416575717704,0.323,0.6842855583972149,0.0,465.50605194444944,339.31794284175385,0.0,315.1475971663923,1.0,2.0,0.0,0.0,ok,13150190.656647135,6132503.840669883,3529779.676133512,5847515.963434102,-21435464.719556663,phase_formula
1835.850765193497,0.00013947054358379526,6.25,42.59877848157158,1542.1714768529203,1499.5726983713487,2152.9375040947034,1835.850765193497,1853788.0629441363,0.6842475711302793,0.5100513708824457,0.323,0.6842475711302793,0.0,414.32367646713294,301.99961757124015,0.0,280.49712896824906,1.0,2.0,0.0,0.0,ok,13148608.595015762,6132503.840669883,3529779.676133512,5830714.014640991,-21435262.988545034,phase_formula
2062.485337876194,0.0001566880906993994,6.25,42.943377064997236,1377.547989554573,1334.6046124895756,1961.8368281247804,2062.485337876194,1860324.5600215532,0.6842048786871491,0.5100674120673242,0.323,0.6842048786871491,0.0,368.7755258368376,268.7927505361569,0.0,249.66103099153906,1.0,2.0,0.0,0.0,ok,13146831.030427834,6132503.840669883,3529779.676133512,5812941.023793326,-21435036.353972353,phase_formula
2317.0977998889393,0.0001760311327120671,6.25,43.28806280501518,1231.0519165240394,1187.7638537190242,1789.9486595784458,2317.0977998889393,1867255.3495385193,0.6841568960941171,0.5099391634916284,0.323,0.6841568960941171,0.0,327.9757477693162,238.96095918036798,0.0,222.03958123982707,1.0,2.0,0.0,0.0,ok,13144833.775983486,6132503.840669883,3529779.676133512,5794143.09067782,-21434781.74151034,phase_formula
2603.142003316607,0.00019776206057255997,6.25,43.63283258572725,1100.6913400695753,1057.058507483848,1635.2436037266211,2603.142003316607,1874604.4292176357,0.6841029650761166,0.5099535841244279,0.323,0.6841029650761166,0.0,291.90676012307773,212.67134901365228,0.0,197.62087660332364,1.0,2.0,0.0,0.0,ok,13142589.64517942,6132503.840669883,3529779.676133512,5774263.61489263,-21434495.697306912,phase_formula
2924.49817601829,0.00022217565722238775,6.25,43.97772844604967,984.6932666684071,940.7155382223574,1495.9119647619673,2924.49817601829,1882397.281614185,0.6840423447203186,0.5099770662194756,0.323,0.6840423447203186,0.0,259.8112725020552,189.2813066646414,0.0,175.89223148389135,1.0,2.0,0.0,0.0,ok,13140068.07797861,6132503.840669883,3529779.676133512,5753243.197958756,-21434174.34113421,phase_formula
3200.0,0.00024310567499810073,6.25,44.244577698877144,903.8217655434236,859.5771878445464,1397.6645143548712,3200.0,1888745.7906127335,0.6839903476535487,0.5097927318198189,0.323,0.6839903476535487,0.0,237.16805188697248,172.69205955178413,0.0,160.56277112748037,1.0,2.0,0.0,0.0,ok,13137905.976308176,6132503.840669883,3529779.676133512,5736163.948844132,-21433898.83931023,phase_formula
3285.5255574369426,0.0002496030963638185,6.25,44.322764307553804,881.4795022264625,837.1567379189087,1370.339652351704,3285.5255574369426,1890660.969902864,0.6839742009107577,0.5097960369902566,0.323,0.6839742009107577,0.0,230.98605758189504,168.18790578339127,0.0,156.37756098294295,1.0,2.0,0.0,0.0,ok,13137234.719754998,6132503.840669883,3529779.676133512,5731019.547256126,-21433813.313752793,phase_formula
3691.1215322651688,0.0002804164348754212,6.25,44.66795583744861,789.6452733339702,744.9773174965216,1257.0868326121126,3691.1215322651688,1899424.2400831338,0.6838975943617938,0.5098174471234735,0.323,0.6838975943617938,0.0,205.57571731106881,149.67624684167103,0.0,139.1747606195936,1.0,2.0,0.0,0.0,ok,13134050.947038125,6132503.840669883,3529779.676133512,5707527.382790832,-21433407.717777964,phase_formula
4146.7880641233005,0.0003150336598133633,6.25,45.01331068456255,707.94016134389,662.9268506593276,1154.8688830607357,4146.7880641233005,1908717.6305938824,0.6838114670514019,0.5095797059187522,0.323,0.6838114670514019,0.0,182.70117701870296,132.92542467060662,0.0,123.68869684166191,1.0,2.0,0.0,0.0,ok,13130473.333163043,6132503.840669883,3529779.676133512,5682698.347975329,-21432952.051246107,phase_formula
4658.7063304314215,0.0003539243584617049,6.25,45.358831865677296,635.251143550885,589.8923116852077,1062.5394499412803,4658.7063304314215,1918573.5897759842,0.6837146268236192,0.5095963567832876,0.323,0.6837146268236192,0.0,162.58752770300043,118.27895579448426,0.0,110.07175625493129,1.0,2.0,0.0,0.0,ok,13126453.045991024,6132503.840669883,3529779.676133512,5656460.925779581,-21432440.1329798,phase_formula
5233.820570907399,0.0003976160883466838,6.25,45.704570513503995,570.5875475870687,524.8829770735647,979.0754157893398,5233.820570907399,1929026.6012271312,0.6836057298919294,0.5096281371335137,0.323,0.6836057298919294,0.0,144.69413917922031,105.25264585277165,0.0,97.95793222433215,1.0,2.0,0.0,0.0,ok,13121935.16878613,6132503.840669883,3529779.676133512,5628740.361823635,-21431865.01873932,phase_formula
5879.932287106999,0.0004467015336250854,6.25,46.050552093576755,513.0675383301016,467.0169862365249,903.5633927521744,5879.932287106999,1940113.3196384502,0.6834832609306312,0.5092926021828715,0.323,0.6834832609306312,0.0,128.5107970895192,93.38492064989426,0.0,87.00180962960451,1.0,2.0,0.0,0.0,ok,13116857.934087364,6132503.840669883,3529779.676133512,5599458.596213022,-21431218.90702312,phase_formula
6500.0,0.0004938084023398921,6.25,46.34875607382234,468.64986747390054,422.3011114000782,844.2739808040044,6500.0,1950199.8343735766,0.6833656001646669,0.5093133625331494,0.323,0.6833656001646669,0.0,116.21911383520626,84.4420812561848,0.0,78.68034006643465,1.0,2.0,0.0,0.0,ok,13111983.733582392,6132503.840669883,3529779.676133512,5572925.07503926,-21430598.83931023,phase_formula
6605.806070835401,0.00050184654492406,6.25,46.396805340375714,461.90618426722875,415.50937892685306,835.1877944678703,6605.806070835401,1951872.7159700855,0.6833455103877026,0.5093180948827065,0.323,0.6833455103877026,0.0,114.35290382207953,83.0845605706247,0.0,77.41691588754784,1.0,2.0,0.0,0.0,ok,13111151.858976448,6132503.840669883,3529779.676133512,5568534.206178258,-21430493.033239394,phase_formula
7421.288497006765,0.000563799171693897,6.25,46.743362702154926,416.4048098299456,369.66144712779067,773.2201881541156,7421.288497006765,1964346.233962478,0.6831905485882701,0.509365332702252,0.323,0.6831905485882701,0.0,101.76082508296408,73.92677275670523,0.0,68.89207858116669,1.0,2.0,0.0,0.0,ok,13104738.768471582,6132503.840669883,3529779.676133512,5535882.361875366,-21429677.55081322,phase_formula
8337.44169374924,0.000633399809598818,6.25,47.09026085317297,375.9415178138245,328.8512569606515,717.0098152996011,8337.44169374924,1977577.958855269,0.6830161961199273,0.5088919433733966,0.323,0.6830161961199273,0.0,90.29660153205273,65.50318828428796,0.0,61.13079923719971,1.0,2.0,0.0,0.0,ok,13097530.691833904,6132503.840669883,3529779.676133512,5501414.798028219,-21428761.39761648,phase_formula
9366.693401651874,0.0007115926005965109,6.25,47.43752845743251,339.96274049453905,292.52521203710654,665.9751388921059,9366.693401651874,1991614.8000621276,0.6828199898964853,0.5089309759997449,0.323,0.6828199898964853,0.0,80.33899287827404,58.26791022313023,0.0,54.38949817859152,1.0,2.0,0.0,0.0,ok,13089428.6143019,6132503.840669883,3529779.676133512,5465039.804452791,-21427732.145908576,phase_formula
10523.00555772709,0.0007994382403500031,6.25,47.785219698272314,307.9757635082997,260.19054381002735,619.5963590245344,10523.00555772709,2006506.6871158686,0.6825991441810028,0.5090013140977936,0.323,0.6825991441810028,0.0,71.48564706718551,51.83837136414578,0.0,48.39578306448459,1.0,2.0,0.0,0.0,ok,13080321.064102884,6132503.840669883,3529779.676133512,5426662.238915522,-21426575.8337525,phase_formula
11822.06369095274,0.0008981283667061263,6.25,48.133397601952936,279.5420246530176,231.40862705106466,577.4087041569935,11822.06369095274,2022306.7832414056,0.6823505057066228,0.5083337224052822,0.323,0.6823505057066228,0.0,63.3498112970007,45.844249600312935,0.0,42.887822248069476,1.0,2.0,0.0,0.0,ok,13070082.511445927,6132503.840669883,3529779.676133512,5386183.566214734,-21425276.775619276,phase_formula
13281.489698569587,0.0010090017244222128,6.25,48.48212315077668,254.27115292616202,205.78902977538533,538.9964588307785,13281.489698569587,2039071.7177294202,0.6820705018576324,0.5083936221489377,0.323,0.6820705018576324,0.0,56.35446621650557,40.77062675526783,0.0,38.15197362857427,1.0,2.0,0.0,0.0,ok,13058571.552471656,6132503.840669883,3529779.676133512,5343501.927877705,-21423817.34961166,phase_formula
14921.080889473207,0.0011335623254177018,6.25,48.831465678995684,231.8156825749362,182.9842168959405,503.98766625051013,14921.080889473207,2056861.8377510882,0.6817550806538757,0.5084987301874135,0.323,0.6817550806538757,0.0,50.13787278956456,36.26517339824129,0.0,33.94333987853521,1.0,2.0,0.0,0.0,ok,13045628.846687427,6132503.840669883,3529779.676133512,5298512.247402389,-21422177.758420754,phase_formula
15000.0,0.0011395578515535972,6.25,48.84731129823523,230.8596015949402,182.01229029670495,502.47623929338863,15000.0,2057693.3526629636,0.6817398755624229,0.508504723390624,0.323,0.6817398755624229,0.0,49.87317513321153,36.073416566395174,0.0,33.764139565184216,1.0,2.0,0.0,0.0,ok,13045005.582996996,6132503.840669883,3529779.676133512,5296417.010330852,-21422098.83931023,phase_formula
16763.07853735573,0.0012734998508968874,6.25,49.181504144463105,211.86633990081614,162.68483575635304,472.0494009077247,16763.07853735573,2075741.483487335,0.6813996410067551,0.507557915548205,0.323,0.6813996410067551,0.0,44.34974029319734,31.98514277490375,0.0,30.0247741784946,1.0,2.0,0.0,0.0,ok,13031074.771078764,6132503.840669883,3529779.676133512,5251106.376578868,-21420335.760772873,phase_formula
18832.46958655668,0.0014307125721003326,6.25,49.532328625288066,194.1478482084523,144.61551958316423,442.88356023554206,18832.46958655668,2095779.2889821304,0.6809989513680694,0.5076502579505967,0.323,0.6809989513680694,0.0,39.443564246219864,28.436041974641984,0.0,26.703292994690845,1.0,2.0,0.0,0.0,ok,13014706.74763777,6132503.840669883,3529779.676133512,5201173.289074617,-21418266.36972367,phase_formula
21157.325603303416,0.0016073331006080237,6.25,49.88404208832071,178.41519401002023,128.53115192169952,416.22311493502224,21157.325603303416,2117048.5123447888,0.6805470544517604,0.5078081303563878,0.323,0.6805470544517604,0.0,35.086561121421155,25.287528439347813,0.0,23.753601879202126,1.0,2.0,0.0,0.0,ok,12996296.193194987,6132503.840669883,3529779.676133512,5148599.328187891,-21415941.513706926,phase_formula
23769.183570259636,0.0018057573175005422,6.25,50.236762487462364,164.45030385775217,114.2135413702898,391.82877011531485,23769.183570259636,2139627.398791087,0.6800371551433917,0.5064835642333643,0.323,0.6800371551433917,0.0,30.95466418661091,22.217372118111427,0.0,20.956307654335582,1.0,2.0,0.0,0.0,ok,12975585.030799756,6132503.840669883,3529779.676133512,5093268.516444616,-21413329.65573997,phase_formula
26326.0,0.002,6.25,50.547251047360774,153.49607774259152,102.94882669523075,372.11511398410084,26326.0,2160589.9743653047,0.6795357113602158,0.5066046497496028,0.323,0.6795357113602158,0.0,27.920063910650516,20.03020044882747,0.0,18.901883267510403,1.0,2.0,0.0,0.0,ok,12955281.593950735,6132503.840669883,3529779.676133512,5042339.993985978,-21410772.83931023,phase_formula
26703.473689911352,0.002028676873806226,6.25,50.59060868289099,152.05907017241756,101.46846148952658,369.48597453199216,26703.473689911352,2163599.5883565643,0.6794614879821594,0.5066269371184262,0.323,0.6794614879821594,0.0,27.52192436845017,19.743456900538508,0.0,18.632342797440764,1.0,2.0,0.0,0.0,ok,12952281.689953174,6132503.840669883,3529779.676133512,5035062.935556058,-21410395.36562032,phase_formula
30000.0,0.0022791157031071944,6.25,50.94572884180993,141.068744553559,90.12301571174905,349.00229685720853,30000.0,2189054.5570469694,0.6788111596493196,0.5068657874149594,0.323,0.6788111596493196,0.0,24.47642429549703,17.55188417289982,0.0,16.570539248051496,1.0,2.0,0.0,0.0,ok,12926056.508067336,6132503.840669883,3529779.676133512,4973863.186150006,-21407098.83931023,phase_formula
100.0,7.597052343690648e-06,6.5,31.629052614574828,27609.05822266437,27577.429170049796,29315.832577677927,100.0,1805599.5613783076,0.6967063689395755,0.5173346666123682,0.323,0.6967063689395755,0.0,7916.175042522634,5985.0217075602795,0.0,5359.250503787824,1.0,2.0,0.0,0.0,ok,13162241.8868019,5896638.3083364265,3394018.919359146,5827013.8260852685,-20557232.586844057,phase_formula
112.34493440205146,8.534903472008771e-06,6.5,31.94898838744238,24578.8814229284,24546.93243454096,26220.944956907453,112.34493440205146,1807094.630684103,0.6967042123149834,0.5173355296892805,0.323,0.6967042123149834,0.0,7046.294116563511,5327.342140536666,0.0,4770.341116913498,1.0,2.0,0.0,0.0,ok,13162148.294949679,5896638.3083364265,3394018.919359146,5822818.051866221,-20557220.241909657,phase_formula
126.21384285801246,9.588531706906667e-06,6.5,32.268895927499216,21881.708332852537,21849.439436925037,23460.938619582797,126.21384285801246,1808678.5990399886,0.6967017894050709,0.5173282479474578,0.323,0.6967017894050709,0.0,6271.733064123679,4741.637173981888,0.0,4245.963284411731,1.0,2.0,0.0,0.0,ok,13162043.14860044,5896638.3083364265,3394018.919359146,5818375.354671061,-20557206.3730012,phase_formula
141.79485896514254,1.077222965624421e-05,6.5,32.58881343733071,19480.9471375143,19448.35832407697,20999.219244792475,141.79485896514254,1810356.8580701738,0.6966990673236054,0.5173289568125884,0.323,0.6966990673236054,0.0,5582.539416300293,4220.573869171171,0.0,3779.3791848352985,1.0,2.0,0.0,0.0,ok,13161925.021190196,5896638.3083364265,3394018.919359146,5813671.069588468,-20557190.791985095,phase_formula
159.29934128987077,1.210205434094589e-05,6.5,32.90874605757659,17344.026855771757,17311.11810971418,18803.207220940923,159.29934128987077,1812135.1216295527,0.6966960091210352,0.5173301327505992,0.323,0.6966960091210352,0.0,4969.0869724107215,3756.7779071336263,0.0,3364.0718803220584,1.0,2.0,0.0,0.0,ok,13161792.310002282,5896638.3083364265,3394018.919359146,5808689.694147843,-20557173.28750277,phase_formula
178.96474047500539,1.3596045010636282e-05,6.5,33.22869388878402,15441.955538502101,15408.726844613317,16843.896616815433,178.96474047500539,1814019.44556743,0.6966925732819469,0.5173197542932276,0.323,0.6966925732819469,0.0,4422.776978458966,3343.6518253994545,0.0,2994.22001441672,1.0,2.0,0.0,0.0,ok,13161643.214409797,5896638.3083364265,3394018.919359146,5803414.841651581,-20557153.622103583,phase_formula
201.05782028944645,1.5274467848472724e-05,6.5,33.54865825297831,13748.926995196307,13715.37833694333,15095.462588051283,201.05782028944645,1816016.2486854806,0.6966887131602428,0.5173206997175456,0.323,0.6966887131602428,0.0,3936.753198413138,2976.2037009539717,0.0,2665.1819153256947,1.0,2.0,0.0,0.0,ok,13161475.711429073,5896638.3083364265,3394018.919359146,5797829.192242548,-20557131.52902377,phase_formula
225.87827631437312,1.7160090884629123e-05,6.5,33.868594871939756,12241.970682695319,12208.10208782338,13534.911890756346,225.87827631437312,1818132.334982989,0.6966843763442835,0.5173222994624196,0.323,0.6966843763442835,0.0,3504.1454501887793,2649.143023271913,0.0,2372.3064697778036,1.0,2.0,0.0,0.0,ok,13161287.528251346,5896638.3083364265,3394018.919359146,5791914.441637638,-20557106.708567742,phase_formula
253.76280135386727,1.9278492847669018e-05,6.5,34.1885483262515,10900.640241760933,10866.451693434681,12141.771974245503,253.76280135386727,1820374.9172570081,0.6966795039432698,0.5173075071980627,0.323,0.6966795039432698,0.0,3118.808184105554,2357.7271969861563,0.0,2111.4331406394604,1.0,2.0,0.0,0.0,ok,13161076.111378677,5896638.3083364265,3394018.919359146,5785651.247464251,-20557078.824042704,phase_formula
285.08965271781034,2.1658410143417938e-05,6.5,34.5085209884992,9706.736007807884,9672.227486819384,10897.813988958918,285.08965271781034,1822751.6421581395,0.6966740297850398,0.5173087623689012,0.323,0.6966740297850398,0.0,2776.0687626504314,2098.615274809727,0.0,1879.3985523143417,1.0,2.0,0.0,0.0,ok,13160838.591943525,5896638.3083364265,3394018.919359146,5779019.173105233,-20557047.49719134,phase_formula
320.28378333286037,2.4332126668150144e-05,6.5,34.82851373599728,8644.058170701164,8609.229656965166,9786.806396549839,320.28378333286037,1825270.6167887587,0.6966678795142154,0.517310935815387,0.323,0.6966678795142154,0.0,2471.00069615138,1867.986373779626,0.0,1672.8674712944844,1.0,2.0,0.0,0.0,ok,13160571.746739373,5896638.3083364265,3394018.919359146,5771996.6290091565,-20557012.303060725,phase_formula
359.8226062857106,2.733591174395735e-05,6.5,35.14852809782448,7698.187024301041,7663.038496203217,8794.29562316581,359.8226062857106,1827940.4369485462,0.6966609695782364,0.5172898544806481,0.323,0.6966609695782364,0.0,2199.1885292569095,1662.4060251209933,0.0,1488.850634306928,1.0,2.0,0.0,0.0,ok,13160271.954430783,5896638.3083364265,3394018.919359146,5764560.8113886295,-20556972.764237773,phase_formula
404.24247099543345,3.071051211695156e-05,6.5,35.4685203505238,6856.287315296482,6820.818794945958,7907.410772044573,404.24247099543345,1830770.2171361705,0.6966532060872349,0.5172915136478399,0.323,0.6966532060872349,0.0,1957.4995686671868,1479.6975796121014,0.0,1325.2272079876855,1.0,2.0,0.0,0.0,ok,13159935.146345299,5896638.3083364265,3394018.919359146,5756687.638271832,-20556928.344373062,phase_formula
454.1459388650521,3.4501704692323335e-05,6.5,35.78853715849427,6106.934267511571,6071.145730353077,7114.689970976159,454.1459388650521,1833769.6224085982,0.696644483531917,0.517294460130795,0.323,0.696644483531917,0.0,1742.3781123402255,1317.0766181536385,0.0,1179.5899820543327,1.0,2.0,0.0,0.0,ok,13159556.751175068,5896638.3083364265,3394018.919359146,5748351.682851865,-20556878.440905195,phase_formula
510.20995710752294,3.876091750418012e-05,6.5,36.108580653237276,5439.958467735557,5403.84988708232,6405.925550535236,510.20995710752294,1836948.9022476869,0.6966346833415958,0.5172644154728238,0.323,0.6966346833415958,0.0,1550.6288620634132,1172.0312513917938,0.0,1049.7757396169309,1.0,2.0,0.0,0.0,ok,13159131.632832194,5896638.3083364265,3394018.919359146,5739526.104119712,-20556822.37688695,phase_formula
520.0,3.950467218719137e-05,6.5,36.16083840480644,5338.242807621796,5302.081969216989,6297.5339132348845,520.0,1837485.8355006431,0.6966329719158803,0.5172646639799118,0.323,0.6966329719158803,0.0,1521.4286146881632,1149.9581854448893,0.0,1030.0071721438865,1.0,2.0,0.0,0.0,ok,13159057.396431442,5896638.3083364265,3394018.919359146,5738036.638971552,-20556812.586844057,phase_formula
573.1950416251822,4.354592734370449e-05,6.5,36.42865295677807,4846.307960767519,4809.879307810741,5772.0264017830705,573.1950416251822,1840318.9265431343,0.6966236722622303,0.5172665993255351,0.323,0.6966236722622303,0.0,1380.2051643938714,1043.2059277114402,0.0,934.3988962946511,1.0,2.0,0.0,0.0,ok,13158654.020607566,5896638.3083364265,3394018.919359146,5730182.574759702,-20556759.391802434,phase_formula
643.9555935096224,4.892164350904979e-05,6.5,36.74875625555892,4317.9254584790515,4281.176702223493,5204.895416961369,643.9555935096224,1843891.2238414073,0.6966113005317256,0.5172705882203347,0.323,0.6966113005317256,0.0,1228.5180446324234,928.5471836360684,0.0,831.7067162161507,1.0,2.0,0.0,0.0,ok,13158117.430676453,5896638.3083364265,3394018.919359146,5720291.206311756,-20556688.63125055,phase_formula
723.4514891067264,5.4960988308647454e-05,6.5,37.068851145596945,3847.6389999389485,3810.5701487933516,4697.320358139952,723.4514891067264,1847678.0220255163,0.6965973998268076,0.5172277715423408,0.323,0.6965973998268076,0.0,1093.2327153706033,826.1937910310739,0.0,740.1185483058986,1.0,2.0,0.0,0.0,ok,13157514.577874344,5896638.3083364265,3394018.919359146,5709820.471633434,-20556609.13535495,phase_formula
812.7611008676171,6.174588626206921e-05,6.5,37.38898065789607,3429.0647873641874,3391.6758067062915,4242.8768798040965,812.7611008676171,1851692.2915415876,0.6965817809524392,0.5172306280623051,0.323,0.6965817809524392,0.0,973.0684226296725,735.369217486972,0.0,658.7673221202884,1.0,2.0,0.0,0.0,ok,13156837.276531542,5896638.3083364265,3394018.919359146,5698737.124705289,-20556519.82574319,phase_formula
913.0959256151148,6.93683754170869e-05,6.5,37.70915045311656,3056.520468660325,3018.8113182072084,3835.8419771572494,913.0959256151148,1855947.7914276067,0.6965642312409399,0.5172360150888489,0.323,0.6965642312409399,0.0,866.1179922506395,654.5355391290154,0.0,586.3618807536831,1.0,2.0,0.0,0.0,ok,13156076.329002548,5896638.3083364265,3394018.919359146,5687006.117856721,-20556419.490918443,phase_formula
1025.8170186601064,7.793185585809515e-05,6.5,38.02936420295657,2724.9480908599658,2686.9187266570093,3471.1170845776223,1025.8170186601064,1860459.1182680938,0.696544511623639,0.5171750026681668,0.323,0.696544511623639,0.0,770.6535464073445,582.2904678026919,0.0,521.7324509177723,1.0,2.0,0.0,0.0,ok,13155221.400354598,5896638.3083364265,3394018.919359146,5674590.516533615,-20556306.7698254,phase_formula
1152.4534566987763,8.755249234207827e-05,6.5,38.349626082978524,2429.8454907573055,2391.495864674327,3144.1595969946816,1152.4534566987763,1865241.7583018476,0.6965223533329497,0.5171787189169316,0.323,0.6965223533329497,0.0,685.9344214144762,518.2657184955576,0.0,464.3776032976004,1.0,2.0,0.0,0.0,ok,13154260.877485545,5896638.3083364265,3394018.919359146,5661451.411747402,-20556180.13338736,phase_formula
1294.7230799424149,9.836079008906897e-05,6.5,38.669908431982044,2167.205190064623,2128.535281632641,2850.9218789626757,1294.7230799424149,1870312.1429321824,0.6964974541871106,0.5171859810199912,0.323,0.6964974541871106,0.0,610.5342862621831,461.2869757939257,0.0,413.3317117994979,1.0,2.0,0.0,0.0,ok,13153181.710722324,5896638.3083364265,3394018.919359146,5647547.830408325,-20556037.863764115,phase_formula
1300.0,9.876168046797843e-05,6.5,38.68109095043176,2158.5698981915293,2119.8888072410978,2841.239686730205,1300.0,1870494.728227366,0.6964965305428242,0.5171863077029849,0.323,0.6964965305428242,0.0,608.0552145037425,459.4136410160255,0.0,411.6533802190337,1.0,2.0,0.0,0.0,ok,13153141.681983422,5896638.3083364265,3394018.919359146,5647047.659887942,-20556032.586844057,phase_formula
1454.5557948495277,0.00011050336510290418,6.5,38.99023913953138,1933.4601211957686,1894.469882056237,2587.79709092049,1454.5557948495277,1875687.7077766259,0.6964694744033724,0.5171976106261996,0.323,0.6964694744033724,0.0,543.4291351530567,410.5799968922253,0.0,367.90152449861944,1.0,2.0,0.0,0.0,ok,13151969.2357035,5896638.3083364265,3394018.919359146,5632836.643786642,-20555878.031049207,phase_formula
1634.1197535649385,0.000124144933036917,6.5,39.310634517487145,1725.4351720100021,1686.124537492515,2351.570820812412,1634.1197535649385,1881386.9556606805,0.6964380318780061,0.5171038390446765,0.323,0.6964380318780061,0.0,483.4316777470111,365.1513417751992,0.0,327.2832458347266,1.0,2.0,0.0,0.0,ok,13150606.973069394,5896638.3083364265,3394018.919359146,5617272.474405586,-20555698.467090495,phase_formula
1835.850765193497,0.00013947054358379526,6.5,39.631101284189285,1540.3041167533179,1500.6730154691286,2139.3780915916327,1835.850765193497,1887429.5237571667,0.6964026968629882,0.5171136123021655,0.323,0.6964026968629882,0.0,430.2822155348538,324.9961643238536,0.0,291.30105991709604,1.0,2.0,0.0,0.0,ok,13149076.403166143,5896638.3083364265,3394018.919359146,5600807.601741796,-20555496.736078866,phase_formula
2062.485337876194,0.0001566880906993994,6.5,39.95164698467211,1375.5512882562334,1335.5996412715613,1948.665099331133,2062.485337876194,1893836.2551633446,0.6963629859594048,0.51712951949491,0.323,0.6963629859594048,0.0,382.9827423893977,289.2641057231545,0.0,259.2793165976223,1.0,2.0,0.0,0.0,ok,13147356.71261094,5896638.3083364265,3394018.919359146,5583391.867183296,-20555270.10150618,phase_formula
2317.0977998889393,0.0001760311327120671,6.5,40.272269144603406,1228.9374416224528,1188.6651724778494,1777.1551336206626,2317.0977998889393,1900629.2753105012,0.6963183553362937,0.516995894161318,0.323,0.6963183553362937,0.0,340.6147163859052,257.165049712325,0.0,230.59616299325782,1.0,2.0,0.0,0.0,ok,13145424.509158215,5896638.3083364265,3394018.919359146,5564972.578779723,-20555015.48904417,phase_formula
2603.142003316607,0.00019776206057255997,6.5,40.592960429449626,1098.469383763405,1057.8764233339552,1622.8182536036907,2603.142003316607,1907832.073534673,0.6962681930705045,0.517009019832844,0.323,0.6962681930705045,0.0,303.1574121053106,228.8745925720188,0.0,205.23756799529528,1.0,2.0,0.0,0.0,ok,13143253.500843983,5896638.3083364265,3394018.919359146,5545494.416423982,-20554729.44484074,phase_formula
2924.49817601829,0.00022217565722238775,6.5,40.913760437357034,982.3729873575937,941.4592269202367,1483.8443437591113,2924.49817601829,1915469.5900061848,0.69621181048792,0.5170307607120964,0.323,0.69621181048792,0.0,269.8257754486791,203.7035025890737,0.0,182.67204997875572,1.0,2.0,0.0,0.0,ok,13140814.134859644,5896638.3083364265,3394018.919359146,5524899.338221131,-20554408.08866804,phase_formula
3200.0,0.00024310567499810073,6.5,41.161953032898055,901.4310716617827,860.2691186288846,1385.866193800521,3200.0,1921691.3854816882,0.6961634496871971,0.5168378086419173,0.323,0.6961634496871971,0.0,246.31119763269797,185.85259886622637,0.0,166.75268079733655,1.0,2.0,0.0,0.0,ok,13138722.5487978,5896638.3083364265,3394018.919359146,5508166.435213505,-20554132.586844057,phase_formula
3285.5255574369426,0.0002496030963638185,6.5,41.234681353725605,879.0690496907971,837.8343683370715,1358.619004639074,3285.5255574369426,1923568.309019382,0.6961484323686012,0.5168403622153708,0.323,0.6961484323686012,0.0,239.89086770301955,181.0052025065848,0.0,162.40611743494426,1.0,2.0,0.0,0.0,ok,13138073.191007761,5896638.3083364265,3394018.919359146,5503126.488914933,-20554047.06128662,phase_formula
3691.1215322651688,0.0002804164348754212,6.5,41.555736889734995,787.1518993296568,745.5961624399217,1245.702187160694,3691.1215322651688,1932156.3585106903,0.6960771858576353,0.5168579745560047,0.323,0.6960771858576353,0.0,213.50038683505622,161.08229096628864,0.0,144.53976188733307,1.0,2.0,0.0,0.0,ok,13134993.323909542,5896638.3083364265,3394018.919359146,5480112.111407207,-20553641.46531179,phase_formula
4146.7880641233005,0.0003150336598133633,6.5,41.87694247901134,705.3703280067311,663.4933855277199,1143.8091454400912,4146.7880641233005,1941263.6166583798,0.6959970878990633,0.5168876966549341,0.323,0.6959970878990633,0.0,190.01950408530826,143.35927784773764,0.0,128.6432042657537,1.0,2.0,0.0,0.0,ok,13131532.54735372,5896638.3083364265,3394018.919359146,5455789.462550442,-20553185.798779935,phase_formula
4658.7063304314215,0.0003539243584617049,6.5,42.19831405241111,632.6106163725577,590.4123023201466,1051.7934791993794,4658.7063304314215,1950921.8261134382,0.6959070309815134,0.5166164565116664,0.323,0.6959070309815134,0.0,168.8530839824542,127.2910095137416,0.0,114.31353785612151,1.0,2.0,0.0,0.0,ok,13127643.653283797,5896638.3083364265,3394018.919359146,5430088.734593419,-20552673.880513627,phase_formula
5233.820570907399,0.0003976160883466838,6.5,42.51984301601421,567.8814009981256,525.3615579821114,968.6320123301634,5233.820570907399,1961164.7167835217,0.6958057669501255,0.5166400646440055,0.323,0.6958057669501255,0.0,150.26742400167132,113.26926758699503,0.0,101.73104604913146,1.0,2.0,0.0,0.0,ok,13123273.556896277,5896638.3083364265,3394018.919359146,5402936.983855981,-20552098.766273152,phase_formula
5879.932287106999,0.0004467015336250854,6.5,42.84158304722425,510.3003133005336,467.45873025330934,893.4114394150477,5879.932287106999,1972028.1363883559,0.695691888598917,0.5166807087236752,0.323,0.695691888598917,0.0,133.73373437892215,100.79896737171391,0.0,90.53773817453029,1.0,2.0,0.0,0.0,ok,13118362.558144918,5896638.3083364265,3394018.919359146,5374258.068451059,-20551452.654556952,phase_formula
6500.0,0.0004938084023398921,6.5,43.118891296786366,465.83330149875627,422.7144102019699,834.3642212326995,6500.0,1981911.1054319306,0.6955824875661912,0.5162916087817254,0.323,0.6955824875661912,0.0,120.69002718339284,90.86829924493149,0.0,81.70714840315696,1.0,2.0,0.0,0.0,ok,13113648.103972895,5896638.3083364265,3394018.919359146,5348272.606171982,-20550832.586844057,phase_formula
6605.806070835401,0.00050184654492406,6.5,43.16355928349108,459.0819185436367,415.91835926014556,825.3162686962597,6605.806070835401,1983550.1925531882,0.6955638087094308,0.5162943727874852,0.323,0.6955638087094308,0.0,118.75137132051667,89.40676372882588,0.0,80.3946783839898,1.0,2.0,0.0,0.0,ok,13112843.50858789,5896638.3083364265,3394018.919359146,5343972.597125099,-20550726.780773222,phase_formula
7421.288497006765,0.000563799171693897,6.5,43.485800101429696,413.527092733538,370.0412926321083,763.6182004279709,7421.288497006765,1995771.4045633466,0.6954197361435577,0.5163260504077004,0.323,0.6954197361435577,0.0,105.6700466651781,79.5468183667451,0.0,71.53862159232558,1.0,2.0,0.0,0.0,ok,13106640.870944023,5896638.3083364265,3394018.919359146,5311997.891585159,-20549911.298347052,phase_formula
8337.44169374924,0.000633399809598818,6.5,43.80833756001953,373.0135389468064,329.2052013867869,707.666640537955,8337.44169374924,2008734.8671847512,0.6952576485285276,0.5163817312532146,0.323,0.6952576485285276,0.0,94.03585196711963,70.78098459709315,0.0,63.66227178173999,1.0,2.0,0.0,0.0,ok,13099669.656901836,5896638.3083364265,3394018.919359146,5278247.965001744,-20548995.145150308,phase_formula
9366.693401651874,0.0007115926005965109,6.5,44.13120791107419,336.98734584015386,292.8561379290797,656.8802551370962,9366.693401651874,2022486.4273487101,0.6950752609873316,0.5158316435122997,0.323,0.6950752609873316,0.0,83.41496364775361,62.68695532249958,0.0,56.47193038952919,1.0,2.0,0.0,0.0,ok,13091834.226602087,5896638.3083364265,3394018.919359146,5242633.5197429955,-20547965.893442407,phase_formula
10523.00555772709,0.0007994382403500031,6.5,44.45445218880083,304.95547383504703,260.5010216462462,610.7394492298785,10523.00555772709,2037074.8752281177,0.694869990264525,0.51587426461596,0.323,0.694869990264525,0.0,74.2155730896987,55.76212696827503,0.0,50.243942981726015,1.0,2.0,0.0,0.0,ok,13083026.930732079,5896638.3083364265,3394018.919359146,5205061.967790724,-20546809.58128633,phase_formula
11822.06369095274,0.0008981283667061263,6.5,44.778116892691834,276.4790670556819,231.70095016299007,568.7796710566731,11822.06369095274,2052552.1511259822,0.6946389134707065,0.5159507763135394,0.323,0.6946389134707065,0.0,66.03674772013828,49.60886488677601,0.0,44.70687820653362,1.0,2.0,0.0,0.0,ok,13073126.573253807,5896638.3083364265,3394018.919359146,5165437.477741664,-20545510.523153104,phase_formula
13281.489698569587,0.0010090017244222128,6.5,45.10225478095984,251.16750030134975,206.0652455203899,530.5854479721954,13281.489698569587,2068973.5699051924,0.6943787205127238,0.5151678536510731,0.323,0.6943787205127238,0.0,58.492047184246275,43.841425266880854,0.0,39.59911594373473,1.0,2.0,0.0,0.0,ok,13061996.669345004,5896638.3083364265,3394018.919359146,5123661.05277993,-20544051.09714549,phase_formula
14921.080889473207,0.0011335623254177018,6.5,45.42692579532982,228.67308030645384,183.24615451112402,495.7850761961013,14921.080889473207,2086398.065113627,0.6940856590827529,0.5152255438694624,0.323,0.6940856590827529,0.0,52.03041611948056,38.986619251689866,0.0,35.22459171288835,1.0,2.0,0.0,0.0,ok,13049483.469046136,5896638.3083364265,3394018.919359146,5079630.644555082,-20542411.505954586,phase_formula
15000.0,0.0011395578515535972,6.5,45.44164423243925,227.7152652078567,182.27362097541746,494.2828642604152,15000.0,2087212.4636074998,0.6940715330129561,0.5152292094441255,0.323,0.6940715330129561,0.0,51.755264494272765,38.77997122262262,0.0,35.03831406262266,1.0,2.0,0.0,0.0,ok,13048880.916704046,5896638.3083364265,3394018.919359146,5077580.211073829,-20542332.586844057,phase_formula
16763.07853735573,0.0012734998508968874,6.5,45.7521981423953,208.68632941859943,162.9341312762041,464.0458914984953,16763.07853735573,2104888.4551846655,0.6937554708371605,0.5153312340686286,0.323,0.6937554708371605,0.0,46.28851187629582,34.67588766545946,0.0,31.337322540252273,1.0,2.0,0.0,0.0,ok,13035413.712226938,5896638.3083364265,3394018.919359146,5033241.308490379,-20540569.508306704,phase_formula
18832.46958655668,0.0014307125721003326,6.5,46.07814956594709,190.93178773159406,144.85363816564697,435.07005727443027,18832.46958655668,2124511.7343899026,0.6933833170914082,0.5142175778818392,0.323,0.6933833170914082,0.0,40.913680705180724,30.55007835775611,0.0,27.698561837407354,1.0,2.0,0.0,0.0,ok,13019592.074622562,5896638.3083364265,3394018.919359146,4984385.406693111,-20538500.117257502,phase_formula
21157.325603303416,0.0016073331006080237,6.5,46.40486884331145,175.1642767375023,128.75940789419084,408.59081334465156,21157.325603303416,2145339.391471049,0.6929636919713998,0.5142965400268662,0.323,0.6929636919713998,0.0,36.382908753421965,27.155215813186636,0.0,24.63122922606667,1.0,2.0,0.0,0.0,ok,13001798.257592088,5896638.3083364265,3394018.919359146,4932952.865351035,-20536175.261240754,phase_formula
23769.183570259636,0.0018057573175005422,6.5,46.73245755604393,161.1655738345647,114.43311627852077,384.3691348799357,23769.183570259636,2167447.7609637165,0.6924903204693349,0.5144437981352389,0.323,0.6924903204693349,0.0,32.35969041774218,24.14396026174685,0.0,21.907510412811458,1.0,2.0,0.0,0.0,ok,12981783.665595718,5896638.3083364265,3394018.919359146,4878831.494260042,-20533563.4032738,phase_formula
26326.0,0.002,6.5,47.020805721395895,150.18246918205656,103.16166346066066,364.80025311235966,26326.0,2187971.8635931253,0.6920249169520343,0.5128533395775203,0.323,0.6920249169520343,0.0,28.92996502862434,21.486482006649013,0.0,19.58558632437868,1.0,2.0,0.0,0.0,ok,12962165.949386304,5896638.3083364265,3394018.919359146,4829023.702078711,-20531006.586844057,phase_formula
26703.473689911352,0.002028676873806226,6.5,47.06103219511582,148.74145260425718,101.68042040914135,362.19075650755906,26703.473689911352,2190918.409737517,0.6919560382190282,0.5128610414515282,0.323,0.6919560382190282,0.0,28.515731926305477,21.17706838571255,0.0,19.305150514108806,1.0,2.0,0.0,0.0,ok,12959267.6047395,5896638.3083364265,3394018.919359146,4821907.376955818,-20530629.113154147,phase_formula
30000.0,0.0022791157031071944,6.5,47.390726673247414,137.71904873654609,90.32832206329867,341.8635215325858,30000.0,2215838.5659770523,0.6913526489848397,0.5129711738197701,0.323,0.6913526489848397,0.0,25.346790799904124,18.811926285571268,0.0,17.159777371535096,1.0,2.0,0.0,0.0,ok,12933932.922520624,5896638.3083364265,3394018.919359146,4762065.340806866,-20527332.586844057,phase_formula
100.0,7.597052343690648e-06,6.75,29.569475090927153,27570.968686125812,27541.399211034885,29245.93558460531,100.0,1836944.7128300169,0.7079399572602925,0.5239533021069309,0.323,0.7079399572602925,0.0,8175.088797788299,6382.123332125741,0.0,5534.535116102679,1.0,2.0,0.0,0.0,ok,13162264.008974858,5678244.296916558,3268314.514938437,5609926.4744877,-19744642.830403924,phase_formula
112.34493440205146,8.534903472008771e-06,6.75,29.868555171486598,24544.743456093347,24514.87490092186,26156.211691034463,112.34493440205146,1838411.692585866,0.7079379411235849,0.5239540824572596,0.323,0.7079379411235849,0.0,7276.756561697569,5680.807076946435,0.0,4926.364192269254,1.0,2.0,0.0,0.0,ok,13162173.148410063,5678244.296916558,3268314.514938437,5605809.774710001,-19744630.485469524,phase_formula
126.21384285801246,9.588531706906667e-06,6.75,30.16763902189724,21851.085461270344,21820.917822248448,23400.89751224457,126.21384285801246,1839965.8921124628,0.707935676050325,0.5239464286932682,0.323,0.707935676050325,0.0,6476.861901314789,5056.241733553992,0.0,4384.835507190112,1.0,2.0,0.0,0.0,ok,13162071.070600502,5678244.296916558,3268314.514938437,5601450.846845064,-19744616.616561066,phase_formula
141.79485896514254,1.077222965624421e-05,6.75,30.466727701230813,19453.450814803975,19422.984087102745,20943.44670199069,141.79485896514254,1841612.6000989485,0.7079331312974513,0.5239469760864196,0.323,0.7079331312974513,0.0,5765.125434088542,4500.604657679853,0.0,3902.9899188779427,1.0,2.0,0.0,0.0,ok,13161956.390635842,5678244.296916558,3268314.514938437,5596835.30985435,-19744601.03554496,phase_formula
159.29934128987077,1.210205434094589e-05,6.75,30.7658214204599,17319.31122522197,17288.54540380151,18751.32250102383,159.29934128987077,1843357.4211786422,0.7079302723235426,0.5239479569525465,0.323,0.7079302723235426,0.0,5131.606909269202,4006.033947267954,0.0,3474.097877575251,1.0,2.0,0.0,0.0,ok,13161827.552600458,5678244.296916558,3268314.514938437,5591947.961995807,-19744583.531062637,phase_formula
178.96474047500539,1.3596045010636282e-05,6.75,31.06492077943791,15419.712747044216,15388.647826264778,16795.55724189121,178.96474047500539,1845206.2952891858,0.7079270603190873,0.5239369631347536,0.323,0.7079270603190873,0.0,4567.427121063324,3565.496092016359,0.0,3092.1481609598704,1.0,2.0,0.0,0.0,ok,13161682.8084527,5678244.296916558,3268314.514938437,5586772.735171572,-19744563.86566345,phase_formula
201.05782028944645,1.5274467848472724e-05,6.75,31.36402673825933,13728.883016604992,13697.518989866732,15050.360257770082,201.05782028944645,1847165.5182052166,0.7079234516785489,0.5239375808046876,0.323,0.7079234516785489,0.0,4065.504178508255,3173.664777570582,0.0,2752.3463288500884,1.0,2.0,0.0,0.0,ok,13161520.194294149,5678244.296916558,3268314.514938437,5581292.647077907,-19744541.772583637,phase_formula
225.87827631437312,1.7160090884629123e-05,6.75,31.663139591498062,12223.881645455622,12192.218505864124,13492.768884447416,225.87827631437312,1849241.7633241573,0.7079193974069826,0.5239387935936412,0.323,0.7079193974069826,0.0,3618.7439849311713,2824.9001616340374,0.0,2449.889677798403,1.0,2.0,0.0,0.0,ok,13161337.50370594,5678244.296916558,3268314.514938437,5575489.751081296,-19744516.95212761,phase_formula
253.76280135386727,1.9278492847669018e-05,6.75,31.96226062434338,10884.289032580535,10852.326771956192,12102.337818293301,253.76280135386727,1851442.1047820102,0.7079148424530565,0.5239407390550805,0.323,0.7079148424530565,0.0,3221.085025146401,2514.4698935952356,0.0,2180.674562024114,1.0,2.0,0.0,0.0,ok,13161132.25778917,5678244.296916558,3268314.514938437,5569345.083765399,-19744489.06760257,phase_formula
285.08965271781034,2.1658410143417938e-05,6.75,32.261390496520164,9691.92936814623,9659.66797764971,10860.862610445518,285.08965271781034,1853774.0419889106,0.7079097249592969,0.5239236560806784,0.323,0.7079097249592969,0.0,2866.8475725182157,2237.838381688062,0.0,1940.8558065948318,1.0,2.0,0.0,0.0,ok,13160901.671501458,5678244.296916558,3268314.514938437,5562838.610058903,-19744457.740751207,phase_formula
320.28378333286037,2.4332126668150144e-05,6.75,32.56053027366793,8630.624077233377,8598.06354695971,9752.133551627749,320.28378333286037,1856245.525673309,0.7079039754192269,0.5239251235320422,0.323,0.7079039754192269,0.0,2551.7976075468678,1991.9026676583694,0.0,1727.5669803092292,1.0,2.0,0.0,0.0,ok,13160642.615830895,5678244.296916558,3268314.514938437,5555949.165901497,-19744422.546620592,phase_formula
359.8226062857106,2.733591174395735e-05,6.75,32.85967753374829,7685.972351397219,7653.112673863471,8761.7166001493,359.8226062857106,1858864.9855346573,0.7078975157297602,0.5239275987582387,0.323,0.7078975157297602,0.0,2271.376000865037,1773.0020271742555,0.0,1537.7215525856304,1.0,2.0,0.0,0.0,ok,13160351.575291842,5678244.296916558,3268314.514938437,5548654.398386015,-19744383.00779764,phase_formula
404.24247099543345,3.071051211695156e-05,6.75,33.158833534301976,6845.155806975902,6811.9969734416,7876.758394642139,404.24247099543345,1861641.3596087329,0.7078902581257347,0.5239030573515248,0.323,0.7078902581257347,0.0,2021.4933805520682,1577.8425126520092,0.0,1368.5510186337501,1.0,2.0,0.0,0.0,ok,13160024.600162711,5678244.296916558,3268314.514938437,5540930.703328794,-19744338.58793293,phase_formula
454.1459388650521,3.4501704692323335e-05,6.75,33.458003647570685,6096.764602420499,6063.306598772928,7085.812691289329,454.1459388650521,1864584.1254591495,0.707882103981808,0.5239047806285827,0.323,0.707882103981808,0.0,1799.3312881983945,1404.4262836029936,0.0,1218.1472821103132,1.0,2.0,0.0,0.0,ok,13159657.252813803,5678244.296916558,3268314.514938437,5532753.160238349,-19744288.68446506,phase_formula
510.20995710752294,3.876091750418012e-05,6.75,33.75718971666249,5430.642654552372,5396.885464835709,6378.685868035579,510.20995710752294,1867703.333314187,0.7078729424650472,0.5239078890905252,0.323,0.7078729424650472,0.0,1601.5906446137078,1250.0763822678236,0.0,1084.2768664034802,1.0,2.0,0.0,0.0,ok,13159244.547392048,5678244.296916558,3268314.514938437,5524095.464655515,-19744232.620446816,phase_formula
520.0,3.950467218719137e-05,6.75,33.80603902244084,5329.056986275701,5295.25094725326,6270.549439904218,520.0,1868230.1176574999,0.707871342576152,0.5239085489227195,0.323,0.707871342576152,0.0,1571.434540611977,1226.5378363765114,0.0,1063.8611839943085,1.0,2.0,0.0,0.0,ok,13159172.478703523,5678244.296916558,3268314.514938437,5522634.349510886,-19744222.830403924,phase_formula
573.1950416251822,4.354592734370449e-05,6.75,34.056393562587346,4837.749873419007,4803.693479856419,5746.299412440001,573.1950416251822,1871009.641275954,0.7078626490194164,0.5238726395651911,0.323,0.7078626490194164,0.0,1425.3036764562144,1112.374546533674,0.0,964.9305889608572,1.0,2.0,0.0,0.0,ok,13158780.882037936,5678244.296916558,3268314.514938437,5514929.857858606,-19744169.6353623,phase_formula
643.9555935096224,4.892164350904979e-05,6.75,34.3556172989655,4310.039532555312,4275.683915256346,5180.567523284307,643.9555935096224,1874514.3527414768,0.70785108366094,0.5238745773105152,0.323,0.70785108366094,0.0,1268.650220369996,990.1022677470421,0.0,858.8761991904873,1.0,2.0,0.0,0.0,ok,13158259.962707067,5678244.296916558,3268314.514938437,5505227.053948444,-19744098.874810416,phase_formula
723.4514891067264,5.4960988308647454e-05,6.75,34.654863402431616,3840.34911410495,3805.6942507025183,4674.288160096975,723.4514891067264,1878229.4561848515,0.7078380890595881,0.5238784172046447,0.323,0.7078380890595881,0.0,1129.2198485168951,881.2764035046722,0.0,764.4818374459381,1.0,2.0,0.0,0.0,ok,13157674.717552593,5678244.296916558,3268314.514938437,5494956.164339313,-19744019.37891482,phase_formula
812.7611008676171,6.174588626206921e-05,6.75,34.95413463985705,3422.303148201606,3387.349013561749,4221.046063776872,812.7611008676171,1882167.6674560783,0.7078234883808086,0.5238845996131354,0.323,0.7078234883808086,0.0,1005.1200152722316,784.4194032862104,0.0,680.4662503393008,1.0,2.0,0.0,0.0,ok,13157017.200694129,5678244.296916558,3268314.514938437,5484084.619717173,-19743930.069303058,phase_formula
913.0959256151148,6.93683754170869e-05,6.75,35.25343402016203,3050.2267287820646,3014.9732947619027,3815.126436502546,913.0959256151148,1886342.474770012,0.7078070828560973,0.5238298287032013,0.323,0.7078070828560973,0.0,894.3819354974288,697.8929965474205,0.0,605.4965703317594,1.0,2.0,0.0,0.0,ok,13156278.484051296,5678244.296916558,3268314.514938437,5472578.089544584,-19743829.73447831,phase_formula
1025.8170186601064,7.793185585809515e-05,6.75,35.552764961523145,2719.0685328529426,2683.5157678914193,3451.4381029467745,1025.8170186601064,1890768.1865704134,0.707788649047971,0.5238344705971746,0.323,0.707788649047971,0.0,796.0745473909064,621.1726990930887,0.0,538.9424685836437,1.0,2.0,0.0,0.0,ok,13155448.535753803,5678244.296916558,3268314.514938437,5460400.39924141,-19743717.013385266,phase_formula
1152.4534566987763,8.755249234207827e-05,6.75,35.85213134667715,2424.3322986276917,2388.4801672810145,3125.445116348117,1152.4534566987763,1895459.982463431,0.7077679357701159,0.5238423361361905,0.323,0.7077679357701159,0.0,708.5789314795832,552.8933694578369,0.0,479.70793661167784,1.0,2.0,0.0,0.0,ok,13154516.083452413,5678244.296916558,3268314.514938437,5447513.445188391,-19743590.376947228,phase_formula
1294.7230799424149,9.836079008906897e-05,6.75,36.151537539141735,2162.0158330975405,2125.8642955583987,2833.105878067612,1294.7230799424149,1900433.96743906,0.7077446606182468,0.5237636597986842,0.323,0.7077446606182468,0.0,630.4228895297722,491.8045011459742,0.0,426.79629621165583,1.0,2.0,0.0,0.0,ok,13153468.460643357,5678244.296916558,3268314.514938437,5433877.107766377,-19743448.10732398,phase_formula
1300.0,9.876168046797843e-05,6.75,36.16201484870344,2153.3911706343088,2117.229155785605,2823.453979437568,1300.0,1900613.0796270224,0.707743797221611,0.5237637865913117,0.323,0.707743797221611,0.0,627.8625441610695,489.80664754207186,0.0,425.06294239704414,1.0,2.0,0.0,0.0,ok,13153429.602065464,5678244.296916558,3268314.514938437,5433386.559247471,-19743442.830403924,phase_formula
1454.5557948495277,0.00011050336510290418,6.75,36.450988434402205,1928.5567217398493,1892.105733305447,2570.818946246947,1454.5557948495277,1905707.2296168348,0.7077185060612223,0.5237691076080364,0.323,0.7077185060612223,0.0,561.117251958322,437.7264746534281,0.0,379.8763795757839,1.0,2.0,0.0,0.0,ok,13152291.433879573,5678244.296916558,3268314.514938437,5419449.162679183,-19743288.274609074,phase_formula
1634.1197535649385,0.000124144933036917,6.75,36.75048952166331,1720.7840038836387,1684.0335143619754,2335.3747959616626,1634.1197535649385,1911297.9017483874,0.7076891150350877,0.5237789887685796,0.323,0.7076891150350877,0.0,499.43655253470433,389.60138634675945,0.0,338.1185460659949,1.0,2.0,0.0,0.0,ok,13150969.008471742,5678244.296916558,3268314.514938437,5404185.190878813,-19743108.710650362,phase_formula
1835.850765193497,0.00013947054358379526,6.75,37.050046969015426,1535.8751582141294,1498.825111245114,2123.91288072925,1835.850765193497,1917225.2267796313,0.7076560859748452,0.5236659969498096,0.323,0.7076560859748452,0.0,444.2588407701776,346.45227233498076,0.0,300.7632352014102,1.0,2.0,0.0,0.0,ok,13149483.20997624,5678244.296916558,3268314.514938437,5388038.487470178,-19742906.979638733,phase_formula
2062.485337876194,0.0001566880906993994,6.75,37.34966772894799,1371.3178149147222,1333.9681471857743,1933.883408436462,2062.485337876194,1923509.6277400143,0.7076189672096678,0.5236721220400888,0.323,0.7076189672096678,0.0,395.4065270748227,308.3425861306287,0.0,267.69021882965495,1.0,2.0,0.0,0.0,ok,13147813.838420853,5678244.296916558,3268314.514938437,5370959.970063043,-19742680.34506605,phase_formula
2317.0977998889393,0.0001760311327120671,6.75,37.64935963249972,1224.8756750332157,1187.226315400716,1763.0133162000068,2317.0977998889393,1930172.7822953172,0.7075772506368112,0.5236843407159326,0.323,0.7075772506368112,0.0,351.93165492880144,274.43116779922843,0.0,238.25773038679858,1.0,2.0,0.0,0.0,ok,13145938.191826697,5678244.296916558,3268314.514938437,5352898.0871098,-19742425.732604034,phase_formula
2603.142003316607,0.00019776206057255997,6.75,37.949131486735446,1094.5581747773313,1056.6090432905958,1609.2759813546056,2603.142003316607,1937237.7023328189,0.7075303645773647,0.5237040667506259,0.323,0.7075303645773647,0.0,313.2433263720983,244.2566878421464,0.0,212.06573195391056,1.0,2.0,0.0,0.0,ok,13143830.755139638,5678244.296916558,3268314.514938437,5333798.726882424,-19742139.688400608,phase_formula
2924.49817601829,0.00022217565722238775,6.75,38.248993206464775,978.5934832611366,940.3444900546718,1470.864259259511,2924.49817601829,1944728.8189115603,0.7074776657029355,0.523528536390697,0.323,0.7074776657029355,0.0,278.53161638658736,217.0859821621205,0.0,188.56590429371963,1.0,2.0,0.0,0.0,ok,13141462.850178981,5678244.296916558,3268314.514938437,5313605.127849755,-19741818.332227908,phase_formula
3200.0,0.00024310567499810073,6.75,38.4809948299747,897.7418376238741,859.2608427938993,1373.2970477159952,3200.0,1950831.199840922,0.7074324655596368,0.5235391608188242,0.323,0.7074324655596368,0.0,254.5279886829605,198.36930749378567,0.0,172.3154483383643,1.0,2.0,0.0,0.0,ok,13139432.563376589,5678244.296916558,3268314.514938437,5297199.142045997,-19741542.830403924,phase_formula
3285.5255574369426,0.0002496030963638185,6.75,38.54895595559145,875.4044673866852,836.8555114310936,1346.1664795666213,3285.5255574369426,1952672.0730817602,0.7074184299060011,0.5235433425015756,0.323,0.7074184299060011,0.0,247.89630938442696,193.19868538859834,0.0,167.82580145325707,1.0,2.0,0.0,0.0,ok,13138802.24163633,5678244.296916558,3268314.514938437,5292257.791345017,-19741457.304846488,phase_formula
3691.1215322651688,0.0002804164348754212,6.75,38.84903230858673,783.5872978297344,744.7382655211477,1233.7450805334017,3691.1215322651688,1961095.0129646915,0.7073518419675751,0.5235684950013201,0.323,0.7073518419675751,0.0,220.6366810715954,171.9468299724599,0.0,149.3710330854701,1.0,2.0,0.0,0.0,ok,13135812.693502696,5678244.296916558,3268314.514938437,5269694.397560644,-19741051.70887166,phase_formula
4146.7880641233005,0.0003150336598133633,6.75,39.14923643427033,701.892405916684,662.7431694824137,1132.3175846091674,4146.7880641233005,1970026.8976433072,0.7072769838534435,0.523316415590077,0.323,0.7072769838534435,0.0,196.09798547640185,152.71862272215776,0.0,132.75833616752405,1.0,2.0,0.0,0.0,ok,13132453.469555207,5678244.296916558,3268314.514938437,5245849.726069687,-19740596.0423398,phase_formula
4658.7063304314215,0.0003539243584617049,6.75,39.44958430476093,629.2075330703967,589.7579487656358,1040.7396659717715,4658.7063304314215,1979498.808454168,0.7071928214439009,0.5233338818663488,0.323,0.7071928214439009,0.0,174.51772413257757,135.90080055472416,0.0,118.14849923775502,1.0,2.0,0.0,0.0,ok,13128678.770681178,5678244.296916558,3268314.514938437,5220655.582257801,-19740084.124073494,phase_formula
5233.820570907399,0.0003976160883466838,6.75,39.750093933297585,564.5426428889494,524.7925489556519,957.9900723837544,5233.820570907399,1989543.768235302,0.7070981894708099,0.5233656080980228,0.323,0.7070981894708099,0.0,155.31813618435845,120.9415908374421,0.0,105.15037819681068,1.0,2.0,0.0,0.0,ok,13124437.100839997,5678244.296916558,3268314.514938437,5194040.731261507,-19739509.00983302,phase_formula
5879.932287106999,0.0004467015336250854,6.75,40.05078564538777,507.0164911885306,466.96570554314286,883.1572043177932,5879.932287106999,2000196.869345062,0.7069917743989085,0.5230037062577823,0.323,0.7069917743989085,0.0,137.95402038982098,107.3150359792045,0.0,93.39487180390881,1.0,2.0,0.0,0.0,ok,13119670.552341621,5678244.296916558,3268314.514938437,5165930.8412339585,-19738862.89811682,phase_formula
6500.0,0.0004938084023398921,6.75,40.309947986482115,462.5900661480631,422.280118161581,824.4257679962031,6500.0,2009888.1481111322,0.7068895482783288,0.5230197331493273,0.323,0.7068895482783288,0.0,124.76271277539993,97.04245863069744,0.0,84.46435654894576,1.0,2.0,0.0,0.0,ok,13115094.894885633,5678244.296916558,3268314.514938437,5140462.68565758,-19738242.830403924,phase_formula
6605.806070835401,0.00050184654492406,6.75,40.35168238853722,455.844671832455,415.4929894439178,815.4271632953192,6605.806070835401,2011495.4111460927,0.7068720949443204,0.5230235591743749,0.323,0.7068720949443204,0.0,122.75980289597254,95.4829525862433,0.0,83.10838656057341,1.0,2.0,0.0,0.0,ok,13114313.999829901,5678244.296916558,3268314.514938437,5136248.438026039,-19738137.02433309,phase_formula
7421.288497006765,0.000563799171693897,6.75,40.652810086744005,410.3289761877743,369.6761661010303,754.0731137037435,7421.288497006765,2023479.04787561,0.7067374798705665,0.5230630756159501,0.323,0.7067374798705665,0.0,109.24453585241494,84.96162176455223,0.0,73.95855077208492,1.0,2.0,0.0,0.0,ok,13108294.190869864,5678244.296916558,3268314.514938437,5104912.873657971,-19737321.54190692,phase_formula
8337.44169374924,0.000633399809598818,6.75,40.95419804705754,369.8479218708673,328.89372382380975,698.445808376011,8337.44169374924,2036189.94793048,0.7065860426390355,0.5231268354721325,0.323,0.7065860426390355,0.0,97.2237225339801,75.60699273618681,0.0,65.82046015550452,1.0,2.0,0.0,0.0,ok,13101528.719314888,5678244.296916558,3268314.514938437,5071840.3112811055,-19736405.388710175,phase_formula
9366.693401651874,0.0007115926005965109,6.75,41.25587942686719,333.84832230539,292.59244287852283,647.9651542428065,9366.693401651874,2049672.9656277355,0.706415652414233,0.5225650537285085,0.323,0.706415652414233,0.0,86.24996541153315,66.97009213587587,0.0,58.39122658360795,1.0,2.0,0.0,0.0,ok,13093924.86562821,5678244.296916558,3268314.514938437,5036943.729692832,-19735376.137002274,phase_formula
10523.00555772709,0.0007994382403500031,6.75,41.55789177225299,301.8377827353171,260.27989096306413,602.1127021500045,10523.00555772709,2063975.826809708,0.7062239008309534,0.5226135638405007,0.323,0.7062239008309534,0.0,76.74356961765751,59.57859281206687,0.0,51.95539663115413,1.0,2.0,0.0,0.0,ok,13085378.286000289,5678244.296916558,3268314.514938437,5000132.950861487,-19734219.824846197,phase_formula
11822.06369095274,0.0008981283667061263,6.75,41.86025733322171,273.37800059747894,231.5177432642572,560.4249379145494,11822.06369095274,2079149.3309223298,0.7060080638165569,0.5226956357221053,0.323,0.7060080638165569,0.0,68.29111214490842,53.009855215814774,0.0,46.23308292210301,1.0,2.0,0.0,0.0,ok,13075771.529372325,5678244.296916558,3268314.514938437,4961314.694369313,-19732920.76671297,phase_formula
13281.489698569587,0.0010090017244222128,6.75,42.1630379823963,248.07887446387275,205.91583648147645,522.4873822741162,13281.489698569587,2095247.5662557133,0.705765057621357,0.5218894792420861,0.323,0.705765057621357,0.0,60.494081957901635,46.853782397793566,0.0,40.95449348549941,1.0,2.0,0.0,0.0,ok,13064972.358264474,5678244.296916558,3268314.514938437,4920392.663158606,-19731461.340705357,phase_formula
14921.080889473207,0.0011335623254177018,6.75,42.46629099981117,225.59316715589065,183.12687615607948,487.9292411607013,14921.080889473207,2112328.148453675,0.7054913880366329,0.5219480369007417,0.323,0.7054913880366329,0.0,53.814966787322355,41.66963595941668,0.0,36.432732515017236,1.0,2.0,0.0,0.0,ok,13052831.845510429,5678244.296916558,3268314.514938437,4877267.665514725,-19729821.749514453,phase_formula
15000.0,0.0011395578515535972,6.75,42.480060156205994,224.63568815749989,182.15562800129388,486.43770131799755,15000.0,2113126.445733723,0.7054781975986206,0.5219517350909384,0.323,0.7054781975986206,0.0,53.530543940084115,41.448957193579304,0.0,36.24017824743695,1.0,2.0,0.0,0.0,ok,13052247.262067232,5678244.296916558,3268314.514938437,4875259.519783693,-19729742.830403924,phase_formula
16763.07853735573,0.0012734998508968874,6.75,42.77007827947354,205.6118037870466,162.84172550757307,456.41869208004994,16763.07853735573,2130452.4783352907,0.7051830915637165,0.5220532042523909,0.323,0.7051830915637165,0.0,47.879124443531325,37.06568549026611,0.0,32.414167248270715,1.0,2.0,0.0,0.0,ok,13039182.214487273,5678244.296916558,3268314.514938437,4831837.7787999585,-19727979.751866568,phase_formula
18832.46958655668,0.0014307125721003326,6.75,43.07447034161477,187.85968220627905,144.7852118646643,427.6586807529286,18832.46958655668,2149686.0235022344,0.7048356670267146,0.5208971170202172,0.323,0.7048356670267146,0.0,42.32285969745703,32.66002058373071,0.0,28.65257601517841,1.0,2.0,0.0,0.0,ok,13023834.385032006,5678244.296916558,3268314.514938437,4783998.561098955,-19725910.36081737,phase_formula
21157.325603303416,0.0016073331006080237,6.75,43.37954766355042,172.09194146284509,128.71239379929466,401.38317417827375,21157.325603303416,2170098.6264812117,0.7044439957794857,0.5209666456066907,0.323,0.7044439957794857,0.0,37.63775605384603,29.032708810745607,0.0,25.480760848453773,1.0,2.0,0.0,0.0,ok,13006575.18073757,5678244.296916558,3268314.514938437,4733643.317634967,-19723585.50480062,phase_formula
23769.183570259636,0.0018057573175005422,6.75,43.685377642027085,158.09061596156965,114.40523831954258,377.35380044628516,23769.183570259636,2191764.850342054,0.7040022482227182,0.521101105854988,0.323,0.7040022482227182,0.0,33.476815696757505,25.814490722079068,0.0,22.66380422670484,1.0,2.0,0.0,0.0,ok,12987164.145439148,5678244.296916558,3268314.514938437,4680663.429572378,-19720973.646833666,phase_formula
26326.0,0.002,6.75,43.95450743195556,147.10341970947076,103.1489122775152,357.9447673524897,26326.0,2211877.052980992,0.7035680293952039,0.5212846327686568,0.323,0.7035680293952039,0.0,30.210995851452708,23.29126904264612,0.0,20.452844191433485,1.0,2.0,0.0,0.0,ok,12968140.316206211,5678244.296916558,3268314.514938437,4631913.380198155,-19718416.830403924,phase_formula
26703.473689911352,0.002028676873806226,6.75,43.992052619251545,145.6617156567402,101.66966303748865,355.3569126568292,26703.473689911352,2214764.348964623,0.7035037737899961,0.5213157440220744,0.323,0.7035037737899961,0.0,29.782414874081457,22.9603398831245,0.0,20.162694869753153,1.0,2.0,0.0,0.0,ok,12965329.907065121,5678244.296916558,3268314.514938437,4624948.7536334535,-19718039.356714014,phase_formula
30000.0,0.0022791157031071944,6.75,44.299722912466336,134.6326260884826,90.33290317601625,335.2009729620887,30000.0,2239182.266515213,0.7029409708425183,0.5195257719389451,0.323,0.7029409708425183,0.0,26.22266400022536,20.11522216100561,0.0,17.75274352815257,1.0,2.0,0.0,0.0,ok,12940766.01514299,5678244.296916558,3268314.514938437,4566388.101827277,-19714742.830403924,phase_formula
100.0,7.597052343690648e-06,7.0,27.75728602224014,27489.98740152739,27462.23011550515,29134.86641424586,100.0,1864895.462336665,0.7183710885196423,0.5301864331468082,0.323,0.7183710885196423,0.0,8404.43353602418,6755.121302844457,0.0,5689.801503888371,1.0,2.0,0.0,0.0,ok,13162283.42539744,5475449.857740968,3151588.996547778,5408368.054862107,-18991891.175242566,phase_formula
112.34493440205146,8.534903472008771e-06,7.0,28.0380720438688,24472.45480486871,24444.41673282484,26054.981780313978,112.34493440205146,1866335.878282736,0.7183691956864766,0.5301792624120553,0.323,0.7183691956864766,0.0,7480.614813588701,6012.484850440401,0.0,5064.3762287995505,1.0,2.0,0.0,0.0,ok,13162194.962039663,5475449.857740968,3151588.996547778,5404326.154601056,-18991878.830308165,phase_formula
126.21384285801246,9.588531706906667e-06,7.0,28.318875080333076,21786.532263583344,21758.21338850301,23308.516484987245,126.21384285801246,1867861.9263920416,0.7183670691431399,0.530179574009884,0.323,0.7183670691431399,0.0,6658.578110851118,5351.766529588239,0.0,4507.857381046208,1.0,2.0,0.0,0.0,ok,13162095.577433221,5475449.857740968,3151588.996547778,5400046.467321537,-18991864.961399708,phase_formula
141.79485896514254,1.077222965624421e-05,7.0,28.59968367266172,19395.781058743454,19367.18137507079,20859.029394406523,141.79485896514254,1869478.7980932859,0.7183646800274734,0.5301802390567296,0.323,0.7183646800274734,0.0,5926.879271997353,4763.661243212796,0.0,4012.4972671422083,1.0,2.0,0.0,0.0,ok,13161983.923224684,5475449.857740968,3151588.996547778,5395514.880509378,-18991849.3803836,phase_formula
159.29934128987077,1.210205434094589e-05,7.0,28.88046277367879,17267.766486396325,17238.886023622646,18674.077489101313,159.29934128987077,1871191.994825848,0.7183619959114746,0.5301813396739077,0.323,0.7183619959114746,0.0,5275.591581772443,4240.189952987412,0.0,3571.575500859944,1.0,2.0,0.0,0.0,ok,13161858.484572548,5475449.857740968,3151588.996547778,5390716.476892368,-18991831.875901274,phase_formula
178.96474047500539,1.3596045010636282e-05,7.0,29.16126093112008,15373.617984127626,15344.456723196507,16724.776732804978,178.96474047500539,1873007.3470211811,0.7183589803603538,0.5301700910553369,0.323,0.7183589803603538,0.0,4695.587144075769,3773.909377557819,0.0,3178.912496539296,1.0,2.0,0.0,0.0,ok,13161717.559585284,5475449.857740968,3151588.996547778,5385635.48974761,-18991812.21050209,phase_formula
201.05782028944645,1.5274467848472724e-05,7.0,29.442078658490598,13687.637365735114,13658.195287076624,14985.410964884102,201.05782028944645,1874931.034232337,0.7183555924369616,0.530170783383844,0.323,0.7183555924369616,0.0,4179.584958985511,3359.1797721744592,0.0,2829.579017233191,1.0,2.0,0.0,0.0,ok,13161559.236218642,5475449.857740968,3151588.996547778,5380255.256071198,-18991790.117422275,phase_formula
225.87827631437312,1.7160090884629123e-05,7.0,29.72291657178278,12186.950270027033,12157.22735345525,13433.083952159239,225.87827631437312,1876969.6064920283,0.7183517861447938,0.530172063193551,0.323,0.7183517861447938,0.0,3720.2922799533194,2990.0329291669527,0.0,2518.6378735283974,1.0,2.0,0.0,0.0,ok,13161381.366317919,5475449.857740968,3151588.996547778,5374558.1675447235,-18991765.29696625,phase_formula
253.76280135386727,1.9278492847669018e-05,7.0,30.003719580765353,10851.19581123757,10821.192091656805,12047.409568263765,253.76280135386727,1879130.0069688903,0.7183475098019241,0.5301557967322662,0.323,0.7183475098019241,0.0,3311.185626794775,2661.118982983138,0.0,2241.672669340063,1.0,2.0,0.0,0.0,ok,13161181.536451966,5475449.857740968,3151588.996547778,5368525.619215595,-18991737.412441213,phase_formula
285.08965271781034,2.1658410143417938e-05,7.0,30.28453992290434,9662.250544670738,9631.966004747834,10810.236246889835,285.08965271781034,1881419.5960134445,0.7183427053372581,0.5301564229144575,0.323,0.7183427053372581,0.0,2947.3022498924965,2368.661565634925,0.0,1995.3236231772203,1.0,2.0,0.0,0.0,ok,13160957.035141854,5475449.857740968,3151588.996547778,5362137.95584517,-18991706.08558985,phase_formula
320.28378333286037,2.4332126668150144e-05,7.0,30.56538323023629,8603.982465108451,8573.417081878215,9705.401410554652,320.28378333286037,1883846.176682368,0.7183373074994159,0.5301578382703961,0.323,0.7183373074994159,0.0,2623.412923592879,2108.351127180734,0.0,1776.050549272379,1.0,2.0,0.0,0.0,ok,13160704.816037888,5475449.857740968,3151588.996547778,5355374.41585947,-18991670.891459234,phase_formula
359.8226062857106,2.733591174395735e-05,7.0,30.846250736580448,7662.032216133976,7631.185965397396,8718.513066535023,359.8226062857106,1886418.021832476,0.718331242967327,0.5301602281941825,0.323,0.718331242967327,0.0,2335.122933506598,1876.6552220981546,0.0,1580.8782259839672,1.0,2.0,0.0,0.0,ok,13160421.456543172,5475449.857740968,3151588.996547778,5348213.072850165,-18991631.35263628,phase_formula
404.24247099543345,3.071051211695156e-05,7.0,31.127102928195683,6823.618267176394,6792.4911642481975,7836.755339350698,404.24247099543345,1889143.9028968806,0.7183244293502399,0.5301347105498222,0.323,0.7183244293502399,0.0,2078.2284951532865,1670.088569919922,0.0,1406.960691218775,1.0,2.0,0.0,0.0,ok,13160103.111319613,5475449.857740968,3151588.996547778,5340630.774586327,-18991586.93277157,phase_formula
454.1459388650521,3.4501704692323335e-05,7.0,31.407961408892078,6077.363632740796,6045.955671331903,7048.715497595097,454.1459388650521,1892033.1204336178,0.718316774063289,0.530136151651417,0.323,0.718316774063289,0.0,1849.8315964767346,1486.5343738403294,0.0,1252.3359908147495,1.0,2.0,0.0,0.0,ok,13159745.46004206,5475449.857740968,3151588.996547778,5332603.079510142,-18991537.0293037,phase_formula
510.20995710752294,3.876091750418012e-05,7.0,31.68884825705621,5413.141481143093,5381.452632886037,6344.229847203301,510.20995710752294,1895095.5365844544,0.7183081730629927,0.53013890493636,0.323,0.7183081730629927,0.0,1646.5409236970524,1323.16041122028,0.0,1114.7082053429044,1.0,2.0,0.0,0.0,ok,13159343.64868732,5475449.857740968,3151588.996547778,5324104.190696456,-18991480.965285458,phase_formula
520.0,3.950467218719137e-05,7.0,31.734710990310926,5311.845351222184,5280.110640231873,6236.501406532359,520.0,1895612.7263945034,0.7183066710611627,0.5301394989390025,0.323,0.7183066710611627,0.0,1615.538363899742,1298.2456148579067,0.0,1093.7194723601253,1.0,2.0,0.0,0.0,ok,13159273.482459685,5475449.857740968,3151588.996547778,5322669.892845583,-18991471.175242566,phase_formula
573.1950416251822,4.354592734370449e-05,7.0,31.96976518093184,4821.937741540053,4789.967976359121,5714.246588051478,573.1950416251822,1898341.6095604384,0.718298509425062,0.5301432726027475,0.323,0.718298509425062,0.0,1465.597699092153,1177.749192387419,0.0,992.2096422853876,1.0,2.0,0.0,0.0,ok,13158892.223555824,5475449.857740968,3151588.996547778,5315106.887268524,-18991417.98020094,phase_formula
643.9555935096224,4.892164350904979e-05,7.0,32.25068724036394,4295.728820551868,4263.478133311504,5150.703756882025,643.9555935096224,1901782.4302868203,0.7182876517446355,0.5301032528446983,0.323,0.7182876517446355,0.0,1304.2543424535522,1047.9859679524573,0.0,882.980189841055,1.0,2.0,0.0,0.0,ok,13158385.057123763,5475449.857740968,3151588.996547778,5305582.45329981,-18991347.219649058,phase_formula
723.4514891067264,5.4960988308647454e-05,7.0,32.53160908118092,3827.372807717872,3794.8411986366914,4646.420633019941,723.4514891067264,1905429.7613485719,0.7182754523364898,0.5301062568335884,0.323,0.7182754523364898,0.0,1160.908945240078,932.795659996135,0.0,785.935355927533,1.0,2.0,0.0,0.0,ok,13157815.264710642,5475449.857740968,3151588.996547778,5295500.604224048,-18991267.72375346,phase_formula
812.7611008676171,6.174588626206921e-05,7.0,32.81256778210275,3410.51261744582,3377.7000496637174,4195.001060476169,812.7611008676171,1909296.0783897587,0.7182617452098702,0.5301114392715852,0.323,0.7182617452098702,0.0,1033.3239567408532,830.2734719289666,0.0,699.5603187135575,1.0,2.0,0.0,0.0,ok,13157175.110820267,5475449.857740968,3151588.996547778,5284829.410830228,-18991178.4141417,phase_formula
913.0959256151148,6.93683754170869e-05,7.0,33.09356622343285,3039.4896771615718,3006.396110938139,3790.7472936697627,913.0959256151148,1913394.6141562276,0.7182463437892691,0.5300535584107854,0.323,0.7182463437892691,0.0,919.4756466205141,738.6865298803937,0.0,622.4850127620881,1.0,2.0,0.0,0.0,ok,13156455.903870024,5475449.857740968,3151588.996547778,5273535.220922851,-18991078.07931695,phase_formula
1025.8170186601064,7.793185585809515e-05,7.0,33.374590898582866,2709.267185787882,2675.8925948892993,3428.5833985633726,1025.8170186601064,1917739.4053376548,0.7182290383487318,0.5300565467926365,0.323,0.7182290383487318,0.0,818.4063224309681,657.4774839938052,0.0,554.0610802857655,1.0,2.0,0.0,0.0,ok,13155647.877861978,5475449.857740968,3151588.996547778,5261582.57878412,-18990965.358223908,phase_formula
1152.4534566987763,8.755249234207827e-05,7.0,33.65561628637494,2415.361793419782,2381.706177133407,3103.9870562669666,1152.4534566987763,1922345.3424063863,0.7182095931229717,0.5300624647603431,0.323,0.7182095931229717,0.0,728.451922263187,585.2025390595426,0.0,493.1619513721778,1.0,2.0,0.0,0.0,ok,13154740.059367228,5475449.857740968,3151588.996547778,5248934.142593114,-18990838.721785866,phase_formula
1294.7230799424149,9.836079008906897e-05,7.0,33.93669218418232,2153.7828717627604,2119.846179578578,2812.9289443764856,1294.7230799424149,1927228.222609377,0.7181877430536983,0.5300719946517835,0.323,0.7181877430536983,0.0,648.3911030432774,520.879990280471,0.0,438.96077676029887,1.0,2.0,0.0,0.0,ok,13153720.117989639,5475449.857740968,3151588.996547778,5235550.600023981,-18990696.452162623,phase_formula
1300.0,9.876168046797843e-05,7.0,33.94653976731047,2145.1824337267,2111.2358939593896,2803.319870966016,1300.0,1927404.052555194,0.7181869325247574,0.5300724047563661,0.323,0.7181869325247574,0.0,645.7587792764064,518.7651900830901,0.0,437.17869357012705,1.0,2.0,0.0,0.0,ok,13153682.286277542,5475449.857740968,3151588.996547778,5235069.153271219,-18990691.175242566,phase_formula
1454.5557948495277,0.00011050336510290418,7.0,34.21782325200116,1920.978259594672,1886.7604363426708,2551.81857827793,1454.5557948495277,1932404.8064944479,0.7181631901239687,0.5299812190167946,0.323,0.7181631901239687,0.0,576.8448672184126,463.29528954348143,0.0,390.5239751068653,1.0,2.0,0.0,0.0,ok,13152574.198243095,5475449.857740968,3151588.996547778,5221390.582274082,-18990536.619447716,phase_formula
1634.1197535649385,0.000124144933036917,7.0,34.49900284255761,1713.7861109903051,1679.2871081477476,2317.456244079503,1634.1197535649385,1937892.878038614,0.7181355992269797,0.5299875926475521,0.323,0.7181355992269797,0.0,513.4292405902095,412.35206157116596,0.0,347.59159587957186,1.0,2.0,0.0,0.0,ok,13151286.73051447,5475449.857740968,3151588.996547778,5206410.57685564,-18990357.055489,phase_formula
1835.850765193497,0.00013947054358379526,7.0,34.78019607716069,1529.3919876241146,1494.6117915469538,2106.990164894843,1835.850765193497,1943711.3087830096,0.7181045935083774,0.5299988351767299,0.323,0.7181045935083774,0.0,456.9909895001841,367.0171936049453,0.0,309.3828998916247,1.0,2.0,0.0,0.0,ok,13149840.21848826,5475449.857740968,3151588.996547778,5190564.839533206,-18990155.32447737,phase_formula
2062.485337876194,0.0001566880906993994,7.0,35.06146163479697,1365.2908027995802,1330.2293411647831,1917.8785073815993,2062.485337876194,1949880.1259869463,0.718069749112723,0.5298675634840199,0.323,0.718069749112723,0.0,406.47164354758,326.33388587276966,0.0,275.18130268171166,1.0,2.0,0.0,0.0,ok,13148215.000073696,5475449.857740968,3151588.996547778,5173805.305879727,-18989928.68990469,phase_formula
2317.0977998889393,0.0001760311327120671,7.0,35.34280697384373,1219.2526940380137,1183.9098870641699,1747.8553091943043,2317.0977998889393,1956420.58561779,0.7180305892550272,0.5298737432165742,0.323,0.7180305892550272,0.0,361.77233377854714,290.4347313068368,0.0,244.9198699680764,1.0,2.0,0.0,0.0,ok,13146388.978495687,5475449.857740968,3151588.996547778,5156081.503006975,-18989674.077442676,phase_formula
2603.142003316607,0.00019776206057255997,7.0,35.62422514935375,1089.2928114108288,1053.668586261475,1594.9003128545,2603.142003316607,1963355.25009332,0.7179865775270238,0.5298864866447102,0.323,0.7179865775270238,0.0,321.9937841942912,258.49084278192583,0.0,217.98979189953513,1.0,2.0,0.0,0.0,ok,13144337.319780745,5475449.857740968,3151588.996547778,5137340.4621303715,-18989388.03323925,phase_formula
2924.49817601829,0.00022217565722238775,7.0,35.905689090544826,973.6443871550696,937.7386980645248,1457.2120745948646,2924.49817601829,1970708.0713139512,0.71793711033483,0.5299073157243985,0.323,0.71793711033483,0.0,286.59526863725705,230.0675808465263,0.0,194.02499686742306,1.0,2.0,0.0,0.0,ok,13142032.112380974,5475449.857740968,3151588.996547778,5117526.632734823,-18989066.677066546,phase_formula
3200.0,0.00024310567499810073,7.0,36.12347758152308,893.0119312372337,856.8884536557107,1360.1673914067824,3200.0,1976697.6564820162,0.7178946828671513,0.529699694542783,0.323,0.7178946828671513,0.0,261.6227202775081,209.91206324005736,0.0,177.11858162787303,1.0,2.0,0.0,0.0,ok,13140055.60535038,5475449.857740968,3151588.996547778,5101429.886013118,-18988791.175242566,phase_formula
3285.5255574369426,0.0002496030963638185,7.0,36.18726036423041,870.7348783612007,834.5476179969703,1333.1841395144202,3285.5255574369426,1978504.478979804,0.7178815083494914,0.5297014637176648,0.323,0.7178815083494914,0.0,254.80386142106988,204.43787598971852,0.0,172.5022141820643,1.0,2.0,0.0,0.0,ok,13139441.984124728,5475449.857740968,3151588.996547778,5096581.799248893,-18988705.64968513,phase_formula
3691.1215322651688,0.0002804164348754212,7.0,36.46895092269512,779.1644961285514,742.6955452058562,1221.3835952215004,3691.1215322651688,1986771.4757019165,0.717819006834254,0.5297150151499108,0.323,0.717819006834254,0.0,226.77447692614447,181.9379099182702,0.0,153.5263208789998,1.0,2.0,0.0,0.0,ok,13136531.671051668,5475449.857740968,3151588.996547778,5074445.001268382,-18988300.0537103,phase_formula
4146.7880641233005,0.0003150336598133633,7.0,36.75074209085684,697.6872360636305,660.9364939727736,1120.5321242254356,4146.7880641233005,1995537.738484059,0.7177487446917377,0.529739494497489,0.323,0.7177487446917377,0.0,201.83408664530853,161.9208375902968,0.0,136.64167665887388,1.0,2.0,0.0,0.0,ok,13133261.531971382,5475449.857740968,3151588.996547778,5051052.458544328,-18987844.387178443,phase_formula
4658.7063304314215,0.0003539243584617049,7.0,37.0326419164495,625.1940336634952,588.1613917470457,1029.4891745533148,4658.7063304314215,2004833.7270575347,0.7176697520498959,0.5294418872978531,0.323,0.7176697520498959,0.0,179.35176919939738,143.77396340195168,0.0,121.42114774799202,1.0,2.0,0.0,0.0,ok,13129587.001764499,5475449.857740968,3151588.996547778,5026337.5021266565,-18987332.468912136,phase_formula
5233.820570907399,0.0003976160883466838,7.0,37.31470541545994,560.6977398387303,523.3830344232704,947.2369466456064,5233.820570907399,2014691.7998060395,0.7175809361770248,0.5294547411668508,0.323,0.7175809361770248,0.0,159.60843264841543,127.93429552308005,0.0,108.05490890297723,1.0,2.0,0.0,0.0,ok,13125457.97550751,5475449.857740968,3151588.996547778,5000230.513270601,-18986757.354671657,phase_formula
5879.932287106999,0.0004467015336250854,7.0,37.596951859852844,503.31964663912095,465.7226947792681,872.8669265850358,5879.932287106999,2025146.339125532,0.7174810654821584,0.5294823474618189,0.323,0.7174810654821584,0.0,142.04359717026216,113.84566976760189,0.0,96.16351528426748,1.0,2.0,0.0,0.0,ok,13120818.114428146,5475449.857740968,3151588.996547778,4972658.871938147,-18986111.242955457,phase_formula
6500.0,0.0004938084023398921,7.0,37.840146839366874,459.00593231948613,421.16578548011927,814.508528562811,6500.0,2034656.663834324,0.7173851302000533,0.5295205516735465,0.323,0.7173851302000533,0.0,128.47768148209275,102.96717531397604,0.0,86.97939036337681,1.0,2.0,0.0,0.0,ok,13116364.175439907,5475449.857740968,3151588.996547778,4947680.042152891,-18985491.175242566,phase_formula
6605.806070835401,0.00050184654492406,7.0,37.87933290359704,452.27753531933683,414.3982024157398,805.5679380680026,6605.806070835401,2036233.8864351825,0.7173687513168543,0.5295281369630277,0.323,0.7173687513168543,0.0,126.41785628618968,101.31563807250069,0.0,85.5848887057504,1.0,2.0,0.0,0.0,ok,13115604.063464228,5475449.857740968,3151588.996547778,4943546.916990414,-18985385.36917173,phase_formula
7421.288497006765,0.000563799171693897,7.0,38.161935177197456,406.87526867714735,368.7133334999499,744.61573548865,7421.288497006765,2047993.283242266,0.7172424272461566,0.5290616110564811,0.323,0.7172424272461566,0.0,112.22697713294724,89.8338219145273,0.0,75.97766351900529,1.0,2.0,0.0,0.0,ok,13109744.568778308,5475449.857740968,3151588.996547778,4912815.920456959,-18984569.886745557,phase_formula
8337.44169374924,0.000633399809598818,7.0,38.44479238446905,366.49315876777575,328.0483663833067,689.363370332358,8337.44169374924,2060465.8285378395,0.7171003253986314,0.5290907939392,0.323,0.7171003253986314,0.0,99.86373453233861,79.92623612918473,0.0,67.60774827839325,1.0,2.0,0.0,0.0,ok,13103159.481939903,5475449.857740968,3151588.996547778,4880384.078590845,-18983653.733548816,phase_formula
9366.693401651874,0.0007115926005965109,7.0,38.727880079669646,330.57955505742666,291.851674977757,639.2327739401101,9366.693401651874,2073695.4474776832,0.7169404494354801,0.5291446154436407,0.323,0.7169404494354801,0.0,88.86802260690116,71.1178156005215,0.0,60.16365130487209,1.0,2.0,0.0,0.0,ok,13095758.635586819,5475449.857740968,3151588.996547778,4846166.522774785,-18982624.481840912,phase_formula
10523.00555772709,0.0007994382403500031,7.0,39.01125958356973,298.6435054366213,259.6322458530516,593.7074130850319,10523.00555772709,2087728.86812975,0.7167605435939441,0.5284704698189266,0.323,0.7167605435939441,0.0,78.79875854589302,62.94947673859265,0.0,53.34675953556958,1.0,2.0,0.0,0.0,ok,13087440.573167898,5475449.857740968,3151588.996547778,4810075.353747344,-18981468.16968484,phase_formula
11822.06369095274,0.0008981283667061263,7.0,39.294997916401464,270.2480154634555,230.953017547054,552.3255406559408,11822.06369095274,2102615.8178595123,0.7165580571567453,0.5284979887618783,0.323,0.7165580571567453,0.0,70.10395953383511,55.99061902935872,0.0,47.460380604406375,1.0,2.0,0.0,0.0,ok,13078091.112791179,5475449.857740968,3151588.996547778,4772019.703051698,-18980169.111551613,phase_formula
13281.489698569587,0.0010090017244222128,7.0,39.57907211016183,245.00402384449305,205.42495173433122,514.6741610630937,13281.489698569587,2118409.2413718654,0.7163301035723355,0.5285588750612993,0.323,0.7163301035723355,0.0,62.3735923013749,49.80690285723263,0.0,42.22692198803082,1.0,2.0,0.0,0.0,ok,13067581.722179268,5475449.857740968,3151588.996547778,4731905.826100911,-18978709.685543995,phase_formula
14921.080889473207,0.0011335623254177018,7.0,39.863574119470336,222.56532994503107,182.70175582556072,480.38394664378234,14921.080889473207,2135165.519836132,0.7160734132939928,0.5286610731725917,0.323,0.7160734132939928,0.0,55.5016826788798,44.313132644139564,0.0,37.57463917360164,1.0,2.0,0.0,0.0,ok,13055767.678174274,5475449.857740968,3151588.996547778,4689637.231781662,-18977070.09435309,phase_formula
15000.0,0.0011395578515535972,7.0,39.87648907506214,221.60980054937676,181.73331147431463,478.9041346816214,15000.0,2135948.638043308,0.7160610419632145,0.5286668402162703,0.323,0.7160610419632145,0.0,55.20903387438929,44.079254198302266,0.0,37.37651593296155,1.0,2.0,0.0,0.0,ok,13055198.83330132,5475449.857740968,3151588.996547778,4687669.084709898,-18976991.175242566,phase_formula
16763.07853735573,0.0012734998508968874,7.0,40.14857313555298,202.62375854197728,162.47518540642432,449.12438989501715,16763.07853735573,2152944.72748034,0.7157842792110891,0.5276052325476951,0.323,0.7157842792110891,0.0,49.10380072867257,39.09685104732425,0.0,33.24327309331133,1.0,2.0,0.0,0.0,ok,13042485.980019951,5475449.857740968,3151588.996547778,4645114.854105525,-18975228.09670521,phase_formula
18832.46958655668,0.0014307125721003326,7.0,40.43405589832913,184.90491868779105,144.47086278946193,420.5995489417203,18832.46958655668,2171810.9162510177,0.7154584933024455,0.5276703493260131,0.323,0.7154584933024455,0.0,43.676369209083745,34.76429105597123,0.0,29.568901954549695,1.0,2.0,0.0,0.0,ok,13027552.980629848,5475449.857740968,3151588.996547778,4598237.272052059,-18973158.70565601,phase_formula
21157.325603303416,0.0016073331006080237,7.0,40.72018515846436,169.16474011091503,128.44455495245066,394.5445696505068,21157.325603303416,2191832.383163882,0.7150912728353029,0.5277918632360171,0.323,0.7150912728353029,0.0,38.854357062383116,30.91826463399187,0.0,26.304399731233374,1.0,2.0,0.0,0.0,ok,13010761.694034737,5475449.857740968,3151588.996547778,4548900.984440158,-18970833.849639263,phase_formula
23769.183570259636,0.0018057573175005422,7.0,41.00694976326894,155.1858101304089,114.17886036713996,370.7220073405099,23769.183570259636,2213082.0488467133,0.7146771740451032,0.5262675863274997,0.323,0.7146771740451032,0.0,34.28192223996033,27.170510294218843,0.0,23.208861356453145,1.0,2.0,0.0,0.0,ok,12991878.72994294,5475449.857740968,3151588.996547778,4497000.747410018,-18968221.991672307,phase_formula
26326.0,0.002,7.0,41.25928599918022,144.21449623828477,102.95521023910456,351.48395941545533,26326.0,2232806.274441555,0.7142702072923339,0.52631966552177,0.323,0.7142702072923339,0.0,30.91996884717612,24.494616598736215,0.0,20.932818909538234,1.0,2.0,0.0,0.0,ok,12973374.31481355,5475449.857740968,3151588.996547778,4449251.131220499,-18965665.175242566,phase_formula
26703.473689911352,0.002028676873806226,7.0,41.29451795131779,142.7747777182989,101.48025976698112,348.91921600690284,26703.473689911352,2235637.76025096,0.7142099907354027,0.5263312899559367,0.323,0.7142099907354027,0.0,30.47874759746501,24.143640863534543,0.0,20.634112123483813,1.0,2.0,0.0,0.0,ok,12970640.797518706,5475449.857740968,3151588.996547778,4442429.982898527,-18965287.701552656,phase_formula
30000.0,0.0022791157031071944,7.0,41.5829160220028,131.75940685893002,90.17649083692723,328.9453853900277,30000.0,2259582.763162965,0.7136826345991713,0.5264720398041177,0.323,0.7136826345991713,0.0,27.10250300290532,21.459793754783615,0.0,18.348394532966903,1.0,2.0,0.0,0.0,ok,12946750.709658163,5475449.857740968,3151588.996547778,4385081.267346594,-18961991.175242566,phase_formula
100.0,7.597052343690648e-06,7.25,26.157523779925416,27374.59492508895,27348.437401309024,28990.95606683501,100.0,1889905.0800021626,0.7280827851818233,0.53606354044829,0.323,0.7280827851818233,0.0,8607.023483679957,7104.427578682097,0.0,5826.95489845133,1.0,2.0,0.0,0.0,ok,13162300.603873003,5286641.241956796,3042913.5139082,5220730.962126206,-18292665.746677596,phase_formula
112.34493440205146,8.534903472008771e-06,7.25,26.422127894023287,24369.560190568594,24343.13806267457,25924.656091816476,112.34493440205146,1891320.324378633,0.7280810014391413,0.5360638841141566,0.323,0.7280810014391413,0.0,7661.216465525271,6323.726021654605,0.0,5186.643547160608,1.0,2.0,0.0,0.0,ok,13162214.261405189,5286641.241956796,3042913.5139082,5216759.958257513,-18292653.401743192,phase_formula
126.21384285801246,9.588531706906667e-06,7.25,26.68675190049711,21694.760418696766,21668.07366679627,23190.368896987155,126.21384285801246,1892819.6969094744,0.7280789974573119,0.5360645421580791,0.323,0.7280789974573119,0.0,6819.347408070129,5628.821653963272,0.0,4616.698195263478,1.0,2.0,0.0,0.0,ok,13162117.259562854,5286641.241956796,3042913.5139082,5212555.376696709,-18292639.532834735,phase_formula
141.79485896514254,1.077222965624421e-05,7.25,26.95134310230794,19313.907950632343,19286.956607530035,20751.8044517965,141.79485896514254,1894408.296932513,0.7280767460381814,0.5360655864310159,0.323,0.7280767460381814,0.0,6069.995155174215,5010.286700607006,0.0,4109.386720052944,1.0,2.0,0.0,0.0,ok,13162008.282334305,5286641.241956796,3042913.5139082,5208103.359440153,-18292623.95181863,phase_formula
159.29934128987077,1.210205434094589e-05,7.25,27.215985244223802,17194.702698893285,17167.48671364906,18576.65449869878,159.29934128987077,1896091.5281823357,0.7280742166234395,0.5360553054940423,0.323,0.7280742166234395,0.0,5402.6944259105085,4459.371389594609,0.0,3657.6241263414145,1.0,2.0,0.0,0.0,ok,13161885.851215897,5286641.241956796,3042913.5139082,5203389.25883683,-18292606.447336305,phase_formula
178.96474047500539,1.3596045010636282e-05,7.25,27.48058179965568,15308.393674502697,15280.913092703042,16636.154809038617,178.96474047500539,1897875.117417889,0.7280713748791366,0.5360559378698266,0.323,0.7280713748791366,0.0,4808.994491097726,3969.322036901529,0.0,3255.6892704731604,1.0,2.0,0.0,0.0,ok,13161748.305144329,5286641.241956796,3042913.5139082,5198397.593811905,-18292586.78193712,phase_formula
201.05782028944645,1.5274467848472724e-05,7.25,27.745213917038537,13629.389335235595,13601.644121318557,14904.696179776463,201.05782028944645,1899765.1341683664,0.728068182228736,0.5360570817408288,0.323,0.728068182228736,0.0,4280.541511618067,3533.131789394562,0.0,2897.926603365431,1.0,2.0,0.0,0.0,ok,13161593.777949452,5286641.241956796,3042913.5139082,5193112.004002248,-18292564.688857306,phase_formula
225.87827631437312,1.7160090884629123e-05,7.25,28.009848257903627,12134.910139664735,12106.900291406831,13359.477576707615,225.87827631437312,1901768.0116877109,0.728064595328298,0.5360421245965703,0.323,0.728064595328298,0.0,3809.866706588104,3144.524380182206,0.0,2579.2797603601466,1.0,2.0,0.0,0.0,ok,13161420.173020944,5286641.241956796,3042913.5139082,5187515.201742443,-18292539.86840128,phase_formula
253.76280135386727,1.9278492847669018e-05,7.25,28.274472612599933,10804.679675703812,10776.405203091212,11980.19778865099,253.76280135386727,1903890.569178814,0.7280605654765948,0.5360425958807299,0.323,0.7280605654765948,0.0,3391.186615552666,2798.9478515902197,0.0,2295.833338729155,1.0,2.0,0.0,0.0,ok,13161225.134844173,5286641.241956796,3042913.5139082,5181588.921838148,-18292511.98387624,phase_formula
285.08965271781034,2.1658410143417938e-05,7.25,28.53914788524461,9620.649660517467,9592.110512632222,10748.780899031679,285.08965271781034,1906140.0353766982,0.72805603795205,0.5360437402922956,0.323,0.72805603795205,0.0,3018.5215670726993,2491.3551512821755,0.0,2043.5391009082175,1.0,2.0,0.0,0.0,ok,13161006.017017875,5286641.241956796,3042913.5139082,5175313.869062579,-18292480.657024875,phase_formula
320.28378333286037,2.4332126668150144e-05,7.25,28.803767245608512,8566.754871477513,8537.951104231905,9649.131644931671,320.28378333286037,1908524.0735887545,0.7280509512673755,0.5360457144377717,0.323,0.7280509512673755,0.0,2686.8152035980033,2217.572418901262,0.0,1818.973892835848,1.0,2.0,0.0,0.0,ok,13160759.846318182,5286641.241956796,3042913.5139082,5168669.663319894,-18292445.46289426,phase_formula
359.8226062857106,2.733591174395735e-05,7.25,29.068442449784946,7628.695607040157,7599.627164590372,8666.918258790314,359.8226062857106,1911050.8082499118,0.728045236331629,0.536022059526429,0.323,0.728045236331629,0.0,2391.267696062093,1973.526553222987,0.0,1618.888230234037,1.0,2.0,0.0,0.0,ok,13160483.28231951,5286641.241956796,3042913.5139082,5161634.782439077,-18292405.92407131,phase_formula
404.24247099543345,3.071051211695156e-05,7.25,29.333105510104595,6793.743309536816,6764.410204026712,7789.378433484897,404.24247099543345,1913728.8531507035,0.7280388155081124,0.5360230035442569,0.323,0.7280388155081124,0.0,2128.4711652395717,1756.6265081661443,0.0,1440.9749788671904,1.0,2.0,0.0,0.0,ok,13160172.572021991,5286641.241956796,3042913.5139082,5154186.502553812,-18292361.504206598,phase_formula
454.1459388650521,3.4501704692323335e-05,7.25,29.597781763996004,6050.568174578822,6020.9703928148265,7005.14724265296,454.1459388650521,1916567.341382395,0.7280316015550686,0.5360250425240235,0.323,0.7280316015550686,0.0,1894.5605228438176,1563.570762368944,0.0,1282.6174739652647,1.0,2.0,0.0,0.0,ok,13159823.498866707,5286641.241956796,3042913.5139082,5146300.836042728,-18292311.60073873,phase_formula
510.20995710752294,3.876091750418012e-05,7.25,29.862496811958128,5389.085367340525,5359.222870528567,6304.103629543095,510.20995710752294,1919575.957155055,0.7280234964344674,0.536028433435679,0.323,0.7280234964344674,0.0,1686.3616728823683,1391.7392116830808,0.0,1141.6668525413634,1.0,2.0,0.0,0.0,ok,13159431.325443082,5286641.241956796,3042913.5139082,5137952.467020755,-18292255.53672049,phase_formula
520.0,3.950467218719137e-05,7.25,29.905695816741652,5288.2068118994,5258.301116082658,6196.905031252935,520.0,1920084.057955802,0.7280220810313057,0.5360291344480713,0.323,0.7280220810313057,0.0,1654.6105397731403,1365.5345466402957,0.0,1120.171335426416,1.0,2.0,0.0,0.0,ok,13159362.842307482,5286641.241956796,3042913.5139082,5136543.587059311,-18292245.746677596,phase_formula
573.1950416251822,4.354592734370449e-05,7.25,30.127179549597003,4800.318123111351,4770.1909435617545,5677.233757514599,573.1950416251822,1922764.9696104652,0.7280143899723004,0.5359910235077973,0.323,0.7280143899723004,0.0,1500.7501497737712,1238.4417245576583,0.0,1016.0078513968433,1.0,2.0,0.0,0.0,ok,13158990.729106048,5286641.241956796,3042913.5139082,5129114.684381632,-18292192.55163597,phase_formula
643.9555935096224,4.892164350904979e-05,7.25,30.391924360958345,4276.276239440349,4245.884315079391,5116.5097227731685,643.9555935096224,1926145.268702575,0.728004158351673,0.5359928373939423,0.323,0.728004158351673,0.0,1335.8093759456347,1102.3182234690325,0.0,904.3429475151949,1.0,2.0,0.0,0.0,ok,13158495.729623094,5286641.241956796,3042913.5139082,5119759.312416122,-18292121.791084085,phase_formula
723.4514891067264,5.4960988308647454e-05,7.25,30.656649086111514,3809.8473446588773,3779.190695572766,4614.78101879332,723.4514891067264,1929728.4034045017,0.7279926624175755,0.5359964323775296,0.323,0.7279926624175755,0.0,1189.0016771511866,981.1629409083603,0.0,804.9541354313534,1.0,2.0,0.0,0.0,ok,13157939.607861554,5286641.241956796,3042913.5139082,5109856.639046439,-18292042.295188487,phase_formula
812.7611008676171,6.174588626206921e-05,7.25,30.9214111361663,3394.700734837571,3363.779323701405,4165.678551883364,812.7611008676171,1933526.6222356423,0.7279797457694839,0.5360022238635634,0.323,0.7279797457694839,0.0,1058.3345295933125,873.3311227987948,0.0,716.4924765346726,1.0,2.0,0.0,0.0,ok,13157314.814402672,5286641.241956796,3042913.5139082,5099375.341745243,-18291952.985576726,phase_formula
913.0959256151148,6.93683754170869e-05,7.25,31.186207485312966,3025.2012961543614,2994.0150886690485,3763.528716355948,913.0959256151148,1937552.9164192593,0.7279652326148291,0.5359430703006971,0.323,0.7279652326148291,0.0,941.735251857904,777.0009130096158,0.0,637.5547655078011,1.0,2.0,0.0,0.0,ok,13156612.866829656,5286641.241956796,3042913.5139082,5088282.411242251,-18291852.65075198,phase_formula
1025.8170186601064,7.793185585809515e-05,7.25,31.450996275411246,2696.33308546759,2664.8820891921787,3403.2771188736233,1025.8170186601064,1941821.0657699425,0.7279489253528579,0.5359464517991053,0.323,0.7279489253528579,0.0,838.2233166269737,691.5847886449625,0.0,567.4771853564612,1.0,2.0,0.0,0.0,ok,13155824.234279858,5286641.241956796,3042913.5139082,5076543.073145277,-18291739.929658934,phase_formula
1152.4534566987763,8.755249234207827e-05,7.25,31.71585857131974,2403.631450699726,2371.9155921284064,3080.4208163582502,1152.4534566987763,1946345.6874289643,0.7279306018543747,0.5359527393447693,0.323,0.7279306018543747,0.0,746.0944207360628,615.5649693936492,0.0,505.10592283831454,1.0,2.0,0.0,0.0,ok,13154938.207673986,5286641.241956796,3042913.5139082,5064120.707652024,-18291613.293220896,phase_formula
1294.7230799424149,9.836079008906897e-05,7.25,31.980703966941924,2143.122171741186,2111.141467774244,2790.9475688120174,1294.7230799424149,1951142.2879156184,0.7279100123982879,0.5359625909459061,0.323,0.7279100123982879,0.0,664.0977205768775,547.9089154750685,0.0,449.594156830546,1.0,2.0,0.0,0.0,ok,13153942.75383557,5286641.241956796,3042913.5139082,5050976.767567483,-18291471.02359765,phase_formula
1300.0,9.876168046797843e-05,7.25,31.989986600094163,2134.5568736793157,2102.5668870792215,2781.391265979135,1300.0,1951315.0095350835,0.7279092486350636,0.5359630116088031,0.323,0.7279092486350636,0.0,661.4017376386071,545.6845045516943,0.0,447.768976381337,1.0,2.0,0.0,0.0,ok,13153905.830501422,5286641.241956796,3042913.5139082,5050503.947592986,-18291465.746677596,phase_formula
1454.5557948495277,0.00011050336510290418,7.25,32.24561223625166,1911.2678925003515,1879.0222802641,2531.2823644736213,1454.5557948495277,1956227.3182523916,0.7278868762206356,0.5358690603583444,0.323,0.7278868762206356,0.0,590.8208378023818,487.33992717275794,0.0,399.98570719221254,1.0,2.0,0.0,0.0,ok,13152824.351488216,5286641.241956796,3042913.5139082,5037070.694902122,-18291311.190882746,phase_formula
1634.1197535649385,0.000124144933036917,7.25,32.51056472148967,1704.9198665009492,1672.4093017794596,2298.239248851133,1634.1197535649385,1961618.2329565564,0.727860877625792,0.5358752464951977,0.323,0.727860877625792,0.0,525.8708158894592,433.7553325083048,0.0,356.014542357164,1.0,2.0,0.0,0.0,ok,13151567.806863615,5286641.241956796,3042913.5139082,5022359.836372033,-18291131.62692403,phase_formula
1835.850765193497,0.00013947054358379526,7.25,32.775536211748395,1521.2753358463162,1488.4997996345678,2088.97877620737,1835.850765193497,1967333.5527315948,0.72783166160268,0.5358861547509616,0.323,0.72783166160268,0.0,468.06646778697166,386.0692334435584,0.0,316.88099869177984,1.0,2.0,0.0,0.0,ok,13150156.046365432,5286641.241956796,3042913.5139082,5006799.358212102,-18290929.8959124,phase_formula
2062.485337876194,0.0001566880906993994,7.25,33.04060172981353,1357.8396185620616,1324.799016832248,1900.9701583102292,2062.485337876194,1973392.9311445896,0.7277988288809341,0.5357500909122387,0.323,0.7277988288809341,0.0,416.32365032718644,343.27597767523577,0.0,281.8511112715052,1.0,2.0,0.0,0.0,ok,13148569.88340878,5286641.241956796,3042913.5139082,4990342.160768381,-18290703.261339717,phase_formula
2317.0977998889393,0.0001760311327120671,7.25,33.30567383843517,1212.3920041893307,1179.0863303508954,1731.9572137669738,2317.0977998889393,1979817.2262355434,0.7277619303528722,0.5357549988273705,0.323,0.7277619303528722,0.0,370.54137493526343,305.5137030006756,0.0,250.85651083117335,1.0,2.0,0.0,0.0,ok,13146787.756186659,5286641.241956796,3042913.5139082,4972938.793442423,-18290448.648877706,phase_formula
2603.142003316607,0.00019776206057255997,7.25,33.570837056801516,1082.955965152108,1049.3851280953065,1579.9286259202802,2603.142003316607,1986628.57603553,0.7277204607766484,0.5357661401887794,0.323,0.7277204607766484,0.0,329.7985572767301,271.91131920343497,0.0,223.27362327634626,1.0,2.0,0.0,0.0,ok,13144785.432697691,5286641.241956796,3042913.5139082,4954537.370648712,-18290162.60467428,phase_formula
2924.49817601829,0.00022217565722238775,7.25,33.836080081337045,967.7720759694074,933.9359958880704,1443.090897529608,2924.49817601829,1993850.480105695,0.7276738516638135,0.535784978594211,0.323,0.7276738516638135,0.0,293.5414341113829,242.01170886035277,0.0,198.72755089340623,1.0,2.0,0.0,0.0,ok,13142535.67889635,5286641.241956796,3042913.5139082,4935083.489574538,-18289841.248501576,phase_formula
3200.0,0.00024310567499810073,7.25,34.041271476875046,887.4623095218998,853.4210380450247,1346.6564190657773,3200.0,1999733.2944761016,0.7276338762274492,0.5355688474963459,0.323,0.7276338762274492,0.0,267.96266836981704,220.80949746179093,0.0,181.41072648636617,1.0,2.0,0.0,0.0,ok,13140606.73637068,5286641.241956796,3042913.5139082,4919279.841399463,-18289565.746677596,phase_formula
3285.5255574369426,0.0002496030963638185,7.25,34.10137221659132,865.2742229959905,831.1728507793991,1319.8445944514249,3285.5255574369426,2001507.886181953,0.7276214632404143,0.5355698350115459,0.323,0.7276214632404143,0.0,260.9782507477888,215.0507680385958,0.0,176.68227575625306,1.0,2.0,0.0,0.0,ok,13140007.885290159,5286641.241956796,3042913.5139082,4914520.150643348,-18289480.221120156,phase_formula
3691.1215322651688,0.0002804164348754212,7.25,34.366795491304586,774.0684924117882,739.7016969204835,1208.7632577671702,3691.1215322651688,2009627.282221694,0.7275625753543367,0.5355795205384256,0.323,0.7275625753543367,0.0,232.26799419913758,191.3808673833136,0.0,157.24543207281616,1.0,2.0,0.0,0.0,ok,13137167.646698067,5286641.241956796,3042913.5139082,4892787.681744971,-18289074.62514533,phase_formula
4146.7880641233005,0.0003150336598133633,7.25,34.63228542831999,692.914001249131,658.2817158208111,1108.5742556016578,4146.7880641233005,2018236.7965104324,0.7274963771823959,0.535599365853714,0.323,0.7274963771823959,0.0,206.72123387976254,170.3223027998309,0.0,139.95027533659925,1.0,2.0,0.0,0.0,ok,13133976.289189866,5286641.241956796,3042913.5139082,4869823.667448421,-18288618.95861347,phase_formula
4658.7063304314215,0.0003539243584617049,7.25,34.89789993560444,620.7063344117433,585.8084344761389,1018.142235221663,4658.7063304314215,2027366.3024830054,0.727421955568159,0.5356317534261331,0.323,0.727421955568159,0.0,183.9903612916978,151.58813592338333,0.0,124.56147459447942,1.0,2.0,0.0,0.0,ok,13130390.337434921,5286641.241956796,3042913.5139082,4845562.884607053,-18288107.040347163,phase_formula
5233.820570907399,0.0003976160883466838,7.25,35.16367615933735,556.4624191996609,521.2987430403235,936.4540093474699,5233.820570907399,2037047.5327767888,0.7273382817949554,0.53529167810075,0.323,0.7273382817949554,0.0,163.46733375456716,134.5662426882312,0.0,110.66738495184197,1.0,2.0,0.0,0.0,ok,13126360.91478475,5286641.241956796,3042913.5139082,4819937.245964628,-18287531.926106688,phase_formula
5879.932287106999,0.0004467015336250854,7.25,35.42953862028341,499.3070974237678,463.87755880348436,862.6051344966022,5879.932287106999,2047314.202387014,0.7272441965671629,0.5353101429258219,0.323,0.7272441965671629,0.0,145.47401892119512,119.74281174043874,0.0,98.48591080964911,1.0,2.0,0.0,0.0,ok,13121833.067379817,5286641.241956796,3042913.5139082,4792875.753609089,-18286885.814390488,phase_formula
6500.0,0.0004938084023398921,7.25,35.65868710482866,455.16415359858036,419.50546649375167,804.6642599977852,6500.0,2056653.3318012021,0.7271538221028744,0.5353392476847357,0.323,0.7271538221028744,0.0,131.57677275467842,108.2964438622484,0.0,89.07747515491731,1.0,2.0,0.0,0.0,ok,13117486.74065797,5286641.241956796,3042913.5139082,4768360.702514692,-18286265.746677596,phase_formula
6605.806070835401,0.00050184654492406,7.25,35.69559977172606,448.461555343013,412.76595557128695,795.7883463594544,6605.806070835401,2058202.1361571932,0.7271383929356072,0.5353452428544072,0.323,0.7271383929356072,0.0,129.4665983424171,106.55864417805486,0.0,87.64888707781637,1.0,2.0,0.0,0.0,ok,13116745.002385506,5286641.241956796,3042913.5139082,4764304.4643780785,-18286159.940606758,phase_formula
7421.288497006765,0.000563799171693897,7.25,35.96185388792354,403.23245130630755,367.270597418384,735.2826866018065,7421.288497006765,2069749.4125257554,0.7270193968584574,0.5354008103616062,0.323,0.7270193968584574,0.0,115.22684270850223,94.83358919641945,0.0,78.008572513656,1.0,2.0,0.0,0.0,ok,13111027.229099434,5286641.241956796,3042913.5139082,4734146.469610087,-18285344.458180588,phase_formula
8337.44169374924,0.000633399809598818,7.25,36.22827679423689,363.0026102772273,326.7743334829904,680.4441972114444,8337.44169374924,2081996.5145734497,0.7268855450357217,0.534863371511539,0.323,0.7268855450357217,0.0,102.26220386283947,84.05137045362116,0.0,69.23151201514234,1.0,2.0,0.0,0.0,ok,13104601.590102106,5286641.241956796,3042913.5139082,4702321.891954919,-18284428.304983847,phase_formula
9366.693401651874,0.0007115926005965109,7.25,36.49496310377885,327.22278932285275,290.7278262190739,630.6976801083565,9366.693401651874,2094986.4893819424,0.7267349595912485,0.5348979362534092,0.323,0.7267349595912485,0.0,90.99649392505395,74.78136142001554,0.0,61.60462638726153,1.0,2.0,0.0,0.0,ok,13097380.167807695,5286641.241956796,3042913.5139082,4668747.902321167,-18283399.053275943,phase_formula
10523.00555772709,0.0007994382403500031,7.25,36.76191649351383,295.40401603499294,258.6420995414791,585.5290309853467,10523.00555772709,2108765.1287696166,0.7265655190983894,0.5349597289124393,0.323,0.7265655190983894,0.0,80.97741403863522,66.54035759405882,0.0,54.82170930415604,1.0,2.0,0.0,0.0,ok,13089264.049666787,5286641.241956796,3042913.5139082,4633338.760426489,-18282242.74111987,phase_formula
11822.06369095274,0.0008981283667061263,7.25,37.02912872265642,267.1110345001908,230.0819057775344,544.47867580453,11822.06369095274,2123381.159409343,0.7263748253508133,0.5341783688049667,0.323,0.7263748253508133,0.0,71.7700466080321,58.860241029950956,0.0,48.58832155363775,1.0,2.0,0.0,0.0,ok,13080141.932822661,5286641.241956796,3042913.5139082,4596005.882860286,-18280943.682986643,phase_formula
13281.489698569587,0.0010090017244222128,7.25,37.29669824584823,241.95651969146192,204.6598214456137,507.13577601925635,13281.489698569587,2138886.4425131157,0.726160165164025,0.5342061062068968,0.323,0.726160165164025,0.0,63.84845492544581,52.35075715458505,0.0,43.22540398452682,1.0,2.0,0.0,0.0,ok,13069888.546158887,5286641.241956796,3042913.5139082,4556657.943049031,-18279484.256979026,phase_formula
14921.080889473207,0.0011335623254177018,7.25,37.564663577574066,219.59565534495124,182.03099176737717,473.1327957686869,14921.080889473207,2155336.204782509,0.7259184663503496,0.5342700143315079,0.323,0.7259184663503496,0.0,56.80604171266229,46.566947179711626,0.0,38.45769023947238,1.0,2.0,0.0,0.0,ok,13058362.86431374,5286641.241956796,3042913.5139082,4515201.008041442,-18277844.66578812,phase_formula
15000.0,0.0011395578515535972,7.25,37.57678576840799,218.64335577984946,181.06657001144146,471.66548240565066,15000.0,2156104.9812837993,0.7259068181377375,0.5342738653951741,0.323,0.7259068181377375,0.0,56.5061065585866,46.32069113250859,0.0,38.254634140163134,1.0,2.0,0.0,0.0,ok,13057807.919510018,5286641.241956796,3042913.5139082,4513270.769673417,-18277765.746677596,phase_formula
16763.07853735573,0.0012734998508968874,7.25,37.83300505595525,199.72145767602942,161.88845262007416,442.1408126328232,16763.07853735573,2172789.2872624565,0.7256462468331759,0.534378618300699,0.323,0.7256462468331759,0.0,50.54617050763579,41.42901920936862,0.0,34.21975743366944,1.0,2.0,0.0,0.0,ok,13045406.084269831,5286641.241956796,3042913.5139082,4471538.717613413,-18276002.66814024,phase_formula
18832.46958655668,0.0014307125721003326,7.25,38.10183410773558,182.0608005754179,143.9589664676823,413.86553027798396,18832.46958655668,2191308.3941682833,0.7253395556455456,0.5331447697691039,0.323,0.7253395556455456,0.0,44.685707333159876,36.51279196586498,0.0,30.252223864549244,1.0,2.0,0.0,0.0,ok,13030839.33042034,5286641.241956796,3042913.5139082,4425572.511819245,-18273933.277091037,phase_formula
21157.325603303416,0.0016073331006080237,7.25,38.37121509742202,166.3705308784117,127.99931578098969,388.0433792584937,21157.325603303416,2210960.397597238,0.7249939042811091,0.5332024846600731,0.323,0.7249939042811091,0.0,39.74265023922208,32.46202937563209,0.0,26.90577421195335,1.0,2.0,0.0,0.0,ok,13014461.048395215,5286641.241956796,3042913.5139082,4377201.913803257,-18271608.42107429,phase_formula
23769.183570259636,0.0018057573175005422,7.25,38.64121308149999,152.43421674299805,113.79300366149806,364.4382512334764,23769.183570259636,2231816.655567131,0.7246041865152242,0.533320056988143,0.323,0.7246041865152242,0.0,35.351478604044665,28.86673289498924,0.0,23.932951014938237,1.0,2.0,0.0,0.0,ok,12996044.041180043,5286641.241956796,3042913.5139082,4326324.875418385,-18268996.563107334,phase_formula
26326.0,0.002,7.25,38.878716007858095,141.49483410629205,102.61611809843396,345.3791680259279,26326.0,2251174.563322211,0.7242212414579607,0.5334836140012065,0.323,0.7242212414579607,0.0,31.90400501053618,26.046715959378574,0.0,21.599011392132994,1.0,2.0,0.0,0.0,ok,12977997.796952028,5286641.241956796,3042913.5139082,4279523.369141964,-18266439.746677596,phase_formula
26703.473689911352,0.002028676873806226,7.25,38.91188110986705,140.0591980161561,101.14731690628905,342.83853396262447,26703.473689911352,2253953.3699789545,0.724164584368056,0.5335115920222706,0.323,0.724164584368056,0.0,31.451525422044348,25.6767958332692,0.0,21.292682710724023,1.0,2.0,0.0,0.0,ok,12975332.09288977,5286641.241956796,3042913.5139082,4272838.193990634,-18266062.272987682,phase_formula
30000.0,0.0022791157031071944,7.25,39.183310122792335,129.07402178835764,89.89071166556529,323.0545313113008,30000.0,2277451.9675044147,0.7236684573094856,0.5315652524297567,0.323,0.7236684573094856,0.0,27.692878832524524,22.49734177783463,0.0,18.748078969619105,1.0,2.0,0.0,0.0,ok,12952036.11559184,5286641.241956796,3042913.5139082,4216638.009406097,-18262765.746677596,phase_formula
100.0,7.597052343690648e-06,7.5,24.732115434823623,27231.617240029256,27206.88512459443,28820.898568693934,100.0,1912353.4176069517,0.7371469980127602,0.5416312554018576,0.323,0.7371469980127602,0.0,8786.226662280953,7431.683806617492,0.0,5948.275450364206,1.0,2.0,0.0,0.0,ok,13162315.910241015,5110419.867224903,2941483.063444593,5045622.034748932,-17641508.224467494,phase_formula
112.34493440205146,8.534903472008771e-06,7.5,24.98230321274171,24242.131257110796,24217.148953898053,25771.179337932324,112.34493440205146,1913744.7649838103,0.7371453114711018,0.541632100837609,0.323,0.7371453114711018,0.0,7820.747639716451,6615.045099862479,0.0,5294.6461520880375,1.0,2.0,0.0,0.0,ok,13162231.457518384,5110419.867224903,2941483.063444593,5041718.352202346,-17641495.87953309,phase_formula
126.21384285801246,9.588531706906667e-06,7.5,25.23249337489409,21581.17007311682,21555.937579741927,23051.7328470953,126.21384285801246,1915218.812999547,0.7371434166929742,0.5416237084948088,0.323,0.7371434166929742,0.0,6961.0620587382455,5887.778161955368,0.0,4712.639013765792,1.0,2.0,0.0,0.0,ok,13162136.578752313,5110419.867224903,2941483.063444593,5037585.089020017,-17641482.010624632,phase_formula
141.79485896514254,1.077222965624421e-05,7.5,25.48268709170989,19212.634001165243,19187.151314073533,20626.457075479815,141.79485896514254,1916780.5736234295,0.7371412879628052,0.5416241830753333,0.323,0.7371412879628052,0.0,6196.123015630922,5240.769765068474,0.0,4194.775281582136,1.0,2.0,0.0,0.0,ok,13162029.986747025,5110419.867224903,2941483.063444593,5033208.628877499,-17641466.429608528,phase_formula
159.29934128987077,1.210205434094589e-05,7.5,25.732884030964076,17104.390138560673,17078.65725452971,18463.211089914417,159.29934128987077,1918435.3579048668,0.7371388963881147,0.5416250495887508,0.323,0.7371388963881147,0.0,5515.2471036644565,4664.867662282364,0.0,3733.822289180838,1.0,2.0,0.0,0.0,ok,13161910.235375071,5110419.867224903,2941483.063444593,5028574.580147385,-17641448.925126202,phase_formula
178.96474047500539,1.3596045010636282e-05,7.5,25.98308521470208,15227.836482534922,15201.85339732022,16533.37986870773,178.96474047500539,1920188.794257043,0.737136209506714,0.5416263975880838,0.323,0.737136209506714,0.0,4909.197112139278,4152.258394530321,0.0,3323.526444918291,1.0,2.0,0.0,0.0,ok,13161775.699949924,5110419.867224903,2941483.063444593,5023667.7329971725,-17641429.259727016,phase_formula
201.05782028944645,1.5274467848472724e-05,7.5,26.2332907222048,13557.513937945028,13531.280647222824,14811.486955197091,201.05782028944645,1922046.8478499595,0.7371331908452531,0.5416130299450583,0.323,0.7371331908452531,0.0,4369.444994573576,3695.612879007506,0.0,2958.114261326311,1.0,2.0,0.0,0.0,ok,13161624.55517364,5110419.867224903,2941483.063444593,5018472.014439032,-17641407.166647203,phase_formula
225.87827631437312,1.7160090884629123e-05,7.5,26.483501253850246,12070.760962806928,12044.277461553078,13274.84967436802,225.87827631437312,1924015.841175071,0.7371297994230693,0.5416137875579209,0.323,0.7371297994230693,0.0,3889.2837729226276,3289.488868357915,0.0,2633.045114268619,1.0,2.0,0.0,0.0,ok,13161454.75035973,5110419.867224903,2941483.063444593,5012970.4412924,-17641382.34619118,phase_formula
253.76280135386727,1.9278492847669018e-05,7.5,26.733717571260062,10747.406160879566,10720.672443308305,11903.272249151407,253.76280135386727,1926102.4758652123,0.7371259891945288,0.5416151697849888,0.323,0.7371259891945288,0.0,3461.8930966072307,2928.0017612029287,0.0,2343.7016264030954,1.0,2.0,0.0,0.0,ok,13161263.981594224,5110419.867224903,2941483.063444593,5007145.070984146,-17641354.461666137,phase_formula
285.08965271781034,2.1658410143417938e-05,7.5,26.983940069481815,9569.494653540156,9542.510713470674,10678.772631379696,285.08965271781034,1928313.8558419116,0.7371217084222021,0.541617319316808,0.323,0.7371217084222021,0.0,3081.4743157029247,2606.2466660726855,0.0,2086.1581117308797,1.0,2.0,0.0,0.0,ok,13161049.66045611,5110419.867224903,2941483.063444593,5000976.9501402015,-17641323.134814773,phase_formula
320.28378333286037,2.4332126668150144e-05,7.5,27.234169818483977,8521.04452049148,8493.810350672995,9585.339366430857,320.28378333286037,1930657.5118865382,0.737116898972251,0.5415960270060488,0.323,0.737116898972251,0.0,2742.5601134416115,2319.483492064342,0.0,1856.7131967999708,1.0,2.0,0.0,0.0,ok,13160808.878871452,5110419.867224903,2941483.063444593,4994446.060903653,-17641287.94068416,phase_formula
359.8226062857106,2.733591174395735e-05,7.5,27.484407182055435,7587.830001480888,7560.345594298833,8608.715167137238,359.8226062857106,1933141.4277081746,0.7371114955223144,0.5415972367863173,0.323,0.7371114955223144,0.0,2441.1678819251592,2064.574412408633,0.0,1652.6706560633331,1.0,2.0,0.0,0.0,ok,13160538.369622506,5110419.867224903,2941483.063444593,4987531.264952278,-17641248.401861206,phase_formula
404.24247099543345,3.071051211695156e-05,7.5,27.734650861397547,6757.18852099938,6729.453870137982,7736.2042770491,404.24247099543345,1935774.0676329238,0.7371054246709571,0.5415994419978862,0.323,0.7371054246709571,0.0,2172.9023057055824,1837.6861015683278,0.0,1471.0548609626794,1.0,2.0,0.0,0.0,ok,13160234.461973883,5110419.867224903,2941483.063444593,4980210.2451763395,-17641203.981996495,phase_formula
454.1459388650521,3.4501704692323335e-05,7.5,27.984904618408684,6017.848925492877,5989.864020874468,6956.501009818455,454.1459388650521,1938564.4059896204,0.7370986039363592,0.5416028701225516,0.323,0.7370986039363592,0.0,1934.1232889320024,1635.7395196200268,0.0,1309.4014666069659,1.0,2.0,0.0,0.0,ok,13159893.031810878,5110419.867224903,2941483.063444593,4972459.444994931,-17641154.078528628,phase_formula
510.20995710752294,3.876091750418012e-05,7.5,28.235169608701508,5359.778580939491,5331.543411330789,6259.537120745737,510.20995710752294,1941521.9583262843,0.7370909406303545,0.5415689555117569,0.323,0.7370909406303545,0.0,1721.2848961302207,1455.6198406701274,0.0,1165.3098746801595,1.0,2.0,0.0,0.0,ok,13159509.44560988,5110419.867224903,2941483.063444593,4964254.00529699,-17641098.014510386,phase_formula
520.0,3.950467218719137e-05,7.5,28.27600691775884,5259.420295304609,5231.14428838685,6152.965399680081,520.0,1942021.4326305124,0.7370896023838092,0.5415691750125055,0.323,0.7370896023838092,0.0,1688.8728086914236,1428.2082160222844,0.0,1143.3668914840937,1.0,2.0,0.0,0.0,ok,13159442.462073999,5110419.867224903,2941483.063444593,4962869.261438132,-17641088.224467494,phase_formula
573.1950416251822,4.354592734370449e-05,7.5,28.48544715974075,4774.047281590157,4745.561834430416,5636.345954483215,573.1950416251822,1944656.8145613857,0.7370823305921599,0.5415708880310699,0.323,0.7370823305921599,0.0,1532.1147184014903,1295.6357824426202,0.0,1037.241664357809,1.0,2.0,0.0,0.0,ok,13159078.497476181,5110419.867224903,2941483.063444593,4955567.699031729,-17641035.029425867,phase_formula
643.9555935096224,4.892164350904979e-05,7.5,28.73573890301507,4252.706110648014,4223.970371744999,5078.9415282744,643.9555935096224,1947979.6742063242,0.7370726567641268,0.541574407424255,0.323,0.7370726567641268,0.0,1363.7397651134024,1153.2417323023196,0.0,923.2518209817736,1.0,2.0,0.0,0.0,ok,13158594.338389138,5110419.867224903,2941483.063444593,4946372.86345488,-17640964.268873982,phase_formula
723.4514891067264,5.4960988308647454e-05,7.5,28.98604663095362,3788.6796119840665,3759.6935653531127,4580.210892262681,723.4514891067264,1951501.8837892986,0.7370617875895784,0.5415798762062838,0.323,0.7370617875895784,0.0,1213.87496911144,1026.5048249119384,0.0,821.7933540884447,1.0,2.0,0.0,0.0,ok,13158050.396687536,5110419.867224903,2941483.063444593,4936640.330092856,-17640884.772978384,phase_formula
812.7611008676171,6.174588626206921e-05,7.5,29.236372233707385,3375.669810541328,3346.4334383076207,4133.818327526785,812.7611008676171,1955235.476637311,0.7370495752102204,0.5415258579457956,0.323,0.7370495752102204,0.0,1080.1805585888792,913.3305379795637,0.0,731.2822381646713,1.0,2.0,0.0,0.0,ok,13157439.288707068,5110419.867224903,2941483.063444593,4926339.352494121,-17640795.463366624,phase_formula
913.0959256151148,6.93683754170869e-05,7.5,29.486717937657403,3008.070779674006,2978.5840617363488,3734.1200641106843,913.0959256151148,1959193.215157717,0.737035853437683,0.5415289473138751,0.323,0.737035853437683,0.0,961.4576654315078,812.9355707063733,0.0,650.9068394971308,1.0,2.0,0.0,0.0,ok,13156752.718345845,5110419.867224903,2941483.063444593,4915437.531872516,-17640695.128541876,phase_formula
1025.8170186601064,7.793185585809515e-05,7.5,29.737086258213314,2680.8925959255525,2651.155509667339,3376.0883745489923,1025.8170186601064,1963388.6358086457,0.7370204354704362,0.5415345668821625,0.323,0.7370204354704362,0.0,855.7889527952889,723.5827104034772,0.0,579.3691210424106,1.0,2.0,0.0,0.0,ok,13155981.36418056,5110419.867224903,2941483.063444593,4903900.740781793,-17640582.407448832,phase_formula
1152.4534566987763,8.755249234207827e-05,7.5,29.98748001847703,2389.693650034321,2359.706170015844,3055.2440040430547,1152.4534566987763,1967836.0969259369,0.7370031113235302,0.5415432946984177,0.323,0.7370031113235302,0.0,761.7399718101141,644.0586019493734,0.0,515.6979609154471,1.0,2.0,0.0,0.0,ok,13155114.752583016,5110419.867224903,2941483.063444593,4891693.045000248,-17640455.771010794,phase_formula
1294.7230799424149,9.836079008906897e-05,7.5,30.237902358213073,2130.5203958805846,2100.2824935223716,2767.5960260415395,1294.7230799424149,1972550.8296078776,0.7369836449343063,0.5414572588115428,0.323,0.7369836449343063,0.0,677.7281481015791,572.9092894463248,0.0,458.82195626476914,1.0,2.0,0.0,0.0,ok,13154141.115091935,5110419.867224903,2941483.063444593,4878776.623849246,-17640313.50138755,phase_formula
1300.0,9.876168046797843e-05,7.5,30.24663523518989,2121.9989525245046,2091.7523172893148,2758.1003194498817,1300.0,1972720.6019411208,0.7369829228337786,0.5414573707202947,0.323,0.7369829228337786,0.0,674.9759400784449,570.5822934409193,0.0,456.9587114331072,1.0,2.0,0.0,0.0,ok,13154105.001040546,5110419.867224903,2941483.063444593,4878311.99558651,-17640308.224467494,phase_formula
1454.5557948495277,0.00011050336510290418,7.5,30.488356796783084,1899.8537201249828,1869.3653633281997,2509.58830579589,1454.5557948495277,1977548.9918799782,0.7369617709022984,0.5414622030810272,0.323,0.7369617709022984,0.0,603.2284721359575,509.92132059333113,0.0,408.38567563604323,1.0,2.0,0.0,0.0,ok,13153047.228074918,5110419.867224903,2941483.063444593,4865111.689222769,-17640153.668672644,phase_formula
1634.1197535649385,0.000124144933036917,7.5,30.738847330690376,1694.5612050150937,1663.8223576844034,2278.0518439693637,1634.1197535649385,1982847.7263511168,0.7369371908159199,0.5414711832624491,0.323,0.7369371908159199,0.0,536.9235439022592,453.8650187729195,0.0,363.49723922182955,1.0,2.0,0.0,0.0,ok,13151818.23246733,5110419.867224903,2941483.063444593,4850656.403668443,-17639974.104713928,phase_formula
1835.850765193497,0.00013947054358379526,7.5,30.98937844868412,1511.854636680304,1480.86525823162,2070.162356814916,1835.850765193497,1988465.2216315232,0.7369095691120795,0.5414851215486354,0.323,0.7369095691120795,0.0,477.9128891312952,403.9787001829216,0.0,323.5470259418868,1.0,2.0,0.0,0.0,ok,13150437.431094386,5110419.867224903,2941483.063444593,4835366.797922212,-17639772.3737023,phase_formula
2062.485337876194,0.0001566880906993994,7.5,31.239955202111805,1349.2521826468567,1318.012227444745,1883.402513991439,2062.485337876194,1994420.7777756653,0.7368785284074671,0.5413480980161419,0.323,0.7368785284074671,0.0,425.08931022832894,359.2106382655792,0.0,287.7854630245787,1.0,2.0,0.0,0.0,ok,13148886.060765877,5110419.867224903,2941483.063444593,4819196.688384882,-17639545.739129618,phase_formula
2317.0977998889393,0.0001760311327120671,7.5,31.490583272793888,1204.5447254472108,1173.054142174417,1715.5283250815846,2317.0977998889393,2000734.8760319145,0.7368436442317287,0.5413560249865879,0.323,0.7368436442317287,0.0,378.3507231599075,319.70488585992507,0.0,256.1434395792574,1.0,2.0,0.0,0.0,ok,13147143.03597451,5110419.867224903,2941483.063444593,4802097.595113614,-17639291.126667604,phase_formula
2603.142003316607,0.00019776206057255997,7.5,31.74126905289325,1075.7658956481973,1044.024626595304,1564.539216931556,2603.142003316607,2007429.2532555717,0.7368044390829209,0.5413703937589242,0.323,0.7368044390829209,0.0,336.756379325894,284.5504734040235,0.0,227.98406880363024,1.0,2.0,0.0,0.0,ok,13145184.660623023,5110419.867224903,2941483.063444593,4784018.661004835,-17639005.082464177,phase_formula
2924.49817601829,0.00022217565722238775,7.5,31.992019737368206,961.1653977914303,929.1733780540621,1428.6513975592552,2924.49817601829,2014526.9812956972,0.736760375714268,0.5413926767534594,0.323,0.736760375714268,0.0,299.74100620573216,253.26925244242673,0.0,202.92466120128068,1.0,2.0,0.0,0.0,ok,13142984.30374558,5110419.867224903,2941483.063444593,4764906.57295574,-17638683.726291474,phase_formula
3200.0,0.00024310567499810073,7.5,32.18602511647199,881.2614166765325,849.0753915600604,1332.8957265366214,3200.0,2020308.5284043318,0.736722584266218,0.5411728039173934,0.323,0.736722584266218,0.0,273.62652719928667,231.08719480783685,0.0,185.24515891391707,1.0,2.0,0.0,0.0,ok,13141097.729437053,5110419.867224903,2941483.063444593,4749381.2394416705,-17638408.224467494,phase_formula
3285.5255574369426,0.0002496030963638185,7.5,32.242843428402985,859.1852674068597,826.9424239784566,1306.2741436093847,3285.5255574369426,2022052.5517737512,0.7367108495480447,0.5411744676646745,0.323,0.7367108495480447,0.0,266.4958982877922,225.06217807237178,0.0,180.41772314083534,1.0,2.0,0.0,0.0,ok,13140512.034667343,5110419.867224903,2941483.063444593,4744705.485927498,-17638322.698910054,phase_formula
3691.1215322651688,0.0002804164348754212,7.5,32.49374925293783,768.4387370223251,735.9449877693872,1195.988691259732,3691.1215322651688,2030031.9666757286,0.736655180097071,0.54118721260778,0.323,0.736655180097071,0.0,237.184321291092,200.29738101049293,0.0,160.5737855140693,1.0,2.0,0.0,0.0,ok,13137734.212454045,5110419.867224903,2941483.063444593,4723356.950972543,-17637917.10293523,phase_formula
4146.7880641233005,0.0003150336598133633,7.5,32.74474749531986,687.6914244840156,654.9466769886957,1096.5294456883541,4146.7880641233005,2038492.83519145,0.736592601256371,0.5412102500045406,0.323,0.736592601256371,0.0,211.10203563566674,178.26412199109467,0.0,142.9160781253464,1.0,2.0,0.0,0.0,ok,13134613.023830038,5110419.867224903,2941483.063444593,4700799.848455865,-17637461.436403368,phase_formula
4658.7063304314215,0.0003539243584617049,7.5,32.9958497475946,615.8445884054964,582.8487386579019,1006.767249921977,4658.7063304314215,2047464.4773809642,0.7365222503065532,0.5412459338626943,0.323,0.7365222503065532,0.0,187.89419094399886,158.66224030781692,0.0,127.20436726908724,1.0,2.0,0.0,0.0,ok,13131105.962976541,5110419.867224903,2941483.063444593,4676970.327889265,-17636949.51813706,phase_formula
5233.820570907399,0.0003976160883466838,7.5,33.24706908033181,551.9202236039221,518.6731545235903,925.6944927151819,5233.820570907399,2056978.035178001,0.736443155445762,0.540898486163093,0.323,0.736443155445762,0.0,166.93957929708466,140.85160320330124,0.0,113.01809518412631,1.0,2.0,0.0,0.0,ok,13127165.245747464,5110419.867224903,2941483.063444593,4651801.755992036,-17636374.403896585,phase_formula
5879.932287106999,0.0004467015336250854,7.5,33.49842023715387,495.04779434167807,461.5493741045242,852.4118481424559,5879.932287106999,2067066.5914084082,0.7363542216378838,0.5409190690803299,0.323,0.7363542216378838,0.0,148.567813795372,125.34045449436371,0.0,100.58040993946686,1.0,2.0,0.0,0.0,ok,13122737.149840891,5110419.867224903,2941483.063444593,4625224.674839427,-17635728.292180385,phase_formula
6500.0,0.0004938084023398921,7.5,33.71503144513368,451.1221396497674,417.40710820463374,794.922581765954,6500.0,2076243.4317756025,0.7362687981697539,0.5409498707384967,0.323,0.7362687981697539,0.0,134.3778807659226,113.36255048820058,0.0,90.9738252785296,1.0,2.0,0.0,0.0,ok,13118486.64891071,5110419.867224903,2941483.063444593,4601150.002740199,-17635108.224467494,phase_formula
6605.806070835401,0.00050184654492406,7.5,33.74991985655714,444.45242540880554,410.7025055522484,786.1164712200012,6605.806070835401,2077765.2975604467,0.7362542145300837,0.5409561239748207,0.323,0.7362542145300837,0.0,132.22322927166223,111.54400778311887,0.0,89.51512621691535,1.0,2.0,0.0,0.0,ok,13117761.271320447,5110419.867224903,2941483.063444593,4597166.772206053,-17635002.418396655,phase_formula
7421.288497006765,0.000563799171693897,7.5,34.00158672570472,399.4443908579913,365.4428041322866,726.0914870088966,7421.288497006765,2089111.5110044382,0.7361417421515356,0.5404481604132331,0.323,0.7361417421515356,0.0,117.3779401696,98.90142280681198,0.0,79.46486549481921,1.0,2.0,0.0,0.0,ok,13112169.686567929,5110419.867224903,2941483.063444593,4567552.866508761,-17634186.935970485,phase_formula
8337.44169374924,0.000633399809598818,7.5,34.25344207044263,359.4097578058117,325.15631573536905,671.6966326010195,8337.44169374924,2101144.9427283504,0.7360152340558725,0.5404603183048832,0.323,0.7360152340558725,0.0,104.44401169668608,87.99001806962218,0.0,70.70859591865647,1.0,2.0,0.0,0.0,ok,13105886.007238455,5110419.867224903,2941483.063444593,4536304.909068691,-17633270.782773744,phase_formula
9366.693401651874,0.0007115926005965109,7.5,34.505509887614686,323.8020583837382,289.29654849612353,622.3599255330512,9366.693401651874,2113907.816473231,0.735872917510539,0.5404937939111907,0.323,0.735872917510539,0.0,92.93973987863319,78.287883207643,0.0,62.92020389783467,1.0,2.0,0.0,0.0,ok,13098824.314047037,5110419.867224903,2941483.063444593,4503342.006773177,-17632241.53106584,phase_formula
10523.00555772709,0.0007994382403500031,7.5,34.7578173267383,292.1348768696836,257.3770595429453,577.5702437963815,10523.00555772709,2127445.0404726127,0.735712790264488,0.5405537015995767,0.323,0.735712790264488,0.0,82.70802364901392,69.66212259088273,0.0,55.99333201038244,1.0,2.0,0.0,0.0,ok,13090887.953199262,5110419.867224903,2941483.063444593,4468580.4686104525,-17631085.218909767,phase_formula
11822.06369095274,0.0008981283667061263,7.5,35.01037964264184,263.9752359590776,228.9648563164358,536.8707051288386,11822.06369095274,2141804.3939872147,0.7355325893384592,0.5397452256718722,0.323,0.7355325893384592,0.0,73.30434188069964,61.623121450390556,0.0,49.62703945323366,1.0,2.0,0.0,0.0,ok,13081968.176937206,5110419.867224903,2941483.063444593,4431933.87998358,-17629786.16077654,phase_formula
13281.489698569587,0.0010090017244222128,7.5,35.26322996491776,238.9377529082046,203.67452294328683,499.85281320988236,13281.489698569587,2157036.727552316,0.7353297551754931,0.539765896981363,0.323,0.7353297551754931,0.0,65.21372327629655,54.8085659911493,0.0,44.14969065805277,1.0,2.0,0.0,0.0,ok,13071942.606942069,5110419.867224903,2941483.063444593,4393313.209194716,-17628326.734768923,phase_formula
14921.080889473207,0.0011335623254177018,7.5,35.51642131649682,216.67941330413123,181.1629919876344,466.15122050132607,14921.080889473207,2173196.1805952755,0.7351013903583155,0.5398208957932398,0.323,0.7351013903583155,0.0,58.0205645603285,48.7530923458598,0.0,39.279922207342395,1.0,2.0,0.0,0.0,ok,13060673.496139148,5110419.867224903,2941483.063444593,4352626.951009982,-17626687.14357802,phase_formula
15000.0,0.0011395578515535972,7.5,35.52790804704803,215.73147808929986,180.20357004225184,464.69707381525524,15000.0,2173951.3680479163,0.7350903852441733,0.5398243334913853,0.323,0.7350903852441733,0.0,57.71420822330786,48.49526821698235,0.0,39.07251896717942,1.0,2.0,0.0,0.0,ok,13060130.917861152,5110419.867224903,2941483.063444593,4350732.707090288,-17626608.224467494,phase_formula
16763.07853735573,0.0012734998508968874,7.5,35.76999815052787,196.8948888066511,161.12489065612323,435.43903433689997,16763.07853735573,2190340.4206860615,0.7348442119381837,0.5399184769648849,0.323,0.7348442119381837,0.0,51.62624207128489,43.373265795604894,0.0,34.95096588225988,1.0,2.0,0.0,0.0,ok,13048005.760691449,5110419.867224903,2941483.063444593,4309781.312792479,-17624845.145930137,phase_formula
18832.46958655668,0.0014307125721003326,7.5,36.02401102565447,179.31240935056533,143.28839832491087,407.4236757480752,18832.46958655668,2208530.9019920356,0.734554496218149,0.5386323306218551,0.323,0.734554496218149,0.0,45.63901223319537,38.22525403307715,0.0,30.897611281873267,1.0,2.0,0.0,0.0,ok,13033764.749522978,5110419.867224903,2941483.063444593,4264680.449315779,-17622775.754880935,phase_formula
21157.325603303416,0.0016073331006080237,7.5,36.27851752326487,163.69007671553726,127.4115591922724,381.8431797298507,21157.325603303416,2227833.149262994,0.7342280145811152,0.5386686019609684,0.323,0.7342280145811152,0.0,40.588881602163326,33.982630432719645,0.0,27.478672844664572,1.0,2.0,0.0,0.0,ok,13017753.713425891,5110419.867224903,2941483.063444593,4217226.753043673,-17620450.898864187,phase_formula
23769.183570259636,0.0018057573175005422,7.5,36.53358332171506,149.81258335508443,113.27900003336936,358.4628997151059,23769.183570259636,2248317.068395039,0.7338599586345986,0.5387605321546636,0.323,0.7338599586345986,0.0,36.1021230858906,30.216466011949564,0.0,24.441137329147928,1.0,2.0,0.0,0.0,ok,12999750.92947826,5110419.867224903,2941483.063444593,4167321.2073907214,-17617839.04089723,phase_formula
26326.0,0.002,7.5,36.757938067074654,138.91811457429174,102.16017650721707,339.5883722732167,26326.0,2267328.330693584,0.733498348846053,0.5388975733896403,0.323,0.733498348846053,0.0,32.57922334559159,27.261958914948252,0.0,22.05613420496551,1.0,2.0,0.0,0.0,ok,12982111.874844268,5110419.867224903,2941483.063444593,4121419.8872442907,-17615282.224467494,phase_formula
26703.473689911352,0.002028676873806226,7.5,36.78922454123529,137.48823306899044,100.69900852775515,337.07251321619344,26703.473689911352,2270057.3058673684,0.7334448525396217,0.5389214357337336,0.323,0.7334448525396217,0.0,32.11680132684842,26.874337863193443,0.0,21.74307449827638,1.0,2.0,0.0,0.0,ok,12979506.42887333,5110419.867224903,2941483.063444593,4114863.8112547547,-17614904.75077758,phase_formula
30000.0,0.0022791157031071944,7.5,37.04557463736405,126.5465071571214,89.50093251975734,317.4835727633978,30000.0,2293133.5900621936,0.7329764498737327,0.5368770153309682,0.323,0.7329764498737327,0.0,28.275025578528947,23.54289096855732,0.0,19.142192316664097,1.0,2.0,0.0,0.0,ok,12956738.26700022,5110419.867224903,2941483.063444593,4059754.0839364678,-17611608.224467494,phase_formula
100.0,7.597052343690648e-06,7.75,23.45398721327832,27066.590275360784,27043.136288147507,28630.11291428422,100.0,1932560.8620981972,0.745626392347079,0.5469026157429652,0.323,0.745626392347079,0.0,8943.91278110743,7737.2056066834975,0.0,6055.028952809731,1.0,2.0,0.0,0.0,ok,13162329.63472212,4945567.613443454,2846596.5130108967,4881827.956307088,-17033674.652668115,phase_formula
112.34493440205146,8.534903472008771e-06,7.75,23.6912830455572,24095.09260855284,24071.401325507282,25599.36364758787,112.34493440205146,1933929.4828695767,0.7456247929602591,0.5469031708849129,0.323,0.7456247929602591,0.0,7961.097613625369,6886.983442289583,0.0,5389.663084424376,1.0,2.0,0.0,0.0,ok,13162246.876434539,4945567.613443454,2846596.5130108967,4877988.310713465,-17033662.30773371,phase_formula
126.21384285801246,9.588531706906667e-06,7.75,23.928505892481848,21450.141616937563,21426.21311104508,22896.88057609395,126.21384285801246,1935379.4469696677,0.7456229960989753,0.5469040509863377,0.323,0.7456229960989753,0.0,7086.286429630094,6130.197400584152,0.0,4797.415912859574,1.0,2.0,0.0,0.0,ok,13162153.901317067,4945567.613443454,2846596.5130108967,4873922.886536282,-17033648.438825257,phase_formula
141.79485896514254,1.077222965624421e-05,7.75,24.16580479197809,19095.855117803683,19071.689313011706,20486.779222768942,141.79485896514254,1936915.68333232,0.745620977376952,0.5468942495818959,0.323,0.745620977376952,0.0,6307.2992126969275,5456.1906865697365,0.0,4270.04156699582,1.0,2.0,0.0,0.0,ok,13162049.448010815,4945567.613443454,2846596.5130108967,4869618.297333427,-17033632.85780915,phase_formula
159.29934128987077,1.210205434094589e-05,7.75,24.403036089964527,17000.293537414076,16975.890501324113,18337.112113219042,159.29934128987077,1938543.4149209305,0.7456187093952984,0.5468946416950543,0.323,0.7456187093952984,0.0,5614.196338623986,4856.603678664656,0.0,3800.810921248439,1.0,2.0,0.0,0.0,ok,13161932.099417286,4945567.613443454,2846596.5130108967,4865060.395014331,-17033615.353326824,phase_formula
178.96474047500539,1.3596045010636282e-05,7.75,24.640339514630988,15135.027224441057,15110.386884926425,16419.43679063486,178.96474047500539,1940268.1766900853,0.7456161613700402,0.5468954477384491,0.323,0.7456161613700402,0.0,4997.2626840499115,4322.912000335308,0.0,3383.1468371017904,1.0,2.0,0.0,0.0,ok,13161800.26346569,4945567.613443454,2846596.5130108967,4860234.227751406,-17033595.687927637,phase_formula
201.05782028944645,1.5274467848472724e-05,7.75,24.87758082560466,13474.750238699291,13449.872657873686,14708.430233826963,201.05782028944645,1942095.8346396862,0.7456132987135233,0.5468967619496742,0.323,0.7456132987135233,0.0,4448.1284146726375,3847.874745488681,0.0,3011.3829367333756,1.0,2.0,0.0,0.0,ok,13161652.151504226,4945567.613443454,2846596.5130108967,4855123.995912423,-17033573.594847824,phase_formula
225.87827631437312,1.7160090884629123e-05,7.75,25.114890560811098,11996.937613252052,11971.82272269124,13181.546689115756,225.87827631437312,1944032.606014081,0.7456100825639558,0.5468810494952953,0.323,0.7456100825639558,0.0,3959.031367101533,3424.657091760741,0.0,2680.264235527738,1.0,2.0,0.0,0.0,ok,13161485.754021566,4945567.613443454,2846596.5130108967,4849713.005942523,-17033548.7743918,phase_formula
253.76280135386727,1.9278492847669018e-05,7.75,25.352143832333898,10681.539278248534,10656.187134416201,11818.71210081286,253.76280135386727,1946085.0807381498,0.7456064692566359,0.5468815634024374,0.323,0.7456064692566359,0.0,3523.9643065909,3048.301373858708,0.0,2385.7238355620393,1.0,2.0,0.0,0.0,ok,13161298.813368335,4945567.613443454,2846596.5130108967,4843983.622150548,-17033520.889866762,phase_formula
285.08965271781034,2.1658410143417938e-05,7.75,25.58946224825965,9510.70858266197,9485.11912041371,10602.053091851572,285.08965271781034,1948260.2441473021,0.745602409729608,0.5468827229071322,0.323,0.745602409729608,0.0,3136.7124014427245,2713.3113881071154,0.0,2123.554295776725,1.0,2.0,0.0,0.0,ok,13161088.793107538,4945567.613443454,2846596.5130108967,4837917.21633183,-17033489.563015398,phase_formula
320.28378333286037,2.4332126668150144e-05,7.75,25.826729799457862,8468.559716319687,8442.73298652023,9515.654798122883,320.28378333286037,1950565.501124097,0.7455978488555712,0.5468846768477583,0.323,0.7455978488555712,0.0,2792.0214865568546,2415.1416503096557,0.0,1890.1985463989906,1.0,2.0,0.0,0.0,ok,13160852.843576834,4945567.613443454,2846596.5130108967,4831494.115191766,-17033454.36888478,phase_formula
359.8226062857106,2.733591174395735e-05,7.75,26.064060058214462,7540.9526855367985,7514.888625478584,8545.34621212213,359.8226062857106,1953008.7016901863,0.7455927246908396,0.5468594897004521,0.323,0.7455927246908396,0.0,2484.9027073195966,2149.356594698526,0.0,1682.2791328553672,1.0,2.0,0.0,0.0,ok,13160587.763193823,4945567.613443454,2846596.5130108967,4824693.545527888,-17033414.830061827,phase_formula
404.24247099543345,3.071051211695156e-05,7.75,26.3013447403201,6715.301049232995,6688.999704492675,7678.508250731933,404.24247099543345,1955598.1682043206,0.7455869676309894,0.5468601323331027,0.323,0.7455869676309894,0.0,2211.817369311396,1913.134095888797,0.0,1497.400359023815,1.0,2.0,0.0,0.0,ok,13160289.954977354,4945567.613443454,2846596.5130108967,4817493.577137926,-17033370.410197116,phase_formula
454.1459388650521,3.4501704692323335e-05,7.75,26.53869062428715,5980.401620564768,5953.86292994048,6903.903758498979,454.1459388650521,1958342.7241986324,0.7455804994615169,0.5468617816008945,0.323,0.7455804994615169,0.0,1968.7479511137326,1702.8788983797447,0.0,1332.8423629039971,1.0,2.0,0.0,0.0,ok,13159955.377692377,4945567.613443454,2846596.5130108967,4809871.063443519,-17033320.50672925,phase_formula
510.20995710752294,3.876091750418012e-05,7.75,26.775996420597625,5326.282069618967,5299.506073198369,6211.525372696876,510.20995710752294,1961251.7250431632,0.7455732322903479,0.5468646724697055,0.323,0.7455732322903479,0.0,1752.3961467175295,1515.7375674013824,0.0,1186.3721913277675,1.0,2.0,0.0,0.0,ok,13159579.490952285,4945567.613443454,2846596.5130108967,4801801.57981826,-17033264.442711007,phase_formula
520.0,3.950467218719137e-05,7.75,26.814780144304134,5226.526234259698,5199.711454115394,6105.657509107958,520.0,1961742.9973239983,0.7455719632228535,0.5468652826113879,0.323,0.7455719632228535,0.0,1719.4015866664895,1487.1980373883036,0.0,1164.0348741732134,1.0,2.0,0.0,0.0,ok,13159513.851981113,4945567.613443454,2846596.5130108967,4800439.794503671,-17033254.652668115,phase_formula
573.1950416251822,4.354592734370449e-05,7.75,27.013362531025475,4744.066058557618,4717.0526960265925,5592.460900885098,573.1950416251822,1964335.0904616304,0.7455650673473622,0.5468242994293274,0.323,0.7455650673473622,0.0,1559.514054740579,1348.7806977510966,0.0,1055.791015059372,1.0,2.0,0.0,0.0,ok,13159157.193529757,4945567.613443454,2846596.5130108967,4793259.359640755,-17033201.457626488,phase_formula
643.9555935096224,4.892164350904979e-05,7.75,27.250694233656105,4225.852434731611,4198.601740497955,5038.7727260012825,643.9555935096224,1967603.3391322442,0.7455558936342012,0.5468250437004433,0.323,0.7455558936342012,0.0,1388.1125820497957,1200.52668999269,0.0,939.752218047712,1.0,2.0,0.0,0.0,ok,13158682.754033957,4945567.613443454,2846596.5130108967,4784217.228095401,-17033130.697074603,phase_formula
723.4514891067264,5.4960988308647454e-05,7.75,27.488086743486026,3764.6084368341562,3737.1203500906704,4543.391204544282,723.4514891067264,1971067.6253746022,0.7455455864054763,0.5468273571772259,0.323,0.7455455864054763,0.0,1235.5535766824578,1068.5736332510824,0.0,836.469771414024,1.0,2.0,0.0,0.0,ok,13158149.733006941,4945567.613443454,2846596.5130108967,4774646.533779419,-17033051.201179005,phase_formula
812.7611008676171,6.174588626206921e-05,7.75,27.725450402256076,3354.073918451664,3326.348468049408,4100.0190604423,812.7611008676171,1974739.7782340883,0.7455340054600581,0.5468316106628203,0.323,0.7455340054600581,0.0,1099.7665217567264,951.130275666578,0.0,744.5419352293038,1.0,2.0,0.0,0.0,ok,13157550.895373888,4945567.613443454,2846596.5130108967,4764517.078196568,-17032961.891567245,phase_formula
913.0959256151148,6.93683754170869e-05,7.75,27.96287680088084,2988.676795679341,2960.7139188784604,3703.0469828255336,913.0959256151148,1978632.3429005905,0.7455209932183646,0.5468382541745738,0.323,0.7455209932183646,0.0,978.9084707712193,846.602261996566,0.0,662.7210347121155,1.0,2.0,0.0,0.0,ok,13156878.11204881,4945567.613443454,2846596.5130108967,4753797.043242913,-17032861.556742497,phase_formula
1025.8170186601064,7.793185585809515e-05,7.75,28.200280136275353,2663.457101172356,2635.2568210360805,3347.4778159889393,1025.8170186601064,1982758.6249003261,0.7455063725584238,0.5467676424654296,0.323,0.7455063725584238,0.0,871.0268923695513,753.1808821998907,0.0,589.6852061341863,1.0,2.0,0.0,0.0,ok,13156122.249347283,4945567.613443454,2846596.5130108967,4742452.916833772,-17032748.835649453,phase_formula
1152.4534566987763,8.755249234207827e-05,7.75,28.437750112725663,2374.0000555909355,2345.56230547821,3028.859748189102,1152.4534566987763,1987132.7369085262,0.7454899443799103,0.5467708313108229,0.323,0.7454899443799103,0.0,775.285711947104,670.381922041864,0.0,524.8684269881894,1.0,2.0,0.0,0.0,ok,13155273.044688828,4945567.613443454,2846596.5130108967,4730449.416854256,-17032622.199211415,phase_formula
1294.7230799424149,9.836079008906897e-05,7.75,28.675202841944877,2116.3758302114193,2087.700627369474,2743.226178795367,1294.7230799424149,1991769.6487696236,0.7454714848612891,0.5467770509196453,0.323,0.7454714848612891,0.0,690.0731013232412,596.6914021677852,0.0,467.17948959583435,1.0,2.0,0.0,0.0,ok,13154318.966881067,4945567.613443454,2846596.5130108967,4717749.413665594,-17032479.929588173,phase_formula
1300.0,9.876168046797843e-05,7.75,28.683507176623657,2107.9053188146604,2079.221811638037,2733.797328940828,1300.0,1991936.6176232847,0.7454708001125967,0.5467773320348014,0.323,0.7454708001125967,0.0,687.2713585183549,594.2685585351168,0.0,465.2827097169263,1.0,2.0,0.0,0.0,ok,13154283.578396305,4945567.613443454,2846596.5130108967,4717292.577427307,-17032474.652668115,phase_formula
1454.5557948495277,0.00011050336510290418,7.75,28.912728470332535,1887.0865870392697,1858.1738585689372,2487.042851828401,1454.5557948495277,1996685.2404534053,0.7454507423705461,0.5467870109649087,0.323,0.7454507423705461,0.0,614.2321619826782,531.1084787290431,0.0,415.8351736622733,1.0,2.0,0.0,0.0,ok,13153247.059062747,4945567.613443454,2846596.5130108967,4704313.851448806,-17032320.096873265,phase_formula
1634.1197535649385,0.000124144933036917,7.75,29.150242860947575,1683.018680627905,1653.8684377669574,2257.160136483937,1634.1197535649385,2001896.358771976,0.7454274339846856,0.5466738214952644,0.323,0.7454274339846856,0.0,546.4210837898644,472.35288186823885,0.0,369.9270737257382,1.0,2.0,0.0,0.0,ok,13152042.762140376,4945567.613443454,2846596.5130108967,4690101.668734925,-17032140.53291455,phase_formula
1835.850765193497,0.00013947054358379526,7.75,29.387839504449627,1501.4007741138512,1472.0129346094016,2050.7712133444975,1835.850765193497,2007420.8773288017,0.7454012415670836,0.5466781188828332,0.323,0.7454012415670836,0.0,486.347243995022,420.41036825354485,0.0,329.25708418463,1.0,2.0,0.0,0.0,ok,13150689.716279252,4945567.613443454,2846596.5130108967,4675069.7185305,-17031938.80190292,phase_formula
2062.485337876194,0.0001566880906993994,7.75,29.625431124223184,1339.7658859981732,1310.14045487395,1865.3741818321068,2062.485337876194,2013277.76097812,0.7453718073448186,0.5466871508528874,0.323,0.7453718073448186,0.0,432.8826965551843,374.18565695640825,0.0,293.06158556785977,1.0,2.0,0.0,0.0,ok,13149169.537700392,4945567.613443454,2846596.5130108967,4659172.688535637,-17031712.16733024,phase_formula
2317.0977998889393,0.0001760311327120671,7.75,29.863118203917217,1195.9182949234958,1166.0551767195786,1698.7390162770257,2317.0977998889393,2019487.1337414794,0.7453387289200704,0.5467020388293226,0.323,0.7453387289200704,0.0,385.3012118458726,333.05048359472164,0.0,260.84892041965577,1.0,2.0,0.0,0.0,ok,13147461.567685131,4945567.613443454,2846596.5130108967,4642363.02203119,-17031457.554868225,phase_formula
2603.142003316607,0.00019776206057255997,7.75,30.10080672977105,1067.9033707987664,1037.8025640689955,1548.877440553072,2603.142003316607,2026070.3522570077,0.7453015536404344,0.5465206143822211,0.323,0.7453015536404344,0.0,342.64441171070354,296.0564413476422,0.0,231.9702667281463,1.0,2.0,0.0,0.0,ok,13145542.590293365,4945567.613443454,2846596.5130108967,4624590.840125937,-17031171.5106648,phase_formula
2924.49817601829,0.00022217565722238775,7.75,30.338608802903522,953.9814618674217,923.6428530645181,1414.0168526174716,2924.49817601829,2033050.082810048,0.745259772242302,0.5465262352984719,0.323,0.745259772242302,0.0,304.96072334690007,263.4840517636711,0.0,206.45840970585135,1.0,2.0,0.0,0.0,ok,13143386.51485343,4945567.613443454,2846596.5130108967,4605803.86615359,-17030850.154492095,phase_formula
3200.0,0.00024310567499810073,7.75,30.522526905379536,874.54967900291,844.0271520975305,1318.9930871777833,3200.0,2038735.406856606,0.7452239384280095,0.5465355686545136,0.323,0.7452239384280095,0.0,278.68550872078447,240.77487856810373,0.0,188.67008940397108,1.0,2.0,0.0,0.0,ok,13141537.920175258,4945567.613443454,2846596.5130108967,4590543.2656133175,-17030574.652668115,phase_formula
3285.5255574369426,0.0002496030963638185,7.75,30.576419153053227,852.6038710906222,822.0274519375689,1292.5763312059016,3285.5255574369426,2040450.3853120701,0.7452128116690722,0.5465392537171689,0.323,0.7452128116690722,0.0,271.4260016855983,234.50098885044477,0.0,183.75540314115008,1.0,2.0,0.0,0.0,ok,13140964.018773617,4945567.613443454,2846596.5130108967,4585947.353154415,-17030489.127110675,phase_formula
3691.1215322651688,0.0002804164348754212,7.75,30.81436733255247,762.3923014853535,731.577934152801,1183.1461055212658,3691.1215322651688,2048296.8007013996,0.7451600269515474,0.5465614476791475,0.323,0.7451600269515474,0.0,241.58437525748923,208.7128819650059,0.0,163.5526220493202,1.0,2.0,0.0,0.0,ok,13138242.145648934,4945567.613443454,2846596.5130108967,4564964.015511175,-17030083.53113585,phase_formula
4146.7880641233005,0.0003150336598133633,7.75,31.052331122059616,682.119670988016,651.0673398659563,1084.4683899473666,4146.7880641233005,2056616.4474879769,0.7451006920210637,0.546270688570409,0.323,0.7451006920210637,0.0,214.71824708652366,185.37986500628674,0.0,145.36425327757655,1.0,2.0,0.0,0.0,ok,13135183.852982037,4945567.613443454,2846596.5130108967,4542793.965978647,-17029627.86460399,phase_formula
4658.7063304314215,0.0003539243584617049,7.75,31.290458273651442,610.6939903207845,579.403532047133,995.4212767458775,4658.7063304314215,2065438.1208313825,0.7450339893062345,0.5462777440138716,0.323,0.7450339893062345,0.0,191.08997564128924,164.96708366836285,0.0,129.36791350915283,1.0,2.0,0.0,0.0,ok,13131747.503092146,4945567.613443454,2846596.5130108967,4519374.659532743,-17029115.94633768,phase_formula
5233.820570907399,0.0003976160883466838,7.75,31.528622240451348,547.1430037333573,515.614381492906,915.0033878296035,5233.820570907399,2074792.4042533692,0.7449589979410727,0.546296368678723,0.323,0.7449589979410727,0.0,170.06620240161246,146.80747587558918,0.0,115.13481902589163,1.0,2.0,0.0,0.0,ok,13127886.289937131,4945567.613443454,2846596.5130108967,4494640.845663308,-17028540.832097206,phase_formula
5879.932287106999,0.0004467015336250854,7.75,31.766965518503454,490.60154527834163,458.83457975983816,842.3212382698418,5879.932287106999,2084711.7822121135,0.7448746803849957,0.5463293777383436,0.323,0.7448746803849957,0.0,151.36076984135747,130.65349211312633,0.0,102.47124118259902,1.0,2.0,0.0,0.0,ok,13123547.593605086,4945567.613443454,2846596.5130108967,4468524.530977313,-17027894.720381007,phase_formula
6500.0,0.0004938084023398921,7.75,31.972312072752928,446.93044147849804,414.9581294057451,785.309418985828,6500.0,2093734.4877285638,0.7447936932577197,0.5463717876564336,0.323,0.7447936932577197,0.0,136.91276095706198,118.17871392598985,0.0,92.68993916793096,1.0,2.0,0.0,0.0,ok,13119382.96917694,4945567.613443454,2846596.5130108967,4444868.741099633,-17027274.652668115,phase_formula
6605.806070835401,0.00050184654492406,7.75,32.00539365413728,440.29929478898293,408.29390113484567,776.5769954397913,6605.806070835401,2095230.7694545297,0.7447798672229264,0.5458634841990009,0.323,0.7447798672229264,0.0,134.40738756885386,115.89655110158054,0.0,90.99380138411408,1.0,2.0,0.0,0.0,ok,13118672.253124004,4945567.613443454,2846596.5130108967,4440954.954230703,-17027168.846597277,phase_formula
7421.288497006765,0.000563799171693897,7.75,32.24401030448379,395.55076471866795,363.3067544141842,717.0584672526592,7421.288497006765,2106386.0405333177,0.7446732398752823,0.5458718164674438,0.323,0.7446732398752823,0.0,119.60241697367903,103.1169945200521,0.0,80.9708362911807,1.0,2.0,0.0,0.0,ok,13113193.746968677,4945567.613443454,2846596.5130108967,4411858.576195817,-17026353.364171106,phase_formula
8337.44169374924,0.000633399809598818,7.75,32.48277411370736,355.7456568729067,323.26288275919933,663.1294570971434,8337.44169374924,2118216.5787068717,0.7445533109017255,0.5458983086540113,0.323,0.7445533109017255,0.0,106.43242218263734,91.75185776781395,0.0,72.05474981764547,1.0,2.0,0.0,0.0,ok,13107037.269185865,4945567.613443454,2846596.5130108967,4381159.087093652,-17025437.210974365,phase_formula
9366.693401651874,0.0007115926005965109,7.75,32.72173718014071,320.3408226508094,287.6190854706687,614.2217199872996,9366.693401651874,2130763.8277940173,0.7444184015273969,0.5459473646131413,0.323,0.7444184015273969,0.0,94.71775054376279,81.64571642503459,0.0,64.12391711812741,1.0,2.0,0.0,0.0,ok,13100118.687379291,4945567.613443454,2846596.5130108967,4348777.434674127,-17024407.95926646,phase_formula
10523.00555772709,0.0007994382403500031,7.75,32.960927872315295,288.8527772582375,255.8918493859222,569.8274707112722,10523.00555772709,2144071.8616867717,0.7442666159537817,0.5460241899726369,0.323,0.7442666159537817,0.0,84.29848217118952,72.66021290560293,0.0,57.070072429895305,1.0,2.0,0.0,0.0,ok,13092343.366856294,4945567.613443454,2846596.5130108967,4314631.876419898,-17023251.647110388,phase_formula
11822.06369095274,0.0008981283667061263,7.75,33.20033081570873,260.85112075761197,227.6507899419032,529.4927972570177,11822.06369095274,2158187.5677714,0.7440958119355644,0.5452100277862639,0.323,0.7440958119355644,0.0,74.72125311455721,64.28528366472884,0.0,50.586288358555244,1.0,2.0,0.0,0.0,ok,13083604.842989786,4945567.613443454,2846596.5130108967,4278638.059781101,-17021952.58897716,phase_formula
13281.489698569587,0.0010090017244222128,7.75,33.44005833015884,235.95287126051443,202.51281293035558,492.8119843309327,13281.489698569587,2173160.8352712383,0.7439035670062567,0.5452476249948178,0.323,0.7439035670062567,0.0,66.4815239361763,57.18545784582221,0.0,45.00799170479135,1.0,2.0,0.0,0.0,ok,13073783.321234379,4945567.613443454,2846596.5130108967,4240709.134828359,-17020493.162969545,phase_formula
14921.080889473207,0.0011335623254177018,7.75,33.68002786696919,213.81694561429526,180.13691774732607,459.4219837235403,14921.080889473207,2189044.78569109,0.7436871396144206,0.5453207150998617,0.323,0.7436871396144206,0.0,59.155344711182416,50.87590253719739,0.0,40.0481683694705,1.0,2.0,0.0,0.0,ok,13062743.9811818,4945567.613443454,2846596.5130108967,4200755.904227521,-17018853.57177864,phase_formula
15000.0,0.0011395578515535972,7.75,33.69093880041277,212.87421580709878,179.183277006686,457.9814159849286,15000.0,2189787.079160155,0.7436767101865567,0.5453250310329939,0.323,0.7436767101865567,0.0,58.843319972090086,50.60725603796759,0.0,39.83692762110499,1.0,2.0,0.0,0.0,ok,13062212.476821996,4945567.613443454,2846596.5130108967,4198895.896196447,-17018774.652668115,phase_formula
16763.07853735573,0.0012734998508968874,7.75,33.92038365892752,194.13995529970663,160.2195716407791,428.99819828416634,16763.07853735573,2205895.9795837454,0.7434434242829848,0.5454377049179817,0.323,0.7434434242829848,0.0,52.64235420785386,45.26979438159037,0.0,35.63887379871707,1.0,2.0,0.0,0.0,ok,13050335.057458306,4945567.613443454,2846596.5130108967,4158687.0160127655,-17017011.57413076,phase_formula
18832.46958655668,0.0014307125721003326,7.75,34.16113276349157,176.65172496880635,142.49059220531478,401.24998808629664,18832.46958655668,2223774.69245368,0.7431688997187067,0.5441340111191325,0.323,0.7431688997187067,0.0,46.54285997208544,39.90460189902091,0.0,31.50951620110184,1.0,2.0,0.0,0.0,ok,13036385.66604345,4945567.613443454,2846596.5130108967,4114409.2052507526,-17014942.183081556,phase_formula
21157.325603303416,0.0016073331006080237,7.75,34.40229185634945,161.11177412316366,126.7094822668142,375.91713820917425,21157.325603303416,2242745.185995468,0.7428595685670168,0.5441875399375649,0.323,0.7428595685670168,0.0,41.39816642445957,35.48241926949291,0.0,28.026558669359133,1.0,2.0,0.0,0.0,ok,13020703.339582851,4945567.613443454,2846596.5130108967,4067827.5913581243,-17012617.327064812,phase_formula
23769.183570259636,0.0018057573175005422,7.75,34.64398303455872,147.30615047033453,112.6621674357758,352.76667839262325,23769.183570259636,2262875.9936559396,0.7425108872158104,0.5442975065596769,0.323,0.7425108872158104,0.0,36.826967115429845,31.556300022796822,0.0,24.93185673714601,1.0,2.0,0.0,0.0,ok,13003071.22929666,4945567.613443454,2846596.5130108967,4018846.0385488486,-17010005.469097853,phase_formula
26326.0,0.002,7.75,34.8565539249663,136.46699409179772,101.61044016683142,334.08031448386635,26326.0,2281558.5754325343,0.7421683542674111,0.5444509243774143,0.323,0.7421683542674111,0.0,33.23740901232016,28.47584586940797,0.0,22.50172590134074,1.0,2.0,0.0,0.0,ok,12985796.467256641,4945567.613443454,2846596.5130108967,3973800.87928887,-17007448.652668115,phase_formula
26703.473689911352,0.002028676873806226,7.75,34.886228901215695,135.04432097051648,100.15809206930079,331.5897593745276,26703.473689911352,2284240.285735151,0.7421176836821757,0.5444771801735364,0.323,0.7421176836821757,0.0,32.76622127484515,28.071687179287018,0.0,22.182731803070162,1.0,2.0,0.0,0.0,ok,12983244.923916485,4945567.613443454,2846596.5130108967,3967367.5876583196,-17007071.1789782,phase_formula
30000.0,0.0022791157031071944,7.75,35.129082812429715,124.15671705459043,89.02763424216072,312.19918333297386,30000.0,2306916.2255695257,0.7416740611443831,0.5423909719452117,0.323,0.7416740611443831,0.0,28.85060444072443,24.59754814553519,0.0,19.531859206370438,1.0,2.0,0.0,0.0,ok,12960948.827413574,4945567.613443454,2846596.5130108967,3913294.968394126,-17003774.652668115,phase_formula
100.0,7.597052343690648e-06,8.0,22.30152398867209,26884.02263280287,26861.721108814196,28423.00366433201,100.0,1950799.2601103163,0.7535757992845957,0.5519097068554665,0.323,0.7535757992845957,0.0,9082.583020165364,8022.451196815051,0.0,6148.908704651953,1.0,2.0,0.0,0.0,ok,13162342.01049617,4791018.6255233465,2757640.371979306,4728287.14574598,-16465022.5815108,phase_formula
112.34493440205146,8.534903472008771e-06,8.0,22.52712052811443,23932.45487604866,23909.927755520548,25413.119574278935,112.34493440205146,1952146.2320545642,0.7535742784873948,0.5519100826900646,0.323,0.7535742784873948,0.0,8084.525169320059,7140.878190357298,0.0,5473.22353962968,1.0,2.0,0.0,0.0,ok,13162260.780124744,4791018.6255233465,2757640.371979306,4724508.5113880765,-16465010.236576399,phase_formula
126.21384285801246,9.588531706906667e-06,8.0,22.752719472381216,21305.24260202529,21282.48988255291,22729.283409352985,126.21384285801246,1953573.2546390845,0.7535725699199796,0.5519107556954744,0.323,0.7535725699199796,0.0,7196.146000142498,6356.186164603754,0.0,4871.790842096472,1.0,2.0,0.0,0.0,ok,13162169.521575026,4791018.6255233465,2757640.371979306,4720507.720847483,-16464996.367667943,phase_formula
141.79485896514254,1.077222965624421e-05,8.0,22.97832140366691,18966.744265321064,18943.7659439174,20335.8513661609,141.79485896514254,1955085.1777473157,0.7535706503946902,0.5519117935243949,0.323,0.7535706503946902,0.0,6405.393557353743,5657.729429426743,0.0,4336.451438328484,1.0,2.0,0.0,0.0,ok,13162066.996785263,4791018.6255233465,2757640.371979306,4716271.606706177,-16464980.786651835,phase_formula
159.29934128987077,1.210205434094589e-05,8.0,23.20392625113396,16885.234762987046,16862.03083673591,18201.0905666588,159.29934128987077,1956687.1404858553,0.7535684938593857,0.5519005086004727,0.323,0.7535684938593857,0.0,5701.222207630284,5035.627598230141,0.0,3859.727434565702,1.0,2.0,0.0,0.0,ok,13161951.814832265,4791018.6255233465,2757640.371979306,4711786.252899346,-16464963.282169512,phase_formula
178.96474047500539,1.3596045010636282e-05,8.0,23.429534856517897,15032.475080840808,15009.04554598429,16296.74939223592,178.96474047500539,1958384.5888445224,0.753566071043307,0.5519009535451571,0.323,0.753566071043307,0.0,5074.719109717133,4482.25500896924,0.0,3435.584837278499,1.0,2.0,0.0,0.0,ok,13161822.413054597,4791018.6255233465,2757640.371979306,4707036.953413464,-16464943.616770325,phase_formula
201.05782028944645,1.5274467848472724e-05,8.0,23.655147129547945,13383.32922560804,13359.674078478492,14597.675038596546,201.05782028944645,1960183.2944235085,0.7535633490590844,0.5519018529324066,0.323,0.7535633490590844,0.0,4517.066692964207,3989.6993567366526,0.0,3058.0541511367683,1.0,2.0,0.0,0.0,ok,13161677.035843812,4791018.6255233465,2757640.371979306,4702008.169051816,-16464921.52369051,phase_formula
225.87827631437312,1.7160090884629123e-05,8.0,23.880763971869815,11915.423253738618,11891.542489766747,13081.473103175782,225.87827631437312,1962089.374292198,0.7535602909554431,0.5519033122052005,0.323,0.7535602909554431,0.0,4020.699354706772,3551.2778203212138,0.0,2722.013463136484,1.0,2.0,0.0,0.0,ok,13161513.710815448,4791018.6255233465,2757640.371979306,4696683.482201264,-16464896.703234486,phase_formula
253.76280135386727,1.9278492847669018e-05,8.0,24.106385585670864,10608.841764167659,10584.735378581989,11728.204576122964,253.76280135386727,1964109.312050994,0.7535568552144718,0.5518851173310316,0.323,0.7535568552144718,0.0,3578.5648434928517,3160.6374471437125,0.0,2422.6883990446604,1.0,2.0,0.0,0.0,ok,13161330.222035758,4791018.6255233465,2757640.371979306,4691045.549548041,-16464868.818709446,phase_formula
285.08965271781034,2.1658410143417938e-05,8.0,24.33201263747218,9445.857744398812,9421.52573176134,10520.116142292643,285.08965271781034,1966249.9801796717,0.7535529951865572,0.5518855813740097,0.323,0.7535529951865572,0.0,3185.304866387571,2813.2923391599093,0.0,2156.4513945443855,1.0,2.0,0.0,0.0,ok,13161124.079940055,4791018.6255233465,2757640.371979306,4685076.052691899,-16464837.491858084,phase_formula
320.28378333286037,2.4332126668150144e-05,8.0,24.557645930364078,8410.692100873026,8386.134454942661,9441.400110091248,320.28378333286037,1968518.6637426405,0.7535486584552132,0.551886739221076,0.323,0.7535486584552132,0.0,2835.265834654862,2504.1250013695512,0.0,1919.4749700613413,1.0,2.0,0.0,0.0,ok,13160892.487533372,4791018.6255233465,2757640.371979306,4678755.646616676,-16464802.297727467,phase_formula
359.8226062857106,2.733591174395735e-05,8.0,24.78328595738283,7489.299612997525,7464.516327040143,8477.980734025281,359.8226062857106,1970923.0855521325,0.7535437861230654,0.5518887551306828,0.323,0.7535437861230654,0.0,2523.6984486689435,2228.9402991234847,0.0,1708.5438497488747,1.0,2.0,0.0,0.0,ok,13160632.302413456,4791018.6255233465,2757640.371979306,4672063.905982073,-16464762.758904515,phase_formula
404.24247099543345,3.071051211695156e-05,8.0,25.00893368323372,6669.178408625854,6644.169474942621,7617.324016807577,404.24247099543345,1973471.4328746642,0.7535383120091356,0.551859423655512,0.323,0.7535383120091356,0.0,2246.0573068019403,1983.5996441593593,0.0,1520.5807967049136,1.0,2.0,0.0,0.0,ok,13160339.994098935,4791018.6255233465,2757640.371979306,4664979.269206586,-16464718.339039804,phase_formula
454.1459388650521,3.4501704692323335e-05,8.0,25.234590073629228,5939.2003740071295,5913.9657839335005,6848.268408991233,454.1459388650521,1976172.3857755088,0.7535321617463391,0.551859773464956,0.323,0.7535321617463391,0.0,1999.2154646831932,1765.588082463368,0.0,1353.468869590522,1.0,2.0,0.0,0.0,ok,13160011.596081456,4791018.6255233465,2757640.371979306,4657478.980336845,-16464668.435571935,phase_formula
510.20995710752294,3.876091750418012e-05,8.0,25.460256032616584,5289.460199359593,5263.999943326977,6160.874122190993,510.20995710752294,1979035.1472236593,0.7535252517666866,0.5518611806336399,0.323,0.7535252517666866,0.0,1779.5055271569058,1571.5425765419131,0.0,1204.7252418852254,1.0,2.0,0.0,0.0,ok,13159642.651948206,4791018.6255233465,2757640.371979306,4649539.02869479,-16464612.371553693,phase_formula
520.0,3.950467218719137e-05,8.0,25.49713064234472,5190.372119788323,5164.874989145978,6055.77062978428,520.0,1979518.6081842098,0.7535240450771764,0.5518615288116983,0.323,0.7535240450771764,0.0,1745.9987978393674,1541.9500893528684,0.0,1182.0411861372518,1.0,2.0,0.0,0.0,ok,13159578.225368533,4791018.6255233465,2757640.371979306,4648199.117102274,-16464602.5815108,phase_formula
573.1950416251822,4.354592734370449e-05,8.0,25.685932798245606,4711.1410124025415,4685.455079604296,5546.288993384117,573.1950416251822,1982069.4750526445,0.7535174881601019,0.5518639009881687,0.323,0.7535174881601019,0.0,1583.9461261788317,1398.829634654452,0.0,1072.3315274230692,1.0,2.0,0.0,0.0,ok,13159228.15484014,4791018.6255233465,2757640.371979306,4641134.086324458,-16464549.386469176,phase_formula
643.9555935096224,4.892164350904979e-05,8.0,25.911621749654387,4196.394776095502,4170.483154345847,4996.6290969086685,643.9555935096224,1985285.715911875,0.7535087653909578,0.5518682374314416,0.323,0.7535087653909578,0.0,1409.883498925633,1245.1051440476365,0.0,954.4911287726536,1.0,2.0,0.0,0.0,ok,13158762.47941971,4791018.6255233465,2757640.371979306,4632237.443274111,-16464478.625917291,phase_formula
723.4514891067264,5.4960988308647454e-05,8.0,26.137324280988423,3738.2358288217147,3712.0985045407265,4504.8724700802495,723.4514891067264,1988694.8413323194,0.7534989648544008,0.5518165617370453,0.323,0.7534989648544008,0.0,1254.6375430402306,1107.8782139162322,0.0,849.3896166382362,1.0,2.0,0.0,0.0,ok,13158239.305419054,4791018.6255233465,2757640.371979306,4622820.940768189,-16464399.130021693,phase_formula
812.7611008676171,6.174588626206921e-05,8.0,26.363042055401568,3330.4461231894766,3304.083081134075,4064.7645217217087,812.7611008676171,1992308.486051749,0.7534879532522166,0.5518181082880769,0.323,0.7534879532522166,0.0,1116.7415661030127,986.1003272125473,0.0,756.0340402517395,1.0,2.0,0.0,0.0,ok,13157651.531723658,4791018.6255233465,2757640.371979306,4612854.90235984,-16464309.820409933,phase_formula
913.0959256151148,6.93683754170869e-05,8.0,26.588776974768287,2967.490877335109,2940.9021003603407,3670.7338300245983,913.0959256151148,1996138.988742136,0.7534755807653735,0.5518216616204784,0.323,0.7534755807653735,0.0,994.0060639107943,877.7139344903918,0.0,672.9421052676078,1.0,2.0,0.0,0.0,ok,13156991.179816252,4791018.6255233465,2757640.371979306,4602308.063172451,-16464209.485585185,phase_formula
1025.8170186601064,7.793185585809515e-05,8.0,26.81453116412012,2644.4434948255584,2617.6289636614383,3317.817196397099,1025.8170186601064,2000199.4353094106,0.7534616789973987,0.551827693942822,0.323,0.7534616789973987,0.0,884.7651393686649,781.2475207644039,0.0,598.9859993525861,1.0,2.0,0.0,0.0,ok,13156249.285258504,4791018.6255233465,2757640.371979306,4591147.497386576,-16464096.764492141,phase_formula
1152.4534566987763,8.755249234207827e-05,8.0,27.04030696138545,2356.9187346800118,2329.8784277186264,3001.592931635596,1152.4534566987763,2004503.7049376876,0.7534460586593578,0.5517443883320343,0.323,0.7534460586593578,0.0,787.2180440716382,694.9870075859953,0.0,532.9466158364992,1.0,2.0,0.0,0.0,ok,13155415.775722746,4791018.6255233465,2757640.371979306,4579338.544156857,-16463970.128054101,phase_formula
1294.7230799424149,9.836079008906897e-05,8.0,27.26610700965863,2101.0132250501097,2073.747118040451,2718.121472681638,1294.7230799424149,2009066.5190555756,0.753428506963348,0.5517457485392526,0.323,0.753428506963348,0.0,700.6807042795874,618.5750557539071,0.0,474.3608367972807,1.0,2.0,0.0,0.0,ok,13154479.333899183,4791018.6255233465,2757640.371979306,4566844.732202776,-16463827.858430859,phase_formula
1300.0,9.876168046797843e-05,8.0,27.274031735746938,2092.5992307591887,2065.3251990234417,2708.7643126542716,1300.0,2009230.818601646,0.7534278558918743,0.5517458510788412,0.323,0.7534278558918743,0.0,697.8354068023548,616.0627368704136,0.0,472.43457040519417,1.0,2.0,0.0,0.0,ok,13154444.599617757,4791018.6255233465,2757640.371979306,4566395.319777707,-16463822.5815108,phase_formula
1454.5557948495277,0.00011050336510290418,8.0,27.491934312486833,1873.2525134782534,1845.7605791657666,2463.892523061856,1454.5557948495277,2013903.4934465648,0.753408784687021,0.551750171049892,0.323,0.753408784687021,0.0,623.6603370772774,550.5695985678918,0.0,422.21804820131683,1.0,2.0,0.0,0.0,ok,13153427.243393723,4791018.6255233465,2757640.371979306,4553627.703355739,-16463668.02571595,phase_formula
1634.1197535649385,0.000124144933036917,8.0,27.717792242827866,1670.5439354535044,1642.8261432106765,2235.778001221206,1634.1197535649385,2019031.1937030167,0.7533866228666217,0.5517583919821373,0.323,0.7533866228666217,0.0,555.1111769971794,490.0468931106368,0.0,375.8102668270906,1.0,2.0,0.0,0.0,ok,13152245.215494055,4791018.6255233465,2757640.371979306,4539647.135421946,-16463488.461757235,phase_formula
1835.850765193497,0.00013947054358379526,8.0,27.943684593816272,1490.1346620087224,1462.1909774149062,2030.9901554755725,1835.850765193497,2024467.194270072,0.75336171907028,0.5517712827502728,0.323,0.75336171907028,0.0,494.1023715348348,436.1847007619935,0.0,334.50730552908317,1.0,2.0,0.0,0.0,ok,13150917.194413763,4791018.6255233465,2757640.371979306,4524860.6647754,-16463286.730745606,phase_formula
2062.485337876194,0.0001566880906993994,8.0,28.169615626712964,1329.5743572237302,1301.4047415970172,1847.044282364548,2062.485337876194,2030230.1413528435,0.7533337331966952,0.5516245379930194,0.323,0.7533337331966952,0.0,439.48752996978266,387.8470848440273,0.0,297.53305778954285,1.0,2.0,0.0,0.0,ok,13149425.138321547,4791018.6255233465,2757640.371979306,4509223.8091842085,-16463060.096172925,phase_formula
2317.0977998889393,0.0001760311327120671,8.0,28.3955901333438,1186.681939095088,1158.2863489617441,1681.7255369075624,2317.0977998889393,2036339.819916964,0.7533022827367699,0.5516296233334268,0.323,0.7533022827367699,0.0,391.16480306554456,345.1907354795078,0.0,264.81857167537373,1.0,2.0,0.0,0.0,ok,13147748.773120683,4791018.6255233465,2757640.371979306,4492689.891457908,-16462805.483710911,phase_formula
2603.142003316607,0.00019776206057255997,8.0,28.621613507695482,1059.5159928730961,1030.8943793654007,1533.0593900321535,2603.142003316607,2042817.225164746,0.7532669374270209,0.5516405232476155,0.323,0.7532669374270209,0.0,348.1598675201345,307.2316715771847,0.0,235.7042303111311,1.0,2.0,0.0,0.0,ok,13145865.315557104,4791018.6255233465,2757640.371979306,4475209.964608679,-16462519.439507484,phase_formula
2924.49817601829,0.00022217565722238775,8.0,28.847691825607058,946.3484355168774,917.5007436912704,1399.285328900772,2924.49817601829,2049684.6387505953,0.7532272132134995,0.5516585983407035,0.323,0.7532272132134995,0.0,309.88838113589213,273.4537320162501,0.0,209.79443402899898,1.0,2.0,0.0,0.0,ok,13143749.161796717,4791018.6255233465,2757640.371979306,4456732.739330031,-16462198.083334783,phase_formula
3200.0,0.00024310567499810073,8.0,29.02257919685591,867.4418900830294,838.4193108861735,1305.0342421418627,3200.0,2055278.3761977898,0.7531931441453246,0.5514219566753483,0.323,0.7531931441453246,0.0,282.8853463914578,249.49993506791657,0.0,191.513379507017,1.0,2.0,0.0,0.0,ok,13141934.806661742,4791018.6255233465,2757640.371979306,4441724.359719551,-16461922.5815108,phase_formula
3285.5255574369426,0.0002496030963638185,8.0,29.07382893940574,845.6410710280906,816.5672420886848,1278.8334424635718,3285.5255574369426,2056965.7101441126,0.7531825654332767,0.551422047313934,0.323,0.7531825654332767,0.0,275.51249809067957,242.9937068578377,0.0,186.5219612073901,1.0,2.0,0.0,0.0,ok,13141371.537116718,4791018.6255233465,2757640.371979306,4437204.514731047,-16461837.055953363,phase_formula
3691.1215322651688,0.0002804164348754212,8.0,29.300022528787697,756.024720613895,726.7246980851073,1170.3035760124947,3691.1215322651688,2064685.5435840853,0.7531323811069704,0.5514270527306417,0.323,0.7531323811069704,0.0,245.20469856742466,216.25025620692946,0.0,166.0035809301465,1.0,2.0,0.0,0.0,ok,13138700.101793258,4791018.6255233465,2757640.371979306,4416569.113406923,-16461431.459978536,phase_formula
4146.7880641233005,0.0003150336598133633,8.0,29.526293330973083,676.2806788535567,646.7543855225836,1072.4468059045564,4146.7880641233005,2072870.790792148,0.7530759702199771,0.5514409519432342,0.323,0.7530759702199771,0.0,218.23513663551023,192.4555149580755,0.0,147.74518750224044,1.0,2.0,0.0,0.0,ok,13135698.507629486,4791018.6255233465,2757640.371979306,4394767.8220918635,-16460975.793446677,phase_formula
4658.7063304314215,0.0003539243584617049,8.0,29.752651016172308,605.324147388559,575.5714963723867,984.1488889791351,4658.7063304314215,2081549.7504730988,0.7530125558515662,0.5514658708027109,0.323,0.7530125558515662,0.0,194.23699132634655,171.28546109156915,0.0,131.49844312793664,1.0,2.0,0.0,0.0,ok,13132325.898842148,4791018.6255233465,2757640.371979306,4371739.339326784,-16460463.87518037,phase_formula
5233.820570907399,0.0003976160883466838,8.0,29.979106487089503,542.1895316535184,512.2104251664289,904.4155691822486,5233.820570907399,2090752.4746343957,0.7529412629892913,0.5515043262584299,0.323,0.7529412629892913,0.0,172.88374904756088,152.45167592170762,0.0,117.04229810519873,1.0,2.0,0.0,0.0,ok,13128536.350198844,4791018.6255233465,2757640.371979306,4347419.731778097,-16459888.760939892,phase_formula
5879.932287106999,0.0004467015336250854,8.0,30.20567204084719,486.0173424674799,455.8116704266327,832.3594870393181,5879.932287106999,2100510.8825576124,0.752861105840579,0.551087757505536,0.323,0.752861105840579,0.0,153.56729948665156,135.294270383431,0.0,103.9650617524631,1.0,2.0,0.0,0.0,ok,13124278.234356023,4791018.6255233465,2757640.371979306,4321742.401076948,-16459242.649223693,phase_formula
6500.0,0.0004938084023398921,8.0,30.400930089553036,442.63060898129856,412.22967889174555,775.8444106371595,6500.0,2109386.941081607,0.7527841167306049,0.5511012463489685,0.323,0.7527841167306049,0.0,138.8923242795306,122.35569541557535,0.0,94.03010353724223,1.0,2.0,0.0,0.0,ok,13120191.01112848,4791018.6255233465,2757640.371979306,4298485.689747469,-16458622.5815108,phase_formula
6605.806070835401,0.00050184654492406,8.0,30.432361553416378,436.0425369616323,405.6101754082159,767.188523147491,6605.806070835401,2110858.8831029586,0.7527709734230943,0.5511044855386619,0.323,0.7527709734230943,0.0,136.6639592182238,120.39121679483463,0.0,92.52150039073751,1.0,2.0,0.0,0.0,ok,13119493.509271821,4791018.6255233465,2757640.371979306,4294638.063306539,-16458516.775439965,phase_formula
7421.288497006765,0.000563799171693897,8.0,30.659190689947696,391.58414068720856,360.92494999726085,708.1954223327637,7421.288497006765,2121832.506040467,0.752669613179507,0.5511381455856924,0.323,0.752669613179507,0.0,121.62592140027154,107.13579443972947,0.0,82.34074878798383,1.0,2.0,0.0,0.0,ok,13114116.915336335,4791018.6255233465,2757640.371979306,4266034.743550473,-16457701.293013794,phase_formula
8337.44169374924,0.000633399809598818,8.0,30.886177145025755,352.0360101269496,321.1498329819238,654.7485536801461,8337.44169374924,2133470.0433047786,0.7525556123193506,0.5511926839336828,0.323,0.7525556123193506,0.0,108.24821614918639,95.34694514254926,0.0,73.28404233299919,1.0,2.0,0.0,0.0,ok,13108075.070449278,4791018.6255233465,2757640.371979306,4235857.788236019,-16456785.139817052,phase_formula
9366.693401651874,0.0007115926005965109,8.0,31.113340917593263,316.85861030344756,285.7452693858543,606.2836846131715,9366.693401651874,2145812.2011623736,0.7524273765391594,0.5505213524307991,0.323,0.7524273765391594,0.0,96.03124097691662,84.46115264570199,0.0,65.01315014137255,1.0,2.0,0.0,0.0,ok,13101285.449650472,4791018.6255233465,2757640.371979306,4204029.898359377,-16455755.88810915,phase_formula
10523.00555772709,0.0007994382403500031,8.0,31.340704626154064,285.57169594790514,254.2309913217511,562.2966558340197,10523.00555772709,2158902.2642817223,0.7522831057099926,0.550539633109877,0.323,0.7522831057099926,0.0,85.44701106427112,75.13992455869995,0.0,57.84762649051155,1.0,2.0,0.0,0.0,ok,13093655.234035224,4791018.6255233465,2757640.371979306,4170471.1870692577,-16454599.575953074,phase_formula
11822.06369095274,0.0008981283667061263,8.0,31.568293870904796,257.7477969501141,226.17950307920927,522.3368595661798,11822.06369095274,2172786.2731455467,0.7521207660462278,0.5505839719766629,0.323,0.7521207660462278,0.0,76.03372184708168,66.85297699441251,0.0,51.4748296904743,1.0,2.0,0.0,0.0,ok,13085080.011519644,4791018.6255233465,2757640.371979306,4135099.2655178015,-16453300.517819848,phase_formula
13281.489698569587,0.0010090017244222128,8.0,31.796137650706864,233.00641972107906,201.2102820703722,486.00143125191767,13281.489698569587,2187513.2160489294,0.7519380581778597,0.5506605770802615,0.323,0.7519380581778597,0.0,67.66270152233844,59.486643151950375,0.0,45.80764893062313,1.0,2.0,0.0,0.0,ok,13075442.309505507,4791018.6255233465,2757640.371979306,4097829.36136007,-16451841.09181223,phase_formula
14921.080889473207,0.0011335623254177018,8.0,32.02425258326909,211.008869550647,178.98461696737792,452.93006186051014,14921.080889473207,2203135.238822248,0.7517323804362606,0.5495791080523208,0.323,0.7517323804362606,0.0,59.90276937600407,52.53868622956497,0.0,40.554174867554764,1.0,2.0,0.0,0.0,ok,13064609.93656313,4791018.6255233465,2757640.371979306,4058574.4747990635,-16450201.500621328,phase_formula
15000.0,0.0011395578515535972,8.0,32.03456587333763,210.07194521075547,178.03737933741786,451.5032783973155,15000.0,2203865.2810917567,0.7517224693698131,0.5495790651600785,0.323,0.7517224693698131,0.0,59.585735559560405,52.25991458942816,0.0,40.3395429738224,1.0,2.0,0.0,0.0,ok,13064088.40641555,4791018.6255233465,2757640.371979306,4056747.082623474,-16450122.5815108,phase_formula
16763.07853735573,0.0012734998508968874,8.0,32.25266482946509,191.45367783833967,159.20101300887458,422.8004134296301,16763.07853735573,2219707.8707846557,0.7515007865249905,0.5495955014433697,0.323,0.7515007865249905,0.0,53.2854259572206,46.72156010152567,0.0,36.07423337303835,1.0,2.0,0.0,0.0,ok,13052434.106820598,4791018.6255233465,2757640.371979306,4017245.577640844,-16448359.502973445,phase_formula
18832.46958655668,0.0014307125721003326,8.0,32.48143992893014,174.0725420751344,141.59110214620426,395.3240465973568,18832.46958655668,2237290.268640666,0.7512399365757052,0.5496521281580469,0.323,0.7512399365757052,0.0,47.40313830085759,41.55367739272379,0.0,32.09192462968059,1.0,2.0,0.0,0.0,ok,13038747.316714711,4791018.6255233465,2757640.371979306,3973751.8614328937,-16446290.111924244,phase_formula
21157.325603303416,0.0016073331006080237,8.0,32.710625620399284,158.62662816794776,125.91600254754847,370.2427097663424,21157.325603303416,2255945.490756736,0.7509460403751652,0.5497588032600746,0.323,0.7509460403751652,0.0,42.175128580464715,36.96366265594961,0.0,28.55256204897461,1.0,2.0,0.0,0.0,ok,13023360.938991768,4791018.6255233465,2757640.371979306,3928001.0414211154,-16443965.255907496,phase_formula
23769.183570259636,0.0018057573175005422,8.0,32.94027630191447,144.90335437517356,111.96307807325908,347.325109297391,23769.183570259636,2275740.7923545316,0.7506147912805836,0.5499272010431275,0.323,0.7506147912805836,0.0,37.529494722803314,32.88799457873568,0.0,25.407467927337844,1.0,2.0,0.0,0.0,ok,13006062.493179353,4791018.6255233465,2757640.371979306,3879899.7237682957,-16441353.39794054,phase_formula
26326.0,0.002,8.0,33.14226150893525,134.12789899819552,100.98563748926028,328.8290412532062,26326.0,2294111.1284782216,0.750289418192812,0.5480211345034487,0.323,0.750289418192812,0.0,33.56558746881439,29.29141010165956,0.0,22.723902716387347,1.0,2.0,0.0,0.0,ok,12989115.583350664,4791018.6255233465,2757640.371979306,3835670.1687666946,-16438796.5815108,phase_formula
26703.473689911352,0.002028676873806226,8.0,33.170454054138034,132.71350781448922,99.54305376035119,326.3640117493322,26703.473689911352,2296747.951519672,0.75024128900067,0.5480251554235037,0.323,0.75024128900067,0.0,33.08669297452468,28.871843778630968,0.0,22.399691143753213,1.0,2.0,0.0,0.0,ok,12986612.54496948,4791018.6255233465,2757640.371979306,3829353.844229495,-16438419.107820889,phase_formula
30000.0,0.0022791157031071944,8.0,33.40118646021525,121.88863464248558,88.48744818227033,307.1736193329349,30000.0,2319043.6430297336,0.7498199489869325,0.5480952317896303,0.323,0.7498199489869325,0.0,29.421126527416586,25.66215998308109,0.0,19.91810265906103,1.0,2.0,0.0,0.0,ok,12964741.178783633,4791018.6255233465,2757640.371979306,3776269.18727537,-16435122.5815108,phase_formula
100.0,7.597052343690648e-06,8.25,21.256967652125574,26687.601249086914,26666.344281434787,28203.164834830357,100.0,1967300.5491664084,0.761043402938109,0.5566743360084719,0.323,0.761043402938109,0.0,9204.195411724644,8288.535796090404,0.0,6231.240293737585,1.0,2.0,0.0,0.0,ok,13162353.227059687,4645836.24293173,2674075.5122223576,4584066.759715016,-15931918.913828555,phase_formula
112.34493440205146,8.534903472008771e-06,8.25,21.472032460757728,23757.498012529133,23736.025980068374,25215.637690508946,112.34493440205146,1968626.8674049708,0.7610419533688144,0.5566746362172114,0.323,0.7610419533688144,0.0,8192.772874645132,7377.721915884784,0.0,5546.507236134756,1.0,2.0,0.0,0.0,ok,13162273.381482806,4645836.24293173,2674075.5122223576,4580346.341878631,-15931906.568894153,phase_formula
126.21384285801246,9.588531706906667e-06,8.25,21.687034563592327,21149.390424591402,21127.70339002781,22551.77280117718,126.21384285801246,1970032.0032391422,0.7610403248244415,0.5566752178083674,0.323,0.7610403248244415,0.0,7292.497328589854,6567.001965954051,0.0,4937.020691455333,1.0,2.0,0.0,0.0,ok,13162183.678706666,4645836.24293173,2674075.5122223576,4576407.2243283745,-15931892.699985698,phase_formula
141.79485896514254,1.077222965624421e-05,8.25,21.902092220365102,18827.896358907914,18805.99426668755,20176.18581604943,141.79485896514254,1971520.731174422,0.7610384952036346,0.5566761469764877,0.323,0.7610384952036346,0.0,6491.1555100464775,5845.3772500622035,0.0,4394.512280301466,1.0,2.0,0.0,0.0,ok,13162082.90178386,4645836.24293173,2674075.5122223576,4572236.4486350715,-15931877.118969591,phase_formula
159.29934128987077,1.210205434094589e-05,8.25,22.117125648341474,16761.521441061926,16739.404315413583,18057.374704695867,159.29934128987077,1973098.1103625437,0.7610364396748044,0.5566644157190002,0.323,0.7610364396748044,0.0,5777.552627540955,5202.638935153506,0.0,3911.4031288452265,1.0,2.0,0.0,0.0,ok,13161969.68351395,4645836.24293173,2674075.5122223576,4567820.320129062,-15931859.614487266,phase_formula
178.96474047500539,1.3596045010636282e-05,8.25,22.332161324916655,14922.232128571233,14899.899967246316,16167.293512437425,178.96474047500539,1974769.5019698862,0.7610341303386012,0.5566646675464686,0.323,0.7610341303386012,0.0,5142.659043312035,4630.909947706296,0.0,3481.5801723222476,1.0,2.0,0.0,0.0,ok,13161842.487889163,4645836.24293173,2674075.5122223576,4563144.367351666,-15931839.949088082,phase_formula
201.05782028944645,1.5274467848472724e-05,8.25,22.54724361878239,13285.075343408846,13262.528099790063,14480.972608682145,201.05782028944645,1976540.5875976835,0.7610315358485953,0.5566653414085431,0.323,0.7610315358485953,0.0,4577.53789716077,4122.014858384854,0.0,3098.9931563778414,1.0,2.0,0.0,0.0,ok,13161699.589248056,4645836.24293173,2674075.5122223576,4558193.299610971,-15931817.856008267,phase_formula
225.87827631437312,1.7160090884629123e-05,8.25,22.762258646011297,11827.839803417906,11805.077544771895,12976.180563479369,225.87827631437312,1978417.3888131867,0.761028620984969,0.5566665356484419,0.323,0.761028620984969,0.0,4074.5222643250568,3669.0491678027506,0.0,2758.4515729480636,1.0,2.0,0.0,0.0,ok,13161539.048853844,4645836.24293173,2674075.5122223576,4552950.962591662,-15931793.03555224,phase_formula
253.76280135386727,1.9278492847669018e-05,8.25,22.977330809109116,10530.755121383816,10507.777790574706,11633.12374367626,253.76280135386727,1980406.2878594254,0.7610253461753825,0.5566683709151639,0.323,0.7610253461753825,0.0,3626.787767004626,3265.867166450686,0.0,2455.3353182621318,1.0,2.0,0.0,0.0,ok,13161358.688578973,4645836.24293173,2674075.5122223576,4547400.291963048,-15931765.151027203,phase_formula
285.08965271781034,2.1658410143417938e-05,8.25,23.192387908367767,9376.223180512527,9353.030792604159,10434.178129205566,285.08965271781034,1982514.04963469,0.7610216669564347,0.5566475697047726,0.323,0.7610216669564347,0.0,3227.9363575566686,2906.579770458868,0.0,2185.312914065865,1.0,2.0,0.0,0.0,ok,13161156.061338045,4645836.24293173,2674075.5122223576,4541523.264935128,-15931733.824175838,phase_formula
320.28378333286037,2.4332126668150144e-05,8.25,23.40744248742258,8348.57969594854,8325.172253461116,9363.651275532438,320.28378333286037,1984747.8449985716,0.761017533368323,0.5566482380740131,0.323,0.761017533368323,0.0,2873.208018735378,2587.154896418325,0.0,1945.1618286838514,1.0,2.0,0.0,0.0,ok,13160928.417866964,4645836.24293173,2674075.5122223576,4535300.849730427,-15931698.630045224,phase_formula
359.8226062857106,2.733591174395735e-05,8.25,23.62255396456001,7433.881688617943,7410.259134653383,8407.570146166085,359.8226062857106,1987115.2755112275,0.7610128892743682,0.5566496889455568,0.323,0.7610128892743682,0.0,2557.4663837780404,2302.8396851716448,0.0,1731.4047418177333,1.0,2.0,0.0,0.0,ok,13160672.669396177,4645836.24293173,2674075.5122223576,4528712.952931021,-15931659.091222271,phase_formula
404.24247099543345,3.071051211695156e-05,8.25,23.83759338686998,6619.718110801434,6595.880517414564,7553.492057341175,404.24247099543345,1989624.399694913,0.7610076715960241,0.5566521012554614,0.323,0.7610076715960241,0.0,2276.427389252397,2049.776086733164,0.0,1541.1413425238727,1.0,2.0,0.0,0.0,ok,13160385.34570994,4645836.24293173,2674075.5122223576,4521738.364687232,-15931614.67135756,phase_formula
454.1459388650521,3.4501704692323335e-05,8.25,24.0526932105088,5895.041940142345,5870.9892469318365,6790.337063292884,454.1459388650521,1992283.7608827455,0.7610018094528053,0.5566183926982334,0.323,0.7610018094528053,0.0,2025.9543152390363,1824.1115170637556,0.0,1371.5710714168276,1.0,2.0,0.0,0.0,ok,13160062.548020404,4645836.24293173,2674075.5122223576,4514354.701771822,-15931564.767889692,phase_formula
510.20995710752294,3.876091750418012e-05,8.25,24.26779030658819,5250.019866520683,5225.752076214095,6108.23790145645,510.20995710752294,1995102.4168248698,0.7609952231952227,0.5566188150738915,0.323,0.7609952231952227,0.0,1803.2998639808939,1623.6264003896235,0.0,1220.8340079150653,1.0,2.0,0.0,0.0,ok,13159699.896014439,4645836.24293173,2674075.5122223576,4506538.348485682,-15931508.70387145,phase_formula
520.0,3.950467218719137e-05,8.25,24.302909384452224,5151.651191189906,5127.348281805454,6003.946003922647,520.0,1995578.4270407823,0.7609940730386168,0.5566189876887758,0.323,0.7609940730386168,0.0,1769.3440400637724,1593.0517961577787,0.0,1197.845915123174,1.0,2.0,0.0,0.0,ok,13159636.568230227,4645836.24293173,2674075.5122223576,4505219.308615648,-15931498.913828555,phase_formula
573.1950416251822,4.354592734370449e-05,8.25,24.48288024624613,4675.899157028112,4651.416276781866,5498.407088055662,573.1950416251822,1998089.9710916034,0.7609878233173086,0.5566204018054492,0.323,0.7609878233173086,0.0,1605.1192607772325,1445.1813178398186,0.0,1086.6657395461866,1.0,2.0,0.0,0.0,ok,13159292.468351264,4645836.24293173,2674075.5122223576,4498264.395436788,-15931445.71878693,phase_formula
643.9555935096224,4.892164350904979e-05,8.25,24.698033377412223,4164.888940112848,4140.190906735436,4953.018411582368,643.9555935096224,2001256.6064294055,0.7609795092335925,0.5566234376046947,0.323,0.7609795092335925,0.0,1428.7232377713892,1286.354445162125,0.0,967.2456319712305,1.0,2.0,0.0,0.0,ok,13158834.735799229,4645836.24293173,2674075.5122223576,4489506.576233094,-15931374.958235046,phase_formula
723.4514891067264,5.4960988308647454e-05,8.25,24.913126459587456,3710.054252045937,3685.1411255863495,4465.101162403408,723.4514891067264,2004613.120232659,0.7609701679034553,0.5566282491438942,0.323,0.7609701679034553,0.0,1271.7179749171319,1144.9900002713794,0.0,860.9530690188985,1.0,2.0,0.0,0.0,ok,13158320.486099055,4645836.24293173,2674075.5122223576,4480237.202149421,-15931295.46233945,phase_formula
812.7611008676171,6.174588626206921e-05,8.25,25.128277122574996,3305.222399341644,3280.094122219069,4028.4466616276914,812.7611008676171,2008170.9621410079,0.7609596722835871,0.5565684757613707,0.323,0.7609596722835871,0.0,1131.6493123789348,1018.7506866883855,0.0,766.126584480539,1.0,2.0,0.0,0.0,ok,13157742.739526978,4645836.24293173,2674075.5122223576,4470427.09486043,-15931206.15272769,phase_formula
913.0959256151148,6.93683754170869e-05,8.25,25.343443706420995,2944.8988235893526,2919.5553798829314,3637.5242706256995,913.0959256151148,2011942.2741024238,0.760947879586784,0.5565698567476406,0.323,0.760947879586784,0.0,1007.2675507327319,906.765501583038,0.0,681.9201318460596,1.0,2.0,0.0,0.0,ok,13157093.654003404,4645836.24293173,2674075.5122223576,4460045.517358916,-15931105.817902941,phase_formula
1025.8170186601064,7.793185585809515e-05,8.25,25.55859862570566,2624.1927409634786,2598.634142337773,3287.4071636844906,1025.8170186601064,2015939.9328886925,0.7609346293224872,0.556573398704891,0.323,0.7609346293224872,0.0,896.5610171586459,807.0956005762955,0.0,606.9718086164033,1.0,2.0,0.0,0.0,ok,13156364.418448295,4645836.24293173,2674075.5122223576,4449060.103214824,-15930993.096809896,phase_formula
1152.4534566987763,8.755249234207827e-05,8.25,25.773824523298135,2338.750894614944,2312.977070091646,2973.706193383552,1152.4534566987763,2020177.5952734123,0.7609197410912478,0.5565796218043703,0.323,0.7609197410912478,0.0,798.0270447181492,718.3877594843201,0.0,540.264309274187,1.0,2.0,0.0,0.0,ok,13155545.132922063,4645836.24293173,2674075.5122223576,4437436.78437082,-15930866.460371858,phase_formula
1294.7230799424149,9.836079008906897e-05,8.25,25.989014753005325,2084.69820152147,2058.7091867684644,2692.5106384358896,1294.7230799424149,2024669.7462254367,0.7609030121016405,0.5565891235007663,0.323,0.7609030121016405,0.0,710.328027297224,639.4373761739241,0.0,480.8920744802207,1.0,2.0,0.0,0.0,ok,13154624.673907746,4645836.24293173,2674075.5122223576,4425139.717717529,-15930724.190748613,phase_formula
1300.0,9.876168046797843e-05,8.25,25.99656875812484,2076.345108331062,2050.348539572937,2683.2288573692476,1300.0,2024831.500251283,0.7609023915496644,0.5565895269812258,0.323,0.7609023915496644,0.0,707.4445280731012,636.8415883541259,0.0,478.9399455054896,1.0,2.0,0.0,0.0,ok,13154590.53250253,4645836.24293173,2674075.5122223576,4424697.389006852,-15930718.913828555,phase_formula
1454.5557948495277,0.00011050336510290418,8.25,26.204258157302192,1858.585572692579,1832.381314535277,2440.336114524982,1454.5557948495277,2029431.74992133,0.7608842143739685,0.5564831435496127,0.323,0.7608842143739685,0.0,631.9499992603666,568.7539401336103,0.0,427.83014949926815,1.0,2.0,0.0,0.0,ok,13153590.54288373,4645836.24293173,2674075.5122223576,4412131.210745882,-15930564.358033707,phase_formula
1634.1197535649385,0.000124144933036917,8.25,26.419546989123116,1657.3428325327698,1630.9232855436467,2214.0775709323852,1634.1197535649385,2034479.9043011514,0.7608630915903335,0.556486742547475,0.323,0.7608630915903335,0.0,562.4800078085839,506.21981177340774,0.0,380.7989652864114,1.0,2.0,0.0,0.0,ok,13152428.696103537,4645836.24293173,2674075.5122223576,4398371.646632179,-15930384.794074992,phase_formula
1835.850765193497,0.00013947054358379526,8.25,26.63481989639908,1478.2371145884522,1451.6022946920532,2010.9677527992321,1835.850765193497,2039831.4990533683,0.7608393555451872,0.5564943487304543,0.323,0.7608393555451872,0.0,500.65130341913436,450.5670695288491,0.0,338.940932414754,1.0,2.0,0.0,0.0,ok,13151123.35323651,4645836.24293173,2674075.5122223576,4383819.409184699,-15930183.063063363,phase_formula
2062.485337876194,0.0001566880906993994,8.25,26.85017790555143,1318.8360066645778,1291.9858287590264,1828.5404062679288,2062.485337876194,2045504.8771311997,0.7608126821442254,0.5565069133629617,0.323,0.7608126821442254,0.0,445.6242584670727,401.0395938436487,0.0,301.68762298220827,1.0,2.0,0.0,0.0,ok,13149656.782226624,4645836.24293173,2674075.5122223576,4368430.808158416,-15929956.42849068,phase_formula
2317.0977998889393,0.0001760311327120671,8.25,27.065540170759547,1176.9742092064007,1149.9086690356412,1664.5969860217256,2317.0977998889393,2051519.5008566016,0.7607827068922979,0.5563351756622776,0.323,0.7607827068922979,0.0,396.3281259748997,356.5461209521023,0.0,268.3141412850071,1.0,2.0,0.0,0.0,ok,13148009.057391657,4645836.24293173,2674075.5122223576,4352160.005532263,-15929701.816028668,phase_formula
2603.142003316607,0.00019776206057255997,8.25,27.280951557955902,1050.7244714016726,1023.4435198437168,1517.1776339009948,2603.142003316607,2057896.0216985284,0.7607490198027393,0.5563376536966688,0.323,0.7607490198027393,0.0,352.74432734326876,317.3239352587558,0.0,238.80790961139292,1.0,2.0,0.0,0.0,ok,13146157.78740619,4645836.24293173,2674075.5122223576,4334958.943450372,-15929415.771825239,phase_formula
2924.49817601829,0.00022217565722238775,8.25,27.496457570059817,938.3713220816358,910.8748645115759,1384.5349458469184,2924.49817601829,2064656.355111191,0.7607111596509707,0.5563461411737994,0.323,0.7607111596509707,0.0,313.9573629630481,282.4215602809045,0.0,212.5491347259836,1.0,2.0,0.0,0.0,ok,13144077.809383476,4645836.24293173,2674075.5122223576,4316777.274637586,-15929094.415652538,phase_formula
3200.0,0.00024310567499810073,8.25,27.663105285206026,860.0318854856325,832.3687802004265,1291.0870791317507,3200.0,2070162.7804762484,0.7606786896187332,0.5563577116873266,0.323,0.7606786896187332,0.0,286.9123690214814,258.0872475828245,0.0,194.23967382754293,1.0,2.0,0.0,0.0,ok,13142294.480395667,4645836.24293173,2674075.5122223576,4302009.559219968,-15928818.913828555,phase_formula
3285.5255574369426,0.0002496030963638185,8.25,27.711943986827162,838.387638146972,810.6756941601449,1265.1105695263104,3285.5255574369426,2071823.7608524228,0.7606686074841711,0.5563620557961477,0.323,0.7606686074841711,0.0,279.44009833556936,251.36426522663928,0.0,189.18094657318048,1.0,2.0,0.0,0.0,ok,13141740.84478601,4645836.24293173,2674075.5122223576,4297562.2962344885,-15928733.38827112,phase_formula
3691.1215322651688,0.0002804164348754212,8.25,27.927540954757482,749.4143345769899,721.4867936222324,1157.5149189288313,3691.1215322651688,2079422.927050706,0.7606207792859908,0.5563871405568134,0.323,0.7606207792859908,0.0,248.72339691727703,223.7295801786102,0.0,168.38573971299652,1.0,2.0,0.0,0.0,ok,13139115.112344893,4645836.24293173,2674075.5122223576,4277258.888140677,-15928327.79229629,phase_formula
4146.7880641233005,0.0003150336598133633,8.25,28.14321010398652,670.2415136096097,642.0983035056232,1060.5083413257964,4146.7880641233005,2087480.0624335194,0.7605670176803305,0.5560826758068783,0.323,0.7605670176803305,0.0,221.06645600021812,198.7236463266862,0.0,149.66199071214768,1.0,2.0,0.0,0.0,ok,13136164.892544134,4645836.24293173,2674075.5122223576,4255809.4571213,-15927872.125764433,phase_formula
4658.7063304314215,0.0003539243584617049,8.25,28.358925267863622,599.792233554714,571.4333082868504,972.9849022495888,4658.7063304314215,2096022.9933649977,0.7605065825407593,0.5560904142909023,0.323,0.7605065825407593,0.0,196.74390925879305,176.84728690526254,0.0,133.1956265682029,1.0,2.0,0.0,0.0,ok,13132850.037517495,4645836.24293173,2674075.5122223576,4233153.888112484,-15927360.207498126,phase_formula
5233.820570907399,0.0003976160883466838,8.25,28.57477494360476,537.1080027494332,508.53322780582846,893.957888349731,5233.820570907399,2105081.2671863376,0.7604386403516685,0.5561093404830285,0.323,0.7604386403516685,0.0,175.10169179840824,157.38470413008852,0.0,118.54384534752239,1.0,2.0,0.0,0.0,ok,13129125.419399366,4645836.24293173,2674075.5122223576,4209229.5043745395,-15926785.093257649,phase_formula
5879.932287106999,0.0004467015336250854,8.25,28.790692389318497,481.335506384209,452.5448139948905,822.5465426820797,5879.932287106999,2114686.26582208,0.7603622521431626,0.556142072829941,0.323,0.7603622521431626,0.0,155.84525256013123,140.07062467007665,0.0,105.50723598320884,1.0,2.0,0.0,0.0,ok,13124940.309252873,4645836.24293173,2674075.5122223576,4183971.03836587,-15926138.98154145,phase_formula
6500.0,0.0004938084023398921,8.25,28.97675904914238,438.2566762082237,409.2799171590813,766.5420219385551,6500.0,2123422.57598682,0.7602888846664735,0.5561837291213434,0.323,0.7602888846664735,0.0,140.9710743539573,126.69919562994869,0.0,95.43741733762911,1.0,2.0,0.0,0.0,ok,13120923.208290135,4645836.24293173,2674075.5122223576,4161095.1140275206,-15925518.913828555,phase_formula
6605.806070835401,0.00050184654492406,8.25,29.00672186381739,431.7152983147737,402.7085764509563,757.9647586582247,6605.806070835401,2124871.3236663877,0.7602763597932036,0.5556488399559416,0.323,0.7602763597932036,0.0,138.38948766857257,124.25177503078525,0.0,93.68968315162363,1.0,2.0,0.0,0.0,ok,13120237.677650662,4645836.24293173,2674075.5122223576,4157310.615471605,-15925413.107757721,phase_formula
7421.288497006765,0.000563799171693897,8.25,29.22292020821548,387.57140005016805,358.34847984195255,699.5106813510461,7421.288497006765,2135671.8564506234,0.7601797704567191,0.5556521355672132,0.323,0.7601797704567191,0.0,123.14702970826394,110.55258379959982,0.0,83.3705391124947,1.0,2.0,0.0,0.0,ok,13114953.406785704,4645836.24293173,2674075.5122223576,4129177.7530070473,-15924597.625331549,phase_formula
8337.44169374924,0.000633399809598818,8.25,29.439207618562108,348.30198100972666,318.8627733911646,646.557385111282,8337.44169374924,2147125.5025965543,0.7600711388410684,0.5556721271895674,0.323,0.7600711388410684,0.0,109.58711930057197,98.3685944553885,0.0,74.19047976648721,1.0,2.0,0.0,0.0,ok,13109015.402616963,4645836.24293173,2674075.5122223576,4099499.3772330056,-15923681.472134806,phase_formula
9366.693401651874,0.0007115926005965109,8.25,29.655674047389248,313.37150208728565,283.7158280398964,598.5450137746965,9366.693401651874,2159272.2668765993,0.7599489469989709,0.55571296142844,0.323,0.7599489469989709,0.0,97.52489002553367,87.53332753877906,0.0,66.0243505472863,1.0,2.0,0.0,0.0,ok,13102342.593978528,4645836.24293173,2674075.5122223576,4068199.861473229,-15922652.220426904,phase_formula
10523.00555772709,0.0007994382403500031,8.25,29.87235884328585,282.30322940130907,252.43087055802323,554.9732882781111,10523.00555772709,2172154.6841774634,0.7598114812518577,0.55577952863987,0.323,0.7598114812518577,0.0,86.7957740954929,77.89857653047923,0.0,58.760739062648696,1.0,2.0,0.0,0.0,ok,13094843.803765737,4645836.24293173,2674075.5122223576,4035201.088811825,-15921495.908270828,phase_formula
11822.06369095274,0.0008981283667061263,8.25,30.08919080224422,254.6727068413551,224.5835160391109,515.3949721335306,11822.06369095274,2185817.997358592,0.7596568057862519,0.5549053644691309,0.323,0.7596568057862519,0.0,76.93075648568522,68.91636095930812,0.0,52.082122140808906,1.0,2.0,0.0,0.0,ok,13086416.47521579,4645836.24293173,2674075.5122223576,4000422.543278546,-15920196.850137603,phase_formula
13281.489698569587,0.0010090017244222128,8.25,30.306270933549282,230.1022819803597,199.7960110468104,479.41038791207455,13281.489698569587,2200310.3348508235,0.7594827323801847,0.5549214610072355,0.323,0.7594827323801847,0.0,68.44458313942988,61.30162640328561,0.0,46.33698278539403,1.0,2.0,0.0,0.0,ok,13076945.233871676,4645836.24293173,2674075.5122223576,3963781.4338974874,-15918737.424129987,phase_formula
14921.080889473207,0.0011335623254177018,8.25,30.523641222632744,208.2557505417464,177.73210931911368,446.662051677866,14921.080889473207,2215682.921689439,0.7592867856119427,0.5549690064806243,0.323,0.7592867856119427,0.0,60.89858318827255,54.53353788916599,0.0,41.22834081846052,1.0,2.0,0.0,0.0,ok,13066300.26299391,4645836.24293173,2674075.5122223576,3925192.8564897976,-15917097.832939083,phase_formula
15000.0,0.0011395578515535972,8.25,30.533471979697715,207.32523824599227,176.79176626629456,445.2492942559126,15000.0,2216401.292738314,0.7592773437497615,0.5549719897961538,0.323,0.7592773437497615,0.0,60.5771607095552,54.24532094294864,0.0,41.01073780036887,1.0,2.0,0.0,0.0,ok,13065787.763637912,4645836.24293173,2674075.5122223576,3923396.583854858,-15917018.913828555,phase_formula
16763.07853735573,0.0012734998508968874,8.25,30.741269733441907,188.83378025096482,158.09251051752292,416.8300855989998,16763.07853735573,2231990.3058775775,0.7590661627745914,0.5550555142251362,0.323,0.7590661627745914,0.0,54.18942219096974,48.519019956944234,0.0,36.68623882328652,1.0,2.0,0.0,0.0,ok,13054335.46688679,4645836.24293173,2674075.5122223576,3884569.9986801404,-15915255.835291201,phase_formula
18832.46958655668,0.0014307125721003326,8.25,30.959220210390342,171.57002035600982,140.6108001456195,389.6283149284832,18832.46958655668,2249290.5893355785,0.7588176875602308,0.5551900146123765,0.323,0.7588176875602308,0.0,48.22514585002854,43.175251533165984,0.0,32.64842374046932,1.0,2.0,0.0,0.0,ok,13040886.392737633,4645836.24293173,2674075.5122223576,3841824.394161498,-15913186.444241999,phase_formula
21157.325603303416,0.0016073331006080237,8.25,31.177565964007183,156.22740152350178,125.0498355594946,364.8005554446189,21157.325603303416,2267645.6946002054,0.75853775637929,0.5536417720745639,0.323,0.75853775637929,0.0,42.602238805132444,38.01463534802891,0.0,28.841715671074663,1.0,2.0,0.0,0.0,ok,13025767.877007406,4645836.24293173,2674075.5122223576,3796866.2329266034,-15910861.588225253,phase_formula
23769.183570259636,0.0018057573175005422,8.25,31.39635005702284,142.59487910024473,111.1985290432219,342.1173428162348,23769.183570259636,2287121.659814736,0.7582222759311246,0.5536907983356837,0.323,0.7582222759311246,0.0,37.891399466373045,33.799882338900765,0.0,25.652477438734557,1.0,2.0,0.0,0.0,ok,13008771.377005752,4645836.24293173,2674075.5122223576,3749604.734871578,-15908249.730258297,phase_formula
26326.0,0.002,8.25,31.58870917776289,131.88976647901387,100.30105730125098,323.81243347492335,26326.0,2305194.860754478,0.7579124214949862,0.553782218844743,0.323,0.7579124214949862,0.0,34.19158132416013,30.492175241705244,0.0,23.147700556456407,1.0,2.0,0.0,0.0,ok,12992121.098851176,4645836.24293173,2674075.5122223576,3706153.3252848582,-15905692.913828555,phase_formula
26703.473689911352,0.002028676873806226,8.25,31.61555508020838,130.484539388215,98.86898430800665,321.3730246987777,26703.473689911352,2307788.972311489,0.7578665903278896,0.5537991256069632,0.323,0.7578665903278896,0.0,33.70587168085155,30.058129978814357,0.0,22.8188751279365,1.0,2.0,0.0,0.0,ok,12989661.941835938,4645836.24293173,2674075.5122223576,3699948.5949201286,-15905315.440138645,phase_formula
30000.0,0.0022791157031071944,8.25,31.835303615500738,119.72925118237431,87.89394756687358,302.3833986163911,30000.0,2329722.880417252,0.7574653956741757,0.5539810417265585,0.323,0.7574653956741757,0.0,29.987940281323436,26.73738792075122,0.0,20.301835570455967,1.0,2.0,0.0,0.0,ok,12968174.769153498,4645836.24293173,2674075.5122223576,3647806.5085946037,-15902018.913828555,phase_formula
100.0,7.597052343690648e-06,8.5,20.30594793147535,26480.352407872644,26460.046459941168,27973.53942785561,100.0,1982263.6344779585,0.7680717181036893,0.5612158593351743,0.323,0.7680717181036893,0.0,9310.491440921005,8536.564540958656,0.0,6303.2027055035205,1.0,2.0,0.0,0.0,ok,13162363.439997636,4509194.000492562,2595426.2324511115,4448343.754293707,-15431164.161170216,phase_formula
112.34493440205146,8.534903472008771e-06,8.5,20.5113368635139,23572.913974515515,23552.402637652,25009.529846627087,112.34493440205146,1983570.220098843,0.7680703333887067,0.5612161790387049,0.323,0.7680703333887067,0.0,8287.39049264782,7598.498086246697,0.0,5610.563363522575,1.0,2.0,0.0,0.0,ok,13162284.855303707,4509194.000492562,2595426.2324511115,4444678.965309596,-15431151.816235814,phase_formula
126.21384285801246,9.588531706906667e-06,8.5,20.71674469794226,20984.97970426414,20964.262959566197,22366.66634560629,126.21384285801246,1984954.4454548713,0.768068777706706,0.5612167779680347,0.323,0.768068777706706,0.0,7376.719608127731,6763.520084436899,0.0,4994.039174702473,1.0,2.0,0.0,0.0,ok,13162196.569089225,4509194.000492562,2595426.2324511115,4440798.779439333,-15431137.947327359,phase_formula
141.79485896514254,1.077222965624421e-05,8.5,20.92217132172792,18681.44113627876,18660.518964957035,20009.838273488924,141.79485896514254,1986421.013072732,0.7680670299454033,0.5612177202146152,0.323,0.7680670299454033,0.0,6566.124499045284,6020.3027427869165,0.0,4445.266285853658,1.0,2.0,0.0,0.0,ok,13162097.383631388,4509194.000492562,2595426.2324511115,4436690.437953153,-15431122.366311252,phase_formula
159.29934128987077,1.210205434094589e-05,8.5,21.12761734056872,16631.047675903956,16609.920058563388,17907.787493687178,159.29934128987077,1987974.905755065,0.7680650663845074,0.5612056838830843,0.323,0.7680650663845074,0.0,5844.279714613666,5358.330829371824,0.0,3956.5773667934527,1.0,2.0,0.0,0.0,ok,13161985.953329248,4509194.000492562,2595426.2324511115,4432340.457734992,-15431104.861828927,phase_formula
178.96474047500539,1.3596045010636282e-05,8.5,21.333026073320777,14805.982618160551,14784.649592087231,16032.685073278199,178.96474047500539,1989621.4036752568,0.7680628603733161,0.5612058984259376,0.323,0.7680628603733161,0.0,5202.054267349793,4769.493614363904,0.0,3521.790738995811,1.0,2.0,0.0,0.0,ok,13161860.766443003,4509194.000492562,2595426.2324511115,4427734.591452843,-15431085.19642974,phase_formula
201.05782028944645,1.5274467848472724e-05,8.5,21.53843441192448,13181.485962052791,13159.947527640867,14359.754703661016,201.05782028944645,1991366.102502542,0.7680603819683919,0.5612065210897869,0.323,0.7680603819683919,0.0,4630.406673978541,4245.370064825005,0.0,3134.7853182834724,1.0,2.0,0.0,0.0,ok,13161720.124577627,4509194.000492562,2595426.2324511115,4422857.785873346,-15431063.103349928,phase_formula
225.87827631437312,1.7160090884629123e-05,8.5,21.743863244387935,11735.51842776735,11713.774564522962,12866.93725620821,225.87827631437312,1993214.9326192965,0.768057597526363,0.5612076497647456,0.323,0.768057597526363,0.0,4121.581549319159,3778.8491792022887,0.0,2790.310708889071,1.0,2.0,0.0,0.0,ok,13161562.119632022,4509194.000492562,2595426.2324511115,4417694.138273607,-15431038.282893902,phase_formula
253.76280135386727,1.9278492847669018e-05,8.5,21.94931274334739,10448.462485901533,10426.513173158186,11534.592299325263,253.76280135386727,1995174.179502901,0.7680544692462672,0.5612093999460253,0.323,0.7680544692462672,0.0,3668.6756964657884,3363.6013346770724,0.0,2483.6934465073386,1.0,2.0,0.0,0.0,ok,13161384.607900389,4509194.000492562,2595426.2324511115,4412226.85090341,-15431010.398368863,phase_formula
285.08965271781034,2.1658410143417938e-05,8.5,22.154772083111748,9302.856252769125,9280.701480686013,10345.232432633506,285.08965271781034,1997250.5053455944,0.7680509546551616,0.5611879304502237,0.323,0.7680509546551616,0.0,3265.215773723677,2993.56027160023,0.0,2210.551078810929,1.0,2.0,0.0,0.0,ok,13161185.180973614,4509194.000492562,2595426.2324511115,4406438.183439866,-15430979.0715175,phase_formula
320.28378333286037,2.4332126668150144e-05,8.5,22.360187662765448,8283.156585983694,8260.796398320928,9283.286769746723,320.28378333286037,1999450.9719859536,0.7680470060299335,0.5611883946117321,0.323,0.7680470060299335,0.0,2906.3897080213296,2664.5752904656183,0.0,1967.62583233044,1.0,2.0,0.0,0.0,ok,13160961.133044988,4509194.000492562,2595426.2324511115,4400309.403417402,-15430943.877386883,phase_formula
359.8226062857106,2.733591174395735e-05,8.5,22.565625656681107,7375.528402931886,7352.962777275206,8334.890616926112,359.8226062857106,2001783.0652435392,0.7680425697473572,0.5611895997517332,0.323,0.7680425697473572,0.0,2587.0003853893268,2371.750325470123,0.0,1751.3992609085744,1.0,2.0,0.0,0.0,ok,13160709.424175398,4509194.000492562,2595426.2324511115,4393820.734585031,-15430904.33856393,phase_formula
404.24247099543345,3.071051211695156e-05,8.5,22.771087039804986,6567.656820155849,6544.885733116044,7487.697923546493,404.24247099543345,2004254.7207435896,0.7680375855534392,0.5611917218574446,0.323,0.7680375855534392,0.0,2302.7143310651913,2111.1119623192994,0.0,1558.9376021311346,1.0,2.0,0.0,0.0,ok,13160426.639018048,4509194.000492562,2595426.2324511115,4386951.303185399,-15430859.918699222,phase_formula
454.1459388650521,3.4501704692323335e-05,8.5,22.976572554692765,5848.580165266614,5825.603592711921,6730.714583167214,454.1459388650521,2006874.35132646,0.7680319857419642,0.5611949690846223,0.323,0.7680319857419642,0.0,2049.6742506134124,1879.1234019845901,0.0,1387.6294676652803,1.0,2.0,0.0,0.0,ok,13160108.940440753,4509194.000492562,2595426.2324511115,4379679.082143347,-15430810.015231352,phase_formula
510.20995710752294,3.876091750418012e-05,8.5,23.182037831808405,5208.541235502959,5185.359197671151,6054.149943092841,510.20995710752294,2009650.876145292,0.7680256942308745,0.5611566733401352,0.323,0.7680256942308745,0.0,1824.1180156440682,1672.2043556258488,0.0,1234.9278965910341,1.0,2.0,0.0,0.0,ok,13159752.017414011,4509194.000492562,2595426.2324511115,4371980.833176238,-15430753.951213108,phase_formula
520.0,3.950467218719137e-05,8.5,23.21556368321695,5110.932404941296,5087.7168412580795,5950.705983587764,520.0,2010119.7692285147,0.7680245955469215,0.561156751752503,0.323,0.7680245955469215,0.0,1789.7697440923623,1640.7144055645408,0.0,1211.6741167505293,1.0,2.0,0.0,0.0,ok,13159689.690080645,4509194.000492562,2595426.2324511115,4370681.737262828,-15430744.161170216,phase_formula
573.1950416251822,4.354592734370449e-05,8.5,23.38749677028827,4638.85504395414,4615.467547183851,5449.28478158207,573.1950416251822,2012593.7515535015,0.7680186255236697,0.5611576494196426,0.323,0.7680186255236697,0.0,1623.6468271934261,1488.416831859582,0.0,1099.2089020099497,1.0,2.0,0.0,0.0,ok,13159351.02645468,4509194.000492562,2595426.2324511115,4363832.0468435045,-15430690.966128591,phase_formula
643.9555935096224,4.892164350904979e-05,8.5,23.592982904383238,4131.790967729336,4108.197984824953,4908.353659590082,643.9555935096224,2015713.0039078554,0.7680106835413841,0.5611599699647979,0.323,0.7680106835413841,0.0,1445.2116819429157,1324.8344168108601,0.0,978.408308675354,1.0,2.0,0.0,0.0,ok,13158900.525826732,4509194.000492562,2595426.2324511115,4355206.880587651,-15430620.205576707,phase_formula
723.4514891067264,5.4960988308647454e-05,8.5,23.79849759416415,3680.4678287603883,3656.6693311662243,4424.440183374173,723.4514891067264,2019019.2644155978,0.7680017603088425,0.5611639523037706,0.323,0.7680017603088425,0.0,1286.3911671765632,1179.236888209148,0.0,870.8868201785333,1.0,2.0,0.0,0.0,ok,13158394.401601216,4509194.000492562,2595426.2324511115,4346078.094828652,-15430540.70968111,phase_formula
812.7611008676171,6.174588626206921e-05,8.5,24.004038709232873,3278.7605783666404,3254.7565396574073,3991.383852831511,812.7611008676171,2022523.8061489805,0.7679917344768062,0.5611016112102052,0.323,0.7679917344768062,0.0,1144.7012942236056,1049.2159468257355,0.0,774.962776189381,1.0,2.0,0.0,0.0,ok,13157825.784565788,4509194.000492562,2595426.2324511115,4336416.987208316,-15430451.400069349,phase_formula
913.0959256151148,6.93683754170869e-05,8.5,24.20953690182512,2921.217146452705,2897.00760955088,3603.697053451643,913.0959256151148,2026238.5833896706,0.7679804696592415,0.5611016644032959,0.323,0.7679804696592415,0.0,1018.8808473014444,933.876572952684,0.0,689.7823336230779,1.0,2.0,0.0,0.0,ok,13157186.956848163,4509194.000492562,2595426.2324511115,4326193.325109696,-15430351.065244602,phase_formula
1025.8170186601064,7.793185585809515e-05,8.5,24.41506853783435,2602.9846973203976,2578.569628782563,3256.4914421208287,1025.8170186601064,2030176.273382044,0.7679678125622448,0.5611036746167964,0.323,0.7679678125622448,0.0,906.8935064525805,831.2209375973041,0.0,613.966903868397,1.0,2.0,0.0,0.0,ok,13156469.246976288,4509194.000492562,2595426.2324511115,4315375.276608076,-15430238.344151556,phase_formula
1152.4534566987763,8.755249234207827e-05,8.5,24.620635796235828,2319.7435793671966,2295.1229435709606,2945.4120090433385,1152.4534566987763,2034350.3208158053,0.7679535908780956,0.5611081247672745,0.323,0.7679535908780956,0.0,807.2192322068364,739.8552980282816,0.0,546.4874202040282,1.0,2.0,0.0,0.0,ok,13155662.911938148,4509194.000492562,2595426.2324511115,4303929.340061654,-15430111.707713518,phase_formula
1294.7230799424149,9.836079008906897e-05,8.5,24.82624115702584,2067.6488028930053,2042.8225617359792,2666.5786559619855,1294.7230799424149,2038774.9850577184,0.7679376109144155,0.5611155873087488,0.323,0.7679376109144155,0.0,718.5050133756654,658.539061626408,0.0,486.4278940553255,1.0,2.0,0.0,0.0,ok,13154757.004624397,4509194.000492562,2595426.2324511115,4291820.272583636,-15429969.438090274,phase_formula
1300.0,9.876168046797843e-05,8.5,24.833413587521264,2059.3600220668086,2034.5266084792875,2657.37502158497,1300.0,2038934.3080535168,0.7679370181484968,0.5611159091174844,0.323,0.7679370181484968,0.0,715.5881137396713,655.8654594251464,0.0,484.4531530017576,1.0,2.0,0.0,0.0,ok,13154723.403006595,4509194.000492562,2595426.2324511115,4291384.712685501,-15429964.161170216,phase_formula
1454.5557948495277,0.00011050336510290418,8.5,25.03184238132183,1843.2778372471798,1818.245994865858,2416.5340801870825,1454.5557948495277,2043465.390450213,0.767919654924438,0.5610043849135343,0.323,0.767919654924438,0.0,639.2179019638781,585.736034922197,0.0,432.7505196295456,1.0,2.0,0.0,0.0,ok,13153739.22483415,4509194.000492562,2595426.2324511115,4279011.017703163,-15429809.605375366,phase_formula
1634.1197535649385,0.000124144933036917,8.5,25.237452541782893,1643.5842843459186,1618.3468318041357,2192.197526489534,1634.1197535649385,2048437.579744381,0.7678994780998503,0.5610049058985805,0.323,0.7678994780998503,0.0,568.9431099184773,521.3271368575901,0.0,385.17448541480917,1.0,2.0,0.0,0.0,ok,13152595.751795655,4509194.000492562,2595426.2324511115,4265462.632574083,-15429630.041416653,phase_formula
1835.850765193497,0.00013947054358379526,8.5,25.443109609086758,1465.8565232838732,1440.4134136747864,1990.8234964051837,1835.850765193497,2053708.5710123857,0.7678768051824799,0.5610089850224645,0.323,0.7678768051824799,0.0,506.39783545270166,464.00552365396265,0.0,342.83133460147906,1.0,2.0,0.0,0.0,ok,13151311.055895617,4509194.000492562,2595426.2324511115,4251134.215168828,-15429428.310405023,phase_formula
2062.485337876194,0.0001566880906993994,8.5,25.648817484075597,1307.6808673508526,1282.032049866777,1809.9649641420747,2062.485337876194,2059296.4183184314,0.7678513266451511,0.5610174943341365,0.323,0.7678513266451511,0.0,450.732726979833,412.9924136887113,0.0,305.1460561653469,1.0,2.0,0.0,0.0,ok,13149867.6870199,4509194.000492562,2595426.2324511115,4235982.831969714,-15429201.67583234,phase_formula
2317.0977998889393,0.0001760311327120671,8.5,25.85456684488154,1166.9088428427183,1141.0542759978368,1647.4407041628829,2317.0977998889393,2065220.2762870747,0.767822694385202,0.5610314646729656,0.323,0.767822694385202,0.0,401.1917586220318,367.5945948657517,0.0,271.6068205871155,1.0,2.0,0.0,0.0,ok,13148246.036579458,4509194.000492562,2595426.2324511115,4219963.446757306,-15428947.063370328,phase_formula
2603.142003316607,0.00019776206057255997,8.5,26.06030823565538,1041.6280179430616,1015.5677097074063,1501.306161987635,2603.142003316607,2071500.469022926,0.7677905168663012,0.5608331186322942,0.323,0.7677905168663012,0.0,356.7734646705597,326.763357300408,0.0,241.5356355819689,1.0,2.0,0.0,0.0,ok,13146424.06992398,4509194.000492562,2595426.2324511115,4203028.8512057215,-15428661.0191669,phase_formula
2924.49817601829,0.00022217565722238775,8.5,26.26611454033534,930.1362234739624,903.8701089336271,1369.827710201919,2924.49817601829,2078158.5631916255,0.7677543536351317,0.5608348383807378,0.323,0.7677543536351317,0.0,317.535895532362,290.81287159507104,0.0,214.97180127540906,1.0,2.0,0.0,0.0,ok,13144377.025425471,4509194.000492562,2595426.2324511115,4185129.598102092,-15428339.662994199,phase_formula
3200.0,0.00024310567499810073,8.5,26.425354249878,852.3968594958112,825.9715052459333,1277.2055368687318,3200.0,2083581.626773511,0.7677233392282001,0.5608405366530178,0.323,0.7677233392282001,0.0,290.17652299526384,265.74754820131164,0.0,196.4495060677936,1.0,2.0,0.0,0.0,ok,13142621.941395193,4509194.000492562,2595426.2324511115,4170591.846358286,-15428064.161170216,phase_formula
3285.5255574369426,0.0002496030963638185,8.5,26.471991983649954,830.9182727550577,804.4462807714078,1251.4593974272386,3285.5255574369426,2085217.4466213153,0.7677137091290263,0.5608430333089823,0.323,0.7677137091290263,0.0,282.6173464590854,258.8225426874822,0.0,191.33194355280088,1.0,2.0,0.0,0.0,ok,13142077.076038625,4509194.000492562,2595426.2324511115,4166213.938141433,-15427978.63561278,phase_formula
3691.1215322651688,0.0002804164348754212,8.5,26.677947583213825,742.6254752603157,715.9475276771019,1144.8224857218088,3691.1215322651688,2092701.4118362647,0.7676680256784723,0.560859280272217,0.323,0.7676680256784723,0.0,251.54322547407472,230.3572095736352,0.0,170.2947636459486,1.0,2.0,0.0,0.0,ok,13139492.948606176,4509194.000492562,2595426.2324511115,4146227.761394061,-15427573.039637951,phase_formula
4146.7880641233005,0.0003150336598133633,8.5,26.88391257059945,664.0572647753429,637.1733522047434,1048.6870970070156,4146.7880641233005,2100636.2457999876,0.7676166755942482,0.5608854212028118,0.323,0.7676166755942482,0.0,223.891065389118,205.0294949732724,0.0,151.5742512684329,1.0,2.0,0.0,0.0,ok,13136589.495566685,4509194.000492562,2595426.2324511115,4125114.5447058138,-15427117.373106092,phase_formula
4658.7063304314215,0.0003539243584617049,8.5,27.089963292613852,594.1451353887039,567.05517209609,961.9561640685081,4658.7063304314215,2109049.324447201,0.7675589522124282,0.5605316922726455,0.323,0.7675589522124282,0.0,198.95653565722372,182.06344260766485,0.0,134.69357463994046,1.0,2.0,0.0,0.0,ok,13133327.213028884,4509194.000492562,2595426.2324511115,4102815.3064767555,-15426605.454839785,phase_formula
5233.820570907399,0.0003976160883466838,8.5,27.296117770484244,531.9379425878695,504.64182481738527,883.6507414094038,5233.820570907399,2117969.7157023256,0.7674940597511262,0.5605362612799173,0.323,0.7674940597511262,0.0,177.06164306144265,162.014689755668,0.0,119.87073235259669,1.0,2.0,0.0,0.0,ok,13129661.698388588,4509194.000492562,2595426.2324511115,4079268.570470402,-15426030.34059931,phase_formula
5879.932287106999,0.0004467015336250854,8.5,27.502387251207093,476.589052161045,449.0866649098379,812.8971614732088,5879.932287106999,2127428.2888232535,0.7674211018100764,0.5605526353404129,0.323,0.7674211018100764,0.0,157.58008972757594,144.17874746698772,0.0,106.68172074556891,1.0,2.0,0.0,0.0,ok,13125543.03976715,4509194.000492562,2595426.2324511115,4054410.340534988,-15425384.22888311,phase_formula
6500.0,0.0004938084023398921,8.5,27.680098565060025,433.83666652447914,406.15656795941914,757.412737610528,6500.0,2136031.2211666494,0.7673510303710196,0.5605783460663111,0.323,0.7673510303710196,0.0,142.5317661148716,130.40393566933494,0.0,96.49400565976808,1.0,2.0,0.0,0.0,ok,13121589.763332421,4509194.000492562,2595426.2324511115,4031898.266900027,-15424764.161170216,phase_formula
6605.806070835401,0.00050184654492406,8.5,27.70870979944131,427.34478892694597,399.6360791275047,748.9154866464817,6605.806070835401,2137457.832874006,0.7673390683172536,0.5605836313328548,0.323,0.7673390683172536,0.0,140.24666305869525,128.3124263318134,0.0,94.94699089073669,1.0,2.0,0.0,0.0,ok,13120915.128527565,4509194.000492562,2595426.2324511115,4028174.088376824,-15424658.355099382,phase_formula
7421.288497006765,0.000563799171693897,8.5,27.91515787930148,383.5344214479938,355.6192635686923,691.009495085743,7421.288497006765,2148093.180498499,0.7672468206948483,0.5606326578978561,0.323,0.7672468206948483,0.0,124.82533353250604,114.19931087248466,0.0,84.5067508015066,1.0,2.0,0.0,0.0,ok,13115714.88495623,4509194.000492562,2595426.2324511115,4000490.7568089305,-15423842.87267321,phase_formula
8337.44169374924,0.000633399809598818,8.5,28.121762299874153,344.560886425948,316.43912412607386,638.5574036397231,8337.44169374924,2159371.345044174,0.7671430749789244,0.5600019425213767,0.323,0.7671430749789244,0.0,110.77797209400669,101.21635295729574,0.0,74.99668710764253,1.0,2.0,0.0,0.0,ok,13109871.385861365,4509194.000492562,2595426.2324511115,3971288.781217489,-15422926.719476467,phase_formula
9366.693401651874,0.0007115926005965109,8.5,28.3285388084529,309.89271562705017,281.5641768185973,591.0037905882747,9366.693401651874,2171331.6665072483,0.7670263825816364,0.5600130544202381,0.323,0.7670263825816364,0.0,98.57368620841318,90.0530798061206,0.0,66.73438556309573,1.0,2.0,0.0,0.0,ok,13103304.881305588,4509194.000492562,2595426.2324511115,3940494.132338165,-15421897.467768565,phase_formula
10523.00555772709,0.0007994382403500031,8.5,28.535415917329715,279.05675404905,250.52133813172028,547.8523082252718,10523.00555772709,2184015.971957418,0.7668951083302185,0.5600456778806889,0.323,0.7668951083302185,0.0,87.71787359085809,80.12620802833715,0.0,59.38500042101093,1.0,2.0,0.0,0.0,ok,13095925.685926748,4509194.000492562,2595426.2324511115,3908030.3838207475,-15420741.15561249,phase_formula
11822.06369095274,0.0008981283667061263,8.5,28.74250868957516,251.63201625505576,222.88950756548059,508.6595322957691,11822.06369095274,2197468.737323642,0.7667474053508961,0.5601050772263488,0.323,0.7667474053508961,0.0,78.06238390584363,71.29990082573063,0.0,52.84823390425615,1.0,2.0,0.0,0.0,ok,13087632.92826759,4509194.000492562,2595426.2324511115,3873818.8084880724,-15419442.097479263,phase_formula
13281.489698569587,0.0010090017244222128,8.5,28.949843222210653,227.2436985583818,198.29385533617113,473.0289647563808,13281.489698569587,2211737.2785476428,0.7665811862855997,0.5601974201636164,0.323,0.7665811862855997,0.0,69.47531893653934,63.45321379442086,0.0,47.03479092003714,1.0,2.0,0.0,0.0,ok,13078313.139182629,4509194.000492562,2595426.2324511115,3837778.507659742,-15417982.671471648,phase_formula
14921.080889473207,0.0011335623254177018,8.5,29.15739188495739,205.5581296276751,176.4007377427177,440.60597443803715,14921.080889473207,2226871.953226384,0.766394090231285,0.559073151953853,0.323,0.766394090231285,0.0,61.51178458775238,56.049513548702194,0.0,41.64347816590836,1.0,2.0,0.0,0.0,ok,13067838.657660075,4509194.000492562,2595426.2324511115,3799826.578422643,-15416343.080280744,phase_formula
15000.0,0.0011395578515535972,8.5,29.1667846561988,204.6344583214909,175.4676736652921,439.20733435733007,15000.0,2227579.192754318,0.7663850751007463,0.5590735610543435,0.323,0.7663850751007463,0.0,61.18652669436773,55.75250488967295,0.0,41.42327857208696,1.0,2.0,0.0,0.0,ok,13067334.37364907,4509194.000492562,2595426.2324511115,3798060.039897705,-15416264.161170216,phase_formula
16763.07853735573,0.0012734998508968874,8.5,29.365194086673675,186.27836530965436,156.91317122298068,411.07338117892266,16763.07853735573,2242926.371836435,0.7661834446711671,0.5590990189482943,0.323,0.7661834446711671,0.0,54.72237191404943,49.851270145923934,0.0,37.04704578581146,1.0,2.0,0.0,0.0,ok,13056065.829214698,4509194.000492562,2595426.2324511115,3759878.3242836897,-15414501.08263286,phase_formula
18832.46958655668,0.0014307125721003326,8.5,29.57333543010919,169.14013913371122,139.56680370360203,384.1473936973162,18832.46958655668,2259957.6315966463,0.7659462215182209,0.559164596862054,0.323,0.7659462215182209,0.0,48.68646666467738,44.343892039393026,0.0,32.96073793198659,1.0,2.0,0.0,0.0,ok,13042832.968283473,4509194.000492562,2595426.2324511115,3717847.5152397775,-15412431.69158366,phase_formula
21157.325603303416,0.0016073331006080237,8.5,29.781809472596315,153.90813806507316,124.12632859247685,359.57387310293666,21157.325603303416,2278026.5894848322,0.765678986206077,0.5592793413477887,0.323,0.765678986206077,0.0,43.321251349704035,39.451422971049766,0.0,29.32848716374963,1.0,2.0,0.0,0.0,ok,13027958.051676182,4509194.000492562,2595426.2324511115,3673646.703945096,-15410106.835566914,phase_formula
23769.183570259636,0.0018057573175005422,8.5,29.990642463809582,140.37293523074104,110.38229276693146,337.1252522119868,23769.183570259636,2297198.1376853236,0.7653778385305839,0.5594545084300645,0.323,0.7653778385305839,0.0,38.55301443956902,35.10625728495467,0.0,26.10039077558823,1.0,2.0,0.0,0.0,ok,13011236.10495507,4509194.000492562,2595426.2324511115,3627187.6053454005,-15407494.977599956,phase_formula
26326.0,0.002,8.5,30.174331594470786,129.74356539260123,99.56923379813043,319.0115506686466,26326.0,2314988.0965069733,0.7650820867269441,0.5574487253776959,0.323,0.7650820867269441,0.0,34.481358863819025,31.269403612672065,0.0,23.34387995080548,1.0,2.0,0.0,0.0,ok,12994855.504208153,4509194.000492562,2595426.2324511115,3584479.6587438323,-15404938.161170216,phase_formula
26703.473689911352,0.002028676873806226,8.5,30.19995696675167,128.34821222136065,98.14825525460898,316.59774375934467,26703.473689911352,2317541.49807388,0.7650383436532127,0.5574517496745462,0.323,0.7650383436532127,0.0,33.98970483300892,30.82192875205123,0.0,23.01103017194705,1.0,2.0,0.0,0.0,ok,12992436.237459326,4509194.000492562,2595426.2324511115,3578381.547877481,-15404560.687480304,phase_formula
30000.0,0.0022791157031071944,8.5,30.409726850157206,117.66798491053618,87.25825806037898,297.80855279987895,30000.0,2339130.616246147,0.7646554513068629,0.5575116385696466,0.323,0.7646554513068629,0.0,30.22611089582356,27.39821646098156,0.0,20.463077076472548,1.0,2.0,0.0,0.0,ok,12971298.274318108,4509194.000492562,2595426.2324511115,3527140.005097157,-15401264.161170216,phase_formula
100.0,7.597052343690648e-06,8.75,19.436368714411362,26264.76741392403,26245.33104520962,27736.54385493142,100.0,1995859.9107379843,0.7746984002873658,0.5655515236193805,0.323,0.7746984002873658,0.0,9403.02072808068,8767.615118107415,0.0,6365.845032910621,1.0,2.0,0.0,0.0,ok,13162372.77824447,4380359.886192774,2521271.1972382227,4320389.194084379,-14959929.802767392,phase_formula
112.34493440205146,8.534903472008771e-06,8.75,19.633006795494076,23380.91913723667,23361.286130441174,24796.94037784499,112.34493440205146,1997147.6182902523,0.7746970748719517,0.5655519535665223,0.323,0.7746970748719517,0.0,8369.757147363382,7804.165870160559,0.0,5666.32558876501,1.0,2.0,0.0,0.0,ok,13162295.34644124,4380359.886192774,2521271.1972382227,4316777.632469042,-14959917.45783299,phase_formula
126.21384285801246,9.588531706906667e-06,8.75,19.829605853430376,20813.981818503515,20794.152212650086,22175.866152259645,126.21384285801246,1998511.838899869,0.7746955858116341,0.565552670837641,0.323,0.7746955858116341,0.0,7450.040113711555,6946.594082339133,0.0,5043.677156982723,1.0,2.0,0.0,0.0,ok,13162208.35546168,4380359.886192774,2521271.1972382227,4312953.834209856,-14959903.588924533,phase_formula
141.79485896514254,1.077222965624421e-05,8.75,20.0262115014107,18529.131988557558,18509.105777056146,19838.495552164153,141.79485896514254,1999957.2062633499,0.7746939128984639,0.5655415383867117,0.323,0.7746939128984639,0.0,6631.059068433632,6182.820356727907,0.0,4489.226989329571,1.0,2.0,0.0,0.0,ok,13162110.62516069,4380359.886192774,2521271.1972382227,4308905.231654532,-14959888.007908426,phase_formula
159.29934128987077,1.210205434094589e-05,8.75,20.22282641000799,16495.37268969588,16475.14986328587,17753.82418491982,159.29934128987077,2001488.6301764182,0.7746920334282366,0.5655415298210013,0.323,0.7746920334282366,0.0,5902.375261257926,5503.379166421701,0.0,3995.908051871615,1.0,2.0,0.0,0.0,ok,13162000.829686407,4380359.886192774,2521271.1972382227,4304618.544107702,-14959870.503426101,phase_formula
178.96474047500539,1.3596045010636282e-05,8.75,20.419450532867213,14685.113037993933,14664.693587461066,15894.249116702968,178.96474047500539,2003111.3133679978,0.7746899218919117,0.5655418530455707,0.323,0.7746899218919117,0.0,5253.769508195425,4898.607455119762,0.0,3556.801957048303,1.0,2.0,0.0,0.0,ok,13161877.479487907,4380359.886192774,2521271.1972382227,4300079.738686634,-14959850.838026917,phase_formula
201.05782028944645,1.5274467848472724e-05,8.75,20.616084267795987,13073.793952438456,13053.17786817066,14235.19519177822,201.05782028944645,2004830.7693430195,0.7746875496288297,0.5655425901332753,0.323,0.7746875496288297,0.0,4676.4424957407045,4360.300226283595,0.0,3165.951569616457,1.0,2.0,0.0,0.0,ok,13161738.901100503,4380359.886192774,2521271.1972382227,4295273.989362293,-14959828.744947102,phase_formula
225.87827631437312,1.7160090884629123e-05,8.75,20.812728048353954,11639.555007296527,11618.742279248174,12754.782423432009,225.87827631437312,2006652.8413042678,0.7746848844369784,0.5655438383688575,0.323,0.7746848844369784,0.0,4162.561815993176,3881.154082899822,0.0,2818.0543494273807,1.0,2.0,0.0,0.0,ok,13161583.214433935,4380359.886192774,2521271.1972382227,4290185.63414414,-14959803.924491078,phase_formula
253.76280135386727,1.9278492847669018e-05,8.75,21.009381993468597,10362.937892161817,10341.928510168349,11433.529927861371,253.76280135386727,2008583.7222132683,0.7746818901349725,0.5655238753360642,0.323,0.7746818901349725,0.0,3704.8221281160354,3454.223024578238,0.0,2508.164580734556,1.0,2.0,0.0,0.0,ok,13161408.307254737,4380359.886192774,2521271.1972382227,4284798.1303492,-14959776.039966037,phase_formula
285.08965271781034,2.1658410143417938e-05,8.75,21.206020842571064,9226.622432306229,9205.416411463657,10254.092381207936,285.08965271781034,2010629.9760757464,0.77467852606974,0.5655238149445659,0.323,0.77467852606974,0.0,3297.684942779146,3074.610782590669,0.0,2232.532706261482,1.0,2.0,0.0,0.0,ok,13161211.806515928,4380359.886192774,2521271.1972382227,4279094.007927756,-14959744.713114673,phase_formula
320.28378333286037,2.4332126668150144e-05,8.75,21.402647399142932,8215.191691980403,8193.789044581259,9201.025504520718,320.28378333286037,2012798.56050681,0.7746747465631517,0.5655243422344899,0.323,0.7746747465631517,0.0,2935.2929076000582,2736.7215424868446,0.0,1987.193298445239,1.0,2.0,0.0,0.0,ok,13160991.046144092,4380359.886192774,2521271.1972382227,4273054.820800715,-14959709.518984059,phase_formula
359.8226062857106,2.733591174395735e-05,8.75,21.599285843782432,7314.922834894368,7293.323549050586,8260.577275453721,359.8226062857106,2015096.8506875979,0.7746705002899864,0.5655256039286741,0.323,0.7746705002899864,0.0,2612.7292442846606,2435.970614548091,0.0,1768.8176983807152,1.0,2.0,0.0,0.0,ok,13160743.030845694,4380359.886192774,2521271.1972382227,4266661.096187646,-14959669.980161106,phase_formula
404.24247099543345,3.071051211695156e-05,8.75,21.795936895431137,6513.600926941908,6491.8049900464775,7420.5020427291465,404.24247099543345,2017532.6647774559,0.7746657295786611,0.565527773383185,0.323,0.7746657295786611,0.0,2325.6174438313465,2168.2770846677104,0.0,1574.4430094738218,1.0,2.0,0.0,0.0,ok,13160464.39544013,4380359.886192774,2521271.1972382227,4259892.2819094965,-14959625.560296396,phase_formula
454.1459388650521,3.4501704692323335e-05,8.75,21.992601060868704,5800.353262226209,5778.36066116534,6669.895132496263,454.1459388650521,2020114.290885564,0.7746603696250755,0.5655310555672052,0.323,0.7746603696250755,0.0,2070.0619063522063,1930.0084665481172,0.0,1401.4319106004434,1.0,2.0,0.0,0.0,ok,13160151.359165916,4380359.886192774,2521271.1972382227,4252726.691665711,-14959575.656828526,phase_formula
510.20995710752294,3.876091750418012e-05,8.75,22.18927916505891,5165.501873874334,5143.312594709275,5999.045610673664,510.20995710752294,2022850.515699924,0.7746543476086961,0.5654917852978121,0.323,0.7746543476086961,0.0,1842.2615264930193,1717.4863498603097,0.0,1247.2110534357741,1.0,2.0,0.0,0.0,ok,13159799.674337747,4380359.886192774,2521271.1972382227,4245141.44828873,-14959519.592810284,phase_formula
520.0,3.950467218719137e-05,8.75,22.221382317565514,5068.684102038617,5046.462719721052,5896.477000270793,520.0,2023312.601045967,0.7746532959874803,0.565491846750915,0.323,0.7746532959874803,0.0,1807.5717348076853,1685.1438564732587,0.0,1223.726064464803,1.0,2.0,0.0,0.0,ok,13159738.261748672,4380359.886192774,2521271.1972382227,4243861.435320495,-14959509.802767392,phase_formula
573.1950416251822,4.354592734370449e-05,8.75,22.38597214008031,4600.43225090046,4578.046278760379,5399.305224689497,573.1950416251822,2025750.654881862,0.7746475816986271,0.5654926404068391,0.323,0.7746475816986271,0.0,1639.7969424539265,1528.7228604715829,0.0,1110.1425300413084,1.0,2.0,0.0,0.0,ok,13159404.568654865,4380359.886192774,2521271.1972382227,4237112.4250163175,-14959456.607725766,phase_formula
643.9555935096224,4.892164350904979e-05,8.75,22.582680312851323,4097.476480487855,4074.8938001750034,4862.971746422997,643.9555935096224,2028824.585338144,0.7746399799358495,0.5654947994096133,0.323,0.7746399799358495,0.0,1459.5872299688542,1360.711119350689,0.0,988.1405546889146,1.0,2.0,0.0,0.0,ok,13158960.680374252,4380359.886192774,2521271.1972382227,4228614.184819783,-14959385.847173883,phase_formula
723.4514891067264,5.4960988308647454e-05,8.75,22.779357223456945,3649.809185540257,3627.0298283168004,4383.185091583786,723.4514891067264,2032082.7795032794,0.774631438976046,0.5654985684087694,0.323,0.774631438976046,0.0,1299.1869142433216,1211.1708154861408,0.0,879.5495409427288,1.0,2.0,0.0,0.0,ok,13158461.985464385,4380359.886192774,2521271.1972382227,4219619.917863408,-14959306.351278285,phase_formula
812.7611008676171,6.174588626206921e-05,8.75,22.976052492647362,3251.3550810268102,3228.379028534163,3953.8350336601306,812.7611008676171,2035536.3417273788,0.7746218426754237,0.5655043152321918,0.323,0.7746218426754237,0.0,1156.4192697557546,1078.0722482415983,0.0,782.8958456246459,1.0,2.0,0.0,0.0,ok,13157901.715745088,4380359.886192774,2521271.1972382227,4210101.37719702,-14959217.041666524,phase_formula
913.0959256151148,6.93683754170869e-05,8.75,23.17276751225583,2896.706416945727,2873.5336494334715,3569.4787909350352,913.0959256151148,2039197.046972379,0.7746110604996809,0.565433889895041,0.323,0.7746110604996809,0.0,1029.0132058736326,959.1637380810728,0.0,696.6419403764494,1.0,2.0,0.0,0.0,ok,13157272.266895376,4380359.886192774,2521271.1972382227,4200028.812802452,-14959116.706841776,phase_formula
1025.8170186601064,7.793185585809515e-05,8.75,23.36950378956917,2581.0496697979675,2557.6801660083984,3225.2678441186163,1025.8170186601064,2043077.381911891,0.7745989457336825,0.5654352603931392,0.323,0.7745989457336825,0.0,915.9111625533433,853.727130330175,0.0,620.0718570486134,1.0,2.0,0.0,0.0,ok,13156565.095071314,4380359.886192774,2521271.1972382227,4189370.9041683543,-14959003.98574873,phase_formula
1152.4534566987763,8.755249234207827e-05,8.75,23.566263076666882,2300.1002466063296,2276.5339835296627,2916.882751457717,1152.4534566987763,2047190.5886312008,0.7745853334664862,0.5654389456344227,0.323,0.7745853334664862,0.0,815.2444588890155,759.8859620458535,0.0,551.9204986678637,1.0,2.0,0.0,0.0,ok,13155770.600719133,4380359.886192774,2521271.1972382227,4178094.691594287,-14958877.349310692,phase_formula
1294.7230799424149,9.836079008906897e-05,8.75,23.76304734429301,2050.0443637888925,2026.2813164445995,2640.475127017825,1294.7230799424149,2051550.7110713404,0.7745700383230278,0.5654454967189265,0.323,0.7745700383230278,0.0,725.6466473525719,676.3660766607694,0.0,491.26278025769125,1.0,2.0,0.0,0.0,ok,13154877.997991683,4380359.886192774,2521271.1972382227,4166165.50647797,-14958735.079687448,phase_formula
1300.0,9.876168046797843e-05,8.75,23.769908654691562,2041.822603291167,2018.0526946364755,2631.3517502241057,1300.0,2051707.7091303216,0.7745694709612478,0.5654457834082072,0.323,0.7745694709612478,0.0,722.7006890844664,673.6200116972152,0.0,489.2683665101838,1.0,2.0,0.0,0.0,ok,13154844.88989834,4380359.886192774,2521271.1972382227,4165736.423148331,-14958729.802767392,phase_formula
1454.5557948495277,0.00011050336510290418,8.75,23.959858803776513,1827.4873126699538,1803.5274538661772,2392.615992015467,1454.5557948495277,2056172.6444492498,0.7745528519099805,0.5654555656575475,0.323,0.7745528519099805,0.0,645.9014313235457,602.0333269561685,0.0,437.2752690060405,1.0,2.0,0.0,0.0,ok,13153875.167976853,4380359.886192774,2521271.1972382227,4153546.900896942,-14958575.246972542,phase_formula
1634.1197535649385,0.000124144933036917,8.75,24.156686049016614,1629.407395914835,1605.2507098658184,2170.2497868312926,1634.1197535649385,2061072.187834298,0.774533539938969,0.5653292772887591,0.323,0.774533539938969,0.0,574.5926800429119,535.4333452753854,0.0,388.99924438905134,1.0,2.0,0.0,0.0,ok,13152748.493721783,4380359.886192774,2521271.1972382227,4140200.576849316,-14958395.683013827,phase_formula
1835.850765193497,0.00013947054358379526,8.75,24.353513259065718,1453.1149471586602,1428.7614338995945,1970.653456627082,1835.850765193497,2066266.1000941766,0.7745118389853772,0.5653314539155713,0.323,0.7745118389853772,0.0,511.4236862265658,476.5572512528453,0.0,346.23383557538506,1.0,2.0,0.0,0.0,ok,13151482.67478308,4380359.886192774,2521271.1972382227,4126086.315596889,-14958193.952002198,phase_formula
2062.485337876194,0.0001566880906993994,8.75,24.550376561303917,1296.215901900078,1271.6655253387742,1791.4000783705883,2062.485337876194,2071772.159409718,0.7744874528353066,0.5653377422224893,0.323,0.7744874528353066,0.0,455.2031791326061,424.1603313314488,0.0,308.17255227277434,1.0,2.0,0.0,0.0,ok,13150060.518747015,4380359.886192774,2521271.1972382227,4111161.9076268673,-14957967.317429515,phase_formula
2317.0977998889393,0.0001760311327120671,8.75,24.74727951741359,1156.5792366917883,1131.8319571743748,1630.326349867581,2317.0977998889393,2077609.2267808844,0.7744600483667452,0.5653491256328077,0.323,0.7744600483667452,0.0,405.16762951917156,377.5306248049144,0.0,274.2984851844792,1.0,2.0,0.0,0.0,ok,13148462.70684071,4380359.886192774,2521271.1972382227,4095383.083843369,-14957712.704967503,phase_formula
2603.142003316607,0.00019776206057255997,8.75,24.94422612226583,1032.308094472726,1007.3638683504602,1485.5037551399546,2603.142003316607,2083797.313621654,0.7744292509035204,0.5653667680968719,0.323,0.7744292509035204,0.0,360.6374077838459,336.03440371001295,0.0,244.1515250696637,1.0,2.0,0.0,0.0,ok,13146667.530390315,4380359.886192774,2521271.1972382227,4078703.4486991805,-14957426.660764076,phase_formula
2924.49817601829,0.00022217565722238775,8.75,25.141220864306607,921.7140534540833,896.5728325897767,1355.2128679701855,2924.49817601829,2090357.6538616517,0.774394638971978,0.5651403103956651,0.323,0.774394638971978,0.0,320.67418607918626,298.6630108426075,0.0,217.09642397560913,1.0,2.0,0.0,0.0,ok,13144650.594469557,4380359.886192774,2521271.1972382227,4061074.416095599,-14957105.304591373,phase_formula
3200.0,0.00024310567499810073,8.75,25.29360451567327,844.6000789949474,819.3064744792741,1263.4319689778151,3200.0,2095701.0163087714,0.7743649552489963,0.5651423850788192,0.323,0.7743649552489963,0.0,293.0410987310636,272.9167189106712,0.0,198.38882384093006,1.0,2.0,0.0,0.0,ok,13142921.3322117,4380359.886192774,2521271.1972382227,4046756.6974710408,-14956829.802767392,phase_formula
3285.5255574369426,0.0002496030963638185,8.75,25.338268786220258,823.2942234510933,797.955954664873,1237.9204781682595,3285.5255574369426,2097312.7808410292,0.774355738380356,0.565143751416948,0.323,0.774355738380356,0.0,285.4062752260625,265.80354534045006,0.0,193.22004832804436,1.0,2.0,0.0,0.0,ok,13142384.484615402,4380359.886192774,2521271.1972382227,4042445.1490074075,-14956744.277209954,phase_formula
3691.1215322651688,0.0002804164348754212,8.75,25.53537555471105,735.710858977242,710.1754834225309,1132.2592269661545,3691.1215322651688,2104686.6094358824,0.7743120155292579,0.5651545068000982,0.323,0.7743120155292579,0.0,254.0209659227537,236.56443969362988,0.0,171.97219392970425,1.0,2.0,0.0,0.0,ok,13139838.391959019,4380359.886192774,2521271.1972382227,4022762.5039340537,-14956338.681235127,phase_formula
4146.7880641233005,0.0003150336598133633,8.75,25.73254752513015,657.7732125345235,632.0406650093934,1037.009478917615,4146.7880641233005,2112504.5237617977,0.7742628698481795,0.565174334342856,0.323,0.7742628698481795,0.0,226.0916208659762,210.54787011254717,0.0,153.06402732626592,1.0,2.0,0.0,0.0,ok,13136977.691521311,4380359.886192774,2521271.1972382227,4001970.9814488525,-14955883.014703268,phase_formula
4658.7063304314215,0.0003539243584617049,8.75,25.92975123473392,588.4213413700586,562.4915901353247,951.0831427392204,4658.7063304314215,2120793.4712302107,0.7742076252373552,0.5652052992574679,0.323,0.7742076252373552,0.0,201.23846959901817,187.3997081881344,0.0,136.2384439185353,1.0,2.0,0.0,0.0,ok,13133763.467742765,4380359.886192774,2521271.1972382227,3980012.684295305,-14955371.09643696,phase_formula
5233.820570907399,0.0003976160883466838,8.75,26.127036641176662,526.7118529015514,500.58481626037474,873.5094276036139,5233.820570907399,2129582.0622350634,0.774145520375817,0.5647992547097784,0.323,0.774145520375817,0.0,178.79030353144756,166.3606976940985,0.0,121.04103549079001,1.0,2.0,0.0,0.0,ok,13130151.980545359,4380359.886192774,2521271.1972382227,3956827.284687908,-14954795.982196484,phase_formula
5879.932287106999,0.0004467015336250854,8.75,26.32441295572406,471.80498262401863,445.48056966829455,803.4219268150728,5879.932287106999,2138900.678196413,0.7740756977349759,0.5648046734758695,0.323,0.7740756977349759,0.0,159.1126790081038,148.03855927295638,0.0,107.71928368848627,1.0,2.0,0.0,0.0,ok,13126094.06434628,4380359.886192774,2521271.1972382227,3932352.00270854,-14954149.870480284,phase_formula
6500.0,0.0004938084023398921,8.75,26.49448981018465,429.3934080606963,402.89891825051166,748.4636137781715,6500.0,2147376.1316086263,0.7740086387776446,0.5648196761795856,0.323,0.7740086387776446,0.0,143.91268234039006,133.88794845210978,0.0,97.42888594444406,1.0,2.0,0.0,0.0,ok,13122199.127048561,4380359.886192774,2521271.1972382227,3910188.062227414,-14953529.802767392,phase_formula
6605.806070835401,0.00050184654492406,8.75,26.521890548091196,422.95324436898557,396.43135382089434,740.0472726921422,6605.806070835401,2148781.586698666,0.7739971911115613,0.5648231262320699,0.323,0.7739971911115613,0.0,141.60453370366395,131.73936007883145,0.0,95.8662693173805,1.0,2.0,0.0,0.0,ok,13121534.451442873,4380359.886192774,2521271.1972382227,3906521.597939536,-14953423.996696556,phase_formula
7421.288497006765,0.000563799171693897,8.75,26.719481097671764,379.491290561542,352.7718094638702,682.6949966499203,7421.288497006765,2159259.0652099103,0.7739089114635821,0.5648577620584425,0.323,0.7739089114635821,0.0,126.0274746739128,117.24080390047159,0.0,85.32060035423896,1.0,2.0,0.0,0.0,ok,13116411.01004667,4380359.886192774,2521271.1972382227,3879268.376764556,-14952608.514270384,phase_formula
8337.44169374924,0.000633399809598818,8.75,26.917197766044815,340.8268867009285,313.9096889348837,630.7485032380066,8337.44169374924,2170369.5341068828,0.7738096307970656,0.5649123130882686,0.323,0.7738096307970656,0.0,112.16930421130957,104.34502142125311,0.0,75.93861895105657,1.0,2.0,0.0,0.0,ok,13110653.885939348,4380359.886192774,2521271.1972382227,3850522.218081049,-14951692.361073643,phase_formula
9366.693401651874,0.0007115926005965109,8.75,27.115055394121327,306.4328776330177,279.3178222388964,583.657031838674,9366.693401651874,2182151.699879595,0.773697963808404,0.5641844078694235,0.323,0.773697963808404,0.0,99.5082770517948,92.43268824091864,0.0,67.36710356406509,1.0,2.0,0.0,0.0,ok,13104184.535227954,4380359.886192774,2521271.1972382227,3820210.6205184036,-14950663.109365739,phase_formula
10523.00555772709,0.0007994382403500031,8.75,27.313070727906158,275.8400366370662,248.52696590916005,540.9285005727913,10523.00555772709,2194646.7095416803,0.7735723469355764,0.564193114796669,0.323,0.7735723469355764,0.0,88.54208717665563,82.23366186989384,0.0,59.942993018595864,1.0,2.0,0.0,0.0,ok,13096914.6339593,4380359.886192774,2521271.1972382227,3788258.7746422803,-14949506.797209665,phase_formula
11822.06369095274,0.0008981283667061263,8.75,27.511262677606535,248.63070032487346,221.11943764726692,502.1231338294498,11822.06369095274,2207898.3174489615,0.7734310144092581,0.5642251424539897,0.323,0.7734310144092581,0.0,78.78813566589078,73.16497707213466,0.0,53.33956784580806,1.0,2.0,0.0,0.0,ok,13088744.848375598,4380359.886192774,2521271.1972382227,3754589.6640445786,-14948207.73907644,phase_formula
13281.489698569587,0.0010090017244222128,8.75,27.70965261574362,224.43310301048245,196.72345039473882,466.8477881160156,13281.489698569587,2221953.0658551645,0.773271970819281,0.5642861600069168,0.323,0.773271970819281,0.0,70.1132140754176,65.10241649323527,0.0,47.46664592905772,1.0,2.0,0.0,0.0,ok,13079563.44730886,4380359.886192774,2521271.1972382227,3719124.1996885603,-14946748.313068822,phase_formula
14921.080889473207,0.0011335623254177018,8.75,27.908264721054035,202.9163336974133,175.00806897635928,434.75089883000555,14921.080889473207,2236860.480783806,0.7730929596197121,0.5643828933576968,0.323,0.7730929596197121,0.0,62.39875044380646,57.93540863359135,0.0,42.24395405045697,1.0,2.0,0.0,0.0,ok,13069244.735564101,4380359.886192774,2521271.1972382227,3681781.392378463,-14945108.721877918,phase_formula
15000.0,0.0011395578515535972,8.75,27.91723335543243,201.99981347181438,174.08258011638193,433.3663725835951,15000.0,2237557.0896611675,0.7730843342719498,0.5643881978968893,0.323,0.7730843342719498,0.0,62.070133381882314,57.6301784597902,0.0,42.021480299534325,1.0,2.0,0.0,0.0,ok,13068747.95725453,4380359.886192774,2521271.1972382227,3680043.302245888,-14945029.802767392,phase_formula
16763.07853735573,0.0012734998508968874,8.75,28.1071220790611,183.78584297958173,155.67872090052063,405.5179765156811,16763.07853735573,2252673.285185824,0.7728914268826805,0.5630783625233562,0.323,0.7728914268826805,0.0,55.20693115735241,51.12391396885678,0.0,37.37509239352758,1.0,2.0,0.0,0.0,ok,13057647.28406176,4380359.886192774,2521271.1972382227,3642478.568775513,-14943266.724230036,phase_formula
18832.46958655668,0.0014307125721003326,8.75,28.30625205894398,166.77945247774431,138.47320041880033,378.8676045599217,18832.46958655668,2269447.6312773363,0.7726644794714318,0.5630931184569535,0.323,0.7726644794714318,0.0,49.108511833477834,45.463982741829106,0.0,33.2464625112645,1.0,2.0,0.0,0.0,ok,13044611.928912569,4380359.886192774,2521271.1972382227,3601131.636975335,-14941197.333180835,phase_formula
21157.325603303416,0.0016073331006080237,8.75,28.505702541867027,151.66381417962953,123.15811163776249,354.5478857843376,21157.325603303416,2287243.351961148,0.772408836629647,0.5631498910081387,0.323,0.772408836629647,0.0,43.687455076184385,40.43562725316275,0.0,29.576407086576843,1.0,2.0,0.0,0.0,ok,13029959.507376933,4380359.886192774,2521271.1972382227,3557655.408298789,-14938872.477164088,phase_formula
23769.183570259636,0.0018057573175005422,8.75,28.705514150059507,138.2312165813995,109.52570243134001,332.333235635625,23769.183570259636,2306124.2418799633,0.772120773767309,0.5632589755339951,0.323,0.772120773767309,0.0,38.869325052872874,35.969429573482394,0.0,26.31453306079494,1.0,2.0,0.0,0.0,ok,13013488.29368232,4380359.886192774,2521271.1972382227,3511963.982627209,-14936260.619197132,phase_formula
26326.0,0.002,8.75,28.881225436998637,127.68170596271182,98.80048052571318,314.4098921481218,26326.0,2323643.82053925,0.7718378942951879,0.563407448860935,0.323,0.7718378942951879,0.0,35.08474367713617,32.46367490018206,0.0,23.752371469421192,1.0,2.0,0.0,0.0,ok,12997353.937420134,4380359.886192774,2521271.1972382227,3469967.313253259,-14933703.802767392,phase_formula
26703.473689911352,0.002028676873806226,8.75,28.905733131371132,126.2967793341819,97.39104620281077,312.02156343261373,26703.473689911352,2326158.3625576245,0.7717960569507138,0.5634326065469013,0.323,0.7717960569507138,0.0,34.587862766427584,32.00358514572667,0.0,23.415983092871475,1.0,2.0,0.0,0.0,ok,12994971.091766085,4380359.886192774,2521271.1972382227,3463971.205331789,-14933326.32907748,phase_formula
30000.0,0.0022791157031071944,8.75,29.106412229484683,115.69594549272477,86.58953326324009,293.43175053348386,30000.0,2347418.3803269477,0.7714298662588267,0.5610959141521701,0.323,0.7714298662588267,0.0,30.452901149661578,28.04433708267884,0.0,20.616614078320893,1.0,2.0,0.0,0.0,ok,12974151.934961744,4380359.886192774,2521271.1972382227,3413591.204597201,-14930029.802767392,phase_formula
100.0,7.597052343690648e-06,9.0,18.63822004418939,26042.902667450304,26024.264447406116,27494.16695753371,100.0,2008237.7280721809,0.7809569206975896,0.5696967564043702,0.323,0.7809569206975896,0.0,9483.163407658283,8982.726585471944,0.0,6420.101626984658,1.0,2.0,0.0,0.0,ok,13162381.349556096,4258683.2226874195,2451235.886203828,4199555.177100871,-14515706.180147046,phase_formula
112.34493440205146,8.534903472008771e-06,9.0,18.826794024519177,23183.342667443092,23164.51587341857,24579.633465189527,112.34493440205146,2009507.352113848,0.7809556497113419,0.569697380905398,0.323,0.7809556497113419,0.0,8441.10102793778,7995.649916206552,0.0,5714.625395913878,1.0,2.0,0.0,0.0,ok,13162304.975955676,4258683.2226874195,2451235.886203828,4195994.60932782,-14515693.835212644,phase_formula
126.21384285801246,9.588531706906667e-06,9.0,19.015304892757715,20638.02381716046,20619.008512267705,21980.936786789032,126.21384285801246,2010852.4101110082,0.7809542218008745,0.5696872067578058,0.323,0.7809542218008745,0.0,7513.213613008481,7116.589259226133,0.0,5086.445616006742,1.0,2.0,0.0,0.0,ok,13162219.173831554,4258683.2226874195,2451235.886203828,4192224.832540525,-14515679.966304189,phase_formula
141.79485896514254,1.077222965624421e-05,9.0,19.203898039604066,18372.41611434488,18353.212216305277,19663.54479028861,141.79485896514254,2012277.4698524633,0.7809526175882799,0.5696871411962625,0.323,0.7809526175882799,0.0,6687.5944658916815,6334.540305262626,0.0,4527.5014534086695,1.0,2.0,0.0,0.0,ok,13162122.77917238,4258683.2226874195,2451235.886203828,4188233.4621443474,-14515664.385288082,phase_formula
159.29934128987077,1.210205434094589e-05,9.0,19.392400276236284,16355.783556151575,16336.391155875339,17596.71414463978,159.29934128987077,2013787.3712347348,0.780950815301962,0.5696873567152264,0.323,0.780950815301962,0.0,5952.704804296735,5638.435623027645,0.0,4029.98115250889,1.0,2.0,0.0,0.0,ok,13162014.484252984,4258683.2226874195,2451235.886203828,4184007.4113688637,-14515646.880805757,phase_formula
178.96474047500539,1.3596045010636282e-05,9.0,19.580983049282633,14560.76786672521,14541.186883675926,15753.07469028818,178.96474047500539,2015387.2428360197,0.7809487904807435,0.5696879262541574,0.323,0.7809487904807435,0.0,5298.574944768341,5018.831367615049,0.0,3587.135237608168,1.0,2.0,0.0,0.0,ok,13161892.819888454,4258683.2226874195,2451235.886203828,4179532.8527817945,-14515627.215406572,phase_formula
201.05782028944645,1.5274467848472724e-05,9.0,19.76950822541959,12963.016721989523,12943.247213764103,14108.25825608416,201.05782028944645,2017082.519500083,0.7809465156413435,0.5696889316481363,0.323,0.7809465156413435,0.0,4716.330616279444,4467.321290460954,0.0,3192.955827221184,1.0,2.0,0.0,0.0,ok,13161756.135496272,4258683.2226874195,2451235.886203828,4174795.1780246324,-14515605.122326758,phase_formula
225.87827631437312,1.7160090884629123e-05,9.0,19.958081780984507,11540.85396267911,11520.895880898126,12640.569394554643,225.87827631437312,2018878.9609647226,0.7809439599046744,0.5696904738096604,0.323,0.7809439599046744,0.0,4198.072767460153,3976.4229616640846,0.0,2842.095263570524,1.0,2.0,0.0,0.0,ok,13161602.576695645,4258683.2226874195,2451235.886203828,4169778.955732843,-14515580.301870733,phase_formula
253.76280135386727,1.9278492847669018e-05,9.0,20.146631390724103,10274.985130492349,10254.838499101625,11330.69139031773,253.76280135386727,2020782.6716262386,0.7809410885758407,0.5696703403979024,0.323,0.7809410885758407,0.0,3736.4320580486165,3539.018522379499,0.0,2529.564503298913,1.0,2.0,0.0,0.0,ok,13161430.060139574,4258683.2226874195,2451235.886203828,4164467.8875882104,-14515552.417345693,phase_formula
285.08965271781034,2.1658410143417938e-05,9.0,20.335197107057976,9148.236027845602,9127.900830738543,10161.425248404264,285.08965271781034,2022800.1214943666,0.7809378626720834,0.5696705695831049,0.323,0.7809378626720834,0.0,3325.8264357701205,3150.094690799793,0.0,2251.5844970163716,1.0,2.0,0.0,0.0,ok,13161236.24523756,4258683.2226874195,2451235.886203828,4158844.7624689117,-14515521.09049433,phase_formula
320.28378333286037,2.4332126668150144e-05,9.0,20.52377314566199,8145.319588829253,8124.795815683591,9117.45694263253,320.28378333286037,2024938.1684207509,0.7809342383921859,0.5696714112138568,0.323,0.7809342383921859,0.0,2960.346897605776,2803.9169304651095,0.0,2004.1548496791104,1.0,2.0,0.0,0.0,ok,13161018.502384452,4258683.2226874195,2451235.886203828,4152891.4086625506,-14515485.896363715,phase_formula
359.8226062857106,2.733591174395735e-05,9.0,20.712332690666113,7252.628532998726,7231.91620030806,8185.150415352173,359.8226062857106,2027204.0816853317,0.7809301665200483,0.5696730121947685,0.323,0.7809301665200483,0.0,2635.034790354703,2495.7881106069603,0.0,1783.9185530701338,1.0,2.0,0.0,0.0,ok,13160773.87726336,4258683.2226874195,2451235.886203828,4146588.6441210164,-14515446.357540762,phase_formula
404.24247099543345,3.071051211695156e-05,9.0,20.90093757067053,6458.050890835912,6437.149953265241,7352.363409925624,404.24247099543345,2029605.567013471,0.7809255917542166,0.5696755493155721,0.323,0.7809255917542166,0.0,2345.4763674274923,2221.5272800440116,0.0,1587.8875007484125,1.0,2.0,0.0,0.0,ok,13160499.050736915,4258683.2226874195,2451235.886203828,4139916.2247467483,-14515401.937676052,phase_formula
454.1459388650521,3.4501704692323335e-05,9.0,21.089493309467755,5750.805457475467,5729.715964165999,6608.283201736774,454.1459388650521,2032150.7931413008,0.780920451954116,0.5696392655969995,0.323,0.780920451954116,0.0,2087.4046343889313,1976.955327283918,0.0,1413.172937481306,1.0,2.0,0.0,0.0,ok,13160190.293781051,4258683.2226874195,2451235.886203828,4132852.790706349,-14515352.034208182,phase_formula
510.20995710752294,3.876091750418012e-05,9.0,21.27812986706753,5121.2959262421755,5100.0177963751075,5943.280977513921,510.20995710752294,2034848.419978911,0.7809146772925653,0.5696393962238794,0.323,0.7809146772925653,0.0,1857.9989808404675,1759.6747319355634,0.0,1257.8653100289966,1.0,2.0,0.0,0.0,ok,13159843.416847672,4258683.2226874195,2451235.886203828,4125375.810790707,-14515295.97018994,phase_formula
520.0,3.950467218719137e-05,9.0,21.308894461767288,5025.2927179256285,5003.983823463861,5841.607683923847,520.0,2035303.9851712747,0.78091366886764,0.5696395103437485,0.323,0.78091366886764,0.0,1823.0134711774963,1726.5386280653618,0.0,1234.1801199871652,1.0,2.0,0.0,0.0,ok,13159782.843857814,4258683.2226874195,2451235.886203828,4124114.0799741196,-14515286.180147046,phase_formula
573.1950416251822,4.354592734370449e-05,9.0,21.46668478872497,4560.980194854028,4539.513510065303,5348.781366175932,573.1950416251822,2037707.6285632458,0.7809081893028325,0.5696405840890303,0.323,0.7809081893028325,0.0,1653.8083657349343,1566.2792853477024,0.0,1119.6282636025505,1.0,2.0,0.0,0.0,ok,13159453.712966444,4258683.2226874195,2451235.886203828,4117461.5248495988,-14515232.985105421,phase_formula
643.9555935096224,4.892164350904979e-05,9.0,21.655328289674213,4062.2551179513457,4040.5997896616714,4817.147388403224,643.9555935096224,2040738.152775914,0.7809008998069868,0.5696430973632203,0.323,0.7809008998069868,0.0,1472.0621083121573,1394.1444592772316,0.0,996.5860473273307,1.0,2.0,0.0,0.0,ok,13159015.893810246,4258683.2226874195,2451235.886203828,4109084.8843575036,-14515162.224553537,phase_formula
723.4514891067264,5.4960988308647454e-05,9.0,21.843914499074252,3618.352718348403,3596.5088038493286,4341.576844698977,723.4514891067264,2043950.3131325531,0.780892709710619,0.5696472365144976,0.323,0.780892709710619,0.0,1310.2938811957135,1240.9339834249397,0.0,887.068957569498,1.0,2.0,0.0,0.0,ok,13158524.017852422,4258683.2226874195,2451235.886203828,4100219.4911809242,-14515082.72865794,phase_formula
812.7611008676171,6.174588626206921e-05,9.0,22.032562948007673,3223.248961984889,3201.2163990368813,3916.0112498706835,812.7611008676171,2047355.052549428,0.7808835076470766,0.5695818556503354,0.323,0.7808835076470766,0.0,1165.9702806688306,1104.1109820718025,0.0,789.3618800127983,1.0,2.0,0.0,0.0,ok,13157971.409635507,4258683.2226874195,2451235.886203828,4090837.534653423,-14514993.419046178,phase_formula
913.0959256151148,6.93683754170869e-05,9.0,22.221191961809197,2871.581572869382,2849.3603809075726,3535.05378682798,913.0959256151148,2050963.974465149,0.7808731684521968,0.5695815834384087,0.323,0.7808731684521968,0.0,1037.813581256804,982.7393264711575,0.0,702.5997945108564,1.0,2.0,0.0,0.0,ok,13157350.569048952,4258683.2226874195,2451235.886203828,4080909.7270915266,-14514893.084221432,phase_formula
1025.8170186601064,7.793185585809515e-05,9.0,22.409850524173486,2558.5776260606235,2536.16777553645,3193.8970248178475,1025.8170186601064,2054789.3832309942,0.7808615514480445,0.5695831505784086,0.323,0.7808615514480445,0.0,923.7462931864279,874.7139876442984,0.0,625.3762404872118,1.0,2.0,0.0,0.0,ok,13156653.069376012,4258683.2226874195,2451235.886203828,4070405.2379189287,-14514780.363128386,phase_formula
1152.4534566987763,8.755249234207827e-05,9.0,22.5985289678606,2279.988612328821,2257.3900833609605,2888.25809431369,1152.4534566987763,2058844.3271330895,0.7808484985113712,0.569587014681868,0.323,0.7808484985113712,0.0,822.2202092000477,778.5684108976992,0.0,556.6430816284324,1.0,2.0,0.0,0.0,ok,13155869.442715095,4258683.2226874195,2451235.886203828,4059291.6266141767,-14514653.726690348,phase_formula
1294.7230799424149,9.836079008906897e-05,9.0,22.78720424069306,2032.0328519569932,2009.2456477163003,2614.321198186055,1294.7230799424149,2063142.644085818,0.7808338318993172,0.5695937165871561,0.323,0.7808338318993172,0.0,731.8572404829102,692.9971856926677,0.0,495.46735180693025,1.0,2.0,0.0,0.0,ok,13154989.05120658,4258683.2226874195,2451235.886203828,4047534.774735873,-14514511.457067104,phase_formula
1300.0,9.876168046797843e-05,9.0,22.793796453123765,2023.8801436721367,2001.0863472190129,2605.2795553993724,1300.0,2063297.4157979186,0.7808332878534763,0.5695940095722983,0.323,0.7808332878534763,0.0,728.8861238716704,690.183673846977,0.0,493.4559058611208,1.0,2.0,0.0,0.0,ok,13154956.39607839,4258683.2226874195,2451235.886203828,4047111.89617029,-14514506.180147046,phase_formula
1454.5557948495277,0.00011050336510290418,9.0,22.97594063234023,1811.3442967894368,1788.3683561570965,2368.6864983443147,1454.5557948495277,2067699.0101773897,0.7808173518012544,0.5696039062261061,0.323,0.7808173518012544,0.0,651.4307568677991,616.8383838242679,0.0,441.01862239950003,1.0,2.0,0.0,0.0,ok,13153999.942299653,4258683.2226874195,2451235.886203828,4035098.8173442334,-14514351.624352198,phase_formula
1634.1197535649385,0.000124144933036917,9.0,23.164640971906422,1614.9266196638482,1591.7619786919417,2148.3242803122575,1634.1197535649385,2072528.9915097076,0.7807988335815277,0.5694745270303303,0.323,0.7807988335815277,0.0,579.5107545686246,548.6004142606344,0.0,392.32878084295896,1.0,2.0,0.0,0.0,ok,13152888.686072335,4258683.2226874195,2451235.886203828,4021946.074186333,-14514172.060393482,phase_formula
1835.850765193497,0.00013947054358379526,9.0,23.353444003027324,1440.1129675258192,1416.7595235227918,1950.5347704669448,1835.850765193497,2077649.09894099,0.7807780246731166,0.5694763402827577,0.323,0.7807780246731166,0.0,515.8016283879488,488.27729328427176,0.0,349.19770241864126,1.0,2.0,0.0,0.0,ok,13151640.19236817,4258683.2226874195,2451235.886203828,4008036.9810971245,-14513970.329381853,phase_formula
2062.485337876194,0.0001566880906993994,9.0,23.54218194286207,1284.5292408873297,1260.9870589444677,1772.9114722176262,2062.485337876194,2083076.8470994667,0.7807546410768311,0.5694821284834378,0.323,0.7807546410768311,0.0,459.1001097174339,434.59217284593956,0.0,310.8107742787028,1.0,2.0,0.0,0.0,ok,13150237.505231433,4258683.2226874195,2451235.886203828,3993330.0221366114,-14513743.69480917,phase_formula
2317.0977998889393,0.0001760311327120671,9.0,23.731026521487557,1146.0625371648732,1122.3315106433856,1613.3096563937838,2317.0977998889393,2088830.8161293599,0.7807283634144334,0.569492878907818,0.323,0.7807283634144334,0.0,408.6362262148426,386.8157120763024,0.0,276.6467251474485,1.0,2.0,0.0,0.0,ok,13148661.571804784,4258683.2226874195,2451235.886203828,3977781.6630801703,-14513489.082347158,phase_formula
2603.142003316607,0.00019776206057255997,9.0,23.919854113180346,1022.8318516747962,998.9119975616159,1469.8171036240476,2603.142003316607,2094930.718869752,0.7806988324769412,0.5695097028126626,0.323,0.7806988324769412,0.0,363.7245194311921,344.2985856573048,0.0,246.24149965491708,1.0,2.0,0.0,0.0,ok,13146890.982494341,4258683.2226874195,2451235.886203828,3961346.2869794318,-14513203.03814373,phase_formula
2924.49817601829,0.00022217565722238775,9.0,24.108755208868565,913.1630727022552,889.0543174933866,1340.7291336497733,2924.49817601829,2101397.471039633,0.7806656442011304,0.5692765696732259,0.323,0.7806656442011304,0.0,323.4169092547154,306.00590658225644,0.0,218.95324756544233,1.0,2.0,0.0,0.0,ok,13144901.678801393,4258683.2226874195,2451235.886203828,3943976.1326276106,-14512881.681971028,phase_formula
3200.0,0.00024310567499810073,9.0,24.25489745371593,836.6937861869288,812.4388887332129,1249.7997524859052,3200.0,2106664.531468867,0.7806371816484393,0.5692771620451627,0.323,0.7806371816484393,0.0,295.5467412885396,279.6256923388356,0.0,200.08514385234128,1.0,2.0,0.0,0.0,ok,13143196.11420543,4258683.2226874195,2451235.886203828,3929869.211136505,-14512606.180147046,phase_formula
3285.5255574369426,0.0002496030963638185,9.0,24.297691645080448,815.5659279527891,791.2682363077087,1224.5255794307693,3285.5255574369426,2108253.2673356086,0.7806283439977485,0.5692780424416842,0.323,0.7806283439977485,0.0,287.8463696959328,272.33731670349823,0.0,194.87199228414653,1.0,2.0,0.0,0.0,ok,13142666.624761187,4258683.2226874195,2451235.886203828,3925621.236891048,-14512520.65458961,phase_formula
3691.1215322651688,0.0002804164348754212,9.0,24.486668246077084,728.7139409684468,704.2272727223697,1119.8507674804314,3691.1215322651688,2115521.6618612595,0.7805864203439231,0.5692864462426801,0.323,0.7805864203439231,0.0,256.191480570114,242.37785378341067,0.0,173.44163234596715,1.0,2.0,0.0,0.0,ok,13140155.437409963,4258683.2226874195,2451235.886203828,3906229.3820187417,-14512115.058614781,phase_formula
4146.7880641233005,0.0003150336598133633,9.0,24.67573784783859,651.4264422548265,626.7507044069879,1025.4955460440274,4146.7880641233005,2123227.654100384,0.7805392975394467,0.5693034905481126,0.323,0.7805392975394467,0.0,228.02198847700066,215.71996096511083,0.0,154.37088619892947,1.0,2.0,0.0,0.0,ok,13137333.971113157,4258683.2226874195,2451235.886203828,3885746.0492026685,-14511659.392082924,phase_formula
4658.7063304314215,0.0003539243584617049,9.0,24.864814066879326,582.6523653923532,557.7875513254738,940.3810964656557,4658.7063304314215,2131397.781972657,0.7804863275116813,0.5693311491751586,0.323,0.7804863275116813,0.0,202.95487225051957,192.00080306228443,0.0,137.40044851360176,1.0,2.0,0.0,0.0,ok,13134163.849920591,4258683.2226874195,2451235.886203828,3864114.379846199,-14511147.473816616,phase_formula
5233.820570907399,0.0003976160883466838,9.0,25.05403389567224,521.4563529453852,496.40231904971296,863.5450481532,5233.820570907399,2140060.2184276325,0.7804267805363555,0.5689111043927348,0.323,0.7804267805363555,0.0,180.31143648542036,170.44098440237732,0.0,122.07084250062957,1.0,2.0,0.0,0.0,ok,13130601.941357208,4258683.2226874195,2451235.886203828,3841275.146206752,-14510572.35957614,phase_formula
5879.932287106999,0.0004467015336250854,9.0,25.243254190165427,467.0055628406896,441.7623086505242,794.1282922896064,5879.932287106999,2149244.8802691805,0.780359834721009,0.5689106602522105,0.323,0.780359834721009,0.0,160.46390102627942,151.66617739446133,0.0,108.63406099479116,1.0,2.0,0.0,0.0,ok,13126599.764196953,4258683.2226874195,2451235.886203828,3817166.7333038286,-14509926.24785994,phase_formula
6500.0,0.0004938084023398921,9.0,25.406356822611684,424.9457542974227,399.539397474811,739.699276217644,6500.0,2157598.328938412,0.7802955397874103,0.5689198731739546,0.323,0.7802955397874103,0.0,145.13246374446646,137.16568535241103,0.0,98.2546779550038,1.0,2.0,0.0,0.0,ok,13122758.358977417,4258683.2226874195,2451235.886203828,3795336.307823385,-14509306.180147046,phase_formula
6605.806070835401,0.00050184654492406,9.0,25.432621386359813,418.5589424091199,393.12632102276007,731.3642589313149,6605.806070835401,2158983.53695937,0.7802845640736519,0.5689223105544597,0.323,0.7802845640736519,0.0,142.8043326524246,134.9639392175721,0.0,96.67853320569147,1.0,2.0,0.0,0.0,ok,13122102.821787406,4258683.2226874195,2451235.886203828,3791725.1342428396,-14509200.374076212,phase_formula
7421.288497006765,0.000563799171693897,9.0,25.62206685587276,375.45666927291927,349.83460241704654,674.5683593429561,7421.288497006765,2169309.9365751417,0.7801999249505712,0.5689490132039435,0.323,0.7801999249505712,0.0,127.09228249492836,120.10648933524327,0.0,86.04147524906651,1.0,2.0,0.0,0.0,ok,13117049.851375272,4258683.2226874195,2451235.886203828,3764883.9613867835,-14508384.89165004,phase_formula
8337.44169374924,0.000633399809598818,9.0,25.811625155224128,337.11151994300883,311.2998947877847,623.1293525840531,8337.44169374924,2180259.933290852,0.7801047406431794,0.5689943379669211,0.323,0.7801047406431794,0.0,113.1137541026489,106.89111668769618,0.0,76.5780115274933,1.0,2.0,0.0,0.0,ok,13111371.978606304,4258683.2226874195,2451235.886203828,3736574.476124893,-14507468.738453297,phase_formula
9366.693401651874,0.0007115926005965109,9.0,26.001351725473473,303.000821279409,276.99946955393557,576.5012936856624,9366.693401651874,2191871.6280977917,0.779997683823136,0.5682376237565477,0.323,0.779997683823136,0.0,100.34075582752047,94.68172217788872,0.0,67.93069169523136,1.0,2.0,0.0,0.0,ok,13104991.764912063,4258683.2226874195,2451235.886203828,3706725.640331905,-14506439.486745395,phase_formula
10523.00555772709,0.0007994382403500031,9.0,26.191156985619877,272.65919369480997,246.4680367091901,534.1962710911998,10523.00555772709,2204185.525138332,0.7798772565161863,0.5682316328912753,0.323,0.7798772565161863,0.0,89.27881698331089,84.22921640367788,0.0,60.44175909770148,1.0,2.0,0.0,0.0,ok,13097822.133819573,4258683.2226874195,2451235.886203828,3675264.192997788,-14505283.17458932,phase_formula
11822.06369095274,0.0008981283667061263,9.0,26.38118730159136,245.67262039385264,219.2914330922613,495.7784691261717,11822.06369095274,2217244.684765575,0.7797417672163109,0.5682467624533301,0.323,0.7797417672163109,0.0,79.43945937906665,74.93480549081494,0.0,53.78051399962812,1.0,2.0,0.0,0.0,ok,13089765.160291845,4258683.2226874195,2451235.886203828,3642114.7559269317,-14503984.116456095,phase_formula
13281.489698569587,0.0010090017244222128,9.0,26.57135973751872,221.67236393486124,195.10100419734252,460.85807549965733,13281.489698569587,2231094.9151276667,0.7795893046804371,0.5682882468633514,0.323,0.7795893046804371,0.0,70.6883061755473,66.67117884523242,0.0,47.855983280845514,1.0,2.0,0.0,0.0,ok,13080710.704983136,4258683.2226874195,2451235.886203828,3607199.9728665343,-14502524.690448478,phase_formula
14921.080889473207,0.0011335623254177018,9.0,26.76174864566931,200.3303519582669,173.5686033125976,429.08665794632276,14921.080889473207,2245784.9510859097,0.7794177078570045,0.5683624778923264,0.323,0.7794177078570045,0.0,62.905794081372534,59.32507913098986,0.0,42.58722259308921,1.0,2.0,0.0,0.0,ok,13070534.87271932,4258683.2226874195,2451235.886203828,3570440.686926403,-14500885.099257573,phase_formula
15000.0,0.0011395578515535972,9.0,26.770385556232046,199.42129869686585,172.6509131406338,427.7162700065983,15000.0,2246471.387809659,0.7794094399478724,0.5683667383401008,0.323,0.7794094399478724,0.0,62.57428571456034,59.01223041541114,0.0,42.36279142875736,1.0,2.0,0.0,0.0,ok,13070044.978706578,4258683.2226874195,2451235.886203828,3568729.8494164445,-14500806.180147046,phase_formula
16763.07853735573,0.0012734998508968874,9.0,26.952416491707723,181.3545566402155,154.40214014850778,400.15253231405245,16763.07853735573,2261366.6666878955,0.7792245312950911,0.5684770328391967,0.323,0.7792245312950911,0.0,55.98549368933159,52.79568530305838,0.0,37.902179227677486,1.0,2.0,0.0,0.0,ok,13059098.271524934,4258683.2226874195,2451235.886203828,3531756.1616962086,-14499043.101609692,phase_formula
18832.46958655668,0.0014307125721003326,9.0,27.14326747660467,164.48488604816873,137.34161857156406,373.77664276607766,18832.46958655668,2277895.319651585,0.7790070052493892,0.5669805110288921,0.323,0.7790070052493892,0.0,49.49583203046584,46.53948430727594,0.0,33.508678284625375,1.0,2.0,0.0,0.0,ok,13046244.045033986,4258683.2226874195,2451235.886203828,3491064.352053682,-14496973.71056049,phase_formula
21157.325603303416,0.0016073331006080237,9.0,27.334463692307395,149.4900733855714,122.15560969326401,349.7094387151202,21157.325603303416,2295429.7628272735,0.7787619895333368,0.5669984735399992,0.323,0.7787619895333368,0.0,44.02626632127676,41.38451428424355,0.0,29.805782299504365,1.0,2.0,0.0,0.0,ok,13031795.647040593,4258683.2226874195,2451235.886203828,3448282.2312881504,-14494648.854543744,phase_formula
23769.183570259636,0.0018057573175005422,9.0,27.526009493545235,136.1641219631802,108.63811246963498,327.72730671478166,23769.183570259636,2314032.752796094,0.7784859199692785,0.5670630567212364,0.323,0.7784859199692785,0.0,39.16477076183837,36.80551246493238,0.0,26.514549805764574,1.0,2.0,0.0,0.0,ok,13015554.322142981,4258683.2226874195,2451235.886203828,3403326.181831532,-14492036.996576788,phase_formula
26326.0,0.002,9.0,27.69438854949762,125.69769868475902,98.0033101352614,309.9929302248581,26326.0,2331293.85587046,0.7782148370737753,0.5671669824133009,0.323,0.7782148370737753,0.0,35.345897344522356,33.210899460411966,0.0,23.929172502241638,1.0,2.0,0.0,0.0,ok,12999645.70992711,4258683.2226874195,2451235.886203828,3362010.856081417,-14489480.180147046,phase_formula
26703.473689911352,0.002028676873806226,9.0,27.71787749267831,124.32363671527963,96.60575922260132,307.6298887435439,26703.473689911352,2333771.2500134436,0.7781747460289793,0.5671855062486789,0.323,0.7781747460289793,0.0,34.8444995898211,32.73912804200642,0.0,23.589726222308883,1.0,2.0,0.0,0.0,ok,12997296.250750763,4258683.2226874195,2451235.886203828,3356112.4575978643,-14489102.706457136,phase_formula
30000.0,0.0022791157031071944,9.0,27.91020902325716,113.80553719600374,85.89532817274657,289.23778190318137,30000.0,2354716.706620043,0.7778238579346012,0.5673795859606252,0.323,0.7778238579346012,0.0,31.006004039597986,29.129050590487804,0.0,20.99106473480784,1.0,2.0,0.0,0.0,ok,12976769.309959112,4258683.2226874195,2451235.886203828,3306557.726666518,-14485806.180147046,phase_formula
100.0,7.597052343690648e-06,9.25,17.903086019997197,25816.45898515763,25798.555899137635,27248.048425324123,100.0,2019526.0284652703,0.7868771317584897,0.5736654059657886,0.323,0.7868771317584897,0.0,9552.149908106983,9182.892268263731,0.0,6466.805487788428,1.0,2.0,0.0,0.0,ok,13162389.244686814,4143583.6761283,2384986.267657778,4085263.8804974863,-14096258.91888206,phase_formula
112.34493440205146,8.534903472008771e-06,9.25,18.08421680376127,22981.697557187854,22963.613340384094,24359.063306518503,112.34493440205146,2020778.3093051845,0.7868759109073663,0.5736562048510294,0.323,0.7868759109073663,0.0,8502.174548843645,8173.364744498968,0.0,5755.972169567149,1.0,2.0,0.0,0.0,ok,13162313.84580645,4143583.6761283,2384986.267657778,4081752.2249977402,-14096246.573947659,phase_formula
126.21384285801246,9.588531706906667e-06,9.25,18.2653240340135,20458.45152917609,20440.186205142076,21783.16754337817,126.21384285801246,2022104.9893113698,0.7868745393224562,0.5736561936587269,0.323,0.7868745393224562,0.0,7567.886664485273,7275.195590870741,0.0,5123.45927185653,1.0,2.0,0.0,0.0,ok,13162229.138747068,4143583.6761283,2384986.267657778,4078034.2645221655,-14096232.705039203,phase_formula
141.79485896514254,1.077222965624421e-05,9.25,18.44640808989993,18212.49027506945,18194.043866979548,19486.12841083726,141.79485896514254,2023510.5730914688,0.7868729983903934,0.5736564344711859,0.323,0.7868729983903934,0.0,6736.269075789423,6475.730376903696,0.0,4560.45416430944,1.0,2.0,0.0,0.0,ok,13162133.974358017,4143583.6761283,2384986.267657778,4074097.790060186,-14096217.124023095,phase_formula
159.29934128987077,1.210205434094589e-05,9.25,18.6275186412721,16213.34462344683,16194.717104805559,17437.469507589885,159.29934128987077,2024999.8335291226,0.7868712671985938,0.5736569903531934,0.323,0.7868712671985938,0.0,5996.039954375103,5764.123119957813,0.0,4059.319049111944,1.0,2.0,0.0,0.0,ok,13162027.061610488,4143583.6761283,2384986.267657778,4069929.900852004,-14096199.619540771,phase_formula
178.96474047500539,1.3596045010636282e-05,9.25,18.808655559723896,14433.893439372428,14415.084783812705,15610.057979262716,178.96474047500539,2026577.8281244538,0.7868693222510486,0.5736579354696074,0.323,0.7868693222510486,0.0,5337.157151447332,5130.719618760343,0.0,3613.255391529844,1.0,2.0,0.0,0.0,ok,13161906.950078474,4143583.6761283,2384986.267657778,4065516.966524976,-14096179.954141585,phase_formula
201.05782028944645,1.5274467848472724e-05,9.25,18.989776451955716,12849.995730109844,12831.005953657888,13979.737200689231,201.05782028944645,2028249.9163141535,0.7868671371489349,0.5736593567363016,0.323,0.7868671371489349,0.0,4750.681977287358,4566.92649641143,0.0,3216.2116986235415,1.0,2.0,0.0,0.0,ok,13161772.010255907,4143583.6761283,2384986.267657778,4060844.5875054304,-14096157.86106177,phase_formula
225.87827631437312,1.7160090884629123e-05,9.25,19.17086872053092,11440.163241964188,11420.992373243658,12524.999891921572,225.87827631437312,2030021.7778332126,0.7868646822316766,0.5736410494720938,0.323,0.7868646822316766,0.0,4228.315383223885,4064.6251969519412,0.0,2862.5695144425704,1.0,2.0,0.0,0.0,ok,13161620.411442552,4143583.6761283,2384986.267657778,4055897.5536398166,-14096133.040605746,phase_formula
253.76280135386727,1.9278492847669018e-05,9.25,19.351988455008065,10185.26900831003,10165.917019855022,11226.69713400145,253.76280135386727,2031899.43218487,0.7868619241735387,0.5736412442614323,0.323,0.7868619241735387,0.0,3763.660400169769,3617.946117267831,0.0,2547.998090914934,1.0,2.0,0.0,0.0,ok,13161450.096898125,4143583.6761283,2384986.267657778,4050659.8009966603,-14096105.156080706,phase_formula
285.08965271781034,2.1658410143417938e-05,9.25,19.5331363256561,9068.287764865066,9048.754628539411,10067.779202167687,285.08965271781034,2033889.259288031,0.7868588255302271,0.5736419738841612,0.323,0.7868588255302271,0.0,3350.070489350898,3220.3593702626836,0.0,2267.9977212905583,1.0,2.0,0.0,0.0,ok,13161258.755926987,4143583.6761283,2384986.267657778,4045114.3668108266,-14096073.829229344,phase_formula
320.28378333286037,2.4332126668150144e-05,9.25,19.714275450669646,8074.065017562165,8054.3507421114955,9033.065009292228,320.28378333286037,2035998.021378303,0.7868553442292703,0.5736433664473627,0.323,0.7868553442292703,0.0,2981.934393723249,2866.470467252339,0.0,2018.7695845506396,1.0,2.0,0.0,0.0,ok,13161043.792513829,4143583.6761283,2384986.267657778,4039243.342533413,-14096038.635098727,phase_formula
359.8226062857106,2.733591174395735e-05,9.25,19.89538177948982,7189.111520695109,7169.216138915619,8109.036924462373,359.8226062857106,2038232.8862403035,0.7868514329971767,0.5736455737009581,0.323,0.7868514329971767,0.0,2654.257447746933,2551.477692693809,0.0,1796.9322921246735,1.0,2.0,0.0,0.0,ok,13160802.290083908,4143583.6761283,2384986.267657778,4033027.824979215,-14095999.096275775,phase_formula
404.24247099543345,3.071051211695156e-05,9.25,20.076517641986953,6401.42036737268,6381.343849730692,7283.658166847435,404.24247099543345,2040601.4518526376,0.7868470387154843,0.5736124337091305,0.323,0.7868470387154843,0.0,2362.251274026293,2270.637571438441,0.0,1599.2441125158007,1.0,2.0,0.0,0.0,ok,13160530.971908394,4143583.6761283,2384986.267657778,4026447.865550456,-14095954.676411066,phase_formula
454.1459388650521,3.4501704692323335e-05,9.25,20.25768375735313,5700.303965384922,5680.0462816275685,6546.210052764396,454.1459388650521,2043111.7725471728,0.7868421016968172,0.573612360234266,0.323,0.7868421016968172,0.0,2102.6437295104147,2021.0845569238659,0.0,1423.4898048785508,1.0,2.0,0.0,0.0,ok,13160226.156616095,4143583.6761283,2384986.267657778,4019482.417550421,-14095904.772943195,phase_formula
510.20995710752294,3.876091750418012e-05,9.25,20.438848622332266,5076.249087964538,5055.810239342206,5887.147292812626,510.20995710752294,2045772.3867681199,0.7868365548709475,0.573613190648616,0.323,0.7868365548709475,0.0,1871.5697716329296,1798.9628196807175,0.0,1267.0527353954935,1.0,2.0,0.0,0.0,ok,13159883.708205897,4143583.6761283,2384986.267657778,4012109.281600218,-14095848.708924953,phase_formula
520.0,3.950467218719137e-05,9.25,20.468403816368667,4981.077687804743,4960.609283988374,5786.383265041467,520.0,2046221.6996673406,0.7868355862335548,0.5736134256904524,0.323,0.7868355862335548,0.0,1836.3298170933363,1765.0883941590798,0.0,1243.1952861721888,1.0,2.0,0.0,0.0,ok,13159823.908564769,4143583.6761283,2384986.267657778,4010865.0866247877,-14095838.91888206,phase_formula
573.1950416251822,4.354592734370449e-05,9.25,20.619978457474133,4520.787855967547,4500.167877510074,5297.9691913843635,573.1950416251822,2048592.3465371346,0.7868303228695857,0.5736151474889755,0.323,0.7868303228695857,0.0,1665.8939975588432,1601.2580784784573,0.0,1127.810236347337,1.0,2.0,0.0,0.0,ok,13159498.979879173,4143583.6761283,2384986.267657778,4004305.0491901133,-14095785.723840436,phase_formula
643.9555935096224,4.892164350904979e-05,9.25,20.801141015795228,4026.3829742276043,4005.581833211809,4771.105080890287,643.9555935096224,2051581.248724077,0.7868233209971913,0.5736184999094792,0.323,0.7868233209971913,0.0,1482.8255691347204,1425.2873197278084,0.0,1003.8729103042056,1.0,2.0,0.0,0.0,ok,13159066.75092682,4143583.6761283,2384986.267657778,3996045.044430088,-14095714.963288551,phase_formula
723.4514891067264,5.4960988308647454e-05,9.25,20.98233754976441,3586.3253181872806,3565.342980637516,4299.812080309277,723.4514891067264,2054749.268270917,0.7868154540734703,0.5736235629684187,0.323,0.7868154540734703,0.0,1319.8802969155329,1268.6623227250163,0.0,893.5589610118159,1.0,2.0,0.0,0.0,ok,13158581.155810537,4143583.6761283,2384986.267657778,3987303.2640729505,-14095635.467392953,phase_formula
812.7611008676171,6.174588626206921e-05,9.25,21.163539786534436,3194.642960684761,3173.4794208982266,3878.084280699903,812.7611008676171,2058107.1934709488,0.7868066151313875,0.5735576307278432,0.323,0.7868066151313875,0.0,1174.5044089569087,1128.7879307657172,0.0,795.1394848638272,1.0,2.0,0.0,0.0,ok,13158035.60447085,4143583.6761283,2384986.267657778,3978052.315916213,-14095546.157781193,phase_formula
913.0959256151148,6.93683754170869e-05,9.25,21.344708201135983,2846.0201806202376,2824.6754724191014,3500.571891171612,913.0959256151148,2061666.463440372,0.7867966839524398,0.5735582653021751,0.323,0.7867966839524398,0.0,1045.4147509762656,1004.7106419297584,0.0,707.7457864109319,1.0,2.0,0.0,0.0,ok,13157422.692774119,4143583.6761283,2384986.267657778,3968263.3557230253,-14095445.822956445,phase_formula
1025.8170186601064,7.793185585809515e-05,9.25,21.525914540789962,2535.7254775489346,2514.1995630081447,3162.509375217832,1025.8170186601064,2065439.207896931,0.7867855254185686,0.5735608172078553,0.323,0.7867855254185686,0.0,930.5168347576864,894.276842556877,0.0,629.9598971309537,1.0,2.0,0.0,0.0,ok,13156734.10187491,4143583.6761283,2384986.267657778,3957906.022836669,-14095333.101863401,phase_formula
1152.4534566987763,8.755249234207827e-05,9.25,21.707160690639885,2259.547206137503,2237.8400454468633,2859.6511960350654,1152.4534566987763,2069438.2895069937,0.78677298765741,0.573565750774471,0.323,0.78677298765741,0.0,828.2512128516539,795.9873292410778,0.0,560.7260711005697,1.0,2.0,0.0,0.0,ok,13155960.485117894,4143583.6761283,2384986.267657778,3946948.3747006627,-14095206.465425361,phase_formula
1294.7230799424149,9.836079008906897e-05,9.25,21.88841890814165,2013.736484840732,1991.8480659325903,2588.214819702417,1294.7230799424149,2073677.3488579472,0.7867588999545239,0.5735736124093224,0.323,0.7867588999545239,0.0,737.2297861909177,708.5076231383563,0.0,499.1045652512513,1.0,2.0,0.0,0.0,ok,13155091.340931071,4143583.6761283,2384986.267657778,3935356.820553573,-14095064.195802119,phase_formula
1300.0,9.876168046797843e-05,9.25,21.894721945503417,2005.6542628529,1983.7595409073967,2579.2558274266594,1300.0,2073829.9860521555,0.7867583773837524,0.5735739440854937,0.323,0.7867583773837524,0.0,734.2370048484412,705.6313414269905,0.0,497.0784522823948,1.0,2.0,0.0,0.0,ok,13155059.10301173,4143583.6761283,2384986.267657778,3934939.8934404207,-14095058.91888206,phase_formula
1454.5557948495277,0.00011050336510290418,9.25,22.069650016732044,1794.956360392129,1772.886710375397,2344.8299636296165,1454.5557948495277,2078170.8522898615,0.7867430704027671,0.5734542573435669,0.323,0.7867430704027671,0.0,655.874482129024,630.1806552338622,0.0,444.0270244013493,1.0,2.0,0.0,0.0,ok,13154114.869968845,4143583.6761283,2384986.267657778,3923096.0546107525,-14094904.36308721,phase_formula
1634.1197535649385,0.000124144933036917,9.25,22.250927327248416,1600.2366660394796,1577.985738712231,2126.493528997299,1634.1197535649385,2082934.1426893338,0.7867252832550116,0.5734538846129745,0.323,0.7867252832550116,0.0,583.7705437582755,560.8876317125729,0.0,395.2126581243525,1.0,2.0,0.0,0.0,ok,13153017.814544942,4143583.6761283,2384986.267657778,3910128.9891173034,-14094724.799128495,phase_formula
1835.850765193497,0.00013947054358379526,9.25,22.432253771138605,1426.9335469743326,1404.5012932031939,1930.5291896022245,1835.850765193497,2087983.4936879473,0.7867052959418755,0.5734567601377305,0.323,0.7867052959418755,0.0,519.5965192096376,499.2181756452786,0.0,351.7668435049246,1.0,2.0,0.0,0.0,ok,13151785.278149333,4143583.6761283,2384986.267657778,3896416.687720252,-14094523.068116868,phase_formula
2062.485337876194,0.0001566880906993994,9.25,22.61359776583841,1272.6936319134918,1250.0800341476534,1754.5516192713756,2062.485337876194,2093336.16730063,0.7866828357109559,0.5734636866750712,0.323,0.7866828357109559,0.0,462.48102509825713,444.33456115333274,0.0,313.09965399152003,1.0,2.0,0.0,0.0,ok,13150400.522565609,4143583.6761283,2384986.267657778,3881918.299690528,-14094296.433544185,phase_formula
2317.0977998889393,0.0001760311327120671,9.25,22.794930032765404,1135.4221465490657,1112.6272165163002,1596.4346513322616,2317.0977998889393,2099010.4752657446,0.7866575958380984,0.5734756148495891,0.323,0.7866575958380984,0.0,411.6484285898184,395.4911140874525,0.0,278.6859861553071,1.0,2.0,0.0,0.0,ok,13148844.739792284,4143583.6761283,2384986.267657778,3866590.9956178674,-14094041.821082171,phase_formula
2603.142003316607,0.00019776206057255997,9.25,22.976321729849296,1013.2545961842899,990.2782744544406,1454.2830028009357,2603.142003316607,2105025.844233634,0.7866292313544161,0.5734936903230222,0.323,0.7866292313544161,0.0,366.40835954919874,352.02414285219743,0.0,248.05845941480757,1.0,2.0,0.0,0.0,ok,13147096.79561778,4143583.6761283,2384986.267657778,3850389.905299502,-14093755.776878744,phase_formula
2924.49817601829,0.00022217565722238775,9.25,23.15777748971777,904.5313056861797,881.373528196462,1326.4068470109787,2924.49817601829,2111402.88565986,0.7865973542248915,0.5732562549224701,0.323,0.7865973542248915,0.0,325.8038971259241,312.873930296133,0.0,220.56923835425067,1.0,2.0,0.0,0.0,ok,13145132.941299556,4143583.6761283,2384986.267657778,3833268.0586626623,-14093434.420706043,phase_formula
3200.0,0.00024310567499810073,9.25,23.29810204039351,828.7207845505611,805.4226825101676,1236.334622284111,3200.0,2116596.8079597894,0.7865700163164367,0.5732573470476058,0.323,0.7865700163164367,0.0,297.7296067606509,285.9038600650972,0.0,201.56294377696065,1.0,2.0,0.0,0.0,ok,13143449.202048058,4143583.6761283,2384986.267657778,3819363.326728215,-14093158.91888206,phase_formula
3285.5255574369426,0.0002496030963638185,9.25,23.339254945523493,807.7749252328874,784.4356702873639,1211.299348291095,3285.5255574369426,2118163.4701684914,0.7865615279053106,0.5732583878630545,0.323,0.7865615279053106,0.0,289.9728304702958,278.4525063747901,0.0,196.31160622839025,1.0,2.0,0.0,0.0,ok,13142926.489346141,4143583.6761283,2384986.267657778,3815176.3306916943,-14093073.393324623,phase_formula
3691.1215322651688,0.0002804164348754212,9.25,23.52074997641667,721.6704756853361,698.1497257089194,1107.6167291321324,3691.1215322651688,2125330.806737132,0.78652126119375,0.5732674014507422,0.323,0.78652126119375,0.0,258.08584590357407,247.82278816705212,0.0,174.72411767671963,1.0,2.0,0.0,0.0,ok,13140447.448890079,4143583.6761283,2384986.267657778,3796063.391474536,-14092667.797349796,phase_formula
4146.7880641233005,0.0003150336598133633,9.25,23.702325617845464,645.0475396846869,621.3452140668414,1014.160479731426,4146.7880641233005,2132929.527149499,0.7864760012806105,0.5732849860600477,0.323,0.7864760012806105,0.0,229.70956904164956,220.568149801659,0.0,155.51337824119676,1.0,2.0,0.0,0.0,ok,13137662.11556119,4143583.6761283,2384986.267657778,3775875.6626464534,-14092212.130817937,phase_formula
4658.7063304314215,0.0003539243584617049,9.25,23.8839892452724,576.8642611118778,552.9802718666054,929.8613712931881,4658.7063304314215,2140985.7769153398,0.7864251258869472,0.5733131271058802,0.323,0.7864251258869472,0.0,204.4582290676364,196.31772112039584,0.0,138.41822107878986,1.0,2.0,0.0,0.0,ok,13134532.610113889,4143583.6761283,2384986.267657778,3754557.281699059,-14091700.21255163,phase_formula
5233.820570907399,0.0003976160883466838,9.25,24.06567669943945,516.1931961938387,492.1275194943993,853.7653167279956,5233.820570907399,2149527.3125864347,0.7863679343641827,0.5728833569732725,0.323,0.7863679343641827,0.0,181.64619886291004,174.2728884409054,0.0,122.97447663019011,1.0,2.0,0.0,0.0,ok,13131016.359318214,4143583.6761283,2384986.267657778,3732050.075819888,-14091125.098311152,phase_formula
5879.932287106999,0.0004467015336250854,9.25,24.247433308824935,462.20891449565573,437.9614811868308,785.0209784976926,5879.932287106999,2158583.604339285,0.786303637608745,0.5728818587213567,0.323,0.786303637608745,0.0,161.65233230033047,155.07687893434857,0.0,109.43862896732374,1.0,2.0,0.0,0.0,ok,13127065.511778949,4143583.6761283,2384986.267657778,3708293.547163853,-14090478.986594955,phase_formula
6500.0,0.0004938084023398921,9.25,24.40407164791527,420.5089048678464,396.10483321993115,731.1220520683764,6500.0,2166820.141130128,0.7862418877735697,0.5728898640314287,0.323,0.7862418877735697,0.0,146.20765570977895,140.2507819889638,0.0,98.98258291552035,1.0,2.0,0.0,0.0,ok,13123273.40244918,4143583.6761283,2384986.267657778,3686783.0132022,-14089858.91888206,phase_formula
6605.806070835401,0.00050184654492406,9.25,24.42930458808282,414.176691927582,389.7473873394992,722.8684652034792,6605.806070835401,2168185.9475354357,0.7862313466221459,0.5728920848451542,0.323,0.7862313466221459,0.0,143.8623148969266,137.99957638280787,0.0,97.3947871852193,1.0,2.0,0.0,0.0,ok,13122626.280385558,4143583.6761283,2384986.267657778,3683224.871707512,-14089753.112811225,phase_formula
7421.288497006765,0.000563799171693897,9.25,24.61129866070161,371.4425059168067,346.8312072561051,666.6293276700295,7421.288497006765,2178367.5825197096,0.7861500595197697,0.5729169659254948,0.323,0.7861500595197697,0.0,128.03397785187917,122.80816366166539,0.0,86.67900300572222,1.0,2.0,0.0,0.0,ok,13117638.201999828,4143583.6761283,2384986.267657778,3656778.9141253415,-14088937.630385054,phase_formula
8337.44169374924,0.000633399809598818,9.25,24.793323299811092,333.42410043066525,308.63077713085414,615.6976223231761,8337.44169374924,2189163.8246744727,0.7860586467592909,0.5729599047714631,0.323,0.7860586467592909,0.0,113.95172771221706,109.29535840774072,0.0,77.14531966117096,1.0,2.0,0.0,0.0,ok,13112033.30373756,4143583.6761283,2384986.267657778,3628888.2614356373,-14088021.477188312,phase_formula
9366.693401651874,0.0007115926005965109,9.25,24.975500776437535,299.6034036902597,274.6279029138222,569.5323252872975,9366.693401651874,2200612.197033314,0.7859558343210203,0.5730250859395675,0.323,0.7859558343210203,0.0,101.42372973032724,97.27674713038225,0.0,68.66386502743156,1.0,2.0,0.0,0.0,ok,13105735.163770206,4143583.6761283,2384986.267657778,3599483.2785142804,-14086992.22548041,phase_formula
10523.00555772709,0.0007994382403500031,9.25,25.157847982926945,269.5191789162548,244.36133093332785,527.6499782871532,10523.00555772709,2212752.5837675114,0.7858401845261817,0.5721703387066104,0.323,0.7858401845261817,0.0,89.93736424734922,86.12073904062859,0.0,60.88759559545544,1.0,2.0,0.0,0.0,ok,13098657.852933215,4143583.6761283,2384986.267657778,3568492.1889524176,-14085835.913324334,phase_formula
11822.06369095274,0.0008981283667061263,9.25,25.340314235279706,242.76080515578963,217.42049092050993,489.61846162417083,11822.06369095274,2225627.3923901506,0.7857100741233336,0.5721783607329836,0.323,0.7857100741233336,0.0,80.02434492959112,76.61620052670872,0.0,54.17648151733319,1.0,2.0,0.0,0.0,ok,13090704.741544329,4143583.6761283,2384986.267657778,3535841.1851553265,-14084536.855191108,phase_formula
13281.489698569587,0.0010090017244222128,9.25,25.522939167992647,218.96286572694856,193.43992655895593,455.0515748869339,13281.489698569587,2239281.7230099165,0.7855636692055887,0.5722114257407447,0.323,0.7855636692055887,0.0,71.20744445043182,68.1654176054464,0.0,48.207439892942354,1.0,2.0,0.0,0.0,ok,13081767.153665408,4143583.6761283,2384986.267657778,3501454.572034755,-14083077.42918349,phase_formula
14921.080889473207,0.0011335623254177018,9.25,25.70579604629258,197.80013405475842,172.09433800846583,423.60401296922385,14921.080889473207,2253763.5564085348,0.7853988964390053,0.572275712332202,0.323,0.7853988964390053,0.0,63.36623145553773,60.65260875404819,0.0,42.89893869539904,1.0,2.0,0.0,0.0,ok,13071722.848533971,4143583.6761283,2384986.267657778,3465254.949146481,-14081437.837992588,phase_formula
15000.0,0.0011395578515535972,9.25,25.714096372538695,196.8987061723232,171.18460979978448,422.24765004570867,15000.0,2254440.2533873115,0.7853909574937212,0.5722794886370682,0.323,0.7853909574937212,0.0,63.032218601811394,60.33265555675372,0.0,42.672811993426315,1.0,2.0,0.0,0.0,ok,13071239.291591302,4143583.6761283,2384986.267657778,3463570.249868805,-14081358.91888206,phase_formula
16763.07853735573,0.0012734998508968874,9.25,25.88886442320484,178.9830335765937,153.09416915338886,394.96681549759614,16763.07853735573,2269123.966928962,0.7852134099817996,0.5723784324054518,0.323,0.7852134099817996,0.0,56.393476977676805,53.97467847279795,0.0,38.178383913887195,1.0,2.0,0.0,0.0,ok,13060434.305983223,4143583.6761283,2384986.267657778,3427163.4366643243,-14079595.840344705,phase_formula
18832.46958655668,0.0014307125721003326,9.25,26.072140586599026,162.253820301617,136.18167971501796,368.86353770793175,18832.46958655668,2285417.342309845,0.7850045533499718,0.5708318462642858,0.323,0.7850045533499718,0.0,49.85252158219284,47.57413926750093,0.0,33.75015711114456,1.0,2.0,0.0,0.0,ok,13047746.789285272,4143583.6761283,2384986.267657778,3387099.951162738,-14077526.449295504,phase_formula
21157.325603303416,0.0016073331006080237,9.25,26.25573885379338,147.38318779828927,121.12744894449588,345.04684396477245,21157.325603303416,2302701.615539697,0.7847693153312603,0.5708289618141468,0.323,0.7847693153312603,0.0,44.34104862497857,42.301249261953046,0.0,30.018889919110485,1.0,2.0,0.0,0.0,ok,13033486.154896246,4143583.6761283,2384986.267657778,3344983.5378019717,-14075201.593278758,phase_formula
23769.183570259636,0.0018057573175005422,9.25,26.4396380132206,134.16690148000694,107.72726346678634,323.29512885541624,23769.183570259636,2321038.5577710196,0.7845042788577642,0.5708692139151057,0.323,0.7845042788577642,0.0,39.44205629651079,37.61715202376534,0.0,26.702272112737813,1.0,2.0,0.0,0.0,ok,13017456.373935662,4143583.6761283,2384986.267657778,3300732.766171757,-14072589.7353118,phase_formula
26326.0,0.002,9.25,26.601310369685475,123.78607721893292,97.18476684924744,305.74792604667084,26326.0,2338052.2228608252,0.7842440464448148,0.5709485835267907,0.323,0.7842440464448148,0.0,35.59353808072718,33.93977130963107,0.0,24.0968252806523,1.0,2.0,0.0,0.0,ok,13001755.467300957,4143583.6761283,2384986.267657778,3260070.888026988,-14070032.91888206,phase_formula
26703.473689911352,0.002028676873806226,9.25,26.623861929185075,122.42320898603322,95.79934705684815,303.40991463522784,26703.473689911352,2340494.058817442,0.7842055615072356,0.5709634159842937,0.323,0.7842055615072356,0.0,35.08823241548147,33.457112964550944,0.0,23.754733345280954,1.0,2.0,0.0,0.0,ok,12999436.72474635,4143583.6761283,2384986.267657778,3254266.1977429446,-14069655.445192149,phase_formula
30000.0,0.0022791157031071944,9.25,26.808539874886137,111.99043464178463,85.1818947668985,285.2134325076058,30000.0,2361138.431041839,0.7838687459994742,0.5711247210241519,0.323,0.7838687459994742,0.0,31.219695532267878,29.763577412454676,0.0,21.135733875345352,1.0,2.0,0.0,0.0,ok,12979178.609365005,4143583.6761283,2384986.267657778,3205502.9335985533,-14066358.91888206,phase_formula
100.0,7.597052343690648e-06,9.5,17.223786901758864,25586.84516897128,25569.62138206952,26999.541605240196,100.0,2029837.3254594058,0.7924857433165662,0.5774607630869021,0.323,0.7924857433165662,0.0,9610.731711557719,9368.574812369405,0.0,6506.465368724576,1.0,2.0,0.0,0.0,ok,13162396.540615197,4034542.000440713,2322223.4711404685,3976998.3363603307,-13699592.294594003,phase_formula
112.34493440205146,8.534903472008771e-06,9.5,17.39801688726091,22777.236985271826,22759.838968384563,24136.42973684256,112.34493440205146,2031072.9542071298,0.7924845687953948,0.577460879608697,0.323,0.7924845687953948,0.0,8554.636105830774,8339.077616458024,0.0,5791.4886436474335,1.0,2.0,0.0,0.0,ok,13162322.042476365,4034542.000440713,2322223.4711404685,3973533.649432185,-13699579.9496596,phase_formula
126.21384285801246,9.588531706906667e-06,9.5,17.572249033463105,20276.379524634034,20258.80727560057,21583.62170171436,126.21384285801246,2032381.9886908256,0.7924832492609915,0.5774612323681216,0.323,0.7924832492609915,0.0,7614.595370247546,7422.715114352212,0.0,5155.0810656575895,1.0,2.0,0.0,0.0,ok,13162238.347368855,4034542.000440713,2322223.4711404685,3969865.4461613614,-13699566.080751145,phase_formula
141.79485896514254,1.077222965624421e-05,9.5,17.746482969239093,18050.34595742563,18032.59947445639,19307.188600107227,141.79485896514254,2033768.8728761268,0.7924817668064912,0.5774618779142738,0.323,0.7924817668064912,0.0,6777.856906862807,6607.055589241398,0.0,4588.609125946121,1.0,2.0,0.0,0.0,ok,13162144.319874639,4034542.000440713,2322223.4711404685,3965981.6861442877,-13699550.499735037,phase_formula
159.29934128987077,1.210205434094589e-05,9.5,17.920719430145112,16068.937477950789,16051.016758520644,17276.92449291805,159.29934128987077,2035238.3153322889,0.7924801013131071,0.5774628831733815,0.323,0.7924801013131071,0.0,6033.06942723401,5881.0333741672985,0.0,4084.388002237425,1.0,2.0,0.0,0.0,ok,13162038.684393788,4034542.000440713,2322223.4711404685,3961869.6472360026,-13699532.995252714,phase_formula
178.96474047500539,1.3596045010636282e-05,9.5,18.094958158158594,14305.27365150341,14287.178693345251,15465.93737975537,178.96474047500539,2036795.3053405453,0.7924782301767216,0.5774478970666286,0.323,0.7924782301767216,0.0,5369.782235652646,5234.317845080841,0.0,3635.342573536842,1.0,2.0,0.0,0.0,ok,13161920.007835124,4034542.000440713,2322223.4711404685,3957515.888295079,-13699513.329853527,phase_formula
201.05782028944645,1.5274467848472724e-05,9.5,18.269199844700154,12735.427779623444,12717.158579778743,13850.285138483758,201.05782028944645,2038445.1299706271,0.7924761280006323,0.5774478443910547,0.323,0.7924761280006323,0.0,4779.695106948163,4659.103407940733,0.0,3235.853587403907,1.0,2.0,0.0,0.0,ok,13161786.680168949,4034542.000440713,2322223.4711404685,3952906.2102323393,-13699491.236773713,phase_formula
225.87827631437312,1.7160090884629123e-05,9.5,18.443444447356867,11338.102329540965,11319.658885093608,12408.651462244274,225.87827631437312,2040193.3921794377,0.7924737662502543,0.5774481822834443,0.323,0.7924737662502543,0.0,4254.455875008431,4147.10516256685,0.0,2880.266627380708,1.0,2.0,0.0,0.0,ok,13161636.892577736,4034542.000440713,2322223.4711404685,3948025.615313637,-13699466.416317688,phase_formula
253.76280135386727,1.9278492847669018e-05,9.5,18.617692468938063,10094.340031576625,10075.722339107686,11122.057420098345,253.76280135386727,2042046.0300056445,0.7924711128650479,0.5774490079957441,0.323,0.7924711128650479,0.0,3786.9387799505294,3691.3766475991274,0.0,2563.757554026509,1.0,2.0,0.0,0.0,ok,13161468.612907825,4034542.000440713,2322223.4711404685,3942858.2646786715,-13699438.531792648,phase_formula
285.08965271781034,2.1658410143417938e-05,9.5,18.791944297056858,8987.26672057698,8968.474776279923,9973.604710226131,285.08965271781034,2044009.3369170832,0.7924681318223556,0.5774504368400744,0.323,0.7924681318223556,0.0,3370.801070330303,3285.734707993163,0.0,2282.0323246136154,1.0,2.0,0.0,0.0,ok,13161279.55808857,4034542.000440713,2322223.4711404685,3937387.434047043,-13699407.204941286,phase_formula
320.28378333286037,2.4332126668150144e-05,9.5,18.96620019105973,8001.862435589963,7982.896235398903,8948.247131841094,320.28378333286037,2046089.983398579,0.7924647826471632,0.5774526051649138,0.323,0.7924647826471632,0.0,3000.3969628632685,2924.6756196796305,0.0,2031.268743858433,1.0,2.0,0.0,0.0,ok,13161067.163143955,4034542.000440713,2322223.4711404685,3931595.4675728595,-13699372.01081067,phase_formula
359.8226062857106,2.733591174395735e-05,9.5,19.140460818253906,7124.757672619376,7105.617211801122,8032.587172512781,359.8226062857106,2048295.039847169,0.7924610198610467,0.5774226393090286,0.323,0.7924610198610467,0.0,2670.3543352231927,2602.8195676491,0.0,1807.829884946102,1.0,2.0,0.0,0.0,ok,13160828.54637535,4034542.000440713,2322223.4711404685,3925463.72984812,-13699332.471987717,phase_formula
404.24247099543345,3.071051211695156e-05,9.5,19.314726567840125,6344.052024820772,6324.737298252932,7214.694946350637,404.24247099543345,2050632.0008618461,0.7924567923627216,0.5774227192987452,0.323,0.7924567923627216,0.0,2376.893445009911,2316.767653011562,0.0,1609.15686227171,1.0,2.0,0.0,0.0,ok,13160560.470241852,4034542.000440713,2322223.4711404685,3918972.5560290953,-13699288.052123006,phase_formula
454.1459388650521,3.4501704692323335e-05,9.5,19.48899802217761,5649.152752357671,5629.663754335493,6483.947035556663,454.1459388650521,2053108.8110186132,0.7924520427316544,0.577423607688879,0.323,0.7924520427316544,0.0,2115.68591204336,2062.1575352055243,0.0,1432.319362453355,1.0,2.0,0.0,0.0,ok,13160259.297405973,4034542.000440713,2322223.4711404685,3912101.20010846,-13699238.148655137,phase_formula
510.20995710752294,3.876091750418012e-05,9.5,19.663275950883204,5030.631090455808,5010.967814504925,5830.883037088153,510.20995710752294,2055733.8922190506,0.7924467064451137,0.5774255029162324,0.323,0.7924467064451137,0.0,1883.1876016284632,1835.5342569854452,0.0,1274.9180063024696,1.0,2.0,0.0,0.0,ok,13159920.941346392,4034542.000440713,2322223.4711404685,3904827.781343782,-13699182.084636895,phase_formula
520.0,3.950467218719137e-05,9.5,19.691728165637567,4936.303496974788,4916.61176880915,5731.037196194029,520.0,2056177.2028133129,0.7924457745746856,0.5774259232907843,0.323,0.7924457745746856,0.0,1847.730411730582,1800.9733073563912,0.0,1250.9134887416042,1.0,2.0,0.0,0.0,ok,13159861.856347583,4034542.000440713,2322223.4711404685,3903600.4253288303,-13699172.294594003,phase_formula
573.1950416251822,4.354592734370449e-05,9.5,19.837561014515597,4480.094346641672,4460.256785627156,5247.077878015851,573.1950416251822,2058516.1727225855,0.7924407109978217,0.5774286400990671,0.323,0.7924407109978217,0.0,1676.2438234265194,1633.82250618785,0.0,1134.8170684597537,1.0,2.0,0.0,0.0,ok,13159540.810865356,4034542.000440713,2322223.4711404685,3897129.228885705,-13699119.099552378,phase_formula
643.9555935096224,4.892164350904979e-05,9.5,20.01185402982722,3990.07205300347,3970.060198973643,4725.028159987724,643.9555935096224,2061465.1179632326,0.7924339749119839,0.5773741753151486,0.323,0.7924339749119839,0.0,1491.6998361379835,1453.8040907953036,0.0,1009.8807890654148,1.0,2.0,0.0,0.0,ok,13159113.747734724,4034542.000440713,2322223.4711404685,3888981.224664391,-13699048.339000493,phase_formula
723.4514891067264,5.4960988308647454e-05,9.5,20.186155987121538,3553.9146283014197,3533.7284723142984,4258.050993407019,723.4514891067264,2064590.7632666174,0.7924264066239204,0.5773733805912562,0.323,0.7924264066239204,0.0,1327.7495680859133,1294.0040535371293,0.0,898.8864575941634,1.0,2.0,0.0,0.0,ok,13158633.956630835,4034542.000440713,2322223.4711404685,3880358.1446169196,-13698968.843104895,phase_formula
812.7611008676171,6.174588626206921e-05,9.5,20.360467948870554,3165.7031753944607,3145.3427074455903,3840.193950364062,812.7611008676171,2067903.7485987411,0.7924179032317477,0.5773739173164618,0.323,0.7924179032317477,0.0,1181.8214856657323,1151.7727264736739,0.0,800.0931457957006,1.0,2.0,0.0,0.0,ok,13158094.926402641,4034542.000440713,2322223.4711404685,3871232.998363491,-13698879.533493135,phase_formula
913.0959256151148,6.93683754170869e-05,9.5,20.53479104514378,2820.169190590263,2799.6343995451193,3466.1549084908315,913.0959256151148,2071415.355470053,0.7924083490865678,0.5773761265115216,0.323,0.7924083490865678,0.0,1051.9352351620337,1025.1795852853754,0.0,712.1601542046968,1.0,2.0,0.0,0.0,ok,13157489.341598703,4034542.000440713,2322223.4711404685,3861577.3674793784,-13698779.198668387,phase_formula
1025.8170186601064,7.793185585809515e-05,9.5,20.709126617157445,2512.6230958164565,2491.913969199299,3131.2107065373457,1025.8170186601064,2075137.5461416072,0.7923976142073418,0.577380413159147,0.323,0.7923976142073418,0.0,936.3280724401293,912.5062396447369,0.0,633.8941050419676,1.0,2.0,0.0,0.0,ok,13156808.98304473,4034542.000440713,2322223.4711404685,3851361.3425360443,-13698666.477575343,phase_formula
1152.4534566987763,8.755249234207827e-05,9.5,20.883476175971587,2238.890623807643,2218.007147631671,2831.153634671052,1152.4534566987763,2079083.0052914098,0.7923855524970549,0.5773872568110051,0.323,0.7923855524970549,0.0,833.4309510682757,812.223123056889,0.0,564.2327538732227,1.0,2.0,0.0,0.0,ok,13156044.616112843,4034542.000440713,2322223.4711404685,3840553.459134917,-13698539.841137305,phase_formula
1294.7230799424149,9.836079008906897e-05,9.5,21.05784140989848,1995.2561935987007,1974.1983521888023,2562.234906481457,1294.7230799424149,2083265.1842951337,0.7923719997348425,0.5772783472362766,0.323,0.7923719997348425,0.0,741.5005821435,722.4880629078131,0.0,501.99589411114937,1.0,2.0,0.0,0.0,ok,13155185.865153866,4034542.000440713,2322223.4711404685,3829120.633200744,-13698397.57151406,phase_formula
1300.0,9.876168046797843e-05,9.5,21.063910927185,1987.2455239344288,1966.1816130072439,2553.3591476090164,1300.0,2083415.7726087363,0.7923714970080221,0.5772782724645583,0.323,0.7923714970080221,0.0,738.4893115318475,719.5534293661806,0.0,499.9572639070608,1.0,2.0,0.0,0.0,ok,13155154.01276045,4034542.000440713,2322223.4711404685,3828709.4210061757,-13698392.294594003,phase_formula
1454.5557948495277,0.00011050336510290418,9.5,21.232224190915655,1778.41250815571,1757.1802839647942,2321.1143380445083,1454.5557948495277,2087698.3483093376,0.792356771315413,0.5772774276432785,0.323,0.792356771315413,0.0,659.9871233560614,643.0505671711462,0.0,446.8112825120536,1.0,2.0,0.0,0.0,ok,13154221.072373014,4034542.000440713,2322223.4711404685,3817028.095857087,-13698237.738799153,phase_formula
1634.1197535649385,0.000124144933036917,9.5,21.406626625512075,1585.4156904748756,1564.0090638493637,2104.8155575563032,1634.1197535649385,2092397.6263576518,0.7923396597032971,0.5772792709693686,0.323,0.7923396597032971,0.0,587.4373479248168,572.3512088518684,0.0,397.695084545101,1.0,2.0,0.0,0.0,ok,13153137.139213916,4034542.000440713,2322223.4711404685,3804239.328268018,-13698058.174840437,phase_formula
1835.850765193497,0.00013947054358379526,9.5,21.581051102660158,1413.645349516645,1392.0642984139847,1910.6861341436654,1835.850765193497,2097379.064588664,0.7923204315651066,0.5772845741158004,0.323,0.7923204315651066,0.0,522.8662884254217,509.42980362137433,0.0,353.9804772640105,1.0,2.0,0.0,0.0,ok,13151919.348073179,4034542.000440713,2322223.4711404685,3790715.996904247,-13697856.44382881,phase_formula
2062.485337876194,0.0001566880906993994,9.5,21.75550030245782,1260.7690342270043,1239.0135339245464,1736.3620858390218,2062.485337876194,2102659.682997686,0.7922988245380155,0.577294164148408,0.323,0.7922988245380155,0.0,465.39720971625934,453.43167596496147,0.0,315.07391097790764,1.0,2.0,0.0,0.0,ok,13150551.161894064,4034542.000440713,2322223.4711404685,3776417.889765553,-13697629.809256127,phase_formula
2317.0977998889393,0.0001760311327120671,9.5,21.929977238666197,1124.7105935330285,1102.7806162943623,1579.7362865344755,2317.0977998889393,2108257.5357970065,0.7922745435869758,0.5773090198711439,0.323,0.7922745435869758,0.0,414.2497158976592,403.59606531405734,0.0,280.44705766271534,1.0,2.0,0.0,0.0,ok,13149013.998878893,4034542.000440713,2322223.4711404685,3761302.8541905815,-13697375.196794113,phase_formula
2603.142003316607,0.00019776206057255997,9.5,22.10448529784085,1003.6220130739587,981.5175277761178,1438.9303427543985,2603.142003316607,2114191.775731035,0.7922472568966317,0.5770912550634199,0.323,0.7922472568966317,0.0,368.38260044221397,358.7653806833517,0.0,249.39502049937886,1.0,2.0,0.0,0.0,ok,13147286.979211386,4034542.000440713,2322223.4711404685,3745326.7369787265,-13697089.152590686,phase_formula
2924.49817601829,0.00022217565722238775,9.5,22.279028286754972,895.8583466404253,873.5793183536704,1312.2695581802914,2924.49817601829,2120482.7226449633,0.7922165912363601,0.577090796005361,0.323,0.7922165912363601,0.0,327.8707007005977,319.2977799868394,0.0,221.9684643743047,1.0,2.0,0.0,0.0,ok,13145346.640286371,4034542.000440713,2322223.4711404685,3728443.3276711907,-13696767.796417985,phase_formula
3200.0,0.00024310567499810073,9.5,22.413996530394357,820.7165389571431,798.3025424267488,1223.0565578145404,3200.0,2125606.4571104264,0.7921902924577534,0.5770942891709426,0.323,0.7921902924577534,0.0,299.62203406393047,291.779184401932,0.0,202.84411706128094,1.0,2.0,0.0,0.0,ok,13143683.067563564,4034542.000440713,2322223.4711404685,3714732.747852522,-13696492.294594003,phase_formula
3285.5255574369426,0.0002496030963638185,9.5,22.4536055177634,799.9553972924167,777.5017917746533,1198.2606414922498,3285.5255574369426,2127151.93659149,0.7921821267281582,0.5770960710216301,0.323,0.7921821267281582,0.0,291.81706130312693,284.1762568107457,0.0,197.56015050221697,1.0,2.0,0.0,0.0,ok,13143166.616499351,4034542.000440713,2322223.4711404685,3710604.3059673016,-13696406.769036565,phase_formula
3691.1215322651688,0.0002804164348754212,9.5,22.62822604091198,714.6098695728352,691.9816435319233,1095.5718826586751,3691.1215322651688,2134222.295828169,0.7921433909370266,0.5771085070178901,0.323,0.7921433909370266,0.0,259.73179072626715,252.92324533803142,0.0,175.83842232168286,1.0,2.0,0.0,0.0,ok,13140717.279145297,4034542.000440713,2322223.4711404685,3691759.1943946434,-13696001.173061738,phase_formula
4146.7880641233005,0.0003150336598133633,9.5,22.80289685083642,638.6616782136944,615.8587813628579,1003.0154777151079,4146.7880641233005,2141718.0801598136,0.792099852191802,0.5771297960150873,0.323,0.792099852191802,0.0,231.17882789046268,225.11365544247664,0.0,156.50806648184326,1.0,2.0,0.0,0.0,ok,13137965.33140636,4034542.000440713,2322223.4711404685,3671855.317520575,-13695545.506529879,phase_formula
4658.7063304314215,0.0003539243584617049,9.5,22.977624154120267,571.0782125958012,548.100588441681,919.5318079847723,4658.7063304314215,2149665.0599722345,0.7920509120307714,0.5771619392451997,0.323,0.7920509120307714,0.0,205.77002726702034,200.36910617318452,0.0,139.30630845977277,1.0,2.0,0.0,0.0,ok,13134873.35276287,4034542.000440713,2322223.4711404685,3650837.7691739663,-13695033.588263571,phase_formula
5233.820570907399,0.0003976160883466838,9.5,23.152414939535294,510.9403307323869,487.7879157928516,844.1754433047588,5233.820570907399,2158090.591497234,0.7919958966504839,0.576726561080611,0.323,0.7919958966504839,0.0,182.81351611639425,177.87288239012747,0.0,123.7647504107989,1.0,2.0,0.0,0.0,ok,13131399.286430068,4034542.000440713,2322223.4711404685,3628649.389350815,-13694458.474023096,phase_formula
5879.932287106999,0.0004467015336250854,9.5,23.327277078981634,457.4298909896392,434.10261391065757,776.1026808055483,5879.932287106999,2167023.718800932,0.7919340472175118,0.5767285364367039,0.323,0.7919340472175118,0.0,162.69456557001283,158.28513719891473,0.0,110.1442208908987,1.0,2.0,0.0,0.0,ok,13127495.862591939,4034542.000440713,2322223.4711404685,3605230.752707558,-13693812.362306897,phase_formula
6500.0,0.0004938084023398921,9.5,23.477952864632325,416.09540878360065,392.61745591896835,722.7328120085217,6500.0,2175148.0899645463,0.7918746485842991,0.5767396978660267,0.323,0.7918746485842991,0.0,147.15307923457473,143.15620980319872,0.0,99.62263464180712,1.0,2.0,0.0,0.0,ok,13123749.296849517,4034542.000440713,2322223.4711404685,3584027.38921502,-13693192.294594003,phase_formula
6605.806070835401,0.00050184654492406,9.5,23.50221944225801,409.81865389193166,386.31643444967364,714.560449288841,6605.806070835401,2176495.2830949514,0.7918645088809381,0.5767424385329621,0.323,0.7918645088809381,0.0,144.7930193834851,140.85899533169487,0.0,98.02487412261942,1.0,2.0,0.0,0.0,ok,13123109.949258488,4034542.000440713,2322223.4711404685,3580520.170799242,-13693086.488523167,phase_formula
7421.288497006765,0.000563799171693897,9.5,23.677252027730344,367.45840346363786,343.78115143590753,658.8764326716848,7421.288497006765,2186538.0401136726,0.7917863182973721,0.5767711941064709,0.323,0.7917863182973721,0.0,128.8652190711784,125.3569258604903,0.0,87.24175331118776,1.0,2.0,0.0,0.0,ok,13118181.821496937,4034542.000440713,2322223.4711404685,3554453.710502045,-13692271.006096996,phase_formula
8337.44169374924,0.000633399809598818,9.5,23.852386111266767,329.77215410266473,305.919767991398,608.4502744956878,8337.44169374924,2197186.786143232,0.791698389449468,0.5768182744473899,0.323,0.791698389449468,0.0,114.69428010475995,111.56749845551398,0.0,77.64802763092248,1.0,2.0,0.0,0.0,ok,13112644.338560004,4034542.000440713,2322223.4711404685,3526965.23137219,-13691354.852900254,phase_formula
9366.693401651874,0.0007115926005965109,9.5,24.027634416202925,296.2463237063078,272.21868929010486,562.7457481059326,9366.693401651874,2208478.4937635325,0.7915994975021517,0.5760270819831107,0.323,0.7915994975021517,0.0,101.7410644200034,98.8234135280163,0.0,68.8787006123423,1.0,2.0,0.0,0.0,ok,13106422.017032156,4034542.000440713,2322223.4711404685,3497986.4450387526,-13690325.601192351,phase_formula
10523.00555772709,0.0007994382403500031,9.5,24.203011307598523,266.42376687754887,242.22075556995037,521.2837841234572,10523.00555772709,2220452.458137676,0.7914882603967207,0.5760175077636234,0.323,0.7914882603967207,0.0,90.52598508556962,87.91557729627627,0.0,61.286091902930636,1.0,2.0,0.0,0.0,ok,13099429.98650905,4034542.000440713,2322223.4711404685,3467447.000105162,-13689169.289036276,phase_formula
11822.06369095274,0.0008981283667061263,9.5,24.378533014650518,239.89757370721918,215.51904069256867,483.63626264835517,11822.06369095274,2233150.454999952,0.7913631178299609,0.5760277615460041,0.323,0.7913631178299609,0.0,80.54992679022574,78.2155765437499,0.0,54.53230043698282,1.0,2.0,0.0,0.0,ok,13091572.812482335,4034542.000440713,2322223.4711404685,3435274.596452806,-13687870.23090305,phase_formula
13281.489698569587,0.0010090017244222128,9.5,24.55420635862861,216.305538485622,191.7513321269934,449.42047367387545,13281.489698569587,2246616.912291806,0.7912223072012614,0.5760629092780495,0.323,0.7912223072012614,0.0,71.67673554800362,69.59067463178286,0.0,48.525149965998466,1.0,2.0,0.0,0.0,ok,13082743.168981247,4034542.000440713,2322223.4711404685,3401395.1332919896,-13686410.804895433,phase_formula
14921.080889473207,0.0011335623254177018,9.5,24.730060536103,195.32527801310886,170.59521747700586,418.29422580275616,14921.080889473207,2260899.0939609543,0.791063836032661,0.5761290019909708,0.323,0.791063836032661,0.0,63.78522473321584,61.92273078785612,0.0,43.18259714438713,1.0,2.0,0.0,0.0,ok,13072820.341074772,4034542.000440713,2322223.4711404685,3365732.8958014813,-13684771.21370453,phase_formula
15000.0,0.0011395578515535972,9.5,24.73799873119709,194.43156336906333,169.69356463786625,416.9517219105735,15000.0,2261566.454849988,0.7910562008517356,0.5761327916310898,0.323,0.7910562008517356,0.0,63.4490483583661,61.59614020715249,0.0,42.95500573861386,1.0,2.0,0.0,0.0,ok,13072342.636788182,4034542.000440713,2322223.4711404685,3364073.294197781,-13684692.294594003,phase_formula
16763.07853735573,0.0012734998508968874,9.5,24.9061188663127,176.6698297658801,151.7637108995674,389.9514342258816,16763.07853735573,2276047.3031376475,0.7908854502712949,0.5762332086483276,0.323,0.7908854502712949,0.0,56.76752063142483,55.10657741706852,0.0,38.43161146747461,1.0,2.0,0.0,0.0,ok,13061668.534503827,4034542.000440713,2322223.4711404685,3328210.7857311,-13682929.216056647,phase_formula
18832.46958655668,0.0014307125721003326,9.5,25.082407613887487,160.08376769914994,135.00136008526246,364.1182253542043,18832.46958655668,2292115.100999864,0.7906845977662592,0.5746518727372769,0.323,0.7906845977662592,0.0,50.18219363003806,48.57137460251288,0.0,33.973345087535776,1.0,2.0,0.0,0.0,ok,13049134.96641899,4034542.000440713,2322223.4711404685,3288750.6019189814,-13680859.825007446,phase_formula
21157.325603303416,0.0016073331006080237,9.5,25.258956594393336,145.33973758471146,120.08078099031813,340.5494599556716,21157.325603303416,2309159.547297799,0.790458386066579,0.5746450279944312,0.323,0.790458386066579,0.0,44.634758484345284,43.188706365398154,0.0,30.21773149390176,1.0,2.0,0.0,0.0,ok,13035047.707355276,4034542.000440713,2322223.4711404685,3247273.3772869064,-13678534.968990698,phase_formula
23769.183570259636,0.0018057573175005422,9.5,25.435799696558412,132.23537300851908,106.79957331196067,319.02563714466487,23769.183570259636,2327241.4639604827,0.7902035335059994,0.5746800627714117,0.323,0.7902035335059994,0.0,39.703579490567584,38.40676782432985,0.0,26.879323315114252,1.0,2.0,0.0,0.0,ok,13019213.240068888,4034542.000440713,2322223.4711404685,3203699.779532231,-13675923.111023743,phase_formula
26326.0,0.002,9.5,25.591283944457643,121.94197556202442,96.35069161756678,301.6634156657825,26326.0,2344017.968643605,0.7899533150793105,0.5747536516627724,0.323,0.7899533150793105,0.0,35.82959889949204,34.652322312114165,0.0,24.25663845495611,1.0,2.0,0.0,0.0,ok,13003704.082878973,4034542.000440713,2322223.4711404685,3163665.301576046,-13673366.294594003,phase_formula
26703.473689911352,0.002028676873806226,9.5,25.612975491621626,120.59055035489871,94.97757486327708,299.35013616194135,26703.473689911352,2346425.7243011487,0.7899163123135546,0.5747675795978568,0.323,0.7899163123135546,0.0,35.320936690401055,34.15952474331661,0.0,23.912274139401514,1.0,2.0,0.0,0.0,ok,13001413.695550777,4034542.000440713,2322223.4711404685,3157950.5834139637,-13672988.820904091,phase_formula
30000.0,0.0022791157031071944,9.5,25.790527946650613,110.24494554707351,84.4544176004229,281.3467602752057,30000.0,2366781.57355019,0.7895924822028291,0.5749202219945612,0.323,0.7895924822028291,0.0,31.42655189116679,30.388213616425077,0.0,21.275775630319917,1.0,2.0,0.0,0.0,ok,12981403.720238598,4034542.000440713,2322223.4711404685,3109947.223241972,-13669692.294594003,phase_formula
100.0,7.597052343690648e-06,9.75,16.594178650244714,25355.229301518248,25338.635122868003,26749.764134187608,100.0,2039270.1601717654,0.797806725573944,0.5811122665656451,0.323,0.797806725573944,0.0,9660.579827538138,9541.617068807,0.0,6540.212543243322,1.0,2.0,0.0,0.0,ok,13162403.303062337,3931092.2055576183,2262679.2795727644,3874294.626986944,-13323918.287161054,phase_formula
112.34493440205146,8.534903472008771e-06,9.75,16.76203430614922,22571.000031178784,22554.237996872635,23912.7233121216,112.34493440205146,2040489.7832005522,0.7978055939949253,0.5811127837258969,0.323,0.7978055939949253,0.0,8599.020907221853,8493.124748403729,0.0,5821.537154189194,1.0,2.0,0.0,0.0,ok,13162329.639800783,3931092.2055576183,2262679.2795727644,3870875.0903416937,-13323905.942226652,phase_formula
126.21384285801246,9.588531706906667e-06,9.75,16.929926337990544,20092.73207587963,20075.80214954164,21383.17687733159,126.21384285801246,2041781.85720747,0.7978043227048943,0.5811135832654979,0.323,0.7978043227048943,0.0,7654.117030646052,7559.8542681246645,0.0,5181.837229747378,1.0,2.0,0.0,0.0,ok,13162246.882648507,3931092.2055576183,2262679.2795727644,3867254.718028634,-13323892.073318196,phase_formula
141.79485896514254,1.077222965624421e-05,9.75,17.097789811206884,17886.805057089354,17869.707267278147,19127.502408837547,141.79485896514254,2043150.7678905758,0.7978028944518142,0.5811014410790896,0.323,0.7978028944518142,0.0,6812.698962106307,6728.652667900671,0.0,4612.19719734597,1.0,2.0,0.0,0.0,ok,13162153.908915764,3931092.2055576183,2262679.2795727644,3863421.631721704,-13323876.49230209,phase_formula
159.29934128987077,1.210205434094589e-05,9.75,17.26563208570107,15923.29301016988,15906.02737808418,17115.76689948166,159.29934128987077,2044601.1620233878,0.7978012898526354,0.5811013600321807,0.323,0.7978012898526354,0.0,6064.05804873357,5989.233883743971,0.0,4105.367298992628,1.0,2.0,0.0,0.0,ok,13162049.457303103,3931092.2055576183,2262679.2795727644,3859363.280976158,-13323858.987819765,phase_formula
178.96474047500539,1.3596045010636282e-05,9.75,17.433510972186067,14175.558412721934,14158.124901749747,15321.321412039846,178.96474047500539,2046137.9633435516,0.7977994871298943,0.581101578826289,0.323,0.7977994871298943,0.0,5397.687430371354,5331.074637478104,0.0,3654.2343903614073,1.0,2.0,0.0,0.0,ok,13161932.110786324,3931092.2055576183,2262679.2795727644,3855066.4065550934,-13323839.322420578,phase_formula
201.05782028944645,1.5274467848472724e-05,9.75,17.60142693078554,12619.890734447115,12602.28930751633,13720.440190879715,201.05782028944645,2047766.3893922106,0.7977974618157064,0.5811021728109524,0.323,0.7977974618157064,0.0,4804.546902012108,4745.245790827826,0.0,3252.6782526621973,1.0,2.0,0.0,0.0,ok,13161800.277387576,3931092.2055576183,2262679.2795727644,3850517.0020920634,-13323817.229340766,phase_formula
225.87827631437312,1.7160090884629123e-05,9.75,17.76925778732373,11235.184735344757,11217.415477557433,12291.99946534484,225.87827631437312,2049491.9693654436,0.79779518641911,0.5811032287861481,0.323,0.79779518641911,0.0,4276.589591422872,4223.799316473479,0.0,2895.2511533932848,1.0,2.0,0.0,0.0,ok,13161652.168571452,3931092.2055576183,2262679.2795727644,3845700.2740452625,-13323792.40888474,phase_formula
253.76280135386727,1.9278492847669018e-05,9.75,17.937126007562966,10002.654539241357,9984.717413233795,11017.191977207218,253.76280135386727,2051320.5630353563,0.7977926300522046,0.5811048544537971,0.323,0.7977926300522046,0.0,3806.652931617433,3759.6606634583736,0.0,2577.1040347050025,1.0,2.0,0.0,0.0,ok,13161485.77497248,3931092.2055576183,2262679.2795727644,3840600.5999127724,-13323764.524359701,phase_formula
285.08965271781034,2.1658410143417938e-05,9.75,18.105032046908804,8905.578432557431,8887.473400510522,9879.27218840878,285.08965271781034,2053258.3808200583,0.7977897580099627,0.5810804633219715,0.323,0.7977897580099627,0.0,3388.010713390623,3346.040767100566,0.0,2293.683252965452,1.0,2.0,0.0,0.0,ok,13161298.83912423,3931092.2055576183,2262679.2795727644,3835201.4846617263,-13323733.197508337,phase_formula
320.28378333286037,2.4332126668150144e-05,9.75,18.272919499739274,7929.072097170431,7910.799177670692,8863.32987995101,320.28378333286037,2055312.0050669243,0.7977865312979494,0.5810803252629142,0.323,0.7977865312979494,0.0,3015.689253859447,2978.3180318433247,0.0,2041.6216248628457,1.0,2.0,0.0,0.0,ok,13161088.824819311,3931092.2055576183,2262679.2795727644,3829485.5153667443,-13323698.00337772,phase_formula
359.8226062857106,2.733591174395735e-05,9.75,18.44078002569088,7059.886808341105,7041.446028315414,7956.088680067793,359.8226062857106,2057488.41262494,0.7977829061014612,0.5810807911290812,0.323,0.7977829061014612,0.0,2684.286501743527,2651.011277356703,0.0,1817.2619616803681,1.0,2.0,0.0,0.0,ok,13160852.882683717,3931092.2055576183,2262679.2795727644,3823434.314026202,-13323658.464554768,phase_formula
404.24247099543345,3.071051211695156e-05,9.75,18.608679639758527,6286.229740394476,6267.621060754717,7145.726665091552,404.24247099543345,2059794.9987885798,0.7977788331887803,0.5810820145194547,0.323,0.7977788331887803,0.0,2389.306158942599,2359.6794558639313,0.0,1617.5602696041392,1.0,2.0,0.0,0.0,ok,13160587.811497338,3931092.2055576183,2262679.2795727644,3817028.488561754,-13323614.04469006,phase_formula
454.1459388650521,3.4501704692323335e-05,9.75,18.776618705839017,5597.603854561072,5578.827235855233,6421.71651489299,454.1459388650521,2062239.6027107586,0.7977742572403178,0.5810841755630862,0.323,0.7977742572403178,0.0,2126.7459789875757,2100.369491773397,0.0,1439.807027774589,1.0,2.0,0.0,0.0,ok,13160290.014734473,3931092.2055576183,2262679.2795727644,3810247.582009537,-13323564.14122219,phase_formula
510.20995710752294,3.876091750418012e-05,9.75,18.9444855373353,4984.665458838427,4965.720973301092,5774.68330770169,510.20995710752294,2064830.5343670088,0.7977691160943813,0.5810874819887606,0.323,0.7977691160943813,0.0,1893.0434597607923,1869.562634862517,0.0,1281.5904222580562,1.0,2.0,0.0,0.0,ok,13159955.451732889,3931092.2055576183,2262679.2795727644,3803070.0199233573,-13323508.077203946,phase_formula
520.0,3.950467218719137e-05,9.75,18.97191369324829,4891.189311507734,4872.217397814486,5675.7604133379355,520.0,2065268.0764010802,0.7977682183017514,0.581088148374283,0.323,0.7977682183017514,0.0,1857.4026095700262,1834.3636539729832,0.0,1257.461566678908,1.0,2.0,0.0,0.0,ok,13159897.029110508,3931092.2055576183,2262679.2795727644,3801858.8509537615,-13323498.287161054,phase_formula
573.1950416251822,4.354592734370449e-05,9.75,19.11238368847222,4439.097788366232,4419.985404677759,5196.278316817354,573.1950416251822,2067576.6031522513,0.7977633398991272,0.5810384823544075,0.323,0.7977633398991272,0.0,1684.6769953496012,1663.6351026952211,0.0,1140.52632585168,1.0,2.0,0.0,0.0,ok,13159579.58282669,3931092.2055576183,2262679.2795727644,3795473.0560367517,-13323445.09211943,phase_formula
643.9555935096224,4.892164350904979e-05,9.75,19.280323346764256,3953.497877386987,3934.2175540402227,4679.066071076375,643.9555935096224,2070487.148268072,0.7977568501589304,0.5810382552761587,0.323,0.7977568501589304,0.0,1499.5253080079408,1480.7826035110998,0.0,1015.178633521376,1.0,2.0,0.0,0.0,ok,13159157.307695698,3931092.2055576183,2262679.2795727644,3787432.7162396116,-13323374.331567544,phase_formula
723.4514891067264,5.4960988308647454e-05,9.75,19.448260311523544,3521.2761758660813,3501.827915554558,4216.424143344607,723.4514891067264,2073572.0709687285,0.797749558661904,0.5810392505947197,0.323,0.797749558661904,0.0,1334.7253338868059,1318.0317769260866,0.0,903.6090510413676,1.0,2.0,0.0,0.0,ok,13158682.896091236,3931092.2055576183,2262679.2795727644,3778923.740964556,-13323294.835671948,phase_formula
812.7611008676171,6.174588626206921e-05,9.75,19.61616403458242,3136.56723000495,3116.951065970368,3802.4539815190033,812.7611008676171,2076841.8687995237,0.7977413662736001,0.5810417712232403,0.323,0.7977413662736001,0.0,1188.0407295113155,1173.1737500148483,0.0,804.3035738791605,1.0,2.0,0.0,0.0,ok,13158149.909993855,3931092.2055576183,2262679.2795727644,3769919.526087959,-13323205.526060186,phase_formula
913.0959256151148,6.93683754170869e-05,9.75,19.784112154957747,2794.1502115252133,2774.3660993702556,3431.9015739530273,913.0959256151148,2080307.6719396324,0.7977321615799989,0.5810461849155736,0.323,0.7977321615799989,0.0,1057.480926885665,1044.2424214429684,0.0,715.9145875015952,1.0,2.0,0.0,0.0,ok,13157551.116140973,3931092.2055576183,2262679.2795727644,3760392.0624991423,-13323105.19123544,phase_formula
1025.8170186601064,7.793185585809515e-05,9.75,19.952105625095225,2489.377910508118,2469.425804883023,3100.086561237206,1025.8170186601064,2083981.2818539166,0.7977218193607072,0.5810529212108742,0.323,0.7977218193607072,0.0,941.2740659727892,929.4876995435343,0.0,637.2425426635782,1.0,2.0,0.0,0.0,ok,13156878.387730248,3931092.2055576183,2262679.2795727644,3750311.8745138906,-13322992.470142394,phase_formula
1152.4534566987763,8.755249234207827e-05,9.75,20.120048908917838,2218.113675555841,2197.993626646923,2802.839281765874,1152.4534566987763,2087875.2123685833,0.7977101988708107,0.5809544893543122,0.323,0.7977101988708107,0.0,837.4923538637221,826.8600755460059,0.0,566.9823235657399,1.0,2.0,0.0,0.0,ok,13156122.593955578,3931092.2055576183,2262679.2795727644,3739647.9573621307,-13322865.833704356,phase_formula
1294.7230799424149,9.836079008906897e-05,9.75,20.288016702062553,1976.675567578366,1956.3875508763035,2536.445020408419,1294.7230799424149,2092002.7332119239,0.7976971419070036,0.5809541327789658,0.323,0.7976971419070036,0.0,745.4331670101355,735.9563576025395,0.0,504.6582540658619,1.0,2.0,0.0,0.0,ok,13155273.47586515,3931092.2055576183,2262679.2795727644,3728367.7140170787,-13322723.564081112,phase_formula
1300.0,9.876168046797843e-05,9.75,20.293898377614653,1968.7371382696117,1948.443239891997,2527.6527309961125,1300.0,2092151.3526986996,0.797696657572065,0.5809541632263174,0.323,0.797696657572065,0.0,742.4062711082938,732.9675055583198,0.0,502.6090455403149,1.0,2.0,0.0,0.0,ok,13155241.980791986,3931092.2055576183,2262679.2795727644,3727961.9954693336,-13322718.287161054,phase_formula
1454.5557948495277,0.00011050336510290418,9.75,20.456034400372815,1761.7861932526698,1741.330158852297,2297.593922638494,1454.5557948495277,2096377.916436669,0.7976824706304088,0.5809562534263251,0.323,0.7976824706304088,0.0,663.4963127855334,655.0506143431884,0.0,449.18700375580613,1.0,2.0,0.0,0.0,ok,13154319.506842067,3931092.2055576183,2262679.2795727644,3716436.8916974654,-13322563.731366204,phase_formula
1634.1197535649385,0.000124144933036917,9.75,20.62407858359387,1570.5282468832452,1549.9041682996512,2083.3366082010534,1634.1197535649385,2101015.6857693824,0.7976659851148509,0.5809614655800672,0.323,0.7976659851148509,0.0,590.569498911718,583.0442146858994,0.0,399.81555076323315,1.0,2.0,0.0,0.0,ok,13153247.735795533,3931092.2055576183,2262679.2795727644,3703819.518430441,-13322384.16740749,phase_formula
1835.850765193497,0.00013947054358379526,9.75,20.792082003497985,1400.304942066002,1379.512860062504,1891.044665134842,1835.850765193497,2105931.869090562,0.7976474605851616,0.5809704891239019,0.323,0.7976474605851616,0.0,525.6626399749439,518.959226522489,0.0,355.873607263037,1.0,2.0,0.0,0.0,ok,13152043.61091083,3931092.2055576183,2262679.2795727644,3690477.8401341187,-13322182.436395861,phase_formula
2062.485337876194,0.0001566880906993994,9.75,20.960141796822903,1248.8049950585557,1227.8448532617329,1718.3756870798168,2062.485337876194,2111143.254101619,0.7976266443053245,0.5809842035511245,0.323,0.7976266443053245,0.0,467.89450007839787,461.9252536078541,0.0,316.7645765530754,1.0,2.0,0.0,0.0,ok,13150690.781536158,3931092.2055576183,2262679.2795727644,3676372.2587646157,-13321955.801823178,phase_formula
2317.0977998889393,0.0001760311327120671,9.75,21.12826030991907,1113.9710114140046,1092.8427511040854,1563.2417056868062,2317.0977998889393,2116667.6479438255,0.7976032520707932,0.5807864897921332,0.323,0.7976032520707932,0.0,416.13012806779915,410.6760452237057,0.0,281.72009670190005,1.0,2.0,0.0,0.0,ok,13149170.875479573,3931092.2055576183,2262679.2795727644,3661461.2721553533,-13321701.189361166,phase_formula
2603.142003316607,0.00019776206057255997,9.75,21.296372165723636,993.9716041850714,972.6752320193478,1423.7813481836033,2603.142003316607,2122523.9405829217,0.7975769642530299,0.5807860054589472,0.323,0.7975769642530299,0.0,370.3723230001807,365.50487492064144,0.0,250.7420626711224,1.0,2.0,0.0,0.0,ok,13147463.24864532,3931092.2055576183,2262679.2795727644,3645701.416284739,-13321415.145157738,phase_formula
2924.49817601829,0.00022217565722238775,9.75,21.464499620748974,887.1767071588039,865.7122075380549,1298.3351833594536,2924.49817601829,2128732.1720975423,0.7975474213370775,0.5807905236651061,0.323,0.7975474213370775,0.0,329.64904479248185,325.30637295842547,0.0,223.17240332451024,1.0,2.0,0.0,0.0,ok,13145544.703550423,3931092.2055576183,2262679.2795727644,3629047.2108227354,-13321093.788985036,phase_formula
3200.0,0.00024310567499810073,9.75,21.594590348195307,812.7101228355724,791.1155324873771,1209.9805457316265,3200.0,2133788.4752705013,0.7975220855717274,0.5807982433278027,0.323,0.7975220855717274,0.0,301.2528722962851,297.27798869311937,0.0,203.948194544585,1.0,2.0,0.0,0.0,ok,13143899.820764333,3931092.2055576183,2262679.2795727644,3615523.26431038,-13320818.287161054,phase_formula
3285.5255574369426,0.0002496030963638185,9.75,21.632696059722214,792.1354059827324,770.5027099230102,1185.4235802224555,3285.5255574369426,2135313.604598048,0.7975142188846287,0.5808013037768808,0.323,0.7975142188846287,0.0,293.40709480320805,289.5341433145769,0.0,198.63660318177187,1.0,2.0,0.0,0.0,ok,13143389.172823634,3931092.2055576183,2262679.2795727644,3611451.108936242,-13320732.761603618,phase_formula
3691.1215322651688,0.0002804164348754212,9.75,21.80096533821847,707.556174935588,685.7552095973696,1083.7269662433937,3691.1215322651688,2142290.7991854376,0.7974769018454001,0.5808198268564511,0.323,0.7974769018454001,0.0,261.15404638744917,257.70180760157604,0.0,176.80128940430305,1.0,2.0,0.0,0.0,ok,13140967.36329263,3931092.2055576183,2262679.2795727644,3592863.452479753,-13320327.165628789,phase_formula
4146.7880641233005,0.0003150336598133633,9.75,21.96921026072935,632.2893056332442,610.3200953725149,992.0682742787078,4146.7880641233005,2149687.698364841,0.7974349581284044,0.5808478056714946,0.323,0.7974349581284044,0.0,232.451547044343,229.37638260243983,0.0,157.3696973490202,1.0,2.0,0.0,0.0,ok,13138246.355703939,3931092.2055576183,2262679.2795727644,3573232.433862907,-13319871.499096932,phase_formula
4658.7063304314215,0.0003539243584617049,9.75,22.13752552445625,565.3116053421041,543.1740798176479,909.3976539667478,4658.7063304314215,2157529.7124742474,0.7973878113316747,0.5804506516197357,0.323,0.7973878113316747,0.0,206.559114906948,203.68154113910776,0.0,139.84052079200382,1.0,2.0,0.0,0.0,ok,13135189.154484272,3931092.2055576183,2262679.2795727644,3552504.0660677473,-13319359.580830622,phase_formula
5233.820570907399,0.0003976160883466838,9.75,22.30593003704963,505.71224826483694,483.4063182277873,834.7783327821318,5233.820570907399,2165843.814278422,0.7973348125137527,0.5804502292404412,0.323,0.7973348125137527,0.0,183.8302325613316,181.25640038291135,0.0,124.45306744402151,1.0,2.0,0.0,0.0,ok,13131754.181231074,3931092.2055576183,2262679.2795727644,3530622.1624971176,-13318784.466590147,phase_formula
5879.932287106999,0.0004467015336250854,9.75,22.47442008177481,452.68047297382964,430.2060528920548,767.3743201707555,5879.932287106999,2174658.6392281726,0.7972752308723947,0.5804599820843181,0.323,0.7972752308723947,0.0,163.6053806058399,161.3045235787168,0.0,110.76084267015365,1.0,2.0,0.0,0.0,ok,13127894.70480205,3931092.2055576183,2262679.2795727644,3507528.328558361,-13318138.354873948,phase_formula
6500.0,0.0004938084023398921,9.75,22.619537359273103,411.7152448429456,389.09570748367247,714.5309110121163,6500.0,2182675.2780759973,0.7972180108970206,0.5804784133414076,0.323,0.7972180108970206,0.0,147.98189867185886,145.89407262386985,0.0,100.18374540084844,1.0,2.0,0.0,0.0,ok,13124190.343211327,3931092.2055576183,2262679.2795727644,3486620.235392174,-13317518.287161054,phase_formula
6605.806070835401,0.00050184654492406,9.75,22.64291279257594,405.49452784758876,382.8516150550128,706.4393559796883,6605.806070835401,2184004.593956436,0.7972082431749399,0.5804823828954281,0.323,0.7972082431749399,0.0,145.60937391392594,143.55409095837646,0.0,98.57754613972787,1.0,2.0,0.0,0.0,ok,13123558.199943708,3931092.2055576183,2262679.2795727644,3483161.9671465717,-13317412.48109022,phase_formula
7421.288497006765,0.000563799171693897,9.75,22.81151828551621,363.5121536665886,340.70063538107235,651.3073944773287,7421.288497006765,2193913.9687569803,0.7971329217599641,0.5805204822800133,0.323,0.7971329217599641,0.0,129.59732930050325,127.76323973255961,0.0,87.7373919364407,1.0,2.0,0.0,0.0,ok,13118685.625341099,3931092.2055576183,2262679.2795727644,3457460.3004672765,-13316596.998664048,phase_formula
8337.44169374924,0.000633399809598818,9.75,22.980245727434085,326.1615758529182,303.1813301254841,601.3835948723195,8337.44169374924,2204421.0641848072,0.7970482209004012,0.580577831612009,0.323,0.7970482209004012,0.0,115.35124017572653,113.71663858465512,0.0,78.09278959896687,1.0,2.0,0.0,0.0,ok,13113210.610765066,3931092.2055576183,2262679.2795727644,3430358.410953881,-13315680.845467305,phase_formula
9366.693401651874,0.0007115926005965109,9.75,23.14909318959155,292.93383799706436,269.7847448074728,556.136651593405,9366.693401651874,2215562.324024461,0.796952961283236,0.5797802227918403,0.323,0.796952961283236,0.0,102.32701163589753,100.732499626893,0.0,69.27538687750264,1.0,2.0,0.0,0.0,ok,13107058.541616546,3931092.2055576183,2262679.2795727644,3401789.3043756275,-13314651.593759403,phase_formula
10523.00555772709,0.0007994382403500031,9.75,23.3179942756761,263.3758444453585,240.0578501696824,515.0918313305522,10523.00555772709,2227376.48123066,0.7968458123188761,0.5797807468437272,0.323,0.7968458123188761,0.0,91.05204439035538,89.62061236071982,0.0,61.642234052270595,1.0,2.0,0.0,0.0,ok,13100145.527592229,3931092.2055576183,2262679.2795727644,3371683.998610833,-13313495.281603327,phase_formula
11822.06369095274,0.0008981283667061263,9.75,23.487055410037854,237.08445217944967,213.5973967694118,477.82505868021747,11822.06369095274,2239904.706745313,0.796725271942798,0.5798020130410675,0.323,0.796725271942798,0.0,81.02251325068916,79.73885461755098,0.0,54.85224147071657,1.0,2.0,0.0,0.0,ok,13092377.240389653,3931092.2055576183,2262679.2795727644,3339971.6419732394,-13312196.223470101,phase_formula
13281.489698569587,0.0010090017244222128,9.75,23.65629166291197,213.70073650089273,190.04444483798076,443.95717318354775,13281.489698569587,2253190.783648543,0.7965896435109898,0.579849172174109,0.323,0.7965896435109898,0.0,72.10156326872008,70.95204406577375,0.0,48.81275833292351,1.0,2.0,0.0,0.0,ok,13083647.603293467,3931092.2055576183,2262679.2795727644,3306579.665429939,-13310736.797462486,phase_formula
14921.080889473207,0.0011335623254177018,9.75,23.825720039668894,192.90521524423787,169.07949520456896,413.14914453121423,14921.080889473207,2267281.2873603986,0.7964370093164848,0.5799283439891466,0.323,0.7964370093164848,0.0,64.1673777037382,63.13985910769254,0.0,43.44131470543076,1.0,2.0,0.0,0.0,ok,13073837.313090859,3931092.2055576183,2262679.2795727644,3271433.973540437,-13309097.206271581,phase_formula
15000.0,0.0011395578515535972,9.75,23.833361676322365,192.01935146214387,168.1859897858215,411.82040013257074,15000.0,2267939.6828451306,0.7964296554915395,0.579932744546258,0.323,0.7964296554915395,0.0,63.82937658774007,62.8071163778151,0.0,43.21248794990003,1.0,2.0,0.0,0.0,ok,13073365.030592166,3931092.2055576183,2262679.2795727644,3269798.4962139614,-13309018.287161054,phase_formula
16763.07853735573,0.0012734998508968874,9.75,23.995287736728713,174.41344297098567,150.41815523425697,385.0976566663568,16763.07853735573,2282225.7898892993,0.796265200163569,0.5800466609849323,0.323,0.796265200163569,0.0,57.1114986033663,56.19515166798604,0.0,38.66448455447899,1.0,2.0,0.0,0.0,ok,13062812.17199604,3931092.2055576183,2262679.2795727644,3234459.179475828,-13307255.208623698,phase_formula
18832.46958655668,0.0014307125721003326,9.75,24.1650741510428,157.97235513840863,133.80728098736583,359.53144050190633,18832.46958655668,2298077.063177013,0.7960717603247638,0.5784450225032428,0.323,0.7960717603247638,0.0,50.488041215532334,49.53432860279854,0.0,34.18040390291539,1.0,2.0,0.0,0.0,ok,13050421.204051053,3931092.2055576183,2262679.2795727644,3195578.89004625,-13305185.817574497,phase_formula
21157.325603303416,0.0016073331006080237,9.75,24.335123197312306,143.35666646428365,119.02154326697134,336.20766110188504,21157.325603303416,2314891.3228300903,0.7958539070678611,0.5784503341808725,0.323,0.7958539070678611,0.0,44.91003397676665,44.04954522174549,0.0,30.404093002271022,1.0,2.0,0.0,0.0,ok,13036494.526726887,3931092.2055576183,2262679.2795727644,3154716.0472719814,-13302860.961557752,phase_formula
23769.183570259636,0.0018057573175005422,9.75,24.5054633134489,130.3658342847365,105.86037097128761,314.9088683461807,23769.183570259636,2332728.4879735177,0.795608483768866,0.5784983297669164,0.323,0.795608483768866,0.0,39.95147410881852,39.17658117677394,0.0,27.047147971670142,1.0,2.0,0.0,0.0,ok,13020840.94406809,3931092.2055576183,2262679.2795727644,3111793.3336760006,-13300249.103590794,phase_formula
26326.0,0.002,9.75,24.655215185384595,120.16115012552899,95.5059349401444,297.7291538671143,26326.0,2349277.414397577,0.7953675361080865,0.5785839183144963,0.323,0.7953675361080865,0.0,36.055806608997734,35.350408650922965,0.0,24.40978107429147,1.0,2.0,0.0,0.0,ok,13005509.35343391,3931092.2055576183,2262679.2795727644,3072361.8900627354,-13297692.287161054,phase_formula
26703.473689911352,0.002028676873806226,9.75,24.676126796001192,118.82135708142116,94.14523028541996,295.44028318779624,26703.473689911352,2351652.4651285745,0.795331905412135,0.5785996185171135,0.323,0.795331905412135,0.0,35.54429091013168,34.84819007443325,0.0,24.06348494615914,1.0,2.0,0.0,0.0,ok,13003245.222571697,3931092.2055576183,2262679.2795727644,3066733.6491468437,-13297314.813471142,phase_formula
30000.0,0.0022791157031071944,9.75,24.847113815356753,108.56431661755994,83.71720280220319,277.6273267657507,30000.0,2371731.472506573,0.7950200950086476,0.5787667159406581,0.323,0.7950200950086476,0.0,31.62787891943511,31.004488055405258,0.0,21.412074028457575,1.0,2.0,0.0,0.0,ok,12983465.004897837,3931092.2055576183,2262679.2795727644,3019460.667914808,-13294018.287161054,phase_formula
100.0,7.597052343690648e-06,10.0,16.00903019784919,25122.58032744236,25106.57129724451,26499.638951795194,100.0,2047911.1369235443,0.8028616515736571,0.5846115777464824,0.323,0.8028616515736571,0.0,9701.875522712975,9701.8872730365,0.0,6568.169728876686,1.0,2.0,0.0,0.0,ok,13162409.588477151,3832814.9004186774,2206112.297583445,3776735.251186867,-12967630.319960311,phase_formula
112.34493440205146,8.534903472008771e-06,10.0,16.170971649854277,22363.84856219633,22347.677590546475,23688.7616480276,112.34493440205146,2049115.3598253247,0.8028605599074776,0.5846113860902247,0.323,0.8028605599074776,0.0,8635.7561452885,8635.751386237462,0.0,5846.406910360315,1.0,2.0,0.0,0.0,ok,13162336.70119807,3832814.9004186774,2206112.297583445,3773359.1609050306,-12967617.975025907,phase_formula
126.21384285801246,9.588531706906667e-06,10.0,16.332921295217254,19908.275660767096,19891.94273947188,21182.556998877506,126.21384285801246,2050391.1151722001,0.8028593334584406,0.5846113854983401,0.323,0.8028593334584406,0.0,7686.79276266896,7686.775943221491,0.0,5203.958700326885,1.0,2.0,0.0,0.0,ok,13162254.815834409,3832814.9004186774,2206112.297583445,3769784.8144605667,-12967604.106117452,phase_formula
141.79485896514254,1.077222965624421e-05,10.0,16.494856041588932,17722.549228514454,17706.054372472863,18947.71059343106,141.79485896514254,2051742.7326169598,0.8028579555831332,0.5846116257642126,0.323,0.8028579555831332,0.0,6842.111772898329,6842.086849781842,0.0,4632.10967025217,1.0,2.0,0.0,0.0,ok,13162162.821526682,3832814.9004186774,2206112.297583445,3766000.489489892,-12967588.525101345,phase_formula
159.29934128987077,1.210205434094589e-05,10.0,16.656819304990407,15777.017440937276,15760.360621632286,16954.563652997313,159.29934128987077,2053174.799496444,0.8028564075823293,0.5846121670001492,0.323,0.8028564075823293,0.0,6090.254202258553,6090.224703489036,0.0,4123.1020949290405,1.0,2.0,0.0,0.0,ok,13162059.470266927,3832814.9004186774,2206112.297583445,3761993.800767791,-12967571.02061902,phase_formula
178.96474047500539,1.3596045010636282e-05,10.0,16.8187481434893,14045.286639254877,14028.467891111388,15176.711247516329,178.96474047500539,2054692.1765090185,0.8028546684468872,0.5846130788306485,0.323,0.8028546684468872,0.0,5421.020201285884,5420.989258218007,0.0,3670.030676270543,1.0,2.0,0.0,0.0,ok,13161943.359964259,3832814.9004186774,2206112.297583445,3757751.664094759,-12967551.355219835,phase_formula
201.05782028944645,1.5274467848472724e-05,10.0,16.980725765660125,12503.863550259535,12486.882824493876,13590.645071033146,201.05782028944645,2056300.0143256998,0.8028527145721968,0.5846144460328263,0.323,0.8028527145721968,0.0,4825.330772240439,4825.301183735227,0.0,3266.7489328067777,1.0,2.0,0.0,0.0,ok,13161812.915418938,3832814.9004186774,2206112.297583445,3753260.258551664,-12967529.26214002,phase_formula
225.87827631437312,1.7160090884629123e-05,10.0,17.142649756775242,11131.836264022204,11114.693614265429,12175.434915690617,225.87827631437312,2058003.7712010504,0.8028505194372709,0.5845947787330464,0.323,0.8028505194372709,0.0,4294.750098536733,4294.576353504437,0.0,2907.5458167093684,1.0,2.0,0.0,0.0,ok,13161666.366946505,3832814.9004186774,2206112.297583445,3748504.9870851287,-12967504.441683996,phase_formula
253.76280135386727,1.9278492847669018e-05,10.0,17.304642635323074,9910.590972984497,9893.286330349174,10912.445861260949,253.76280135386727,2059809.2316394108,0.8028480532440914,0.584594702909916,0.323,0.8028480532440914,0.0,3822.7936460715277,3822.6259573245216,0.0,2588.031298390424,1.0,2.0,0.0,0.0,ok,13161501.72636162,3832814.9004186774,2206112.297583445,3743470.4353804635,-12967476.557158956,phase_formula
285.08965271781034,2.1658410143417938e-05,10.0,17.466563104203935,8823.558982760052,8806.092419655848,9785.085689179283,285.08965271781034,2061722.5261941263,0.802845282512265,0.5845951006829723,0.323,0.802845282512265,0.0,3402.7040371394833,3402.5443625340686,0.0,2303.6306331434303,1.0,2.0,0.0,0.0,ok,13161316.759995196,3832814.9004186774,2206112.297583445,3738140.329003049,-12967445.230307592,phase_formula
320.28378333286037,2.4332126668150144e-05,10.0,17.628572385515586,7855.992523831627,7838.363951446112,8778.581055399582,320.28378333286037,2063750.1524507124,0.802842169623433,0.5845960948283648,0.323,0.802842169623433,0.0,3028.7819786436235,3028.632083355239,0.0,2050.4853995417334,1.0,2.0,0.0,0.0,ok,13161108.958378198,3832814.9004186774,2206112.297583445,3732497.4887748407,-12967410.036176978,phase_formula
359.8226062857106,2.733591174395735e-05,10.0,17.790490938971047,6994.764050617521,6976.97355967855,7879.777115533379,359.8226062857106,2065898.9973052691,0.8028386723091745,0.5845978206887531,0.323,0.8028386723091745,0.0,2695.954325280593,2695.815755122463,0.0,1825.1610782149614,1.0,2.0,0.0,0.0,ok,13160875.50217988,3832814.9004186774,2206112.297583445,3726523.7843838744,-12967370.497354025,phase_formula
404.24247099543345,3.071051211695156e-05,10.0,17.952516682402543,6228.188885216784,6210.236368534382,7076.960459961311,404.24247099543345,2068176.3605619282,0.8028347430753585,0.5846004510338645,0.323,0.8028347430753585,0.0,2399.7055170391477,2399.5796754556977,0.0,1624.6006350355033,1.0,2.0,0.0,0.0,ok,13160613.223937366,3832814.9004186774,2206112.297583445,3720200.0862201555,-12967326.077489315,phase_formula
454.1459388650521,3.4501704692323335e-05,10.0,18.114436789336352,5545.865922304207,5527.75148551487,6359.700082830938,454.1459388650521,2070589.9800172225,0.8028303285550136,0.5845607722082461,0.323,0.8028303285550136,0.0,2135.661664884119,2135.401810489047,0.0,1445.8429471265486,1.0,2.0,0.0,0.0,ok,13160318.565055994,3832814.9004186774,2206112.297583445,3713506.215450816,-12967276.174021445,phase_formula
510.20995710752294,3.876091750418012e-05,10.0,18.27646384302228,4938.537375787194,4920.260911944171,5718.707362491097,510.20995710752294,2073148.0580085702,0.8028253687807787,0.5845604694109744,0.323,0.8028253687807787,0.0,1900.9538460156373,1900.7090604204013,0.0,1286.9457537525864,1.0,2.0,0.0,0.0,ok,13159987.527495336,3832814.9004186774,2206112.297583445,3706420.892362247,-12967220.110003203,phase_formula
520.0,3.950467218719137e-05,10.0,18.302919627180525,4845.91669328331,4827.6137736561295,5620.708735756394,520.0,2073580.050427316,0.8028245026614114,0.5845605032574394,0.323,0.8028245026614114,0.0,1865.1596575628407,1864.9174283056632,0.0,1262.7130881700432,1.0,2.0,0.0,0.0,ok,13159929.72051513,3832814.9004186774,2206112.297583445,3705225.299527761,-12967210.319960311,phase_formula
573.1950416251822,4.354592734370449e-05,10.0,18.43840525873068,4397.9623622383015,4379.52395697957,5145.709855823502,573.1950416251822,2075859.289673347,0.8028197963668692,0.5845610996694509,0.323,0.8028197963668692,0.0,1692.0429870255261,1691.8142357228828,0.0,1145.5131022162811,1.0,2.0,0.0,0.0,ok,13159615.619483294,3832814.9004186774,2206112.297583445,3698921.683013501,-12967157.124918684,phase_formula
643.9555935096224,4.892164350904979e-05,10.0,18.600436392889673,3916.8058879314967,3898.205451538607,4633.340473236627,643.9555935096224,2078732.8928459804,0.802813535589212,0.5845629081771846,0.323,0.802813535589212,0.0,1506.094467616829,1505.8826341028532,0.0,1019.6259545765932,1.0,2.0,0.0,0.0,ok,13159197.794519022,3832814.9004186774,2206112.297583445,3690984.9442672287,-12967086.3643668,phase_formula
723.4514891067264,5.4960988308647454e-05,10.0,18.762401907982422,3488.538647657784,3469.7762457498015,4175.0374468731425,723.4514891067264,2081778.639902135,0.802806501350956,0.5845661661762382,0.323,0.802806501350956,0.0,1340.5850370607925,1340.3908856944217,0.0,907.5760700901567,1.0,2.0,0.0,0.0,ok,13158728.382833648,3832814.9004186774,2206112.297583445,3682585.7672866704,-12967006.868471203,phase_formula
812.7611008676171,6.174588626206921e-05,10.0,18.924440860214887,3107.349081022008,3088.424640161793,3764.9565347646567,812.7611008676171,2085006.891450418,0.8027985980189267,0.5845712142231482,0.323,0.8027985980189267,0.0,1193.2688082183302,1193.0930382305223,0.0,807.8429831638097,1.0,2.0,0.0,0.0,ok,13158201.014374565,3832814.9004186774,2206112.297583445,3673697.919617413,-12966917.558859443,phase_formula
913.0959256151148,6.93683754170869e-05,10.0,19.086433901039445,2768.0639831643757,2748.977549263336,3397.891766749791,913.0959256151148,2088428.632250799,0.8027897181147405,0.5844911679786986,0.323,0.8027897181147405,0.0,1061.792245353161,1061.4875564715023,0.0,718.8333501040901,1.0,2.0,0.0,0.0,ok,13157608.532262811,3832814.9004186774,2206112.297583445,3664293.786002394,-12966817.224034695,phase_formula
1025.8170186601064,7.793185585809515e-05,10.0,19.248485219813684,2466.0788131065106,2446.830327886697,3069.2058702022227,1025.8170186601064,2092055.5092069993,0.8027797408421851,0.5844902564096567,0.323,0.8027797408421851,0.0,945.0846230871737,944.7994866895873,0.0,639.8222898300166,1.0,2.0,0.0,0.0,ok,13156942.895542406,3832814.9004186774,2206112.297583445,3654344.308118291,-12966704.50294165,phase_formula
1152.4534566987763,8.755249234207827e-05,10.0,19.410510241078182,2197.294818821458,2177.88430858038,2774.7674995245384,1152.4534566987763,2095899.8719083508,0.8027685304300904,0.5844911899989944,0.323,0.8027685304300904,0.0,841.2076211681251,840.9425179911865,0.0,569.4975595308208,1.0,2.0,0.0,0.0,ok,13156195.06989325,3832814.9004186774,2206112.297583445,3643818.923458771,-12966577.866503611,phase_formula
1294.7230799424149,9.836079008906897e-05,10.0,19.572579778798744,1958.063782415919,1938.49120263712,2510.8960733725557,1294.7230799424149,2099974.8155283513,0.8027559342671949,0.5844944465951359,0.323,0.8027559342671949,0.0,748.7513800046279,748.5067471391451,0.0,506.9046842631331,1.0,2.0,0.0,0.0,ok,13155354.904813657,3832814.9004186774,2206112.297583445,3632685.5036431965,-12966435.596880367,phase_formula
1300.0,9.876168046797843e-05,10.0,19.57827259638429,1950.1979294831765,1930.6196568867922,2502.187165589501,1300.0,2100121.5411739154,0.8027554670258356,0.5844946125658894,0.323,0.8027554670258356,0.0,745.7114315948331,745.4675255730452,0.0,504.84663918970205,1.0,2.0,0.0,0.0,ok,13155323.741841404,3832814.9004186774,2206112.297583445,3632285.071389057,-12966430.319960311,phase_formula
1454.5557948495277,0.00011050336510290418,10.0,19.73464232335329,1745.138252893132,1725.4036105697787,2274.3120888500016,1454.5557948495277,2104294.226610788,0.8027417808024258,0.5845005790228005,0.323,0.8027417808024258,0.0,666.460920549524,666.2371390649613,0.0,451.1940432120276,1.0,2.0,0.0,0.0,ok,13154410.995591883,3832814.9004186774,2206112.297583445,3620910.2924834383,-12966275.764165461,phase_formula
1634.1197535649385,0.000124144933036917,10.0,19.896737371648875,1555.6277080747257,1535.7309707030768,2062.0933539382463,1634.1197535649385,2108872.8315906506,0.8027258771804897,0.5845102537335769,0.323,0.8027258771804897,0.0,593.2191961817931,593.0166097126096,0.0,401.6093958150739,1.0,2.0,0.0,0.0,ok,13153350.528175915,3832814.9004186774,2206112.297583445,3608457.8441996803,-12966096.200206745,phase_formula
1835.850765193497,0.00013947054358379526,10.0,20.05884447397295,1386.9591927918661,1366.9003483178933,1871.6356868454704,1835.850765193497,2113726.248536974,0.802708006578654,0.5843487759787939,0.323,0.802708006578654,0.0,527.6775966290522,527.3487123561381,0.0,357.23773291786836,1.0,2.0,0.0,0.0,ok,13152159.104813932,3832814.9004186774,2206112.297583445,3595290.9622536986,-12965894.469195116,phase_formula
2062.485337876194,0.0001566880906993994,10.0,20.220974311523637,1236.8425077592167,1216.621533447693,1700.618158186842,2062.485337876194,2118871.0421207985,0.8026879252059989,0.5843463468613206,0.323,0.8026879252059989,0.0,469.6596651098558,469.3525735696635,0.0,317.9595932793724,1.0,2.0,0.0,0.0,ok,13150820.548070861,3832814.9004186774,2206112.297583445,3581370.6393430894,-12965667.834622433,phase_formula
2317.0977998889393,0.0001760311327120671,10.0,20.383134876687723,1103.2391087506264,1082.8559738739386,1546.9720359133794,2317.0977998889393,2124324.7821889957,0.8026653589211623,0.5843475673723548,0.323,0.8026653589211623,0.0,418.0233007187238,417.73824381058705,0.0,283.00177458657606,1.0,2.0,0.0,0.0,ok,13149316.68052536,3832814.9004186774,2206112.297583445,3566655.999194093,-12965413.222160421,phase_formula
2603.142003316607,0.00019776206057255997,10.0,20.545311208581282,984.3344331010395,963.7891218924582,1408.853150052575,2603.142003316607,2130106.10615021,0.8026399994185529,0.5843533726613239,0.323,0.8026399994185529,0.0,372.06726372361845,371.80445324696507,0.0,251.88953754088968,1.0,2.0,0.0,0.0,ok,13147627.077111855,3832814.9004186774,2206112.297583445,3551104.2408920005,-12965127.177956993,phase_formula
2924.49817601829,0.00022217565722238775,10.0,20.7075364775665,878.5133562084894,857.805819730923,1284.6173819986811,2924.49817601829,2136234.7853429387,0.8026114999260492,0.5843648858010783,0.323,0.8026114999260492,0.0,331.16738569198367,330.92701319916654,0.0,224.20032011347297,1.0,2.0,0.0,0.0,ok,13145728.786688728,3832814.9004186774,2206112.297583445,3534670.5866054986,-12964805.821784291,phase_formula
3200.0,0.00024310567499810073,10.0,20.83301652808133,804.725426373752,783.8924098456707,1197.117630083148,3200.0,2141226.2379755555,0.8025870591265503,0.5843785284870551,0.323,0.8025870591265503,0.0,302.6479240437709,302.42501918809586,0.0,204.89264457763292,1.0,2.0,0.0,0.0,ok,13144101.273719614,3832814.9004186774,2206112.297583445,3521326.2275488786,-12964530.319960311,phase_formula
3285.5255574369426,0.0002496030963638185,10.0,20.869774088361744,784.3381638056729,763.4683897173112,1172.7986635515413,3285.5255574369426,2142731.7960969126,0.8025794703491888,0.5843834177468684,0.323,0.8025794703491888,0.0,294.7680606292597,294.55028950440857,0.0,199.5579770460089,1.0,2.0,0.0,0.0,ok,13143596.0189806,3832814.9004186774,2206112.297583445,3517308.2336886115,-12964444.794402873,phase_formula
3691.1215322651688,0.0002804164348754212,10.0,21.032078288517678,700.5292102780721,679.4971319895544,1072.0896569092265,3691.1215322651688,2149619.3949774858,0.8025434717875671,0.5840576791616894,0.323,0.8025434717875671,0.0,262.0205971554167,261.678005997696,0.0,177.38794427421712,1.0,2.0,0.0,0.0,ok,13141199.792552933,3832814.9004186774,2206112.297583445,3498968.3122939444,-12964039.198428044,phase_formula
4146.7880641233005,0.0003150336598133633,10.0,21.19439589429308,625.9473610894306,604.7529651951376,981.3242147386579,4146.7880641233005,2156921.20008251,0.8025030103384119,0.584051645873157,0.323,0.8025030103384119,0.0,233.1931416704029,232.87348092974992,0.0,157.87175691086279,1.0,2.0,0.0,0.0,ok,13138507.538923366,3832814.9004186774,2206112.297583445,3479599.849791866,-12963583.531896187,phase_formula
4658.7063304314215,0.0003539243584617049,10.0,21.356797059064323,559.5787717584737,538.2219746994094,899.4621723197176,4658.7063304314215,2164662.276461062,0.8024575300897727,0.584052836586539,0.323,0.8024575300897727,0.0,207.53969454725146,207.2430869391968,0.0,140.50437320848926,1.0,2.0,0.0,0.0,ok,13135482.65728708,3832814.9004186774,2206112.297583445,3459149.7434750525,-12963071.61362988,phase_formula
5233.820570907399,0.0003976160883466838,10.0,21.519218360144034,500.52087705706225,479.00165869691824,825.5753463554258,5233.820570907399,2172869.2295109136,0.8024064051911596,0.5840630994401731,0.323,0.8024064051911596,0.0,184.71145887208482,184.4380025252867,0.0,125.04965765640142,1.0,2.0,0.0,0.0,ok,13132084.013622856,3832814.9004186774,2206112.297583445,3437562.7432313627,-12962496.499389403,phase_formula
5879.932287106999,0.0004467015336250854,10.0,21.681739357236935,447.9704250096126,426.28868565237565,758.8355753681719,5879.932287106999,2181570.302225285,0.8023489308723398,0.5840847019132419,0.323,0.8023489308723398,0.0,164.3980124409721,164.14780268797165,0.0,111.29745442253811,1.0,2.0,0.0,0.0,ok,13128265.3771404,3832814.9004186774,2206112.297583445,3414781.446097448,-12961850.387673203,phase_formula
6500.0,0.0004938084023398921,10.0,21.82174824193502,407.3766439362035,385.55489569426845,706.5148920592953,6500.0,2189483.3557044766,0.8022937353378659,0.5841143806514472,0.323,0.8022937353378659,0.0,148.70594947761032,148.47581947020032,0.0,100.67392779634218,1.0,2.0,0.0,0.0,ok,13124600.234685525,3832814.9004186774,2206112.297583445,3394157.4717274886,-12961230.319960311,phase_formula
6605.806070835401,0.00050184654492406,10.0,21.84429439529398,401.21229139452134,379.3679969992274,698.5035373714245,6605.806070835401,2190795.483001189,0.802284313260876,0.5841202524714267,0.323,0.802284313260876,0.0,146.32299432203496,146.09610205197197,0.0,99.0606671560177,1.0,2.0,0.0,0.0,ok,13123974.786113834,3832814.9004186774,2206112.297583445,3390746.304855709,-12961124.513889475,phase_formula
7421.288497006765,0.000563799171693897,10.0,22.0069642673187,359.6100715396874,337.6031072723687,643.9193432646748,7421.288497006765,2200576.616742456,0.8022116578252249,0.5834631993296961,0.323,0.8022116578252249,0.0,129.88653681507787,129.5359088556097,0.0,87.93318542380773,1.0,2.0,0.0,0.0,ok,13119153.834104858,3832814.9004186774,2206112.297583445,3365395.6531208684,-12960309.031463303,phase_formula
8337.44169374924,0.000633399809598818,10.0,22.169691173747967,322.5971612686427,300.4274700948947,594.4936156752694,8337.44169374924,2210947.5299412324,0.8021299562420476,0.5834489584626398,0.323,0.8021299562420476,0.0,115.57758002921888,115.25049819935747,0.0,78.2460216797812,1.0,2.0,0.0,0.0,ok,13113736.866392944,3832814.9004186774,2206112.297583445,3338665.7496706187,-12959392.878266562,phase_formula
9366.693401651874,0.0007115926005965109,10.0,22.332546873304985,289.66933977047626,267.3367928971713,549.700068999559,9366.693401651874,2221944.15843595,0.80203807145284,0.5834490431486338,0.323,0.80203807145284,0.0,102.84728494607494,102.54380864950987,0.0,69.62761190849272,1.0,2.0,0.0,0.0,ok,13107650.075076373,3832814.9004186774,2206112.297583445,3310490.8451158395,-12958363.626558658,phase_formula
10523.00555772709,0.0007994382403500031,10.0,22.495494128909986,260.37769024507156,237.88219611616157,509.068424397943,10523.00555772709,2233604.692907724,0.8019347206348667,0.5834671827131062,0.323,0.8019347206348667,0.0,91.52216460854238,91.2423362970149,0.0,61.9605054399832,1.0,2.0,0.0,0.0,ok,13100810.47976058,3832814.9004186774,2206112.297583445,3280803.274384759,-12957207.314402584,phase_formula
11822.06369095274,0.0008981283667061263,10.0,22.658582779522582,234.3227068578949,211.6641240783723,472.1785106767553,11822.06369095274,2245969.7280095834,0.8018184557631576,0.5835078999938202,0.323,0.8018184557631576,0.0,81.44782343823954,81.19168099588741,0.0,55.14017646768817,1.0,2.0,0.0,0.0,ok,13093124.77897759,3832814.9004186774,2206112.297583445,3249533.5789008783,-12955908.256269358,phase_formula
13281.489698569587,0.0010090017244222128,10.0,22.82181215124367,211.14873711763798,188.3269249663943,438.6546982425184,13281.489698569587,2259082.43058279,0.8016876413820588,0.5835765110872744,0.323,0.8016876413820588,0.0,72.48681396091274,72.25438357325801,0.0,49.07357305153793,1.0,2.0,0.0,0.0,ok,13084488.055444336,3832814.9004186774,2206112.297583445,3216610.662789046,-12954448.83026174,phase_formula
14921.080889473207,0.0011335623254177018,10.0,22.98519401639434,190.53922036152807,167.55402634513374,408.16112863157775,14921.080889473207,2272988.7184891715,0.8015404291340783,0.583679319801285,0.323,0.8015404291340783,0.0,64.51679411760125,64.308087769257,0.0,43.67786961761605,1.0,2.0,0.0,0.0,ok,13074782.315923125,3832814.9004186774,2206112.297583445,3181961.9879248533,-12952809.239070836,phase_formula
15000.0,0.0011395578515535972,10.0,22.9925966480157,189.66130273564178,166.66870608762608,406.8460164129032,15000.0,2273638.4953865823,0.8015333366500121,0.5836848967586198,0.323,0.8015333366500121,0.0,64.17727391336123,63.96964219003098,0.0,43.448014439345556,1.0,2.0,0.0,0.0,ok,13074315.070272502,3832814.9004186774,2206112.297583445,3180349.7227254105,-12952730.319960311,phase_formula
16763.07853735573,0.0012734998508968874,10.0,23.14878439957801,172.21242520213272,149.06364080255472,380.3974416528904,16763.07853735573,2287737.4519383963,0.8013747285073722,0.5822192482261445,0.323,0.8013747285073722,0.0,57.075575933072756,56.74461287297512,0.0,38.640164906690266,1.0,2.0,0.0,0.0,ok,13063874.843739377,3832814.9004186774,2206112.297583445,3145513.813171059,-12950967.241422955,phase_formula
18832.46958655668,0.0014307125721003326,10.0,23.312536815540817,155.9174802662108,132.60494345066996,355.0947958195268,18832.46958655668,2303380.657613767,0.8011881731571394,0.5822157263330092,0.323,0.8011881731571394,0.0,50.772949382441666,50.4659593344917,0.0,34.37328673191301,1.0,2.0,0.0,0.0,ok,13051616.338872878,3832814.9004186774,2206112.297583445,3107191.4837062676,-12948897.850373754,phase_formula
21157.325603303416,0.0016073331006080237,10.0,23.47658930672207,141.43125873988365,117.95466943316158,332.0127409144136,21157.325603303416,2319973.7363430606,0.8009780820251731,0.5822485755841695,0.323,0.8009780820251731,0.0,45.16924672680755,44.88624733276388,0.0,30.579580034048714,1.0,2.0,0.0,0.0,ok,13037838.81688673,3832814.9004186774,2206112.297583445,3066919.7769517195,-12946572.994357007,phase_formula
23769.183570259636,0.0018057573175005422,10.0,23.640811943508005,128.5548972267105,104.9140852832025,310.9357247467547,23769.183570259636,2337575.765144772,0.8007414143190161,0.582326605385038,0.323,0.8007414143190161,0.0,40.18761239818211,39.928592256061755,0.0,27.207013593569286,1.0,2.0,0.0,0.0,ok,13022353.233690945,3832814.9004186774,2206112.297583445,3024623.3122343277,-12943961.13639005,phase_formula
26326.0,0.002,10.0,23.785238912736293,118.43976760241928,94.65452868968299,293.9358340440703,26326.0,2353906.0659900024,0.8005090740910515,0.5824411067982957,0.323,0.8005090740910515,0.0,36.27367161997399,36.03569638104934,0.0,24.5572756867224,1.0,2.0,0.0,0.0,ok,13007186.546258098,3832814.9004186774,2206112.297583445,2985772.0705733704,-12941404.319960311,phase_formula
26703.473689911352,0.002028676873806226,10.0,23.805406880199108,117.11169992622706,93.30629304602796,291.67098543995854,26703.473689911352,2356249.7043956798,0.8004747172086042,0.5824610328655058,0.323,0.8004747172086042,0.0,35.759744706903945,35.5247095424493,0.0,24.20934716657397,1.0,2.0,0.0,0.0,ok,13004946.798127487,3832814.9004186774,2206112.297583445,2980227.0319838473,-12941026.8462704,phase_formula
30000.0,0.0022791157031071944,10.0,23.970278569664654,106.94410916402641,82.97383059436176,274.045508751036,30000.0,2376062.7981331213,0.8001740648420759,0.5826644249874895,0.323,0.8001740648420759,0.0,31.824744476062502,31.6136554352362,0.0,21.545352010294312,1.0,2.0,0.0,0.0,ok,12985379.92844993,3832814.9004186774,2206112.297583445,2933656.7629437526,-12937730.319960311,phase_formula
100.0,7.597052343690648e-06,10.25,15.463775674804829,24889.701747940766,24874.23797226596,26249.92750564538,100.0,2055836.6192595065,0.807669989559203,0.5879868978626548,0.323,0.807669989559203,0.0,9736.111014724094,9851.169163359345,0.0,6591.3471569682115,1.0,2.0,0.0,0.0,ok,13162415.445615878,3739331.610164563,2152304.6805692143,3683943.4616312007,-12629280.87801925,phase_formula
112.34493440205146,8.534903472008771e-06,10.25,15.620222197212756,22156.49727524567,22140.877053048458,23465.21899034273,112.34493440205146,2057026.0103606046,0.8076689350861799,0.5879872218982447,0.323,0.8076689350861799,0.0,8666.247416067807,8768.654405750045,0.0,5867.049500677905,1.0,2.0,0.0,0.0,ok,13162343.281444099,3739331.610164563,2152304.6805692143,3680609.218338031,-12629268.533084849,phase_formula
126.21384285801246,9.588531706906667e-06,10.25,15.776669832484203,19723.646009141277,19707.869339308792,20982.358902161126,126.21384285801246,2058286.0493625351,0.8076677504226253,0.5879877973276173,0.323,0.8076677504226253,0.0,7713.951087509484,7805.099738071191,0.0,5222.344886243922,1.0,2.0,0.0,0.0,ok,13162262.208465375,3739331.610164563,2152304.6805692143,3677079.2034261646,-12629254.664176391,phase_formula
141.79485896514254,1.077222965624421e-05,10.25,15.933061016628962,17558.14381717192,17542.21075615529,18768.341114575534,141.79485896514254,2059621.0119567488,0.8076664194922705,0.587988680487825,0.323,0.8076664194922705,0.0,6866.303221732527,6947.433295114268,0.0,4648.487281112922,1.0,2.0,0.0,0.0,ok,13162171.126844238,3739331.610164563,2152304.6805692143,3673341.844752886,-12629239.083160285,phase_formula
159.29934128987077,1.210205434094589e-05,10.25,16.089484635966006,15630.613340029066,15614.5238553931,16793.781401382235,159.29934128987077,2061035.4282568968,0.8076649242331053,0.5879744201880022,0.323,0.8076649242331053,0.0,6111.446684039166,6183.507160903648,0.0,4137.449405094515,1.0,2.0,0.0,0.0,ok,13162068.800958378,3739331.610164563,2152304.6805692143,3669384.916228416,-12629221.57867796,phase_formula
178.96474047500539,1.3596045010636282e-05,10.25,16.245940922511288,13914.905247434515,13898.659306512003,15032.519299138386,178.96474047500539,2062534.098268782,0.8076632443519429,0.5879742193623773,0.323,0.8076632443519429,0.0,5439.861742875417,5503.989471875168,0.0,3682.7863999266574,1.0,2.0,0.0,0.0,ok,13161953.842632476,3739331.610164563,2152304.6805692143,3665195.5022471747,-12629201.913278775,phase_formula
201.05782028944645,1.5274467848472724e-05,10.25,16.402384728042215,12387.743562250405,12371.341177522363,13461.263982476958,201.05782028944645,2064122.108286812,0.8076613570486049,0.587974330237431,0.323,0.8076613570486049,0.0,4842.079531244812,4899.148851378356,0.0,3278.0878426527374,1.0,2.0,0.0,0.0,ok,13161824.69230137,3739331.610164563,2152304.6805692143,3660759.960509712,-12629179.82019896,phase_formula
225.87827631437312,1.7160090884629123e-05,10.25,16.558787275242373,11028.4099811013,11011.851193826058,12059.279075585453,225.87827631437312,2065804.8482699646,0.8076592367059617,0.5879748321682415,0.323,0.8076592367059617,0.0,4309.9902835239445,4360.779452936217,0.0,2917.863421945711,1.0,2.0,0.0,0.0,ok,13161679.59784672,3739331.610164563,2152304.6805692143,3656063.8832149724,-12629154.999742936,phase_formula
253.76280135386727,1.9278492847669018e-05,10.25,16.715223408782496,9818.462915460594,9801.747692051811,10808.102135908352,253.76280135386727,2067588.0302672896,0.8076568545415818,0.5879758217541795,0.323,0.8076568545415818,0.0,3836.3754052120535,3881.5771744596395,0.0,2597.2261493285605,1.0,2.0,0.0,0.0,ok,13161516.590819655,3739331.610164563,2152304.6805692143,3651092.0565721313,-12629127.115217896,phase_formula
285.08965271781034,2.1658410143417938e-05,10.25,16.87169338203503,8741.48714980829,8724.615456426256,9691.29471333963,285.08965271781034,2069477.7079442376,0.807654178216221,0.5879774118567539,0.323,0.807654178216221,0.0,3414.8094875764573,3455.040485269172,0.0,2311.8260230892615,1.0,2.0,0.0,0.0,ok,13161333.459726335,3739331.610164563,2152304.6805692143,3645828.4186194222,-12629095.788366532,phase_formula
320.28378333286037,2.4332126668150144e-05,10.25,17.028136748491217,7782.871180925937,7765.843044177445,8694.22004373863,320.28378333286037,2071480.2973032263,0.8076511713937816,0.5879485298635186,0.323,0.8076511713937816,0.0,3039.2152107912057,3074.869754034876,0.0,2057.548697705646,1.0,2.0,0.0,0.0,ok,13161127.720013408,3739331.610164563,2152304.6805692143,3640256.0153203723,-12629060.594235918,phase_formula
359.8226062857106,2.733591174395735e-05,10.25,17.184555600619426,6929.609134960987,6912.424579360368,7803.845289714112,359.8226062857106,2073602.5986462892,0.8076477932466981,0.5879478880304612,0.323,0.8076477932466981,0.0,2705.2175679045467,2736.9387562592774,0.0,1831.4322934713782,1.0,2.0,0.0,0.0,ok,13160896.580345329,3739331.610164563,2152304.6805692143,3634356.9549316587,-12629021.055412965,phase_formula
404.24247099543345,3.071051211695156e-05,10.25,17.341009465358074,6170.124335876414,6152.783326411056,7008.565397652486,404.24247099543345,2075851.819874397,0.8076439978999468,0.5879478451817864,0.323,0.8076439978999468,0.0,2407.927155395913,2436.14986409108,0.0,1630.1666842030331,1.0,2.0,0.0,0.0,ok,13160636.904715067,3739331.610164563,2152304.6805692143,3628112.360645216,-12628976.635548254,phase_formula
454.1459388650521,3.4501704692323335e-05,10.25,17.497499163318924,5494.112149344338,5476.614650181019,6298.0461989845935,454.1459388650521,2078235.6012098216,0.8076397338060198,0.5879485591915941,0.323,0.8076397338060198,0.0,2143.310429561354,2168.4217483416464,0.0,1451.0211608130369,1.0,2.0,0.0,0.0,ok,13160345.169872886,3739331.610164563,2152304.6805692143,3621502.3215171043,-12628926.732080385,phase_formula
510.20995710752294,3.876091750418012e-05,10.25,17.653947969281578,4892.40018015319,4874.746232183908,5663.084841967819,510.20995710752294,2080762.0414248249,0.8076349430422354,0.5879502139602111,0.323,0.8076349430422354,0.0,1907.777041682214,1930.121513652379,0.0,1291.5650572188588,1.0,2.0,0.0,0.0,ok,13160017.417494012,3739331.610164563,2152304.6805692143,3614505.8417105526,-12628870.668062143,phase_formula
520.0,3.950467218719137e-05,10.25,17.679492337167915,4800.636009635778,4782.9565172986095,5566.008997120236,520.0,2081188.6896514273,0.8076341064374255,0.5879505882572574,0.323,0.8076341064374255,0.0,1871.8569318569416,1893.779697972091,0.0,1267.2471428671495,1.0,2.0,0.0,0.0,ok,13159960.18419934,3739331.610164563,2152304.6805692143,3613325.251584136,-12628860.87801925,phase_formula
573.1950416251822,4.354592734370449e-05,10.25,17.81039051196519,4356.8240373809485,4339.013646868983,5095.48576415242,573.1950416251822,2083439.7256641546,0.8076295605206655,0.5879530325602477,0.323,0.8076295605206655,0.0,1698.1312024493889,1718.0155151199128,0.0,1149.6348240582365,1.0,2.0,0.0,0.0,ok,13159649.200434247,3739331.610164563,2152304.6805692143,3607100.7881073374,-12628807.682977624,phase_formula
643.9555935096224,4.892164350904979e-05,10.25,17.96687077901584,3880.1164808761346,3862.1496100971185,4587.950023800775,643.9555935096224,2086277.7549848296,0.8076235130997251,0.5879572798386203,0.323,0.8076235130997251,0.0,1511.5282939750668,1529.2254409425677,0.0,1023.3046550211203,1.0,2.0,0.0,0.0,ok,13159235.52234175,3739331.610164563,2152304.6805692143,3599263.8363516233,-12628736.922425741,phase_formula
723.4514891067264,5.4960988308647454e-05,10.25,18.12338984819119,3455.8087873080513,3437.6853974598603,4133.976833533792,723.4514891067264,2089285.7777106427,0.807616718585074,0.5878927800469342,0.323,0.807616718585074,0.0,1345.0783483897967,1360.6768284582147,0.0,910.6180418598924,1.0,2.0,0.0,0.0,ok,13158770.769802459,3739331.610164563,2152304.6805692143,3590970.415417006,-12628657.426530143,phase_formula
812.7611008676171,6.174588626206921e-05,10.25,18.27985315872348,3078.1429483267802,3059.8630951680566,3727.7759055799697,812.7611008676171,2092474.022737008,0.8076090846058966,0.5878921603031596,0.323,0.8076090846058966,0.0,1197.2433463973102,1211.1139474552288,0.0,810.5337455109789,1.0,2.0,0.0,0.0,ok,13158248.636094378,3739331.610164563,2152304.6805692143,3582194.650825842,-12628568.116918383,phase_formula
913.0959256151148,6.93683754170869e-05,10.25,18.43633154393346,2741.9938247254813,2723.5574931815477,3364.189738018983,913.0959256151148,2095853.3348426681,0.807600507350843,0.5878929944881691,0.323,0.807600507350843,0.0,1065.6592319491156,1077.9944787624459,0.0,721.4513000295512,1.0,2.0,0.0,0.0,ok,13157662.035511099,3739331.610164563,2152304.6805692143,3572909.3066644664,-12628467.782093635,phase_formula
1025.8170186601064,7.793185585809515e-05,10.25,18.59285183860484,2442.799412888345,2424.2065610497402,3038.6239979488396,1025.8170186601064,2099435.212250411,0.8075908701458756,0.587895653857948,0.323,0.8075908701458756,0.0,948.5402984874422,959.5115641119341,0.0,642.1617820759984,1.0,2.0,0.0,0.0,ok,13157003.007085448,3739331.610164563,2152304.6805692143,3563085.726590923,-12628355.06100059,phase_formula
1152.4534566987763,8.755249234207827e-05,10.25,18.74941563388806,2176.4989789925503,2157.7495633586623,2746.9857586036815,1152.4534566987763,2103231.8465173766,0.8075800418539699,0.587900577025195,0.323,0.8075800418539699,0.0,844.2970523036515,854.0568787709326,0.0,571.5891044095722,1.0,2.0,0.0,0.0,ok,13156262.60639865,3739331.610164563,2152304.6805692143,3552693.774064375,-12628228.424562551,phase_formula
1294.7230799424149,9.836079008906897e-05,10.25,18.905908093774915,1939.4778834059018,1920.5719753121268,2485.6284150737597,1294.7230799424149,2107256.1649635374,0.8075678750739967,0.5879082685047593,0.323,0.8075678750739967,0.0,751.5146181960133,760.1987676184599,0.0,508.7753965187009,1.0,2.0,0.0,0.0,ok,13155430.783996534,3739331.610164563,2152304.6805692143,3541701.772077819,-12628086.154939309,phase_formula
1300.0,9.876168046797843e-05,10.25,18.911363717744358,1931.6846422961808,1912.7732785784365,2477.002526899728,1300.0,2107401.0671262895,0.8075674237607089,0.5879085930359874,0.323,0.8075674237607089,0.0,748.4639261817525,757.1127538146754,0.0,506.7100780250464,1.0,2.0,0.0,0.0,ok,13155399.930484943,3739331.610164563,2152304.6805692143,3541306.431486256,-12628080.87801925,phase_formula
1454.5557948495277,0.00011050336510290418,10.25,19.06244161736898,1728.5188928369746,1709.4564512196057,2251.3030767357463,1454.5557948495277,2111521.8755896003,0.8075542041131346,0.5877776240204934,0.323,0.8075542041131346,0.0,668.5758013595741,676.1507214327548,0.0,452.6258175204317,1.0,2.0,0.0,0.0,ok,13154496.24874964,3739331.610164563,2152304.6805692143,3530076.4427293604,-12627926.322224401,phase_formula
1634.1197535649385,0.000124144933036917,10.25,19.219023710690372,1540.7582044824226,1521.5391807717322,2041.1146600482384,1634.1197535649385,2116043.515087572,0.8075388427037679,0.5877753218269935,0.323,0.8075388427037679,0.0,595.075371139166,601.8030733034906,0.0,402.86602626121544,1.0,2.0,0.0,0.0,ok,13153446.314286347,3739331.610164563,2152304.6805692143,3517782.8470326704,-12627746.758265685,phase_formula
1835.850765193497,0.00013947054358379526,10.25,19.375638132237743,1373.6466792027081,1354.2710410704703,1852.483183660614,1835.850765193497,2120836.4997661496,0.8075215814319545,0.5877758172066248,0.323,0.8075215814319545,0.0,529.6576390231909,535.6338803382362,0.0,358.57822161870024,1.0,2.0,0.0,0.0,ok,13152266.726393836,3739331.610164563,2152304.6805692143,3504784.3254322927,-12627545.027254056,phase_formula
2062.485337876194,0.0001566880906993994,10.25,19.532201772651113,1224.9152192087438,1205.3830174360926,1683.1091982044836,2062.485337876194,2125917.179835535,0.8075021848401184,0.5877798199313728,0.323,0.8075021848401184,0.0,471.43441403997537,476.7444158370829,0.0,319.1610983050633,1.0,2.0,0.0,0.0,ok,13150941.469017792,3739331.610164563,2152304.6805692143,3491042.439577932,-12627318.392681373,phase_formula
2317.0977998889393,0.0001760311327120671,10.25,19.68882125499567,1092.5442451745018,1072.8554239195062,1530.9433078457791,2317.0977998889393,2131302.8968520146,0.8074803881615492,0.5877882111828113,0.323,0.8074803881615492,0.0,419.6151677362226,424.33480079314563,0.0,284.0794685574227,1.0,2.0,0.0,0.0,ok,13149452.546194063,3739331.610164563,2152304.6805692143,3476516.915996803,-12627063.780219361,phase_formula
2603.142003316607,0.00019776206057255997,10.25,19.845499968744683,974.7360059608569,954.8905059921123,1394.1585191817755,2603.142003316607,2137012.045398888,0.8074558936384778,0.5878020158866666,0.323,0.8074558936384778,0.0,373.4962052256282,377.69300299782014,0.0,252.85693093775035,1.0,2.0,0.0,0.0,ok,13147779.73690971,3739331.610164563,2152304.6805692143,3461165.592409622,-12626777.736015934,phase_formula
2924.49817601829,0.00022217565722238775,10.25,20.002192782472964,869.8902465474549,849.8880537649819,1271.125940271742,2924.49817601829,2143064.1386127127,0.8074283663687933,0.5875374363413824,0.323,0.8074283663687933,0.0,332.0933632498602,335.67319190774657,0.0,224.82720692015533,1.0,2.0,0.0,0.0,ok,13145900.319511907,3739331.610164563,2152304.6805692143,3444944.367549277,-12626456.379843231,phase_formula
3200.0,0.00024310567499810073,10.25,20.1234073544697,796.7821027137617,776.658695359292,1184.4757212929917,3200.0,2147993.160359935,0.8074047594551231,0.5875318021300004,0.323,0.8074047594551231,0.0,303.4725617774423,306.73154760403384,0.0,205.45092432332848,1.0,2.0,0.0,0.0,ok,13144288.991355088,3739331.610164563,2152304.6805692143,3431772.982428479,-12626180.87801925,phase_formula
3285.5255574369426,0.0002496030963638185,10.25,20.158876606040685,776.5825715334342,756.4236949273935,1160.3931711076007,3285.5255574369426,2149479.8779132445,0.8073974296187569,0.5875306845903583,0.323,0.8073974296187569,0.0,295.5646644896777,298.73529849493355,0.0,200.09727785951176,1.0,2.0,0.0,0.0,ok,13143788.761855206,3739331.610164563,2152304.6805692143,3427807.1554744216,-12626095.352461813,phase_formula
3691.1215322651688,0.0002804164348754212,10.25,20.315631375448174,693.545204320975,673.2295729455268,1060.665084712184,3691.1215322651688,2156281.2271648333,0.8073626595301365,0.5875293104664402,0.323,0.8073626595301365,0.0,263.0560630973356,265.8651324278063,0.0,178.08895471689618,1.0,2.0,0.0,0.0,ok,13141416.372893943,3739331.610164563,2152304.6805692143,3409705.845511738,-12625689.756486986,phase_formula
4146.7880641233005,0.0003150336598133633,10.25,20.472462440675635,619.6496108591275,599.1771484184519,970.7864675125309,4146.7880641233005,2163491.4926071726,0.8073235791398455,0.5875347496964243,0.323,0.8073235791398455,0.0,234.12581533337135,236.6157155966241,0.0,158.50317698069242,1.0,2.0,0.0,0.0,ok,13138750.910879774,3739331.610164563,2152304.6805692143,3390590.269130162,-12625234.089955127,phase_formula
4658.7063304314215,0.0003539243584617049,10.25,20.62928670621516,553.8911769957095,533.2618902894944,889.7267100672411,4658.7063304314215,2171135.40812892,0.8072796516181325,0.5875486713433918,0.323,0.8072796516181325,0.0,208.38068619520135,210.58913991000756,0.0,141.0737245541513,1.0,2.0,0.0,0.0,ok,13135756.142705237,3739331.610164563,2152304.6805692143,3370408.175229173,-12624722.17168882,phase_formula
5233.820570907399,0.0003976160883466838,10.25,20.786160740732242,495.3758099878828,474.58964924715053,816.5664179912496,5233.820570907399,2179239.225126125,0.8072302726173313,0.5875731151120763,0.323,0.8072302726173313,0.0,185.47069704766065,187.43128614899356,0.0,125.56366190126627,1.0,2.0,0.0,0.0,ok,13132391.348233081,3739331.610164563,2152304.6805692143,3349105.2155282805,-12624147.057448342,phase_formula
5879.932287106999,0.0004467015336250854,10.25,20.943129970314914,443.3076584391796,422.3645284688647,750.4851382712135,5879.932287106999,2187830.810144345,0.8071747616067438,0.5876104959362639,0.323,0.8071747616067438,0.0,165.0843239941396,166.82694401226146,0.0,111.76208734403252,1.0,2.0,0.0,0.0,ok,13128610.762655986,3739331.610164563,2152304.6805692143,3326624.9419738795,-12623500.945732143,phase_formula
6500.0,0.0004938084023398921,10.25,21.078379894182948,403.0861063579034,382.0077264637205,698.6823995463042,6500.0,2195644.1657827725,0.8071214521158442,0.5870215430461093,0.323,0.8071214521158442,0.0,148.97824135374816,150.40074682745225,0.0,100.85826939648751,1.0,2.0,0.0,0.0,ok,13124982.160285974,3739331.610164563,2152304.6805692143,3306274.6191730807,-12622880.87801925,phase_formula
6605.806070835401,0.00050184654492406,10.25,21.100189402540856,396.9782765751578,375.8780871726169,690.7505270560753,6605.806070835401,2196939.749514391,0.8071123520499112,0.5870196640732173,0.323,0.8071123520499112,0.0,146.58671537340882,147.98416870682578,0.0,99.23920630779776,1.0,2.0,0.0,0.0,ok,13124362.949028553,3739331.610164563,2152304.6805692143,3302908.8183294698,-12622775.071948415,phase_formula
7421.288497006765,0.000563799171693897,10.25,21.25724414566486,355.75697466662103,334.4997305209562,636.7087007866596,7421.288497006765,2206597.4623234887,0.8070421802577339,0.5870122744329362,0.323,0.8070421802577339,0.0,130.44613685678272,131.67598582251142,0.0,88.3120346520419,1.0,2.0,0.0,0.0,ok,13119590.092087338,3739331.610164563,2152304.6805692143,3277896.248397022,-12621959.589522243,phase_formula
8337.44169374924,0.000633399809598818,10.25,21.41442108136654,319.0825765965029,297.6681555151364,587.775992792556,8337.44169374924,2216837.3165125917,0.8069632727239052,0.5870180622732204,0.323,0.8069632727239052,0.0,116.0853317866321,117.16866389691242,0.0,78.58976961954993,1.0,2.0,0.0,0.0,ok,13114227.203306444,3739331.610164563,2152304.6805692143,3251524.6236246787,-12621043.436325502,phase_formula
9366.693401651874,0.0007115926005965109,10.25,21.57173230587058,286.455469147482,264.88373684161144,543.4309987090603,9366.693401651874,2227694.761784517,0.8068745317169859,0.5870404156119688,0.323,0.8068745317169859,0.0,103.30873259159594,104.2643138682423,0.0,69.94001196451046,1.0,2.0,0.0,0.0,ok,13108201.225804165,3739331.610164563,2152304.6805692143,3223729.393196781,-12620014.184617598,phase_formula
10523.00555772709,0.0007994382403500031,10.25,21.72910432377095,257.4308537074634,235.7017493836925,503.20782365083016,10523.00555772709,2239207.4704129444,0.8067747188650397,0.5870832757310946,0.323,0.8067747188650397,0.0,91.9422305358863,92.7867502529565,0.0,62.244890072795016,1.0,2.0,0.0,0.0,ok,13101430.026194328,3739331.610164563,2152304.6805692143,3194444.160076046,-12618857.872461524,phase_formula
11822.06369095274,0.0008981283667061263,10.25,21.88658834033131,231.61292380092627,209.72633546059495,466.69025292813035,11822.06369095274,2251415.4832108207,0.8066624364226136,0.5871514311484449,0.323,0.8066624364226136,0.0,81.83088871703842,82.57920146251402,0.0,55.39951166143502,1.0,2.0,0.0,0.0,ok,13093821.258733952,3739331.610164563,2152304.6805692143,3163600.806874926,-12617558.814328298,phase_formula
13281.489698569587,0.0010090017244222128,10.25,22.044250521933296,208.64938548028988,186.6051349583566,433.5062645832264,13281.489698569587,2264361.372719034,0.8065361058541478,0.5859549635805078,0.323,0.8065361058541478,0.0,72.4796845892325,72.99200162721516,0.0,49.0687464669104,1.0,2.0,0.0,0.0,ok,13085271.085119858,3739331.610164563,2152304.6805692143,3131129.6558807273,-12616099.38832068,phase_formula
14921.080889473207,0.0011335623254177018,10.25,22.202060532159063,188.22656604140315,166.02450550924408,403.3231293054181,14921.080889473207,2278090.425593035,0.8063939433003193,0.5859315213281194,0.323,0.8063939433003193,0.0,64.4801710654273,64.92145780152987,0.0,43.65307581129428,1.0,2.0,0.0,0.0,ok,13075662.730987204,3739331.610164563,2152304.6805692143,3096959.668038291,-12614459.797129776,phase_formula
15000.0,0.0011395578515535972,10.25,22.209183027510022,187.35656272166415,165.14737969415413,402.0214087509711,15000.0,2278731.9147245674,0.8063870942059695,0.5859309699548598,0.323,0.8063870942059695,0.0,64.13938069200512,64.57770012481538,0.0,43.42236072848747,1.0,2.0,0.0,0.0,ok,13075200.17686477,3739331.610164563,2152304.6805692143,3095369.7588001275,-12614380.87801925,phase_formula
16763.07853735573,0.0012734998508968874,10.25,22.35999437891488,170.06526225915908,147.7052678802442,375.84324839893384,16763.07853735573,2292650.832835859,0.8062339314113665,0.5859335909729056,0.323,0.8062339314113665,0.0,57.36584414973055,57.74657363894621,0.0,38.83667648936759,1.0,2.0,0.0,0.0,ok,13064864.857509473,3739331.610164563,2152304.6805692143,3061018.6862172345,-12612617.799481895,phase_formula
18832.46958655668,0.0014307125721003326,10.25,22.51816968772306,153.91708854334115,131.3989188556181,350.80049166405854,18832.46958655668,2308093.8869302208,0.8060537869302774,0.5859680640285617,0.323,0.8060537869302774,0.0,51.039467218475565,51.36896707562718,0.0,34.55371930690796,1.0,2.0,0.0,0.0,ok,13052729.723427694,3739331.610164563,2152304.6805692143,3023233.7286459156,-12610548.408432694,phase_formula
21157.325603303416,0.0016073331006080237,10.25,22.676573212574123,139.56083345250929,116.88426023993516,327.9565423280226,21157.325603303416,2324474.2298576147,0.8058509232838996,0.5860429320573217,0.323,0.8058509232838996,0.0,45.414443906740885,45.701002945802955,0.0,30.74557852486358,1.0,2.0,0.0,0.0,ok,13039091.109267555,3739331.610164563,2152304.6805692143,2983531.338987857,-12608223.552415946,phase_formula
23769.183570259636,0.0018057573175005422,10.25,22.835163417693117,126.79956167019128,103.96439825249817,307.09798720147927,23769.183570259636,2341850.103173728,0.8056224072850456,0.5861676061745714,0.323,0.8056224072850456,0.0,40.41368067280612,40.66466336751738,0.0,27.36006181548975,1.0,2.0,0.0,0.0,ok,13023761.971338829,3739331.610164563,2152304.6805692143,2941838.0001589186,-12605611.69444899,phase_formula
26326.0,0.002,10.25,22.97466962165277,116.77449520944579,93.79982558779302,290.2751204640593,26326.0,2357970.1485604155,0.8053980799772085,0.5863272893780686,0.323,0.8053980799772085,0.0,36.48456989094407,36.70975837804743,0.0,24.70005381616914,1.0,2.0,0.0,0.0,ok,13008748.83343864,3739331.610164563,2152304.6805692143,2903545.5297593432,-12603054.87801925,phase_formula
26703.473689911352,0.002028676873806226,10.25,22.994087109366422,115.45815971752576,92.46407260815934,288.03385021823084,26703.473689911352,2360283.5912055415,0.8053649088550874,0.5863536723170203,0.323,0.8053649088550874,0.0,35.96861606904929,36.19057424970885,0.0,24.35075307874637,1.0,2.0,0.0,0.0,ok,13006531.78823031,3739331.610164563,2152304.6805692143,2898080.619633339,-12602677.404329339,phase_formula
30000.0,0.0022791157031071944,10.25,23.15331212741093,105.38059117877819,82.22727905136726,270.59283519257747,30000.0,2379840.978334633,0.8050746424331241,0.583683076435357,0.323,0.8050746424331241,0.0,31.662127134444617,31.70986058959733,0.0,21.43526007001901,1.0,2.0,0.0,0.0,ok,12987163.556762392,3739331.610164563,2152304.6805692143,2852187.094651797,-12599380.87801925,phase_formula
100.0,7.597052343690648e-06,10.5,14.95450606596467,24657.259366023885,24642.30485995792,26001.25707239402,100.0,2063114.14997977,0.8122493535639939,0.5912373061540444,0.323,0.8122493535639939,0.0,9763.641762277439,9989.71036178549,0.0,6609.985473061826,1.0,2.0,0.0,0.0,ok,13162420.916809313,3650299.905160645,2101059.3310318524,3595578.4113757825,-12307562.353526847,phase_formula
112.34493440205146,8.534903472008771e-06,10.5,15.105775164446605,21949.538306934402,21934.432531769955,23242.650419162062,112.34493440205146,2064289.2434769983,0.8122483338332677,0.591227058247041,0.323,0.8122483338332677,0.0,8690.411096476884,8891.477737156838,0.0,5883.408312314851,1.0,2.0,0.0,0.0,ok,13162349.42809598,3650299.905160645,2101059.3310318524,3592284.5114752795,-12307550.008592445,phase_formula
126.21384285801246,9.588531706906667e-06,10.5,15.25704658791527,19539.36966198987,19524.112615401955,20783.073495421602,126.21384285801246,2065534.132270962,0.8122471882017044,0.5912269060309455,0.323,0.8122471882017044,0.0,7735.439172568715,7914.397087017368,0.0,5236.89231982902,1.0,2.0,0.0,0.0,ok,13162269.113970151,3650299.905160645,2101059.3310318524,3588797.235227076,-12307536.13968399,phase_formula
141.79485896514254,1.077222965624421e-05,10.5,15.408320736499796,17394.05711970309,17378.64879896659,18589.828020564742,141.79485896514254,2066853.040051382,0.8122459011227998,0.5912269690283879,0.323,0.8122459011227998,0.0,6885.4095910718515,7044.690854442556,0.0,4661.422293155642,1.0,2.0,0.0,0.0,ok,13162178.884893848,3650299.905160645,2101059.3310318524,3585105.155308471,-12307520.558667883,phase_formula
159.29934128987077,1.210205434094589e-05,10.5,15.559597631380807,15484.497176610652,15468.93757897927,16633.80370664999,159.29934128987077,2068250.4417867472,0.8122444551297612,0.5912273026998862,0.323,0.8122444551297612,0.0,6128.790845557631,6270.560286301832,0.0,4149.191402442517,1.0,2.0,0.0,0.0,ok,13162077.516814128,3650299.905160645,2101059.3310318524,3581196.199048831,-12307503.054185558,phase_formula
178.96474047500539,1.3596045010636282e-05,10.5,15.710877496524315,13784.784344939068,13769.073467442544,14889.084066064075,178.96474047500539,2069731.078996648,0.8122428305981656,0.5912279729236237,0.323,0.8122428305981656,0.0,5455.318560130819,5581.503126205481,0.0,3693.2506652085644,1.0,2.0,0.0,0.0,ok,13161963.634554096,3650299.905160645,2101059.3310318524,3577057.6133760205,-12307483.388786372,phase_formula
201.05782028944645,1.5274467848472724e-05,10.5,15.862160651499174,12271.859741089866,12255.997580438367,13332.595545398686,201.05782028944645,2071299.975939067,0.8122410054792435,0.5912290577216726,0.323,0.8122410054792435,0.0,4855.856251757876,4968.171149931241,0.0,3287.4146824400823,1.0,2.0,0.0,0.0,ok,13161835.69315271,3650299.905160645,2101059.3310318524,3572675.928193077,-12307461.295706559,phase_formula
225.87827631437312,1.7160090884629123e-05,10.5,16.013447132644558,10925.198288417754,10909.18484128511,11943.79521218375,225.87827631437312,2072962.4567635963,0.8122389550001421,0.5912082259878545,0.323,0.8122389550001421,0.0,4321.910063891689,4421.721121818491,0.0,2925.933113254673,1.0,2.0,0.0,0.0,ok,13161691.95689994,3650299.905160645,2101059.3310318524,3568036.9181477623,-12307436.475250533,phase_formula
253.76280135386727,1.9278492847669018e-05,10.5,16.164737488145345,9726.530292616628,9710.365555128483,10704.392768575179,253.76280135386727,2074724.1637000525,0.8122366513270687,0.5912076646367552,0.323,0.8122366513270687,0.0,3846.9637641214167,3935.7908585683663,0.0,2604.3944683102,1.0,2.0,0.0,0.0,ok,13161530.475782475,3650299.905160645,2101059.3310318524,3563125.5627681636,-12307408.590725495,phase_formula
285.08965271781034,2.1658410143417938e-05,10.5,16.31603176576609,8659.59360985426,8643.277578088495,9598.103113782665,285.08965271781034,2076591.076334246,0.8122340631866984,0.5912075045470068,0.323,0.8122340631866984,0.0,3424.212570644331,3503.2653413310077,0.0,2318.191910326212,1.0,2.0,0.0,0.0,ok,13161349.059020009,3650299.905160645,2101059.3310318524,3557926.004928685,-12307377.26387413,phase_formula
320.28378333286037,2.4332126668150144e-05,10.5,16.467330472943058,7709.91304957662,7693.445719103677,8610.426100197445,320.28378333286037,2078569.5320555642,0.8122311554406574,0.5912078533730624,0.323,0.8122311554406574,0.0,3047.9210655287643,3118.2762318378664,0.0,2063.4425613629737,1.0,2.0,0.0,0.0,ok,13161145.245332438,3650299.905160645,2101059.3310318524,3552421.507641655,-12307342.069743514,phase_formula
359.8226062857106,2.733591174395735e-05,10.5,16.618633988390197,6864.604016017656,6847.9853820292665,7728.450491637296,359.8226062857106,2080666.2477374587,0.812227888607236,0.591208839235226,0.323,0.812227888607236,0.0,2712.984062649727,2775.600029420266,0.0,1836.6902104138653,1.0,2.0,0.0,0.0,ok,13160916.269533891,3650299.905160645,2101059.3310318524,3546594.4091587444,-12307302.530920561,phase_formula
404.24247099543345,3.071051211695156e-05,10.5,16.769938929821706,6112.197723297829,6095.427784368007,6940.679464758675,404.24247099543345,2082888.3427334959,0.8122242183237576,0.5912106139857571,0.323,0.8122242183237576,0.0,2414.8573538422256,2470.5872116320743,0.0,1634.8584285511865,1.0,2.0,0.0,0.0,ok,13160659.024999395,3650299.905160645,2101059.3310318524,3540426.076387564,-12307258.111055853,phase_formula
454.1459388650521,3.4501704692323335e-05,10.5,16.921228133440394,5442.485609835822,5425.564381702382,6236.875277754924,454.1459388650521,2085243.3632731992,0.8122200947421956,0.5912133566090548,0.323,0.8122200947421956,0.0,2149.4960625035847,2199.0991576291763,0.0,1455.2088343149271,1.0,2.0,0.0,0.0,ok,13160370.021493806,3650299.905160645,2101059.3310318524,3533896.8566418844,-12307208.207587983,phase_formula
510.20995710752294,3.876091750418012e-05,10.5,17.07252349103946,4846.380910915916,4829.308387424876,5607.921075026306,510.20995710752294,2087739.3083377,0.8122154618497014,0.5911666293718997,0.323,0.8122154618497014,0.0,1912.9384822055736,1956.9298516109432,0.0,1295.0593524531732,1.0,2.0,0.0,0.0,ok,13160045.337789316,3650299.905160645,2101059.3310318524,3526986.0277579855,-12307152.14356974,phase_formula
520.0,3.950467218719137e-05,10.5,17.09723152526202,4755.4718432806585,4738.3746117553965,5511.764221948031,520.0,2088160.805415668,0.8122146528141672,0.5911664269010234,0.323,0.8122146528141672,0.0,1876.9172658094062,1920.0776006627716,0.0,1270.6729889529681,1.0,2.0,0.0,0.0,ok,13159988.640371388,3650299.905160645,2101059.3310318524,3525819.901253074,-12307142.353526847,phase_formula
573.1950416251822,4.354592734370449e-05,10.5,17.22382557422924,4315.795334837046,4298.571509262816,5045.697766931005,573.1950416251822,2090384.6571258171,0.8122102567046436,0.591165730300858,0.323,0.8122102567046436,0.0,1702.7024638580858,1741.8446239100278,0.0,1152.7295680319241,1.0,2.0,0.0,0.0,ok,13159680.568426788,3650299.905160645,2101059.3310318524,3519671.7466261913,-12307089.158485223,phase_formula
643.9555935096224,4.892164350904979e-05,10.5,17.375135137490965,3843.529365649972,3826.1542305124813,4542.974516251027,643.9555935096224,2093188.3981982465,0.8122044085775715,0.591165783354022,0.323,0.8122044085775715,0.0,1515.5740715785598,1550.4025494963794,0.0,1026.043646458685,1.0,2.0,0.0,0.0,ok,13159270.763896184,3650299.905160645,2101059.3310318524,3511930.9962100512,-12307018.397933338,phase_formula
723.4514891067264,5.4960988308647454e-05,10.5,17.526452962167504,3423.1746005946443,3405.6481476324766,4093.3112408775664,723.4514891067264,2096160.0604069587,0.8121978379851647,0.5911670374214198,0.323,0.8121978379851647,0.0,1349.0141421718577,1380.0056190272473,0.0,913.2825742503478,1.0,2.0,0.0,0.0,ok,13158810.363421384,3650299.905160645,2101059.3310318524,3503739.5311486674,-12306938.902037742,phase_formula
812.7611008676171,6.174588626206921e-05,10.5,17.677779869984263,3049.0268192629737,3031.3490393929897,3690.971828513474,812.7611008676171,2099309.745738599,0.8121904556037026,0.591169788358863,0.323,0.8121904556037026,0.0,1200.762526345437,1228.3413032467417,0.0,812.916230335861,1.0,2.0,0.0,0.0,ok,13158293.11943359,3650299.905160645,2101059.3310318524,3495071.8220681795,-12306849.59242598,phase_formula
913.0959256151148,6.93683754170869e-05,10.5,17.829116861125087,2716.008605213357,2698.179488352232,3330.846887550763,913.0959256151148,2102648.164185038,0.8121821610468605,0.5911743868090743,0.323,0.8121821610468605,0.0,1068.8074295268566,1093.351183291408,0.0,723.582629789682,1.0,2.0,0.0,0.0,ok,13157712.01270361,3650299.905160645,2101059.3310318524,3485900.99875675,-12306749.257601233,phase_formula
1025.8170186601064,7.793185585809515e-05,10.5,17.980465066771043,2419.6004700767676,2401.6200050099965,3008.384988925284,1025.8170186601064,2106186.6707713343,0.8121728414906764,0.5911812472260619,0.323,0.8121728414906764,0.0,951.3581215755416,973.2030279101717,0.0,644.0694483066418,1.0,2.0,0.0,0.0,ok,13157059.156975353,3650299.905160645,2101059.3310318524,3476198.7923957957,-12306636.536508188,phase_formula
1152.4534566987763,8.755249234207827e-05,10.5,18.131825729659937,2155.7795460580637,2137.647720328404,2719.53145806621,1152.4534566987763,2109937.3048992027,0.8121623701263125,0.5910764422600832,0.323,0.8121623701263125,0.0,846.459373221589,865.7438690293313,0.0,573.0529956710158,1.0,2.0,0.0,0.0,ok,13156325.691798637,3650299.905160645,2101059.3310318524,3465935.477088161,-12306509.90007015,phase_formula
1294.7230799424149,9.836079008906897e-05,10.5,18.28320022615606,1920.9650152016757,1902.6818149755195,2460.673895656596,1294.7230799424149,2113912.832145729,0.8121506044186999,0.5910752525692218,0.323,0.8121506044186999,0.0,753.4149307362297,770.5661834435538,0.0,510.0619081084276,1.0,2.0,0.0,0.0,ok,13155501.662097251,3650299.905160645,2101059.3310318524,3455079.8109613466,-12306367.630446905,phase_formula
1300.0,9.876168046797843e-05,10.5,18.288505076786354,1913.2443462280517,1894.9558411512653,2452.1306131542406,1300.0,2114055.9768687575,0.812150167983256,0.5910752506886662,0.323,0.812150167983256,0.0,750.3556309609714,767.4367926007499,0.0,507.99076216057773,1.0,2.0,0.0,0.0,ok,13155471.09764507,3650299.905160645,2101059.3310318524,3454689.3790575615,-12306362.353526847,phase_formula
1454.5557948495277,0.00011050336510290418,10.5,18.43459013462055,1711.9695351669795,1693.534945032359,2228.593681714007,1454.5557948495277,2118126.788685254,0.8121373841462884,0.5910763192143743,0.323,0.8121373841462884,0.0,670.6006122971822,685.8557082310045,0.0,453.9966145251924,1.0,2.0,0.0,0.0,ok,13154575.882825559,3650299.905160645,2101059.3310318524,3443598.977191571,-12306207.797731997,phase_formula
1634.1197535649385,0.000124144933036917,10.5,18.5859972332158,1525.9560024796626,1507.370005246447,2020.4228079001207,1634.1197535649385,2122593.528529395,0.8121225291938422,0.5910802179537933,0.323,0.8121225291938422,0.0,596.8922888382245,610.4622618538815,0.0,404.0960795434781,1.0,2.0,0.0,0.0,ok,13153535.786861146,3650299.905160645,2101059.3310318524,3431458.525346873,-12306028.233773282,phase_formula
1835.850765193497,0.00013947054358379526,10.5,18.737423522235503,1360.3990668418937,1341.6616433196582,1833.6054522446454,1835.850765193497,2127328.2737512803,0.8121058370664858,0.5910876324643148,0.323,0.8121058370664858,0.0,531.2893552817563,543.3620493493445,0.0,359.682893525749,1.0,2.0,0.0,0.0,ok,13152367.2540493,3650299.905160645,2101059.3310318524,3418622.313526284,-12305826.502761655,phase_formula
2062.485337876194,0.0001566880906993994,10.5,18.888871248002776,1213.050874414578,1194.1620031665752,1665.8637739774626,2062.485337876194,2132347.167932031,0.8120870800889337,0.5910993722619107,0.323,0.8120870800889337,0.0,472.9011572052947,483.64377456223457,0.0,320.1540834279845,1.0,2.0,0.0,0.0,ok,13151054.419053938,3650299.905160645,2101059.3310318524,3405052.4518470196,-12305599.868188972,phase_formula
2317.0977998889393,0.0001760311327120671,10.5,19.04034293463538,1081.9105753806234,1062.870232445988,1515.1674650958046,2317.0977998889393,2137667.3330539195,0.8120660022489469,0.5908863248540266,0.323,0.8120660022489469,0.0,420.5737080748902,429.97441359680926,0.0,284.7284003667007,1.0,2.0,0.0,0.0,ok,13149579.45537509,3650299.905160645,2101059.3310318524,3390709.2479291507,-12305345.25572696,phase_formula
2603.142003316607,0.00019776206057255997,10.5,19.19184142323121,965.1971821544159,946.0053407311847,1379.7066473863117,2603.142003316607,2143306.930059344,0.8120423156384436,0.5908813448034893,0.323,0.8120423156384436,0.0,374.3237560802849,382.6757195885847,0.0,253.4171828663529,1.0,2.0,0.0,0.0,ok,13147922.332560992,3650299.905160645,2101059.3310318524,3375551.1551227556,-12305059.211523531,phase_formula
2924.49817601829,0.00022217565722238775,10.5,19.34336991431808,861.3254100507503,841.9820401364323,1257.867743675253,2924.49817601829,2149285.2234050073,0.8120156964392444,0.5908805881789928,0.323,0.8120156964392444,0.0,333.1619559053114,340.5830966151649,0.0,225.55064414789587,1.0,2.0,0.0,0.0,ok,13146060.54326797,3650299.905160645,2101059.3310318524,3359534.724345714,-12304737.85535083,phase_formula
3200.0,0.00024310567499810073,10.5,19.460531258041293,788.8960799834927,769.4355487254513,1172.0599894348422,3200.0,2154154.0871370593,0.8119928683788367,0.5908835850270917,0.323,0.8119928683788367,0.0,304.4596059672989,311.2334289440487,0.0,206.11915323986133,1.0,2.0,0.0,0.0,ok,13144464.33220077,3650299.905160645,2101059.3310318524,3346530.095722927,-12304462.353526847,phase_formula
3285.5255574369426,0.0002496030963638185,10.5,19.49492496797954,768.8841656424947,749.3892406745152,1148.2119929007438,3285.5255574369426,2155622.6498770835,0.8119857803929869,0.5908851734778395,0.323,0.8119857803929869,0.0,296.5291975487725,303.12447535718366,0.0,200.750266740519,1.0,2.0,0.0,0.0,ok,13143968.79639829,3650299.905160645,2101059.3310318524,3342614.5605245973,-12304376.827969411,phase_formula
3691.1215322651688,0.0002804164348754212,10.5,19.6464942077834,686.6174028397452,666.9709086319618,1049.4563278084022,3691.1215322651688,2162340.8920153747,0.8119521576861515,0.590896427563752,0.323,0.8119521576861515,0.0,263.9278045959413,269.79064195882563,0.0,178.67912371145226,1.0,2.0,0.0,0.0,ok,13141618.672067929,3650299.905160645,2101059.3310318524,3324743.2847815957,-12303971.231994582,phase_formula
4146.7880641233005,0.0003150336598133633,10.5,19.798104931434295,613.4071332346566,593.6090283032223,960.4564019166235,4146.7880641233005,2169462.956317027,0.8119143671711786,0.5909159389175273,0.323,0.8119143671711786,0.0,234.91480083866878,240.12835660131825,0.0,159.03732016777877,1.0,2.0,0.0,0.0,ok,13138978.233615903,3650299.905160645,2101059.3310318524,3305871.503671678,-12303515.565462723,phase_formula
4658.7063304314215,0.0003539243584617049,10.5,19.949762205518642,548.2581981629503,528.3084359574317,880.191374419412,4658.7063304314215,2177013.2570913155,0.8118718898330679,0.5909455791923551,0.323,0.8118718898330679,0.0,209.09587867772717,213.734172011517,0.0,141.5579098648213,1.0,2.0,0.0,0.0,ok,13136011.591255203,3650299.905160645,2101059.3310318524,3285947.7869577277,-12303003.647196416,phase_formula
5233.820570907399,0.0003976160883466838,10.5,20.101471740813505,490.284792049244,470.1833203084305,807.7504434150984,5233.820570907399,2185017.7059282186,0.8118241413973513,0.5904677347375021,0.323,0.8118241413973513,0.0,185.75903632829133,189.72762448841704,0.0,125.75886759425325,1.0,2.0,0.0,0.0,ok,13132678.411272956,3650299.905160645,2101059.3310318524,3264918.655614127,-12302428.53295594,phase_formula
5879.932287106999,0.0004467015336250854,10.5,20.25323997615419,438.6984463412274,418.4452063650732,742.3208357065593,5879.932287106999,2193503.807534957,0.8117704639595186,0.5904604446433258,0.323,0.8117704639595186,0.0,165.31394527809564,168.83187005915718,0.0,111.91754095327074,1.0,2.0,0.0,0.0,ok,13128933.363902459,3650299.905160645,2101059.3310318524,3242728.5819792,-12301782.421239741,phase_formula
6500.0,0.0004938084023398921,10.5,20.384008294337992,398.84874711667976,378.46473882234176,691.0304352619487,6500.0,2201221.115548818,0.8117189158417077,0.5904621394438945,0.323,0.8117189158417077,0.0,149.51992429763405,152.69176219123204,0.0,101.22498874949824,1.0,2.0,0.0,0.0,ok,13125338.888085634,3650299.905160645,2101059.3310318524,3222642.0704468978,-12301162.353526847,phase_formula
6605.806070835401,0.00050184654492406,10.5,20.405074173667725,392.79733383474604,372.3922596610783,683.17711468454,6605.806070835401,2202500.7623858172,0.8117101164974052,0.5904632169033013,0.323,0.8117101164974052,0.0,147.12146487273478,150.2409295847978,0.0,99.60123171884145,1.0,2.0,0.0,0.0,ok,13124725.502099006,3650299.905160645,2101059.3310318524,3219320.0042239088,-12301056.547456011,phase_formula
7421.288497006765,0.000563799171693897,10.5,20.556982527008135,351.95674830178825,331.3997657747801,629.6716607630599,7421.288497006765,2212039.576903107,0.8116422641061606,0.5904786578744242,0.323,0.8116422641061606,0.0,130.93406878779427,133.70153854391498,0.0,88.64236456933673,1.0,2.0,0.0,0.0,ok,13119997.562439289,3650299.905160645,2101059.3310318524,3194633.3575874413,-12300241.06502984,phase_formula
8337.44169374924,0.000633399809598818,10.5,20.708974284529063,315.62063027662646,294.9116559920974,581.2261960056085,8337.44169374924,2222153.181852985,0.8115659657694836,0.5905098668864371,0.323,0.8115659657694836,0.0,116.53142959779129,118.98825976047988,0.0,78.89177783770471,1.0,2.0,0.0,0.0,ok,13114685.178212589,3650299.905160645,2101059.3310318524,3168607.1251341235,-12299324.911833098,phase_formula
9366.693401651874,0.0007115926005965109,10.5,20.86105988965769,283.2940240467172,262.43296415705953,537.3242378420925,9366.693401651874,2232876.55965921,0.8114801604499818,0.5905605202168658,0.323,0.8114801604499818,0.0,103.71743044596295,105.90043048943224,0.0,70.21670041191692,1.0,2.0,0.0,0.0,ok,13108715.99345958,3650299.905160645,2101059.3310318524,3141177.9111285224,-12298295.660125196,phase_formula
10523.00555772709,0.0007994382403500031,10.5,21.013251141116843,254.5363635270094,233.52311238589255,497.5043799991646,10523.00555772709,2244246.881750082,0.8113836512446735,0.5895892800665631,0.323,0.8113836512446735,0.0,91.95680710466496,93.73902372767188,0.0,62.25475840985819,1.0,2.0,0.0,0.0,ok,13102008.665216349,3650299.905160645,2101059.3310318524,3112280.540493719,-12297139.34796912,phase_formula
11822.06369095274,0.0008981283667061263,10.5,21.165561376099234,228.95549594035418,207.78993456425496,461.3543093868524,11822.06369095274,2256303.656871028,0.8112750873074357,0.5895634137489316,0.323,0.8112750873074357,0.0,81.81564889234112,83.38610185911415,0.0,55.38919430011494,1.0,2.0,0.0,0.0,ok,13094471.739507256,3650299.905160645,2101059.3310318524,3081848.18822623,-12295840.289835894,phase_formula
13281.489698569587,0.0010090017244222128,10.5,21.318005680047477,206.20236223533232,184.88435655528482,428.50547939441367,13281.489698569587,2269088.891368391,0.8111529431868618,0.5895565241916617,0.323,0.8111529431868618,0.0,72.79487660382361,74.17952715733809,0.0,49.28213146078859,1.0,2.0,0.0,0.0,ok,13086002.38466534,3650299.905160645,2101059.3310318524,3049812.5430817204,-12294380.863828277,phase_formula
14921.080889473207,0.0011335623254177018,10.5,21.47057912485845,185.96624007926593,164.49566095440747,398.62834338065807,14921.080889473207,2282647.2644676105,0.8110154951633086,0.5895737038844437,0.323,0.8110154951633086,0.0,64.77137018247574,65.99332274022701,0.0,43.850217613536074,1.0,2.0,0.0,0.0,ok,13076484.963300351,3650299.905160645,2101059.3310318524,3016104.010325109,-12292741.272637375,phase_formula
15000.0,0.0011395578515535972,10.5,21.477455914385086,185.10417119069606,163.626715276311,397.33983834747823,15000.0,2283280.7714782977,0.8110088732969145,0.5895750857712349,0.323,0.8110088732969145,0.0,64.42955045679179,65.64462805934886,0.0,43.618805659248046,1.0,2.0,0.0,0.0,ok,13076026.789745629,3650299.905160645,2101059.3310318524,3014535.652172651,-12292662.353526847,phase_formula
16763.07853735573,0.0012734998508968874,10.5,21.623293275964944,167.97056543217658,146.34727215621163,371.42816701175934,16763.07853735573,2297026.3167203716,0.8108607940900642,0.5896210398576741,0.323,0.8108607940900642,0.0,57.635541924111024,58.71535346115559,0.0,39.019261882623155,1.0,2.0,0.0,0.0,ok,13065789.42163116,3650299.905160645,2101059.3310318524,2980651.958853323,-12290899.274989491,phase_formula
18832.46958655668,0.0014307125721003326,10.5,21.776196517085406,151.969201073756,130.19300455667062,346.64128593183307,18832.46958655668,2312276.6535605974,0.8106866341468986,0.5897058336526011,0.323,0.8106866341468986,0.0,51.28985792617979,52.245824324783285,0.0,34.723233816023715,1.0,2.0,0.0,0.0,ok,13053769.471888935,3650299.905160645,2101059.3310318524,2943385.0185507447,-12288829.88394029,phase_formula
21157.325603303416,0.0016073331006080237,10.5,21.929313341116625,137.7430363374218,115.8137229963052,324.03169440763304,21157.325603303416,2328452.1744404566,0.8104905167950728,0.5898367042153719,0.323,0.8104905167950728,0.0,45.64749209342113,46.49588625507494,0.0,30.903352147246103,1.0,2.0,0.0,0.0,ok,13040260.540003965,3650299.905160645,2101059.3310318524,2904231.4343218044,-12286505.027923545,phase_formula
23769.183570259636,0.0018057573175005422,10.5,22.082671578081715,125.09704171986273,103.01437014178101,303.38808846442856,23769.183570259636,2345610.3193588257,0.8102696090750449,0.5876588159358997,0.323,0.8102696090750449,0.0,40.27128689232829,40.86843173864864,0.0,27.263661226106258,1.0,2.0,0.0,0.0,ok,13025077.446718706,3650299.905160645,2101059.3310318524,2863119.483860033,-12283893.169956587,phase_formula
26326.0,0.002,10.5,22.21753380397628,115.16214679902708,92.9446129950508,286.73924369471354,26326.0,2361527.9748629546,0.8100527597825393,0.5876239909246715,0.323,0.8100527597825393,0.0,36.32994745302721,36.856351536142085,0.0,24.59537442569943,1.0,2.0,0.0,0.0,ok,13010207.63957691,3650299.905160645,2101059.3310318524,2825365.63818034,-12281336.353526847,phase_formula
26703.473689911352,0.002028676873806226,10.5,22.23630288647074,113.85762336717364,91.6213204807029,284.5212080584641,26703.473689911352,2363812.3406557837,0.8100206952035996,0.5876216025415698,0.323,0.8100206952035996,0.0,35.81237910277452,36.32965090255547,0.0,24.244980652578345,1.0,2.0,0.0,0.0,ok,13008011.785505706,3650299.905160645,2101059.3310318524,2819977.9668505434,-12280958.879836936,phase_formula
30000.0,0.0022791157031071944,10.5,22.390243324848896,103.87026835940578,81.48002503455689,267.2614703642109,30000.0,2383123.6041821977,0.8097401201953619,0.5876306304614417,0.323,0.8097401201953619,0.0,31.849498367664463,32.2983867528632,0.0,21.562110394908842,1.0,2.0,0.0,0.0,ok,12988828.955065453,3650299.905160645,2101059.3310318524,2774736.773953821,-12277662.353526847,phase_formula
100.0,7.597052343690648e-06,10.75,14.477786784733158,24425.803895945683,24411.32610916095,25754.142994680464,100.0,2069803.6456283964,0.816615719031458,0.5943604068560987,0.323,0.816615719031458,0.0,9784.73764383873,10117.671162566934,0.0,6624.267384878819,1.0,2.0,0.0,0.0,ok,13162426.038987543,3565409.2096917927,2052197.4861241346,3511330.977806759,-12001290.589188538,phase_formula
112.34493440205146,8.534903472008771e-06,10.75,14.624216236753245,21743.46152218809,21728.837305951336,23021.511773704813,112.34493440205146,2070964.9443908934,0.8166147318266942,0.5943607073006897,0.323,0.8166147318266942,0.0,8709.531255782225,9005.872291072343,0.0,5896.352660164569,1.0,2.0,0.0,0.0,ok,13162355.182643302,3565409.2096917927,2052197.4861241346,3508076.0056402534,-12001278.244254136,phase_formula
126.21384285801246,9.588531706906667e-06,10.75,14.770656418777302,19355.882322418845,19341.11166600007,20585.103765632008,126.21384285801246,2072195.2159087677,0.8166136227371167,0.5943612502885458,0.323,0.8166136227371167,0.0,7752.4789418850205,8016.251119545197,0.0,5248.428243656159,1.0,2.0,0.0,0.0,ok,13162275.578960814,3565409.2096917927,2052197.4861241346,3504629.9683440854,-12001264.37534568,phase_formula
141.79485896514254,1.077222965624421e-05,10.75,14.917107822148788,17230.67647962207,17215.759371799923,18412.527208604788,141.79485896514254,2073498.633713071,0.8166123767121841,0.594362091148538,0.323,0.8166123767121841,0.0,6900.597435512062,7135.382248590708,0.0,4671.7044638416655,1.0,2.0,0.0,0.0,ok,13162186.148042597,3565409.2096917927,2052197.4861241346,3500981.578333152,-12001248.794329574,phase_formula
159.29934128987077,1.210205434094589e-05,10.75,15.063570270901304,15339.013305624909,15323.949735354008,16474.94470840486,159.29934128987077,2074879.6195815308,0.8166109768423423,0.5943471893005612,0.323,0.8166109768423423,0.0,6141.965568199985,6350.78390891951,0.0,4158.11068967139,1.0,2.0,0.0,0.0,ok,13162085.676666914,3565409.2096917927,2052197.4861241346,3497118.910971348,-12001231.28984725,phase_formula
178.96474047500539,1.3596045010636282e-05,10.75,15.210044078996196,13655.23015011778,13640.020106038784,14746.68274436848,178.96474047500539,2076342.8586227016,0.8166094041292591,0.5943468450611235,0.323,0.8166094041292591,0.0,5467.025734629121,5652.882295607624,0.0,3701.176422343915,1.0,2.0,0.0,0.0,ok,13161972.801825937,3565409.2096917927,2052197.4861241346,3493029.3700161367,-12001211.624448063,phase_formula
201.05782028944645,1.5274467848472724e-05,10.75,15.356515467407277,12156.484268785138,12141.12775331773,13204.884074027586,201.05782028944645,2077893.3152607218,0.8166076372276247,0.5943467854353345,0.323,0.8166076372276247,0.0,4866.256997669853,5031.677604242758,0.0,3294.4559874224906,1.0,2.0,0.0,0.0,ok,13161845.992230909,3565409.2096917927,2052197.4861241346,3488699.651528636,-12001189.53136825,phase_formula
225.87827631437312,1.7160090884629123e-05,10.75,15.502943030747929,10822.442945078641,10806.940002047893,11829.19833426875,225.87827631437312,2079536.250174714,0.8166056521549869,0.5943470849878866,0.323,0.8166056521549869,0.0,4331.509109593325,4478.742031690006,0.0,2932.431667194681,1.0,2.0,0.0,0.0,ok,13161703.527533114,3565409.2096917927,2052197.4861241346,3484115.7062037187,-12001164.710912224,phase_formula
253.76280135386727,1.9278492847669018e-05,10.75,15.64938281092111,9635.007799834291,9619.35841702337,10601.506783249537,253.76280135386727,2081277.2382568107,0.816603421965652,0.5943478346220196,0.323,0.816603421965652,0.0,3855.527440047842,3986.5739066410647,0.0,2610.192076912389,1.0,2.0,0.0,0.0,ok,13161543.474978426,3565409.2096917927,2052197.4861241346,3479262.700101031,-12001136.826387186,phase_formula
285.08965271781034,2.1658410143417938e-05,10.75,15.795834799342776,8578.069130081687,8562.273295282344,9505.677031139592,285.08965271781034,2083122.1876486822,0.8166009163841879,0.5943491409354086,0.323,0.8166009163841879,0.0,3431.854509791807,3548.4958464313368,0.0,2323.365503129053,1.0,2.0,0.0,0.0,ok,13161363.663178276,3565409.2096917927,2052197.4861241346,3474124.973742533,-12001105.499535821,phase_formula
320.28378333286037,2.4332126668150144e-05,10.75,15.942299459117233,7637.287435291828,7621.345135832711,8527.344910723883,320.28378333286037,2085077.3599263807,0.8165981013935003,0.5943511300057474,0.323,0.8165981013935003,0.0,3054.742414729708,3158.564207501131,0.0,2068.060614772012,1.0,2.0,0.0,0.0,ok,13161161.652640607,3565409.2096917927,2052197.4861241346,3468685.999571567,-12001070.305405205,phase_formula
359.8226062857106,2.733591174395735e-05,10.75,16.088777011030604,6799.898899415221,6783.810122404191,7653.720279287594,359.8226062857106,2087149.3915095415,0.8165949387718321,0.5943175701940812,0.323,0.8165949387718321,0.0,2718.7103088164217,2810.956884289807,0.0,1840.5668790687178,1.0,2.0,0.0,0.0,ok,13160934.702660369,3565409.2096917927,2052197.4861241346,3462928.3377602547,-12001030.766582252,phase_formula
404.24247099543345,3.071051211695156e-05,10.75,16.235267757732924,6054.542248332016,6038.306980574283,6873.4141523822145,404.24247099543345,2089345.3163606662,0.8165913855723158,0.594316905966657,0.323,0.8165913855723158,0.0,2419.9331864789974,2502.0278478909404,0.0,1638.2947672462813,1.0,2.0,0.0,0.0,ok,13160679.734119408,3565409.2096917927,2052197.4861241346,3456833.5903764605,-12000986.346717544,phase_formula
454.1459388650521,3.4501704692323335e-05,10.75,16.3817699406981,5391.104630502603,5374.722860561905,6176.284840759694,454.1459388650521,2091672.5900704646,0.8165873935379151,0.5943168992890435,0.323,0.8165873935379151,0.0,2153.992822844304,2227.0537957719607,0.0,1458.253141065594,1.0,2.0,0.0,0.0,ok,13160393.287689963,3565409.2096917927,2052197.4861241346,3450382.3539263,-12000936.443249673,phase_formula
510.20995710752294,3.876091750418012e-05,10.75,16.528219624796844,4800.584374692985,4784.056155068188,5553.300934502889,510.20995710752294,2094139.1154051558,0.8165829084436824,0.5943177193962493,0.323,0.8165829084436824,0.0,1917.2809534072226,1982.30357733651,0.0,1297.99920545669,1.0,2.0,0.0,0.0,ok,13160071.476873245,3565409.2096917927,2052197.4861241346,3443554.170311388,-12000880.37923143,phase_formula
520.0,3.950467218719137e-05,10.75,16.552130178150616,4710.526920529562,4693.974790351411,5458.057342604644,520.0,2094555.6430233358,0.816582125218329,0.5943179454422448,0.323,0.816582125218329,0.0,1881.1810872612057,1944.9780622670564,0.0,1273.5595960758362,1.0,2.0,0.0,0.0,ok,13160015.2811418,3565409.2096917927,2052197.4861241346,3442401.9998696283,-12000870.589188538,phase_formula
573.1950416251822,4.354592734370449e-05,10.75,16.674684157408656,4274.9690754274425,4258.294391270034,4996.4195908376805,573.1950416251822,2096753.2694057715,0.8165778693572403,0.5943195740891631,0.323,0.8165778693572403,0.0,1706.5858502003807,1764.4561024783818,0.0,1155.3586205856577,1.0,2.0,0.0,0.0,ok,13159709.935234169,3565409.2096917927,2052197.4861241346,3436327.4762477493,-12000817.394146914,phase_formula
643.9555935096224,4.892164350904979e-05,10.75,16.821164176949324,3807.1267047321326,3790.305540555183,4498.477827772829,643.9555935096224,2099523.9321620697,0.8165722078072379,0.5943227064542348,0.323,0.8165722078072379,0.0,1519.0486817605808,1570.5551847739403,0.0,1028.3959575519132,1.0,2.0,0.0,0.0,ok,13159303.757114025,3565409.2096917927,2052197.4861241346,3428679.551227916,-12000746.633595029,phase_formula
723.4514891067264,5.4960988308647454e-05,10.75,16.96766030416432,3390.7089319047473,3373.741271600583,4053.0960060806474,723.4514891067264,2102460.5173385646,0.8165658468482313,0.5943274038527453,0.323,0.8165658468482313,0.0,1352.124757007749,1397.969475892955,0.0,915.3884604942461,1.0,2.0,0.0,0.0,ok,13158847.4310138,3565409.2096917927,2052197.4861241346,3420586.4641211648,-12000667.137699433,phase_formula
812.7611008676171,6.174588626206921e-05,10.75,17.114173229751124,3020.06500763907,3002.9508344093188,3654.591857902101,812.7611008676171,2105573.004583287,0.8165587000089579,0.5942518262081631,0.323,0.8165587000089579,0.0,1203.184487218397,1243.8252746995443,0.0,814.5558978468547,1.0,2.0,0.0,0.0,ok,13158334.764740631,3565409.2096917927,2052197.4861241346,3412023.0185381277,-12000577.82808767,phase_formula
913.0959256151148,6.93683754170869e-05,10.75,17.260703794506142,2690.165110925977,2672.9044071314706,3297.903962642136,913.0959256151148,2108871.973941408,0.816550670109305,0.5942505843252229,0.323,0.816550670109305,0.0,1070.9407419200513,1107.1007575969668,0.0,725.0268822798747,1.0,2.0,0.0,0.0,ok,13157758.80129709,3565409.2096917927,2052197.4861241346,3402962.6971243187,-12000477.493262924,phase_formula
1025.8170186601064,7.793185585809515e-05,10.75,17.407252941175376,2396.5321187994264,2379.124865858251,2978.5236303564066,1025.8170186601064,2112368.6423894158,0.8165416479293731,0.5942508605878758,0.323,0.8165416479293731,0.0,953.2343682571124,985.408669663236,0.0,645.3396673100651,1.0,2.0,0.0,0.0,ok,13157111.724366179,3565409.2096917927,2052197.4861241346,3393377.6049732314,-12000364.772169879,phase_formula
1152.4534566987763,8.755249234207827e-05,10.75,17.553768033995095,2135.1808198716526,2117.6270518376573,2692.4342159484745,1152.4534566987763,2116074.9026737562,0.8165315107118875,0.5942530428438166,0.323,0.8165315107118875,0.0,848.4679193786484,877.0971559714058,0.0,574.412781419345,1.0,2.0,0.0,0.0,ok,13156384.752102166,3565409.2096917927,2052197.4861241346,3383238.4124050504,-12000238.13573184,phase_formula
1294.7230799424149,9.836079008906897e-05,10.75,17.70029019898862,1902.5640024621562,1884.8637122631676,2436.0572962864358,1294.7230799424149,2120003.3645093786,0.8165201204767675,0.5942576023543968,0.323,0.8165201204767675,0.0,755.2195145543792,780.6959208014666,0.0,511.2836113533147,1.0,2.0,0.0,0.0,ok,13155568.017776612,3565409.2096917927,2052197.4861241346,3372514.297393907,-12000095.866108596,phase_formula
1300.0,9.876168046797843e-05,10.75,17.705447427956866,1894.9156089999035,1877.2101615719466,2427.59597109921,1300.0,2120144.813973137,0.816519697969502,0.594257816070511,0.323,0.816519697969502,0.0,752.1535136386665,777.5263075119748,0.0,509.20792873337734,1.0,2.0,0.0,0.0,ok,13155537.723935759,3565409.2096917927,2052197.4861241346,3372128.6019044784,-12000090.589188538,phase_formula
1454.5557948495277,0.00011050336510290418,10.75,17.84683489191529,1695.5242162070672,1677.677381315152,2206.2045106522,1454.5557948495277,2124167.398425635,0.8165073221238811,0.5942650951891935,0.323,0.8165073221238811,0.0,672.2235074434439,694.896219239826,0.0,455.09531453921153,1.0,2.0,0.0,0.0,ok,13154650.43564821,3565409.2096917927,2052197.4861241346,3361172.8879908584,-11999936.033393688,phase_formula
1634.1197535649385,0.000124144933036917,10.75,17.993403618844837,1511.2509523336987,1493.2575487148538,2000.0348076456735,1634.1197535649385,2128581.182366929,0.8164929412968498,0.5942761767602744,0.323,0.8164929412968498,0.0,598.3533216156346,618.5331098824532,0.0,405.0851987337847,1.0,2.0,0.0,0.0,ok,13153619.550221184,3565409.2096917927,2052197.4861241346,3349180.205147382,-11999756.469434973,phase_formula
1835.850765193497,0.00013947054358379526,10.75,18.13999806963444,1347.2425328462436,1329.1025347766092,1815.0163951002676,1835.850765193497,2133259.751229356,0.816476781977155,0.5941059769045778,0.323,0.816476781977155,0.0,532.2417150619841,550.038339819164,0.0,360.32764109696325,1.0,2.0,0.0,0.0,ok,13152461.366827585,3565409.2096917927,2052197.4861241346,3336500.6064186664,-11999554.738423346,phase_formula
2062.485337876194,0.0001566880906993994,10.75,18.28662013572137,1201.2721749240934,1182.985554788372,1648.8928549928032,2062.485337876194,2138219.0495694666,0.8164586237736754,0.5941037682217369,0.323,0.8164586237736754,0.0,473.72502460119597,489.55159733522123,0.0,320.7118416550097,1.0,2.0,0.0,0.0,ok,13151160.161210261,3565409.2096917927,2052197.4861241346,3323096.731104277,-11999328.103850663,phase_formula
2317.0977998889393,0.0001760311327120671,10.75,18.433271937996942,1071.357784317219,1052.924512379222,1499.6529810962231,2317.0977998889393,2143475.9877210064,0.8164382188680528,0.5941050662026185,0.323,0.8164382188680528,0.0,421.64426829383854,435.71995932857794,0.0,285.4531696349287,1.0,2.0,0.0,0.0,ok,13149698.265491763,3565409.2096917927,2052197.4861241346,3308929.447478562,-11999073.491388649,phase_formula
2603.142003316607,0.00019776206057255997,10.75,18.579931715834444,955.7350438327503,937.1551121169159,1365.5039044592684,2603.142003316607,2149048.5015400685,0.8164152885708758,0.5941107653748608,0.323,0.8164152885708758,0.0,375.2922300162195,387.81212176126746,0.0,254.07283972098062,1.0,2.0,0.0,0.0,ok,13148055.827585738,3565409.2096917927,2052197.4861241346,3293957.802861949,-11998787.447185222,phase_formula
2924.49817601829,0.00022217565722238775,10.75,18.72658582853874,852.8335124327626,834.1069266042239,1244.8472240924948,2924.49817601829,2154955.6160556613,0.816389519437431,0.5941219287934483,0.323,0.816389519437431,0.0,334.0394073277877,345.177141829456,0.0,226.14467876091234,1.0,2.0,0.0,0.0,ok,13146210.540736528,3565409.2096917927,2052197.4861241346,3278138.977403226,-11998466.09101252,phase_formula
3200.0,0.00024310567499810073,10.75,18.840029025612893,781.080516030546,762.2404870049331,1159.8737152572317,3200.0,2159766.459420737,0.8163674204722425,0.5941351097568908,0.323,0.8163674204722425,0.0,305.2734979397761,315.4491667481353,0.0,206.67015810522844,1.0,2.0,0.0,0.0,ok,13144628.481333738,3565409.2096917927,2052197.4861241346,3265295.251490633,-11998190.589188538,phase_formula
3285.5255574369426,0.0002496030963638185,10.75,18.873278569122064,761.2553719901293,742.3820934210073,1136.2577794338736,3285.5255574369426,2161217.51315864,0.8163605588846043,0.5941398332153309,0.323,0.8163605588846043,0.0,297.3254903873267,307.235634267484,0.0,201.28935699222015,1.0,2.0,0.0,0.0,ok,13144137.339454044,3565409.2096917927,2052197.4861241346,3261428.2425730973,-11998105.063631102,phase_formula
3691.1215322651688,0.0002804164348754212,10.75,19.020013396303238,679.7563663294991,660.7363529331958,1038.4646110016395,3691.1215322651688,2167855.6041260124,0.8163280102422099,0.5937926589370244,0.323,0.8163280102422099,0.0,264.28737646548336,272.9408595809984,0.0,178.9225538671322,1.0,2.0,0.0,0.0,ok,13141808.057638071,3565409.2096917927,2052197.4861241346,3243778.9255128643,-11997699.467656273,phase_formula
4146.7880641233005,0.0003150336598133633,10.75,19.16679419534204,607.2289639393138,588.0621697439717,950.3341389586924,4146.7880641233005,2174892.606815981,0.8162914271624272,0.5937827001837315,0.323,0.8162914271624272,0.0,235.20984076687807,242.89582729493029,0.0,159.23706219917648,1.0,2.0,0.0,0.0,ok,13139191.044151794,3565409.2096917927,2052197.4861241346,3225142.380549091,-11997243.801124416,phase_formula
4658.7063304314215,0.0003539243584617049,10.75,19.31362533124998,542.6873341586247,523.3737088273747,870.8551532780955,4658.7063304314215,2182352.6281673503,0.8162503072998574,0.5937791239015486,0.323,0.8162503072998574,0.0,209.3333446815077,216.16084353040912,0.0,141.7186743493807,1.0,2.0,0.0,0.0,ok,13136250.730499696,3565409.2096917927,2052197.4861241346,3205467.969363647,-11996731.882858107,phase_formula
5233.820570907399,0.0003976160883466838,10.75,19.460511709208024,485.25397425273366,465.7934625435256,799.1254491019113,5233.820570907399,2190261.2524354598,0.8162040851616926,0.5937836629466016,0.323,0.8162040851616926,0.0,186.30614470327393,192.3721857048313,0.0,126.12925996411647,1.0,2.0,0.0,0.0,ok,13132947.144580686,3565409.2096917927,2052197.4861241346,3184703.051516834,-11996156.768617632,phase_formula
5879.932287106999,0.0004467015336250854,10.75,19.60745884299763,434.1478059720903,414.54034712909265,734.3399301676859,5879.932287106999,2198645.635650224,0.8161521240122744,0.5937983820763515,0.323,0.8161521240122744,0.0,165.81514816532848,171.20609744470192,0.0,112.25685530792737,1.0,2.0,0.0,0.0,ok,13129235.363711776,3565409.2096917927,2052197.4861241346,3162792.987241767,-11995510.656901432,phase_formula
6500.0,0.0004938084023398921,10.75,19.734038521675146,394.6687004972712,374.93466197559604,683.5556845172464,6500.0,2206270.3278607796,0.8161022245662117,0.593821058193943,0.323,0.8161022245662117,0.0,149.9855271932338,154.8569643000343,0.0,101.54020190981927,1.0,2.0,0.0,0.0,ok,13125672.8324613,3565409.2096917927,2052197.4861241346,3142961.022267822,-11994890.589188538,phase_formula
6605.806070835401,0.00050184654492406,10.75,19.754446975931124,388.67355416618085,368.91910719024975,675.7799904702279,6605.806070835401,2207534.6070814654,0.8160937066984337,0.5938257165564821,0.323,0.8160937066984337,0.0,147.58165665609596,152.37438330493265,0.0,99.91278155617698,1.0,2.0,0.0,0.0,ok,13125064.899237934,3565409.2096917927,2052197.4861241346,3139681.154684951,-11994784.783117704,phase_formula
7421.288497006765,0.000563799171693897,10.75,19.90147809917488,348.212362567743,328.31088446856813,622.8041310887666,7421.288497006765,2216958.777552468,0.8160280252409449,0.5938685618206258,0.323,0.8160280252409449,0.0,131.3576028154485,135.62052635427003,0.0,88.92909710605865,1.0,2.0,0.0,0.0,ok,13120379.00404467,3565409.2096917927,2052197.4861241346,3115308.984041802,-11993969.300691532,phase_formula
8337.44169374924,0.000633399809598818,10.75,20.048592758541233,312.2134157023449,292.16482294380364,574.8395808132169,8337.44169374924,2226950.6555880834,0.8159541690124872,0.5930867458885154,0.323,0.8159541690124872,0.0,116.55811859968414,120.18601852496143,0.0,78.90984629198617,1.0,2.0,0.0,0.0,ok,13115113.893153682,3565409.2096917927,2052197.4861241346,3089616.0113435616,-11993053.14749479,phase_formula
9366.693401651874,0.0007115926005965109,10.75,20.195799984774947,280.18639638031726,259.9905963955423,531.3747506014399,9366.693401651874,2237544.773743228,0.815871111292877,0.5930673226871052,0.323,0.815871111292877,0.0,103.71486601531436,106.92818857570553,0.0,70.21496429236784,1.0,2.0,0.0,0.0,ok,13109197.86628771,3565409.2096917927,2052197.4861241346,3062539.954989907,-11992023.895786887,phase_formula
10523.00555772709,0.0007994382403500031,10.75,20.343109950950858,251.69486700987477,231.3517570589239,491.95260955569256,10523.00555772709,2248777.8236504667,0.8157776939569453,0.5930627765188321,0.323,0.8157776939569453,0.0,92.28877084762676,95.13577454188592,0.0,62.47949786384333,1.0,2.0,0.0,0.0,ok,13102550.319814248,3565409.2096917927,2052197.4861241346,3034016.8184901457,-11990867.583630811,phase_formula
11822.06369095274,0.0008981283667061263,10.75,20.49053412425645,226.35034927212192,205.85981514786548,456.16475864551796,11822.06369095274,2260688.802132604,0.8156726100079932,0.5930771026099333,0.323,0.8156726100079932,0.0,82.12410992459668,84.64774912922378,0.0,55.59802241895196,1.0,2.0,0.0,0.0,ok,13095080.633789776,3565409.2096917927,2052197.4861241346,3003981.023280213,-11989568.525497586,phase_formula
13281.489698569587,0.0010090017244222128,10.75,20.638085439953095,203.80705437341723,183.16896893346413,423.6461533143797,13281.489698569587,2273319.1695029694,0.8155543836185799,0.5931150623657827,0.323,0.8155543836185799,0.0,73.08227099990955,75.32077554602854,0.0,49.47669746693877,1.0,2.0,0.0,0.0,ok,13086686.917892473,3565409.2096917927,2052197.4861241346,2972365.5759209474,-11988109.099489968,phase_formula
14921.080889473207,0.0011335623254177018,10.75,20.78577850125215,183.7571923913098,162.97141389005765,394.070403764076,14921.080889473207,2286713.020666562,0.815421347278392,0.5931823145782196,0.323,0.815421347278392,0.0,65.03987269556985,67.02726624012465,0.0,44.031993814900794,1.0,2.0,0.0,0.0,ok,13077254.597810648,3565409.2096917927,2052197.4861241346,2939102.2744590645,-11986469.508299066,phase_formula
15000.0,0.0011395578515535972,10.75,20.79245491933235,182.9030694467133,162.11061452738093,392.7949409190429,15000.0,2287338.83201476,0.815414938037266,0.5931861296599851,0.323,0.815414938037266,0.0,64.697251869948,66.67400730978353,0.0,43.80003951595481,1.0,2.0,0.0,0.0,ok,13076800.523807628,3565409.2096917927,2052197.4861241346,2937554.70960651,-11986390.589188538,phase_formula
16763.07853735573,0.0012734998508968874,10.75,20.933629809567027,165.92679708602535,144.9931672764583,367.145590653751,16763.07853735573,2300917.272070567,0.8152716155733923,0.5932855684405821,0.323,0.8152716155733923,0.0,57.887091044782785,59.653654946242995,0.0,39.189560637317946,1.0,2.0,0.0,0.0,ok,13066654.821096731,3565409.2096917927,2052197.4861241346,2904121.9592406843,-11984627.510651182,phase_formula
18832.46958655668,0.0014307125721003326,10.75,21.081658030550226,150.07200954225013,128.9903515116999,342.6105378711894,18832.46958655668,2315981.865261197,0.8151030550279105,0.5915252410823452,0.323,0.8151030550279105,0.0,51.162725608531275,52.57048155025716,0.0,34.637165236975676,1.0,2.0,0.0,0.0,ok,13054742.658542618,3565409.2096917927,2052197.4861241346,2867354.8140154886,-11982558.119601982,phase_formula
21157.325603303416,0.0016073331006080237,10.75,21.229876321211613,135.97576224930228,114.74588592809066,320.231485950615,21157.325603303416,2331959.9897198947,0.8149132493273157,0.5914897476724296,0.323,0.8149132493273157,0.0,45.506785759649105,46.744895444623104,0.0,30.80809395928245,1.0,2.0,0.0,0.0,ok,13041355.073708024,3565409.2096917927,2052197.4861241346,2828730.7237441186,-11980233.263585236,phase_formula
23769.183570259636,0.0018057573175005422,10.75,21.37829536171527,123.44483738557652,102.06654202386125,299.79913876132844,23769.183570259636,2348908.3285111813,0.8146994590976075,0.5914892680378888,0.323,0.8146994590976075,0.0,40.47824395737803,41.56805783512099,0.0,27.40377115914493,1.0,2.0,0.0,0.0,ok,13026308.629249007,3565409.2096917927,2052197.4861241346,2788179.6961286506,-11977621.405618278,phase_formula
26326.0,0.002,10.75,21.50876707410072,113.59997325450286,92.09120618040214,283.3212465899906,26326.0,2364630.9776388602,0.8144896048042112,0.5915250705389562,0.323,0.8144896048042112,0.0,36.52702752675044,37.502420761179856,0.0,24.728797635610057,1.0,2.0,0.0,0.0,ok,13011572.922443636,3565409.2096917927,2052197.4861241346,2750945.5076037087,-11975064.589188538,phase_formula
26703.473689911352,0.002028676873806226,10.75,21.52696869936771,112.30729096771617,90.78032226834846,281.1260758525741,26703.473689911352,2366887.319954185,0.8144585752420455,0.5915331928807264,0.323,0.8144585752420455,0.0,36.00816807896737,36.96870020087096,0.0,24.37752978946091,1.0,2.0,0.0,0.0,ok,13009396.894037053,3565409.2096917927,2052197.4861241346,2745632.3545123097,-11974687.115498627,phase_formula
30000.0,0.0022791157031071944,10.75,21.67592786875928,102.41005477011046,80.73412690135119,264.0443422572437,30000.0,2385961.462075462,0.8141870646137868,0.5916326576936568,0.323,0.8141870646137868,0.0,32.03518918181228,32.88334500985132,0.0,21.68782307608691,1.0,2.0,0.0,0.0,ok,12990387.509590136,3565409.2096917927,2052197.4861241346,2701020.510431006,-11971390.589188538,phase_formula
100.0,7.597052343690648e-06,11.0,14.030546283707148,24195.78964496262,24181.759098678915,25509.007036450424,100.0,2075958.4056868195,0.8207836090298127,0.5973730066279266,0.323,0.8207836090298127,0.0,9800.327842624452,10236.211731655407,0.0,6634.821949456755,1.0,2.0,0.0,0.0,ok,13162430.844514629,3484377.1821987974,2005556.634166768,3430920.156203965,-11709390.686834775,phase_formula
112.34493440205146,8.534903472008771e-06,11.0,14.172468379825034,21538.67098371218,21524.498515332358,22802.17581415822,112.34493440205146,2077106.3837716249,0.8207826523402035,0.5973727196598385,0.323,0.8207826523402035,0.0,8723.390246626139,9111.360295272696,0.0,5905.735196965895,1.0,2.0,0.0,0.0,ok,13162360.581445875,3484377.1821987974,2005556.634166768,3427702.7770147696,-11709378.341900373,phase_formula
126.21384285801246,9.588531706906667e-06,11.0,14.314444023994326,19173.543356283164,19159.22891225917,20388.778981803895,126.21384285801246,2078322.5404061442,0.8207815775335132,0.5973726005417692,0.323,0.8207815775335132,0.0,7764.796840519349,8110.120730438075,0.0,5256.767461031599,1.0,2.0,0.0,0.0,ok,13162281.644286301,3484377.1821987974,2005556.634166768,3424296.564662963,-11709364.472991917,phase_formula
141.79485896514254,1.077222965624421e-05,11.0,14.456311351901725,17068.321402446283,17053.86509109438,18236.729254824302,141.79485896514254,2079611.0006984728,0.8207803700244967,0.5973726928123448,0.323,0.8207803700244967,0.0,6911.543409013308,7218.9099597679615,0.0,4679.11488790201,1.0,2.0,0.0,0.0,ok,13162192.962182855,3484377.1821987974,2005556.634166768,3420690.3665115978,-11709348.89197581,phase_formula
159.29934128987077,1.210205434094589e-05,11.0,14.598231004898508,15194.445741154886,15179.847510149988,16317.460624258196,159.29934128987077,2080976.1350782746,0.8207790134263813,0.5973730529170167,0.323,0.8207790134263813,0.0,6152.054806757204,6425.637636321591,0.0,4164.941104174627,1.0,2.0,0.0,0.0,ok,13162093.332075313,3484377.1821987974,2005556.634166768,3416872.4008809375,-11709331.387493486,phase_formula
178.96474047500539,1.3596045010636282e-05,11.0,14.740205013058153,13526.495075426901,13511.754870413843,14605.541047264258,178.96474047500539,2082422.5741977154,0.8207774893282113,0.5973737457206864,0.323,0.8207774893282113,0.0,5476.02776226761,5719.541875142966,0.0,3707.270795055173,1.0,2.0,0.0,0.0,ok,13161981.402372476,3484377.1821987974,2005556.634166768,3412830.222981059,-11709311.722094301,phase_formula
201.05782028944645,1.5274467848472724e-05,11.0,14.882089519322554,12041.841361749544,12026.959272230222,13078.328147689426,201.05782028944645,2083955.2247228445,0.8207757770446358,0.5973748450250035,0.323,0.8207757770446358,0.0,4874.291117341501,5091.04327371745,0.0,3299.8950864401963,1.0,2.0,0.0,0.0,ok,13161855.654612463,3484377.1821987974,2005556.634166768,3408550.689331421,-11709289.629014486,phase_formula
225.87827631437312,1.7160090884629123e-05,11.0,15.024008434021228,10720.34327325,10705.319264815978,11715.66315379518,225.87827631437312,2085579.286062499,0.8207738533347237,0.5973531943858248,0.323,0.8207738533347237,0.0,4338.313939767167,4531.0745773570925,0.0,2937.038537222372,1.0,2.0,0.0,0.0,ok,13161714.382858008,3484377.1821987974,2005556.634166768,3404019.920636873,-11709264.80855846,phase_formula
253.76280135386727,1.9278492847669018e-05,11.0,15.165982289476487,9544.072607077544,9528.906624788067,10499.59773451189,253.76280135386727,2087300.2681119053,0.820771692085958,0.5973525285511967,0.323,0.820771692085958,0.0,3861.565179968767,4033.127270996203,0.0,2614.279626838855,1.0,2.0,0.0,0.0,ok,13161555.670546904,3484377.1821987974,2005556.634166768,3399223.263091721,-11709236.924033422,phase_formula
285.08965271781034,2.1658410143417938e-05,11.0,15.30788623384892,8497.071043650512,8481.763157416663,9414.151140931415,285.08965271781034,2089124.0100497915,0.8207692639590822,0.5973522362025129,0.323,0.8207692639590822,0.0,3437.209289774516,3589.904906365155,0.0,2326.9906891773476,1.0,2.0,0.0,0.0,ok,13161377.364483133,3484377.1821987974,2005556.634166768,3394145.248086617,-11709205.597182058,phase_formula
320.28378333286037,2.4332126668150144e-05,11.0,15.449806529107061,7565.134028109329,7549.684221580222,8445.094436053885,320.28378333286037,2091056.7002783606,0.8207665359889313,0.5973524222894427,0.323,0.8207665359889313,0.0,3059.4891487605905,3195.3941185706854,0.0,2071.27415371092,1.0,2.0,0.0,0.0,ok,13161177.045615265,3484377.1821987974,2005556.634166768,3388769.55031244,-11709170.403051443,phase_formula
359.8226062857106,2.733591174395735e-05,11.0,15.591782481381243,6735.617824391173,6720.026041909791,7579.7578564061005,359.8226062857106,2093104.8975607469,0.8207634711357674,0.5973532109137543,0.323,0.8207634711357674,0.0,2723.2802393234833,2844.242296242767,0.0,1843.660722021998,1.0,2.0,0.0,0.0,ok,13160951.996205047,3484377.1821987974,2005556.634166768,3383078.944250097,-11709130.86422849,phase_formula
404.24247099543345,3.071051211695156e-05,11.0,15.733709048728254,5997.267903334548,5981.5341942858195,6806.859480841519,404.24247099543345,2095275.5534488047,0.8207600277809526,0.5973547438885339,0.323,0.8207600277809526,0.0,2424.0210959140236,2531.684919712486,0.0,1641.062281933794,1.0,2.0,0.0,0.0,ok,13160699.162939887,3484377.1821987974,2005556.634166768,3377055.2590610567,-11709086.44436378,phase_formula
454.1459388650521,3.4501704692323335e-05,11.0,15.875633594518057,5340.06657166495,5324.190938070432,6116.353108214047,454.1459388650521,2097576.0360543425,0.820756159160017,0.59735719493474,0.323,0.820756159160017,0.0,2157.6515377636133,2253.481090848045,0.0,1460.7300910659665,1.0,2.0,0.0,0.0,ok,13160415.115487712,3484377.1821987974,2005556.634166768,3370679.3318967135,-11709036.540895911,phase_formula
510.20995710752294,3.876091750418012e-05,11.0,16.017614991445804,4755.096939107933,4739.079324116487,5499.292449674228,510.20995710752294,2100014.155277116,0.8207518127252995,0.5973082547759022,0.323,0.8207518127252995,0.0,1920.1899241402593,2005.3153626393914,0.0,1299.9685786429557,1.0,2.0,0.0,0.0,ok,13160095.999930536,3484377.1821987974,2005556.634166768,3363930.959663473,-11708980.476877667,phase_formula
520.0,3.950467218719137e-05,11.0,16.040807477964684,4665.8859624775905,4649.845154999626,5404.954869074412,520.0,2100425.884678395,0.8207510537141922,0.5973079537779915,0.323,0.8207510537141922,0.0,1884.0317723079102,1967.5513917138617,0.0,1275.4895098524553,1.0,2.0,0.0,0.0,ok,13160040.274866356,3484377.1821987974,2005556.634166768,3362792.266732836,-11708970.686834775,phase_formula
573.1950416251822,4.354592734370449e-05,11.0,16.159568588460758,4234.42180374873,4218.2622351602695,4947.710214689235,573.1950416251822,2102598.1895803423,0.8207469294293541,0.5973067070108639,0.323,0.8207469294293541,0.0,1709.1545391951254,1784.908720987803,0.0,1157.0976230351,1.0,2.0,0.0,0.0,ok,13159737.48644325,3484377.1821987974,2005556.634166768,3356788.849304393,-11708917.49179315,phase_formula
643.9555935096224,4.892164350904979e-05,11.0,16.301501565523697,3770.976219330319,3754.6747177647953,4454.510856807789,643.9555935096224,2105336.9143811376,0.8207414429191944,0.5973060004919292,0.323,0.8207414429191944,0.0,1521.314335270641,1588.7297077968244,0.0,1029.9298049782242,1.0,2.0,0.0,0.0,ok,13159334.710505547,3484377.1821987974,2005556.634166768,3349230.566667178,-11708846.731241265,phase_formula
723.4514891067264,5.4960988308647454e-05,11.0,16.443493103191976,3358.471638385099,3342.028145281907,4013.3748789125802,723.4514891067264,2108239.6321830275,0.8207352786301844,0.5973063722305713,0.323,0.8207352786301844,0.0,1354.1205560188246,1414.1161299748558,0.0,916.7396164247441,1.0,2.0,0.0,0.0,ok,13158882.206846632,3484377.1821987974,2005556.634166768,3341232.484068546,-11708767.23534567,phase_formula
812.7611008676171,6.174588626206921e-05,11.0,16.585480001045322,2991.3103917921403,2974.724911791095,3618.673454362749,812.7611008676171,2111316.2045946713,0.8207283527669577,0.5973080944608369,0.323,0.8207283527669577,0.0,1205.3044639565676,1258.6982550400305,0.0,815.9911220985963,1.0,2.0,0.0,0.0,ok,13158373.835222967,3484377.1821987974,2005556.634166768,3332769.7266772096,-11708677.925733907,phase_formula
913.0959256151148,6.93683754170869e-05,11.0,16.727427360314415,2664.5099271871795,2647.782499826865,3265.3927927449895,913.0959256151148,2114577.0862896345,0.8207205711571224,0.5973114916205169,0.323,0.8207205711571224,0.0,1072.8466277905586,1120.3667580339015,0.0,726.3171670142083,1.0,2.0,0.0,0.0,ok,13157802.697017577,3484377.1821987974,2005556.634166768,3323816.1178862075,-11708577.59090916,phase_formula
1025.8170186601064,7.793185585809515e-05,11.0,16.869435676558467,2373.635327539726,2356.7658918631673,2949.066771521263,1025.8170186601064,2118033.3610359523,0.8207118279616796,0.5973169611534798,0.323,0.8207118279616796,0.0,954.9495681035071,997.2441664282574,0.0,646.5008576060743,1.0,2.0,0.0,0.0,ok,13157161.041523695,3484377.1821987974,2005556.634166768,3314344.123867296,-11708464.869816115,phase_formula
1152.4534566987763,8.755249234207827e-05,11.0,17.011464784176017,2114.7388734919523,2097.7274087077762,2665.7165977263535,1152.4534566987763,2121696.780064303,0.8207020042239983,0.5972063301326627,0.323,0.8207020042239983,0.0,849.6456932946226,887.1187846088274,0.0,575.2101343604594,1.0,2.0,0.0,0.0,ok,13156440.160634067,3484377.1821987974,2005556.634166768,3304324.7975567714,-11708338.233378077,phase_formula
1294.7230799424149,9.836079008906897e-05,11.0,17.153435028221384,1884.3065937344347,1867.1531587062134,2411.7974466119013,1294.7230799424149,2125579.8027717043,0.8206909662368239,0.5972027403608848,0.323,0.8206909662368239,0.0,756.2459568548385,789.5839317402294,0.0,511.97851279072574,1.0,2.0,0.0,0.0,ok,13155630.27049799,3484377.1821987974,2005556.634166768,3293727.7223607395,-11708195.963754833,phase_formula
1300.0,9.876168046797843e-05,11.0,17.158418001305236,1876.7300060340995,1859.5715880327941,2403.4172767497043,1300.0,2125719.6155829937,0.8206905567961906,0.5972026493216634,0.323,0.8206905567961906,0.0,753.1749719968759,786.3770334966504,0.0,509.89945604188506,1.0,2.0,0.0,0.0,ok,13155600.230531923,3484377.1821987974,2005556.634166768,3293346.6008576495,-11708190.686834775,phase_formula
1454.5557948495277,0.00011050336510290418,11.0,17.295469555920757,1679.2108408875847,1661.915371331664,2184.1511138115966,1454.5557948495277,2129695.63986231,0.8206785637041121,0.5972010517310349,0.323,0.8206785637041121,0.0,673.115129552608,702.7750803425232,0.0,455.69894270711563,1.0,2.0,0.0,0.0,ok,13154720.378528886,3484377.1821987974,2005556.634166768,3282520.955928841,-11708036.131039927,phase_formula
1634.1197535649385,0.000124144933036917,11.0,17.437553482099027,1496.6675220416703,1479.2299685595713,1979.9633143500364,1634.1197535649385,2134058.299443892,0.820664627671413,0.5972017869931021,0.323,0.820664627671413,0.0,599.1248164738325,625.5136060877269,0.0,405.60750075278463,1.0,2.0,0.0,0.0,ok,13153698.133943435,3484377.1821987974,2005556.634166768,3270670.974406048,-11707856.567081211,phase_formula
1835.850765193497,0.00013947054358379526,11.0,17.579558659925397,1334.1983571368578,1316.6187984769324,1796.7259994814767,1835.850765193497,2138682.6359751946,0.8206489681950391,0.5972055471217163,0.323,0.8206489681950391,0.0,533.2705730976423,556.7503345139137,0.0,361.0241779871038,1.0,2.0,0.0,0.0,ok,13152549.659785887,3484377.1821987974,2005556.634166768,3258142.61764609,-11707654.836069582,phase_formula
2062.485337876194,0.0001566880906993994,11.0,17.72163287925081,1189.5976516994601,1171.8760188202093,1632.2041790913693,2062.485337876194,2143584.401974468,0.8206313717162609,0.5972130972652279,0.323,0.8206313717162609,0.0,474.65842353254646,495.5515198168853,0.0,321.343752731534,1.0,2.0,0.0,0.0,ok,13151259.364135068,3484377.1821987974,2005556.634166768,3244899.0359479804,-11707428.2014969,phase_formula
2317.0977998889393,0.0001760311327120671,11.0,17.86377761334735,1060.901952043313,1043.0381744299657,1484.4056213144734,2317.0977998889393,2148780.303641828,0.8206115981022039,0.5972253180350442,0.323,0.8206115981022039,0.0,422.49257770420866,441.08594956562956,0.0,286.02747510574926,1.0,2.0,0.0,0.0,ok,13149809.72790285,3484377.1821987974,2005556.634166768,3230901.638970674,-11707173.589034887,phase_formula
2603.142003316607,0.00019776206057255997,11.0,18.0058468517475,946.3634095707042,928.3575627189567,1351.554253870273,2603.142003316607,2154288.0599310305,0.8205893773098857,0.5969752160333162,0.323,0.8205893773098857,0.0,375.69714003262783,392.0734552669014,0.0,254.34696380208902,1.0,2.0,0.0,0.0,ok,13148181.06630742,3484377.1821987974,2005556.634166768,3216110.0475833383,-11706887.544831458,phase_formula
2924.49817601829,0.00022217565722238775,11.0,18.14797988820437,844.4265057408538,826.2785258526494,1232.0669188627262,2924.49817601829,2160126.464726502,0.8205644056238101,0.5969669406896628,0.323,0.8205644056238101,0.0,334.3766615737294,348.9360155945826,0.0,226.37299988541477,1.0,2.0,0.0,0.0,ok,13146351.26073738,3484377.1821987974,2005556.634166768,3200482.049525213,-11706566.188658757,phase_formula
3200.0,0.00024310567499810073,11.0,18.257952769793988,773.3459297467786,755.0879769769846,1147.9183304450785,3200.0,2164881.3016731064,0.8205429906170666,0.5969634163011036,0.323,0.8205429906170666,0.0,305.56348859749454,318.8575571230309,0.0,206.86648178050382,1.0,2.0,0.0,0.0,ok,13144782.477206059,3484377.1821987974,2005556.634166768,3187793.707089087,-11706290.686834775,phase_formula
3285.5255574369426,0.0002496030963638185,11.0,18.290190976576053,753.7065390189885,735.4163480424124,1124.5318866430216,3285.5255574369426,2166315.4542240235,0.8205363414105996,0.5969629473260766,0.323,0.8205363414105996,0.0,297.60240800809305,310.5471677968752,0.0,201.47683022147905,1.0,2.0,0.0,0.0,ok,13144295.457308315,3484377.1821987974,2005556.634166768,3183973.559877712,-11706205.161277339,phase_formula
3691.1215322651688,0.0002804164348754212,11.0,18.432368702788924,672.9708403931296,654.5384716903407,1027.6900914725459,3691.1215322651688,2172876.1785728363,0.8205048003261404,0.5969643800474282,0.323,0.8205048003261404,0.0,264.87478081807285,276.3850569938606,0.0,179.3202266138353,1.0,2.0,0.0,0.0,ok,13141985.727945473,3484377.1821987974,2005556.634166768,3166538.5874990253,-11705799.56530251,phase_formula
4146.7880641233005,0.0003150336598133633,11.0,18.574587857165994,601.1223654373284,582.5477775801625,940.4187404994464,4146.7880641233005,2179831.0772417183,0.8204693499014337,0.5969726695958925,0.323,0.8204693499014337,0.0,235.74914297014956,245.98526460827802,0.0,159.60216979079127,1.0,2.0,0.0,0.0,ok,13139390.689297263,3484377.1821987974,2005556.634166768,3148129.208734792,-11705343.898770653,phase_formula
4658.7063304314215,0.0003539243584617049,11.0,18.71689580695603,537.1845981147325,518.4677023077764,861.7162299365698,4658.7063304314215,2187203.9607271804,0.820429503422576,0.596989511901107,0.323,0.820429503422576,0.0,209.82970855509026,218.9343935087818,0.0,142.0547126917961,1.0,2.0,0.0,0.0,ok,13136475.0741863,3484377.1821987974,2005556.634166768,3128695.5498979148,-11704831.980504343,phase_formula
5233.820570907399,0.0003976160883466838,11.0,18.859222773917313,480.288213841243,461.4289910673257,790.688817759832,5233.820570907399,2195020.098235233,0.8203847130077287,0.5970168599153971,0.323,0.8203847130077287,0.0,186.76414062953972,194.86441069569983,0.0,126.43932320619841,1.0,2.0,0.0,0.0,ok,13133199.249627843,3484377.1821987974,2005556.634166768,3108185.780219035,-11704256.866263868,phase_formula
5879.932287106999,0.0004467015336250854,11.0,19.001567026076543,429.65947311861805,410.6579060925415,726.5390231052471,5879.932287106999,2203306.3101215777,0.8203343617692594,0.596451517458945,0.323,0.8203343617692594,0.0,165.87153261081016,172.90809636792795,0.0,112.29502757751848,1.0,2.0,0.0,0.0,ok,13129518.674678758,3484377.1821987974,2005556.634166768,3086546.117188405,-11703610.754547669,phase_formula
6500.0,0.0004938084023398921,11.0,19.124238895477024,390.54894850214856,371.4247096066715,676.2542763647738,6500.0,2210841.618507913,0.8202860087777326,0.5964346652171124,0.323,0.8202860087777326,0.0,150.01534878089123,156.36536606333289,0.0,101.56039112466338,1.0,2.0,0.0,0.0,ok,13125986.108845066,3484377.1821987974,2005556.634166768,3066959.963598132,-11702990.686834775,phase_formula
6605.806070835401,0.00050184654492406,11.0,19.144015435887134,384.6097462351204,365.46573079923326,668.555154427254,6605.806070835401,2212091.066909615,0.8202777549320021,0.5964325663014935,0.323,0.8202777549320021,0.0,147.60743377796916,153.85337165347647,0.0,99.93023266768512,1.0,2.0,0.0,0.0,ok,13125383.290510792,3484377.1821987974,2005556.634166768,3063720.8464663895,-11702884.88076394,phase_formula
7421.288497006765,0.000563799171693897,11.0,19.28654981689141,344.5259770680252,325.2394272511338,616.1017745541603,7421.288497006765,2221404.5979008786,0.820214109758286,0.5964232754283667,0.323,0.820214109758286,0.0,131.35602584557012,136.90092919833506,0.0,88.92802949745096,1.0,2.0,0.0,0.0,ok,13120736.834114853,3484377.1821987974,2005556.634166768,3039652.358811548,-11702069.398337768,phase_formula
8337.44169374924,0.000633399809598818,11.0,19.429074975505653,308.86239519180106,289.4333202162954,568.6114109503985,8337.44169374924,2231279.007172634,0.820142544106371,0.5964262443634898,0.323,0.820142544106371,0.0,116.89610892229977,121.81970592262044,0.0,79.13866574039696,1.0,2.0,0.0,0.0,ok,13115516.0659211,3484377.1821987974,2005556.634166768,3014281.2067847583,-11701153.245141026,phase_formula
9366.693401651874,0.0007115926005965109,11.0,19.57172634426017,277.1334213512858,257.5616950070256,525.5774587176564,9366.693401651874,2241748.392294012,0.8200620634203977,0.5964447704362795,0.323,0.8200620634203977,0.0,104.03086937130743,108.40414502331929,0.0,70.42889856437515,1.0,2.0,0.0,0.0,ok,13109649.90034232,3484377.1821987974,2005556.634166768,2987546.184319836,-11700123.993433123,phase_formula
10523.00555772709,0.0007994382403500031,11.0,19.71451220846334,248.90672090039098,229.19220869192765,486.5472285818439,10523.00555772709,2252848.982400664,0.8199715459159275,0.596482672789106,0.323,0.8199715459159275,0.0,92.58507801404275,96.47121454339563,0.0,62.68009781550695,1.0,2.0,0.0,0.0,ok,13103058.426791685,3484377.1821987974,2005556.634166768,2959384.432621705,-11698967.681277048,phase_formula
11822.06369095274,0.0008981283667061263,11.0,19.857337658540928,223.79736296060776,203.94002530206683,451.11610034655587,11822.06369095274,2264619.2847054135,0.8198697256843294,0.59654435513001,0.323,0.8198697256843294,0.0,82.40272187068209,85.85793736739323,0.0,55.78664270645179,1.0,2.0,0.0,0.0,ok,13095651.807062,3484377.1821987974,2005556.634166768,2929731.576252696,-11697668.623143822,phase_formula
13281.489698569587,0.0010090017244222128,11.0,20.000281942547677,201.46287741685796,181.4625954743103,418.9225718802227,13281.489698569587,2277100.2322354233,0.8197551733901,0.5952664723581036,0.323,0.8197551733901,0.0,72.97811039104289,75.88092828849518,0.0,49.40618073473604,1.0,2.0,0.0,0.0,ok,13087329.03304877,3484377.1821987974,2005556.634166768,2898521.893703852,-11696209.197136207,phase_formula
14921.080889473207,0.0011335623254177018,11.0,20.143396444791886,181.5984061614879,161.45500971669603,389.6434022085979,14921.080889473207,2290335.357244964,0.8196262741756573,0.5952236843844577,0.323,0.8196262741756573,0.0,64.92153265495922,67.4882087663471,0.0,43.95187760740739,1.0,2.0,0.0,0.0,ok,13077976.526613569,3484377.1821987974,2005556.634166768,2865688.5272186,-11694569.605945302,phase_formula
15000.0,0.0011395578515535972,11.0,20.14986751420224,180.75217425452453,160.6023067403223,388.3807523511838,15000.0,2290953.7453900073,0.8196200643217817,0.5952221963956277,0.323,0.8196200643217817,0.0,64.57830529845621,67.1307198191766,0.0,43.71951268705486,1.0,2.0,0.0,0.0,ok,13077526.297363218,3484377.1821987974,2005556.634166768,2864161.041201821,-11694490.686834775,phase_formula
16763.07853735573,0.0012734998508968874,11.0,20.28668042711083,163.9325426889743,143.64586226186347,362.9894413078203,16763.07853735573,2304370.976980181,0.8194812023156479,0.5952029272404784,0.323,0.8194812023156479,0.0,57.75601801131727,60.026221408052166,0.0,39.10082419366179,1.0,2.0,0.0,0.0,ok,13067466.560869219,3484377.1821987974,2005556.634166768,2831163.7371434034,-11692727.608297419,phase_formula
18832.46958655668,0.0014307125721003326,11.0,20.430047826439754,148.22361722709942,127.79356940065966,338.70190520409017,18832.46958655668,2319256.4017715817,0.8193178920740638,0.5952101536020886,0.323,0.8193178920740638,0.0,51.383614705927215,53.392628345055414,0.0,34.78670715591272,1.0,2.0,0.0,0.0,ok,13055655.479266036,3484377.1821987974,2005556.634166768,2794879.2066169553,-11690658.217248218,phase_formula
21157.325603303416,0.0016073331006080237,11.0,20.573637493932054,134.25672984690544,113.68309235297338,316.5493981436344,21157.325603303416,2335044.1291132444,0.8191340041081991,0.5952529093014621,0.323,0.8191340041081991,0.0,45.71721215876484,47.49645909321051,0.0,30.950552631483795,1.0,2.0,0.0,0.0,ok,13042381.685498033,3484377.1821987974,2005556.634166768,2756766.402981926,-11688333.361231472,phase_formula
23769.183570259636,0.0018057573175005422,11.0,20.717469840671804,121.84049006094423,101.12302022027244,296.32464096048636,23769.183570259636,2351790.107182843,0.818926886628168,0.5953399624011811,0.323,0.818926886628168,0.0,40.679231203372034,42.25667469013947,0.0,27.53983952468287,1.0,2.0,0.0,0.0,ok,13027463.373342229,3484377.1821987974,2005556.634166768,2716757.002898033,-11685721.503264517,phase_formula
26326.0,0.002,11.0,20.843880985860448,112.08540608976568,91.24152510390523,280.0146893699325,26326.0,2367324.679179332,0.8187235896985232,0.595460934199959,0.323,0.8187235896985232,0.0,36.72045962723638,38.141375424917726,0.0,24.859751167639036,1.0,2.0,0.0,0.0,ok,13012853.401198272,3484377.1821987974,2005556.634166768,2680024.588586527,-11683164.686834775,phase_formula
26703.473689911352,0.002028676873806226,11.0,20.86155488509491,110.8045283337209,89.94297344862598,277.8419708622391,26703.473689911352,2369553.9960090523,0.8186935303520951,0.5954816962122255,0.323,0.8186935303520951,0.0,36.200611473637764,37.601129960185844,0.0,24.507813967652766,1.0,2.0,0.0,0.0,ok,13010695.960985774,3484377.1821987974,2005556.634166768,2674783.3887514244,-11682787.213144865,phase_formula
30000.0,0.0022791157031071944,11.0,21.00583417481828,100.99712675326846,79.99129257845019,260.9349602215306,30000.0,2388399.477633309,0.8184305160856676,0.5925934224536795,0.323,0.8184305160856676,0.0,31.853953224103392,32.93004269947728,0.0,21.565126332717995,1.0,2.0,0.0,0.0,ok,12991849.189049672,3484377.1821987974,2005556.634166768,2630779.224578494,-11679490.686834775,phase_formula
100.0,7.597052343690648e-06,11.25,13.610221699757377,23967.590213778873,23953.979992079116,25266.192802013054,100.0,2081625.9687756724,0.8247662556362007,0.6002920609042502,0.323,0.8247662556362007,0.0,9811.29760541033,10346.486158570448,0.0,6642.248478862792,1.0,2.0,0.0,0.0,ok,13162435.361873116,3406946.578149935,1960988.7089630621,3354089.9343096334,-11430884.72611912,phase_formula
112.34493440205146,8.534903472008771e-06,11.25,13.747854615009865,21335.49886080585,21321.75100619084,22584.945857931893,112.34493440205146,2082761.0736887516,0.8247653276318154,0.6002924940800006,0.323,0.8247653276318154,0.0,8733.178012790871,9209.551572965913,0.0,5912.36151465942,1.0,2.0,0.0,0.0,ok,13162365.656502767,3406946.578149935,1960988.7089630621,3350908.8879132643,-11430872.381184718,phase_formula
126.21384285801246,9.588531706906667e-06,11.25,13.885554180322654,18992.64797746604,18978.762423285716,20194.36661331586,126.21384285801246,2083963.5896889698,0.8247642850521263,0.6002931815270685,0.323,0.8247642850521263,0.0,7773.532368979719,8197.55649019066,0.0,5262.68141379927,1.0,2.0,0.0,0.0,ok,13162287.345896395,3406946.578149935,1960988.7089630621,3347541.165500053,-11430858.51227626,phase_formula
141.79485896514254,1.077222965624421e-05,11.25,14.023185470488889,16907.25447548648,16893.231290015992,18062.670080181768,141.79485896514254,2085237.5951009607,0.8247631137492766,0.6002793265176982,0.323,0.8247631137492766,0.0,6918.971631910403,7296.222648041158,0.0,4684.143794803343,1.0,2.0,0.0,0.0,ok,13162199.36770295,3406946.578149935,1960988.7089630621,3343975.7448561657,-11430842.931260154,phase_formula
159.29934128987077,1.210205434094589e-05,11.25,14.160891528539233,15051.027989284803,15036.867097756263,16161.559337999557,159.29934128987077,2086587.4107439579,0.8247617978279195,0.6002788656641058,0.323,0.8247617978279195,0.0,6158.649116702767,6494.428466363196,0.0,4169.405452007773,1.0,2.0,0.0,0.0,ok,13162100.528414264,3406946.578149935,1960988.7089630621,3340200.9824656146,-11430825.426777828,phase_formula
178.96474047500539,1.3596045010636282e-05,11.25,14.2985217104888,13398.786539782363,13384.488018071874,14465.841782512969,178.96474047500539,2088017.614659681,0.8247603194292435,0.6002786301093266,0.323,0.8247603194292435,0.0,5481.879619447067,5780.747075010192,0.0,3711.232502365665,1.0,2.0,0.0,0.0,ok,13161989.487171032,3406946.578149935,1960988.7089630621,3336204.5799129964,-11430805.761378644,phase_formula
201.05782028944645,1.5274467848472724e-05,11.25,14.436234994853931,11928.115542844713,11913.67930784986,12953.088657361675,201.05782028944645,2089533.0577102185,0.8247586584882702,0.6002786856743906,0.323,0.8247586584882702,0.0,4879.482038444301,5145.496352129856,0.0,3303.4093400267925,1.0,2.0,0.0,0.0,ok,13161864.737568907,3406946.578149935,1960988.7089630621,3331973.54879666,-11430783.66829883,phase_formula
225.87827631437312,1.7160090884629123e-05,11.25,14.573864707676282,10619.063115019782,10604.489250312106,11603.330828867827,225.87827631437312,2091138.8801173463,0.8247567924611092,0.600279104098723,0.323,0.8247567924611092,0.0,4343.28401588047,4580.057918855504,0.0,2940.403278751079,1.0,2.0,0.0,0.0,ok,13161724.58721766,3406946.578149935,1960988.7089630621,3327494.1741315057,-11430758.847842805,phase_formula
253.76280135386727,1.9278492847669018e-05,11.25,14.71158613643586,9453.870093446436,9439.15850731,10398.789231698143,253.76280135386727,2092840.5289801108,0.8247546960184388,0.6002799785395012,0.323,0.8247546960184388,0.0,3866.0113269392414,4076.7605978109373,0.0,2617.2896683378667,1.0,2.0,0.0,0.0,ok,13161567.134775775,3406946.578149935,1960988.7089630621,3322751.97620533,-11430730.963317765,phase_formula
285.08965271781034,2.1658410143417938e-05,11.25,14.849216261781644,8416.728427790134,8401.879211528352,9323.633637403072,285.08965271781034,2094643.7768600474,0.8247523407010162,0.6002814100459393,0.323,0.8247523407010162,0.0,3441.188943586774,3628.7759665981407,0.0,2329.6849148082465,1.0,2.0,0.0,0.0,ok,13161390.244148506,3406946.578149935,1960988.7089630621,3317731.6708782264,-11430699.6364664,phase_formula
320.28378333286037,2.4332126668150144e-05,11.25,14.986946921856717,7493.567477573783,7478.580530651927,8363.769295233944,320.28378333286037,2096554.7414681022,0.8247496945324955,0.6002835289296389,0.323,0.8247496945324955,0.0,3063.053472560796,3230.0261334202114,0.0,2073.687200923659,1.0,2.0,0.0,0.0,ok,13161191.515498871,3406946.578149935,1960988.7089630621,3312417.128306924,-11430664.442335786,phase_formula
359.8226062857106,2.733591174395735e-05,11.25,15.124578612528458,6671.862373256612,6656.737794644084,7506.645600755787,359.8226062857106,2098579.906561908,0.824746721584239,0.600248788853139,0.323,0.824746721584239,0.0,2726.104123010322,2874.551589944783,0.0,1845.5724912779883,1.0,2.0,0.0,0.0,ok,13160968.252677638,3406946.578149935,1960988.7089630621,3306791.3300941815,-11430624.903512834,phase_formula
404.24247099543345,3.071051211695156e-05,11.25,15.262319854888032,5940.464916778261,5925.202596923373,6741.087268915811,404.24247099543345,2100726.144074522,0.8247433814861423,0.6002480920019985,0.323,0.8247433814861423,0.0,2426.515679058037,2558.6353783681607,0.0,1642.7511147222915,1.0,2.0,0.0,0.0,ok,13160717.426629625,3406946.578149935,1960988.7089630621,3300836.324880404,-11430580.483648123,phase_formula
454.1459388650521,3.4501704692323335e-05,11.25,15.399954482510694,5289.451519220364,5274.051564737853,6057.1425231886915,454.1459388650521,2103000.7376315296,0.8247396288767379,0.6002480238983897,0.323,0.8247396288767379,0.0,2159.852842336455,2277.4416237230466,0.0,1462.2203742617799,1.0,2.0,0.0,0.0,ok,13160435.634278802,3406946.578149935,1960988.7089630621,3294533.1823902107,-11430530.580180254,phase_formula
510.20995710752294,3.876091750418012e-05,11.25,15.5377082204704,4709.989455507638,4694.451747287168,5445.949568208929,510.20995710752294,2105411.407433051,0.8247354127849937,0.60024876183333,0.323,0.8247354127849937,0.0,1922.4976874766317,2027.154993228961,0.0,1301.5309344216798,1.0,2.0,0.0,0.0,ok,13160119.052333131,3406946.578149935,1960988.7089630621,3287861.9459838457,-11430474.516162012,phase_formula
520.0,3.950467218719137e-05,11.25,15.56016881231739,4621.618339744308,4606.058170931991,5352.509386840573,520.0,2105818.500246461,0.8247346765357852,0.600248969766035,0.323,0.8247346765357852,0.0,1886.2996788379942,1988.9850912869724,0.0,1277.024882573322,1.0,2.0,0.0,0.0,ok,13160063.769707656,3406946.578149935,1960988.7089630621,3286736.2787490785,-11430464.72611912,phase_formula
573.1950416251822,4.354592734370449e-05,11.25,15.675347381718302,4194.216142945738,4178.54079556402,4899.616069298223,573.1950416251822,2107966.3367334683,0.8247306759352664,0.6002504926088905,0.323,0.8247306759352664,0.0,1711.2296808810484,1804.3791601065557,0.0,1158.5024939564698,1.0,2.0,0.0,0.0,ok,13159763.385380704,3406946.578149935,1960988.7089630621,3280801.5837662253,-11430411.531077493,phase_formula
643.9555935096224,4.892164350904979e-05,11.25,15.813115939247076,3735.133424478134,3719.3203085388873,4411.113612297623,643.9555935096224,2110674.1998344366,0.8247253539657808,0.6002534657159564,0.323,0.8247253539657808,0.0,1523.1823421715608,1606.0912484116475,0.0,1031.1944456501467,1.0,2.0,0.0,0.0,ok,13159363.807570916,3406946.578149935,1960988.7089630621,3273329.9383359267,-11430340.77052561,phase_formula
723.4514891067264,5.4960988308647454e-05,11.25,15.950761871574734,3326.511660785986,3310.560898914411,3974.181954175876,723.4514891067264,2113544.1919237864,0.8247193745497864,0.6002579434893446,0.323,0.8247193745497864,0.0,1355.8039979752516,1429.6002906825408,0.0,917.8793066292453,1.0,2.0,0.0,0.0,ok,13158914.897086794,3406946.578149935,1960988.7089630621,3265423.675276643,-11430261.274630012,phase_formula
812.7611008676171,6.174588626206921e-05,11.25,16.08854166624704,2962.8062323201875,2946.7176906539403,3583.245666791545,812.7611008676171,2116586.060573105,0.8247126564071525,0.6001791420476689,0.323,0.8247126564071525,0.0,1206.453000520158,1271.9620753914717,0.0,816.768681352147,1.0,2.0,0.0,0.0,ok,13158410.562516058,3406946.578149935,1960988.7089630621,3257058.230528054,-11430171.965018252,phase_formula
913.0959256151148,6.93683754170869e-05,11.25,16.226203487642014,2639.081305484459,2622.8551019968168,3233.338027968851,913.0959256151148,2119810.1394062596,0.8247051081925983,0.6001771788899662,0.323,0.8247051081925983,0.0,1073.8487116818787,1132.1429257966595,0.0,726.995577808632,1.0,2.0,0.0,0.0,ok,13157843.960117707,3406946.578149935,1960988.7089630621,3248207.756796948,-11430071.630193504,phase_formula
1025.8170186601064,7.793185585809515e-05,11.25,16.363994271858196,2350.9438879037857,2334.5798936319275,2920.0351896950783,1025.8170186601064,2123227.3835503156,0.8246966272449723,0.6001766120496791,0.323,0.8246966272449723,0.0,955.8211897728182,1007.6960681302526,0.0,647.0909454761979,1.0,2.0,0.0,0.0,ok,13157207.400856214,3406946.578149935,1960988.7089630621,3238845.0692167673,-11429958.909100458,phase_formula
1152.4534566987763,8.755249234207827e-05,11.25,16.50167943011107,2094.4832532492564,2077.9815738191455,2639.3956996077577,1152.4534566987763,2126849.4076537276,0.824687098179979,0.6001777895736149,0.323,0.824687098179979,0.0,850.76859587281,896.9322079017229,0.0,575.9703394058924,1.0,2.0,0.0,0.0,ok,13156492.245935207,3406946.578149935,1960988.7089630621,3228941.590498922,-11429832.27266242,phase_formula
1294.7230799424149,9.836079008906897e-05,11.25,16.639484985197726,1866.2188370312215,1849.5793520460238,2387.908485464881,1294.7230799424149,2130688.525841049,0.824676391306463,0.6001811798509485,0.323,0.824676391306463,0.0,757.2652688745495,798.3479160217673,0.0,512.6685870280701,1.0,2.0,0.0,0.0,ok,13155688.789404498,3406946.578149935,1960988.7089630621,3218467.2958721947,-11429690.003039176,phase_formula
1300.0,9.876168046797843e-05,11.25,16.64426305386573,1858.7134634452573,1842.0692003913916,2379.6085661789216,1300.0,2130826.757305852,0.8246759941484596,0.6001813391984726,0.323,0.8246759941484596,0.0,754.1908535609241,795.1064762736378,0.0,510.5872078607457,1.0,2.0,0.0,0.0,ok,13155658.98808284,3406946.578149935,1960988.7089630621,3218090.595002482,-11429684.72611912,phase_formula
1454.5557948495277,0.00011050336510290418,11.25,16.77719863473935,1663.0521202738682,1646.274921639129,2162.444813856699,1454.5557948495277,2134757.794673161,0.8246643608437497,0.6001872809257182,0.323,0.8246643608437497,0.0,674.0420519724516,710.6047391313853,0.0,456.3264691853498,1.0,2.0,0.0,0.0,ok,13154786.126236819,3406946.578149935,1960988.7089630621,3207390.658162143,-11429530.17032427,phase_formula
1634.1197535649385,0.000124144933036917,11.25,16.915023830646653,1482.2254546504,1465.3104308197533,1960.2171827694788,1634.1197535649385,2139071.0582126165,0.8246508429145822,0.6001967435208971,0.323,0.8246508429145822,0.0,599.9693939002043,632.5115139205146,0.0,406.1792796704383,1.0,2.0,0.0,0.0,ok,13153772.00407037,3406946.578149935,1960988.7089630621,3195678.5934223905,-11429350.606365554,phase_formula
1835.850765193497,0.00013947054358379526,11.25,17.052772526485537,1321.2838446022317,1304.2310720757462,1778.7411613752597,1835.850765193497,2143642.9966618754,0.8246356532848043,0.6000179599453429,0.323,0.8246356532848043,0.0,533.6712420734871,562.4587298658738,0.0,361.2954308837507,1.0,2.0,0.0,0.0,ok,13152632.656588009,3406946.578149935,1960988.7089630621,3183296.407606827,-11429148.875353925,phase_formula
2062.485337876194,0.0001566880906993994,11.25,17.190623494393346,1178.0424058637461,1160.8517823693528,1615.802898143108,2062.485337876194,2148489.177227028,0.8246185848170823,0.6000127027944712,0.323,0.8246185848170823,0.0,474.9936333499462,500.60073586133694,0.0,321.5706897779137,1.0,2.0,0.0,0.0,ok,13151352.616250081,3406946.578149935,1960988.7089630621,3170207.7448468674,-11428922.240781242,phase_formula
2317.0977998889393,0.0001760311327120671,11.25,17.32841547877081,1050.5560179436088,1033.227602464838,1469.4288178105073,2317.0977998889393,2153626.1092983587,0.8245994046015337,0.6000104563009917,0.323,0.8245994046015337,0.0,422.76934951486624,445.5482352769884,0.0,286.21484962156444,1.0,2.0,0.0,0.0,ok,13149914.503811734,3406946.578149935,1960988.7089630621,3156374.537993191,-11428667.62831923,phase_formula
2603.142003316607,0.00019776206057255997,11.25,17.46629996175135,937.093593258018,919.6272932962667,1337.8599251150822,2603.142003316607,2159071.301939558,0.82457785072106,0.6000120833957238,0.323,0.82457785072106,0.0,376.2893241707077,396.5534888430878,0.0,254.74787246356914,1.0,2.0,0.0,0.0,ok,13148298.79173308,3406946.578149935,1960988.7089630621,3141756.9621845675,-11428381.584115803,phase_formula
2924.49817601829,0.00022217565722238775,11.25,17.60414568664049,836.1139971645475,818.5098514779071,1219.5277566657394,2924.49817601829,2164843.326574798,0.8245536286033629,0.60001853752383,0.323,0.8245536286033629,0.0,334.9223072455793,352.9507749806732,0.0,226.7424020052572,1.0,2.0,0.0,0.0,ok,13146483.53822675,3406946.578149935,1960988.7089630621,3126313.3923190325,-11428060.2279431,phase_formula
3200.0,0.00024310567499810073,11.25,17.710838403490797,765.7007637517132,747.9899253482224,1136.1939017102866,3200.0,2169544.057127296,0.8245328564844118,0.6000276072210877,0.323,0.8245328564844118,0.0,306.0766015431286,322.5477630644549,0.0,207.21385924469806,1.0,2.0,0.0,0.0,ok,13144927.23364246,3406946.578149935,1960988.7089630621,3113775.222509931,-11427784.72611912,phase_formula
3285.5255574369426,0.0002496030963638185,11.25,17.74207351184772,746.2456788988501,728.5036053870024,1113.034037071303,3285.5255574369426,2170961.882199554,0.8245264069049061,0.6000310257728495,0.323,0.8245264069049061,0.0,298.106500856101,314.14765448843593,0.0,201.8181010795804,1.0,2.0,0.0,0.0,ok,13144444.088276858,3406946.578149935,1960988.7089630621,3110000.3654378094,-11427699.200561682,phase_formula
3691.1215322651688,0.0002804164348754212,11.25,17.879986204153553,666.2675944586287,648.3876082544751,1017.1316220976645,3691.1215322651688,2177447.866660825,0.8244958128643488,0.6000509054936665,0.323,0.8244958128643488,0.0,265.34176363039137,279.61667481799236,0.0,179.63637397777495,1.0,2.0,0.0,0.0,ok,13142152.737499975,3406946.578149935,1960988.7089630621,3092772.5491726818,-11427293.604586855,phase_formula
4146.7880641233005,0.0003150336598133633,11.25,18.017969819417583,595.0930456777311,577.0750758583135,930.7083547874349,4146.7880641233005,2184323.450889836,0.8244614270540023,0.5996453626245231,0.323,0.8244614270540023,0.0,235.8126198262886,248.3397831051754,0.0,159.64514362239737,1.0,2.0,0.0,0.0,ok,13139578.354194963,3406946.578149935,1960988.7089630621,3074582.717575387,-11426837.938054996,phase_formula
4658.7063304314215,0.0003539243584617049,11.25,18.15596622637492,531.7546103761075,513.5986441497325,852.7720074570526,4658.7063304314215,2191612.1601152048,0.8244227774474511,0.5996316171913857,0.323,0.8244227774474511,0.0,209.86355024880874,220.99647425448495,0.0,142.07762351844352,1.0,2.0,0.0,0.0,ok,13136685.954336634,3406946.578149935,1960988.7089630621,3055381.735827906,-11426326.019788688,phase_formula
5233.820570907399,0.0003976160883466838,11.25,18.29402141791851,475.39126824770545,457.09724682978697,782.437417005591,5233.820570907399,2199338.9588174922,0.8243793327093517,0.5996245085119197,0.323,0.8243793327093517,0.0,186.77149371704797,196.66609896074408,0.0,126.44430124644148,1.0,2.0,0.0,0.0,ok,13133436.223598303,3406946.578149935,1960988.7089630621,3035118.5555330906,-11425750.905548211,phase_formula
5879.932287106999,0.0004467015336250854,11.25,18.43212276427086,425.2365576332483,406.80443486897747,718.9146482104061,5879.932287106999,2207530.3432731386,0.8243304945992374,0.5996258804643778,0.323,0.8243304945992374,0.0,166.22250365205988,175.0175736355814,0.0,112.53263497244455,1.0,2.0,0.0,0.0,ok,13129784.97972986,3406946.578149935,1960988.7089630621,3013740.222514416,-11425104.793832012,phase_formula
6500.0,0.0004938084023398921,11.25,18.55109130317841,386.491914692868,367.9408233896896,669.1223177115177,6500.0,2214979.3161201957,0.8242835950675791,0.5996355259784419,0.323,0.8242835950675791,0.0,150.34786293552116,158.29545144962663,0.0,101.78550320734783,1.0,2.0,0.0,0.0,ok,13126280.578609431,3406946.578149935,1960988.7089630621,2994391.6332455734,-11424484.72611912,phase_formula
6605.806070835401,0.00050184654492406,11.25,18.570269577971924,380.6082491004895,362.03797952251756,661.498669846435,6605.806070835401,2216214.439737316,0.8242755893645339,0.5996379378146854,0.323,0.8242755893645339,0.0,147.9371345135961,155.75619955781187,0.0,100.15344006570457,1.0,2.0,0.0,0.0,ok,13125682.56775812,3406946.578149935,1960988.7089630621,2991191.8993000234,-11424378.920048283,phase_formula
7421.288497006765,0.000563799171693897,11.25,18.70850279269994,340.8991205974008,322.1906178047008,609.5601313162493,7421.288497006765,2225421.1094863387,0.8242138579783979,0.5996633335273669,0.323,0.8242138579783979,0.0,131.66666226453518,138.6196838408207,0.0,89.13833035309031,1.0,2.0,0.0,0.0,ok,13121073.179500483,3406946.578149935,1960988.7089630621,2967416.9047431396,-11423563.437622111,phase_formula
8337.44169374924,0.000633399809598818,11.25,18.846766721598552,305.568581605015,286.72181488341647,562.536985494314,8337.44169374924,2235182.064191996,0.8241444450548377,0.5997051362562226,0.323,0.8241444450548377,0.0,117.18965857451578,123.37450051016951,0.0,79.33739885494718,1.0,2.0,0.0,0.0,ok,13115894.08777421,3406946.578149935,1960988.7089630621,2942356.773535958,-11422647.28442537,phase_formula
9366.693401651874,0.0007115926005965109,11.25,18.985166014336283,274.13559766481376,255.15043165047746,519.9274102285572,9366.693401651874,2245530.984007167,0.8240663862460809,0.5997671166501423,0.323,0.8240663862460809,0.0,104.30908313137644,109.81287113723235,0.0,70.61724927994184,1.0,2.0,0.0,0.0,ok,13110074.784422064,3406946.578149935,1960988.7089630621,2915951.3387058363,-11421618.032717466,phase_formula
10523.00555772709,0.0007994382403500031,11.25,19.123579537363398,246.17177753960283,227.04819800223942,481.28289030214694,10523.00555772709,2256503.6563527933,0.8239785938943555,0.5987502605028872,0.323,0.8239785938943555,0.0,92.47946786680744,97.20212832851591,0.0,62.608599745828634,1.0,2.0,0.0,0.0,ok,13103536.009837292,3406946.578149935,1960988.7089630621,2888138.8405522965,-11420461.720561393,phase_formula
11822.06369095274,0.0008981283667061263,11.25,19.262188435393465,221.29609172990573,202.03390329451227,446.20293046758934,11822.06369095274,2268138.106237284,0.8238798406709609,0.5987300112284283,0.323,0.8238798406709609,0.0,82.28480121701487,86.47310498815065,0.0,55.706810423919066,1.0,2.0,0.0,0.0,ok,13096188.660029244,3406946.578149935,1960988.7089630621,2858856.065876478,-11419162.662428167,phase_formula
13281.489698569587,0.0010090017244222128,11.25,19.400793024604233,199.1690181888912,179.76822516428695,414.32919324635225,13281.489698569587,2280474.768811273,0.8237687408881781,0.5987283777163257,0.323,0.8237687408881781,0.0,73.21595434193794,76.93132396309191,0.0,49.56720108949199,1.0,2.0,0.0,0.0,ok,13087932.555392958,3406946.578149935,1960988.7089630621,2828038.5217938945,-11417703.23642055,phase_formula
14921.080889473207,0.0011335623254177018,11.25,19.539628708719075,179.48875527898477,159.9491265702657,385.34170369997616,14921.080889473207,2293556.6291645286,0.823643729112306,0.5987506287049971,0.323,0.823643729112306,0.0,65.14929425785215,68.44643357582406,0.0,44.106072212565905,1.0,2.0,0.0,0.0,ok,13078655.053192401,3406946.578149935,1960988.7089630621,2795620.6488825893,-11416063.645229645,phase_formula
15000.0,0.0011395578515535972,11.25,19.54588227504703,178.65033907935793,159.1044568043109,384.0916270181346,15000.0,2294167.851252212,0.8236377066073308,0.598752226462905,0.323,0.8236377066073308,0.0,64.80562511663196,68.08499940675908,0.0,43.87340820395984,1.0,2.0,0.0,0.0,ok,13078208.436948013,3406946.578149935,1960988.7089630621,2794112.5671699,-11415984.72611912,phase_formula
16763.07853735573,0.0012734998508968874,11.25,19.678515778127867,161.9862743902006,142.30775861207275,358.9538925474283,16763.07853735573,2307429.4382448937,0.8235030356364244,0.5988024163935894,0.323,0.8235030356364244,0.0,57.974628798767085,60.902201529383134,0.0,39.248823696765314,1.0,2.0,0.0,0.0,ok,13068229.483291375,3406946.578149935,1960988.7089630621,2761536.078923901,-11414221.647581764,phase_formula
18832.46958655668,0.0014307125721003326,11.25,19.81762433809715,146.42243788696865,126.6048135488715,334.9097039435592,18832.46958655668,2322141.8730797484,0.8233446582862419,0.5988910339958514,0.323,0.8233446582862419,0.0,51.59399249460877,54.19532283717671,0.0,34.929132918850144,1.0,2.0,0.0,0.0,ok,13056513.383811671,3406946.578149935,1960988.7089630621,2725717.9430241412,-11412152.256532563,phase_formula
21157.325603303416,0.0016073331006080237,11.25,19.956886946201838,132.58416549119568,112.62727854499384,312.97975159715907,21157.325603303416,2337745.788161585,0.8231663299275135,0.5990246955748292,0.323,0.8231663299275135,0.0,45.920103801777564,48.23374385992753,0.0,31.087910273803416,1.0,2.0,0.0,0.0,ok,13043346.510096408,3406946.578149935,1960988.7089630621,2688099.236469431,-11409827.400515815,phase_formula
23769.183570259636,0.0018057573175005422,11.25,20.096345013483123,120.28189111942226,100.18554610593912,292.9587639866245,23769.183570259636,2354296.430818885,0.8229654809137128,0.5967181318479424,0.323,0.8229654809137128,0.0,40.506056895544404,42.39018483082574,0.0,27.42260051828356,1.0,2.0,0.0,0.0,ok,13028548.586523455,3406946.578149935,1960988.7089630621,2648613.247252989,-11407215.54254886,phase_formula
26326.0,0.002,11.25,20.218954128693422,110.6161120124945,90.39715788380107,276.8136704406644,26326.0,2369649.459242049,0.8227683435757621,0.5966691417688967,0.323,0.8227683435757621,0.0,36.54196841419098,38.22926277507972,0.0,24.7389126164073,1.0,2.0,0.0,0.0,ok,13014056.743262896,3406946.578149935,1960988.7089630621,2612365.723975661,-11404658.72611912,phase_formula
26703.473689911352,0.002028676873806226,11.25,20.236085472425618,109.34692747884414,89.11084200641852,274.66293772324036,26703.473689911352,2371852.699896092,0.8227391955510479,0.5966647421543394,0.323,0.8227391955510479,0.0,36.02141152266263,37.6830221600974,0.0,24.386495600842608,1.0,2.0,0.0,0.0,ok,13011916.766245626,3406946.578149935,1960988.7089630621,2607194.0558176828,-11404281.252429208,phase_formula
30000.0,0.0022791157031071944,11.25,20.37599221069789,99.62892802935588,79.25293581865799,257.92738791657086,30000.0,2390477.4833682105,0.8224841614554153,0.5966531838803802,0.323,0.8224841614554153,0.0,32.03518200685846,33.50145916325354,0.0,21.687818218643184,1.0,2.0,0.0,0.0,ok,12993222.758701647,3406946.578149935,1960988.7089630621,2563777.114168042,-11400984.72611912,phase_formula
100.0,7.597052343690648e-06,11.5,13.21435562468432,23741.511013458683,23728.296657834,25025.97800151382,100.0,2086848.8419331973,0.8285757402691657,0.6031027592215672,0.323,0.8285757402691657,0.0,9817.372770291277,10447.9683765974,0.0,6646.361365487193,1.0,2.0,0.0,0.0,ok,13162439.616229013,3332882.5221031974,1918358.5196377782,3280606.5746721355,-11164881.100329762,phase_formula
112.34493440205146,8.534903472008771e-06,11.5,13.34805102887537,21134.216883174682,21120.868832145807,22370.06698721535,112.34493440205146,2087971.4966645464,0.8285748392798882,0.6031026569422532,0.323,0.8285748392798882,0.0,8738.569389679269,9299.858122078882,0.0,5916.011476812866,1.0,2.0,0.0,0.0,ok,13162370.436087018,3332882.5221031974,1918358.5196377782,3277460.6697523813,-11164868.75539536,phase_formula
126.21384285801246,9.588531706906667e-06,11.5,13.481690632606092,18813.43784419675,18799.956153564144,20002.082698909056,126.21384285801246,2089160.8202971388,0.8285738270508631,0.6031027388159593,0.323,0.8285738270508631,0.0,7778.314930920624,8277.915217760961,0.0,5265.919208233263,1.0,2.0,0.0,0.0,ok,13162292.715554819,3332882.5221031974,1918358.5196377782,3274130.1752291457,-11164854.886486905,phase_formula
141.79485896514254,1.077222965624421e-05,11.5,13.615330313621751,16747.690461648213,16734.07513133459,17890.53982176322,141.79485896514254,2090420.8459177092,0.8285726898461527,0.6031030526198723,0.323,0.8285726898461527,0.0,6923.582757839155,7368.275891585461,0.0,4687.265527057109,1.0,2.0,0.0,0.0,ok,13162205.400288293,3332882.5221031974,1918358.5196377782,3270604.195033346,-11164839.305470798,phase_formula
159.29934128987077,1.210205434094589e-05,11.5,13.74903672975319,14908.950849944667,14895.201813214915,16007.407987944367,159.29934128987077,2091755.8463784824,0.8285714122332186,0.6031036555008373,0.323,0.8285714122332186,0.0,6162.777662192317,6558.599790547078,0.0,4172.200477304199,1.0,2.0,0.0,0.0,ok,13162107.305775123,3332882.5221031974,1918358.5196377782,3266871.2192831025,-11164821.800988473,phase_formula
178.96474047500539,1.3596045010636282e-05,11.5,13.88266556733406,13272.27430238377,13258.391636816435,14327.731981503812,178.96474047500539,2093170.348851753,0.8285699768732395,0.6031046114376497,0.323,0.8285699768732395,0.0,5485.578489983236,5837.902457981956,0.0,3713.7366377186518,1.0,2.0,0.0,0.0,ok,13161997.101262964,3332882.5221031974,1918358.5196377782,3262919.0911364127,-11164802.135589289,phase_formula
201.05782028944645,1.5274467848472724e-05,11.5,14.016317210834586,11815.45737049141,11801.441053280574,12829.294337289723,201.05782028944645,2094669.150248548,0.8285683642854808,0.6030845806068843,0.323,0.8285683642854808,0.0,4882.424915753259,5195.8489065298845,0.0,3305.4016679649562,1.0,2.0,0.0,0.0,ok,13161873.291702863,3332882.5221031974,1918358.5196377782,3258734.972185153,-11164780.042509474,phase_formula
225.87827631437312,1.7160090884629123e-05,11.5,14.15003651700654,10518.736369687338,10504.586333170331,11492.314309389276,225.87827631437312,2096257.3335602146,0.828566552582498,0.6030838517194755,0.323,0.828566552582498,0.0,4345.886264274901,4624.85152991951,0.0,2942.1650009141076,1.0,2.0,0.0,0.0,ok,13161734.197462732,3332882.5221031974,1918358.5196377782,3254305.3063647943,-11164755.22205345,phase_formula
253.76280135386727,1.9278492847669018e-05,11.5,14.2836557037535,9364.519124542096,9350.235468838342,10299.18003747301,253.76280135386727,2097940.2851813016,0.8285645171725506,0.603083427350402,0.323,0.8285645171725506,0.0,3868.3101870687397,4116.6058868862,0.0,2618.8459966455375,1.0,2.0,0.0,0.0,ok,13161577.931535348,3332882.5221031974,1918358.5196377782,3249615.782348267,-11164727.33752841,phase_formula
285.08965271781034,2.1658410143417938e-05,11.5,14.41732138590392,8337.146857877317,8322.729536491413,9234.21080879943,285.08965271781034,2099723.7132612374,0.8285622304251541,0.6030833979108415,0.323,0.8285622304251541,0.0,3443.217678690455,3664.216628079686,0.0,2331.0583684734383,1.0,2.0,0.0,0.0,ok,13161402.373931302,3332882.5221031974,1918358.5196377782,3244651.2944142804,-11164696.010677045,phase_formula
320.28378333286037,2.4332126668150144e-05,11.5,14.551053552508169,7422.681334348358,7408.13028079585,8283.444542401281,320.28378333286037,2101613.6671751877,0.8285596612951857,0.6030838682312045,0.323,0.8285596612951857,0.0,3064.8416328006233,3261.5460324791975,0.0,2074.897785406022,1.0,2.0,0.0,0.0,ok,13161205.142909007,3332882.5221031974,1918358.5196377782,3239395.90177292,-11164660.81654643,phase_formula
359.8226062857106,2.733591174395735e-05,11.5,14.684667209428174,6608.715707790005,6594.031040580577,7434.44893739556,359.8226062857106,2103616.558162759,0.8285567749003864,0.6030849553380668,0.323,0.8285567749003864,0.0,2728.0485812390507,2903.130704550088,0.0,1846.8888894988372,1.0,2.0,0.0,0.0,ok,13160983.562650852,3332882.5221031974,1918358.5196377782,3233832.7863570405,-11164621.277723478,phase_formula
404.24247099543345,3.071051211695156e-05,11.5,14.818349675127918,5884.20680049488,5869.388450819752,6676.154027188707,404.24247099543345,2105739.1812004973,0.8285535320464528,0.6030868118537902,0.323,0.8285535320464528,0.0,2428.2692743302223,2584.1077858748786,0.0,1643.9382987215604,1.0,2.0,0.0,0.0,ok,13160734.626946166,3332882.5221031974,1918358.5196377782,3227944.2090846556,-11164576.857858768,phase_formula
454.1459388650521,3.4501704692323335e-05,11.5,14.952076013788268,5239.324713923646,5224.372637909858,5998.702033142108,454.1459388650521,2107988.738224549,0.8285498886931828,0.6030896103369825,0.323,0.8285498886931828,0.0,2161.4364791837,2300.148662419735,0.0,1463.292496407365,1.0,2.0,0.0,0.0,ok,13160454.958387341,3332882.5221031974,1918358.5196377782,3221711.464625616,-11164526.954390898,phase_formula
510.20995710752294,3.876091750418012e-05,11.5,15.085708708492625,4665.319584828698,4650.233876120205,5393.3143404938155,510.20995710752294,2110372.862752586,0.828545795354314,0.6030391908250081,0.323,0.828545795354314,0.0,1923.5564724013932,2046.8426752512255,0.0,1302.2477318157432,1.0,2.0,0.0,0.0,ok,13160140.762524245,3332882.5221031974,1918358.5196377782,3215114.8347082264,-11164470.890372656,phase_formula
520.0,3.950467218719137e-05,11.5,15.107548975338306,4577.7807031194525,4562.673154144114,5300.7620451670455,520.0,2110775.4717191323,0.8285450805415204,0.6030389162225068,0.323,0.8285450805415204,0.0,1887.3353695185294,2008.2973581536678,0.0,1277.7260451640445,1.0,2.0,0.0,0.0,ok,13160085.89657456,3332882.5221031974,1918358.5196377782,3214001.766045669,-11164461.100329762,phase_formula
573.1950416251822,4.354592734370449e-05,11.5,15.219411768594668,4154.403308162198,4139.183896393603,4852.173417411333,573.1950416251822,2112899.645976502,0.8285411964227656,0.6030378046346992,0.323,0.8285411964227656,0.0,1712.153576551499,1821.8756030839254,0.0,1159.1279713253648,1.0,2.0,0.0,0.0,ok,13159787.776353378,3332882.5221031974,1918358.5196377782,3208133.5400314312,-11164407.905288137,phase_formula
643.9555935096224,4.892164350904979e-05,11.5,15.353135830071105,3699.6433732655914,3684.2902374355203,4368.316827556165,643.9555935096224,2115577.6645012167,0.8285360294119362,0.6030372565077836,0.323,0.8285360294119362,0.0,1523.9860122154414,1621.6370622796057,0.0,1031.738530269854,1.0,2.0,0.0,0.0,ok,13159391.210440902,3332882.5221031974,1918358.5196377782,3200745.6908633695,-11164337.144736253,phase_formula
723.4514891067264,5.4960988308647454e-05,11.5,15.486792396808205,3294.868998346584,3279.3822059497757,3935.543520393991,723.4514891067264,2118416.009744192,0.8285302241025329,0.6030377678380368,0.323,0.8285302241025329,0.0,1356.5005507266646,1443.4097288909438,0.0,918.350872841952,1.0,2.0,0.0,0.0,ok,13158945.683891773,3332882.5221031974,1918358.5196377782,3192928.236433002,-11164257.648840657,phase_formula
812.7611008676171,6.174588626206921e-05,11.5,15.620521505141708,2934.587691864206,2918.9671703590643,3548.330532930085,812.7611008676171,2121424.319110624,0.8285237015830502,0.6030396200366769,0.323,0.8285237015830502,0.0,1207.4246045596542,1284.774991820434,0.0,817.426457286886,1.0,2.0,0.0,0.0,ok,13158445.151279476,3332882.5221031974,1918358.5196377782,3184656.913250984,-11164168.339228895,phase_formula
913.0959256151148,6.93683754170869e-05,11.5,15.754248305620587,2613.9103008289444,2598.156052523324,3201.75816263737,913.0959256151148,2124612.8091763305,0.8285163731705044,0.60304312986181,0.323,0.8285163731705044,0.0,1074.7352331137915,1143.579895773851,0.0,727.5957528180368,1.0,2.0,0.0,0.0,ok,13157882.820540892,3332882.5221031974,1918358.5196377782,3175906.1925308313,-11164068.004404148,phase_formula
1025.8170186601064,7.793185585809515e-05,11.5,15.887935600054673,2328.4849423411624,2312.5970067411076,2891.4440081979483,1025.8170186601064,2127992.310833159,0.8285081391962986,0.6030486742586935,0.323,0.8285081391962986,0.0,956.631795912068,1017.908077426647,0.0,647.63972583247,1.0,2.0,0.0,0.0,ok,13157251.060717192,3332882.5221031974,1918358.5196377782,3166649.2269125576,-11163955.283311103,phase_formula
1152.4534566987763,8.755249234207827e-05,11.5,16.02169852671625,2074.438084907601,2058.416386380885,2613.484149238556,1152.4534566987763,2131574.3066059994,0.8284988876401409,0.6029339273845896,0.323,0.8284988876401409,0.0,851.1382322487385,905.4963106564232,0.0,576.220583232396,1.0,2.0,0.0,0.0,ok,13156541.298282452,3332882.5221031974,1918358.5196377782,3156857.7967434856,-11163828.646873064,phase_formula
1294.7230799424149,9.836079008906897e-05,11.5,16.155435239320564,1848.3216325858816,1832.1661973465611,2364.400315848325,1294.7230799424149,2135370.970434866,0.8284884925927138,0.6029298249420831,0.323,0.8284884925927138,0.0,757.5745389778806,805.9412779633793,0.0,512.8779628880252,1.0,2.0,0.0,0.0,ok,13155743.90064518,3332882.5221031974,1918358.5196377782,3146502.256210094,-11163686.37724982,phase_formula
1300.0,9.876168046797843e-05,11.5,16.160086717267774,1840.8868939506688,1824.726807233401,2356.1797718319044,1300.0,2135507.6727651805,0.8284881070018468,0.6029297079485632,0.323,0.8284881070018468,0.0,754.4981421488328,802.6679251919641,0.0,510.7952422347599,1.0,2.0,0.0,0.0,ok,13155714.324068246,3332882.5221031974,1918358.5196377782,3146129.8310013325,-11163681.100329762,phase_formula
1454.5557948495277,0.00011050336510290418,11.5,16.289162958585212,1647.0664885351696,1630.7773255765844,2141.0935280956232,1454.5557948495277,2139395.2097359193,0.8284768125252675,0.6029274910449305,0.323,0.8284768125252675,0.0,674.2974966050441,717.3339553698685,0.0,456.499405201615,1.0,2.0,0.0,0.0,ok,13154848.045231525,3332882.5221031974,1918358.5196377782,3135551.4796795216,-11163526.544534914,phase_formula
1634.1197535649385,0.000124144933036917,11.5,16.422970701682978,1467.940874803029,1451.517904101346,1940.8024817900223,1634.1197535649385,2143660.710206121,0.8284636883414349,0.6029274401595526,0.323,0.8284636883414349,0.0,600.176796515286,638.4714097742817,0.0,406.31969124084867,1.0,2.0,0.0,0.0,ok,13153841.572360758,3332882.5221031974,1918358.5196377782,3123972.80866474,-11163346.980576199,phase_formula
1835.850765193497,0.00013947054358379526,11.5,16.55672754232645,1308.5129824447556,1291.9562549024292,1761.0662550502332,1835.850765193497,2148181.983638237,0.8284489411832869,0.6029302476081755,0.323,0.8284489411832869,0.0,534.2062545550489,568.2827739850286,0.0,361.6576343337681,1.0,2.0,0.0,0.0,ok,13152710.819899894,3332882.5221031974,1918358.5196377782,3111731.9999067183,-11163145.24956457,phase_formula
2062.485337876194,0.0001566880906993994,11.5,16.690509547805526,1166.6184124229324,1149.9279028751268,1599.691799805768,2062.485337876194,2152974.4183416623,0.8284323699599011,0.6029366353556018,0.323,0.8284323699599011,0.0,475.49032205670056,505.81495930344715,0.0,321.9069480323863,1.0,2.0,0.0,0.0,ok,13151440.43743279,3332882.5221031974,1918358.5196377782,3098793.175140909,-11162918.614991887,phase_formula
2317.0977998889393,0.0001760311327120671,11.5,16.824377758516214,1040.330592192657,1023.5062144341407,1454.724400480067,2317.0977998889393,2158054.3331587096,0.8284137485624335,0.6029474603347474,0.323,0.8284137485624335,0.0,423.23185430970324,450.21960221933443,0.0,286.52796536766914,1.0,2.0,0.0,0.0,ok,13150013.177395318,3332882.5221031974,1918358.5196377782,3085118.7732119383,-11162664.002529874,phase_formula
2603.142003316607,0.00019776206057255997,11.5,16.958169218151173,927.9344316894236,910.9762624712724,1324.4213658023384,2603.142003316607,2163439.0351854693,0.8283928227247733,0.6029636781870577,0.323,0.8283928227247733,0.0,376.7212188811756,400.74143941778544,0.0,255.0402651825559,1.0,2.0,0.0,0.0,ok,13148409.66030851,3332882.5221031974,1918358.5196377782,3070669.5053022793,-11162377.958326446,phase_formula
2924.49817601829,0.00022217565722238775,11.5,17.092025177132417,827.903588316861,810.8115631397286,1207.2293247248404,2924.49817601829,2169146.8802314224,0.8283693064832172,0.6026748527671769,0.323,0.8283693064832172,0.0,334.95362561747135,356.15112046700835,0.0,226.76360454302815,1.0,2.0,0.0,0.0,ok,13146608.11088098,3332882.5221031974,1918358.5196377782,3055404.3141554296,-11162056.602153745,phase_formula
3200.0,0.00024310567499810073,11.5,17.1955890940642,758.1516749742254,740.9560858801613,1124.699350744186,3200.0,2173795.2993092225,0.8283491397733195,0.6026685281436364,0.323,0.8283491397733195,0.0,306.08877098548663,325.4479042911268,0.0,207.22209795717447,1.0,2.0,0.0,0.0,ok,13145063.557992866,3332882.5221031974,1918358.5196377782,3043011.3909129896,-11161781.100329762,phase_formula
3285.5255574369426,0.0002496030963638185,11.5,17.225967118780048,738.8793360151793,721.6533688963992,1101.7631199956536,3285.5255574369426,2175197.338470572,0.8283428781821058,0.6026671805727869,0.323,0.8283428781821058,0.0,298.11338704595164,316.9648618445333,0.0,201.82276303010926,1.0,2.0,0.0,0.0,ok,13144584.061345099,3332882.5221031974,1918358.5196377782,3039280.3383047977,-11161695.574772326,phase_formula
3691.1215322651688,0.0002804164348754212,11.5,17.359822918062715,659.6520598275155,642.2922369094528,1006.7873233875475,3691.1215322651688,2181611.064399813,0.8283131759648685,0.6026643098462472,0.323,0.8283131759648685,0.0,265.32675798358105,282.0926961137999,0.0,179.62621515488442,1.0,2.0,0.0,0.0,ok,13142310.017932162,3332882.5221031974,1918358.5196377782,3022252.882466833,-11161289.978797497,phase_formula
4146.7880641233005,0.0003150336598133633,11.5,17.49378086371967,589.1454036679236,571.651622804204,921.200399801141,4146.7880641233005,2188409.9694769923,0.8282797926812385,0.6026676218759485,0.323,0.8282797926812385,0.0,236.1483750238972,251.06066821656535,0.0,159.8724498911784,1.0,2.0,0.0,0.0,ok,13139755.085873019,3332882.5221031974,1918358.5196377782,3004275.3954174086,-11160834.31226564,phase_formula
4658.7063304314215,0.0003539243584617049,11.5,17.62779595185695,526.4010731460646,508.77327719420765,844.019522658595,4658.7063304314215,2195617.3029094758,0.828242270131336,0.6026786699470813,0.323,0.828242270131336,0.0,210.1817333386908,223.4467830909981,0.0,142.2930334702937,1.0,2.0,0.0,0.0,ok,13136884.547724346,3332882.5221031974,1918358.5196377782,2985299.4568536323,-11160322.393999333,phase_formula
5233.820570907399,0.0003976160883466838,11.5,17.761777975327984,470.5660248748662,452.8042468995382,774.3677716470172,5233.820570907399,2203257.7362316707,0.8282000925555744,0.6026992667501054,0.323,0.8282000925555744,0.0,187.07387863978516,198.875388381066,0.0,126.64901583913456,1.0,2.0,0.0,0.0,ok,13133659.389157474,3332882.5221031974,1918358.5196377782,2965274.7749463017,-11159747.279758856,phase_formula
5879.932287106999,0.0004467015336250854,11.5,17.895877879516753,420.8811824015174,402.9853045220006,711.4628553551188,5879.932287106999,2211357.45205646,0.828152679265648,0.6027316938540307,0.323,0.828152679265648,0.0,166.51072648777185,177.01223756499996,0.0,112.72776183222155,1.0,2.0,0.0,0.0,ok,13130035.76559586,3332882.5221031974,1918358.5196377782,2944149.1965105054,-11159101.168042656,phase_formula
6500.0,0.0004938084023398921,11.5,18.011368868401597,382.4992440733858,364.4878752049842,662.1556198950581,6500.0,2218722.9677410657,0.8281071483444142,0.6020781231172698,0.323,0.8281071483444142,0.0,150.25198243900843,159.56748498541924,0.0,101.72059211120873,1.0,2.0,0.0,0.0,ok,13126557.886100108,3332882.5221031974,1918358.5196377782,2925030.3752653087,-11158481.100329762,phase_formula
6605.806070835401,0.00050184654492406,11.5,18.030003323190545,376.6706527460619,358.6406494228713,654.6063307706472,6605.806070835401,2219944.2441860773,0.8280993762957772,0.6020743165471207,0.323,0.8280993762957772,0.0,147.83957773072876,157.00304150544113,0.0,100.08739412370339,1.0,2.0,0.0,0.0,ok,13125964.402236411,3332882.5221031974,1918358.5196377782,2921868.7319732774,-11158375.294258928,phase_formula
7421.288497006765,0.000563799171693897,11.5,18.164161968072765,337.3329023635582,319.16874039548543,603.1747801531071,7421.288497006765,2229047.6197724286,0.828039446934476,0.6020515788430263,0.323,0.828039446934476,0.0,131.55766754017753,139.6963277363135,0.0,89.0645409247002,1.0,2.0,0.0,0.0,ok,13121389.919024616,3332882.5221031974,1918358.5196377782,2898377.5975908246,-11157559.811832756,phase_formula
8337.44169374924,0.000633399809598818,11.5,18.29846096372632,302.332596640303,284.0341356765767,556.6116496139337,8337.44169374924,2238698.910170282,0.8279720609747409,0.6020392258832259,0.323,0.8279720609747409,0.0,117.0704067113783,124.29960807665606,0.0,79.25666534360312,1.0,2.0,0.0,0.0,ok,13116250.071057118,3332882.5221031974,1918358.5196377782,2873618.2776711667,-11156643.658636013,phase_formula
9366.693401651874,0.0007115926005965109,11.5,18.432750156543086,271.19297976147163,252.76022960492853,514.4196257907076,9366.693401651874,2248931.39705156,0.827896282494029,0.6020400326957053,0.323,0.827896282494029,0.0,104.18053579487926,110.602920227189,0.0,70.53022273313327,1.0,2.0,0.0,0.0,ok,13110474.893638384,3332882.5221031974,1918358.5196377782,2847531.609890419,-11155614.40692811,phase_formula
10523.00555772709,0.0007994382403500031,11.5,18.567157601450425,243.48994500046234,224.92278739901192,476.1547012981124,10523.00555772709,2259780.4336982667,0.8278110559437553,0.6020575777219708,0.323,0.8278110559437553,0.0,92.71256754215963,98.4195149878174,0.0,62.766408226042074,1.0,2.0,0.0,0.0,ok,13103985.739797754,3332882.5221031974,1918358.5196377782,2820056.8971547745,-11154458.094772035,phase_formula
11822.06369095274,0.0008981283667061263,11.5,18.701707785130086,218.84589813697394,200.14419035184386,441.42003241368684,11822.06369095274,2271283.590866046,0.8277151902901503,0.6020960286365478,0.323,0.8277151902901503,0.0,82.51026393187131,87.58311637631837,0.0,55.85944868187687,1.0,2.0,0.0,0.0,ok,13096694.19645223,3332882.5221031974,1918358.5196377782,2791132.0498567326,-11153159.036638811,phase_formula
13281.489698569587,0.0010090017244222128,11.5,18.836267475694406,196.92458085384823,178.08831337815383,409.86075478505825,13281.489698569587,2283480.8137486354,0.8276073409027261,0.6021601124317286,0.323,0.8276073409027261,0.0,73.43449569486316,77.94562699397316,0.0,49.715153585422364,1.0,2.0,0.0,0.0,ok,13088500.863547187,3332882.5221031974,1918358.5196377782,2760693.7628034735,-11151699.610631194,phase_formula
14921.080889473207,0.0011335623254177018,11.5,18.971027476460595,177.4269929032979,158.4559654268373,381.1598977445442,14921.080889473207,2296414.568475178,0.8274859888314315,0.6022558763815664,0.323,0.8274859888314315,0.0,65.36153544041159,69.37539025205021,0.0,44.249759493158656,1.0,2.0,0.0,0.0,ok,13079293.978383636,3332882.5221031974,1918358.5196377782,2728677.731559044,-11150060.01944029,phase_formula
15000.0,0.0011395578515535972,11.5,18.97715543570858,176.59641029007022,157.61925485436166,379.9222565383783,15000.0,2297018.861249709,0.8274801426958919,0.6022610991445051,0.323,0.8274801426958919,0.0,65.01761648001022,69.01034738487938,0.0,44.01692635696691,1.0,2.0,0.0,0.0,ok,13078850.76374994,3332882.5221031974,1918358.5196377782,2727188.4164955034,-11149981.100329762,phase_formula
16763.07853735573,0.0012734998508968874,11.5,19.105885249556376,160.08671615649848,140.98083090694212,355.03369853955934,16763.07853735573,2310130.0461010863,0.827349417046518,0.6006013137851619,0.323,0.827349417046518,0.0,57.80866156320664,61.200083080877995,0.0,39.1364638782909,1.0,2.0,0.0,0.0,ok,13068947.864901248,3332882.5221031974,1918358.5196377782,2695018.913437396,-11148218.021792408,phase_formula
18832.46958655668,0.0014307125721003326,11.5,19.240888454518632,144.66674552617138,125.42585707165274,331.2284238888366,18832.46958655668,2324675.338707373,0.8271956831331295,0.600560770321505,0.323,0.8271956831331295,0.0,51.422891443194864,54.425637770702686,0.0,34.81329750704291,1.0,2.0,0.0,0.0,ok,13057321.184876304,3332882.5221031974,1918358.5196377782,2659651.8389115604,-11146148.630743206,phase_formula
21157.325603303416,0.0016073331006080237,11.5,19.37613164317797,130.956169997269,111.58003835409103,309.5170400222647,21157.325603303416,2340101.6535726627,0.8270225878318122,0.6005490369023668,0.323,0.8270225878318122,0.0,45.744360683466944,48.40390307599727,0.0,30.968932182707128,1.0,2.0,0.0,0.0,ok,13044254.96474638,3332882.5221031974,1918358.5196377782,2622510.979760357,-11143823.77472646,phase_formula
23769.183570259636,0.0018057573175005422,11.5,19.51145861139159,118.76701264469516,99.25555403330357,289.6960421922945,23769.183570259636,2356463.582327175,0.8268276386914455,0.6005734973106801,0.323,0.8268276386914455,0.0,40.69528989739034,43.05205076073288,0.0,27.550711260533262,1.0,2.0,0.0,0.0,ok,13029570.3680077,3332882.5221031974,1918358.5196377782,2583531.180850136,-11141211.916759504,phase_formula
26326.0,0.002,11.5,19.63048381641928,109.18989727218062,89.55941345576133,273.71270072604733,26326.0,2371641.2339573996,0.8266362983334147,0.6006324886895721,0.323,0.8266362983334147,0.0,36.72762606100643,38.8484607573784,0.0,24.86460284330136,1.0,2.0,0.0,0.0,ok,13015189.718337463,3332882.5221031974,1918358.5196377782,2547752.588676854,-11138655.100329762,phase_formula
26703.473689911352,0.002028676873806226,11.5,19.64709661915234,107.93231702071328,88.28522040156095,271.58352923867744,26703.473689911352,2373819.2863938706,0.8266080079459592,0.6006439484467573,0.323,0.8266080079459592,0.0,36.206583724935875,38.296591619998374,0.0,24.511857181781593,1.0,2.0,0.0,0.0,ok,13013066.178746182,3332882.5221031974,1918358.5196377782,2542648.1630450315,-11138277.626639852,phase_formula
30000.0,0.0022791157031071944,11.5,19.782915189488723,98.3031380595696,78.52022287008089,255.0161834513417,30000.0,2392230.8800940313,0.8263604835319432,0.600771043720968,0.323,0.8263604835319432,0.0,32.21660895099763,34.071880065429994,0.0,21.8106442598254,1.0,2.0,0.0,0.0,ok,12994515.956734722,3332882.5221031974,1918358.5196377782,2499799.105333195,-11134981.100329762,phase_formula
100.0,7.597052343690648e-06,11.75,12.840971571816244,23517.800408206705,23504.95943663489,24788.58537061395,100.0,2091665.1241206035,0.8322231161051212,0.6058317155934465,0.323,0.8322231161051212,0.0,9819.716399435474,10542.291152862857,0.0,6647.948002417816,1.0,2.0,0.0,0.0,ok,13162443.629900848,3261970.1280158954,1877542.3809220807,3210256.2440364067,-10910565.226547081,phase_formula
112.34493440205146,8.534903472008771e-06,11.75,12.970862991469733,20935.04570161873,20922.074838627257,22157.73520184324,112.34493440205146,2092775.728987162,0.8322222406025664,0.6058324269181476,0.323,0.8322222406025664,0.0,8740.681244862717,9383.854743028134,0.0,5917.44120277206,1.0,2.0,0.0,0.0,ok,13162374.945272645,3261970.1280158954,1877542.3809220807,3207144.3529881034,-10910552.881612679,phase_formula
126.21384285801246,9.588531706906667e-06,11.75,13.100776675266937,18636.109251233727,18623.00847455846,19812.099828537615,126.21384285801246,2093952.2844851417,0.8322212570071013,0.6058197496614403,0.323,0.8322212570071013,0.0,7779.844305343432,8352.15452590524,0.0,5266.954594717504,1.0,2.0,0.0,0.0,ok,13162297.781431288,3261970.1280158954,1877542.3809220807,3203849.891799664,-10910539.012704223,phase_formula
141.79485896514254,1.077222965624421e-05,11.75,13.230640704866863,16589.803842555855,16576.573201850988,17720.490177319512,141.79485896514254,2095198.7799295206,0.8322201519713988,0.6058193977109775,0.323,0.8322201519713988,0.0,6924.928285169017,7434.3335184670395,0.0,4688.176449059425,1.0,2.0,0.0,0.0,ok,13162211.09158655,3261970.1280158954,1877542.3809220807,3200362.0864983755,-10910523.431688117,phase_formula
159.29934128987077,1.210205434094589e-05,11.75,13.360489947139074,14768.369342401586,14755.008852454446,15855.139701519709,159.29934128987077,2096519.4417583377,0.8322189104995406,0.6058192482845559,0.323,0.8322189104995406,0.0,6163.95939746401,6617.374612293279,0.0,4173.000512083135,1.0,2.0,0.0,0.0,ok,13162113.699712953,3261970.1280158954,1877542.3809220807,3196669.5565475607,-10910505.927205792,phase_formula
178.96474047500539,1.3596045010636282e-05,11.75,13.490362122810595,13147.096024577637,13133.605662454826,14191.328278603658,178.96474047500539,2097918.747922099,0.8322175157432711,0.6058193574481745,0.323,0.8322175157432711,0.0,5486.6143492366,5890.1946752794265,0.0,3714.4379144331783,1.0,2.0,0.0,0.0,ok,13162004.284593226,3261970.1280158954,1877542.3809220807,3192760.2821356854,-10910486.261806607,phase_formula
201.05782028944645,1.5274467848472724e-05,11.75,13.62025717240954,11703.989337996129,11690.369080823719,12707.047490413097,201.05782028944645,2099401.443129416,0.8322159487730381,0.6058197913779274,0.323,0.8322159487730381,0.0,4883.704201727528,5242.928417477779,0.0,3306.2677445695367,1.0,2.0,0.0,0.0,ok,13161881.361891272,3261970.1280158954,1877542.3809220807,3188621.570034226,-10910464.168726793,phase_formula
225.87827631437312,1.7160090884629123e-05,11.75,13.750175650501472,10419.471586043817,10405.721410393317,11382.7027626672,225.87827631437312,2100972.555001184,0.8322141883206937,0.6058206286694394,0.323,0.8322141883206937,0.0,4347.0497356668875,4666.7945888422055,0.0,2942.952671046483,1.0,2.0,0.0,0.0,ok,13161743.264011202,3261970.1280158954,1877542.3809220807,3184240.0179982167,-10910439.348270768,phase_formula
253.76280135386727,1.9278492847669018e-05,11.75,13.880056478478775,9276.116290255528,9262.236233777048,10200.848142235624,253.76280135386727,2102637.4111926625,0.8322122104903369,0.6058219606910707,0.323,0.8322122104903369,0.0,3869.3704756583516,4153.976825179148,0.0,2619.5638120207045,1.0,2.0,0.0,0.0,ok,13161588.117468942,3261970.1280158954,1877542.3809220807,3179601.4776813504,-10910411.463745728,phase_formula
285.08965271781034,2.1658410143417938e-05,11.75,14.009912213899034,8258.411933902058,8244.40202168816,9145.950412440194,285.08965271781034,2104401.657540389,0.8322099884333373,0.605793014924964,0.323,0.8322099884333373,0.0,3443.8099024618364,3696.9519556250534,0.0,2331.459303966663,1.0,2.0,0.0,0.0,ok,13161413.817469018,3261970.1280158954,1877542.3809220807,3174691.016053947,-10910380.136894364,phase_formula
320.28378333286037,2.4332126668150144e-05,11.75,14.139791913136346,7352.551508884356,7338.41171697122,8204.178973869513,320.28378333286037,2106271.2773024747,0.8322074919830895,0.605791873731366,0.323,0.8322074919830895,0.0,3065.3518458707576,3290.6585665467765,0.0,2075.243199654503,1.0,2.0,0.0,0.0,ok,13161217.999341184,3261970.1280158954,1877542.3809220807,3169492.8753128382,-10910344.94276375,phase_formula
359.8226062857106,2.733591174395735e-05,11.75,14.269695837954998,6546.245135864016,6531.975440026062,7363.218766202642,359.8226062857106,2108252.611556188,0.8322046872444867,0.6057911488141152,0.323,0.8322046872444867,0.0,2728.485729262269,2929.0184925447584,0.0,1847.1848387105565,1.0,2.0,0.0,0.0,ok,13160998.006448789,3261970.1280158954,1877542.3809220807,3163990.431288223,-10910305.403940797,phase_formula
404.24247099543345,3.071051211695156e-05,11.75,14.399624568039457,5828.553399516064,5814.153774948025,6612.103871718851,404.24247099543345,2110352.3808298195,0.8322015361324698,0.6057909604827503,0.323,0.8322015361324698,0.0,2428.6412561476504,2607.125040800029,0.0,1644.1901304119597,1.0,2.0,0.0,0.0,ok,13160750.854132751,3261970.1280158954,1877542.3809220807,3158166.150363061,-10910260.984076086,phase_formula
454.1459388650521,3.4501704692323335e-05,11.75,14.529527476006288,5189.738902364783,5175.209374888776,5941.069311200924,454.1459388650521,2112577.708043378,0.8321979958533066,0.6057914499088639,0.323,0.8321979958533066,0.0,2161.750314190166,2320.6106575620406,0.0,1463.5049627067424,1.0,2.0,0.0,0.0,ok,13160473.189201042,3261970.1280158954,1877542.3809220807,3152001.544930532,-10910211.080608217,phase_formula
510.20995710752294,3.876091750418012e-05,11.75,14.65939670944424,4621.134270354043,4606.474873644599,5341.419267269658,510.20995710752294,2114936.142836659,0.8321940183214462,0.605792786707792,0.323,0.8321940183214462,0.0,1924.191826318139,2065.5877352430866,0.0,1302.67786641738,1.0,2.0,0.0,0.0,ok,13160161.244412886,3261970.1280158954,1877542.3809220807,3145477.127434113,-10910155.016589975,phase_formula
520.0,3.950467218719137e-05,11.75,14.680632234904675,4534.418976575257,4519.738344340352,5249.744426418325,520.0,2115334.4124926417,0.8321933237320892,0.6057931006513565,0.323,0.8321933237320892,0.0,1887.9628072804082,2026.6955222723552,0.0,1278.1508205288367,1.0,2.0,0.0,0.0,ok,13160106.77156269,3261970.1280158954,1877542.3809220807,3144376.2530626976,-10910145.226547081,phase_formula
573.1950416251822,4.354592734370449e-05,11.75,14.789291883043349,4115.024603558129,4100.2353116750855,4805.409728546846,573.1950416251822,2117435.687373955,0.8321895495038979,0.6057951761072057,0.323,0.8321895495038979,0.0,1712.7426396545634,1838.595890524705,0.0,1159.5267670461396,1.0,2.0,0.0,0.0,ok,13159810.787338639,3261970.1280158954,1877542.3809220807,3138572.3630567454,-10910092.031505456,phase_formula
643.9555935096224,4.892164350904979e-05,11.75,14.919213685923408,3664.5426953315928,3649.6234816456695,4326.14388331446,643.9555935096224,2120084.82373493,0.8321845286830539,0.6057988578677045,0.323,0.8321845286830539,0.0,1524.5337551795428,1636.5549518299285,0.0,1032.1093522565504,1.0,2.0,0.0,0.0,ok,13159417.062899617,3261970.1280158954,1877542.3809220807,3131265.621141976,-10910021.270953571,phase_formula
723.4514891067264,5.4960988308647454e-05,11.75,15.04916282776223,3263.57593666978,3248.5267738420175,3897.4791779832617,723.4514891067264,2122892.542965212,0.8321788876277321,0.6057257442066305,0.323,0.8321788876277321,0.0,1356.635376232864,1456.1575393704525,0.0,918.4421497096489,1.0,2.0,0.0,0.0,ok,13158974.72880586,3261970.1280158954,1877542.3809220807,3123534.125454814,-10909941.775057975,phase_formula
812.7611008676171,6.174588626206921e-05,11.75,15.179096950463478,2906.683354752577,2891.5042578021134,3513.9444951744927,812.7611008676171,2125868.3759199325,0.8321725496608979,0.6057232304080578,0.323,0.8321725496608979,0.0,1207.52647637292,1296.0945446691057,0.0,817.4954245044669,1.0,2.0,0.0,0.0,ok,13158477.783012819,3261970.1280158954,1877542.3809220807,3115353.9034246444,-10909852.465446215,phase_formula
913.0959256151148,6.93683754170869e-05,11.75,15.308992334317537,2589.0218677014736,2573.712875367156,3170.6665304808953,913.0959256151148,2129022.425994288,0.8321654286110558,0.6057218143118469,0.323,0.8321654286110558,0.0,1074.8076420111706,1153.6279978209525,0.0,727.6447736415626,1.0,2.0,0.0,0.0,ok,13157919.482208854,3261970.1280158954,1877542.3809220807,3106699.7345406557,-10909752.130621467,phase_formula
1025.8170186601064,7.793185585809515e-05,11.75,15.438917298154598,2306.2806612482964,2290.841743950142,2863.304278453272,1025.8170186601064,2132365.4038495654,0.8321574276326205,0.6057218123553197,0.323,0.8321574276326205,0.0,956.6778872508204,1026.8243622618486,0.0,647.6709296688055,1.0,2.0,0.0,0.0,ok,13157292.250222676,3261970.1280158954,1877542.3809220807,3097545.098108787,-10909639.409528421,phase_formula
1152.4534566987763,8.755249234207827e-05,11.75,15.568872984578656,2054.622551821863,2039.0536788372842,2587.9904923869053,1152.4534566987763,2135908.664342139,0.8321484378786813,0.6057235958075173,0.323,0.8321484378786813,0.0,851.5341035826053,913.9625326859829,0.0,576.4885881254239,1.0,2.0,0.0,0.0,ok,13156587.575101756,3261970.1280158954,1877542.3809220807,3087862.120621884,-10909512.773090383,phase_formula
1294.7230799424149,9.836079008906897e-05,11.75,15.69886069683794,1830.6320019611665,1814.9331412643285,2341.279784782123,1294.7230799424149,2139664.245719275,0.832138337007417,0.6057276061625567,0.323,0.832138337007417,0.0,757.9493388105657,813.5105260175316,0.0,513.131702374753,1.0,2.0,0.0,0.0,ok,13155795.89345745,3261970.1280158954,1877542.3809220807,3077621.52304713,-10909370.503467139,phase_formula
1300.0,9.876168046797843e-05,11.75,15.70341959434132,1823.2671963620319,1807.5637767676906,2333.137633642902,1300.0,2139799.4683302455,0.8321379623289448,0.6057277949983401,0.323,0.8321379623289448,0.0,754.8722613358951,810.2076989843926,0.0,511.04852092440103,1.0,2.0,0.0,0.0,ok,13155766.528905613,3261970.1280158954,1877542.3809220807,3077253.2362807994,-10909365.226547081,phase_formula
1454.5557948495277,0.00011050336510290418,11.75,15.828842585947099,1631.2687487625212,1615.4399061765741,2120.1023299756353,1454.5557948495277,2143644.911266175,0.8321269875009625,0.6057343606490297,0.323,0.8321269875009625,0.0,674.6534254649366,724.104677625385,0.0,456.74036903976213,1.0,2.0,0.0,0.0,ok,13154906.460497474,3261970.1280158954,1877542.3809220807,3066792.5683885636,-10909210.670752233,phase_formula
1634.1197535649385,0.000124144933036917,11.75,15.958786723613478,1453.8266078931367,1437.8678211695233,1921.7227337930199,1634.1197535649385,2147864.193577477,0.8321142347727459,0.605744469912081,0.323,0.8321142347727459,0.0,600.5157679471426,644.5311687728463,0.0,406.54917490021563,1.0,2.0,0.0,0.0,ok,13153907.203969808,3261970.1280158954,1877542.3809220807,3055343.0099421665,-10909031.106793517,phase_formula
1835.850765193497,0.00013947054358379526,11.75,16.088767012256827,1295.8968641819013,1279.8080971696445,1743.703481022348,1835.850765193497,2152336.4415326584,0.8320999050361251,0.6055597762335254,0.323,0.8320999050361251,0.0,534.1540466146362,573.1441229329431,0.0,361.6222895581087,1.0,2.0,0.0,0.0,ok,13152784.560020091,3261970.1280158954,1877542.3809220807,3043239.040741934,-10908829.375781888,phase_formula
2062.485337876194,0.0001566880906993994,11.75,16.218785451615954,1155.3354183401127,1139.1166328884967,1583.8721305944503,2062.485337876194,2157076.8704223763,0.8320838029035253,0.6055543731189632,0.323,0.8320838029035253,0.0,475.4244994316002,510.1128643875131,0.0,321.86238611519343,1.0,2.0,0.0,0.0,ok,13151523.288715106,3261970.1280158954,1877542.3809220807,3030445.244767376,-10908602.741209205,phase_formula
2317.0977998889393,0.0001760311327120671,11.75,16.348844291547223,1030.2337740935252,1013.884929801978,1440.2923456208396,2317.0977998889393,2162101.615177664,0.8320657086811238,0.6055518970514338,0.323,0.8320657086811238,0.0,423.1537818425532,454.01584131388347,0.0,286.47511030740856,1.0,2.0,0.0,0.0,ok,13150106.266703479,3261970.1280158954,1877542.3809220807,3016924.550579268,-10908348.128747193,phase_formula
2603.142003316607,0.00019776206057255997,11.75,16.47890356844889,918.893106681006,902.4142031125571,1311.237996577846,2603.142003316607,2167427.787107672,0.8320453753193611,0.6055531429663871,0.323,0.8320453753193611,0.0,376.63215560850904,404.0910680351386,0.0,254.9799693469606,1.0,2.0,0.0,0.0,ok,13148514.25416767,3261970.1280158954,1877542.3809220807,3002638.188153745,-10908062.084543765,phase_formula
2924.49817601829,0.00022217565722238775,11.75,16.608937089271414,819.8012745954646,803.1923375061932,1195.1702039850486,2924.49817601829,2173073.5342420917,0.8320225249740973,0.6055590592033306,0.323,0.8320225249740973,0.0,335.2278748080856,359.66029389417304,0.0,226.94927124507396,1.0,2.0,0.0,0.0,ok,13146725.632863728,3261970.1280158954,1877542.3809220807,2987545.6497988803,-10907740.728371063,phase_formula
3200.0,0.00024310567499810073,11.75,16.70954877160174,750.7039474171763,733.9943986455746,1113.4328052757182,3200.0,2177671.3394797966,0.8320029293793996,0.6055675696901434,0.323,0.8320029293793996,0.0,306.3560020553298,328.67960503773065,0.0,207.40301339145827,1.0,2.0,0.0,0.0,ok,13145192.16620176,3261970.1280158954,1877542.3809220807,2975293.310528285,-10907465.226547081,phase_formula
3285.5255574369426,0.0002496030963638185,11.75,16.73901858010166,731.6123936858024,714.8733751057008,1090.7169364783358,3285.5255574369426,2179058.1054654587,0.831996845126927,0.6055708050734705,0.323,0.831996845126927,0.0,298.378648639892,320.1198516667018,0.0,202.0023451292069,1.0,2.0,0.0,0.0,ok,13144716.111641953,3261970.1280158954,1877542.3809220807,2971604.656168767,-10907379.700989645,phase_formula
3691.1215322651688,0.0002804164348754212,11.75,16.86915156982895,653.128408941724,636.259257371895,996.6546039048035,3691.1215322651688,2185401.919369376,0.8319679842059073,0.6055897332826219,0.323,0.8319679842059073,0.0,265.58394954109724,284.9323720621969,0.0,179.80033383932286,1.0,2.0,0.0,0.0,ok,13142458.395386325,3261970.1280158954,1877542.3809220807,2954771.1285364507,-10906974.105014816,phase_formula
4146.7880641233005,0.0003150336598133633,11.75,16.999340031201175,583.2829133101385,566.2835732789373,911.8918910560516,4146.7880641233005,2192126.637396555,0.8319355466395437,0.6056174424775083,0.323,0.8319355466395437,0.0,236.3982499218875,253.61953328261646,0.0,160.04161519711784,1.0,2.0,0.0,0.0,ok,13139921.812796393,3261970.1280158954,1877542.3809220807,2936999.168649169,-10906518.438482959,phase_formula
4658.7063304314215,0.0003539243584617049,11.75,17.12953007346247,521.1266233791608,503.9970933056984,835.4552464054391,4658.7063304314215,2199255.2423514146,0.8318990872671216,0.6051509252621358,0.323,0.8318990872671216,0.0,210.04910813239258,225.19049236163076,0.0,142.2032462056298,1.0,2.0,0.0,0.0,ok,13137071.89785434,3261970.1280158954,1877542.3809220807,2918241.047669952,-10906006.520216651,phase_formula
5233.820570907399,0.0003976160883466838,11.75,17.259726114661074,465.8146191244201,448.55489300975904,766.4761306997009,5233.820570907399,2206812.1215959922,0.8318581050171141,0.6051397581923262,0.323,0.8318581050171141,0.0,186.93525708974613,200.39645942124451,0.0,126.55516904975815,1.0,2.0,0.0,0.0,ok,13133869.919162834,3261970.1280158954,1877542.3809220807,2898447.2059142375,-10905431.405976174,phase_formula
5879.932287106999,0.0004467015336250854,11.75,17.38999143806138,416.594882951638,399.2048915135766,704.1795616813247,5879.932287106999,2214823.156255747,0.8318120357521314,0.6051363562696177,0.323,0.8318120357521314,0.0,166.36663736580283,178.33500423897698,0.0,112.63021349664854,1.0,2.0,0.0,0.0,ok,13130272.35059566,3261970.1280158954,1877542.3809220807,2877566.2653111233,-10904785.294259975,phase_formula
6500.0,0.0004938084023398921,11.75,17.502300340058063,378.5721359657686,361.06983562571054,655.349985425675,6500.0,2222107.9356473745,0.8317677958126561,0.6051412804593954,0.323,0.8317677958126561,0.0,150.47667024918965,161.29365634745116,0.0,101.8727057587014,1.0,2.0,0.0,0.0,ok,13126819.489373937,3261970.1280158954,1877542.3809220807,2858669.8328040335,-10904165.226547081,phase_formula
6605.806070835401,0.00050184654492406,11.75,17.520332345485276,372.79798177129044,355.2776494258052,647.8737999132356,6605.806070835401,2223315.817709368,0.8317602441633245,0.605142816491878,0.323,0.8317602441633245,0.0,148.06356963901135,158.70586120150932,0.0,100.2390366456107,1.0,2.0,0.0,0.0,ok,13126230.275860576,3261970.1280158954,1877542.3809220807,2855545.056768979,-10904059.420476247,phase_formula
7421.288497006765,0.000563799171693897,11.75,17.650755948656784,333.8280437538002,316.1772878051434,596.9413259881389,7421.288497006765,2232319.2701683687,0.8317020145788616,0.6051616376462118,0.323,0.8317020145788616,0.0,131.77710681482552,141.24175803027984,0.0,89.21310131363688,1.0,2.0,0.0,0.0,ok,13121688.718618434,3261970.1280158954,1877542.3809220807,2832328.664899127,-10903243.938050075,phase_formula
8337.44169374924,0.000633399809598818,11.75,17.78117342555993,299.1545784067377,281.37340498117777,550.8306598332847,8337.44169374924,2241864.4828389515,0.831636540529479,0.6051957009950582,0.323,0.831636540529479,0.0,117.28562076813867,125.70473705551456,0.0,79.40236526002988,1.0,2.0,0.0,0.0,ok,13116585.88871788,3261970.1280158954,1877542.3809220807,2807860.4928521602,-10902327.784853332,phase_formula
9366.693401651874,0.0007115926005965109,11.75,17.911664205447792,268.30554578815827,250.3938815827105,509.04942676423104,9366.693401651874,2251984.345259069,0.8315629128884676,0.6052485627368944,0.323,0.8315629128884676,0.0,104.39189541334149,111.88307477802728,0.0,70.67331319483218,1.0,2.0,0.0,0.0,ok,13110852.333871562,3261970.1280158954,1877542.3809220807,2782082.3503530896,-10901298.53314543,phase_formula
10523.00555772709,0.0007994382403500031,11.75,18.042262933796028,240.86073910650367,222.81847617270765,471.1577354993686,10523.00555772709,2262713.797747357,0.8314801063729043,0.6041833762802656,0.323,0.8314801063729043,0.0,92.54483224204706,99.02417434528269,0.0,62.65285142786588,1.0,2.0,0.0,0.0,ok,13104409.98469565,3261970.1280158954,1877542.3809220807,2754934.568383047,-10900142.220989354,phase_formula
11822.06369095274,0.0008981283667061263,11.75,18.172981009092986,216.44610562273633,198.27312461364335,436.76249307576677,11822.06369095274,2274089.9696618854,0.8313869641563558,0.6041460576556851,0.323,0.8313869641563558,0.0,82.33930180827208,88.08869655136574,0.0,55.7437073242002,1.0,2.0,0.0,0.0,ok,13097171.079432912,3261970.1280158954,1877542.3809220807,2726356.144349902,-10898843.16285613,phase_formula
13281.489698569587,0.0010090017244222128,11.75,18.303786807173868,194.72865264034823,176.42486583317435,405.51230379080255,13281.489698569587,2286152.33139818,0.8312821802992925,0.6041248553839275,0.323,0.8312821802992925,0.0,73.26058329908412,78.36297148888917,0.0,49.597414893479936,1.0,2.0,0.0,0.0,ok,13089036.952849504,3261970.1280158954,1877542.3809220807,2696284.9220149145,-10897383.736848513,phase_formula
14921.080889473207,0.0011335623254177018,11.75,18.434653028361968,175.41197818559337,156.9773251572314,377.09299129557513,14921.080889473207,2298942.8560825037,0.8311642796502511,0.6041242855565705,0.323,0.8311642796502511,0.0,65.18484251611245,69.71404081721867,0.0,44.13013838340814,1.0,2.0,0.0,0.0,ok,13079896.671700051,3261970.1280158954,1877542.3809220807,2664657.8109047674,-10895744.145657608,phase_formula
15000.0,0.0011395578515535972,11.75,18.4405798820098,174.58907082870672,156.14849094669694,375.8674800395884,15000.0,2299540.452462166,0.8311585998428576,0.6041248237924018,0.323,0.8311585998428576,0.0,64.84079320951203,69.34562813504361,0.0,43.89721700283965,1.0,2.0,0.0,0.0,ok,13079456.665316822,3261970.1280158954,1877542.3809220807,2663186.658950615,-10895665.226547081,phase_formula
16763.07853735573,0.0012734998508968874,11.75,18.56567961508024,158.23237355609933,139.6666939410191,351.22369242440516,16763.07853735573,2312506.1895910176,0.8310315948061466,0.6041499573262736,0.323,0.8310315948061466,0.0,58.00189814094422,62.02362599803979,0.0,39.26728504141924,1.0,2.0,0.0,0.0,ok,13069625.496749949,3261970.1280158954,1877542.3809220807,2631411.0504268855,-10893902.148009727,phase_formula
18832.46958655668,0.0014307125721003326,11.75,18.69688503150123,142.95503599217656,124.25815096067532,327.65305989190483,18832.46958655668,2326889.852126074,0.830882239641139,0.6042084298197412,0.323,0.830882239641139,0.0,51.61364774587279,55.186400251873934,0.0,34.94243952395588,1.0,2.0,0.0,0.0,ok,13058083.148574846,3261970.1280158954,1877542.3809220807,2596480.5244295793,-10891832.756960526,phase_formula
21157.325603303416,0.0016073331006080237,11.75,18.828256376926063,129.37093339769012,110.54267702076406,306.15611662259556,21157.325603303416,2342144.449747634,0.8307140788164032,0.6043074203675518,0.323,0.8307140788164032,0.0,45.932755263271176,49.10858293713326,0.0,31.096475313234585,1.0,2.0,0.0,0.0,ok,13045111.85116051,3261970.1280158954,1877542.3809220807,2559802.13249662,-10889507.900943778,phase_formula
23769.183570259636,0.0018057573175005422,11.75,18.959741917173098,117.29396148383339,98.33421956666028,286.5314021763079,23769.183570259636,2358323.9125755667,0.8305246925631882,0.6044559624897621,0.323,0.8305246925631882,0.0,40.88146589928208,43.70669027372806,0.0,27.676752413813972,1.0,2.0,0.0,0.0,ok,13030534.123622334,3261970.1280158954,1877542.3809220807,2521312.2248343076,-10886896.042976823,phase_formula
26326.0,0.002,11.75,19.07540189303077,107.80476731210601,88.72936541907524,270.7067370908682,26326.0,2373332.00885241,0.8303388177048383,0.6017771911802143,0.323,0.8303388177048383,0.0,36.53725741024022,38.90201393380408,0.0,24.735723266732638,1.0,2.0,0.0,0.0,ok,13016258.326108214,3261970.1280158954,1877542.3809220807,2485987.4579383912,-10884339.226547081,phase_formula
26703.473689911352,0.002028676873806226,11.75,19.091473636025526,106.55864247457068,87.46716883854515,268.59866023657895,26703.473689911352,2375485.7198263793,0.8303113358823835,0.6017652011257815,0.323,0.8303113358823835,0.0,36.01595703571597,38.344960442697456,0.0,24.382802913179717,1.0,2.0,0.0,0.0,ok,13014150.286056127,3261970.1280158954,1877542.3809220807,2480948.1081915675,-10883961.752857171,phase_formula
30000.0,0.0022791157031071944,11.75,19.22348188517994,97.01759321476824,77.7941113295883,252.19629541589347,30000.0,2393691.212527292,0.8300708911171837,0.6016890418637323,0.323,0.8300708911171837,0.0,32.0241748140081,34.080880213278604,0.0,21.68036634908348,1.0,2.0,0.0,0.0,ok,12995735.640499651,3261970.1280158954,1877542.3809220807,2438648.6308372538,-10880665.226547081,phase_formula
100.0,7.597052343690648e-06,12.0,12.488226636970627,23296.658369005538,23284.170142368566,24554.191131740954,100.0,2096109.0412102581,0.8357185151917937,0.6084625084676785,0.323,0.8357185151917937,0.0,9817.958074488559,10628.82151849701,0.0,6646.757616428755,1.0,2.0,0.0,0.0,ok,13162447.422751335,3194012.417015564,1838426.9146528707,3142842.9391422546,-10667191.428118361,phase_formula
112.34493440205146,8.534903472008771e-06,12.0,12.61454250919736,20738.163217556663,20725.548675047467,21948.105559622443,112.34493440205146,2097207.9755210443,0.8357176637737121,0.6084627303620951,0.323,0.8357176637737121,0.0,8739.101496353842,9460.85458492564,0.0,5916.371713031551,1.0,2.0,0.0,0.0,ok,13162379.20637463,3194012.417015564,1838426.9146528707,3139763.993401717,-10667179.08318396,phase_formula
126.21384285801246,9.588531706906667e-06,12.0,12.740860689668192,18460.820167422193,18448.079306732525,19624.554007818442,126.21384285801246,2098372.1648531025,0.8357167072364136,0.6084631725556514,0.323,0.8357167072364136,0.0,7778.799477781579,8421.236737473278,0.0,5266.247246458129,1.0,2.0,0.0,0.0,ok,13162302.568595849,3194012.417015564,1838426.9146528707,3136504.4335383466,-10667165.214275502,phase_formula
141.79485896514254,1.077222965624421e-05,12.0,12.867156789247733,16433.735017770032,16420.867860980783,17552.640434991445,141.79485896514254,2099605.556135032,0.8357156325997979,0.6084638856815097,0.323,0.8357156325997979,0.0,6924.024735388765,7495.864424168481,0.0,4687.564745858194,1.0,2.0,0.0,0.0,ok,13162216.469763007,3194012.417015564,1838426.9146528707,3133053.6038422263,-10667149.633259395,phase_formula
159.29934128987077,1.210205434094589e-05,12.0,12.993449983727642,14629.408393508178,14616.41494352445,15704.85912054203,159.29934128987077,2100912.3308622628,0.8357144252805403,0.6084649301874384,0.323,0.8357144252805403,0.0,6163.181494008622,6672.183874134287,0.0,4172.473871443838,1.0,2.0,0.0,0.0,ok,13162119.741870474,3194012.417015564,1838426.9146528707,3129400.249056339,-10667132.12877707,phase_formula
178.96474047500539,1.3596045010636282e-05,12.0,13.119746245654571,13023.362655556954,13010.242909311299,14056.722138152036,178.96474047500539,2102296.919325461,0.8357130688939548,0.6084466729263485,0.323,0.8357130688939548,0.0,5485.569501368577,5938.447221095085,0.0,3713.730552426527,1.0,2.0,0.0,0.0,ok,13162011.072711373,3194012.417015564,1838426.9146528707,3125532.482094149,-10667112.463377886,phase_formula
201.05782028944645,1.5274467848472724e-05,12.0,13.246045396198895,11593.809865373543,11580.563819977344,12586.42782791237,201.05782028944645,2103764.015688205,0.835711545031339,0.6084461732444321,0.323,0.835711545031339,0.0,4882.758680096683,5285.855130503559,0.0,3305.6276264254543,1.0,2.0,0.0,0.0,ok,13161888.98807295,3194012.417015564,1838426.9146528707,3121437.7503445307,-10667090.37029807,phase_formula
225.87827631437312,1.7160090884629123e-05,12.0,13.372347906204997,10321.356235456407,10307.983887550203,11274.565701197094,225.87827631437312,2105318.5939576994,0.8357098330097603,0.608445957081345,0.323,0.8357098330097603,0.0,4346.19250570288,4704.9805676504475,0.0,2942.3723263608504,1.0,2.0,0.0,0.0,ok,13161751.831733184,3194012.417015564,1838426.9146528707,3117102.800549533,-10667065.549842047,phase_formula
253.76280135386727,1.9278492847669018e-05,12.0,13.498653784884574,9188.739048907475,9175.24039512259,10103.853770822536,253.76280135386727,2106965.9249172728,0.8357079095908606,0.6084461020624902,0.323,0.8357079095908606,0.0,3868.5917374801247,4187.942908612454,0.0,2619.0366062740445,1.0,2.0,0.0,0.0,ok,13161597.742986951,3194012.417015564,1838426.9146528707,3112513.642221493,-10667037.665317006,phase_formula
285.08965271781034,2.1658410143417938e-05,12.0,13.624963342834093,8180.592489132603,8166.967525789769,9058.904747402146,285.08965271781034,2108711.5940694246,0.8357057486648319,0.60844670066903,0.323,0.8357057486648319,0.0,3443.4770084310194,3727.7274857329576,0.0,2331.2339347078005,1.0,2.0,0.0,0.0,ok,13161424.631396553,3194012.417015564,1838426.9146528707,3107655.509595923,-10667006.338465642,phase_formula
320.28378333286037,2.4332126668150144e-05,12.0,13.751276904484396,7283.2392001934795,7269.487923288995,8126.017932095638,320.28378333286037,2110561.5206605694,0.8357033208952327,0.6084478627164067,0.323,0.8357033208952327,0.0,3065.0809316773625,3318.090432549893,0.0,2075.059790745574,1.0,2.0,0.0,0.0,ok,13161230.148423573,3194012.417015564,1838426.9146528707,3102512.8221049514,-10666971.144335028,phase_formula
359.8226062857106,2.733591174395735e-05,12.0,13.87759463217538,6484.504751465594,6470.627156833419,7292.993976721454,359.8226062857106,2112521.977844287,0.8357005933197711,0.6084497182187005,0.323,0.8357005933197711,0.0,2728.269865016796,2953.4739848022487,0.0,1847.0386986163708,1.0,2.0,0.0,0.0,ok,13161011.655556664,3194012.417015564,1838426.9146528707,3097069.1433834797,-10666931.605512075,phase_formula
404.24247099543345,3.071051211695156e-05,12.0,14.003916986859899,5773.552490317759,5759.5485733309,6548.9700040519265,404.24247099543345,2114599.614069651,0.8356975289015723,0.6084079122391607,0.323,0.8356975289015723,0.0,2428.0956185441783,2628.3575734484702,0.0,1643.8207337544086,1.0,2.0,0.0,0.0,ok,13160766.18850214,3194012.417015564,1838426.9146528707,3091307.1388217798,-10666887.185647365,phase_formula
454.1459388650521,3.4501704692323335e-05,12.0,14.13024429320796,5140.736541029336,5126.606296736128,5884.2728461270435,454.1459388650521,2116801.475757241,0.8356940860247548,0.6084061478500767,0.323,0.8356940860247548,0.0,2161.24808669927,2339.484786406808,0.0,1463.1649546954059,1.0,2.0,0.0,0.0,ok,13160490.41695068,3194012.417015564,1838426.9146528707,3085208.53169246,-10666837.282179495,phase_formula
510.20995710752294,3.876091750418012e-05,12.0,14.256576934625244,4577.470957387204,4563.214380452579,5290.288411543972,510.20995710752294,2119135.0313510546,0.8356902179273633,0.6084049456145942,0.323,0.8356902179273633,0.0,1923.7281419214214,2082.3625204921473,0.0,1302.3639520808024,1.0,2.0,0.0,0.0,ok,13160180.599373117,3194012.417015564,1838426.9146528707,3078754.057902719,-10666781.218161253,phase_formula
520.0,3.950467218719137e-05,12.0,14.277200466470443,4491.569838269178,4477.292637802708,5199.47991971963,520.0,2119529.098628942,0.8356895424485882,0.6084048133456652,0.323,0.8356895424485882,0.0,1887.5049772319096,2043.15011052525,0.0,1277.840869586003,1.0,2.0,0.0,0.0,ok,13160126.49799208,3194012.417015564,1838426.9146528707,3077664.9947102014,-10666771.428118361,phase_formula
573.1950416251822,4.354592734370449e-05,12.0,14.382915458089725,4076.1132532771576,4061.7303378190677,4759.345408372628,573.1950416251822,2121608.196830184,0.835685872063828,0.6084044712839597,0.323,0.835685872063828,0.0,1712.3131455882863,1853.5018949062946,0.0,1159.23599956327,1.0,2.0,0.0,0.0,ok,13159832.532230606,3194012.417015564,1838426.9146528707,3071923.419434238,-10666718.233076734,phase_formula
643.9555935096224,4.892164350904979e-05,12.0,14.509260375829804,3629.8607311324017,3615.351470756572,4284.611843959059,643.9555935096224,2124229.3627762613,0.8356809893881254,0.6084049229767892,0.323,0.8356809893881254,0.0,1524.1345761378154,1649.797401667769,0.0,1031.839108045301,1.0,2.0,0.0,0.0,ok,13159441.492908271,3194012.417015564,1838426.9146528707,3064695.2365611265,-10666647.472524852,phase_formula
723.4514891067264,5.4960988308647454e-05,12.0,14.635612251309217,3232.658202510613,3218.022590259304,3860.002900044476,723.4514891067264,2127007.4230904034,0.8356755035476964,0.60840653665348,0.323,0.8356755035476964,0.0,1356.6391172209287,1468.4847790507888,0.0,918.4446823585688,1.0,2.0,0.0,0.0,ok,13159002.17559573,3194012.417015564,1838426.9146528707,3057046.9989525503,-10666567.976629253,phase_formula
812.7611008676171,6.174588626206921e-05,12.0,14.761971789266882,2879.115848735644,2864.353876946377,3480.098929510823,812.7611008676171,2129951.8054689914,0.8356693399769076,0.6084095924526121,0.323,0.8356693399769076,0.0,1207.55402165336,1307.1035140450074,0.0,817.5140726593249,1.0,2.0,0.0,0.0,ok,13158508.619241694,3194012.417015564,1838426.9146528707,3048955.015809838,-10666478.667017493,phase_formula
913.0959256151148,6.93683754170869e-05,12.0,14.888339773579029,2564.4361072149404,2549.5477674413614,3140.0724641857832,913.0959256151148,2133072.503754679,0.8356624148774059,0.6084144220036491,0.323,0.8356624148774059,0.0,1074.8562812628804,1163.4634650697978,0.0,727.6777024149701,1.0,2.0,0.0,0.0,ok,13157954.12660135,3194012.417015564,1838426.9146528707,3040394.365203665,-10666378.332192745,phase_formula
1025.8170186601064,7.793185585809515e-05,12.0,15.014717029589772,2284.3485918132574,2269.3338747836674,2835.62324383537,1025.8170186601064,2136380.112273516,0.8356546340710869,0.6083084642084526,0.323,0.8356546340710869,0.0,956.3665621724444,1035.041733001389,0.0,647.4601625907449,1.0,2.0,0.0,0.0,ok,13157331.173273545,3194012.417015564,1838426.9146528707,3031338.842831274,-10666265.6110997,phase_formula
1152.4534566987763,8.755249234207827e-05,12.0,15.141098325277444,2035.052158383831,2019.9110600585536,2562.9203766271603,1152.4534566987763,2139885.8623024854,0.8356458917095573,0.6083041394285489,0.323,0.8356458917095573,0.0,851.2392713622061,921.2499100899416,0.0,576.2889867122135,1.0,2.0,0.0,0.0,ok,13156631.305487595,3194012.417015564,1838426.9146528707,3021760.9104430997,-10666138.974661661,phase_formula
1294.7230799424149,9.836079008906897e-05,12.0,15.2674649996343,1813.1633344391598,1797.8958694395255,2318.550853484818,1294.7230799424149,2143601.6608157447,0.8356360688218721,0.6083012576288567,0.323,0.8356360688218721,0.0,757.6690585477447,819.9699635155403,0.0,512.9419526368233,1.0,2.0,0.0,0.0,ok,13155845.025245318,3194012.417015564,1838426.9146528707,3011631.6442482183,-10665996.705038417,phase_formula
1300.0,9.876168046797843e-05,12.0,15.27184624506464,1805.8675776413638,1790.5957313962992,2310.4859453723366,1300.0,2143735.450562615,0.8356357044551167,0.6083011830954546,0.323,0.8356357044551167,0.0,754.5924381285596,816.6398814377953,0.0,510.85908061303485,1.0,2.0,0.0,0.0,ok,13155815.861049097,3194012.417015564,1838426.9146528707,3011267.3658904163,-10665991.428118361,phase_formula
1454.5557948495277,0.00011050336510290418,12.0,15.39384394930811,1615.6704811341451,1600.276637184837,2099.473783129105,1454.5557948495277,2147540.131590427,0.8356250316799471,0.6083002450120688,0.323,0.8356250316799471,0.0,674.3859921357806,729.8270488270769,0.0,456.5593166759235,1.0,2.0,0.0,0.0,ok,13154961.66125035,3194012.417015564,1838426.9146528707,3000920.6836580765,-10665836.872323511,phase_formula
1634.1197535649385,0.000124144933036917,12.0,15.520236515068378,1439.8928685041021,1424.3726319890338,1902.979532842653,1634.1197535649385,2151714.6589730564,0.8356126299583363,0.6083016074566755,0.323,0.8356126299583363,0.0,600.2596772876914,649.5973821190486,0.0,406.37580152376717,1.0,2.0,0.0,0.0,ok,13153969.223861262,3194012.417015564,1838426.9146528707,2989596.180791817,-10665657.308364796,phase_formula
1835.850765193497,0.00013947054358379526,12.0,15.646644196034396,1283.4443367003662,1267.7976925043317,1726.6534451460134,1835.850765193497,2156139.4343556,0.8355986946619783,0.6083059473759121,0.323,0.8355986946619783,0.0,534.2839316705224,578.1916537657695,0.0,361.71022174094367,1.0,2.0,0.0,0.0,ok,13152854.242085172,3194012.417015564,1838426.9146528707,2977624.7512420113,-10665455.577353166,phase_formula
2062.485337876194,0.0001566880906993994,12.0,15.773068691584644,1144.200927434458,1128.4278587428732,1568.3435179143698,2062.485337876194,2160829.505605473,0.8355830357919819,0.6083139798987923,0.323,0.8355830357919819,0.0,475.5631364942411,514.6402521372298,0.0,321.9562434066013,1.0,2.0,0.0,0.0,ok,13151601.580380514,3194012.417015564,1838426.9146528707,2964971.4266766305,-10665228.942780484,phase_formula
2317.0977998889393,0.0001760311327120671,12.0,15.899511916634028,1020.2720721920499,1004.3725602754158,1426.131634734526,2317.0977998889393,2165800.829676558,0.8355654397154921,0.6083265515437137,0.323,0.8355654397154921,0.0,423.3000872799338,458.08011026606596,0.0,286.5741590885151,1.0,2.0,0.0,0.0,ok,13150194.232758636,3194012.417015564,1838426.9146528707,2951599.609947478,-10664974.330318471,phase_formula
2603.142003316607,0.00019776206057255997,12.0,16.025976027011243,909.9749464175898,893.9489703905786,1298.307953628062,2603.142003316607,2171070.328588982,0.8355456662010565,0.6080579868349675,0.323,0.8355456662010565,0.0,376.4066378622307,407.1698229237344,0.0,254.82729383273022,1.0,2.0,0.0,0.0,ok,13148613.091359159,3194012.417015564,1838426.9146528707,2937471.0334776645,-10664688.286115043,phase_formula
2924.49817601829,0.00022217565722238775,12.0,16.15246344907638,811.8116417744232,795.6591783253467,1183.3481094255458,2924.49817601829,2176655.949051744,0.8355234450755991,0.6080474135567171,0.323,0.8355234450755991,0.0,335.00825827814305,362.37197752843014,0.0,226.80059085430287,1.0,2.0,0.0,0.0,ok,13146836.686319374,3194012.417015564,1838426.9146528707,2922545.721817358,-10664366.929942342,phase_formula
3200.0,0.00024310567499810073,12.0,16.250311540556883,743.3615851504867,727.1112736099298,1102.3916380401197,3200.0,2181204.748076123,0.8355043891361758,0.6080417407621856,0.323,0.8355043891361758,0.0,306.14041825344793,331.135206077299,0.0,207.25706315758427,1.0,2.0,0.0,0.0,ok,13145313.695388561,3194012.417015564,1838426.9146528707,2910429.5480751814,-10664091.428118361,phase_formula
3285.5255574369426,0.0002496030963638185,12.0,16.27897691437717,724.4488468194619,708.1698699050847,1079.892918973623,3285.5255574369426,2182576.726034897,0.8354984724530066,0.6080405679959321,0.323,0.8354984724530066,0.0,298.164168324004,322.50468144136147,0.0,201.8571419553507,1.0,2.0,0.0,0.0,ok,13144840.89335776,3194012.417015564,1838426.9146528707,2906781.959384321,-10664005.902560923,phase_formula
3691.1215322651688,0.0002804164348754212,12.0,16.405519498915936,646.6997604571335,630.2942409582175,986.7303148791749,3691.1215322651688,2188852.8504842604,0.8354704064772807,0.6080385339009189,0.323,0.8354704064772807,0.0,265.37392373548414,287.0261452030929,0.0,179.65814636892281,1.0,2.0,0.0,0.0,ok,13142598.60504029,3194012.417015564,1838426.9146528707,2890136.264555993,-10663600.306586094,phase_formula
4146.7880641233005,0.0003150336598133633,12.0,16.5320946677807,577.5079928263825,560.9758981586018,902.7792617203221,4146.7880641233005,2195505.74166802,0.835438862515059,0.6080426064231356,0.323,0.835438862515059,0.0,236.192071125092,255.45411320095573,0.0,159.9020321516873,1.0,2.0,0.0,0.0,ok,13140079.36118827,3194012.417015564,1838426.9146528707,2872563.3714381903,-10663144.640054237,phase_formula
4658.7063304314215,0.0003539243584617049,12.0,16.658706325470177,515.9332352338267,499.27452890835656,827.0754387970394,4658.7063304314215,2202558.1243998646,0.8354034077228494,0.6080543280293176,0.323,0.8354034077228494,0.0,210.22210537684737,227.35932219735093,0.0,142.3203653401257,1.0,2.0,0.0,0.0,ok,13137248.93331048,3194012.417015564,1838426.9146528707,2854016.2208184847,-10662632.72178793,phase_formula
5233.820570907399,0.0003976160883466838,12.0,16.785358872675083,461.13850474383577,444.3531458711607,758.7584931824813,5233.820570907399,2210034.111595514,0.8353635549033116,0.6080755299183599,0.323,0.8353635549033116,0.0,187.11109088642752,202.35967709777145,0.0,126.67420853011143,1.0,2.0,0.0,0.0,ok,13134068.857291143,3194012.417015564,1838426.9146528707,2834445.962013933,-10662057.607547453,phase_formula
5879.932287106999,0.0004467015336250854,12.0,16.912057270512957,412.3787903968877,395.4667331263748,697.0606920307562,5879.932287106999,2217959.2926615947,0.8353187555520751,0.6081083802643951,0.323,0.8353187555520751,0.0,166.5448740474335,180.11506903242935,0.0,112.7508797301125,1.0,2.0,0.0,0.0,ok,13130495.907828229,3194012.417015564,1838426.9146528707,2813801.9675466917,-10661411.495831253,phase_formula
6500.0,0.0004938084023398921,12.0,17.021193660422323,374.7111084032985,357.68991474287617,648.7009314694524,6500.0,2225165.9143379955,0.8352757353895827,0.6074318474105164,0.323,0.8352757353895827,0.0,150.27829135956625,162.35946225294947,0.0,101.73840325042634,1.0,2.0,0.0,0.0,ok,13127066.685855996,3194012.417015564,1838426.9146528707,2795120.9309331607,-10660791.428118361,phase_formula
6605.806070835401,0.00050184654492406,12.0,17.038807113368577,368.9909470408793,351.9521399275107,641.2968195756271,6605.806070835401,2226360.8281348255,0.8352683919815108,0.6074276872505284,0.323,0.8352683919815108,0.0,147.86548475990577,159.75020687711105,0.0,100.10493318245622,1.0,2.0,0.0,0.0,ok,13126481.507282069,3194012.417015564,1838426.9146528707,2792031.862826463,-10660685.622047525,phase_formula
7421.288497006765,0.000563799171693897,12.0,17.16561453965215,330.38469951212164,313.2190849724695,590.8551823840837,7421.288497006765,2235267.551290676,0.8352117683901706,0.6074020698133143,0.323,0.8352117683901706,0.0,131.58073274919158,142.14085522022313,0.0,89.08015607120271,1.0,2.0,0.0,0.0,ok,13121971.060647978,3194012.417015564,1838426.9146528707,2769081.573295117,-10659870.139621353,phase_formula
8337.44169374924,0.000633399809598818,12.0,17.292444442151986,296.0345935993637,278.7421491572117,545.1895592729348,8337.44169374924,2244710.077973562,0.8351481007256857,0.6073860749362656,0.323,0.8351481007256857,0.0,117.09067314345425,126.47446481638272,0.0,79.27038571811855,1.0,2.0,0.0,0.0,ok,13116903.207292646,3194012.417015564,1838426.9146528707,2744895.3917864934,-10658953.986424612,phase_formula
9366.693401651874,0.0007115926005965109,12.0,17.419345710089132,265.4729939034855,248.05364819339633,503.81219592920183,9366.693401651874,2254720.922327634,0.8350765051641099,0.6073825198237577,0.323,0.8350765051641099,0.0,104.19811155792306,112.537551933153,0.0,70.54212152471392,1.0,2.0,0.0,0.0,ok,13111208.97887361,3194012.417015564,1838426.9146528707,2719416.0691849017,-10657924.734716708,phase_formula
10523.00555772709,0.0007994382403500031,12.0,17.54632723977583,238.2836156457619,220.73728840598608,466.2873324637888,10523.00555772709,2265334.624998519,0.8349959849991534,0.607394738975011,0.323,0.8349959849991534,0.0,92.72750888961912,100.14007729203257,0.0,62.776523518272136,1.0,2.0,0.0,0.0,ok,13104810.851471966,3194012.417015564,1838426.9146528707,2692584.9318268797,-10656768.422560634,phase_formula
11822.06369095274,0.0008981283667061263,12.0,17.673399085093262,214.0959187358159,196.42251965072265,432.2255914141065,11822.06369095274,2276587.8891868265,0.834905415699399,0.6074267047027387,0.323,0.834905415699399,0.0,82.52261446626885,89.11287871184155,0.0,55.86780999366401,1.0,2.0,0.0,0.0,ok,13097621.678385157,3194012.417015564,1838426.9146528707,2664342.0294792885,-10655469.364427408,phase_formula
13281.489698569587,0.0010090017244222128,12.0,17.800572614413905,192.5800813622726,174.7795087478587,401.2789443919511,13281.489698569587,2288519.72907075,0.834803527849091,0.6074831355000528,0.323,0.834803527849091,0.0,73.44434663183122,79.3053782352443,0.0,49.72182266974974,1.0,2.0,0.0,0.0,ok,13089543.488218118,3194012.417015564,1838426.9146528707,2634626.31815387,-10654009.938419791,phase_formula
14921.080889473207,0.0011335623254177018,12.0,17.92786069037275,173.44252593624338,155.51466524587065,373.1362297415385,14921.080889473207,2301171.6304807975,0.8346888876367264,0.60756962629889,0.323,0.8346888876367264,0.0,65.3689071979533,70.58355236630602,0.0,44.254750173014386,1.0,2.0,0.0,0.0,ok,13080466.130841522,3194012.417015564,1838426.9146528707,2603375.8824712606,-10652370.347228887,phase_formula
15000.0,0.0011395578515535972,12.0,17.933646573563962,172.62726403411136,154.6936174605474,371.92267911690436,15000.0,2301762.7435033675,0.8346833649503874,0.6075743842437847,0.323,0.8346833649503874,0.0,65.02487582759062,70.21204184131533,0.0,44.02184093527885,1.0,2.0,0.0,0.0,ok,13080029.1553878,3194012.417015564,1838426.9146528707,2601922.3217008007,-10652291.428118361,phase_formula
16763.07853735573,0.0012734998508968874,12.0,18.055277876204443,156.42193669744995,138.3666588212455,347.5191611993064,16763.07853735573,2314587.725478772,0.8345598744932957,0.6058442252253275,0.323,0.8345598744932957,0.0,57.80828716589723,62.257123681778566,0.0,39.13621041131242,1.0,2.0,0.0,0.0,ok,13070265.751411745,3194012.417015564,1838426.9146528707,2570528.202775687,-10650528.349581005,phase_formula
18832.46958655668,0.0014307125721003326,12.0,18.182840673060745,141.28571496251328,123.10287428945254,324.1787736110505,18832.46958655668,2328814.9836448343,0.8344146554058295,0.6057832527214416,0.323,0.8344146554058295,0.0,51.42013472810948,55.362169676096045,0.0,34.81143121093013,1.0,2.0,0.0,0.0,ok,13058803.069916513,3194012.417015564,1838426.9146528707,2536020.4727166523,-10648458.958531804,phase_formula
21157.325603303416,0.0016073331006080237,12.0,18.31056779356427,127.826823931926,109.51625613836173,302.8922574160067,21157.325603303416,2343903.4204695174,0.8342511553383474,0.6057476152563812,0.323,0.8342511553383474,0.0,45.73923228202183,49.23290282750692,0.0,30.965460254928782,1.0,2.0,0.0,0.0,ok,13045921.440560212,3194012.417015564,1838426.9146528707,2499789.9735560734,-10646134.102515057,phase_formula
23769.183570259636,0.0018057573175005422,12.0,18.43848047787395,115.86098025703099,97.42249977915704,283.4601396004523,23769.183570259636,2359906.3269395586,0.8340670230767333,0.6057445939228274,0.323,0.8340670230767333,0.0,40.68786578878064,43.785187906438885,0.0,27.545685139004494,1.0,2.0,0.0,0.0,ok,13031444.66165687,3194012.417015564,1838426.9146528707,2461774.5120183006,-10643522.244548101,phase_formula
26326.0,0.002,12.0,18.550844248068344,106.45873291304333,87.90788866497499,267.7909654651604,26326.0,2374750.3967388505,0.8338863099020227,0.605775444649222,0.323,0.8338863099020227,0.0,36.71815702424315,39.505911669986304,0.0,24.858192305412615,1.0,2.0,0.0,0.0,ok,13017267.90274866,3194012.417015564,1838426.9146528707,2426889.2560486384,-10640965.428118361,phase_formula
26703.473689911352,0.002028676873806226,12.0,18.56657740061941,105.22412881349565,86.65755141287624,265.7037474404971,26703.473689911352,2376880.526959338,0.8338595916704445,0.6057828324667947,0.323,0.8338595916704445,0.0,36.19685058075336,38.94411531167646,0.0,24.50526784317003,1.0,2.0,0.0,0.0,ok,13015174.502462488,3194012.417015564,1838426.9146528707,2421912.929072233,-10640587.95442845,phase_formula
30000.0,0.0022791157031071944,12.0,18.694862716414473,95.770245313304,77.07538259688953,249.46299986221402,30000.0,2394886.6563625135,0.8336258324643969,0.6058726353079669,0.323,0.8336258324643969,0.0,32.204603534050136,34.64300171400782,0.0,21.802516592551946,1.0,2.0,0.0,0.0,ok,12996887.908435715,3194012.417015564,1838426.9146528707,2380145.687604825,-10637291.428118361,phase_formula
100.0,7.597052343690648e-06,12.25,12.154335674309838,23078.24394391407,23066.08960823976,24322.932288643817,100.0,2100211.4065832505,0.8390712424449658,0.6110104730055078,0.323,0.8390712424449658,0.0,9812.814443805853,10708.57468699992,0.0,6643.275378456563,1.0,2.0,0.0,0.0,ok,13162451.012516107,3128828.490137696,1800907.998027302,3078186.6665878496,-10434075.820631865,phase_formula
112.34493440205146,8.534903472008771e-06,12.25,12.27725743395253,20543.71076937435,20531.433511940395,21741.298195546737,112.34493440205146,2101299.0301525076,0.839070413821735,0.6110102162495845,0.323,0.839070413821735,0.0,8734.509018741383,9531.82253997069,0.0,5913.262605687918,1.0,2.0,0.0,0.0,ok,13162383.239318267,3128828.490137696,1800907.998027302,3075139.652392444,-10434063.475697463,phase_formula
126.21384285801246,9.588531706906667e-06,12.25,12.400183899594985,18287.69628269793,18275.296098798335,19439.550538181677,126.21384285801246,2102451.2346241204,0.8390694828937445,0.6110101185677319,0.323,0.8390694828937445,0.0,7774.697483419966,8484.384724624617,0.0,5263.470196275318,1.0,2.0,0.0,0.0,ok,13162307.099433808,3128828.490137696,1800907.998027302,3071913.9199016565,-10434049.606789006,phase_formula
141.79485896514254,1.077222965624421e-05,12.25,12.523115510581913,16279.595678704873,16267.072563194291,17387.082689609408,141.79485896514254,2103671.925855862,0.8390684370284545,0.6110102231630113,0.323,0.8390684370284545,0.0,6920.359230627011,7552.05163816794,0.0,4685.083199134488,1.0,2.0,0.0,0.0,ok,13162221.559966732,3128828.490137696,1800907.998027302,3068498.9280269905,-10434034.0257729,phase_formula
159.29934128987077,1.210205434094589e-05,12.25,12.646052041884206,14492.16713644189,14479.521084400007,15556.646549215062,159.29934128987077,2104965.241795674,0.8390672620330374,0.6110105814719453,0.323,0.8390672620330374,0.0,6159.9044120433355,6722.175088408352,0.0,4170.255286953338,1.0,2.0,0.0,0.0,ok,13162125.460501779,3128828.490137696,1800907.998027302,3064883.542936823,-10434016.521290574,phase_formula
178.96474047500539,1.3596045010636282e-05,12.25,12.768993948412993,12901.16228158658,12888.393287638166,13923.983560627521,178.96474047500539,2106335.566554496,0.8390659419615498,0.6110112545619443,0.323,0.8390659419615498,0.0,5483.01672091641,5983.496720117736,0.0,3712.00232006041,1.0,2.0,0.0,0.0,ok,13162017.49735993,3128828.490137696,1800907.998027302,3061056.006183973,-10433996.85589139,phase_formula
201.05782028944645,1.5274467848472724e-05,12.25,12.89194104307331,11484.997252680065,11472.105311636991,12467.496282634762,201.05782028944645,2107787.5453206464,0.8390644588982437,0.6110123147006128,0.323,0.8390644588982437,0.0,4880.513449473803,5325.995293167621,0.0,3304.1076052937647,1.0,2.0,0.0,0.0,ok,13161896.205909628,3128828.490137696,1800907.998027302,3057003.9014473404,-10433974.762811575,phase_formula
225.87827631437312,1.7160090884629123e-05,12.25,13.014875541068987,10224.4598962077,10211.445020666632,11167.956032106817,225.87827631437312,2109326.1001561363,0.8390627927140573,0.6109885779147006,0.323,0.8390627927140573,0.0,4343.83977836918,4740.169664141456,0.0,2940.779529955935,1.0,2.0,0.0,0.0,ok,13161759.940693578,3128828.490137696,1800907.998027302,3052714.11987,-10433949.94235555,phase_formula
253.76280135386727,1.9278492847669018e-05,12.25,13.137785454445485,9102.449174804095,9089.311389349648,10008.242698976506,253.76280135386727,2110956.4467420885,0.8390609207929567,0.6109875623725844,0.323,0.8390609207929567,0.0,3866.482467746194,4219.2420785698705,0.0,2617.6086306641737,1.0,2.0,0.0,0.0,ok,13161606.853101214,3128828.490137696,1800907.998027302,3048172.823964828,-10433922.05783051,phase_formula
285.08965271781034,2.1658410143417938e-05,12.25,13.260701409738218,8103.743226375366,8090.482524965628,8973.113169455484,285.08965271781034,2112684.1121258102,0.8390588177243825,0.6109868523536726,0.323,0.8390588177243825,0.0,3441.584337351911,3755.5640600991574,0.0,2329.952596387244,1.0,2.0,0.0,0.0,ok,13161434.86628363,3128828.490137696,1800907.998027302,3043365.410083225,-10433890.730979146,phase_formula
320.28378333286037,2.4332126668150144e-05,12.25,13.383623645337883,7214.792804086823,7201.409180441485,8048.995092782684,320.28378333286037,2114514.9535348527,0.8390564549575877,0.61098653879885,0.323,0.8390564549575877,0.0,3063.3809517719446,3342.8447855100103,0.0,2073.9089043496065,1.0,2.0,0.0,0.0,ok,13161241.6469702,3128828.490137696,1800907.998027302,3038276.4694377566,-10433855.536848532,phase_formula
359.8226062857106,2.733591174395735e-05,12.25,13.506552309880538,6423.537509313484,6410.030957003604,7223.803409414055,359.8226062857106,2116455.178317399,0.8390538004131258,0.6109867304475949,0.323,0.8390538004131258,0.0,2726.7412959753847,2975.4846936369,0.0,1846.0038573753352,1.0,2.0,0.0,0.0,ok,13161024.57380404,3128828.490137696,1800907.998027302,3032889.747686909,-10433815.99802558,phase_formula
404.24247099543345,3.071051211695156e-05,12.25,13.629487822514893,5719.2421910787025,5705.612703256187,6486.777012922412,404.24247099543345,2118511.365091952,0.8390508180461526,0.6109875568623924,0.323,0.8390508180461526,0.0,2427.098172546203,2648.4995267826107,0.0,1643.1454628137794,1.0,2.0,0.0,0.0,ok,13160780.701765997,3128828.490137696,1800907.998027302,3027188.1031007995,-10433771.578160869,phase_formula
454.1459388650521,3.4501704692323335e-05,12.25,13.752430427012348,5092.351321844449,5078.598891417436,5828.333363740431,454.1459388650521,2120690.486170886,0.8390474673555326,0.6109891718954166,0.323,0.8390474673555326,0.0,2160.386246866009,2357.452718322025,0.0,1462.5814891282882,1.0,2.0,0.0,0.0,ok,13160506.722203681,3128828.490137696,1800907.998027302,3021153.463340618,-10433721.674693,phase_formula
510.20995710752294,3.876091750418012e-05,12.25,13.87538047400735,4534.359375781803,4520.483995307795,5239.939080527628,510.20995710752294,2122999.9313419037,0.8390437028319885,0.6109917577257077,0.323,0.8390437028319885,0.0,1922.9869004130308,2098.3952102544513,0.0,1301.862131579622,1.0,2.0,0.0,0.0,ok,13160198.917922143,3128828.490137696,1800907.998027302,3014766.7808963726,-10433665.610674758,phase_formula
520.0,3.950467218719137e-05,12.25,13.89547917972416,4449.26251934047,4435.367040160746,5149.98542039799,520.0,2123389.926111537,0.8390430454403395,0.6109922876692531,0.323,0.8390430454403395,0.0,1886.782127841502,2058.887665391745,0.0,1277.351500548697,1.0,2.0,0.0,0.0,ok,13160145.168117471,3128828.490137696,1800907.998027302,3013689.165418246,-10433655.820631865,phase_formula
573.1950416251822,4.354592734370449e-05,12.25,13.99833844381455,4037.6954501940163,4023.6971117502017,4713.994749860008,573.1950416251822,2125447.5330924476,0.8390394733376689,0.6109955295135269,0.323,0.8390394733376689,0.0,1711.6791437231138,1867.8118837014863,0.0,1158.806780300548,1.0,2.0,0.0,0.0,ok,13159853.112725543,3128828.490137696,1800907.998027302,3008007.9872579267,-10433602.625590239,phase_formula
643.9555935096224,4.892164350904979e-05,12.25,14.121304752161127,3595.6205650086063,3581.4992602564453,4243.73239846916,643.9555935096224,2128041.593371712,0.8390347214085554,0.6109286990403411,0.323,0.8390347214085554,0.0,1523.2148044602393,1661.9928698807453,0.0,1031.216422619582,1.0,2.0,0.0,0.0,ok,13159464.61472347,3128828.490137696,1800907.998027302,3000855.9459024123,-10433531.865038356,phase_formula
723.4514891067264,5.4960988308647454e-05,12.25,14.244279895174396,3202.1362477510547,3187.8919678558805,3823.124228115129,723.4514891067264,2130790.911980477,0.8390293824700277,0.6109267536667392,0.323,0.8390293824700277,0.0,1355.8041142467014,1479.3151421879356,0.0,917.8793853450168,1.0,2.0,0.0,0.0,ok,13159028.152630487,3128828.490137696,1800907.998027302,2993288.404215282,-10433452.369142758,phase_formula
812.7611008676171,6.174588626206921e-05,12.25,14.367264485519883,2851.9031634932117,2837.5358990076916,3446.8013816490584,812.7611008676171,2133704.8166990196,0.83902338395468,0.6109257973759245,0.323,0.83902338395468,0.0,1206.7943667719348,1316.7186668831075,0.0,816.9997863045999,1.0,2.0,0.0,0.0,ok,13158537.804191856,3128828.490137696,1800907.998027302,2985281.9444908374,-10433363.059530998,phase_formula
913.0959256151148,6.93683754170869e-05,12.25,14.490255565022558,2540.1686823655064,2525.678426800484,3109.9816315188846,913.0959256151148,2136793.195268254,0.8390166443100808,0.6109261038137463,0.323,0.8390166443100808,0.0,1074.163587762328,1171.9968294865257,0.0,727.2087489150961,1.0,2.0,0.0,0.0,ok,13157986.915760776,3128828.490137696,1800907.998027302,2976811.934184615,-10433262.72470625,phase_formula
1025.8170186601064,7.793185585809515e-05,12.25,14.613213853543419,2262.7023767863748,2248.089162932831,2808.404983122182,1025.8170186601064,2140066.5293403747,0.839009071882586,0.6109279948861991,0.323,0.839009071882586,0.0,956.1119719477749,1043.1854661518776,0.0,647.2878050086437,1.0,2.0,0.0,0.0,ok,13157368.011931464,3128828.490137696,1800907.998027302,2967852.475637877,-10433150.003613204,phase_formula
1152.4534566987763,8.755249234207827e-05,12.25,14.7361840702425,2015.738756000683,2001.0025719304406,2538.27650368582,1152.4534566987763,2143535.930495615,0.8390005636615235,0.6109318624644373,0.323,0.8390005636615235,0.0,851.037514522985,928.5362897768769,0.0,576.1523973320609,1.0,2.0,0.0,0.0,ok,13156672.693996243,3128828.490137696,1800907.998027302,2958376.355529365,-10433023.367175166,phase_formula
1294.7230799424149,9.836079008906897e-05,12.25,14.85916717257546,1795.926058326559,1781.0668911539835,2296.21519881146,1294.7230799424149,2147213.178556662,0.8389910038660262,0.6109381660540414,0.323,0.8389910038660262,0.0,757.5142308101198,826.493099625884,0.0,512.8371342584511,1.0,2.0,0.0,0.0,ok,13155891.525841676,3128828.490137696,1800907.998027302,2948354.9943626206,-10432881.097551923,phase_formula
1300.0,9.876168046797843e-05,12.25,14.863499835299532,1788.698629842465,1773.8351300071654,2288.226561060722,1300.0,2147345.5797877777,0.8389906492585799,0.6109384418554735,0.323,0.8389906492585799,0.0,754.4391779065942,823.1379591871445,0.0,510.7553234427642,1.0,2.0,0.0,0.0,ok,13155862.551269226,3128828.490137696,1800907.998027302,2947994.6010484565,-10432875.820631865,phase_formula
1454.5557948495277,0.00011050336510290418,12.25,14.982164232727293,1600.2808279235173,1585.2986636907901,2079.2086612284897,1454.5557948495277,2151110.7622268256,0.8389802623544808,0.6109474485717943,0.323,0.8389802623544808,0.0,674.2728292969541,735.6706966972129,0.0,456.482705434038,1.0,2.0,0.0,0.0,ok,13155013.905726388,3128828.490137696,1800907.998027302,2937758.3963548075,-10432721.264837015,phase_formula
1634.1197535649385,0.000124144933036917,12.25,15.105176440003378,1426.147443802935,1411.0422673629316,1884.5726643448668,1634.1197535649385,2155241.922321949,0.8389681928339178,0.610777517671584,0.323,0.8389681928339178,0.0,599.8024239754621,654.2552374053105,0.0,406.0662410313879,1.0,2.0,0.0,0.0,ok,13154027.922189122,3128828.490137696,1800907.998027302,2926555.100153394,-10432541.7008783,phase_formula
1835.850765193497,0.00013947054358379526,12.25,15.228205127621727,1271.1620959849022,1255.9338908572804,1709.9151939842216,1835.850765193497,2159620.6977057983,0.8389546308436742,0.6107722161526585,0.323,0.8389546308436742,0.0,533.8594964744914,582.3109624662183,0.0,361.42287911323064,1.0,2.0,0.0,0.0,ok,13152920.19211728,3128828.490137696,1800907.998027302,2914712.1308792294,-10432339.96986667,phase_formula
2062.485337876194,0.0001566880906993994,12.25,15.35125180088814,1133.2207201098613,1117.8694683089732,1553.1044309368233,2062.485337876194,2164261.974130614,0.8389393914842238,0.610769381887387,0.323,0.8389393914842238,0.0,475.1678078671422,518.2800851328166,0.0,321.6886059260553,1.0,2.0,0.0,0.0,ok,13151675.678760003,3128828.490137696,1800907.998027302,2902194.9540802664,-10432113.335293988,phase_formula
2317.0977998889393,0.0001760311327120671,12.25,15.474318154072849,1010.4504555206222,994.9761373665493,1412.2402500403664,2317.0977998889393,2169181.5362226386,0.8389222668581587,0.6107697057243395,0.323,0.8389222668581587,0.0,422.9305616731342,461.2930480187699,0.0,286.32399025271184,1.0,2.0,0.0,0.0,ok,13150277.487192899,3128828.490137696,1800907.998027302,2888967.432265596,-10431858.722831976,phase_formula
2603.142003316607,0.00019776206057255997,12.25,15.597406087403611,901.18423965105,885.5868335636465,1285.6288498337724,2603.142003316607,2174396.122791052,0.8389030231858087,0.6107740117300555,0.323,0.8389030231858087,0.0,376.43851673549125,410.5758443633444,0.0,254.84887582992758,1.0,2.0,0.0,0.0,ok,13148706.634429049,3128828.490137696,1800907.998027302,2874991.7847979134,-10431572.678628549,phase_formula
2924.49817601829,0.00022217565722238775,12.25,15.720517734521213,803.9381941009987,788.2176763664775,1171.7601677811856,2924.49817601829,2179923.485736649,0.8388813975528349,0.6107832795926187,0.323,0.8388813975528349,0.0,335.06036622986426,365.43951811701385,0.0,226.83586793761816,1.0,2.0,0.0,0.0,ok,13146941.791019058,3128828.490137696,1800907.998027302,2860228.5520350696,-10431251.322455846,phase_formula
3200.0,0.00024310567499810073,12.25,15.815783421274844,736.1276117853744,720.3118283640995,1091.5727172654706,3200.0,2184424.802732098,0.8388628523387821,0.6107945906380461,0.323,0.8388628523387821,0.0,306.20656983129766,333.96662410090914,0.0,207.30184777578853,1.0,2.0,0.0,0.0,ok,13145428.714405796,3128828.490137696,1800907.998027302,2848244.351998335,-10430975.820631865,phase_formula
3285.5255574369426,0.0002496030963638185,12.25,15.8436554909582,717.3914956267513,701.5478401357931,1069.2877758890695,3285.5255574369426,2185782.4528529486,0.8388570942412021,0.6107986705843956,0.323,0.8388570942412021,0.0,298.23417391792515,325.2708183790578,0.0,201.90453574243537,1.0,2.0,0.0,0.0,ok,13144958.990585737,3128828.490137696,1800907.998027302,2844636.564744212,-10430890.295074428,phase_formula
3691.1215322651688,0.0002804164348754212,12.25,15.966822047258033,640.3684589974906,624.4016369502326,977.0109831772652,3691.1215322651688,2191992.9947188185,0.8388297805880884,0.6108215576100623,0.323,0.8388297805880884,0.0,265.45975143469514,289.5238809266249,0.0,179.7162517212886,1.0,2.0,0.0,0.0,ok,13142731.303291066,3128828.490137696,1800907.998027302,2828172.919953184,-10430484.6990996,phase_formula
4146.7880641233005,0.0003150336598133633,12.25,16.090017447269563,571.8225856894088,555.7325682421392,893.858900247631,4146.7880641233005,2198576.2961872825,0.8387990823093829,0.6103894872026678,0.323,0.8387990823093829,0.0,235.9109273396307,257.1323457777755,0.0,159.71169780892996,1.0,2.0,0.0,0.0,ok,13140228.468727348,3128828.490137696,1800907.998027302,2810792.9645716804,-10430029.032567741,phase_formula
4658.7063304314215,0.0003539243584617049,12.25,16.21320944854146,510.8223383526813,494.6091289041398,818.8762257108449,4658.7063304314215,2205554.832830798,0.8387645782152423,0.6103751736883155,0.323,0.8387645782152423,0.0,209.95330033479115,228.8247280873856,0.0,142.1383843266536,1.0,2.0,0.0,0.0,ok,13137416.483153112,3128828.490137696,1800907.998027302,2792450.2882915665,-10429517.114301434,phase_formula
5233.820570907399,0.0003976160883466838,12.25,16.336441473233855,456.5386127704991,440.2021712972653,751.2107271957389,5233.820570907399,2212952.452022719,0.8387257942344972,0.610367032123533,0.323,0.8387257942344972,0.0,186.85316322013333,203.6355384768719,0.0,126.49959150003025,1.0,2.0,0.0,0.0,ok,13134257.135348517,3128828.490137696,1800907.998027302,2773096.7274769493,-10428942.000060957,phase_formula
5879.932287106999,0.0004467015336250854,12.25,16.45971792621103,408.2333756778726,391.7736577516615,690.1018845914009,5879.932287106999,2220794.4606577186,0.8386821966522398,0.6103668099757603,0.323,0.8386821966522398,0.0,166.29652328010377,181.2221114057605,0.0,112.58274626063024,1.0,2.0,0.0,0.0,ok,13130707.484634424,3128828.490137696,1800907.998027302,2752682.3819810064,-10428295.888344757,phase_formula
6500.0,0.0004938084023398921,12.25,16.565981125216222,370.9166613404682,354.35068021525194,642.2043157869815,6500.0,2227925.3659054297,0.8386403307959566,0.6103745857716851,0.323,0.8386403307959566,0.0,150.4156276879954,163.90858378735092,0.0,101.83137994477289,1.0,2.0,0.0,0.0,ok,13127300.633869546,3128828.490137696,1800907.998027302,2734210.1071086535,-10427675.820631865,phase_formula
6605.806070835401,0.00050184654492406,12.25,16.58304376172151,365.2496927477423,348.6666489860208,634.8709218504939,6605.806070835401,2229107.7185493065,0.8386331844503185,0.6103765934250769,0.323,0.8386331844503185,0.0,148.00389043802022,161.2794333135179,0.0,100.19863382653969,1.0,2.0,0.0,0.0,ok,13126719.273772035,3128828.490137696,1800907.998027302,2731155.647069179,-10427570.01456103,phase_formula
7421.288497006765,0.000563799171693897,12.25,16.706424553777765,327.0028171910285,310.29639263725073,584.9118960631708,7421.288497006765,2237920.738768287,0.8385780806233047,0.610398865272135,0.323,0.8385780806233047,0.0,131.7264861772271,143.53600790365914,0.0,89.17883114198274,1.0,2.0,0.0,0.0,ok,13122238.268522475,3128828.490137696,1800907.998027302,2708463.2629030477,-10426754.532134857,phase_formula
8337.44169374924,0.000633399809598818,12.25,16.82986657615744,292.9722575911909,276.14239101503347,539.6837645146144,8337.44169374924,2247263.7954518343,0.838516122322225,0.6104365708878537,0.323,0.838516122322225,0.0,117.242868464009,127.75016927975086,0.0,79.37342195013412,1.0,2.0,0.0,0.0,ok,13117203.514581878,3128828.490137696,1800907.998027302,2684550.3843384143,-10425838.378938116,phase_formula
9366.693401651874,0.0007115926005965109,12.25,16.95337689347627,262.6947173726948,245.74134047921854,498.7033210441949,9366.693401651874,2257169.039880179,0.8384464496543411,0.6104931958906274,0.323,0.8384464496543411,0.0,104.3559281193757,113.70680679943283,0.0,70.64896333681735,1.0,2.0,0.0,0.0,ok,13111546.501399055,3128828.490137696,1800907.998027302,2659360.6741170157,-10424809.127230212,phase_formula
10523.00555772709,0.0007994382403500031,12.25,17.076963464998638,235.75781012665615,218.6808466616575,461.5389070661621,10523.00555772709,2267670.6256517395,0.8383680929386543,0.6093945003130444,0.323,0.8383680929386543,0.0,92.50958908079596,100.63494404318793,0.0,62.62899180769888,1.0,2.0,0.0,0.0,ok,13105190.221007999,3128828.490137696,1800907.998027302,2632836.422892575,-10423652.815074138,phase_formula
11822.06369095274,0.0008981283667061263,12.25,17.200635263138196,211.79446554162678,194.59383027848858,427.8048115843951,11822.06369095274,2278804.8435266623,0.8382799581826121,0.6093564143169272,0.323,0.8382799581826121,0.0,82.30899776476319,89.52335452972086,0.0,55.72319148674469,1.0,2.0,0.0,0.0,ok,13098048.108440904,3128828.490137696,1800907.998027302,2604918.699916801,-10422353.756940912,phase_formula
13281.489698569587,0.0010090017244222128,12.25,17.32440240898654,190.47795005578354,173.153547646797,397.1562848688759,13281.489698569587,2290610.268016123,0.8381808105043858,0.6093338923798157,0.323,0.8381808105043858,0.0,73.23445978889404,79.64065005694297,0.0,49.57972927708128,1.0,2.0,0.0,0.0,ok,13090022.848499244,3128828.490137696,1800907.998027302,2575547.5386357843,-10420894.330933295,phase_formula
14921.080889473207,0.0011335623254177018,12.25,17.448276327650223,171.51743468572423,154.069158358074,369.28509825969485,14921.080889473207,2303127.91650708,0.8380692551754427,0.6093313919659752,0.323,0.8380692551754427,0.0,65.16224013544104,70.85179600508043,0.0,44.11483657169359,1.0,2.0,0.0,0.0,ok,13081005.03161513,3128828.490137696,1800907.998027302,2544662.1618952127,-10419254.73974239,phase_formula
15000.0,0.0011395578515535972,12.25,17.453885808284475,170.70968720791637,153.2558013996319,368.08324482948217,15000.0,2303712.753079557,0.8380638811473097,0.6093318237024116,0.323,0.8380638811473097,0.0,64.8183354619368,70.47741502816169,0.0,43.88201310773121,1.0,2.0,0.0,0.0,ok,13080570.9240822,3128828.490137696,1800907.998027302,2543225.64972633,-10419175.820631865,phase_formula
16763.07853735573,0.0012734998508968874,12.25,17.572269926720484,154.65404990981736,137.08177998309688,343.9155902893476,16763.07853735573,2316401.421508695,0.8379437158978629,0.6093542431331579,0.323,0.8379437158978629,0.0,57.98219993265258,63.03659355225197,0.0,39.25394935440579,1.0,2.0,0.0,0.0,ok,13070871.639190486,3128828.490137696,1800907.998027302,2512201.251937703,-10417412.74209451,phase_formula
18832.46958655668,0.0014307125721003326,12.25,17.696397801857078,139.65737409127175,121.96097628941466,320.8011454301691,18832.46958655668,2330477.219838894,0.8378024098572714,0.6094087994999645,0.323,0.8378024098572714,0.0,51.59630251830854,56.0880506896126,0.0,34.93069680489488,1.0,2.0,0.0,0.0,ok,13059484.336106706,3128828.490137696,1800907.998027302,2478103.270883626,-10415343.351045309,phase_formula
21157.325603303416,0.0016073331006080237,12.25,17.820676474264648,126.32230780744504,108.5016313331804,299.7210584875224,21157.325603303416,2345404.7592582456,0.8376433190019617,0.6095026146396934,0.323,0.8376433190019617,0.0,45.917283706984136,49.910932847039625,0.0,31.086001069628264,1.0,2.0,0.0,0.0,ok,13046687.544991221,3128828.490137696,1800907.998027302,2442306.8379224767,-10413018.495028561,phase_formula
23769.183570259636,0.0018057573175005422,12.25,17.94512466581188,114.46629168719447,96.5211670213826,280.4777417555074,23769.183570259636,2361236.725034483,0.8374641568872973,0.6096446410036909,0.323,0.8374641568872973,0.0,40.86746716410856,44.420460993142505,0.0,27.6672752701015,1.0,2.0,0.0,0.0,ok,13032306.273235027,3128828.490137696,1800907.998027302,2404751.1699914834,-10410406.637061605,phase_formula
26326.0,0.002,12.25,18.05448522165041,105.15017529089566,87.09569006924525,264.9611448861597,26326.0,2375921.966292413,0.8372883262470514,0.6068648694697313,0.323,0.8372883262470514,0.0,36.51906453896967,39.53037655109272,0.0,24.72340669288247,1.0,2.0,0.0,0.0,ok,13018223.210212877,3128828.490137696,1800907.998027302,2370291.845227235,-10407849.820631865,phase_formula
26703.473689911352,0.002028676873806226,12.25,18.069763618735593,103.92683001830882,85.85706639957323,262.89423807591413,26703.473689911352,2378029.2909515896,0.8372623302860318,0.6068506206997664,0.323,0.8372623302860318,0.0,35.99790485816826,38.964170278977846,0.0,24.370581588979924,1.0,2.0,0.0,0.0,ok,13016143.65958571,3128828.490137696,1800907.998027302,2365376.5932794963,-10407472.346941954,phase_formula
30000.0,0.0022791157031071944,12.25,18.194617468309286,94.55928653549212,76.36466906718283,246.81200522110896,30000.0,2395842.3958317116,0.8370348945921786,0.6067520181433872,0.323,0.8370348945921786,0.0,32.00683746331613,34.62941465295152,0.0,21.668628962665025,1.0,2.0,0.0,0.0,ok,12997978.202280583,3128828.490137696,1800907.998027302,2324125.13345028,-10404175.820631865,phase_formula
100.0,7.597052343690648e-06,12.5,11.837457425417833,22862.681487624683,22850.844030199263,24094.912704313017,100.0,2104000.0189743293,0.8422898583649927,0.6134913052871291,0.323,0.8422898583649927,0.0,9804.980072740302,10782.56545984059,0.0,6637.971509245185,1.0,2.0,0.0,0.0,ok,13162454.415081028,3066251.9203349417,1764889.838066756,3016121.8411755003,-10210590.059769582,phase_formula
112.34493440205146,8.534903472008771e-06,12.5,11.957187011002157,20351.79887453947,20339.841687528467,21537.403915268762,112.34493440205146,2105076.67349534,0.8422890513478707,0.6134919825835551,0.323,0.8422890513478707,0.0,8727.564161367483,9597.726526127006,0.0,5908.560937245787,1.0,2.0,0.0,0.0,ok,13162387.061950691,3066251.9203349417,1764889.838066756,3013105.795709002,-10210577.71483518,phase_formula
126.21384285801246,9.588531706906667e-06,12.5,12.076943854858088,18116.83579785054,18104.75885399568,19257.168666317826,126.21384285801246,2106217.2552063977,0.842288144693667,0.6134785913501823,0.323,0.842288144693667,0.0,7768.160780861754,8542.50208409065,0.0,5259.044848643408,1.0,2.0,0.0,0.0,ok,13162311.393995743,3066251.9203349417,1764889.838066756,3009912.870608952,-10210563.845926724,phase_formula
141.79485896514254,1.077222965624421e-05,12.5,12.196652915715351,16127.472985084412,16115.276332168696,17223.885882909115,141.79485896514254,2107425.6301438883,0.8422871260992739,0.6134780994032704,0.323,0.8422871260992739,0.0,6914.527090586215,7603.761566579768,0.0,4681.134840326868,1.0,2.0,0.0,0.0,ok,13162226.384723809,3066251.9203349417,1764889.838066756,3006532.6359509886,-10210548.264910616,phase_formula
159.29934128987077,1.210205434094589e-05,12.5,12.316337887615315,14356.722863564128,14344.406525676512,15410.561774522932,159.29934128987077,2108705.894031767,0.8422859817419939,0.6134777843750349,0.323,0.8422859817419939,0.0,6154.699299487895,6768.181534319214,0.0,4166.731425753304,1.0,2.0,0.0,0.0,ok,13162130.880914122,3066251.9203349417,1764889.838066756,3002954.0756675503,-10210530.760428293,phase_formula
178.96474047500539,1.3596045010636282e-05,12.5,12.436050997226513,12780.563399853903,12768.127348856677,13793.164230012851,178.96474047500539,2110062.386207058,0.8422846960917415,0.6134776984514401,0.323,0.8422846960917415,0.0,5478.369639336445,6024.426307872587,0.0,3708.8562458307742,1.0,2.0,0.0,0.0,ok,13162023.586970733,3066251.9203349417,1764889.838066756,2999165.556070226,-10210511.095029106,phase_formula
201.05782028944645,1.5274467848472724e-05,12.5,12.555791933703176,11377.612155885643,11365.05636395194,12350.297366349201,201.05782028944645,2111499.7043723417,0.8422832517000101,0.613477903062263,0.323,0.8422832517000101,0.0,4876.3629849116505,5362.405792425975,0.0,3301.2977407851886,1.0,2.0,0.0,0.0,ok,13161903.047343561,3066251.9203349417,1764889.838066756,2995154.7930193287,-10210489.001949292,phase_formula
225.87827631437312,1.7160090884629123e-05,12.5,12.675560987888982,10128.836286471484,10116.160725483594,11062.911976142552,225.87827631437312,2113022.7202281184,0.8422816289627173,0.6134784713352038,0.323,0.8422816289627173,0.0,4340.512412584492,4773.138635568774,0.0,2938.5269033197014,1.0,2.0,0.0,0.0,ok,13161767.626778558,3066251.9203349417,1764889.838066756,2990908.817703003,-10210464.181493267,phase_formula
253.76280135386727,1.9278492847669018e-05,12.5,12.795253974591713,9017.294251132718,9004.498997158127,9914.047638193515,253.76280135386727,2114636.596032299,0.8422798058536907,0.6134794870245803,0.323,0.8422798058536907,0.0,3863.5483746053765,4248.6303322218055,0.0,2615.62224960784,1.0,2.0,0.0,0.0,ok,13161615.48812886,3066251.9203349417,1764889.838066756,2986413.941019843,-10210436.29696823,phase_formula
285.08965271781034,2.1658410143417938e-05,12.5,12.914952810348058,8027.906291829493,8014.991339019145,8888.603556760554,285.08965271781034,2116346.802160438,0.8422777576251415,0.6134810543195188,0.323,0.8422777576251415,0.0,3439.0001987002847,3781.7649498983155,0.0,2328.203134520093,1.0,2.0,0.0,0.0,ok,13161444.567425532,3066251.9203349417,1764889.838066756,2981655.7165477253,-10210404.970116865,phase_formula
320.28378333286037,2.4332126668150144e-05,12.5,13.034680483616558,7147.249627885988,7134.214947402372,7973.134079568792,320.28378333286037,2118159.135712754,0.8422754564710284,0.6134469014778416,0.323,0.8422754564710284,0.0,3060.7247059821575,3365.6201290189483,0.0,2072.110625949921,1.0,2.0,0.0,0.0,ok,13161252.545869332,3066251.9203349417,1764889.838066756,2976618.902097807,-10210369.775986249,phase_formula
359.8226062857106,2.733591174395735e-05,12.5,13.154437003963368,6363.376409813523,6350.22197280956,7155.666944630674,359.8226062857106,2120079.7402425706,0.8422728711486911,0.6134454646971491,0.323,0.8422728711486911,0.0,2724.3621444944156,2995.7344928869716,0.0,1844.3931718227195,1.0,2.0,0.0,0.0,ok,13161036.818362964,3066251.9203349417,1764889.838066756,2971287.4198616804,-10210330.237163296,phase_formula
404.24247099543345,3.071051211695156e-05,12.5,13.274217655353846,5665.65166338814,5652.377445732786,6425.541482880808,404.24247099543345,2122115.126671598,0.8422699665535569,0.6134444560277551,0.323,0.8422699665535569,0.0,2424.965572362497,2666.501203137216,0.0,1641.7016924894106,1.0,2.0,0.0,0.0,ok,13160794.4581563,3066251.9203349417,1764889.838066756,2965644.315172122,-10210285.817298587,phase_formula
454.1459388650521,3.4501704692323335e-05,12.5,13.39390597656779,5044.60891784792,5031.215011871352,5773.264484638226,454.1459388650521,2124272.195476428,0.8422667032410721,0.61344399719021,0.323,0.8422667032410721,0.0,2158.472967165886,2373.453141468183,0.0,1461.286198771305,1.0,2.0,0.0,0.0,ok,13160522.177124029,3066251.9203349417,1764889.838066756,2959671.713910772,-10210235.913830716,phase_formula
510.20995710752294,3.876091750418012e-05,12.5,13.513624374683596,4491.82214414489,4478.308519770207,5190.382344461634,510.20995710752294,2126558.2601925903,0.8422630368892697,0.6134442458149514,0.323,0.8422630368892697,0.0,1921.2687452752275,2112.6141882794977,0.0,1300.698940551329,1.0,2.0,0.0,0.0,ok,13160216.281135838,3066251.9203349417,1764889.838066756,2953350.778618018,-10210179.849812474,phase_formula
520.0,3.950467218719137e-05,12.5,13.533180833133986,4407.519068448154,4393.98588761502,5101.271509835223,520.0,2126944.305773692,0.842262396641364,0.6134443659407603,0.323,0.842262396641364,0.0,1885.0937150383954,2072.834939702571,0.0,1276.208445080994,1.0,2.0,0.0,0.0,ok,13160162.864571031,3066251.9203349417,1764889.838066756,2952284.265655642,-10210170.059769582,phase_formula
573.1950416251822,4.354592734370449e-05,12.5,13.633373146612387,3999.7910920955674,3986.157718948955,4669.366589582682,573.1950416251822,2128981.072374941,0.8422589176945545,0.6134453837985003,0.323,0.8422589176945545,0.0,1710.134576900271,1880.445072722547,0.0,1157.7611085614835,1.0,2.0,0.0,0.0,ok,13159872.619912244,3066251.9203349417,1764889.838066756,2946661.663366436,-10210116.864727957,phase_formula
643.9555935096224,4.892164350904979e-05,12.5,13.753152512841641,3561.8396705143264,3548.086518001485,4203.512426842177,643.9555935096224,2131548.848057812,0.8422542896923471,0.6134476271925015,0.323,0.8422542896923471,0.0,1522.2057758157105,1673.795433819416,0.0,1030.5333102272361,1.0,2.0,0.0,0.0,ok,13159486.530684106,3066251.9203349417,1764889.838066756,2939583.467497756,-10210046.104176072,phase_formula
723.4514891067264,5.4960988308647454e-05,12.5,13.872931861292225,3172.025354384788,3158.1524225234957,3786.8483008427274,723.4514891067264,2134270.2958341604,0.8422490899931648,0.6134512293387103,0.323,0.8422490899931648,0.0,1354.9324277119279,1489.8610672907566,0.0,917.2892535609751,1.0,2.0,0.0,0.0,ok,13159052.774889292,3066251.9203349417,1764889.838066756,2932094.188336878,-10209966.608280476,phase_formula
812.7611008676171,6.174588626206921e-05,12.5,13.992647716228358,2825.058572097719,2811.0659243814907,3414.0554156028215,812.7611008676171,2137154.646651454,0.8422432479235183,0.6134564856618104,0.323,0.8422432479235183,0.0,1206.0447996447804,1326.1458851813618,0.0,816.4923293595164,1.0,2.0,0.0,0.0,ok,13158565.467044903,3066251.9203349417,1764889.838066756,2924170.6730283643,-10209877.298668714,phase_formula
913.0959256151148,6.93683754170869e-05,12.5,14.112396137706712,2516.2311449655267,2502.11874882782,3080.3962921952852,913.0959256151148,2140211.685403524,0.8422366840596417,0.6133599995285063,0.323,0.8422366840596417,0.0,1073.1391414031207,1179.8399313711975,0.0,726.5151987299126,1.0,2.0,0.0,0.0,ok,13158017.994826643,3066251.9203349417,1764889.838066756,2915788.569678402,-10209776.963843968,phase_formula
1025.8170186601064,7.793185585809515e-05,12.5,14.232177616406974,2241.352163740659,2227.1199861242517,2781.650752609088,1025.8170186601064,2143451.7845196435,0.8422293091405337,0.6133568978255531,0.323,0.8422293091405337,0.0,955.1841215012212,1050.1420632697266,0.0,646.6596502563267,1.0,2.0,0.0,0.0,ok,13157402.92926659,3066251.9203349417,1764889.838066756,2906922.2780152587,-10209664.242750922,phase_formula
1152.4534566987763,8.755249234207827e-05,12.5,14.35199275465259,1996.6912340457804,1982.3392412911278,2514.0592570613585,1152.4534566987763,2146885.9395886613,0.8422210228450442,0.6133551406832106,0.323,0.8422210228450442,0.0,850.1955528610554,934.7037025131254,0.0,575.5823892869346,1.0,2.0,0.0,0.0,ok,13156711.923845515,3066251.9203349417,1764889.838066756,2897544.899835299,-10209537.606312884,phase_formula
1294.7230799424149,9.836079008906897e-05,12.5,14.471788824411341,1778.9278196251187,1764.4560308007074,2274.2723309592325,1294.7230799424149,2150525.807230558,0.8422117124157539,0.6133551001098462,0.323,0.8422117124157539,0.0,756.748607773355,831.9579244986021,0.0,512.3188074625614,1.0,2.0,0.0,0.0,ok,13155935.60110359,3066251.9203349417,1764889.838066756,2887628.1895396835,-10209395.33668964,phase_formula
1300.0,9.876168046797843e-05,12.5,14.47597710997372,1771.7677345654001,1757.2917574554265,2266.3587393749663,1300.0,2150656.862137901,0.842211367058442,0.61335513540946,0.323,0.842211367058442,0.0,753.6760505020654,828.5796609508322,0.0,510.2386861898984,1.0,2.0,0.0,0.0,ok,13155906.80626287,3066251.9203349417,1764889.838066756,2887271.564104315,-10209390.059769582,phase_formula
1454.5557948495277,0.00011050336510290418,12.5,14.591548884376659,1585.106288658568,1570.5147397741914,2059.305683258491,1454.5557948495277,2154383.745269577,0.8422012511101457,0.6133572235380829,0.323,0.8422012511101457,0.0,673.57503599183,740.5100022839051,0.0,456.010299366469,1.0,2.0,0.0,0.0,ok,13155063.425222266,3066251.9203349417,1764889.838066756,2877142.505133321,-10209235.503974732,phase_formula
1634.1197535649385,0.000124144933036917,12.5,14.711345907270841,1412.595874577992,1397.884528670721,1866.5002301511483,1634.1197535649385,2158472.855412891,0.8421894964570027,0.6133620586784331,0.323,0.8421894964570027,0.0,599.5459815946256,659.1185189570891,0.0,405.89262953956154,1.0,2.0,0.0,0.0,ok,13154083.558837174,3066251.9203349417,1764889.838066756,2866056.760114408,-10209055.940016016,phase_formula
1835.850765193497,0.00013947054358379526,12.5,14.831180930276515,1259.0548265275008,1244.2236455972243,1693.4863009440178,1835.850765193497,2162807.028725334,0.8421762882930464,0.6133702437546246,0.323,0.8421762882930464,0.0,533.656607470212,586.6784320148699,0.0,361.2855232573336,1.0,2.0,0.0,0.0,ok,13152982.702125201,3066251.9203349417,1764889.838066756,2854338.376757565,-10208854.20900439,phase_formula
2062.485337876194,0.0001566880906993994,12.5,14.951055136862596,1122.3987152677316,1107.447660130869,1538.1519916907348,2062.485337876194,2167400.9938763287,0.8421614465514939,0.6133825334297272,0.323,0.8421614465514939,0.0,475.0124921560195,522.2061251962392,0.0,321.5834571896253,1.0,2.0,0.0,0.0,ok,13151745.911964344,3066251.9203349417,1764889.838066756,2841953.241376009,-10208627.574431706,phase_formula
2317.0977998889393,0.0001760311327120671,12.5,15.070900096094908,1000.7720878376969,985.701187741602,1398.6148600493225,2317.0977998889393,2172270.3686071024,0.8421447687704064,0.6131364617428436,0.323,0.8421447687704064,0.0,422.4340545746925,464.2379950885279,0.0,285.98785494706686,1.0,2.0,0.0,0.0,ok,13150356.398689883,3066251.9203349417,1764889.838066756,2828865.6622383404,-10208372.961969692,phase_formula
2603.142003316607,0.00019776206057255997,12.5,15.190734225188628,892.5234554780253,877.3327212528367,1273.1969482685417,2603.142003316607,2177431.7142594554,0.8421260272843295,0.6131272333300832,0.323,0.8421260272843295,0.0,375.97949058646753,413.170828964066,0.0,254.53811512703857,1.0,2.0,0.0,0.0,ok,13148795.297660284,3066251.9203349417,1764889.838066756,2815038.330918853,-10208086.917766266,phase_formula
2924.49817601829,0.00022217565722238775,12.5,15.310613264527065,796.182841190184,780.872227925657,1160.4023599083703,2924.49817601829,2182902.5939619485,0.8421049660577185,0.6131212530187076,0.323,0.8421049660577185,0.0,334.634607405172,367.7229011806798,0.0,226.54762921330143,1.0,2.0,0.0,0.0,ok,13147041.412496757,3066251.9203349417,1764889.838066756,2800432.28797612,-10207765.561593564,phase_formula
3200.0,0.00024310567499810073,12.5,15.403380767407315,729.0034687282912,713.6000879608839,1080.9717620703905,3200.0,2187357.8758938666,0.8420869049049257,0.613119455239267,0.323,0.8420869049049257,0.0,305.8039420648518,336.0326231904166,0.0,207.0292687779047,1.0,2.0,0.0,0.0,ok,13145537.732744409,3066251.9203349417,1764889.838066756,2788576.0804974595,-10207490.059769582,phase_formula
3285.5255574369426,0.0002496030963638185,12.5,15.430539200409955,710.4417474683908,695.0112082679808,1058.8972515168193,3285.5255574369426,2188701.634808295,0.8420812971128784,0.6131194658293728,0.323,0.8420812971128784,0.0,297.8379327742003,327.27674725292997,0.0,201.6362804881336,1.0,2.0,0.0,0.0,ok,13145070.926466199,3066251.9203349417,1764889.838066756,2785006.8939870396,-10207404.534212146,phase_formula
3691.1215322651688,0.0002804164348754212,12.5,15.550514270606532,634.135460334367,618.5849460637605,967.4921561986844,3691.1215322651688,2194848.593930432,0.8420546964984961,0.6131230011954509,0.323,0.8420546964984961,0.0,265.0896913535367,291.282752742301,0.0,179.46572104634436,1.0,2.0,0.0,0.0,ok,13142857.07803265,3066251.9203349417,1764889.838066756,2768719.807104277,-10206998.938237317,phase_formula
4146.7880641233005,0.0003150336598133633,12.5,15.670465851251508,566.2271746927199,550.5567088414684,885.1261248991335,4146.7880641233005,2201364.4293848546,0.842024799737159,0.6131331686543642,0.323,0.842024799737159,0.0,235.9449962482917,259.2516518932961,0.0,159.73476246009346,1.0,2.0,0.0,0.0,ok,13140369.796100449,3066251.9203349417,1764889.838066756,2751526.968470761,-10206543.271705458,phase_formula
4658.7063304314215,0.0003539243584617049,12.5,15.79042777354676,505.79411223265083,490.0036844591041,810.8528559280603,4658.7063304314215,2208271.3750339444,0.8419911966813394,0.6131515682920742,0.323,0.8419911966813394,0.0,210.0078840689863,230.7479993101848,0.0,142.17533751470373,1.0,2.0,0.0,0.0,ok,13137575.289905386,3066251.9203349417,1764889.838066756,2733382.597004427,-10206031.35343915,phase_formula
5233.820570907399,0.0003976160883466838,12.5,15.91044895143182,452.01491198501395,436.10446303358214,743.8280945026393,5233.820570907399,2215593.0211563352,0.8419534256969563,0.6131801075380671,0.323,0.8419534256969563,0.0,186.92590839130852,205.3842087738728,0.0,126.54883998091591,1.0,2.0,0.0,0.0,ok,13134435.587869484,3066251.9203349417,1764889.838066756,2714239.1952663753,-10205456.239198675,phase_formula
5879.932287106999,0.0004467015336250854,12.5,16.030533088831085,404.15842749401014,388.12789440517906,683.2984356327299,5879.932287106999,2223354.401038029,0.8419109670815287,0.612552536961293,0.323,0.8419109670815287,0.0,166.00209230496955,182.2277572220464,0.0,112.38341649046438,1.0,2.0,0.0,0.0,ok,13130908.019010412,3066251.9203349417,1764889.838066756,2694047.5683494606,-10204810.127482476,phase_formula
6500.0,0.0004938084023398921,12.5,16.13397107298889,367.18812757067866,351.05415649768975,635.8551559344592,6500.0,2230411.9087908277,0.841870195195003,0.6125291138600287,0.323,0.841870195195003,0.0,150.1335285785169,164.7940020858334,0.0,101.64039884765592,1.0,2.0,0.0,0.0,ok,13127522.370793173,3066251.9203349417,1764889.838066756,2675777.7545195087,-10204190.059769582,phase_formula
6605.806070835401,0.00050184654492406,12.5,16.1506843510717,361.5738543380861,345.42316998701443,628.5914548502376,6605.806070835401,2231582.0832009166,0.8418632356097663,0.6125258680789092,0.323,0.8418632356097663,0.0,147.72369740776801,162.1466448922643,0.0,100.00894314505896,1.0,2.0,0.0,0.0,ok,13126944.629676245,3066251.9203349417,1764889.838066756,2672756.8579691993,-10204084.253698746,phase_formula
7421.288497006765,0.000563799171693897,12.5,16.27084645970317,323.6818409181776,307.4109944584744,579.106820048743,7421.288497006765,2240304.271339207,0.8418095720827924,0.6125070279198002,0.323,0.8418095720827924,0.0,131.45885281468696,144.2798775302296,0.0,88.99764335554308,1.0,2.0,0.0,0.0,ok,13122491.527446894,3066251.9203349417,1764889.838066756,2650314.594210838,-10203268.771272575,phase_formula
8337.44169374924,0.000633399809598818,12.5,16.39103315758704,289.9667607029543,273.5757275453672,534.3085625447712,8337.44169374924,2249550.9097321723,0.8417492337375421,0.6124983691564864,0.323,0.8417492337375421,0.0,116.98630275507097,128.38413619879992,0.0,79.19972696518305,1.0,2.0,0.0,0.0,ok,13117488.142989248,3066251.9203349417,1764889.838066756,2626666.7676832518,-10202352.618075833,phase_formula
9366.693401651874,0.0007115926005965109,12.5,16.51130515835374,259.96969444727665,243.45838928892292,493.71805668137426,9366.693401651874,2259353.797495991,0.841681383349598,0.6125027588618531,0.323,0.841681383349598,0.0,104.10912166500182,114.24286359751787,0.0,70.48187536720623,1.0,2.0,0.0,0.0,ok,13111866.399455966,3066251.9203349417,1764889.838066756,2601757.9251592914,-10201323.36636793,phase_formula
10523.00555772709,0.0007994382403500031,12.5,16.631669335878772,233.28210325495883,216.65043391908006,456.907688212259,10523.00555772709,2269746.7133334135,0.8416050768350141,0.6125235691545172,0.323,0.8416050768350141,0.0,92.65200426458928,101.6632707868395,0.0,62.725406887126944,1.0,2.0,0.0,0.0,ok,13105549.77765622,3066251.9203349417,1764889.838066756,2575531.2921349737,-10200167.054211855,phase_formula
11822.06369095274,0.0008981283667061263,12.5,16.752133428048268,209.54034130173935,192.78820787369108,423.4953613144427,11822.06369095274,2280765.548930688,0.8415192491235484,0.6125648111434518,0.323,0.8415192491235484,0.0,82.4589084248595,90.47375397707985,0.0,55.82468100362988,1.0,2.0,0.0,0.0,ok,13098452.263676163,3066251.9203349417,1764889.838066756,2547928.9261291106,-10198867.996078629,phase_formula
13281.489698569587,0.0010090017244222128,12.5,16.872694122885253,188.42071090866096,171.5480167857757,393.13954694919585,13281.489698569587,2292448.453637584,0.8414226980359343,0.6126312240018735,0.323,0.8414226980359343,0.0,73.39093364366049,80.52155781893063,0.0,49.68566207675815,1.0,2.0,0.0,0.0,ok,13090477.16385762,3066251.9203349417,1764889.838066756,2518891.904960692,-10197408.570071012,phase_formula
14921.080889473207,0.0011335623254177018,12.5,16.99328209473639,169.63501661637432,152.64173452163791,365.53482896507916,14921.080889473207,2304835.995456906,0.8413140658497702,0.6127282940711859,0.323,0.8413140658497702,0.0,65.32441557905611,71.67066840725104,0.0,44.224629347020986,1.0,2.0,0.0,0.0,ok,13081515.770021064,3066251.9203349417,1764889.838066756,2488360.554690484,-10195768.97888011,phase_formula
15000.0,0.0011395578515535972,12.5,16.998790638903046,168.83475898918726,151.83596835028422,364.3445224873201,15000.0,2305414.7459053714,0.8413088326830949,0.6127335952266311,0.323,0.8413088326830949,0.0,64.98076956402483,71.29366944482943,0.0,43.9919809948448,1.0,2.0,0.0,0.0,ok,13081084.380211871,3066251.9203349417,1764889.838066756,2486940.5758197824,-10195690.059769582,phase_formula
16763.07853735573,0.0012734998508968874,12.5,17.11400316830267,152.92689787390535,135.81289470560267,340.40822787042487,16763.07853735573,2317971.320682793,0.8411918181803095,0.6109550527288643,0.323,0.8411918181803095,0.0,57.76663110223266,63.214247825653175,0.0,39.10800925621152,1.0,2.0,0.0,0.0,ok,13071445.855501713,3066251.9203349417,1764889.838066756,2456274.7223899695,-10193926.981232226,phase_formula
18832.46958655668,0.0014307125721003326,12.5,17.234870212176684,138.06808192422088,120.8332117120442,317.51544461837204,18832.46958655668,2331900.350552665,0.8410542197313065,0.6108988682789858,0.323,0.8410542197313065,0.0,51.38514756634061,56.21661757872517,0.0,34.78774490241259,1.0,2.0,0.0,0.0,ok,13060129.979906248,3066251.9203349417,1764889.838066756,2422574.0994057846,-10191857.590183025,phase_formula
21157.325603303416,0.0016073331006080237,12.5,17.355897766669802,124.85538169773528,107.49948393106548,296.6378482243754,21157.325603303416,2346671.9828850543,0.8408993063838094,0.6108678939716923,0.323,0.8408993063838094,0.0,45.709970520353885,49.99573550750632,0.0,30.94565004227958,1.0,2.0,0.0,0.0,ok,13047413.577432135,3066251.9203349417,1764889.838066756,2387198.6013131808,-10189532.73416628,phase_formula
23769.183570259636,0.0018057573175005422,12.5,17.477102280287394,113.10793957995106,95.63083729966367,277.5797095861778,23769.183570259636,2362338.316201042,0.8407248529831335,0.6108693021834326,0.323,0.8407248529831335,0.0,40.663489513547354,44.46625938000911,0.0,27.529182400671566,1.0,2.0,0.0,0.0,ok,13033122.800049476,3066251.9203349417,1764889.838066756,2350088.8112961296,-10186920.876199322,phase_formula
26326.0,0.002,12.5,17.583582431090107,103.87691671567428,86.29333428458418,262.21266010341554,26326.0,2376869.680613455,0.8405536477932332,0.6109037719172976,0.323,0.8405536477932332,0.0,36.69745410908721,40.12248520934496,0.0,24.844176431852052,1.0,2.0,0.0,0.0,ok,13019128.511480978,3066251.9203349417,1764889.838066756,2316042.5209446517,-10184364.059769582,phase_formula
26703.473689911352,0.002028676873806226,12.5,17.59850238532537,102.6647740911225,85.06627170579712,260.1657369882653,26703.473689911352,2378954.897665802,0.8405283360506062,0.6109116560683556,0.323,0.8405283360506062,0.0,36.1766191467899,39.55219269412,0.0,24.491571162376754,1.0,2.0,0.0,0.0,ok,13017062.082737783,3066251.9203349417,1764889.838066756,2311186.494240384,-10183986.58607967,phase_formula
30000.0,0.0022791157031071944,12.5,17.720052746400164,93.38252972747932,75.66247698107917,244.2388154786933,30000.0,2396581.01217753,0.8403068904797883,0.6110049724546899,0.323,0.8403068904797883,0.0,32.18784283425301,35.185889672436154,0.0,21.791169598789295,1.0,2.0,0.0,0.0,ok,12999011.393187413,3066251.9203349417,1764889.838066756,2270435.1893677176,-10180690.059769582,phase_formula
100.0,7.597052343690648e-06,12.75,11.536693751028201,22650.06700643323,22638.5303126822,23870.20930420734,100.0,2107500.007179987,0.845382252021469,0.6158864840127493,0.323,0.845382252021469,0.0,9793.972742241554,10850.022244868327,0.0,6630.519546497533,1.0,2.0,0.0,0.0,ok,13162457.64471722,3006129.3336617076,1730284.154967408,2956495.872747037,-9996155.831786724,phase_formula
112.34493440205146,8.534903472008771e-06,12.75,11.653364098271616,20162.51283029945,20150.85946620118,21336.489663092707,112.34493440205146,2108566.017478979,0.8453814655123395,0.6158867234287809,0.323,0.8453814655123395,0.0,8717.753623824958,9657.751185718816,0.0,5901.919203329498,1.0,2.0,0.0,0.0,ok,13162390.690304948,3006129.3336617076,1730284.154967408,2953509.8806253793,-9996143.486852322,phase_formula
126.21384285801246,9.588531706906667e-06,12.75,11.77010335185191,17948.314469193483,17936.54436584163,19077.46650303013,126.21384285801246,2109695.32065308,0.8453805818982172,0.6158871800845583,0.323,0.8453805818982172,0.0,7759.798965691174,8596.499563983954,0.0,5253.383899772925,1.0,2.0,0.0,0.0,ok,13162315.470294157,3006129.3336617076,1730284.154967408,2950348.793182378,-9996129.617943866,phase_formula
141.79485896514254,1.077222965624421e-05,12.75,11.886720352391718,15977.434251600542,15965.54753124815,17063.100368273186,141.79485896514254,2110891.7441032827,0.8453795891886817,0.6158879009642397,0.323,0.8453795891886817,0.0,6907.113300106457,7651.8703028055315,0.0,4676.115704172071,1.0,2.0,0.0,0.0,ok,13162230.96427061,3006129.3336617076,1730284.154967408,2947002.288371652,-9996114.03692776,phase_formula
159.29934128987077,1.210205434094589e-05,12.75,12.003392164588574,14223.135519032898,14211.13212686831,15266.648444166593,159.29934128987077,2112159.3425881076,0.8453784739123502,0.6158705681527162,0.323,0.8453784739123502,0.0,6147.74348609932,6810.453164871173,0.0,4162.02234008924,1.0,2.0,0.0,0.0,ok,13162136.025842335,3006129.3336617076,1730284.154967408,2943459.464407041,-9996096.532445434,phase_formula
178.96474047500539,1.3596045010636282e-05,12.75,12.120133444740928,12661.619406648744,12649.499273204003,13664.30188755669,178.96474047500539,2113502.4120053197,0.8453772209338559,0.6158697409199618,0.323,0.8453772209338559,0.0,5472.164807844168,6062.032116962178,0.0,3704.6555749105023,1.0,2.0,0.0,0.0,ok,13162029.367085593,3006129.3336617076,1730284.154967408,2939708.8086733557,-9996076.86704625,phase_formula
201.05782028944645,1.5274467848472724e-05,12.75,12.236756245352492,11271.701968074918,11259.465211829565,12234.863440833145,201.05782028944645,2114925.5039908467,0.8453758132481811,0.6158691063699333,0.323,0.8453758132481811,0.0,4870.826462026404,5395.858291526504,0.0,3297.5495147918764,1.0,2.0,0.0,0.0,ok,13161909.541070139,3006129.3336617076,1730284.154967408,2935738.1653011106,-9996054.773966435,phase_formula
225.87827631437312,1.7160090884629123e-05,12.75,12.35343085994401,10034.527375736761,10022.173944876817,10959.461074167903,225.87827631437312,2116433.4413871495,0.8453742317495352,0.6158687287805186,0.323,0.8453742317495352,0.0,4335.570668911827,4802.894110938091,0.0,2935.1813428533073,1.0,2.0,0.0,0.0,ok,13161774.922226517,3006129.3336617076,1730284.154967408,2931534.701384209,-9996029.95351041,phase_formula
253.76280135386727,1.9278492847669018e-05,12.75,12.47017511910597,8933.311626022278,8920.841450903172,9821.292090593684,253.76280135386727,2118031.334620555,0.8453724549716188,0.6158686819533705,0.323,0.8453724549716188,0.0,3859.1360083323575,4275.095004988468,0.0,2612.635077641006,1.0,2.0,0.0,0.0,ok,13161623.684288813,3006129.3336617076,1730284.154967408,2927084.87182019,-9996002.06898537,phase_formula
285.08965271781034,2.1658410143417938e-05,12.75,12.586805596398595,7953.114812993476,7940.528007397078,8805.395753643312,285.08965271781034,2119724.5990929613,0.8453704587957189,0.6158690475253296,0.323,0.8453704587957189,0.0,3435.058898633064,3805.3002560222294,0.0,2325.5348743745844,1.0,2.0,0.0,0.0,ok,13161453.775513308,3006129.3336617076,1730284.154967408,2922374.382764615,-9995970.742134007,phase_formula
320.28378333286037,2.4332126668150144e-05,12.75,12.703484359043417,7080.639015803926,7067.935531444882,7898.4514968941185,320.28378333286037,2121518.9735755147,0.8453682161226372,0.6158699335571842,0.323,0.8453682161226372,0.0,3057.586129218203,3387.1361898382847,0.0,2069.985809480723,1.0,2.0,0.0,0.0,ok,13161262.890836446,3006129.3336617076,1730284.154967408,2917388.1537010833,-9995935.548003392,phase_formula
359.8226062857106,2.733591174395735e-05,12.75,12.82023340575115,6304.047422864135,6291.227189458384,7088.59833619873,359.8226062857106,2123420.539734353,0.8453656965039528,0.6158714641119939,0.323,0.8453656965039528,0.0,2721.5966293026017,3014.929425559697,0.0,1842.5209180378615,1.0,2.0,0.0,0.0,ok,13161048.4405939,3006129.3336617076,1730284.154967408,2912110.2781336843,-9995896.009180438,phase_formula
404.24247099543345,3.071051211695156e-05,12.75,12.936873859349422,5612.8037028041645,5599.866828944815,6365.274500390706,404.24247099543345,2125435.742829669,0.8453628657275538,0.6158737768362127,0.323,0.8453628657275538,0.0,2422.5319763262837,2683.629879064661,0.0,1640.054147972894,1.0,2.0,0.0,0.0,ok,13160807.515375737,3006129.3336617076,1730284.154967408,2906523.9829257466,-9995851.58931573,phase_formula
454.1459388650521,3.4501704692323335e-05,12.75,13.053558957903103,4997.529613147643,4984.47605418974,5719.075270446234,454.1459388650521,2127571.4136408283,0.8453596853517399,0.6158246502710899,0.323,0.8453596853517399,0.0,2155.948976887345,2388.147240950634,0.0,1459.5774573527326,1.0,2.0,0.0,0.0,ok,13160536.846540064,3006129.3336617076,1730284.154967408,2900611.5863189516,-9995801.68584786,phase_formula
510.20995710752294,3.876091750418012e-05,12.75,13.170315210122553,4449.877322275596,4436.707007065474,5141.625511745102,510.20995710752294,2129834.791745597,0.8453561121814743,0.6158226163083972,0.323,0.8453561121814743,0.0,1919.007612411685,2125.6710783474327,0.0,1299.1681536027108,1.0,2.0,0.0,0.0,ok,13160232.761848444,3006129.3336617076,1730284.154967408,2894354.4546899786,-9995745.621829618,phase_formula
520.0,3.950467218719137e-05,12.75,13.18933766011233,4366.357213745665,4353.167876085553,5053.345239436755,520.0,2130217.0053531597,0.8453554882058614,0.6158223340860443,0.323,0.8453554882058614,0.0,1882.8726412758638,2085.642102557853,0.0,1274.7047781437598,1.0,2.0,0.0,0.0,ok,13160179.661585076,3006129.3336617076,1730284.154967408,2893298.716050916,-9995735.831786724,phase_formula
573.1950416251822,4.354592734370449e-05,12.75,13.286968954009723,3962.416096173541,3949.1291272195313,4625.466545612331,573.1950416251822,2132233.55020791,0.8453520976795598,0.6158211727948967,0.323,0.8453520976795598,0.0,1708.107271123943,1892.0444773942465,0.0,1156.3886225509095,1.0,2.0,0.0,0.0,ok,13159891.13561992,3006129.3336617076,1730284.154967408,2887732.9581108666,-9995682.636745099,phase_formula
643.9555935096224,4.892164350904979e-05,12.75,13.403663484572546,3528.532019014747,3515.1283555301748,4163.956037405787,643.9555935096224,2134775.821724812,0.8453475873045899,0.6158205063132252,0.323,0.8453475873045899,0.0,1520.3865063845205,1684.0974049032077,0.0,1029.3016648223204,1.0,2.0,0.0,0.0,ok,13159507.332725735,3006129.3336617076,1730284.154967408,2880726.424812021,-9995611.876193214,phase_formula
723.4514891067264,5.4960988308647454e-05,12.75,13.520430351953404,3142.337843862104,3128.8174135101503,3751.177997010039,723.4514891067264,2137470.2264167788,0.8453425197665,0.615820833712918,0.323,0.8453425197665,0.0,1353.2982622740583,1499.0081070315282,0.0,916.1829235595376,1.0,2.0,0.0,0.0,ok,13159076.145662868,3006129.3336617076,1730284.154967408,2873313.0946627846,-9995532.380297618,phase_formula
812.7611008676171,6.174588626206921e-05,12.75,13.637102125772705,2798.593043712769,2784.9559415869962,3381.862960732186,812.7611008676171,2140325.901314584,0.8453368261893668,0.6158223955786417,0.323,0.8453368261893668,0.0,1204.5752886210869,1334.264779624203,0.0,815.4974703964758,1.0,2.0,0.0,0.0,ok,13158591.723850027,3006129.3336617076,1730284.154967408,2865470.0718229054,-9995443.070685856,phase_formula
913.0959256151148,6.93683754170869e-05,12.75,13.753810446900879,2492.6332233717762,2478.8794129248754,3051.317523285208,913.0959256151148,2143352.531574543,0.8453304291697832,0.6158255044742381,0.323,0.8453304291697832,0.0,1072.1995784645935,1187.6317931171855,0.0,725.8791146205298,1.0,2.0,0.0,0.0,ok,13158047.49418353,3006129.3336617076,1730284.154967408,2857173.276744162,-9995342.73586111,phase_formula
1025.8170186601064,7.793185585809515e-05,12.75,13.870592786558644,2220.306451280985,2206.4358584944266,2755.3607728472216,1025.8170186601064,2146560.3837032747,0.8453232417176364,0.6158305234673501,0.323,0.8453232417176364,0.0,954.3748411226811,1057.1191307357678,0.0,646.1117674400551,1.0,2.0,0.0,0.0,ok,13157436.071771007,3006129.3336617076,1730284.154967408,2848397.3977413205,-9995230.014768064,phase_formula
1152.4534566987763,8.755249234207827e-05,12.75,13.987289343732966,1977.9168344015748,1963.9295450578418,2490.2679592702657,1152.4534566987763,2149960.3408444114,0.8453151660644147,0.6158378566156143,0.323,0.8453151660644147,0.0,849.5020953010588,940.9553319800917,0.0,575.112918518817,1.0,2.0,0.0,0.0,ok,13156749.1596265,3006129.3336617076,1730284.154967408,2839115.842401285,-9995103.378330026,phase_formula
1294.7230799424149,9.836079008906897e-05,12.75,14.104017614337327,1762.1748596677082,1748.0708420533708,2252.720916904697,1294.7230799424149,2153563.940095524,0.8453060923222405,0.6156986199475779,0.323,0.8453060923222405,0.0,755.7724121707861,836.9685327006725,0.0,511.6579230396221,1.0,2.0,0.0,0.0,ok,13155977.435959311,3006129.3336617076,1730284.154967408,2829300.6891383897,-9994961.108706782,phase_formula
1300.0,9.876168046797843e-05,12.75,14.10809651151831,1755.0812335689034,1740.973137057385,2244.8812594106075,1300.0,2153693.6887260997,0.845305755744725,0.6156984238643519,0.323,0.845305755744725,0.0,752.7032395965623,833.5690316135485,0.0,509.5800932068726,1.0,2.0,0.0,0.0,ok,13155948.811712677,3006129.3336617076,1730284.154967408,2828947.720189103,-9994955.831786724,phase_formula
1454.5557948495277,0.00011050336510290418,12.75,14.22082230326075,1570.1524196202186,1555.9315973169578,2039.763162212912,1454.5557948495277,2157383.412309929,0.8452958969746314,0.6156937521041541,0.323,0.8452958969746314,0.0,672.6904833620534,744.945745920901,0.0,455.41145723611027,1.0,2.0,0.0,0.0,ok,13155110.427518843,3006129.3336617076,1730284.154967408,2818922.639269835,-9994801.275991876,phase_formula
1634.1197535649385,0.000124144933036917,12.75,14.337553237303771,1399.2429695439469,1384.905416306643,1848.7601132450025,1634.1197535649385,2161431.7244349895,0.8452844411774981,0.6156906882671256,0.323,0.8452844411774981,0.0,598.7428648207703,663.042402521233,0.0,405.34891948366146,1.0,2.0,0.0,0.0,ok,13154136.367266146,3006129.3336617076,1730284.154967408,2807950.970042707,-9994621.71203316,phase_formula
1835.850765193497,0.00013947054358379526,12.75,14.45431026690648,1247.1266162789907,1232.6723060120842,1677.3642332390434,1835.850765193497,2165722.6242143833,0.8452715688460455,0.6156899674254921,0.323,0.8452715688460455,0.0,532.9258745834313,590.1465886577582,0.0,360.790817092983,1.0,2.0,0.0,0.0,ok,13153042.034427436,3006129.3336617076,1730284.154967408,2796353.4891203865,-9994419.98102153,phase_formula
2062.485337876194,0.0001566880906993994,12.75,14.571147080580856,1111.738351019753,1097.1672039391722,1523.4833101332792,2062.485337876194,2170270.68798899,0.8452571044999937,0.6156922281729472,0.323,0.8452571044999937,0.0,474.34610575958436,525.2685509091245,0.0,321.13231359923867,1.0,2.0,0.0,0.0,ok,13151812.574742036,3006129.3336617076,1730284.154967408,2784096.491113728,-9994193.346448848,phase_formula
2317.0977998889393,0.0001760311327120671,12.75,14.68792596303787,991.2398912241548,976.551965261117,1385.2523393807262,2317.0977998889393,2175091.3717040042,0.8452408508358353,0.6156981831460057,0.323,0.8452408508358353,0.0,422.2082510776812,467.5271836411629,0.0,285.8349859795901,1.0,2.0,0.0,0.0,ok,13150431.298443882,3006129.3336617076,1730284.154967408,2771144.7168379384,-9993938.733986836,phase_formula
2603.142003316607,0.00019776206057255997,12.75,14.804724242030927,883.9951523800532,869.1904281380223,1261.009029366787,2603.142003316607,2180201.06458262,0.8452225859905886,0.6157087312913122,0.323,0.8452225859905886,0.0,375.80447189192455,416.1383192867778,0.0,254.41962747083295,1.0,2.0,0.0,0.0,ok,13148879.453207739,3006129.3336617076,1730284.154967408,2757461.3160763998,-9993652.689783407,phase_formula
2924.49817601829,0.00022217565722238775,12.75,14.921607111682592,788.547826074324,773.6262189626414,1149.2714090508894,2924.49817601829,2185617.1467811395,0.8452020604566379,0.6157249386128097,0.323,0.8452020604566379,0.0,334.5047082054641,370.4039550324825,0.0,226.45968745509924,1.0,2.0,0.0,0.0,ok,13147135.968944138,3006129.3336617076,1730284.154967408,2743007.8147507687,-9993331.333610706,phase_formula
3200.0,0.00024310567499810073,12.75,15.01196167949059,721.9911149986089,706.9791533191183,1070.585404061386,3200.0,2190027.7684843014,0.8451844587361781,0.6153727886663463,0.323,0.8451844587361781,0.0,305.3197438476854,337.91884622054806,0.0,206.701466584883,1.0,2.0,0.0,0.0,ok,13145641.208080444,3006129.3336617076,1730284.154967408,2731275.814827519,-9993055.831786724,phase_formula
3285.5255574369426,0.0002496030963638185,12.75,15.038453282198232,703.6014497396978,688.5629964574996,1048.7179209282654,3285.5255574369426,2191358.0511332126,0.8451789936016423,0.6153688189668539,0.323,0.8451789936016423,0.0,297.36240776744046,329.10775708432715,0.0,201.31435005855718,1.0,2.0,0.0,0.0,ok,13145177.170935659,3006129.3336617076,1730284.154967408,2727744.0875242557,-9992970.306229288,phase_formula
3691.1215322651688,0.0002804164348754212,12.75,15.15531060313123,628.0021772350493,612.846866631918,958.1702115948458,3691.1215322651688,2197443.3279270804,0.8451530697410305,0.6153533708641229,0.323,0.8451530697410305,0.0,264.64970056625816,292.8865976829233,0.0,179.16784728335676,1.0,2.0,0.0,0.0,ok,13142976.457365654,3006129.3336617076,1730284.154967408,2711628.3370124632,-9992564.710254459,phase_formula
4146.7880641233005,0.0003150336598133633,12.75,15.272259356862484,560.7229894123117,545.4507300554492,876.5773572817549,4146.7880641233005,2203893.71469797,0.8451239337031256,0.6153421961576307,0.323,0.8451239337031256,0.0,235.5365794980694,260.6532568530297,0.0,159.458264320193,1.0,2.0,0.0,0.0,ok,13140503.93679225,3006129.3336617076,1730284.154967408,2694617.0809363434,-9992109.043722602,phase_formula
4658.7063304314215,0.0003539243584617049,12.75,15.389200312400023,500.84954942879875,485.46034911639873,803.0017314966651,4658.7063304314215,2210731.2115944554,0.8450911858182766,0.6153365372273523,0.323,0.8450911858182766,0.0,209.62747034249566,231.96948054707124,0.0,141.91779742186958,1.0,2.0,0.0,0.0,ok,13137726.020557767,3006129.3336617076,1730284.154967408,2676665.1487322077,-9991597.125456292,phase_formula
5233.820570907399,0.0003976160883466838,12.75,15.50614202651352,447.5680882924079,432.06194626589433,736.6068989040748,5233.820570907399,2217979.1601785263,0.8450543762533073,0.6153379304742813,0.323,0.8450543762533073,0.0,186.57030311382823,206.44522731571845,0.0,126.30809520806172,1.0,2.0,0.0,0.0,ok,13134604.964487845,3006129.3336617076,1730284.154967408,2657725.6893365034,-9991022.011215817,phase_formula
5879.932287106999,0.0004467015336250854,12.75,15.623184947852796,400.15434996385596,384.5311650160032,676.6465665126495,5879.932287106999,2225662.328211597,0.8450129986008291,0.6153482714315655,0.323,0.8450129986008291,0.0,166.0517302865503,183.73337111700658,0.0,112.41702140399457,1.0,2.0,0.0,0.0,ok,13131098.353515623,3006129.3336617076,1730284.154967408,2637750.19208011,-9990375.899499618,phase_formula
6500.0,0.0004938084023398921,12.75,15.723996497979142,363.5259049583834,347.80190846040426,629.6498319966915,6500.0,2232648.6397688976,0.8449732649586613,0.6153659605621057,0.323,0.8449732649586613,0.0,150.20005768443076,166.18901198123535,0.0,101.68543905235963,1.0,2.0,0.0,0.0,ok,13127732.82844597,3006129.3336617076,1730284.154967408,2619676.8490474243,-9989755.831786724,phase_formula
6605.806070835401,0.00050184654492406,12.75,15.740259878643984,357.9635038249718,342.2232439463278,622.4544987426038,6605.806070835401,2233807.002674681,0.8449664826192131,0.6153697034506529,0.323,0.8449664826192131,0.0,147.7927745147833,163.52483270934584,0.0,100.0557083465083,1.0,2.0,0.0,0.0,ok,13127158.522052541,3006129.3336617076,1730284.154967408,2616688.522878203,-9989650.02571589,phase_formula
7421.288497006765,0.000563799171693897,12.75,15.85732221056906,320.4215926386809,304.56427042811185,573.4359671897415,7421.288497006765,2242441.0871316995,0.8449141860028454,0.6154047718627497,0.323,0.8449141860028454,0.0,131.5451196633336,145.54450467622814,0.0,89.05604601207685,1.0,2.0,0.0,0.0,ok,13122731.90200566,3006129.3336617076,1730284.154967408,2594488.9781663315,-9988834.543289717,phase_formula
8337.44169374924,0.000633399809598818,12.75,15.974499751191203,287.0178951725992,271.043395421408,529.060111512737,8337.44169374924,2251594.2045922335,0.8448553850432188,0.6154566393181284,0.323,0.8448553850432188,0.0,117.08779990298315,129.54761158144316,0.0,79.2684405343196,1.0,2.0,0.0,0.0,ok,13117758.289296146,3006129.3336617076,1730284.154967408,2571098.3593347464,-9987918.390092975,phase_formula
9366.693401651874,0.0007115926005965109,12.75,16.091764617710417,257.29766835561844,241.20590373790805,488.8526792675419,9366.693401651874,2261297.8144247485,0.844789264018825,0.6144472765500291,0.323,0.844789264018825,0.0,103.8387056605639,114.72214674539788,0.0,70.29880373220178,1.0,2.0,0.0,0.0,ok,13112170.018546999,3006129.3336617076,1730284.154967408,2546462.0707343593,-9986889.138385072,phase_formula
10523.00555772709,0.0007994382403500031,12.75,16.20899947385358,230.8560452403887,214.64704576653511,452.38991920711186,10523.00555772709,2271585.3358635753,0.8447149031249345,0.6144103926301341,0.323,0.8447149031249345,0.0,92.39347102470362,102.06228291022173,0.0,62.55037988372436,1.0,2.0,0.0,0.0,ok,13105891.034259096,3006129.3336617076,1730284.154967408,2520524.244684487,-9985732.826228997,phase_formula
11822.06369095274,0.0008981283667061263,12.75,16.32636967989136,207.33291666810277,191.0065469882114,419.2934574597059,11822.06369095274,2282492.2713609952,0.8446312647222332,0.6143866582332148,0.323,0.8446312647222332,0.0,82.21087064632266,90.80124501772755,0.0,55.656759427560445,1.0,2.0,0.0,0.0,ok,13098835.845259054,3006129.3336617076,1730284.154967408,2493227.8972948347,-9984433.76809577,phase_formula
13281.489698569587,0.0010090017244222128,12.75,16.443882399020577,186.4076031995021,169.96372080048152,389.22496251419017,13281.489698569587,2294056.3577419547,0.8445371776447222,0.6143799138428728,0.323,0.8445371776447222,0.0,73.15216295902275,80.78532715465063,0.0,49.524014323258406,1.0,2.0,0.0,0.0,ok,13090908.347450864,3006129.3336617076,1730284.154967408,2464515.119329614,-9982974.342088155,phase_formula
14921.080889473207,0.0011335623254177018,12.75,16.561386679121956,167.79450503573477,151.2331183566128,361.881787498676,14921.080889473207,2306317.727121127,0.8444313192607426,0.6143944809401314,0.323,0.8444313192607426,0.0,65.09379028727125,71.87761818779026,0.0,44.06849602448264,1.0,2.0,0.0,0.0,ok,13082000.497902345,3006129.3336617076,1730284.154967408,2434327.3067849083,-9981334.750897251,phase_formula
15000.0,0.0011395578515535972,12.75,16.566761798951003,167.00160132186568,150.43483952291467,360.70277249613116,15000.0,2306890.5777396588,0.844426219756732,0.6143958173934576,0.323,0.844426219756732,0.0,64.75049191614968,71.49820186118973,0.0,43.836083027233336,1.0,2.0,0.0,0.0,ok,13081571.687122663,3006129.3336617076,1730284.154967408,2432923.3713061013,-9981255.831786724,phase_formula
16763.07853735573,0.0012734998508968874,12.75,16.679033237214323,151.23968964562485,134.56065640841052,336.9935490934506,16763.07853735573,2319319.0568032237,0.8443121949245407,0.6144360120674935,0.323,0.8443121949245407,0.0,57.92588047983956,63.956417040796865,0.0,39.21582108485139,1.0,2.0,0.0,0.0,ok,13071990.821006007,3006129.3336617076,1730284.154967408,2402605.436325026,-9979492.75324937,phase_formula
18832.46958655668,0.0014307125721003326,12.75,16.796854997865708,136.51702562396707,119.72017062610138,314.31825213133095,18832.46958655668,2333105.767417956,0.8441781143869507,0.6145110448845716,0.323,0.8441781143869507,0.0,51.55059384486561,56.91332853736406,0.0,34.89975203297402,1.0,2.0,0.0,0.0,ok,13060742.724823907,3006129.3336617076,1730284.154967408,2369290.3912192644,-9977423.362200167,phase_formula
21157.325603303416,0.0016073331006080237,12.75,16.914790789820067,123.42513843002044,106.51034764020038,293.63923550698485,21157.325603303416,2347726.2310799146,0.844027164649362,0.6146271188148154,0.323,0.844027164649362,0.0,45.88080621311076,50.65182246398187,0.0,31.06130580627599,1.0,2.0,0.0,0.0,ok,13048102.60269884,3006129.3336617076,1730284.154967408,2334323.3439431656,-9975098.506183421,phase_formula
23769.183570259636,0.0018057573175005422,12.75,17.032835138140697,111.78482932572155,94.75199418758085,274.7625809721551,23769.183570259636,2363231.986051508,0.8438571786410463,0.6120447186894169,0.323,0.8438571786410463,0.0,40.45430355274827,44.49407787193465,0.0,27.387563505210576,1.0,2.0,0.0,0.0,ok,13033897.691719105,3006129.3336617076,1730284.154967408,2297646.2021389687,-9972486.648216465,phase_formula
26326.0,0.002,12.75,17.136640059797386,102.63790553254545,85.50126547274806,259.54219008845536,26326.0,2377614.160206191,0.8436903616150748,0.6119440718739921,0.323,0.8436903616150748,0.0,36.491999698781385,40.122016981093395,0.0,24.705083796074998,1.0,2.0,0.0,0.0,ok,13019987.634270223,3006129.3336617076,1730284.154967408,2264000.685219188,-9969929.831786724,phase_formula
26703.473689911352,0.002028676873806226,12.75,17.151102537046334,101.4367088537202,84.28560631667388,257.5147359526385,26703.473689911352,2379677.965544633,0.843665698970782,0.6119317244022852,0.323,0.843665698970782,0.0,35.97161827971747,39.54796180557587,0.0,24.352785575368724,1.0,2.0,0.0,0.0,ok,13017933.655574525,3006129.3336617076,1730284.154967408,2259202.12517159,-9969552.358096814,phase_formula
30000.0,0.0022791157031071944,12.75,17.269611205564743,92.23881688244205,74.96920567687731,241.74012295201823,30000.0,2397122.792934127,0.8434499358425359,0.6118502493998249,0.323,0.8434499358425359,0.0,31.986519582086828,35.153128499490315,0.0,21.65487375707279,1.0,2.0,0.0,0.0,ok,12999991.854630888,3006129.3336617076,1730284.154967408,2218936.11904309,-9966255.831786724,phase_formula
100.0,7.597052343690648e-06,12.8872,11.378062781921809,22534.663558637247,22523.285495855325,23748.321471240102,100.0,2109306.444290577,0.8470283667848927,0.6171706717080123,0.323,0.8470283667848927,0.0,9786.839030113873,10884.647629022387,0.0,6625.690023387093,1.0,2.0,0.0,0.0,ok,13162459.348343061,2974125.4115856644,1711863.1646776996,2924758.332178822,-9882126.927778926,phase_formula
112.34493440205146,8.534903472008771e-06,12.8872,11.49311483363031,20059.77217554236,20048.27906070873,21227.511744546107,112.34493440205146,2110366.745367352,0.8470275910936724,0.6171706745872177,0.323,0.8470275910936724,0.0,8711.39700975108,9688.561205802656,0.0,5897.61577560148,1.0,2.0,0.0,0.0,ok,13162392.604253545,2974125.4115856644,1711863.1646776996,2921788.4603942265,-9882114.582844526,phase_formula
126.21384285801246,9.588531706906667e-06,12.8872,11.608170784652245,17856.844923638855,17845.2367528542,18979.999660398753,126.21384285801246,2111489.999108623,0.8470267196331268,0.6171708634946608,0.323,0.8470267196331268,0.0,7754.133980581648,8623.913371293513,0.0,5249.548704853775,1.0,2.0,0.0,0.0,ok,13162317.620532114,2974125.4115856644,1711863.1646776996,2918644.450375064,-9882100.713936068,phase_formula
141.79485896514254,1.077222965624421e-05,12.8872,11.723304432643697,15895.997313306301,15884.274008873657,16975.898955123022,141.79485896514254,2112680.0121944295,0.8470257405777761,0.6171712855408708,0.323,0.8470257405777761,0.0,6902.063966135605,7676.261144316669,0.0,4672.697305073805,1.0,2.0,0.0,0.0,ok,13162233.37997072,2974125.4115856644,1711863.1646776996,2915316.037941149,-9882085.132919962,phase_formula
159.29934128987077,1.210205434094589e-05,12.8872,11.83830985685224,14150.628416852072,14138.79010699522,15188.602578750797,159.29934128987077,2113940.817416276,0.8470246406415544,0.6171719917507789,0.323,0.8470246406415544,0.0,6143.627838583443,6832.748436520877,0.0,4159.236046720991,1.0,2.0,0.0,0.0,ok,13162138.739779545,2974125.4115856644,1711863.1646776996,2911792.382604844,-9882067.628437636,phase_formula
178.96474047500539,1.3596045010636282e-05,12.8872,11.953415507809924,12597.06074025404,12585.107324746232,13594.423110675187,178.96474047500539,2115276.68737475,0.847023404897306,0.6171730503150267,0.323,0.847023404897306,0.0,5468.536795070286,6081.932087340646,0.0,3702.1994102625836,1.0,2.0,0.0,0.0,ok,13162032.416081902,2974125.4115856644,1711863.1646776996,2908062.03669314,-9882047.963038452,phase_formula
201.05782028944645,1.5274467848472724e-05,12.8872,12.068481171777924,11214.218228654354,11202.149747482576,12172.271256710303,201.05782028944645,2116692.149002518,0.8470220165739505,0.61715114509465,0.323,0.8470220165739505,0.0,4867.245459001097,5413.027022083463,0.0,3295.125175743742,1.0,2.0,0.0,0.0,ok,13161912.966494454,2974125.4115856644,1711863.1646776996,2904112.9131395123,-9882025.869958637,phase_formula
225.87827631437312,1.7160090884629123e-05,12.8872,12.183537291393483,9983.34090808043,9971.157370789037,10903.370927985634,225.87827631437312,2118191.9989360054,0.8470204568285423,0.6171502569538111,0.323,0.8470204568285423,0.0,4332.375927244434,4818.164929745441,0.0,2933.018502744482,1.0,2.0,0.0,0.0,ok,13161778.770556312,2974125.4115856644,1711863.1646776996,2899932.2519361917,-9882001.049502613,phase_formula
253.76280135386727,1.9278492847669018e-05,12.8872,12.298686170265947,8887.730304681734,8875.431618511468,9771.005055987696,253.76280135386727,2119781.319813197,0.8470187044901103,0.6171496351038964,0.323,0.8470187044901103,0.0,3856.285039844509,4288.676418486243,0.0,2610.704971974733,1.0,2.0,0.0,0.0,ok,13161628.007741187,2974125.4115856644,1711863.1646776996,2895506.5852190047,-9881973.164977573,phase_formula
285.08965271781034,2.1658410143417938e-05,12.8872,12.413693119892995,7912.522517458854,7900.108824338961,8760.289020826403,285.08965271781034,2121465.497552741,0.8470167357717729,0.6171493513803574,0.323,0.8470167357717729,0.0,3432.513864864908,3817.377829257536,0.0,2323.811886513543,1.0,2.0,0.0,0.0,ok,13161458.632754065,2974125.4115856644,1711863.1646776996,2890821.7009848147,-9881941.838126209,phase_formula
320.28378333286037,2.4332126668150144e-05,12.8872,12.528800955116997,7044.487405138357,7031.95860418324,7857.970157280037,320.28378333286037,2123250.239646839,0.8470145239471846,0.6171495072080043,0.323,0.8470145239471846,0.0,3055.313379804411,3397.8751443062397,0.0,2068.4471581275866,1.0,2.0,0.0,0.0,ok,13161268.347776858,2974125.4115856644,1711863.1646776996,2885862.6054362343,-9881906.643995594,phase_formula
359.8226062857106,2.733591174395735e-05,12.8872,12.643884970601897,6271.848269220447,6259.204384249845,7052.247723320376,359.8226062857106,2125141.594579614,0.8470120389868763,0.6171502106784719,0.323,0.8470120389868763,0.0,2719.5661570261555,3024.4767432214244,0.0,1841.146288306707,1.0,2.0,0.0,0.0,ok,13161054.571285993,2974125.4115856644,1711863.1646776996,2880613.483966797,-9881867.105172642,phase_formula
404.24247099543345,3.071051211695156e-05,12.8872,12.75894527382143,5584.122595514088,5571.363650240267,6332.613900748005,404.24247099543345,2127145.972393724,0.8470092471494985,0.6171515945106628,0.323,0.8470092471494985,0.0,2420.7171363617736,2692.1164913199855,0.0,1638.825501316921,1.0,2.0,0.0,0.0,ok,13160814.40301832,2974125.4115856644,1711863.1646776996,2875057.6608094433,-9881822.685307931,phase_formula
454.1459388650521,3.4501704692323335e-05,12.8872,12.874106641222117,4971.979857285338,4959.105750644116,5689.711828236322,454.1459388650521,2129270.166500259,0.8470061105223421,0.6171538224188223,0.323,0.8470061105223421,0.0,2154.711835053368,2396.285016761513,0.0,1458.7399123311302,1.0,2.0,0.0,0.0,ok,13160544.584609235,2974125.4115856644,1711863.1646776996,2869177.5573855536,-9881772.781840062,phase_formula
510.20995710752294,3.876091750418012e-05,12.8872,12.989128973069912,4427.1144541771255,4414.125325204055,5115.208747532655,510.20995710752294,2131521.376833019,0.847002586504809,0.6171570681237544,0.323,0.847002586504809,0.0,1917.941158039643,2132.9682460130066,0.0,1298.4461639928381,1.0,2.0,0.0,0.0,ok,13160241.455368014,2974125.4115856644,1711863.1646776996,2862954.6494060317,-9881716.71782182,phase_formula
520.0,3.950467218719137e-05,12.8872,13.007922650204316,4344.0194038362015,4331.011481185998,5027.379063003302,520.0,2131901.535195875,0.847001971112734,0.6170972164388753,0.323,0.847001971112734,0.0,1881.4452304012002,2092.2120115229923,0.0,1273.7384209816125,1.0,2.0,0.0,0.0,ok,13160188.521952104,2974125.4115856644,1711863.1646776996,2861904.690006051,-9881706.927778926,phase_formula
573.1950416251822,4.354592734370449e-05,12.8872,13.104244930119219,3942.13388652367,3929.0296415935504,4601.684364410487,573.1950416251822,2133907.2343424237,0.846998627227705,0.6170948805064537,0.323,0.846998627227705,0.0,1706.8057650676067,1897.9943787519355,0.0,1155.5075029507698,1.0,2.0,0.0,0.0,ok,13159900.902589098,2974125.4115856644,1711863.1646776996,2856369.422801474,-9881653.7327373,phase_formula
643.9555935096224,4.892164350904979e-05,12.8872,13.21935550228423,3510.4576675169114,3497.2383120146274,4142.529925247699,643.9555935096224,2136435.8270579176,0.8469941789003215,0.617092645440043,0.323,0.8469941789003215,0.0,1519.2201874662517,1689.3812594688152,0.0,1028.5120669146525,1.0,2.0,0.0,0.0,ok,13159518.305723635,2974125.4115856644,1711863.1646776996,2849401.3285733955,-9881582.972185418,phase_formula
723.4514891067264,5.4960988308647454e-05,12.8872,13.334427444350768,3126.22845680199,3112.8940293576393,3731.859499747533,723.4514891067264,2139115.727678446,0.8469891810762535,0.617091195518911,0.323,0.8469891810762535,0.0,1352.2521811188599,1503.6989810671714,0.0,915.4747266174681,1.0,2.0,0.0,0.0,ok,13159088.473651795,2974125.4115856644,1711863.1646776996,2842028.736687167,-9881503.47628982,phase_formula
812.7611008676171,6.174588626206921e-05,12.8872,13.449602420592466,2784.2327144678925,2770.7831120473,3364.430766714377,812.7611008676171,2141956.0228386987,0.846983565827752,0.6170907716416802,0.323,0.846983565827752,0.0,1203.6362532846774,1338.4278878942973,0.0,814.8617434737266,1.0,2.0,0.0,0.0,ok,13158605.574202262,2974125.4115856644,1711863.1646776996,2834228.8891605292,-9881414.16667806,phase_formula
913.0959256151148,6.93683754170869e-05,12.8872,13.564658941080461,2479.8294386962107,2466.2647797551303,3035.5738689669115,913.0959256151148,2144966.3442695034,0.8469772568170978,0.6170916269006675,0.323,0.8469772568170978,0.0,1071.3557185317616,1191.3249863449023,0.0,725.3078214460025,1.0,2.0,0.0,0.0,ok,13158063.054959461,2974125.4115856644,1711863.1646776996,2825977.8525246046,-9881313.831853312,phase_formula
1025.8170186601064,7.793185585809515e-05,12.8872,13.679793533721307,2208.8879941275663,2195.208200593845,2741.129346079414,1025.8170186601064,2148156.901677309,0.8469701682520064,0.6170941054675142,0.323,0.8469701682520064,0.0,953.615645596157,1060.393988098371,0.0,645.5977920685983,1.0,2.0,0.0,0.0,ok,13157453.554279916,2974125.4115856644,1711863.1646776996,2817250.4698853777,-9881201.110760266,phase_formula
1152.4534566987763,8.755249234207827e-05,12.8872,13.794945311484753,1967.7314011420806,1953.9364558305958,2477.3915158582363,1152.4534566987763,2151538.5178701766,0.846962203710402,0.6170985880837794,0.323,0.846962203710402,0.0,848.8182464774037,943.8578239506777,0.0,574.6499528652024,1.0,2.0,0.0,0.0,ok,13156768.801305274,2974125.4115856644,1711863.1646776996,2808020.312847614,-9881074.474322228,phase_formula
1294.7230799424149,9.836079008906897e-05,12.8872,13.910042355997163,1753.0867043487483,1739.1766619927512,2241.058923519896,1294.7230799424149,2155122.66594291,0.8469532548179878,0.6171055212278601,0.323,0.8469532548179878,0.0,755.5412979065109,840.1346858185092,0.0,511.50145868270795,1.0,2.0,0.0,0.0,ok,13155999.503608797,2974125.4115856644,1711863.1646776996,2798259.633616882,-9880932.204698984,phase_formula
1300.0,9.876168046797843e-05,12.8872,13.914070632985933,1746.0291611434898,1732.115090510504,2233.259358337613,1300.0,2155251.7140017953,0.8469529228717098,0.6171058152387654,0.323,0.8469529228717098,0.0,752.4743290723188,836.7242848315957,0.0,509.4251207819599,1.0,2.0,0.0,0.0,ok,13155970.969348943,2974125.4115856644,1711863.1646776996,2797908.6259644465,-9880926.927778926,phase_formula
1454.5557948495277,0.00011050336510290418,12.8872,14.025245830484987,1562.0408195965194,1548.0155737660345,2029.1902607595962,1454.5557948495277,2158921.508671975,0.8469431997598864,0.6169462372835137,0.323,0.8469431997598864,0.0,672.1319839952815,747.217765229989,0.0,455.0333531648056,1.0,2.0,0.0,0.0,ok,13155135.220942607,2974125.4115856644,1711863.1646776996,2787939.3176525226,-9880772.371984078,phase_formula
1634.1197535649385,0.000124144933036917,12.8872,14.1403572786499,1392.0004227109864,1377.8600654323366,1839.1643165767318,1634.1197535649385,2162947.9407348284,0.8469319016051579,0.6169389057071119,0.323,0.8469319016051579,0.0,598.2373409907099,665.0516280209321,0.0,405.0066798507106,1.0,2.0,0.0,0.0,ok,13154164.223362051,2974125.4115856644,1711863.1646776996,2777028.8373041684,-9880592.808025362,phase_formula
1835.850765193497,0.00013947054358379526,12.8872,14.255529462634398,1240.657484235247,1226.4019547726127,1668.6455656152018,1835.850765193497,2167215.633032021,0.8469192064202042,0.6169333820500298,0.323,0.8469192064202042,0.0,532.4674657593525,591.9218609845175,0.0,360.4804743190817,1.0,2.0,0.0,0.0,ok,13153073.331788914,2974125.4115856644,1711863.1646776996,2765496.2069435082,-9880391.077013733,phase_formula
2062.485337876194,0.0001566880906993994,12.8872,14.370748822579321,1105.9574410890389,1091.5866922664595,1515.5523876845068,2062.485337876194,2171739.0803261343,0.846904941143872,0.6169302227147542,0.323,0.846904941143872,0.0,473.92957100493675,526.8355042670498,0.0,320.8503195703422,1.0,2.0,0.0,0.0,ok,13151847.73883315,2974125.4115856644,1711863.1646776996,2753307.9401754364,-9880164.44244105,phase_formula
2317.0977998889393,0.0001760311327120671,12.8872,14.485895030935238,986.0713858840347,971.5854908530995,1378.0292965376982,2317.0977998889393,2176533.6518130573,0.8468889111934058,0.6169300645156969,0.323,0.8468889111934058,0.0,421.82893058931535,468.90864315097156,0.0,285.57818600896655,1.0,2.0,0.0,0.0,ok,13150470.80742057,2974125.4115856644,1711863.1646776996,2740429.009813735,-9879909.829979038,phase_formula
2603.142003316607,0.00019776206057255997,12.8872,14.601153744454981,879.3716719347599,864.7705181903049,1254.4225789032944,2603.142003316607,2181615.6443462875,0.8468708977662252,0.6169337503173615,0.323,0.8468708977662252,0.0,375.458259343522,417.35466629176494,0.0,254.18524157556442,1.0,2.0,0.0,0.0,ok,13148923.844466915,2974125.4115856644,1711863.1646776996,2726822.8114027055,-9879623.78577561,phase_formula
2924.49817601829,0.00022217565722238775,12.8872,14.716357434542191,784.4091723254517,769.6928148909095,1143.2575829035015,2924.49817601829,2187002.3404016485,0.8468506547976884,0.6169421787796636,0.323,0.8468506547976884,0.0,334.187862629374,371.4731990439605,0.0,226.24518300008629,1.0,2.0,0.0,0.0,ok,13147185.846492957,2974125.4115856644,1711863.1646776996,2712451.1311860536,-9879302.429602908,phase_formula
3200.0,0.00024310567499810073,12.8872,14.80548931667462,718.1905308770348,703.3850415603602,1064.975051433919,3200.0,2191389.0123124346,0.8468332954160349,0.6169526742088105,0.323,0.8468332954160349,0.0,305.409030967715,339.480440019434,0.0,206.7619139651431,1.0,2.0,0.0,0.0,ok,13145695.790169045,2974125.4115856644,1711863.1646776996,2700785.7543169237,-9879026.927778926,phase_formula
3285.5255574369426,0.0002496030963638185,12.8872,14.831601255222575,699.8942404500453,685.0626391948227,1043.2197017965216,3285.5255574369426,2192712.0682407077,0.8468279055294891,0.6169564987399394,0.323,0.8468279055294891,0.0,297.45733358235225,330.6409725945126,0.0,201.37861483525245,1.0,2.0,0.0,0.0,ok,13145233.21368525,2974125.4115856644,1711863.1646776996,2697274.1195519245,-9878941.40222149,phase_formula
3691.1215322651688,0.0002804164348754212,12.8872,14.946935549847389,624.678906999243,609.7319714493957,953.136590621193,3691.1215322651688,2198764.2671619286,0.8468023386369549,0.6169780598614566,0.323,0.8468023386369549,0.0,264.7678316132857,294.30318405801086,0.0,179.24782200219437,1.0,2.0,0.0,0.0,ok,13143039.428467372,2974125.4115856644,1711863.1646776996,2681250.271129131,-9878535.80624666,phase_formula
4146.7880641233005,0.0003150336598133633,12.8872,15.06217426823648,557.7411153372857,542.6789410690492,871.9624167500274,4146.7880641233005,2205179.557683516,0.8467736038561648,0.6165257654523377,0.323,0.8467736038561648,0.0,235.28840704897596,261.36729353333436,0.0,159.2902515721567,1.0,2.0,0.0,0.0,ok,13140574.694150075,2974125.4115856644,1711863.1646776996,2664336.4128718767,-9878080.139714804,phase_formula
4658.7063304314215,0.0003539243584617049,12.8872,15.177536433240375,498.17150115702503,482.99396472378464,798.7646514892208,4658.7063304314215,2211979.8134848336,0.8467413070432628,0.6165071169616608,0.323,0.8467413070432628,0.0,209.39758655237833,232.59103343683216,0.0,141.76216609596014,1.0,2.0,0.0,0.0,ok,13137805.528668268,2974125.4115856644,1711863.1646776996,2646487.7016479285,-9877568.221448496,phase_formula
5233.820570907399,0.0003976160883466838,12.8872,15.292899496678023,445.1603072159021,429.86740771922405,732.7109932414475,5233.820570907399,2219188.243076547,0.8467050045884258,0.6164938744134428,0.323,0.8467050045884258,0.0,186.3566484129663,206.98440788954457,0.0,126.1634509755782,1.0,2.0,0.0,0.0,ok,13134694.307779543,2974125.4115856644,1711863.1646776996,2627657.633048919,-9876993.10720802,phase_formula
5879.932287106999,0.0004467015336250854,12.8872,15.408276378521458,397.9868775716419,382.57860119312045,673.058867826262,5879.932287106999,2226829.4729421386,0.8466641970953751,0.6164876652251371,0.323,0.8466641970953751,0.0,165.85243785711629,184.19912783092315,0.0,112.28210042926773,1.0,2.0,0.0,0.0,ok,13131198.751382835,2974125.4115856644,1711863.1646776996,2607798.063360016,-9876346.99549182,phase_formula
6500.0,0.0004938084023398921,12.8872,15.507706464816126,361.54403659236056,346.03633012754443,626.3038940064405,6500.0,2233777.608553568,0.8466250110753928,0.6164894627684872,0.323,0.8466250110753928,0.0,150.0118413995744,166.59801756338518,0.0,101.55801662751189,1.0,2.0,0.0,0.0,ok,13127843.840518482,2974125.4115856644,1711863.1646776996,2589830.103017987,-9875726.927778926,phase_formula
6605.806070835401,0.00050184654492406,12.8872,15.523786421406975,356.0098525665213,340.48606614511436,619.1456263105327,6605.806070835401,2234929.6375724273,0.84661832222377,0.6164905201462866,0.323,0.84661832222377,0.0,147.6062520760599,163.92523858982364,0.0,99.92943265549255,1.0,2.0,0.0,0.0,ok,13127271.345805624,2974125.4115856644,1711863.1646776996,2586859.246872322,-9875621.121708091,phase_formula
7421.288497006765,0.000563799171693897,12.8872,15.63922046893252,318.65803215626954,303.018811687337,570.3794095585154,7421.288497006765,2243516.481066064,0.8465667465759135,0.6165046030780197,0.323,0.8465667465759135,0.0,131.36989076730435,145.88665430264788,0.0,88.93741604946503,1.0,2.0,0.0,0.0,ok,13122858.693990322,2974125.4115856644,1711863.1646776996,2564789.890991485,-9874805.63928192,phase_formula
8337.44169374924,0.000633399809598818,12.8872,15.754773325475176,285.4233628008986,269.6685894754234,526.2321339929871,8337.44169374924,2252619.4547103355,0.8465087564904282,0.6165328238007525,0.323,0.8465087564904282,0.0,116.92257394252127,129.83785639176372,0.0,79.15658255908691,1.0,2.0,0.0,0.0,ok,13117900.78447005,2974125.4115856644,1711863.1646776996,2541537.2318912353,-9873889.486085176,phase_formula
9366.693401651874,0.0007115926005965109,12.8872,15.870416995584014,255.85341624576017,239.98299925017616,486.23196754306116,9366.693401651874,2262269.8355450323,0.8464435475833378,0.6165784418274796,0.323,0.8464435475833378,0.0,104.06770307969262,115.56018064742815,0.0,70.4538349849519,1.0,2.0,0.0,0.0,ok,13112330.168842942,2974125.4115856644,1711863.1646776996,2517047.133785215,-9872860.234377274,phase_formula
10523.00555772709,0.0007994382403500031,12.8872,15.986038410201786,229.54539037574511,213.55935196554333,449.9573264301042,10523.00555772709,2272500.848553876,0.8463702128505448,0.6166451958520652,0.323,0.8463702128505448,0.0,92.63024776065299,102.85893493814557,0.0,62.710677733962086,1.0,2.0,0.0,0.0,ok,13106071.036111793,2974125.4115856644,1711863.1646776996,2491264.215243087,-9871703.922221199,phase_formula
11822.06369095274,0.0008981283667061263,12.8872,16.10182131430521,206.14102856961213,190.03920725530693,417.03178860330144,11822.06369095274,2283347.788512855,0.8462877291141142,0.6153610734060502,0.323,0.8462877291141142,0.0,82.06804523249093,90.96354259360882,0.0,55.56006662239635,1.0,2.0,0.0,0.0,ok,13099038.17072796,2974125.4115856644,1711863.1646776996,2464132.0063603907,-9870404.864087975,phase_formula
13281.489698569587,0.0010090017244222128,12.8872,16.21765059218207,185.32116173051946,169.10351113833738,387.1186291674743,13281.489698569587,2294848.1764312577,0.846194941556845,0.6153147030533064,0.323,0.846194941556845,0.0,73.01542487987379,80.91484199589482,0.0,49.43144264367456,1.0,2.0,0.0,0.0,ok,13091135.77943642,2974125.4115856644,1711863.1646776996,2435593.14100306,-9868945.438080357,phase_formula
14921.080889473207,0.0011335623254177018,12.8872,16.33355334433592,166.80182134888602,150.4682680045501,359.91692567747117,14921.080889473207,2307041.903314834,0.8460905460438606,0.615284745284228,0.323,0.8460905460438606,0.0,64.96245108872809,71.97795280178171,0.0,43.97957938706892,1.0,2.0,0.0,0.0,ok,13082256.170028973,2974125.4115856644,1711863.1646776996,2405589.588791342,-9867305.846889453,phase_formula
15000.0,0.0011395578515535972,12.8872,16.3388158048265,166.0128691140342,149.6740533092077,358.74397437166976,15000.0,2307611.593272639,0.846085517031081,0.6152838659076113,0.323,0.846085517031081,0.0,64.61936621458956,71.59726793411505,0.0,43.74731092727714,1.0,2.0,0.0,0.0,ok,13081828.719459048,2974125.4115856644,1711863.1646776996,2404194.258335754,-9867226.927778926,phase_formula
16763.07853735573,0.0012734998508968874,12.8872,16.449643990877696,150.33033216211294,133.88068817123525,335.1576422514553,16763.07853735573,2319971.3956233314,0.8459730688744641,0.6152761938998538,0.323,0.8459730688744641,0.0,57.799317541184344,64.03076312041188,0.0,39.130137975381814,1.0,2.0,0.0,0.0,ok,13072278.262834797,2974125.4115856644,1711863.1646776996,2374062.931956583,-9865463.849241572,phase_formula
18832.46958655668,0.0014307125721003326,12.8872,16.565768330945595,135.68152708148654,119.11575875054093,312.5998352779841,18832.46958655668,2333681.820485548,0.8458408435398699,0.6152944934589459,0.323,0.8458408435398699,0.0,51.42818370305371,56.96442382692149,0.0,34.81688036696737,1.0,2.0,0.0,0.0,ok,13061065.913163831,2974125.4115856644,1711863.1646776996,2340954.6927003684,-9863394.45819237,phase_formula
21157.325603303416,0.0016073331006080237,12.8872,16.682052665089582,122.65524397616119,105.9731913110716,292.02814049323314,21157.325603303416,2348221.2545287367,0.8456919839794939,0.6153467219941049,0.323,0.8456919839794939,0.0,45.762060707601094,50.68220419643702,0.0,30.980915099045937,1.0,2.0,0.0,0.0,ok,13048466.019911252,2974125.4115856644,1711863.1646776996,2306206.7172013354,-9861069.602175623,phase_formula
23769.183570259636,0.0018057573175005422,12.8872,16.798563465709805,111.07326839343267,94.27470492772287,273.2497054704718,23769.183570259636,2363640.9200342777,0.8455243537262609,0.6154412138644307,0.323,0.8455243537262609,0.0,40.723499476771494,45.09797875797639,0.0,27.569809145774304,1.0,2.0,0.0,0.0,ok,13034306.392060636,2974125.4115856644,1711863.1646776996,2269761.6229433687,-9858457.744208667,phase_formula
26326.0,0.002,12.8872,16.90089167316588,101.97196883954985,85.07107716638396,258.10849962879837,26326.0,2377943.137838502,0.8453598505859481,0.6155662375638221,0.323,0.8453598505859481,0.0,36.763552395968276,40.71096164101637,0.0,24.888924972070534,1.0,2.0,0.0,0.0,ok,13020440.754052531,2974125.4115856644,1711863.1646776996,2236331.0553641412,-9855900.927778926,phase_formula
26703.473689911352,0.002028676873806226,12.8872,16.91514053530766,100.77674829861371,83.86160776330605,256.09159397902596,26703.473689911352,2379995.461520991,0.845335530204596,0.6155871678647896,0.323,0.845335530204596,0.0,36.243471651482395,40.13491602400628,0.0,24.536830308053574,1.0,2.0,0.0,0.0,ok,13018393.340804167,2974125.4115856644,1711863.1646776996,2231563.3165714764,-9855523.454089016,phase_formula
30000.0,0.0022791157031071944,12.8872,17.03195231304367,91.62459668800149,74.59264437495781,240.39917793980305,30000.0,2397343.1440152237,0.8451227632865601,0.6122966626286874,0.323,0.8451227632865601,0.0,31.87504146872056,35.13005869322097,0.0,21.579403074323825,1.0,2.0,0.0,0.0,ok,13000508.960325282,2974125.4115856644,1711863.1646776996,2191557.590004547,-9852226.927778926,phase_formula
100.0,7.597052343690648e-06,13.0,11.250870831974376,22440.471454831626,22429.220583999653,23648.875254752613,100.0,2110734.1296172673,0.8483557056161827,0.6182109358286654,0.323,0.8483557056161827,0.0,9780.430130738703,10911.897210547875,0.0,6621.351198510102,1.0,2.0,0.0,0.0,ok,13162460.714281147,2948319.1541682133,1697009.459679573,2899167.9161251676,-9790239.985839784,phase_formula
112.34493440205146,8.534903472008771e-06,13.0,11.364602605773294,19975.915660471255,19964.551057865483,21138.60135216474,112.34493440205146,2111789.804796139,0.8483549385985717,0.6182107458648282,0.323,0.8483549385985717,0.0,8705.68686654197,9712.80789266759,0.0,5893.750008648913,1.0,2.0,0.0,0.0,ok,13162394.138824759,2948319.1541682133,1697009.459679573,2896211.1061884915,-9790227.640905382,phase_formula
126.21384285801246,9.588531706906667e-06,13.0,11.478413145157555,17782.188209091873,17770.709795946717,18900.483507458543,126.21384285801246,2112908.156991634,0.8483540768825488,0.6182107183355489,0.323,0.8483540768825488,0.0,7749.045796446095,8645.487130421021,0.0,5246.104004194007,1.0,2.0,0.0,0.0,ok,13162319.344556011,2948319.1541682133,1697009.459679573,2893080.933518175,-9790213.771996927,phase_formula
141.79485896514254,1.077222965624421e-05,13.0,11.592183234710498,15829.529231478125,15817.937048243415,16904.76008462739,141.79485896514254,2114092.9760972173,0.8483531087748808,0.6182108944045549,0.323,0.8483531087748808,0.0,6897.529311147539,7695.455573434738,0.0,4669.627343646885,1.0,2.0,0.0,0.0,ok,13162235.316837514,2948319.1541682133,1697009.459679573,2889767.180819391,-9790198.19098082,phase_formula
159.29934128987077,1.210205434094589e-05,13.0,11.705965843719794,14091.449157221821,14079.743191378102,15124.935417342796,159.29934128987077,2115348.2771044225,0.8483520211380842,0.6182113256646926,0.323,0.8483520211380842,0.0,6139.585897407918,6849.825019095382,0.0,4156.499652545161,1.0,2.0,0.0,0.0,ok,13162140.91576759,2948319.1541682133,1697009.459679573,2886259.0572740226,-9790180.686498495,phase_formula
178.96474047500539,1.3596045010636282e-05,13.0,11.8197748629867,12544.369168176252,12532.549393313266,13537.420805493171,178.96474047500539,2116678.3137420136,0.8483507992119431,0.6182120727589887,0.323,0.8483507992119431,0.0,5464.933357982888,6097.123454704562,0.0,3699.7598833544153,1.0,2.0,0.0,0.0,ok,13162034.860714389,2948319.1541682133,1697009.459679573,2882545.1678284663,-9790161.02109931,phase_formula
201.05782028944645,1.5274467848472724e-05,13.0,11.933529922346963,11167.30129326508,11155.367763342732,12121.21509501909,201.05782028944645,2118087.5929272543,0.848349426412943,0.6182132052701071,0.323,0.848349426412943,0.0,4864.4193107581,5427.1394047506155,0.0,3293.211873383234,1.0,2.0,0.0,0.0,ok,13161915.712940203,2948319.1541682133,1697009.459679573,2878613.481165847,-9790138.928019496,phase_formula
225.87827631437312,1.7160090884629123e-05,13.0,12.047378583799567,9941.564027132272,9929.516648548471,10857.62073675539,225.87827631437312,2119580.8900672416,0.8483478841088812,0.6181883568685744,0.323,0.8483478841088812,0.0,4329.509163935269,4830.181438984236,0.0,2931.0777039841773,1.0,2.0,0.0,0.0,ok,13161781.856080074,2948319.1541682133,1697009.459679573,2874451.2963451277,-9790114.10756347,phase_formula
253.76280135386727,1.9278492847669018e-05,13.0,12.161106625240867,8850.528321306543,8838.367214681302,9729.990168246006,253.76280135386727,2121163.265288309,0.8483461513655742,0.6181872629136053,0.323,0.8483461513655742,0.0,3853.727365918934,4299.363189257328,0.0,2608.9734267271183,1.0,2.0,0.0,0.0,ok,13161631.474209627,2948319.1541682133,1697009.459679573,2870045.2080869586,-9790086.223038431,phase_formula
285.08965271781034,2.1658410143417938e-05,13.0,12.274964534149305,7879.392838335485,7867.117873801336,8723.501423141954,285.08965271781034,2122840.0806171685,0.8483442046621952,0.6181864554587402,0.323,0.8483442046621952,0.0,3430.231373476391,3826.8810866452477,0.0,2322.2666398435167,1.0,2.0,0.0,0.0,ok,13161462.527204283,2948319.1541682133,1697009.459679573,2865381.070700696,-9790054.896187067,phase_formula
320.28378333286037,2.4332126668150144e-05,13.0,12.388697483683762,7014.982196242453,7002.593498758769,7824.9566941237545,320.28378333286037,2124617.0182153145,0.848342017571342,0.6181860128873043,0.323,0.848342017571342,0.0,3053.275708669364,3406.3247646042914,0.0,2067.067654769159,1.0,2.0,0.0,0.0,ok,13161272.723055195,2948319.1541682133,1697009.459679573,2860443.9606542364,-9790019.702056453,phase_formula
359.8226062857106,2.733591174395735e-05,13.0,12.502529666986632,6245.56923049981,6233.066700832824,7022.604877425588,359.8226062857106,2126500.0996757704,0.8483395603994515,0.618186046461607,0.323,0.8483395603994515,0.0,2717.746405835056,3031.988526190885,0.0,1839.914316750333,1.0,2.0,0.0,0.0,ok,13161059.486765862,2948319.1541682133,1697009.459679573,2855218.137796297,-9789980.1632335,phase_formula
404.24247099543345,3.071051211695156e-05,13.0,12.616304414843462,5560.715050550815,5548.098746135972,6305.981888369453,404.24247099543345,2128495.706517857,0.8483367997826181,0.6181866735838846,0.323,0.8483367997826181,0.0,2419.0913051503667,2698.793425921666,0.0,1637.7248135867985,1.0,2.0,0.0,0.0,ok,13160819.925406802,2948319.1541682133,1697009.459679573,2849687.0052559148,-9789935.74336879,phase_formula
454.1459388650521,3.4501704692323335e-05,13.0,12.730111901574299,4951.128064694831,4938.397952793256,5665.769915809482,454.1459388650521,2130610.601883917,0.8483336982322631,0.618188044748312,0.323,0.8483336982322631,0.0,2153.258546342847,2402.218752433233,0.0,1457.7560358741077,1.0,2.0,0.0,0.0,ok,13160550.788853489,2948319.1541682133,1697009.459679573,2843833.0680561145,-9789885.83990092,phase_formula
510.20995710752294,3.876091750418012e-05,13.0,12.843929891774895,4408.5375779272845,4395.69364803551,5093.671225610347,510.20995710752294,2132851.9535708,0.8483302136243922,0.6181903329866129,0.323,0.8483302136243922,0.0,1916.6414648016853,2138.2404873630467,0.0,1297.5662716707411,1.0,2.0,0.0,0.0,ok,13160248.425673848,2948319.1541682133,1697009.459679573,2837637.890498205,-9789829.775882678,phase_formula
520.0,3.950467218719137e-05,13.0,12.862482406816556,4325.789412911532,4312.9269305047155,5006.209112263942,520.0,2133230.4467291427,0.8483296051144216,0.618190805293808,0.323,0.8483296051144216,0.0,1880.5559435584023,2097.9824240335283,0.0,1273.1363737890383,1.0,2.0,0.0,0.0,ok,13160195.62603296,2948319.1541682133,1697009.459679573,2836592.6138461395,-9789819.985839784,phase_formula
573.1950416251822,4.354592734370449e-05,13.0,12.957713904938009,3925.5816893224787,3912.623975417541,4582.2962423767185,573.1950416251822,2135227.3584450893,0.8483262986253959,0.6181937409190951,0.323,0.8483262986253959,0.0,1706.0297017920907,1903.2767735009902,0.0,1154.9821081132454,1.0,2.0,0.0,0.0,ok,13159908.733565645,2948319.1541682133,1697009.459679573,2831082.0523882494,-9789766.79079816,phase_formula
643.9555935096224,4.892164350904979e-05,13.0,13.071577112897561,3495.707607364236,3482.6360302513385,4125.064031473191,643.9555935096224,2137744.8683284065,0.8483219000464496,0.618123098225435,0.323,0.8483219000464496,0.0,1518.177747768545,1693.5373280714014,0.0,1027.806335239305,1.0,2.0,0.0,0.0,ok,13159527.10366978,2948319.1541682133,1697009.459679573,2824145.1042046626,-9789696.030246275,phase_formula
723.4514891067264,5.4960988308647454e-05,13.0,13.18533915426317,3113.082307732165,3099.896968577902,3716.1131030074725,723.4514891067264,2140413.0175086367,0.848316958117566,0.618120205672135,0.323,0.848316958117566,0.0,1351.3179186545613,1507.3883614494982,0.0,914.8422309291379,1.0,2.0,0.0,0.0,ok,13159098.358001964,2948319.1541682133,1697009.459679573,2816805.5213253275,-9789616.534350678,phase_formula
812.7611008676171,6.174588626206921e-05,13.0,13.299233517807139,2772.514117376996,2759.214883859189,3350.2231281988434,812.7611008676171,2143240.8518186994,0.8483114056712078,0.6181181582529628,0.323,0.8483114056712078,0.0,1202.7982492595072,1341.7018318799758,0.0,814.2944147486864,1.0,2.0,0.0,0.0,ok,13158616.679151433,2948319.1541682133,1697009.459679573,2809040.657467567,-9789527.224738916,phase_formula
913.0959256151148,6.93683754170869e-05,13.0,13.412992080234053,2469.381370152078,2455.968378071844,3022.743711242849,913.0959256151148,2146237.9596814686,0.848305167224082,0.6181171815828416,0.323,0.848305167224082,0.0,1070.6033468140995,1194.2290873039628,0.0,724.7984657931454,1.0,2.0,0.0,0.0,ok,13158075.531289639,2948319.1541682133,1697009.459679573,2800826.6975255203,-9789426.88991417,phase_formula
1025.8170186601064,7.793185585809515e-05,13.0,13.526867932109258,2199.570739757265,2186.0438718251557,2729.5328265193257,1025.8170186601064,2149414.504797221,0.8482981579442731,0.6181175998344015,0.323,0.8482981579442731,0.0,952.939469107447,1062.9688629255538,0.0,645.1400205857418,1.0,2.0,0.0,0.0,ok,13157467.571413247,2948319.1541682133,1697009.459679573,2792138.610025226,-9789314.168821124,phase_formula
1152.4534566987763,8.755249234207827e-05,13.0,13.640678175879204,1959.4204812825935,1945.7798031067143,2466.900151176527,1152.4534566987763,2152781.2611567476,0.8482902824892166,0.6181197493395738,0.323,0.8482902824892166,0.0,848.2098194429227,946.1395554795655,0.0,574.2380477628587,1.0,2.0,0.0,0.0,ok,13156784.549612025,2948319.1541682133,1697009.459679573,2782950.099467824,-9789187.532383086,phase_formula
1294.7230799424149,9.836079008906897e-05,13.0,13.754538375427412,1745.6714960795919,1731.9169577041644,2231.5582120283975,1294.7230799424149,2156349.649918324,0.8482814336981317,0.618124067593167,0.323,0.8482814336981317,0.0,754.9931717743511,842.155499170503,0.0,511.13037729123573,1.0,2.0,0.0,0.0,ok,13156017.19700208,2948319.1541682133,1697009.459679573,2773233.5588737517,-9789045.262759842,phase_formula
1300.0,9.876168046797843e-05,13.0,13.758498617313094,1738.6433776303938,1724.8848790130808,2223.7913205367668,1300.0,2156478.13038852,0.8482811054650584,0.6181242606951782,0.323,0.8482811054650584,0.0,751.9281753368205,838.7365031426892,0.0,509.0553747030274,1.0,2.0,0.0,0.0,ok,13155988.734891485,2948319.1541682133,1697009.459679573,2772884.1403996353,-9789039.985839784,phase_formula
1454.5557948495277,0.00011050336510290418,13.0,13.86840450205704,1555.4226620307395,1541.5542575286825,2020.5777857824844,1454.5557948495277,2160131.778816675,0.8482714911203988,0.618131050731648,0.323,0.8482714911203988,0.0,672.024413270732,749.6051792204978,0.0,454.9605277842856,1.0,2.0,0.0,0.0,ok,13155155.099795684,2948319.1541682133,1697009.459679573,2762960.0229031877,-9788885.430044936,phase_formula
1634.1197535649385,0.000124144933036917,13.0,13.982252698305217,1386.0916598011377,1372.1094071028324,1831.348787686039,1634.1197535649385,2164140.483907236,0.8482603193589321,0.6181412864688638,0.323,0.8482603193589321,0.0,598.1774528631609,667.2321930692151,0.0,404.96613558835986,1.0,2.0,0.0,0.0,ok,13154186.55778867,2948319.1541682133,1697009.459679573,2752099.1219876357,-9788705.86608622,phase_formula
1835.850765193497,0.00013947054358379526,13.0,14.096179935137059,1235.3800443122655,1221.2838643771283,1661.5453970251178,1835.850765193497,2168389.3738886365,0.8482477662048314,0.61794045271193,0.323,0.8482477662048314,0.0,532.0620618156065,593.3163306566904,0.0,360.2060158491656,1.0,2.0,0.0,0.0,ok,13153098.425332231,2948319.1541682133,1697009.459679573,2740619.0379824787,-9788504.135074591,phase_formula
2062.485337876194,0.0001566880906993994,13.0,14.210020750513534,1101.2416814503115,1087.031660699798,1509.09454057098,2062.485337876194,2172892.8775546495,0.8482336605364353,0.6179328625108143,0.323,0.8482336605364353,0.0,473.56183062049587,528.0659543533081,0.0,320.60135933007575,1.0,2.0,0.0,0.0,ok,13151875.932614652,2948319.1541682133,1697009.459679573,2728486.4619307704,-9788277.500501908,phase_formula
2317.0977998889393,0.0001760311327120671,13.0,14.324001230251925,981.8556482086543,967.5316469784024,1372.1488324802142,2317.0977998889393,2177666.293504375,0.8482178099522881,0.6179277657558214,0.323,0.8482178099522881,0.0,421.4947517598084,469.99317342011295,0.0,285.35194694139034,1.0,2.0,0.0,0.0,ok,13150502.484806985,2948319.1541682133,1697009.459679573,2715666.554620192,-9788022.888039896,phase_formula
2603.142003316607,0.00019776206057255997,13.0,14.437855068213626,875.6006446170386,861.162789548825,1249.0610203465153,2603.142003316607,2182725.8444311125,0.8481999981033924,0.6179258171356312,0.323,0.8481999981033924,0.0,375.1538248072184,418.30913042696704,0.0,253.97913939448688,1.0,2.0,0.0,0.0,ok,13148959.436320586,2948319.1541682133,1697009.459679573,2702122.9107181975,-9787736.843836468,phase_formula
2924.49817601829,0.00022217565722238775,13.0,14.551837515907046,781.0340181526694,766.4821806367623,1138.3630380284937,2924.49817601829,2188088.732851907,0.8481799816853799,0.617927954209476,0.323,0.8481799816853799,0.0,333.9099283208542,372.3119471731613,0.0,226.05702147321833,1.0,2.0,0.0,0.0,ok,13147225.837079654,2948319.1541682133,1697009.459679573,2687817.527388739,-9787415.487663766,phase_formula
3200.0,0.00024310567499810073,13.0,14.63994294342264,715.0912864139436,700.451343470521,1060.4094116666718,3200.0,2192456.001877146,0.8481628166015139,0.6179330121948048,0.323,0.8481628166015139,0.0,305.1495193879741,340.238409846387,0.0,206.5862246256585,1.0,2.0,0.0,0.0,ok,13145739.552698934,2948319.1541682133,1697009.459679573,2676206.132895495,-9787139.985839784,phase_formula
3285.5255574369426,0.0002496030963638185,13.0,14.665771531509733,696.8712366521909,682.2054651206811,1038.745502546416,3285.5255574369426,2193773.203037436,0.8481574870457678,0.6179351526185826,0.323,0.8481574870457678,0.0,297.20291428744326,331.37662636152334,0.0,201.2063729725991,1.0,2.0,0.0,0.0,ok,13145278.147323014,2948319.1541682133,1697009.459679573,2672710.7784179174,-9787054.460282348,phase_formula
3691.1215322651688,0.0002804164348754212,13.0,14.779764301357218,621.9691823840213,607.1894180826641,949.0410270524219,3691.1215322651688,2199798.6045125755,0.8481322063551845,0.6179486734751582,0.323,0.8481322063551845,0.0,264.53428864347865,294.9470077492764,0.0,179.08971341163507,1.0,2.0,0.0,0.0,ok,13143089.917010993,2948319.1541682133,1697009.459679573,2656761.3950283313,-9786648.864307519,phase_formula
4146.7880641233005,0.0003150336598133633,13.0,14.893790266579527,555.3102270758397,540.4164368092602,868.2083115859814,4146.7880641233005,2206185.461764237,0.8481037932841686,0.6179699587445189,0.323,0.8481037932841686,0.0,235.46028666246278,262.52797002943754,0.0,159.4066140704873,1.0,2.0,0.0,0.0,ok,13140631.425418248,2948319.1541682133,1697009.459679573,2639926.454717176,-9786193.197775662,phase_formula
4658.7063304314215,0.0003539243584617049,13.0,15.007803992015313,495.98854086627927,480.9807368742639,795.3184632682379,4658.7063304314215,2212955.547903653,0.848071858118724,0.6174548621563121,0.323,0.848071858118724,0.0,209.1981042483793,233.07725093928477,0.0,141.6271165761528,1.0,2.0,0.0,0.0,ok,13137869.27593481,2948319.1541682133,1697009.459679573,2622161.3796368893,-9785681.279509354,phase_formula
5233.820570907399,0.0003976160883466838,13.0,15.121936817638382,443.1980018690412,428.07606505140285,729.5429149373185,5233.820570907399,2220131.9622792713,0.8480359622380127,0.6174297261108368,0.323,0.8480359622380127,0.0,186.17181475286446,207.40580239613212,0.0,126.03831858768926,1.0,2.0,0.0,0.0,ok,13134765.940466262,2948319.1541682133,1697009.459679573,2603419.946235692,-9785106.165268878,phase_formula
5879.932287106999,0.0004467015336250854,13.0,15.235985044610707,396.2207474255423,380.9847623809316,670.1419817998374,5879.932287106999,2227739.217612599,0.8479956118661394,0.6174100512574928,0.323,0.8479956118661394,0.0,165.68056635287118,184.56272411347308,0.0,112.16574342089379,1.0,2.0,0.0,0.0,ok,13131279.24711041,2948319.1541682133,1697009.459679573,2583654.3080972238,-9784460.053552678,phase_formula
6500.0,0.0004938084023398921,13.0,15.334301515974351,359.92941353636905,344.5951120203947,623.5840180634348,6500.0,2234656.4269898785,0.847956864895729,0.6173989108328746,0.323,0.847956864895729,0.0,149.84996404303777,166.91693412714943,0.0,101.4484256571366,1.0,2.0,0.0,0.0,ok,13127932.846182216,2948319.1541682133,1697009.459679573,2565771.7350700614,-9783839.985839784,phase_formula
6605.806070835401,0.00050184654492406,13.0,15.350194434980887,354.41822346411766,339.06802902913677,616.455914114758,6605.806070835401,2235803.3253762014,0.8479502509966096,0.6173977513050133,0.323,0.8479502509966096,0.0,147.445886684787,164.23735984680397,0.0,99.8208652856008,1.0,2.0,0.0,0.0,ok,13127361.803980183,2948319.1541682133,1697009.459679573,2562815.0341619616,-9783734.17976895,phase_formula
7421.288497006765,0.000563799171693897,13.0,15.464343627183943,317.2216025094027,301.75725888221876,567.8953163112233,7421.288497006765,2244351.899426754,0.8478992533723316,0.6173947693584156,0.323,0.8478992533723316,0.0,131.21973209875705,146.15292542884143,0.0,88.83575863085852,1.0,2.0,0.0,0.0,ok,13122960.35112815,2948319.1541682133,1697009.459679573,2540851.16478399,-9782918.697342778,phase_formula
8337.44169374924,0.000633399809598818,13.0,15.578614163535457,284.1249404906504,268.5463263271149,523.9343025194872,8337.44169374924,2253414.2525442997,0.8478419133855053,0.6174037636087785,0.323,0.8478419133855053,0.0,116.78146111375744,130.06327590261674,0.0,79.0610491740138,1.0,2.0,0.0,0.0,ok,13118015.0314912,2948319.1541682133,1697009.459679573,2517710.28837124,-9782002.544146035,phase_formula
9366.693401651874,0.0007115926005965109,13.0,15.69292575850846,254.67764634684406,238.9847205883356,484.10296367073954,9366.693401651874,2263021.515211644,0.8477774357398076,0.6174276619970599,0.323,0.8477774357398076,0.0,103.93458277081874,115.74916616219778,0.0,70.36371253584429,1.0,2.0,0.0,0.0,ok,13112458.570597442,2948319.1541682133,1697009.459679573,2493338.641680664,-9780973.292438133,phase_formula
10523.00555772709,0.0007994382403500031,13.0,15.807282001310943,228.47871648840322,212.67143448709228,447.98159737745857,10523.00555772709,2273206.7530533113,0.8477049236911903,0.6174700175505458,0.323,0.8477049236911903,0.0,92.50422606486525,103.01549017116835,0.0,62.625361045913785,1.0,2.0,0.0,0.0,ok,13106215.353440281,2948319.1541682133,1697009.459679573,2467681.2371925376,-9779816.980282057,phase_formula
11822.06369095274,0.0008981283667061263,13.0,15.921790077389748,205.1713148001925,189.24952472280276,415.19528269753516,11822.06369095274,2284005.094647754,0.8476233656524459,0.617535178730293,0.323,0.8476233656524459,0.0,82.3347748727529,91.68864023284743,0.0,55.74064258885371,1.0,2.0,0.0,0.0,ok,13099200.38540292,2948319.1541682133,1697009.459679573,2440682.0213691425,-9778517.922148831,phase_formula
13281.489698569587,0.0010090017244222128,13.0,16.03626345135438,184.43753333767597,168.4012698863216,385.4086338072963,13281.489698569587,2295453.885923838,0.8475316199092797,0.6160704798762429,0.323,0.8475316199092797,0.0,72.90020823833522,81.01361230863199,0.0,49.35344097735296,1.0,2.0,0.0,0.0,ok,13091318.122382049,2948319.1541682133,1697009.459679573,2412284.06801488,-9777058.496141216,phase_formula
14921.080889473207,0.0011335623254177018,13.0,16.15094050510701,165.99480102762286,149.84386052251585,358.32220129959194,14921.080889473207,2307592.819291729,0.8474283971505102,0.6160043835200505,0.323,0.8474283971505102,0.0,64.85215358443752,72.05378319369004,0.0,43.904907976664205,1.0,2.0,0.0,0.0,ok,13082461.153278468,2948319.1541682133,1697009.459679573,2382429.811394976,-9775418.904950311,phase_formula
15000.0,0.0011395578515535972,13.0,16.156100627822216,165.20906366797806,149.05296304015584,357.1541763985907,15000.0,2308159.9497798025,0.8474234246486821,0.6160016776054421,0.323,0.8474234246486821,0.0,64.50925882249277,71.67208564932865,0.0,43.672768222827614,1.0,2.0,0.0,0.0,ok,13082034.793191075,2948319.1541682133,1697009.459679573,2381041.453080568,-9775339.985839784,phase_formula
16763.07853735573,0.0012734998508968874,13.0,16.265642239375552,149.591205016451,133.32556277707545,333.66778467412234,16763.07853735573,2320464.133133293,0.847312240460301,0.6159548000390507,0.323,0.847312240460301,0.0,57.69329923700448,64.08603762539641,0.0,39.05836358345204,1.0,2.0,0.0,0.0,ok,13072508.715755405,2948319.1541682133,1697009.459679573,2351061.324238832,-9773576.90730243,phase_formula
18832.46958655668,0.0014307125721003326,13.0,16.380498374431678,135.00280196104646,118.62230358661479,311.2057348766979,18832.46958655668,2334112.763214862,0.8471815023536448,0.6159271113637439,0.323,0.8471815023536448,0.0,51.325980403161225,57.001447835260095,0.0,34.747688732940155,1.0,2.0,0.0,0.0,ok,13061325.023564551,2948319.1541682133,1697009.459679573,2318120.646245228,-9771507.516253227,phase_formula
21157.325603303416,0.0016073331006080237,13.0,16.495525648776194,122.03015673810296,105.53463108932677,290.72148294816645,21157.325603303416,2348586.5604019156,0.8470343183545829,0.6159275468971125,0.323,0.8470343183545829,0.0,45.66322097147448,50.70295417415414,0.0,30.914000597688215,1.0,2.0,0.0,0.0,ok,13048757.380748624,2948319.1541682133,1697009.459679573,2283550.169221074,-9769182.660236482,phase_formula
23769.183570259636,0.0018057573175005422,13.0,16.61061896220259,110.49562798546728,93.88500902326469,272.02281572603624,23769.183570259636,2363936.523720273,0.8468685765158986,0.6159632234738683,0.323,0.8468685765158986,0.0,40.627555213188835,45.104100711951496,0.0,27.50485487932884,1.0,2.0,0.0,0.0,ok,13034634.05457805,2948319.1541682133,1697009.459679573,2247293.0855081873,-9766570.802269526,phase_formula
26326.0,0.002,13.0,16.711820468918756,101.43164612980611,84.71982566088735,256.9461233112651,26326.0,2378173.9790185583,0.8467059281819151,0.6160308382677915,0.323,0.8467059281819151,0.0,36.66989886456568,40.705629780807506,0.0,24.82552153131098,1.0,2.0,0.0,0.0,ok,13020804.025223898,2948319.1541682133,1697009.459679573,2214036.673832402,-9764013.985839784,phase_formula
26703.473689911352,0.002028676873806226,13.0,16.725978350879682,100.24138676064602,83.51540840976634,254.93788398609348,26703.473689911352,2380216.9910177467,0.8466818821540993,0.6160434974310327,0.323,0.8466818821540993,0.0,36.15014382537519,40.12813254255264,0.0,24.473647369779005,1.0,2.0,0.0,0.0,ok,13018761.875084218,2948319.1541682133,1697009.459679573,2209293.9068823867,-9763636.512149874,phase_formula
30000.0,0.0022791157031071944,13.0,16.841457227461447,91.1266210795294,74.28516385206795,239.3123965511671,30000.0,2397485.991349943,0.8464715169176673,0.6161784096426837,0.323,0.8464715169176673,0.0,32.16958079497113,35.70649298363229,0.0,21.77880619819546,1.0,2.0,0.0,0.0,ok,13000923.524408685,2948319.1541682133,1697009.459679573,2169499.0616236906,-9760339.985839784,phase_formula
