eta,eta_fraction,c0,t1,t2,control_duration,clear_time,peak_I,cum_total_infections,q_start,q_mean_control,q_min_theory,q_max_theory,J_q,J_total,w_c,w_q,C2,C2_daily,plateau_max_error,q_was_clipped,status,S_star,Sc,Sbar,strategy
100.0,7.597052343690648e-06,12.8872,11.378062781921809,22534.663558637247,22523.285495855325,23748.32147126102,100.0,2109306.4442905914,0.8470283667848927,0.6171706717080123,0.323,0.8470283667848927,6625.690023387093,9786.839030113873,1.0,1.0,5442.323814511194,0.24163099186895604,0.0,0.0,ok,13162459.348343061,2974125.4115856644,1711863.1646776996,情景一阈值控制
100.0,7.597052343690648e-06,12.8872,,,,45.27247064225558,151.90363476994975,2096.75783869108,,,,,,,1.0,1.0,30.19670066954218,0.6669991772297433,,,fixed_reference,,,,TDINN控制
100.0,7.597052343690648e-06,12.8872,,,,75.57641977089962,1377549.706167043,,,,,,,,1.0,1.0,0.0,0.0,,,routine,,,,常规控制
100.0,7.597052343690648e-06,12.8872,11.378062781921809,22534.663558637247,22523.285495855325,23748.32147126102,100.0,2109306.4442905914,0.8470283667848927,0.6171706717080123,0.323,0.8470283667848927,6625.690023387093,9786.839030113873,1.0,2.0,10884.647629022387,0.48326198373791207,0.0,0.0,ok,13162459.348343061,2974125.4115856644,1711863.1646776996,情景一阈值控制
100.0,7.597052343690648e-06,12.8872,,,,45.27247064225558,151.90363476994975,2096.75783869108,,,,,,,1.0,2.0,49.35392945978424,1.0901532158423708,,,fixed_reference,,,,TDINN控制
100.0,7.597052343690648e-06,12.8872,,,,75.57641977089962,1377549.706167043,,,,,,,,1.0,2.0,0.0,0.0,,,routine,,,,常规控制
100.0,7.597052343690648e-06,12.8872,11.378062781921809,22534.663558637247,22523.285495855325,23748.32147126102,100.0,2109306.4442905914,0.8470283667848927,0.6171706717080123,0.323,0.8470283667848927,6625.690023387093,9786.839030113873,1.0,5.0,27211.619072555968,1.2081549593447802,0.0,0.0,ok,13162459.348343061,2974125.4115856644,1711863.1646776996,情景一阈值控制
100.0,7.597052343690648e-06,12.8872,,,,45.27247064225558,151.90363476994975,2096.75783869108,,,,,,,1.0,5.0,106.82561583051039,2.3596153316802524,,,fixed_reference,,,,TDINN控制
100.0,7.597052343690648e-06,12.8872,,,,75.57641977089962,1377549.706167043,,,,,,,,1.0,5.0,0.0,0.0,,,routine,,,,常规控制
100.0,7.597052343690648e-06,12.8872,11.378062781921809,22534.663558637247,22523.285495855325,23748.32147126102,100.0,2109306.4442905914,0.8470283667848927,0.6171706717080123,0.323,0.8470283667848927,6625.690023387093,9786.839030113873,1.0,10.0,54423.238145111936,2.4163099186895605,0.0,0.0,ok,13162459.348343061,2974125.4115856644,1711863.1646776996,情景一阈值控制
100.0,7.597052343690648e-06,12.8872,,,,45.27247064225558,151.90363476994975,2096.75783869108,,,,,,,1.0,10.0,202.61175978172065,4.475385524743389,,,fixed_reference,,,,TDINN控制
100.0,7.597052343690648e-06,12.8872,,,,75.57641977089962,1377549.706167043,,,,,,,,1.0,10.0,0.0,0.0,,,routine,,,,常规控制
112.34493440205146,8.534903472008771e-06,12.8872,11.49311483363031,20059.77217554236,20048.27906070873,21227.511744298143,112.34493440205146,2110366.7453672527,0.8470275910936724,0.6171706745872177,0.323,0.8470275910936724,5897.61577560148,8711.39700975108,1.0,1.0,4844.280602901328,0.24163074487502056,0.0,0.0,ok,13162392.604253545,2974125.4115856644,1711863.1646776996,情景一阈值控制
112.34493440205146,8.534903472008771e-06,12.8872,,,,45.27247064225558,151.90363476994975,2096.75783869108,,,,,,,1.0,1.0,30.19670066954218,0.6669991772297433,,,fixed_reference,,,,TDINN控制
112.34493440205146,8.534903472008771e-06,12.8872,,,,75.57641977089962,1377549.706167043,,,,,,,,1.0,1.0,0.0,0.0,,,routine,,,,常规控制
112.34493440205146,8.534903472008771e-06,12.8872,11.49311483363031,20059.77217554236,20048.27906070873,21227.511744298143,112.34493440205146,2110366.7453672527,0.8470275910936724,0.6171706745872177,0.323,0.8470275910936724,5897.61577560148,8711.39700975108,1.0,2.0,9688.561205802656,0.48326148975004113,0.0,0.0,ok,13162392.604253545,2974125.4115856644,1711863.1646776996,情景一阈值控制
112.34493440205146,8.534903472008771e-06,12.8872,,,,45.27247064225558,151.90363476994975,2096.75783869108,,,,,,,1.0,2.0,49.35392945978424,1.0901532158423708,,,fixed_reference,,,,TDINN控制
112.34493440205146,8.534903472008771e-06,12.8872,,,,75.57641977089962,1377549.706167043,,,,,,,,1.0,2.0,0.0,0.0,,,routine,,,,常规控制
112.34493440205146,8.534903472008771e-06,12.8872,11.49311483363031,20059.77217554236,20048.27906070873,21227.511744298143,112.34493440205146,2110366.7453672527,0.8470275910936724,0.6171706745872177,0.323,0.8470275910936724,5897.61577560148,8711.39700975108,1.0,5.0,24221.403014506643,1.208153724375103,0.0,0.0,ok,13162392.604253545,2974125.4115856644,1711863.1646776996,情景一阈值控制
112.34493440205146,8.534903472008771e-06,12.8872,,,,45.27247064225558,151.90363476994975,2096.75783869108,,,,,,,1.0,5.0,106.82561583051039,2.3596153316802524,,,fixed_reference,,,,TDINN控制
112.34493440205146,8.534903472008771e-06,12.8872,,,,75.57641977089962,1377549.706167043,,,,,,,,1.0,5.0,0.0,0.0,,,routine,,,,常规控制
112.34493440205146,8.534903472008771e-06,12.8872,11.49311483363031,20059.77217554236,20048.27906070873,21227.511744298143,112.34493440205146,2110366.7453672527,0.8470275910936724,0.6171706745872177,0.323,0.8470275910936724,5897.61577560148,8711.39700975108,1.0,10.0,48442.806029013285,2.416307448750206,0.0,0.0,ok,13162392.604253545,2974125.4115856644,1711863.1646776996,情景一阈值控制
112.34493440205146,8.534903472008771e-06,12.8872,,,,45.27247064225558,151.90363476994975,2096.75783869108,,,,,,,1.0,10.0,202.61175978172065,4.475385524743389,,,fixed_reference,,,,TDINN控制
112.34493440205146,8.534903472008771e-06,12.8872,,,,75.57641977089962,1377549.706167043,,,,,,,,1.0,10.0,0.0,0.0,,,routine,,,,常规控制
126.21384285801246,9.588531706906667e-06,12.8872,11.608170784652245,17856.844923638855,17845.2367528542,18979.999660454327,126.21384285801246,2111489.999108647,0.8470267196331268,0.6171708634946608,0.323,0.8470267196331268,5249.548704853775,7754.133980581648,1.0,1.0,4311.956685646756,0.2416306796802286,0.0,0.0,ok,13162317.620532114,2974125.4115856644,1711863.1646776996,情景一阈值控制
126.21384285801246,9.588531706906667e-06,12.8872,,,,45.27247064225558,151.90363476994975,2096.75783869108,,,,,,,1.0,1.0,30.19670066954218,0.6669991772297433,,,fixed_reference,,,,TDINN控制
126.21384285801246,9.588531706906667e-06,12.8872,,,,75.57641977089962,1377549.706167043,,,,,,,,1.0,1.0,0.0,0.0,,,routine,,,,常规控制
126.21384285801246,9.588531706906667e-06,12.8872,11.608170784652245,17856.844923638855,17845.2367528542,18979.999660454327,126.21384285801246,2111489.999108647,0.8470267196331268,0.6171708634946608,0.323,0.8470267196331268,5249.548704853775,7754.133980581648,1.0,2.0,8623.913371293513,0.4832613593604572,0.0,0.0,ok,13162317.620532114,2974125.4115856644,1711863.1646776996,情景一阈值控制
126.21384285801246,9.588531706906667e-06,12.8872,,,,45.27247064225558,151.90363476994975,2096.75783869108,,,,,,,1.0,2.0,49.35392945978424,1.0901532158423708,,,fixed_reference,,,,TDINN控制
126.21384285801246,9.588531706906667e-06,12.8872,,,,75.57641977089962,1377549.706167043,,,,,,,,1.0,2.0,0.0,0.0,,,routine,,,,常规控制
126.21384285801246,9.588531706906667e-06,12.8872,11.608170784652245,17856.844923638855,17845.2367528542,18979.999660454327,126.21384285801246,2111489.999108647,0.8470267196331268,0.6171708634946608,0.323,0.8470267196331268,5249.548704853775,7754.133980581648,1.0,5.0,21559.78342823378,1.2081533984011428,0.0,0.0,ok,13162317.620532114,2974125.4115856644,1711863.1646776996,情景一阈值控制
126.21384285801246,9.588531706906667e-06,12.8872,,,,45.27247064225558,151.90363476994975,2096.75783869108,,,,,,,1.0,5.0,106.82561583051039,2.3596153316802524,,,fixed_reference,,,,TDINN控制
126.21384285801246,9.588531706906667e-06,12.8872,,,,75.57641977089962,1377549.706167043,,,,,,,,1.0,5.0,0.0,0.0,,,routine,,,,常规控制
126.21384285801246,9.588531706906667e-06,12.8872,11.608170784652245,17856.844923638855,17845.2367528542,18979.999660454327,126.21384285801246,2111489.999108647,0.8470267196331268,0.6171708634946608,0.323,0.8470267196331268,5249.548704853775,7754.133980581648,1.0,10.0,43119.56685646756,2.4163067968022856,0.0,0.0,ok,13162317.620532114,2974125.4115856644,1711863.1646776996,情景一阈值控制
126.21384285801246,9.588531706906667e-06,12.8872,,,,45.27247064225558,151.90363476994975,2096.75783869108,,,,,,,1.0,10.0,202.61175978172065,4.475385524743389,,,fixed_reference,,,,TDINN控制
126.21384285801246,9.588531706906667e-06,12.8872,,,,75.57641977089962,1377549.706167043,,,,,,,,1.0,10.0,0.0,0.0,,,routine,,,,常规控制
141.79485896514254,1.077222965624421e-05,12.8872,11.723304432643697,15895.997313306301,15884.274008873657,16975.898955338038,141.79485896514254,2112680.0121945296,0.8470257405777761,0.6171712855408708,0.323,0.8470257405777761,4672.697305073805,6902.063966135605,1.0,1.0,3838.1305721583344,0.24163084633356144,0.0,0.0,ok,13162233.37997072,2974125.4115856644,1711863.1646776996,情景一阈值控制
141.79485896514254,1.077222965624421e-05,12.8872,,,,45.27247064225558,151.90363476994975,2096.75783869108,,,,,,,1.0,1.0,30.19670066954218,0.6669991772297433,,,fixed_reference,,,,TDINN控制
141.79485896514254,1.077222965624421e-05,12.8872,,,,75.57641977089962,1377549.706167043,,,,,,,,1.0,1.0,0.0,0.0,,,routine,,,,常规控制
141.79485896514254,1.077222965624421e-05,12.8872,11.723304432643697,15895.997313306301,15884.274008873657,16975.898955338038,141.79485896514254,2112680.0121945296,0.8470257405777761,0.6171712855408708,0.323,0.8470257405777761,4672.697305073805,6902.063966135605,1.0,2.0,7676.261144316669,0.4832616926671229,0.0,0.0,ok,13162233.37997072,2974125.4115856644,1711863.1646776996,情景一阈值控制
141.79485896514254,1.077222965624421e-05,12.8872,,,,45.27247064225558,151.90363476994975,2096.75783869108,,,,,,,1.0,2.0,49.35392945978424,1.0901532158423708,,,fixed_reference,,,,TDINN控制
141.79485896514254,1.077222965624421e-05,12.8872,,,,75.57641977089962,1377549.706167043,,,,,,,,1.0,2.0,0.0,0.0,,,routine,,,,常规控制
141.79485896514254,1.077222965624421e-05,12.8872,11.723304432643697,15895.997313306301,15884.274008873657,16975.898955338038,141.79485896514254,2112680.0121945296,0.8470257405777761,0.6171712855408708,0.323,0.8470257405777761,4672.697305073805,6902.063966135605,1.0,5.0,19190.652860791673,1.208154231667807,0.0,0.0,ok,13162233.37997072,2974125.4115856644,1711863.1646776996,情景一阈值控制
141.79485896514254,1.077222965624421e-05,12.8872,,,,45.27247064225558,151.90363476994975,2096.75783869108,,,,,,,1.0,5.0,106.82561583051039,2.3596153316802524,,,fixed_reference,,,,TDINN控制
141.79485896514254,1.077222965624421e-05,12.8872,,,,75.57641977089962,1377549.706167043,,,,,,,,1.0,5.0,0.0,0.0,,,routine,,,,常规控制
141.79485896514254,1.077222965624421e-05,12.8872,11.723304432643697,15895.997313306301,15884.274008873657,16975.898955338038,141.79485896514254,2112680.0121945296,0.8470257405777761,0.6171712855408708,0.323,0.8470257405777761,4672.697305073805,6902.063966135605,1.0,10.0,38381.30572158335,2.416308463335614,0.0,0.0,ok,13162233.37997072,2974125.4115856644,1711863.1646776996,情景一阈值控制
141.79485896514254,1.077222965624421e-05,12.8872,,,,45.27247064225558,151.90363476994975,2096.75783869108,,,,,,,1.0,10.0,202.61175978172065,4.475385524743389,,,fixed_reference,,,,TDINN控制
141.79485896514254,1.077222965624421e-05,12.8872,,,,75.57641977089962,1377549.706167043,,,,,,,,1.0,10.0,0.0,0.0,,,routine,,,,常规控制
159.29934128987077,1.210205434094589e-05,12.8872,11.83830985685224,14150.628416852072,14138.79010699522,15188.602578804235,159.29934128987077,2113940.817416298,0.8470246406415544,0.6171719917507789,0.323,0.8470246406415544,4159.236046720991,6143.627838583443,1.0,1.0,3416.3742182604383,0.24163129888816823,0.0,0.0,ok,13162138.739779545,2974125.4115856644,1711863.1646776996,情景一阈值控制
159.29934128987077,1.210205434094589e-05,12.8872,,,,45.27247064225558,151.90363476994975,2096.75783869108,,,,,,,1.0,1.0,30.19670066954218,0.6669991772297433,,,fixed_reference,,,,TDINN控制
159.29934128987077,1.210205434094589e-05,12.8872,,,,75.57641977089962,1377549.706167043,,,,,,,,1.0,1.0,0.0,0.0,,,routine,,,,常规控制
159.29934128987077,1.210205434094589e-05,12.8872,11.83830985685224,14150.628416852072,14138.79010699522,15188.602578804235,159.29934128987077,2113940.817416298,0.8470246406415544,0.6171719917507789,0.323,0.8470246406415544,4159.236046720991,6143.627838583443,1.0,2.0,6832.748436520877,0.48326259777633646,0.0,0.0,ok,13162138.739779545,2974125.4115856644,1711863.1646776996,情景一阈值控制
159.29934128987077,1.210205434094589e-05,12.8872,,,,45.27247064225558,151.90363476994975,2096.75783869108,,,,,,,1.0,2.0,49.35392945978424,1.0901532158423708,,,fixed_reference,,,,TDINN控制
159.29934128987077,1.210205434094589e-05,12.8872,,,,75.57641977089962,1377549.706167043,,,,,,,,1.0,2.0,0.0,0.0,,,routine,,,,常规控制
159.29934128987077,1.210205434094589e-05,12.8872,11.83830985685224,14150.628416852072,14138.79010699522,15188.602578804235,159.29934128987077,2113940.817416298,0.8470246406415544,0.6171719917507789,0.323,0.8470246406415544,4159.236046720991,6143.627838583443,1.0,5.0,17081.871091302193,1.2081564944408414,0.0,0.0,ok,13162138.739779545,2974125.4115856644,1711863.1646776996,情景一阈值控制
159.29934128987077,1.210205434094589e-05,12.8872,,,,45.27247064225558,151.90363476994975,2096.75783869108,,,,,,,1.0,5.0,106.82561583051039,2.3596153316802524,,,fixed_reference,,,,TDINN控制
159.29934128987077,1.210205434094589e-05,12.8872,,,,75.57641977089962,1377549.706167043,,,,,,,,1.0,5.0,0.0,0.0,,,routine,,,,常规控制
159.29934128987077,1.210205434094589e-05,12.8872,11.83830985685224,14150.628416852072,14138.79010699522,15188.602578804235,159.29934128987077,2113940.817416298,0.8470246406415544,0.6171719917507789,0.323,0.8470246406415544,4159.236046720991,6143.627838583443,1.0,10.0,34163.74218260439,2.4163129888816828,0.0,0.0,ok,13162138.739779545,2974125.4115856644,1711863.1646776996,情景一阈值控制
159.29934128987077,1.210205434094589e-05,12.8872,,,,45.27247064225558,151.90363476994975,2096.75783869108,,,,,,,1.0,10.0,202.61175978172065,4.475385524743389,,,fixed_reference,,,,TDINN控制
159.29934128987077,1.210205434094589e-05,12.8872,,,,75.57641977089962,1377549.706167043,,,,,,,,1.0,10.0,0.0,0.0,,,routine,,,,常规控制
178.96474047500539,1.3596045010636282e-05,12.8872,11.953415507809924,12597.06074025404,12585.107324746232,13594.423110935886,178.96474047500539,2115276.687374873,0.847023404897306,0.6171730503150267,0.323,0.847023404897306,3702.1994102625836,5468.536795070286,1.0,1.0,3040.966043670323,0.2416321104938723,0.0,0.0,ok,13162032.416081902,2974125.4115856644,1711863.1646776996,情景一阈值控制
178.96474047500539,1.3596045010636282e-05,12.8872,,,,45.27247064225558,151.90363476994975,2096.75783869108,,,,,,,1.0,1.0,30.19670066954218,0.6669991772297433,,,fixed_reference,,,,TDINN控制
178.96474047500539,1.3596045010636282e-05,12.8872,,,,75.57641977089962,1377549.706167043,,,,,,,,1.0,1.0,0.0,0.0,,,routine,,,,常规控制
178.96474047500539,1.3596045010636282e-05,12.8872,11.953415507809924,12597.06074025404,12585.107324746232,13594.423110935886,178.96474047500539,2115276.687374873,0.847023404897306,0.6171730503150267,0.323,0.847023404897306,3702.1994102625836,5468.536795070286,1.0,2.0,6081.932087340646,0.4832642209877446,0.0,0.0,ok,13162032.416081902,2974125.4115856644,1711863.1646776996,情景一阈值控制
178.96474047500539,1.3596045010636282e-05,12.8872,,,,45.27247064225558,151.90363476994975,2096.75783869108,,,,,,,1.0,2.0,49.35392945978424,1.0901532158423708,,,fixed_reference,,,,TDINN控制
178.96474047500539,1.3596045010636282e-05,12.8872,,,,75.57641977089962,1377549.706167043,,,,,,,,1.0,2.0,0.0,0.0,,,routine,,,,常规控制
178.96474047500539,1.3596045010636282e-05,12.8872,11.953415507809924,12597.06074025404,12585.107324746232,13594.423110935886,178.96474047500539,2115276.687374873,0.847023404897306,0.6171730503150267,0.323,0.847023404897306,3702.1994102625836,5468.536795070286,1.0,5.0,15204.830218351615,1.2081605524693615,0.0,0.0,ok,13162032.416081902,2974125.4115856644,1711863.1646776996,情景一阈值控制
178.96474047500539,1.3596045010636282e-05,12.8872,,,,45.27247064225558,151.90363476994975,2096.75783869108,,,,,,,1.0,5.0,106.82561583051039,2.3596153316802524,,,fixed_reference,,,,TDINN控制
178.96474047500539,1.3596045010636282e-05,12.8872,,,,75.57641977089962,1377549.706167043,,,,,,,,1.0,5.0,0.0,0.0,,,routine,,,,常规控制
178.96474047500539,1.3596045010636282e-05,12.8872,11.953415507809924,12597.06074025404,12585.107324746232,13594.423110935886,178.96474047500539,2115276.687374873,0.847023404897306,0.6171730503150267,0.323,0.847023404897306,3702.1994102625836,5468.536795070286,1.0,10.0,30409.66043670323,2.416321104938723,0.0,0.0,ok,13162032.416081902,2974125.4115856644,1711863.1646776996,情景一阈值控制
178.96474047500539,1.3596045010636282e-05,12.8872,,,,45.27247064225558,151.90363476994975,2096.75783869108,,,,,,,1.0,10.0,202.61175978172065,4.475385524743389,,,fixed_reference,,,,TDINN控制
178.96474047500539,1.3596045010636282e-05,12.8872,,,,75.57641977089962,1377549.706167043,,,,,,,,1.0,10.0,0.0,0.0,,,routine,,,,常规控制
201.05782028944645,1.5274467848472724e-05,12.8872,12.068481171777924,11214.218228654354,11202.149747482576,12172.271256895025,201.05782028944645,2116692.1490026154,0.8470220165739505,0.61715114509465,0.323,0.8470220165739505,3295.125175743742,4867.245459001097,1.0,1.0,2706.5135110417314,0.24160661766282474,0.0,0.0,ok,13161912.966494454,2974125.4115856644,1711863.1646776996,情景一阈值控制
201.05782028944645,1.5274467848472724e-05,12.8872,,,,45.27247064225558,151.90363476994975,2096.75783869108,,,,,,,1.0,1.0,30.19670066954218,0.6669991772297433,,,fixed_reference,,,,TDINN控制
201.05782028944645,1.5274467848472724e-05,12.8872,,,,75.57641977089962,1377549.706167043,,,,,,,,1.0,1.0,0.0,0.0,,,routine,,,,常规控制
201.05782028944645,1.5274467848472724e-05,12.8872,12.068481171777924,11214.218228654354,11202.149747482576,12172.271256895025,201.05782028944645,2116692.1490026154,0.8470220165739505,0.61715114509465,0.323,0.8470220165739505,3295.125175743742,4867.245459001097,1.0,2.0,5413.027022083463,0.48321323532564947,0.0,0.0,ok,13161912.966494454,2974125.4115856644,1711863.1646776996,情景一阈值控制
201.05782028944645,1.5274467848472724e-05,12.8872,,,,45.27247064225558,151.90363476994975,2096.75783869108,,,,,,,1.0,2.0,49.35392945978424,1.0901532158423708,,,fixed_reference,,,,TDINN控制
201.05782028944645,1.5274467848472724e-05,12.8872,,,,75.57641977089962,1377549.706167043,,,,,,,,1.0,2.0,0.0,0.0,,,routine,,,,常规控制
201.05782028944645,1.5274467848472724e-05,12.8872,12.068481171777924,11214.218228654354,11202.149747482576,12172.271256895025,201.05782028944645,2116692.1490026154,0.8470220165739505,0.61715114509465,0.323,0.8470220165739505,3295.125175743742,4867.245459001097,1.0,5.0,13532.567555208656,1.2080330883141237,0.0,0.0,ok,13161912.966494454,2974125.4115856644,1711863.1646776996,情景一阈值控制
201.05782028944645,1.5274467848472724e-05,12.8872,,,,45.27247064225558,151.90363476994975,2096.75783869108,,,,,,,1.0,5.0,106.82561583051039,2.3596153316802524,,,fixed_reference,,,,TDINN控制
201.05782028944645,1.5274467848472724e-05,12.8872,,,,75.57641977089962,1377549.706167043,,,,,,,,1.0,5.0,0.0,0.0,,,routine,,,,常规控制
201.05782028944645,1.5274467848472724e-05,12.8872,12.068481171777924,11214.218228654354,11202.149747482576,12172.271256895025,201.05782028944645,2116692.1490026154,0.8470220165739505,0.61715114509465,0.323,0.8470220165739505,3295.125175743742,4867.245459001097,1.0,10.0,27065.13511041731,2.4160661766282474,0.0,0.0,ok,13161912.966494454,2974125.4115856644,1711863.1646776996,情景一阈值控制
201.05782028944645,1.5274467848472724e-05,12.8872,,,,45.27247064225558,151.90363476994975,2096.75783869108,,,,,,,1.0,10.0,202.61175978172065,4.475385524743389,,,fixed_reference,,,,TDINN控制
201.05782028944645,1.5274467848472724e-05,12.8872,,,,75.57641977089962,1377549.706167043,,,,,,,,1.0,10.0,0.0,0.0,,,routine,,,,常规控制
225.87827631437312,1.7160090884629123e-05,12.8872,12.183537291393483,9983.34090808043,9971.157370789037,10903.37092806257,225.87827631437312,2118191.998936042,0.8470204568285423,0.6171502569538111,0.323,0.8470204568285423,2933.018502744482,4332.375927244434,1.0,1.0,2409.0824648727207,0.24160509911620073,0.0,0.0,ok,13161778.770556312,2974125.4115856644,1711863.1646776996,情景一阈值控制
225.87827631437312,1.7160090884629123e-05,12.8872,,,,45.27247064225558,151.90363476994975,2096.75783869108,,,,,,,1.0,1.0,30.19670066954218,0.6669991772297433,,,fixed_reference,,,,TDINN控制
225.87827631437312,1.7160090884629123e-05,12.8872,,,,75.57641977089962,1377549.706167043,,,,,,,,1.0,1.0,0.0,0.0,,,routine,,,,常规控制
225.87827631437312,1.7160090884629123e-05,12.8872,12.183537291393483,9983.34090808043,9971.157370789037,10903.37092806257,225.87827631437312,2118191.998936042,0.8470204568285423,0.6171502569538111,0.323,0.8470204568285423,2933.018502744482,4332.375927244434,1.0,2.0,4818.164929745441,0.48321019823240147,0.0,0.0,ok,13161778.770556312,2974125.4115856644,1711863.1646776996,情景一阈值控制
225.87827631437312,1.7160090884629123e-05,12.8872,,,,45.27247064225558,151.90363476994975,2096.75783869108,,,,,,,1.0,2.0,49.35392945978424,1.0901532158423708,,,fixed_reference,,,,TDINN控制
225.87827631437312,1.7160090884629123e-05,12.8872,,,,75.57641977089962,1377549.706167043,,,,,,,,1.0,2.0,0.0,0.0,,,routine,,,,常规控制
225.87827631437312,1.7160090884629123e-05,12.8872,12.183537291393483,9983.34090808043,9971.157370789037,10903.37092806257,225.87827631437312,2118191.998936042,0.8470204568285423,0.6171502569538111,0.323,0.8470204568285423,2933.018502744482,4332.375927244434,1.0,5.0,12045.412324363602,1.2080254955810035,0.0,0.0,ok,13161778.770556312,2974125.4115856644,1711863.1646776996,情景一阈值控制
225.87827631437312,1.7160090884629123e-05,12.8872,,,,45.27247064225558,151.90363476994975,2096.75783869108,,,,,,,1.0,5.0,106.82561583051039,2.3596153316802524,,,fixed_reference,,,,TDINN控制
225.87827631437312,1.7160090884629123e-05,12.8872,,,,75.57641977089962,1377549.706167043,,,,,,,,1.0,5.0,0.0,0.0,,,routine,,,,常规控制
225.87827631437312,1.7160090884629123e-05,12.8872,12.183537291393483,9983.34090808043,9971.157370789037,10903.37092806257,225.87827631437312,2118191.998936042,0.8470204568285423,0.6171502569538111,0.323,0.8470204568285423,2933.018502744482,4332.375927244434,1.0,10.0,24090.824648727204,2.416050991162007,0.0,0.0,ok,13161778.770556312,2974125.4115856644,1711863.1646776996,情景一阈值控制
225.87827631437312,1.7160090884629123e-05,12.8872,,,,45.27247064225558,151.90363476994975,2096.75783869108,,,,,,,1.0,10.0,202.61175978172065,4.475385524743389,,,fixed_reference,,,,TDINN控制
225.87827631437312,1.7160090884629123e-05,12.8872,,,,75.57641977089962,1377549.706167043,,,,,,,,1.0,10.0,0.0,0.0,,,routine,,,,常规控制
253.76280135386727,1.9278492847669018e-05,12.8872,12.298686170265947,8887.730304681734,8875.431618511468,9771.005056144972,253.76280135386727,2119781.319813277,0.8470187044901103,0.6171496351038964,0.323,0.8470187044901103,2610.704971974733,3856.285039844509,1.0,1.0,2144.3382092431216,0.241603822936417,0.0,0.0,ok,13161628.007741187,2974125.4115856644,1711863.1646776996,情景一阈值控制
253.76280135386727,1.9278492847669018e-05,12.8872,,,,45.27247064225558,151.90363476994975,2096.75783869108,,,,,,,1.0,1.0,30.19670066954218,0.6669991772297433,,,fixed_reference,,,,TDINN控制
253.76280135386727,1.9278492847669018e-05,12.8872,,,,75.57641977089962,1377549.706167043,,,,,,,,1.0,1.0,0.0,0.0,,,routine,,,,常规控制
253.76280135386727,1.9278492847669018e-05,12.8872,12.298686170265947,8887.730304681734,8875.431618511468,9771.005056144972,253.76280135386727,2119781.319813277,0.8470187044901103,0.6171496351038964,0.323,0.8470187044901103,2610.704971974733,3856.285039844509,1.0,2.0,4288.676418486243,0.483207645872834,0.0,0.0,ok,13161628.007741187,2974125.4115856644,1711863.1646776996,情景一阈值控制
253.76280135386727,1.9278492847669018e-05,12.8872,,,,45.27247064225558,151.90363476994975,2096.75783869108,,,,,,,1.0,2.0,49.35392945978424,1.0901532158423708,,,fixed_reference,,,,TDINN控制
253.76280135386727,1.9278492847669018e-05,12.8872,,,,75.57641977089962,1377549.706167043,,,,,,,,1.0,2.0,0.0,0.0,,,routine,,,,常规控制
253.76280135386727,1.9278492847669018e-05,12.8872,12.298686170265947,8887.730304681734,8875.431618511468,9771.005056144972,253.76280135386727,2119781.319813277,0.8470187044901103,0.6171496351038964,0.323,0.8470187044901103,2610.704971974733,3856.285039844509,1.0,5.0,10721.691046215612,1.2080191146820856,0.0,0.0,ok,13161628.007741187,2974125.4115856644,1711863.1646776996,情景一阈值控制
253.76280135386727,1.9278492847669018e-05,12.8872,,,,45.27247064225558,151.90363476994975,2096.75783869108,,,,,,,1.0,5.0,106.82561583051039,2.3596153316802524,,,fixed_reference,,,,TDINN控制
253.76280135386727,1.9278492847669018e-05,12.8872,,,,75.57641977089962,1377549.706167043,,,,,,,,1.0,5.0,0.0,0.0,,,routine,,,,常规控制
253.76280135386727,1.9278492847669018e-05,12.8872,12.298686170265947,8887.730304681734,8875.431618511468,9771.005056144972,253.76280135386727,2119781.319813277,0.8470187044901103,0.6171496351038964,0.323,0.8470187044901103,2610.704971974733,3856.285039844509,1.0,10.0,21443.382092431224,2.416038229364171,0.0,0.0,ok,13161628.007741187,2974125.4115856644,1711863.1646776996,情景一阈值控制
253.76280135386727,1.9278492847669018e-05,12.8872,,,,45.27247064225558,151.90363476994975,2096.75783869108,,,,,,,1.0,10.0,202.61175978172065,4.475385524743389,,,fixed_reference,,,,TDINN控制
253.76280135386727,1.9278492847669018e-05,12.8872,,,,75.57641977089962,1377549.706167043,,,,,,,,1.0,10.0,0.0,0.0,,,routine,,,,常规控制
285.08965271781034,2.1658410143417938e-05,12.8872,12.413693119892995,7912.522517458854,7900.108824338961,8760.289021258443,285.08965271781034,2121465.4975529434,0.8470167357717729,0.6171493513803574,0.323,0.8470167357717729,2323.811886513543,3432.513864864908,1.0,1.0,1908.688914628768,0.24160286358947428,0.0,0.0,ok,13161458.632754065,2974125.4115856644,1711863.1646776996,情景一阈值控制
285.08965271781034,2.1658410143417938e-05,12.8872,,,,45.27247064225558,151.90363476994975,2096.75783869108,,,,,,,1.0,1.0,30.19670066954218,0.6669991772297433,,,fixed_reference,,,,TDINN控制
285.08965271781034,2.1658410143417938e-05,12.8872,,,,75.57641977089962,1377549.706167043,,,,,,,,1.0,1.0,0.0,0.0,,,routine,,,,常规控制
285.08965271781034,2.1658410143417938e-05,12.8872,12.413693119892995,7912.522517458854,7900.108824338961,8760.289021258443,285.08965271781034,2121465.4975529434,0.8470167357717729,0.6171493513803574,0.323,0.8470167357717729,2323.811886513543,3432.513864864908,1.0,2.0,3817.377829257536,0.48320572717894855,0.0,0.0,ok,13161458.632754065,2974125.4115856644,1711863.1646776996,情景一阈值控制
285.08965271781034,2.1658410143417938e-05,12.8872,,,,45.27247064225558,151.90363476994975,2096.75783869108,,,,,,,1.0,2.0,49.35392945978424,1.0901532158423708,,,fixed_reference,,,,TDINN控制
285.08965271781034,2.1658410143417938e-05,12.8872,,,,75.57641977089962,1377549.706167043,,,,,,,,1.0,2.0,0.0,0.0,,,routine,,,,常规控制
285.08965271781034,2.1658410143417938e-05,12.8872,12.413693119892995,7912.522517458854,7900.108824338961,8760.289021258443,285.08965271781034,2121465.4975529434,0.8470167357717729,0.6171493513803574,0.323,0.8470167357717729,2323.811886513543,3432.513864864908,1.0,5.0,9543.444573143839,1.2080143179473712,0.0,0.0,ok,13161458.632754065,2974125.4115856644,1711863.1646776996,情景一阈值控制
285.08965271781034,2.1658410143417938e-05,12.8872,,,,45.27247064225558,151.90363476994975,2096.75783869108,,,,,,,1.0,5.0,106.82561583051039,2.3596153316802524,,,fixed_reference,,,,TDINN控制
285.08965271781034,2.1658410143417938e-05,12.8872,,,,75.57641977089962,1377549.706167043,,,,,,,,1.0,5.0,0.0,0.0,,,routine,,,,常规控制
285.08965271781034,2.1658410143417938e-05,12.8872,12.413693119892995,7912.522517458854,7900.108824338961,8760.289021258443,285.08965271781034,2121465.4975529434,0.8470167357717729,0.6171493513803574,0.323,0.8470167357717729,2323.811886513543,3432.513864864908,1.0,10.0,19086.889146287678,2.4160286358947425,0.0,0.0,ok,13161458.632754065,2974125.4115856644,1711863.1646776996,情景一阈值控制
285.08965271781034,2.1658410143417938e-05,12.8872,,,,45.27247064225558,151.90363476994975,2096.75783869108,,,,,,,1.0,10.0,202.61175978172065,4.475385524743389,,,fixed_reference,,,,TDINN控制
285.08965271781034,2.1658410143417938e-05,12.8872,,,,75.57641977089962,1377549.706167043,,,,,,,,1.0,10.0,0.0,0.0,,,routine,,,,常规控制
320.28378333286037,2.4332126668150144e-05,12.8872,12.528800955116997,7044.487405138357,7031.95860418324,7857.970157795291,320.28378333286037,2123250.23964706,0.8470145239471846,0.6171495072080043,0.323,0.8470145239471846,2068.4471581275866,3055.313379804411,1.0,1.0,1698.9375721531198,0.24160232842418033,0.0,0.0,ok,13161268.347776858,2974125.4115856644,1711863.1646776996,情景一阈值控制
320.28378333286037,2.4332126668150144e-05,12.8872,,,,45.27247064225558,151.90363476994975,2096.75783869108,,,,,,,1.0,1.0,30.19670066954218,0.6669991772297433,,,fixed_reference,,,,TDINN控制
320.28378333286037,2.4332126668150144e-05,12.8872,,,,75.57641977089962,1377549.706167043,,,,,,,,1.0,1.0,0.0,0.0,,,routine,,,,常规控制
320.28378333286037,2.4332126668150144e-05,12.8872,12.528800955116997,7044.487405138357,7031.95860418324,7857.970157795291,320.28378333286037,2123250.23964706,0.8470145239471846,0.6171495072080043,0.323,0.8470145239471846,2068.4471581275866,3055.313379804411,1.0,2.0,3397.8751443062397,0.48320465684836067,0.0,0.0,ok,13161268.347776858,2974125.4115856644,1711863.1646776996,情景一阈值控制
320.28378333286037,2.4332126668150144e-05,12.8872,,,,45.27247064225558,151.90363476994975,2096.75783869108,,,,,,,1.0,2.0,49.35392945978424,1.0901532158423708,,,fixed_reference,,,,TDINN控制
320.28378333286037,2.4332126668150144e-05,12.8872,,,,75.57641977089962,1377549.706167043,,,,,,,,1.0,2.0,0.0,0.0,,,routine,,,,常规控制
320.28378333286037,2.4332126668150144e-05,12.8872,12.528800955116997,7044.487405138357,7031.95860418324,7857.970157795291,320.28378333286037,2123250.23964706,0.8470145239471846,0.6171495072080043,0.323,0.8470145239471846,2068.4471581275866,3055.313379804411,1.0,5.0,8494.6878607656,1.2080116421209017,0.0,0.0,ok,13161268.347776858,2974125.4115856644,1711863.1646776996,情景一阈值控制
320.28378333286037,2.4332126668150144e-05,12.8872,,,,45.27247064225558,151.90363476994975,2096.75783869108,,,,,,,1.0,5.0,106.82561583051039,2.3596153316802524,,,fixed_reference,,,,TDINN控制
320.28378333286037,2.4332126668150144e-05,12.8872,,,,75.57641977089962,1377549.706167043,,,,,,,,1.0,5.0,0.0,0.0,,,routine,,,,常规控制
320.28378333286037,2.4332126668150144e-05,12.8872,12.528800955116997,7044.487405138357,7031.95860418324,7857.970157795291,320.28378333286037,2123250.23964706,0.8470145239471846,0.6171495072080043,0.323,0.8470145239471846,2068.4471581275866,3055.313379804411,1.0,10.0,16989.3757215312,2.4160232842418035,0.0,0.0,ok,13161268.347776858,2974125.4115856644,1711863.1646776996,情景一阈值控制
320.28378333286037,2.4332126668150144e-05,12.8872,,,,45.27247064225558,151.90363476994975,2096.75783869108,,,,,,,1.0,10.0,202.61175978172065,4.475385524743389,,,fixed_reference,,,,TDINN控制
320.28378333286037,2.4332126668150144e-05,12.8872,,,,75.57641977089962,1377549.706167043,,,,,,,,1.0,10.0,0.0,0.0,,,routine,,,,常规控制
359.8226062857106,2.733591174395735e-05,12.8872,12.643884970601897,6271.848269220447,6259.204384249845,7052.247723934378,359.8226062857106,2125141.5945799327,0.8470120389868763,0.6171502106784719,0.323,0.8470120389868763,1841.146288306707,2719.5661570261555,1.0,1.0,1512.2383716107122,0.24160233134677409,0.0,0.0,ok,13161054.571285993,2974125.4115856644,1711863.1646776996,情景一阈值控制
359.8226062857106,2.733591174395735e-05,12.8872,,,,45.27247064225558,151.90363476994975,2096.75783869108,,,,,,,1.0,1.0,30.19670066954218,0.6669991772297433,,,fixed_reference,,,,TDINN控制
359.8226062857106,2.733591174395735e-05,12.8872,,,,75.57641977089962,1377549.706167043,,,,,,,,1.0,1.0,0.0,0.0,,,routine,,,,常规控制
359.8226062857106,2.733591174395735e-05,12.8872,12.643884970601897,6271.848269220447,6259.204384249845,7052.247723934378,359.8226062857106,2125141.5945799327,0.8470120389868763,0.6171502106784719,0.323,0.8470120389868763,1841.146288306707,2719.5661570261555,1.0,2.0,3024.4767432214244,0.48320466269354817,0.0,0.0,ok,13161054.571285993,2974125.4115856644,1711863.1646776996,情景一阈值控制
359.8226062857106,2.733591174395735e-05,12.8872,,,,45.27247064225558,151.90363476994975,2096.75783869108,,,,,,,1.0,2.0,49.35392945978424,1.0901532158423708,,,fixed_reference,,,,TDINN控制
359.8226062857106,2.733591174395735e-05,12.8872,,,,75.57641977089962,1377549.706167043,,,,,,,,1.0,2.0,0.0,0.0,,,routine,,,,常规控制
359.8226062857106,2.733591174395735e-05,12.8872,12.643884970601897,6271.848269220447,6259.204384249845,7052.247723934378,359.8226062857106,2125141.5945799327,0.8470120389868763,0.6171502106784719,0.323,0.8470120389868763,1841.146288306707,2719.5661570261555,1.0,5.0,7561.19185805356,1.2080116567338703,0.0,0.0,ok,13161054.571285993,2974125.4115856644,1711863.1646776996,情景一阈值控制
359.8226062857106,2.733591174395735e-05,12.8872,,,,45.27247064225558,151.90363476994975,2096.75783869108,,,,,,,1.0,5.0,106.82561583051039,2.3596153316802524,,,fixed_reference,,,,TDINN控制
359.8226062857106,2.733591174395735e-05,12.8872,,,,75.57641977089962,1377549.706167043,,,,,,,,1.0,5.0,0.0,0.0,,,routine,,,,常规控制
359.8226062857106,2.733591174395735e-05,12.8872,12.643884970601897,6271.848269220447,6259.204384249845,7052.247723934378,359.8226062857106,2125141.5945799327,0.8470120389868763,0.6171502106784719,0.323,0.8470120389868763,1841.146288306707,2719.5661570261555,1.0,10.0,15122.38371610712,2.4160233134677407,0.0,0.0,ok,13161054.571285993,2974125.4115856644,1711863.1646776996,情景一阈值控制
359.8226062857106,2.733591174395735e-05,12.8872,,,,45.27247064225558,151.90363476994975,2096.75783869108,,,,,,,1.0,10.0,202.61175978172065,4.475385524743389,,,fixed_reference,,,,TDINN控制
359.8226062857106,2.733591174395735e-05,12.8872,,,,75.57641977089962,1377549.706167043,,,,,,,,1.0,10.0,0.0,0.0,,,routine,,,,常规控制
404.24247099543345,3.071051211695156e-05,12.8872,12.75894527382143,5584.122595514088,5571.363650240267,6332.613901541815,404.24247099543345,2127145.972394083,0.8470092471494985,0.6171515945106628,0.323,0.8470092471494985,1638.825501316921,2420.7171363617736,1.0,1.0,1346.0582456599927,0.24160301322315292,0.0,0.0,ok,13160814.40301832,2974125.4115856644,1711863.1646776996,情景一阈值控制
404.24247099543345,3.071051211695156e-05,12.8872,,,,45.27247064225558,151.90363476994975,2096.75783869108,,,,,,,1.0,1.0,30.19670066954218,0.6669991772297433,,,fixed_reference,,,,TDINN控制
404.24247099543345,3.071051211695156e-05,12.8872,,,,75.57641977089962,1377549.706167043,,,,,,,,1.0,1.0,0.0,0.0,,,routine,,,,常规控制
404.24247099543345,3.071051211695156e-05,12.8872,12.75894527382143,5584.122595514088,5571.363650240267,6332.613901541815,404.24247099543345,2127145.972394083,0.8470092471494985,0.6171515945106628,0.323,0.8470092471494985,1638.825501316921,2420.7171363617736,1.0,2.0,2692.1164913199855,0.48320602644630584,0.0,0.0,ok,13160814.40301832,2974125.4115856644,1711863.1646776996,情景一阈值控制
404.24247099543345,3.071051211695156e-05,12.8872,,,,45.27247064225558,151.90363476994975,2096.75783869108,,,,,,,1.0,2.0,49.35392945978424,1.0901532158423708,,,fixed_reference,,,,TDINN控制
404.24247099543345,3.071051211695156e-05,12.8872,,,,75.57641977089962,1377549.706167043,,,,,,,,1.0,2.0,0.0,0.0,,,routine,,,,常规控制
404.24247099543345,3.071051211695156e-05,12.8872,12.75894527382143,5584.122595514088,5571.363650240267,6332.613901541815,404.24247099543345,2127145.972394083,0.8470092471494985,0.6171515945106628,0.323,0.8470092471494985,1638.825501316921,2420.7171363617736,1.0,5.0,6730.291228299965,1.208015066115765,0.0,0.0,ok,13160814.40301832,2974125.4115856644,1711863.1646776996,情景一阈值控制
404.24247099543345,3.071051211695156e-05,12.8872,,,,45.27247064225558,151.90363476994975,2096.75783869108,,,,,,,1.0,5.0,106.82561583051039,2.3596153316802524,,,fixed_reference,,,,TDINN控制
404.24247099543345,3.071051211695156e-05,12.8872,,,,75.57641977089962,1377549.706167043,,,,,,,,1.0,5.0,0.0,0.0,,,routine,,,,常规控制
404.24247099543345,3.071051211695156e-05,12.8872,12.75894527382143,5584.122595514088,5571.363650240267,6332.613901541815,404.24247099543345,2127145.972394083,0.8470092471494985,0.6171515945106628,0.323,0.8470092471494985,1638.825501316921,2420.7171363617736,1.0,10.0,13460.58245659993,2.41603013223153,0.0,0.0,ok,13160814.40301832,2974125.4115856644,1711863.1646776996,情景一阈值控制
404.24247099543345,3.071051211695156e-05,12.8872,,,,45.27247064225558,151.90363476994975,2096.75783869108,,,,,,,1.0,10.0,202.61175978172065,4.475385524743389,,,fixed_reference,,,,TDINN控制
404.24247099543345,3.071051211695156e-05,12.8872,,,,75.57641977089962,1377549.706167043,,,,,,,,1.0,10.0,0.0,0.0,,,routine,,,,常规控制
454.1459388650521,3.4501704692323335e-05,12.8872,12.874106641222117,4971.979857285338,4959.105750644116,5689.711828857622,454.1459388650521,2129270.166500647,0.8470061105223421,0.6171538224188223,0.323,0.8470061105223421,1458.7399123311302,2154.711835053368,1.0,1.0,1198.1425083807565,0.24160454901070322,0.0,0.0,ok,13160544.584609235,2974125.4115856644,1711863.1646776996,情景一阈值控制
454.1459388650521,3.4501704692323335e-05,12.8872,,,,45.27247064225558,151.90363476994975,2096.75783869108,,,,,,,1.0,1.0,30.19670066954218,0.6669991772297433,,,fixed_reference,,,,TDINN控制
454.1459388650521,3.4501704692323335e-05,12.8872,,,,75.57641977089962,1377549.706167043,,,,,,,,1.0,1.0,0.0,0.0,,,routine,,,,常规控制
454.1459388650521,3.4501704692323335e-05,12.8872,12.874106641222117,4971.979857285338,4959.105750644116,5689.711828857622,454.1459388650521,2129270.166500647,0.8470061105223421,0.6171538224188223,0.323,0.8470061105223421,1458.7399123311302,2154.711835053368,1.0,2.0,2396.285016761513,0.48320909802140644,0.0,0.0,ok,13160544.584609235,2974125.4115856644,1711863.1646776996,情景一阈值控制
454.1459388650521,3.4501704692323335e-05,12.8872,,,,45.27247064225558,151.90363476994975,2096.75783869108,,,,,,,1.0,2.0,49.35392945978424,1.0901532158423708,,,fixed_reference,,,,TDINN控制
454.1459388650521,3.4501704692323335e-05,12.8872,,,,75.57641977089962,1377549.706167043,,,,,,,,1.0,2.0,0.0,0.0,,,routine,,,,常规控制
454.1459388650521,3.4501704692323335e-05,12.8872,12.874106641222117,4971.979857285338,4959.105750644116,5689.711828857622,454.1459388650521,2129270.166500647,0.8470061105223421,0.6171538224188223,0.323,0.8470061105223421,1458.7399123311302,2154.711835053368,1.0,5.0,5990.712541903782,1.2080227450535161,0.0,0.0,ok,13160544.584609235,2974125.4115856644,1711863.1646776996,情景一阈值控制
454.1459388650521,3.4501704692323335e-05,12.8872,,,,45.27247064225558,151.90363476994975,2096.75783869108,,,,,,,1.0,5.0,106.82561583051039,2.3596153316802524,,,fixed_reference,,,,TDINN控制
454.1459388650521,3.4501704692323335e-05,12.8872,,,,75.57641977089962,1377549.706167043,,,,,,,,1.0,5.0,0.0,0.0,,,routine,,,,常规控制
454.1459388650521,3.4501704692323335e-05,12.8872,12.874106641222117,4971.979857285338,4959.105750644116,5689.711828857622,454.1459388650521,2129270.166500647,0.8470061105223421,0.6171538224188223,0.323,0.8470061105223421,1458.7399123311302,2154.711835053368,1.0,10.0,11981.425083807564,2.4160454901070323,0.0,0.0,ok,13160544.584609235,2974125.4115856644,1711863.1646776996,情景一阈值控制
454.1459388650521,3.4501704692323335e-05,12.8872,,,,45.27247064225558,151.90363476994975,2096.75783869108,,,,,,,1.0,10.0,202.61175978172065,4.475385524743389,,,fixed_reference,,,,TDINN控制
454.1459388650521,3.4501704692323335e-05,12.8872,,,,75.57641977089962,1377549.706167043,,,,,,,,1.0,10.0,0.0,0.0,,,routine,,,,常规控制
510.20995710752294,3.876091750418012e-05,12.8872,12.989128973069912,4427.1144541771255,4414.125325204055,5115.208748491791,510.20995710752294,2131521.3768335823,0.847002586504809,0.6171570681237544,0.323,0.847002586504809,1298.4461639928381,1917.941158039643,1.0,1.0,1066.4841230065033,0.24160712359411818,0.0,0.0,ok,13160241.455368014,2974125.4115856644,1711863.1646776996,情景一阈值控制
510.20995710752294,3.876091750418012e-05,12.8872,,,,45.27247064225558,151.90363476994975,2096.75783869108,,,,,,,1.0,1.0,30.19670066954218,0.6669991772297433,,,fixed_reference,,,,TDINN控制
510.20995710752294,3.876091750418012e-05,12.8872,,,,75.57641977089962,1377549.706167043,,,,,,,,1.0,1.0,0.0,0.0,,,routine,,,,常规控制
510.20995710752294,3.876091750418012e-05,12.8872,12.989128973069912,4427.1144541771255,4414.125325204055,5115.208748491791,510.20995710752294,2131521.3768335823,0.847002586504809,0.6171570681237544,0.323,0.847002586504809,1298.4461639928381,1917.941158039643,1.0,2.0,2132.9682460130066,0.48321424718823636,0.0,0.0,ok,13160241.455368014,2974125.4115856644,1711863.1646776996,情景一阈值控制
510.20995710752294,3.876091750418012e-05,12.8872,,,,45.27247064225558,151.90363476994975,2096.75783869108,,,,,,,1.0,2.0,49.35392945978424,1.0901532158423708,,,fixed_reference,,,,TDINN控制
510.20995710752294,3.876091750418012e-05,12.8872,,,,75.57641977089962,1377549.706167043,,,,,,,,1.0,2.0,0.0,0.0,,,routine,,,,常规控制
510.20995710752294,3.876091750418012e-05,12.8872,12.989128973069912,4427.1144541771255,4414.125325204055,5115.208748491791,510.20995710752294,2131521.3768335823,0.847002586504809,0.6171570681237544,0.323,0.847002586504809,1298.4461639928381,1917.941158039643,1.0,5.0,5332.420615032517,1.2080356179705911,0.0,0.0,ok,13160241.455368014,2974125.4115856644,1711863.1646776996,情景一阈值控制
510.20995710752294,3.876091750418012e-05,12.8872,,,,45.27247064225558,151.90363476994975,2096.75783869108,,,,,,,1.0,5.0,106.82561583051039,2.3596153316802524,,,fixed_reference,,,,TDINN控制
510.20995710752294,3.876091750418012e-05,12.8872,,,,75.57641977089962,1377549.706167043,,,,,,,,1.0,5.0,0.0,0.0,,,routine,,,,常规控制
510.20995710752294,3.876091750418012e-05,12.8872,12.989128973069912,4427.1144541771255,4414.125325204055,5115.208748491791,510.20995710752294,2131521.3768335823,0.847002586504809,0.6171570681237544,0.323,0.847002586504809,1298.4461639928381,1917.941158039643,1.0,10.0,10664.841230065034,2.4160712359411822,0.0,0.0,ok,13160241.455368014,2974125.4115856644,1711863.1646776996,情景一阈值控制
510.20995710752294,3.876091750418012e-05,12.8872,,,,45.27247064225558,151.90363476994975,2096.75783869108,,,,,,,1.0,10.0,202.61175978172065,4.475385524743389,,,fixed_reference,,,,TDINN控制
510.20995710752294,3.876091750418012e-05,12.8872,,,,75.57641977089962,1377549.706167043,,,,,,,,1.0,10.0,0.0,0.0,,,routine,,,,常规控制
520.0,3.950467218719137e-05,12.8872,13.007922650204316,4344.0194038362015,4331.011481185998,5027.379064332684,520.0,2131901.535196446,0.847001971112734,0.6170972164388753,0.323,0.847001971112734,1273.7384209816125,1881.4452304012002,1.0,1.0,1046.1060057614961,0.2415384974862805,0.0,0.0,ok,13160188.521952104,2974125.4115856644,1711863.1646776996,情景一阈值控制
520.0,3.950467218719137e-05,12.8872,,,,45.27247064225558,151.90363476994975,2096.75783869108,,,,,,,1.0,1.0,30.19670066954218,0.6669991772297433,,,fixed_reference,,,,TDINN控制
520.0,3.950467218719137e-05,12.8872,,,,75.57641977089962,1377549.706167043,,,,,,,,1.0,1.0,0.0,0.0,,,routine,,,,常规控制
520.0,3.950467218719137e-05,12.8872,13.007922650204316,4344.0194038362015,4331.011481185998,5027.379064332684,520.0,2131901.535196446,0.847001971112734,0.6170972164388753,0.323,0.847001971112734,1273.7384209816125,1881.4452304012002,1.0,2.0,2092.2120115229923,0.483076994972561,0.0,0.0,ok,13160188.521952104,2974125.4115856644,1711863.1646776996,情景一阈值控制
520.0,3.950467218719137e-05,12.8872,,,,45.27247064225558,151.90363476994975,2096.75783869108,,,,,,,1.0,2.0,49.35392945978424,1.0901532158423708,,,fixed_reference,,,,TDINN控制
520.0,3.950467218719137e-05,12.8872,,,,75.57641977089962,1377549.706167043,,,,,,,,1.0,2.0,0.0,0.0,,,routine,,,,常规控制
520.0,3.950467218719137e-05,12.8872,13.007922650204316,4344.0194038362015,4331.011481185998,5027.379064332684,520.0,2131901.535196446,0.847001971112734,0.6170972164388753,0.323,0.847001971112734,1273.7384209816125,1881.4452304012002,1.0,5.0,5230.530028807481,1.2076924874314028,0.0,0.0,ok,13160188.521952104,2974125.4115856644,1711863.1646776996,情景一阈值控制
520.0,3.950467218719137e-05,12.8872,,,,45.27247064225558,151.90363476994975,2096.75783869108,,,,,,,1.0,5.0,106.82561583051039,2.3596153316802524,,,fixed_reference,,,,TDINN控制
520.0,3.950467218719137e-05,12.8872,,,,75.57641977089962,1377549.706167043,,,,,,,,1.0,5.0,0.0,0.0,,,routine,,,,常规控制
520.0,3.950467218719137e-05,12.8872,13.007922650204316,4344.0194038362015,4331.011481185998,5027.379064332684,520.0,2131901.535196446,0.847001971112734,0.6170972164388753,0.323,0.847001971112734,1273.7384209816125,1881.4452304012002,1.0,10.0,10461.060057614963,2.4153849748628056,0.0,0.0,ok,13160188.521952104,2974125.4115856644,1711863.1646776996,情景一阈值控制
520.0,3.950467218719137e-05,12.8872,,,,45.27247064225558,151.90363476994975,2096.75783869108,,,,,,,1.0,10.0,202.61175978172065,4.475385524743389,,,fixed_reference,,,,TDINN控制
520.0,3.950467218719137e-05,12.8872,,,,75.57641977089962,1377549.706167043,,,,,,,,1.0,10.0,0.0,0.0,,,routine,,,,常规控制
573.1950416251822,4.354592734370449e-05,12.8872,13.104244930119219,3942.13388652367,3929.0296415935504,4601.684365599508,573.1950416251822,2133907.2343431283,0.846998627227705,0.6170948805064537,0.323,0.846998627227705,1155.5075029507698,1706.8057650676067,1.0,1.0,948.9971893759678,0.24153474927490493,0.0,0.0,ok,13159900.902589098,2974125.4115856644,1711863.1646776996,情景一阈值控制
573.1950416251822,4.354592734370449e-05,12.8872,,,,45.27247064225558,151.90363476994975,2096.75783869108,,,,,,,1.0,1.0,30.19670066954218,0.6669991772297433,,,fixed_reference,,,,TDINN控制
573.1950416251822,4.354592734370449e-05,12.8872,,,,75.57641977089962,1377549.706167043,,,,,,,,1.0,1.0,0.0,0.0,,,routine,,,,常规控制
573.1950416251822,4.354592734370449e-05,12.8872,13.104244930119219,3942.13388652367,3929.0296415935504,4601.684365599508,573.1950416251822,2133907.2343431283,0.846998627227705,0.6170948805064537,0.323,0.846998627227705,1155.5075029507698,1706.8057650676067,1.0,2.0,1897.9943787519355,0.48306949854980985,0.0,0.0,ok,13159900.902589098,2974125.4115856644,1711863.1646776996,情景一阈值控制
573.1950416251822,4.354592734370449e-05,12.8872,,,,45.27247064225558,151.90363476994975,2096.75783869108,,,,,,,1.0,2.0,49.35392945978424,1.0901532158423708,,,fixed_reference,,,,TDINN控制
573.1950416251822,4.354592734370449e-05,12.8872,,,,75.57641977089962,1377549.706167043,,,,,,,,1.0,2.0,0.0,0.0,,,routine,,,,常规控制
573.1950416251822,4.354592734370449e-05,12.8872,13.104244930119219,3942.13388652367,3929.0296415935504,4601.684365599508,573.1950416251822,2133907.2343431283,0.846998627227705,0.6170948805064537,0.323,0.846998627227705,1155.5075029507698,1706.8057650676067,1.0,5.0,4744.9859468798395,1.2076737463745248,0.0,0.0,ok,13159900.902589098,2974125.4115856644,1711863.1646776996,情景一阈值控制
573.1950416251822,4.354592734370449e-05,12.8872,,,,45.27247064225558,151.90363476994975,2096.75783869108,,,,,,,1.0,5.0,106.82561583051039,2.3596153316802524,,,fixed_reference,,,,TDINN控制
573.1950416251822,4.354592734370449e-05,12.8872,,,,75.57641977089962,1377549.706167043,,,,,,,,1.0,5.0,0.0,0.0,,,routine,,,,常规控制
573.1950416251822,4.354592734370449e-05,12.8872,13.104244930119219,3942.13388652367,3929.0296415935504,4601.684365599508,573.1950416251822,2133907.2343431283,0.846998627227705,0.6170948805064537,0.323,0.846998627227705,1155.5075029507698,1706.8057650676067,1.0,10.0,9489.971893759679,2.4153474927490497,0.0,0.0,ok,13159900.902589098,2974125.4115856644,1711863.1646776996,情景一阈值控制
573.1950416251822,4.354592734370449e-05,12.8872,,,,45.27247064225558,151.90363476994975,2096.75783869108,,,,,,,1.0,10.0,202.61175978172065,4.475385524743389,,,fixed_reference,,,,TDINN控制
573.1950416251822,4.354592734370449e-05,12.8872,,,,75.57641977089962,1377549.706167043,,,,,,,,1.0,10.0,0.0,0.0,,,routine,,,,常规控制
643.9555935096224,4.892164350904979e-05,12.8872,13.21935550228423,3510.4576675169114,3497.2383120146274,4142.52992687848,643.9555935096224,2136435.827058836,0.8469941789003215,0.617092645440043,0.323,0.8469941789003215,1028.5120669146525,1519.2201874662517,1.0,1.0,844.6906297344076,0.24153076066692553,0.0,0.0,ok,13159518.305723635,2974125.4115856644,1711863.1646776996,情景一阈值控制
643.9555935096224,4.892164350904979e-05,12.8872,,,,45.27247064225558,151.90363476994975,2096.75783869108,,,,,,,1.0,1.0,30.19670066954218,0.6669991772297433,,,fixed_reference,,,,TDINN控制
643.9555935096224,4.892164350904979e-05,12.8872,,,,75.57641977089962,1377549.706167043,,,,,,,,1.0,1.0,0.0,0.0,,,routine,,,,常规控制
643.9555935096224,4.892164350904979e-05,12.8872,13.21935550228423,3510.4576675169114,3497.2383120146274,4142.52992687848,643.9555935096224,2136435.827058836,0.8469941789003215,0.617092645440043,0.323,0.8469941789003215,1028.5120669146525,1519.2201874662517,1.0,2.0,1689.3812594688152,0.48306152133385105,0.0,0.0,ok,13159518.305723635,2974125.4115856644,1711863.1646776996,情景一阈值控制
643.9555935096224,4.892164350904979e-05,12.8872,,,,45.27247064225558,151.90363476994975,2096.75783869108,,,,,,,1.0,2.0,49.35392945978424,1.0901532158423708,,,fixed_reference,,,,TDINN控制
643.9555935096224,4.892164350904979e-05,12.8872,,,,75.57641977089962,1377549.706167043,,,,,,,,1.0,2.0,0.0,0.0,,,routine,,,,常规控制
643.9555935096224,4.892164350904979e-05,12.8872,13.21935550228423,3510.4576675169114,3497.2383120146274,4142.52992687848,643.9555935096224,2136435.827058836,0.8469941789003215,0.617092645440043,0.323,0.8469941789003215,1028.5120669146525,1519.2201874662517,1.0,5.0,4223.453148672038,1.2076538033346276,0.0,0.0,ok,13159518.305723635,2974125.4115856644,1711863.1646776996,情景一阈值控制
643.9555935096224,4.892164350904979e-05,12.8872,,,,45.27247064225558,151.90363476994975,2096.75783869108,,,,,,,1.0,5.0,106.82561583051039,2.3596153316802524,,,fixed_reference,,,,TDINN控制
643.9555935096224,4.892164350904979e-05,12.8872,,,,75.57641977089962,1377549.706167043,,,,,,,,1.0,5.0,0.0,0.0,,,routine,,,,常规控制
643.9555935096224,4.892164350904979e-05,12.8872,13.21935550228423,3510.4576675169114,3497.2383120146274,4142.52992687848,643.9555935096224,2136435.827058836,0.8469941789003215,0.617092645440043,0.323,0.8469941789003215,1028.5120669146525,1519.2201874662517,1.0,10.0,8446.906297344076,2.415307606669255,0.0,0.0,ok,13159518.305723635,2974125.4115856644,1711863.1646776996,情景一阈值控制
643.9555935096224,4.892164350904979e-05,12.8872,,,,45.27247064225558,151.90363476994975,2096.75783869108,,,,,,,1.0,10.0,202.61175978172065,4.475385524743389,,,fixed_reference,,,,TDINN控制
643.9555935096224,4.892164350904979e-05,12.8872,,,,75.57641977089962,1377549.706167043,,,,,,,,1.0,10.0,0.0,0.0,,,routine,,,,常规控制
723.4514891067264,5.4960988308647454e-05,12.8872,13.334427444350768,3126.22845680199,3112.8940293576393,3731.859502647551,723.4514891067264,2139115.7276796536,0.8469891810762535,0.617091195518911,0.323,0.8469891810762535,915.4747266174681,1352.2521811188599,1.0,1.0,751.8494905335857,0.2415274928869755,0.0,0.0,ok,13159088.473651795,2974125.4115856644,1711863.1646776996,情景一阈值控制
723.4514891067264,5.4960988308647454e-05,12.8872,,,,45.27247064225558,151.90363476994975,2096.75783869108,,,,,,,1.0,1.0,30.19670066954218,0.6669991772297433,,,fixed_reference,,,,TDINN控制
723.4514891067264,5.4960988308647454e-05,12.8872,,,,75.57641977089962,1377549.706167043,,,,,,,,1.0,1.0,0.0,0.0,,,routine,,,,常规控制
723.4514891067264,5.4960988308647454e-05,12.8872,13.334427444350768,3126.22845680199,3112.8940293576393,3731.859502647551,723.4514891067264,2139115.7276796536,0.8469891810762535,0.617091195518911,0.323,0.8469891810762535,915.4747266174681,1352.2521811188599,1.0,2.0,1503.6989810671714,0.483054985773951,0.0,0.0,ok,13159088.473651795,2974125.4115856644,1711863.1646776996,情景一阈值控制
723.4514891067264,5.4960988308647454e-05,12.8872,,,,45.27247064225558,151.90363476994975,2096.75783869108,,,,,,,1.0,2.0,49.35392945978424,1.0901532158423708,,,fixed_reference,,,,TDINN控制
723.4514891067264,5.4960988308647454e-05,12.8872,,,,75.57641977089962,1377549.706167043,,,,,,,,1.0,2.0,0.0,0.0,,,routine,,,,常规控制
723.4514891067264,5.4960988308647454e-05,12.8872,13.334427444350768,3126.22845680199,3112.8940293576393,3731.859502647551,723.4514891067264,2139115.7276796536,0.8469891810762535,0.617091195518911,0.323,0.8469891810762535,915.4747266174681,1352.2521811188599,1.0,5.0,3759.2474526679284,1.2076374644348775,0.0,0.0,ok,13159088.473651795,2974125.4115856644,1711863.1646776996,情景一阈值控制
723.4514891067264,5.4960988308647454e-05,12.8872,,,,45.27247064225558,151.90363476994975,2096.75783869108,,,,,,,1.0,5.0,106.82561583051039,2.3596153316802524,,,fixed_reference,,,,TDINN控制
723.4514891067264,5.4960988308647454e-05,12.8872,,,,75.57641977089962,1377549.706167043,,,,,,,,1.0,5.0,0.0,0.0,,,routine,,,,常规控制
723.4514891067264,5.4960988308647454e-05,12.8872,13.334427444350768,3126.22845680199,3112.8940293576393,3731.859502647551,723.4514891067264,2139115.7276796536,0.8469891810762535,0.617091195518911,0.323,0.8469891810762535,915.4747266174681,1352.2521811188599,1.0,10.0,7518.494905335857,2.415274928869755,0.0,0.0,ok,13159088.473651795,2974125.4115856644,1711863.1646776996,情景一阈值控制
723.4514891067264,5.4960988308647454e-05,12.8872,,,,45.27247064225558,151.90363476994975,2096.75783869108,,,,,,,1.0,10.0,202.61175978172065,4.475385524743389,,,fixed_reference,,,,TDINN控制
723.4514891067264,5.4960988308647454e-05,12.8872,,,,75.57641977089962,1377549.706167043,,,,,,,,1.0,10.0,0.0,0.0,,,routine,,,,常规控制
812.7611008676171,6.174588626206921e-05,12.8872,13.449602420592466,2784.2327144678925,2770.7831120473,3364.4307695816187,812.7611008676171,2141956.022840252,0.846983565827752,0.6170907716416802,0.323,0.846983565827752,814.8617434737266,1203.6362532846774,1.0,1.0,669.2139439471487,0.24152519951396487,0.0,0.0,ok,13158605.574202262,2974125.4115856644,1711863.1646776996,情景一阈值控制
812.7611008676171,6.174588626206921e-05,12.8872,,,,45.27247064225558,151.90363476994975,2096.75783869108,,,,,,,1.0,1.0,30.19670066954218,0.6669991772297433,,,fixed_reference,,,,TDINN控制
812.7611008676171,6.174588626206921e-05,12.8872,,,,75.57641977089962,1377549.706167043,,,,,,,,1.0,1.0,0.0,0.0,,,routine,,,,常规控制
812.7611008676171,6.174588626206921e-05,12.8872,13.449602420592466,2784.2327144678925,2770.7831120473,3364.4307695816187,812.7611008676171,2141956.022840252,0.846983565827752,0.6170907716416802,0.323,0.846983565827752,814.8617434737266,1203.6362532846774,1.0,2.0,1338.4278878942973,0.48305039902792973,0.0,0.0,ok,13158605.574202262,2974125.4115856644,1711863.1646776996,情景一阈值控制
812.7611008676171,6.174588626206921e-05,12.8872,,,,45.27247064225558,151.90363476994975,2096.75783869108,,,,,,,1.0,2.0,49.35392945978424,1.0901532158423708,,,fixed_reference,,,,TDINN控制
812.7611008676171,6.174588626206921e-05,12.8872,,,,75.57641977089962,1377549.706167043,,,,,,,,1.0,2.0,0.0,0.0,,,routine,,,,常规控制
812.7611008676171,6.174588626206921e-05,12.8872,13.449602420592466,2784.2327144678925,2770.7831120473,3364.4307695816187,812.7611008676171,2141956.022840252,0.846983565827752,0.6170907716416802,0.323,0.846983565827752,814.8617434737266,1203.6362532846774,1.0,5.0,3346.069719735743,1.2076259975698242,0.0,0.0,ok,13158605.574202262,2974125.4115856644,1711863.1646776996,情景一阈值控制
812.7611008676171,6.174588626206921e-05,12.8872,,,,45.27247064225558,151.90363476994975,2096.75783869108,,,,,,,1.0,5.0,106.82561583051039,2.3596153316802524,,,fixed_reference,,,,TDINN控制
812.7611008676171,6.174588626206921e-05,12.8872,,,,75.57641977089962,1377549.706167043,,,,,,,,1.0,5.0,0.0,0.0,,,routine,,,,常规控制
812.7611008676171,6.174588626206921e-05,12.8872,13.449602420592466,2784.2327144678925,2770.7831120473,3364.4307695816187,812.7611008676171,2141956.022840252,0.846983565827752,0.6170907716416802,0.323,0.846983565827752,814.8617434737266,1203.6362532846774,1.0,10.0,6692.139439471486,2.4152519951396485,0.0,0.0,ok,13158605.574202262,2974125.4115856644,1711863.1646776996,情景一阈值控制
812.7611008676171,6.174588626206921e-05,12.8872,,,,45.27247064225558,151.90363476994975,2096.75783869108,,,,,,,1.0,10.0,202.61175978172065,4.475385524743389,,,fixed_reference,,,,TDINN控制
812.7611008676171,6.174588626206921e-05,12.8872,,,,75.57641977089962,1377549.706167043,,,,,,,,1.0,10.0,0.0,0.0,,,routine,,,,常规控制
913.0959256151148,6.93683754170869e-05,12.8872,13.564658941080461,2479.8294386962107,2466.2647797551303,3035.5738736604535,913.0959256151148,2144966.3442714904,0.8469772568170978,0.6170916269006675,0.323,0.8469772568170978,725.3078214460025,1071.3557185317616,1.0,1.0,595.6624931724511,0.241524145364308,0.0,0.0,ok,13158063.054959461,2974125.4115856644,1711863.1646776996,情景一阈值控制
913.0959256151148,6.93683754170869e-05,12.8872,,,,45.27247064225558,151.90363476994975,2096.75783869108,,,,,,,1.0,1.0,30.19670066954218,0.6669991772297433,,,fixed_reference,,,,TDINN控制
913.0959256151148,6.93683754170869e-05,12.8872,,,,75.57641977089962,1377549.706167043,,,,,,,,1.0,1.0,0.0,0.0,,,routine,,,,常规控制
913.0959256151148,6.93683754170869e-05,12.8872,13.564658941080461,2479.8294386962107,2466.2647797551303,3035.5738736604535,913.0959256151148,2144966.3442714904,0.8469772568170978,0.6170916269006675,0.323,0.8469772568170978,725.3078214460025,1071.3557185317616,1.0,2.0,1191.3249863449023,0.483048290728616,0.0,0.0,ok,13158063.054959461,2974125.4115856644,1711863.1646776996,情景一阈值控制
913.0959256151148,6.93683754170869e-05,12.8872,,,,45.27247064225558,151.90363476994975,2096.75783869108,,,,,,,1.0,2.0,49.35392945978424,1.0901532158423708,,,fixed_reference,,,,TDINN控制
913.0959256151148,6.93683754170869e-05,12.8872,,,,75.57641977089962,1377549.706167043,,,,,,,,1.0,2.0,0.0,0.0,,,routine,,,,常规控制
913.0959256151148,6.93683754170869e-05,12.8872,13.564658941080461,2479.8294386962107,2466.2647797551303,3035.5738736604535,913.0959256151148,2144966.3442714904,0.8469772568170978,0.6170916269006675,0.323,0.8469772568170978,725.3078214460025,1071.3557185317616,1.0,5.0,2978.3124658622555,1.20762072682154,0.0,0.0,ok,13158063.054959461,2974125.4115856644,1711863.1646776996,情景一阈值控制
913.0959256151148,6.93683754170869e-05,12.8872,,,,45.27247064225558,151.90363476994975,2096.75783869108,,,,,,,1.0,5.0,106.82561583051039,2.3596153316802524,,,fixed_reference,,,,TDINN控制
913.0959256151148,6.93683754170869e-05,12.8872,,,,75.57641977089962,1377549.706167043,,,,,,,,1.0,5.0,0.0,0.0,,,routine,,,,常规控制
913.0959256151148,6.93683754170869e-05,12.8872,13.564658941080461,2479.8294386962107,2466.2647797551303,3035.5738736604535,913.0959256151148,2144966.3442714904,0.8469772568170978,0.6170916269006675,0.323,0.8469772568170978,725.3078214460025,1071.3557185317616,1.0,10.0,5956.624931724511,2.41524145364308,0.0,0.0,ok,13158063.054959461,2974125.4115856644,1711863.1646776996,情景一阈值控制
913.0959256151148,6.93683754170869e-05,12.8872,,,,45.27247064225558,151.90363476994975,2096.75783869108,,,,,,,1.0,10.0,202.61175978172065,4.475385524743389,,,fixed_reference,,,,TDINN控制
913.0959256151148,6.93683754170869e-05,12.8872,,,,75.57641977089962,1377549.706167043,,,,,,,,1.0,10.0,0.0,0.0,,,routine,,,,常规控制
1025.8170186601064,7.793185585809515e-05,12.8872,13.679793533721307,2208.8879941275663,2195.208200593845,2741.129351098942,1025.8170186601064,2148156.9016798595,0.8469701682520064,0.6170941054675142,0.323,0.8469701682520064,645.5977920685983,953.615645596157,1.0,1.0,530.1969940491855,0.2415246963389428,0.0,0.0,ok,13157453.554279916,2974125.4115856644,1711863.1646776996,情景一阈值控制
1025.8170186601064,7.793185585809515e-05,12.8872,,,,45.27247064225558,151.90363476994975,2096.75783869108,,,,,,,1.0,1.0,30.19670066954218,0.6669991772297433,,,fixed_reference,,,,TDINN控制
1025.8170186601064,7.793185585809515e-05,12.8872,,,,75.57641977089962,1377549.706167043,,,,,,,,1.0,1.0,0.0,0.0,,,routine,,,,常规控制
1025.8170186601064,7.793185585809515e-05,12.8872,13.679793533721307,2208.8879941275663,2195.208200593845,2741.129351098942,1025.8170186601064,2148156.9016798595,0.8469701682520064,0.6170941054675142,0.323,0.8469701682520064,645.5977920685983,953.615645596157,1.0,2.0,1060.393988098371,0.4830493926778856,0.0,0.0,ok,13157453.554279916,2974125.4115856644,1711863.1646776996,情景一阈值控制
1025.8170186601064,7.793185585809515e-05,12.8872,,,,45.27247064225558,151.90363476994975,2096.75783869108,,,,,,,1.0,2.0,49.35392945978424,1.0901532158423708,,,fixed_reference,,,,TDINN控制
1025.8170186601064,7.793185585809515e-05,12.8872,,,,75.57641977089962,1377549.706167043,,,,,,,,1.0,2.0,0.0,0.0,,,routine,,,,常规控制
1025.8170186601064,7.793185585809515e-05,12.8872,13.679793533721307,2208.8879941275663,2195.208200593845,2741.129351098942,1025.8170186601064,2148156.9016798595,0.8469701682520064,0.6170941054675142,0.323,0.8469701682520064,645.5977920685983,953.615645596157,1.0,5.0,2650.9849702459273,1.207623481694714,0.0,0.0,ok,13157453.554279916,2974125.4115856644,1711863.1646776996,情景一阈值控制
1025.8170186601064,7.793185585809515e-05,12.8872,,,,45.27247064225558,151.90363476994975,2096.75783869108,,,,,,,1.0,5.0,106.82561583051039,2.3596153316802524,,,fixed_reference,,,,TDINN控制
1025.8170186601064,7.793185585809515e-05,12.8872,,,,75.57641977089962,1377549.706167043,,,,,,,,1.0,5.0,0.0,0.0,,,routine,,,,常规控制
1025.8170186601064,7.793185585809515e-05,12.8872,13.679793533721307,2208.8879941275663,2195.208200593845,2741.129351098942,1025.8170186601064,2148156.9016798595,0.8469701682520064,0.6170941054675142,0.323,0.8469701682520064,645.5977920685983,953.615645596157,1.0,10.0,5301.969940491855,2.415246963389428,0.0,0.0,ok,13157453.554279916,2974125.4115856644,1711863.1646776996,情景一阈值控制
1025.8170186601064,7.793185585809515e-05,12.8872,,,,45.27247064225558,151.90363476994975,2096.75783869108,,,,,,,1.0,10.0,202.61175978172065,4.475385524743389,,,fixed_reference,,,,TDINN控制
1025.8170186601064,7.793185585809515e-05,12.8872,,,,75.57641977089962,1377549.706167043,,,,,,,,1.0,10.0,0.0,0.0,,,routine,,,,常规控制
1152.4534566987763,8.755249234207827e-05,12.8872,13.794945311484753,1967.7314011420806,1953.9364558305958,2477.3915225037044,1152.4534566987763,2151538.517873445,0.846962203710402,0.6170985880837794,0.323,0.846962203710402,574.6499528652024,848.8182464774037,1.0,1.0,471.92891197533885,0.2415272567166097,0.0,0.0,ok,13156768.801305274,2974125.4115856644,1711863.1646776996,情景一阈值控制
1152.4534566987763,8.755249234207827e-05,12.8872,,,,45.27247064225558,151.90363476994975,2096.75783869108,,,,,,,1.0,1.0,30.19670066954218,0.6669991772297433,,,fixed_reference,,,,TDINN控制
1152.4534566987763,8.755249234207827e-05,12.8872,,,,75.57641977089962,1377549.706167043,,,,,,,,1.0,1.0,0.0,0.0,,,routine,,,,常规控制
1152.4534566987763,8.755249234207827e-05,12.8872,13.794945311484753,1967.7314011420806,1953.9364558305958,2477.3915225037044,1152.4534566987763,2151538.517873445,0.846962203710402,0.6170985880837794,0.323,0.846962203710402,574.6499528652024,848.8182464774037,1.0,2.0,943.8578239506777,0.4830545134332194,0.0,0.0,ok,13156768.801305274,2974125.4115856644,1711863.1646776996,情景一阈值控制
1152.4534566987763,8.755249234207827e-05,12.8872,,,,45.27247064225558,151.90363476994975,2096.75783869108,,,,,,,1.0,2.0,49.35392945978424,1.0901532158423708,,,fixed_reference,,,,TDINN控制
1152.4534566987763,8.755249234207827e-05,12.8872,,,,75.57641977089962,1377549.706167043,,,,,,,,1.0,2.0,0.0,0.0,,,routine,,,,常规控制
1152.4534566987763,8.755249234207827e-05,12.8872,13.794945311484753,1967.7314011420806,1953.9364558305958,2477.3915225037044,1152.4534566987763,2151538.517873445,0.846962203710402,0.6170985880837794,0.323,0.846962203710402,574.6499528652024,848.8182464774037,1.0,5.0,2359.644559876694,1.2076362835830485,0.0,0.0,ok,13156768.801305274,2974125.4115856644,1711863.1646776996,情景一阈值控制
1152.4534566987763,8.755249234207827e-05,12.8872,,,,45.27247064225558,151.90363476994975,2096.75783869108,,,,,,,1.0,5.0,106.82561583051039,2.3596153316802524,,,fixed_reference,,,,TDINN控制
1152.4534566987763,8.755249234207827e-05,12.8872,,,,75.57641977089962,1377549.706167043,,,,,,,,1.0,5.0,0.0,0.0,,,routine,,,,常规控制
1152.4534566987763,8.755249234207827e-05,12.8872,13.794945311484753,1967.7314011420806,1953.9364558305958,2477.3915225037044,1152.4534566987763,2151538.517873445,0.846962203710402,0.6170985880837794,0.323,0.846962203710402,574.6499528652024,848.8182464774037,1.0,10.0,4719.289119753388,2.415272567166097,0.0,0.0,ok,13156768.801305274,2974125.4115856644,1711863.1646776996,情景一阈值控制
1152.4534566987763,8.755249234207827e-05,12.8872,,,,45.27247064225558,151.90363476994975,2096.75783869108,,,,,,,1.0,10.0,202.61175978172065,4.475385524743389,,,fixed_reference,,,,TDINN控制
1152.4534566987763,8.755249234207827e-05,12.8872,,,,75.57641977089962,1377549.706167043,,,,,,,,1.0,10.0,0.0,0.0,,,routine,,,,常规控制
1294.7230799424149,9.836079008906897e-05,12.8872,13.910042355997163,1753.0867043487483,1739.1766619927512,2241.0589328010756,1294.7230799424149,2155122.6659471225,0.8469532548179878,0.6171055212278601,0.323,0.8469532548179878,511.50145868270795,755.5412979065109,1.0,1.0,420.0673429092546,0.2415323020882426,0.0,0.0,ok,13155999.503608797,2974125.4115856644,1711863.1646776996,情景一阈值控制
1294.7230799424149,9.836079008906897e-05,12.8872,,,,45.27247064225558,151.90363476994975,2096.75783869108,,,,,,,1.0,1.0,30.19670066954218,0.6669991772297433,,,fixed_reference,,,,TDINN控制
1294.7230799424149,9.836079008906897e-05,12.8872,,,,75.57641977089962,1377549.706167043,,,,,,,,1.0,1.0,0.0,0.0,,,routine,,,,常规控制
1294.7230799424149,9.836079008906897e-05,12.8872,13.910042355997163,1753.0867043487483,1739.1766619927512,2241.0589328010756,1294.7230799424149,2155122.6659471225,0.8469532548179878,0.6171055212278601,0.323,0.8469532548179878,511.50145868270795,755.5412979065109,1.0,2.0,840.1346858185092,0.4830646041764852,0.0,0.0,ok,13155999.503608797,2974125.4115856644,1711863.1646776996,情景一阈值控制
1294.7230799424149,9.836079008906897e-05,12.8872,,,,45.27247064225558,151.90363476994975,2096.75783869108,,,,,,,1.0,2.0,49.35392945978424,1.0901532158423708,,,fixed_reference,,,,TDINN控制
1294.7230799424149,9.836079008906897e-05,12.8872,,,,75.57641977089962,1377549.706167043,,,,,,,,1.0,2.0,0.0,0.0,,,routine,,,,常规控制
1294.7230799424149,9.836079008906897e-05,12.8872,13.910042355997163,1753.0867043487483,1739.1766619927512,2241.0589328010756,1294.7230799424149,2155122.6659471225,0.8469532548179878,0.6171055212278601,0.323,0.8469532548179878,511.50145868270795,755.5412979065109,1.0,5.0,2100.3367145462726,1.2076615104412127,0.0,0.0,ok,13155999.503608797,2974125.4115856644,1711863.1646776996,情景一阈值控制
1294.7230799424149,9.836079008906897e-05,12.8872,,,,45.27247064225558,151.90363476994975,2096.75783869108,,,,,,,1.0,5.0,106.82561583051039,2.3596153316802524,,,fixed_reference,,,,TDINN控制
1294.7230799424149,9.836079008906897e-05,12.8872,,,,75.57641977089962,1377549.706167043,,,,,,,,1.0,5.0,0.0,0.0,,,routine,,,,常规控制
1294.7230799424149,9.836079008906897e-05,12.8872,13.910042355997163,1753.0867043487483,1739.1766619927512,2241.0589328010756,1294.7230799424149,2155122.6659471225,0.8469532548179878,0.6171055212278601,0.323,0.8469532548179878,511.50145868270795,755.5412979065109,1.0,10.0,4200.673429092545,2.4153230208824255,0.0,0.0,ok,13155999.503608797,2974125.4115856644,1711863.1646776996,情景一阈值控制
1294.7230799424149,9.836079008906897e-05,12.8872,,,,45.27247064225558,151.90363476994975,2096.75783869108,,,,,,,1.0,10.0,202.61175978172065,4.475385524743389,,,fixed_reference,,,,TDINN控制
1294.7230799424149,9.836079008906897e-05,12.8872,,,,75.57641977089962,1377549.706167043,,,,,,,,1.0,10.0,0.0,0.0,,,routine,,,,常规控制
1300.0,9.876168046797843e-05,12.8872,13.914070632985933,1746.0291611434898,1732.115090510504,2233.259368093286,1300.0,2155251.7140060677,0.8469529228717098,0.6171058152387654,0.323,0.8469529228717098,509.4251207819599,752.4743290723188,1.0,1.0,418.36214241579785,0.2415325313588109,0.0,0.0,ok,13155970.969348943,2974125.4115856644,1711863.1646776996,情景一阈值控制
1300.0,9.876168046797843e-05,12.8872,,,,45.27247064225558,151.90363476994975,2096.75783869108,,,,,,,1.0,1.0,30.19670066954218,0.6669991772297433,,,fixed_reference,,,,TDINN控制
1300.0,9.876168046797843e-05,12.8872,,,,75.57641977089962,1377549.706167043,,,,,,,,1.0,1.0,0.0,0.0,,,routine,,,,常规控制
1300.0,9.876168046797843e-05,12.8872,13.914070632985933,1746.0291611434898,1732.115090510504,2233.259368093286,1300.0,2155251.7140060677,0.8469529228717098,0.6171058152387654,0.323,0.8469529228717098,509.4251207819599,752.4743290723188,1.0,2.0,836.7242848315957,0.4830650627176218,0.0,0.0,ok,13155970.969348943,2974125.4115856644,1711863.1646776996,情景一阈值控制
1300.0,9.876168046797843e-05,12.8872,,,,45.27247064225558,151.90363476994975,2096.75783869108,,,,,,,1.0,2.0,49.35392945978424,1.0901532158423708,,,fixed_reference,,,,TDINN控制
1300.0,9.876168046797843e-05,12.8872,,,,75.57641977089962,1377549.706167043,,,,,,,,1.0,2.0,0.0,0.0,,,routine,,,,常规控制
1300.0,9.876168046797843e-05,12.8872,13.914070632985933,1746.0291611434898,1732.115090510504,2233.259368093286,1300.0,2155251.7140060677,0.8469529228717098,0.6171058152387654,0.323,0.8469529228717098,509.4251207819599,752.4743290723188,1.0,5.0,2091.810712078989,1.2076626567940543,0.0,0.0,ok,13155970.969348943,2974125.4115856644,1711863.1646776996,情景一阈值控制
1300.0,9.876168046797843e-05,12.8872,,,,45.27247064225558,151.90363476994975,2096.75783869108,,,,,,,1.0,5.0,106.82561583051039,2.3596153316802524,,,fixed_reference,,,,TDINN控制
1300.0,9.876168046797843e-05,12.8872,,,,75.57641977089962,1377549.706167043,,,,,,,,1.0,5.0,0.0,0.0,,,routine,,,,常规控制
1300.0,9.876168046797843e-05,12.8872,13.914070632985933,1746.0291611434898,1732.115090510504,2233.259368093286,1300.0,2155251.7140060677,0.8469529228717098,0.6171058152387654,0.323,0.8469529228717098,509.4251207819599,752.4743290723188,1.0,10.0,4183.621424157978,2.4153253135881085,0.0,0.0,ok,13155970.969348943,2974125.4115856644,1711863.1646776996,情景一阈值控制
1300.0,9.876168046797843e-05,12.8872,,,,45.27247064225558,151.90363476994975,2096.75783869108,,,,,,,1.0,10.0,202.61175978172065,4.475385524743389,,,fixed_reference,,,,TDINN控制
1300.0,9.876168046797843e-05,12.8872,,,,75.57641977089962,1377549.706167043,,,,,,,,1.0,10.0,0.0,0.0,,,routine,,,,常规控制
1454.5557948495277,0.00011050336510290418,12.8872,14.025245830484987,1562.0408195965194,1548.0155737660345,2029.1902718565996,1454.5557948495277,2158921.508677374,0.8469431997598864,0.6169462372835137,0.323,0.8469431997598864,455.0333531648056,672.1319839952815,1.0,1.0,373.6088826149945,0.24134697928527518,0.0,0.0,ok,13155135.220942607,2974125.4115856644,1711863.1646776996,情景一阈值控制
1454.5557948495277,0.00011050336510290418,12.8872,,,,45.27247064225558,151.90363476994975,2096.75783869108,,,,,,,1.0,1.0,30.19670066954218,0.6669991772297433,,,fixed_reference,,,,TDINN控制
1454.5557948495277,0.00011050336510290418,12.8872,,,,75.57641977089962,1377549.706167043,,,,,,,,1.0,1.0,0.0,0.0,,,routine,,,,常规控制
1454.5557948495277,0.00011050336510290418,12.8872,14.025245830484987,1562.0408195965194,1548.0155737660345,2029.1902718565996,1454.5557948495277,2158921.508677374,0.8469431997598864,0.6169462372835137,0.323,0.8469431997598864,455.0333531648056,672.1319839952815,1.0,2.0,747.217765229989,0.48269395857055036,0.0,0.0,ok,13155135.220942607,2974125.4115856644,1711863.1646776996,情景一阈值控制
1454.5557948495277,0.00011050336510290418,12.8872,,,,45.27247064225558,151.90363476994975,2096.75783869108,,,,,,,1.0,2.0,49.35392945978424,1.0901532158423708,,,fixed_reference,,,,TDINN控制
1454.5557948495277,0.00011050336510290418,12.8872,,,,75.57641977089962,1377549.706167043,,,,,,,,1.0,2.0,0.0,0.0,,,routine,,,,常规控制
1454.5557948495277,0.00011050336510290418,12.8872,14.025245830484987,1562.0408195965194,1548.0155737660345,2029.1902718565996,1454.5557948495277,2158921.508677374,0.8469431997598864,0.6169462372835137,0.323,0.8469431997598864,455.0333531648056,672.1319839952815,1.0,5.0,1868.0444130749725,1.2067348964263758,0.0,0.0,ok,13155135.220942607,2974125.4115856644,1711863.1646776996,情景一阈值控制
1454.5557948495277,0.00011050336510290418,12.8872,,,,45.27247064225558,151.90363476994975,2096.75783869108,,,,,,,1.0,5.0,106.82561583051039,2.3596153316802524,,,fixed_reference,,,,TDINN控制
1454.5557948495277,0.00011050336510290418,12.8872,,,,75.57641977089962,1377549.706167043,,,,,,,,1.0,5.0,0.0,0.0,,,routine,,,,常规控制
1454.5557948495277,0.00011050336510290418,12.8872,14.025245830484987,1562.0408195965194,1548.0155737660345,2029.1902718565996,1454.5557948495277,2158921.508677374,0.8469431997598864,0.6169462372835137,0.323,0.8469431997598864,455.0333531648056,672.1319839952815,1.0,10.0,3736.088826149945,2.4134697928527515,0.0,0.0,ok,13155135.220942607,2974125.4115856644,1711863.1646776996,情景一阈值控制
1454.5557948495277,0.00011050336510290418,12.8872,,,,45.27247064225558,151.90363476994975,2096.75783869108,,,,,,,1.0,10.0,202.61175978172065,4.475385524743389,,,fixed_reference,,,,TDINN控制
1454.5557948495277,0.00011050336510290418,12.8872,,,,75.57641977089962,1377549.706167043,,,,,,,,1.0,10.0,0.0,0.0,,,routine,,,,常规控制
1634.1197535649385,0.000124144933036917,12.8872,14.1403572786499,1392.0004227109864,1377.8600654323366,1839.1643333032441,1634.1197535649385,2162947.940741634,0.8469319016051579,0.6169389057071119,0.323,0.8469319016051579,405.0066798507106,598.2373409907099,1.0,1.0,332.52581401046604,0.24133496742728233,0.0,0.0,ok,13154164.223362051,2974125.4115856644,1711863.1646776996,情景一阈值控制
1634.1197535649385,0.000124144933036917,12.8872,,,,45.27247064225558,151.90363476994975,2096.75783869108,,,,,,,1.0,1.0,30.19670066954218,0.6669991772297433,,,fixed_reference,,,,TDINN控制
1634.1197535649385,0.000124144933036917,12.8872,,,,75.57641977089962,1377549.706167043,,,,,,,,1.0,1.0,0.0,0.0,,,routine,,,,常规控制
1634.1197535649385,0.000124144933036917,12.8872,14.1403572786499,1392.0004227109864,1377.8600654323366,1839.1643333032441,1634.1197535649385,2162947.940741634,0.8469319016051579,0.6169389057071119,0.323,0.8469319016051579,405.0066798507106,598.2373409907099,1.0,2.0,665.0516280209321,0.48266993485456466,0.0,0.0,ok,13154164.223362051,2974125.4115856644,1711863.1646776996,情景一阈值控制
1634.1197535649385,0.000124144933036917,12.8872,,,,45.27247064225558,151.90363476994975,2096.75783869108,,,,,,,1.0,2.0,49.35392945978424,1.0901532158423708,,,fixed_reference,,,,TDINN控制
1634.1197535649385,0.000124144933036917,12.8872,,,,75.57641977089962,1377549.706167043,,,,,,,,1.0,2.0,0.0,0.0,,,routine,,,,常规控制
1634.1197535649385,0.000124144933036917,12.8872,14.1403572786499,1392.0004227109864,1377.8600654323366,1839.1643333032441,1634.1197535649385,2162947.940741634,0.8469319016051579,0.6169389057071119,0.323,0.8469319016051579,405.0066798507106,598.2373409907099,1.0,5.0,1662.6290700523305,1.2066748371364118,0.0,0.0,ok,13154164.223362051,2974125.4115856644,1711863.1646776996,情景一阈值控制
1634.1197535649385,0.000124144933036917,12.8872,,,,45.27247064225558,151.90363476994975,2096.75783869108,,,,,,,1.0,5.0,106.82561583051039,2.3596153316802524,,,fixed_reference,,,,TDINN控制
1634.1197535649385,0.000124144933036917,12.8872,,,,75.57641977089962,1377549.706167043,,,,,,,,1.0,5.0,0.0,0.0,,,routine,,,,常规控制
1634.1197535649385,0.000124144933036917,12.8872,14.1403572786499,1392.0004227109864,1377.8600654323366,1839.1643333032441,1634.1197535649385,2162947.940741634,0.8469319016051579,0.6169389057071119,0.323,0.8469319016051579,405.0066798507106,598.2373409907099,1.0,10.0,3325.258140104661,2.4133496742728235,0.0,0.0,ok,13154164.223362051,2974125.4115856644,1711863.1646776996,情景一阈值控制
1634.1197535649385,0.000124144933036917,12.8872,,,,45.27247064225558,151.90363476994975,2096.75783869108,,,,,,,1.0,10.0,202.61175978172065,4.475385524743389,,,fixed_reference,,,,TDINN控制
1634.1197535649385,0.000124144933036917,12.8872,,,,75.57641977089962,1377549.706167043,,,,,,,,1.0,10.0,0.0,0.0,,,routine,,,,常规控制
1835.850765193497,0.00013947054358379526,12.8872,14.255529462634398,1240.657484235247,1226.4019547726127,1668.6455839747546,1835.850765193497,2167215.6330407835,0.8469192064202042,0.6169333820500298,0.323,0.8469192064202042,360.4804743190817,532.4674657593525,1.0,1.0,295.96093049225874,0.24132457498172602,0.0,0.0,ok,13153073.331788914,2974125.4115856644,1711863.1646776996,情景一阈值控制
1835.850765193497,0.00013947054358379526,12.8872,,,,45.27247064225558,151.90363476994975,2096.75783869108,,,,,,,1.0,1.0,30.19670066954218,0.6669991772297433,,,fixed_reference,,,,TDINN控制
1835.850765193497,0.00013947054358379526,12.8872,,,,75.57641977089962,1377549.706167043,,,,,,,,1.0,1.0,0.0,0.0,,,routine,,,,常规控制
1835.850765193497,0.00013947054358379526,12.8872,14.255529462634398,1240.657484235247,1226.4019547726127,1668.6455839747546,1835.850765193497,2167215.6330407835,0.8469192064202042,0.6169333820500298,0.323,0.8469192064202042,360.4804743190817,532.4674657593525,1.0,2.0,591.9218609845175,0.48264914996345204,0.0,0.0,ok,13153073.331788914,2974125.4115856644,1711863.1646776996,情景一阈值控制
1835.850765193497,0.00013947054358379526,12.8872,,,,45.27247064225558,151.90363476994975,2096.75783869108,,,,,,,1.0,2.0,49.35392945978424,1.0901532158423708,,,fixed_reference,,,,TDINN控制
1835.850765193497,0.00013947054358379526,12.8872,,,,75.57641977089962,1377549.706167043,,,,,,,,1.0,2.0,0.0,0.0,,,routine,,,,常规控制
1835.850765193497,0.00013947054358379526,12.8872,14.255529462634398,1240.657484235247,1226.4019547726127,1668.6455839747546,1835.850765193497,2167215.6330407835,0.8469192064202042,0.6169333820500298,0.323,0.8469192064202042,360.4804743190817,532.4674657593525,1.0,5.0,1479.8046524612937,1.20662287490863,0.0,0.0,ok,13153073.331788914,2974125.4115856644,1711863.1646776996,情景一阈值控制
1835.850765193497,0.00013947054358379526,12.8872,,,,45.27247064225558,151.90363476994975,2096.75783869108,,,,,,,1.0,5.0,106.82561583051039,2.3596153316802524,,,fixed_reference,,,,TDINN控制
1835.850765193497,0.00013947054358379526,12.8872,,,,75.57641977089962,1377549.706167043,,,,,,,,1.0,5.0,0.0,0.0,,,routine,,,,常规控制
1835.850765193497,0.00013947054358379526,12.8872,14.255529462634398,1240.657484235247,1226.4019547726127,1668.6455839747546,1835.850765193497,2167215.6330407835,0.8469192064202042,0.6169333820500298,0.323,0.8469192064202042,360.4804743190817,532.4674657593525,1.0,10.0,2959.6093049225874,2.41324574981726,0.0,0.0,ok,13153073.331788914,2974125.4115856644,1711863.1646776996,情景一阈值控制
1835.850765193497,0.00013947054358379526,12.8872,,,,45.27247064225558,151.90363476994975,2096.75783869108,,,,,,,1.0,10.0,202.61175978172065,4.475385524743389,,,fixed_reference,,,,TDINN控制
1835.850765193497,0.00013947054358379526,12.8872,,,,75.57641977089962,1377549.706167043,,,,,,,,1.0,10.0,0.0,0.0,,,routine,,,,常规控制
2062.485337876194,0.0001566880906993994,12.8872,14.370748822579321,1105.9574410890389,1091.5866922664595,1515.5524084805243,2062.485337876194,2171739.080337213,0.846904941143872,0.6169302227147542,0.323,0.846904941143872,320.8503195703422,473.92957100493675,1.0,1.0,263.4177521335249,0.24131638283954443,0.0,0.0,ok,13151847.73883315,2974125.4115856644,1711863.1646776996,情景一阈值控制
2062.485337876194,0.0001566880906993994,12.8872,,,,45.27247064225558,151.90363476994975,2096.75783869108,,,,,,,1.0,1.0,30.19670066954218,0.6669991772297433,,,fixed_reference,,,,TDINN控制
2062.485337876194,0.0001566880906993994,12.8872,,,,75.57641977089962,1377549.706167043,,,,,,,,1.0,1.0,0.0,0.0,,,routine,,,,常规控制
2062.485337876194,0.0001566880906993994,12.8872,14.370748822579321,1105.9574410890389,1091.5866922664595,1515.5524084805243,2062.485337876194,2171739.080337213,0.846904941143872,0.6169302227147542,0.323,0.846904941143872,320.8503195703422,473.92957100493675,1.0,2.0,526.8355042670498,0.48263276567908886,0.0,0.0,ok,13151847.73883315,2974125.4115856644,1711863.1646776996,情景一阈值控制
2062.485337876194,0.0001566880906993994,12.8872,,,,45.27247064225558,151.90363476994975,2096.75783869108,,,,,,,1.0,2.0,49.35392945978424,1.0901532158423708,,,fixed_reference,,,,TDINN控制
2062.485337876194,0.0001566880906993994,12.8872,,,,75.57641977089962,1377549.706167043,,,,,,,,1.0,2.0,0.0,0.0,,,routine,,,,常规控制
2062.485337876194,0.0001566880906993994,12.8872,14.370748822579321,1105.9574410890389,1091.5866922664595,1515.5524084805243,2062.485337876194,2171739.080337213,0.846904941143872,0.6169302227147542,0.323,0.846904941143872,320.8503195703422,473.92957100493675,1.0,5.0,1317.0887606676247,1.2065819141977223,0.0,0.0,ok,13151847.73883315,2974125.4115856644,1711863.1646776996,情景一阈值控制
2062.485337876194,0.0001566880906993994,12.8872,,,,45.27247064225558,151.90363476994975,2096.75783869108,,,,,,,1.0,5.0,106.82561583051039,2.3596153316802524,,,fixed_reference,,,,TDINN控制
2062.485337876194,0.0001566880906993994,12.8872,,,,75.57641977089962,1377549.706167043,,,,,,,,1.0,5.0,0.0,0.0,,,routine,,,,常规控制
2062.485337876194,0.0001566880906993994,12.8872,14.370748822579321,1105.9574410890389,1091.5866922664595,1515.5524084805243,2062.485337876194,2171739.080337213,0.846904941143872,0.6169302227147542,0.323,0.846904941143872,320.8503195703422,473.92957100493675,1.0,10.0,2634.1775213352494,2.4131638283954446,0.0,0.0,ok,13151847.73883315,2974125.4115856644,1711863.1646776996,情景一阈值控制
2062.485337876194,0.0001566880906993994,12.8872,,,,45.27247064225558,151.90363476994975,2096.75783869108,,,,,,,1.0,10.0,202.61175978172065,4.475385524743389,,,fixed_reference,,,,TDINN控制
2062.485337876194,0.0001566880906993994,12.8872,,,,75.57641977089962,1377549.706167043,,,,,,,,1.0,10.0,0.0,0.0,,,routine,,,,常规控制
2317.0977998889393,0.0001760311327120671,12.8872,14.485895030935238,986.0713858840347,971.5854908530995,1378.029322564867,2317.0977998889393,2176533.6518269633,0.8468889111934058,0.6169300645156969,0.323,0.8468889111934058,285.57818600896655,421.82893058931535,1.0,1.0,234.45432157548578,0.24131105680635828,0.0,0.0,ok,13150470.80742057,2974125.4115856644,1711863.1646776996,情景一阈值控制
2317.0977998889393,0.0001760311327120671,12.8872,,,,45.27247064225558,151.90363476994975,2096.75783869108,,,,,,,1.0,1.0,30.19670066954218,0.6669991772297433,,,fixed_reference,,,,TDINN控制
2317.0977998889393,0.0001760311327120671,12.8872,,,,75.57641977089962,1377549.706167043,,,,,,,,1.0,1.0,0.0,0.0,,,routine,,,,常规控制
2317.0977998889393,0.0001760311327120671,12.8872,14.485895030935238,986.0713858840347,971.5854908530995,1378.029322564867,2317.0977998889393,2176533.6518269633,0.8468889111934058,0.6169300645156969,0.323,0.8468889111934058,285.57818600896655,421.82893058931535,1.0,2.0,468.90864315097156,0.48262211361271656,0.0,0.0,ok,13150470.80742057,2974125.4115856644,1711863.1646776996,情景一阈值控制
2317.0977998889393,0.0001760311327120671,12.8872,,,,45.27247064225558,151.90363476994975,2096.75783869108,,,,,,,1.0,2.0,49.35392945978424,1.0901532158423708,,,fixed_reference,,,,TDINN控制
2317.0977998889393,0.0001760311327120671,12.8872,,,,75.57641977089962,1377549.706167043,,,,,,,,1.0,2.0,0.0,0.0,,,routine,,,,常规控制
2317.0977998889393,0.0001760311327120671,12.8872,14.485895030935238,986.0713858840347,971.5854908530995,1378.029322564867,2317.0977998889393,2176533.6518269633,0.8468889111934058,0.6169300645156969,0.323,0.8468889111934058,285.57818600896655,421.82893058931535,1.0,5.0,1172.271607877429,1.2065552840317915,0.0,0.0,ok,13150470.80742057,2974125.4115856644,1711863.1646776996,情景一阈值控制
2317.0977998889393,0.0001760311327120671,12.8872,,,,45.27247064225558,151.90363476994975,2096.75783869108,,,,,,,1.0,5.0,106.82561583051039,2.3596153316802524,,,fixed_reference,,,,TDINN控制
2317.0977998889393,0.0001760311327120671,12.8872,,,,75.57641977089962,1377549.706167043,,,,,,,,1.0,5.0,0.0,0.0,,,routine,,,,常规控制
2317.0977998889393,0.0001760311327120671,12.8872,14.485895030935238,986.0713858840347,971.5854908530995,1378.029322564867,2317.0977998889393,2176533.6518269633,0.8468889111934058,0.6169300645156969,0.323,0.8468889111934058,285.57818600896655,421.82893058931535,1.0,10.0,2344.543215754858,2.413110568063583,0.0,0.0,ok,13150470.80742057,2974125.4115856644,1711863.1646776996,情景一阈值控制
2317.0977998889393,0.0001760311327120671,12.8872,,,,45.27247064225558,151.90363476994975,2096.75783869108,,,,,,,1.0,10.0,202.61175978172065,4.475385524743389,,,fixed_reference,,,,TDINN控制
2317.0977998889393,0.0001760311327120671,12.8872,,,,75.57641977089962,1377549.706167043,,,,,,,,1.0,10.0,0.0,0.0,,,routine,,,,常规控制
2603.142003316607,0.00019776206057255997,12.8872,14.601153744454981,879.3716719347599,864.7705181903049,1254.4226235229062,2603.142003316607,2181615.6443640483,0.8468708977662252,0.6169337503173615,0.323,0.8468708977662252,254.18524157556442,375.458259343522,1.0,1.0,208.67733314588247,0.24130949050226536,0.0,0.0,ok,13148923.844466915,2974125.4115856644,1711863.1646776996,情景一阈值控制
2603.142003316607,0.00019776206057255997,12.8872,,,,45.27247064225558,151.90363476994975,2096.75783869108,,,,,,,1.0,1.0,30.19670066954218,0.6669991772297433,,,fixed_reference,,,,TDINN控制
2603.142003316607,0.00019776206057255997,12.8872,,,,75.57641977089962,1377549.706167043,,,,,,,,1.0,1.0,0.0,0.0,,,routine,,,,常规控制
2603.142003316607,0.00019776206057255997,12.8872,14.601153744454981,879.3716719347599,864.7705181903049,1254.4226235229062,2603.142003316607,2181615.6443640483,0.8468708977662252,0.6169337503173615,0.323,0.8468708977662252,254.18524157556442,375.458259343522,1.0,2.0,417.35466629176494,0.4826189810045307,0.0,0.0,ok,13148923.844466915,2974125.4115856644,1711863.1646776996,情景一阈值控制
2603.142003316607,0.00019776206057255997,12.8872,,,,45.27247064225558,151.90363476994975,2096.75783869108,,,,,,,1.0,2.0,49.35392945978424,1.0901532158423708,,,fixed_reference,,,,TDINN控制
2603.142003316607,0.00019776206057255997,12.8872,,,,75.57641977089962,1377549.706167043,,,,,,,,1.0,2.0,0.0,0.0,,,routine,,,,常规控制
2603.142003316607,0.00019776206057255997,12.8872,14.601153744454981,879.3716719347599,864.7705181903049,1254.4226235229062,2603.142003316607,2181615.6443640483,0.8468708977662252,0.6169337503173615,0.323,0.8468708977662252,254.18524157556442,375.458259343522,1.0,5.0,1043.3866657294125,1.206547452511327,0.0,0.0,ok,13148923.844466915,2974125.4115856644,1711863.1646776996,情景一阈值控制
2603.142003316607,0.00019776206057255997,12.8872,,,,45.27247064225558,151.90363476994975,2096.75783869108,,,,,,,1.0,5.0,106.82561583051039,2.3596153316802524,,,fixed_reference,,,,TDINN控制
2603.142003316607,0.00019776206057255997,12.8872,,,,75.57641977089962,1377549.706167043,,,,,,,,1.0,5.0,0.0,0.0,,,routine,,,,常规控制
2603.142003316607,0.00019776206057255997,12.8872,14.601153744454981,879.3716719347599,864.7705181903049,1254.4226235229062,2603.142003316607,2181615.6443640483,0.8468708977662252,0.6169337503173615,0.323,0.8468708977662252,254.18524157556442,375.458259343522,1.0,10.0,2086.773331458825,2.413094905022654,0.0,0.0,ok,13148923.844466915,2974125.4115856644,1711863.1646776996,情景一阈值控制
2603.142003316607,0.00019776206057255997,12.8872,,,,45.27247064225558,151.90363476994975,2096.75783869108,,,,,,,1.0,10.0,202.61175978172065,4.475385524743389,,,fixed_reference,,,,TDINN控制
2603.142003316607,0.00019776206057255997,12.8872,,,,75.57641977089962,1377549.706167043,,,,,,,,1.0,10.0,0.0,0.0,,,routine,,,,常规控制
2924.49817601829,0.00022217565722238775,12.8872,14.716357434542191,784.4091723254517,769.6928148909095,1143.2576375831889,2924.49817601829,2187002.3404245377,0.8468506547976884,0.6169421787796636,0.323,0.8468506547976884,226.24518300008629,334.187862629374,1.0,1.0,185.73659952198025,0.24131263268750294,0.0,0.0,ok,13147185.846492957,2974125.4115856644,1711863.1646776996,情景一阈值控制
2924.49817601829,0.00022217565722238775,12.8872,,,,45.27247064225558,151.90363476994975,2096.75783869108,,,,,,,1.0,1.0,30.19670066954218,0.6669991772297433,,,fixed_reference,,,,TDINN控制
2924.49817601829,0.00022217565722238775,12.8872,,,,75.57641977089962,1377549.706167043,,,,,,,,1.0,1.0,0.0,0.0,,,routine,,,,常规控制
2924.49817601829,0.00022217565722238775,12.8872,14.716357434542191,784.4091723254517,769.6928148909095,1143.2576375831889,2924.49817601829,2187002.3404245377,0.8468506547976884,0.6169421787796636,0.323,0.8468506547976884,226.24518300008629,334.187862629374,1.0,2.0,371.4731990439605,0.4826252653750059,0.0,0.0,ok,13147185.846492957,2974125.4115856644,1711863.1646776996,情景一阈值控制
2924.49817601829,0.00022217565722238775,12.8872,,,,45.27247064225558,151.90363476994975,2096.75783869108,,,,,,,1.0,2.0,49.35392945978424,1.0901532158423708,,,fixed_reference,,,,TDINN控制
2924.49817601829,0.00022217565722238775,12.8872,,,,75.57641977089962,1377549.706167043,,,,,,,,1.0,2.0,0.0,0.0,,,routine,,,,常规控制
2924.49817601829,0.00022217565722238775,12.8872,14.716357434542191,784.4091723254517,769.6928148909095,1143.2576375831889,2924.49817601829,2187002.3404245377,0.8468506547976884,0.6169421787796636,0.323,0.8468506547976884,226.24518300008629,334.187862629374,1.0,5.0,928.6829976099013,1.206563163437515,0.0,0.0,ok,13147185.846492957,2974125.4115856644,1711863.1646776996,情景一阈值控制
2924.49817601829,0.00022217565722238775,12.8872,,,,45.27247064225558,151.90363476994975,2096.75783869108,,,,,,,1.0,5.0,106.82561583051039,2.3596153316802524,,,fixed_reference,,,,TDINN控制
2924.49817601829,0.00022217565722238775,12.8872,,,,75.57641977089962,1377549.706167043,,,,,,,,1.0,5.0,0.0,0.0,,,routine,,,,常规控制
2924.49817601829,0.00022217565722238775,12.8872,14.716357434542191,784.4091723254517,769.6928148909095,1143.2576375831889,2924.49817601829,2187002.3404245377,0.8468506547976884,0.6169421787796636,0.323,0.8468506547976884,226.24518300008629,334.187862629374,1.0,10.0,1857.3659952198027,2.41312632687503,0.0,0.0,ok,13147185.846492957,2974125.4115856644,1711863.1646776996,情景一阈值控制
2924.49817601829,0.00022217565722238775,12.8872,,,,45.27247064225558,151.90363476994975,2096.75783869108,,,,,,,1.0,10.0,202.61175978172065,4.475385524743389,,,fixed_reference,,,,TDINN控制
2924.49817601829,0.00022217565722238775,12.8872,,,,75.57641977089962,1377549.706167043,,,,,,,,1.0,10.0,0.0,0.0,,,routine,,,,常规控制
3200.0,0.00024310567499810073,12.8872,14.80548931667462,718.1905308770348,703.3850415603602,1064.9751089247966,3200.0,2191389.012339131,0.8468332954160349,0.6169526742088105,0.323,0.8468332954160349,206.7619139651431,305.409030967715,1.0,1.0,169.740220009717,0.24131906421150548,0.0,0.0,ok,13145695.790169045,2974125.4115856644,1711863.1646776996,情景一阈值控制
3200.0,0.00024310567499810073,12.8872,,,,45.27247064225558,151.90363476994975,2096.75783869108,,,,,,,1.0,1.0,30.19670066954218,0.6669991772297433,,,fixed_reference,,,,TDINN控制
3200.0,0.00024310567499810073,12.8872,,,,75.57641977089962,1377549.706167043,,,,,,,,1.0,1.0,0.0,0.0,,,routine,,,,常规控制
3200.0,0.00024310567499810073,12.8872,14.80548931667462,718.1905308770348,703.3850415603602,1064.9751089247966,3200.0,2191389.012339131,0.8468332954160349,0.6169526742088105,0.323,0.8468332954160349,206.7619139651431,305.409030967715,1.0,2.0,339.480440019434,0.48263812842301096,0.0,0.0,ok,13145695.790169045,2974125.4115856644,1711863.1646776996,情景一阈值控制
3200.0,0.00024310567499810073,12.8872,,,,45.27247064225558,151.90363476994975,2096.75783869108,,,,,,,1.0,2.0,49.35392945978424,1.0901532158423708,,,fixed_reference,,,,TDINN控制
3200.0,0.00024310567499810073,12.8872,,,,75.57641977089962,1377549.706167043,,,,,,,,1.0,2.0,0.0,0.0,,,routine,,,,常规控制
3200.0,0.00024310567499810073,12.8872,14.80548931667462,718.1905308770348,703.3850415603602,1064.9751089247966,3200.0,2191389.012339131,0.8468332954160349,0.6169526742088105,0.323,0.8468332954160349,206.7619139651431,305.409030967715,1.0,5.0,848.701100048585,1.2065953210575273,0.0,0.0,ok,13145695.790169045,2974125.4115856644,1711863.1646776996,情景一阈值控制
3200.0,0.00024310567499810073,12.8872,,,,45.27247064225558,151.90363476994975,2096.75783869108,,,,,,,1.0,5.0,106.82561583051039,2.3596153316802524,,,fixed_reference,,,,TDINN控制
3200.0,0.00024310567499810073,12.8872,,,,75.57641977089962,1377549.706167043,,,,,,,,1.0,5.0,0.0,0.0,,,routine,,,,常规控制
3200.0,0.00024310567499810073,12.8872,14.80548931667462,718.1905308770348,703.3850415603602,1064.9751089247966,3200.0,2191389.012339131,0.8468332954160349,0.6169526742088105,0.323,0.8468332954160349,206.7619139651431,305.409030967715,1.0,10.0,1697.40220009717,2.4131906421150546,0.0,0.0,ok,13145695.790169045,2974125.4115856644,1711863.1646776996,情景一阈值控制
3200.0,0.00024310567499810073,12.8872,,,,45.27247064225558,151.90363476994975,2096.75783869108,,,,,,,1.0,10.0,202.61175978172065,4.475385524743389,,,fixed_reference,,,,TDINN控制
3200.0,0.00024310567499810073,12.8872,,,,75.57641977089962,1377549.706167043,,,,,,,,1.0,10.0,0.0,0.0,,,routine,,,,常规控制
3285.5255574369426,0.0002496030963638185,12.8872,14.831601255222575,699.8942404500453,685.0626391948227,1043.2197568995998,3285.5255574369426,2192712.068268949,0.8468279055294891,0.6169564987399394,0.323,0.8468279055294891,201.37861483525245,297.45733358235225,1.0,1.0,165.3204862972563,0.24132170817483647,0.0,0.0,ok,13145233.21368525,2974125.4115856644,1711863.1646776996,情景一阈值控制
3285.5255574369426,0.0002496030963638185,12.8872,,,,45.27247064225558,151.90363476994975,2096.75783869108,,,,,,,1.0,1.0,30.19670066954218,0.6669991772297433,,,fixed_reference,,,,TDINN控制
3285.5255574369426,0.0002496030963638185,12.8872,,,,75.57641977089962,1377549.706167043,,,,,,,,1.0,1.0,0.0,0.0,,,routine,,,,常规控制
3285.5255574369426,0.0002496030963638185,12.8872,14.831601255222575,699.8942404500453,685.0626391948227,1043.2197568995998,3285.5255574369426,2192712.068268949,0.8468279055294891,0.6169564987399394,0.323,0.8468279055294891,201.37861483525245,297.45733358235225,1.0,2.0,330.6409725945126,0.48264341634967295,0.0,0.0,ok,13145233.21368525,2974125.4115856644,1711863.1646776996,情景一阈值控制
3285.5255574369426,0.0002496030963638185,12.8872,,,,45.27247064225558,151.90363476994975,2096.75783869108,,,,,,,1.0,2.0,49.35392945978424,1.0901532158423708,,,fixed_reference,,,,TDINN控制
3285.5255574369426,0.0002496030963638185,12.8872,,,,75.57641977089962,1377549.706167043,,,,,,,,1.0,2.0,0.0,0.0,,,routine,,,,常规控制
3285.5255574369426,0.0002496030963638185,12.8872,14.831601255222575,699.8942404500453,685.0626391948227,1043.2197568995998,3285.5255574369426,2192712.068268949,0.8468279055294891,0.6169564987399394,0.323,0.8468279055294891,201.37861483525245,297.45733358235225,1.0,5.0,826.6024314862813,1.206608540874182,0.0,0.0,ok,13145233.21368525,2974125.4115856644,1711863.1646776996,情景一阈值控制
3285.5255574369426,0.0002496030963638185,12.8872,,,,45.27247064225558,151.90363476994975,2096.75783869108,,,,,,,1.0,5.0,106.82561583051039,2.3596153316802524,,,fixed_reference,,,,TDINN控制
3285.5255574369426,0.0002496030963638185,12.8872,,,,75.57641977089962,1377549.706167043,,,,,,,,1.0,5.0,0.0,0.0,,,routine,,,,常规控制
3285.5255574369426,0.0002496030963638185,12.8872,14.831601255222575,699.8942404500453,685.0626391948227,1043.2197568995998,3285.5255574369426,2192712.068268949,0.8468279055294891,0.6169564987399394,0.323,0.8468279055294891,201.37861483525245,297.45733358235225,1.0,10.0,1653.2048629725625,2.413217081748364,0.0,0.0,ok,13145233.21368525,2974125.4115856644,1711863.1646776996,情景一阈值控制
3285.5255574369426,0.0002496030963638185,12.8872,,,,45.27247064225558,151.90363476994975,2096.75783869108,,,,,,,1.0,10.0,202.61175978172065,4.475385524743389,,,fixed_reference,,,,TDINN控制
3285.5255574369426,0.0002496030963638185,12.8872,,,,75.57641977089962,1377549.706167043,,,,,,,,1.0,10.0,0.0,0.0,,,routine,,,,常规控制
3691.1215322651688,0.0002804164348754212,12.8872,14.946935549847389,624.678906999243,609.7319714493957,953.136669790754,3691.1215322651688,2198764.2671982558,0.8468023386369549,0.6169780598614566,0.323,0.8468023386369549,179.24782200219437,264.7678316132857,1.0,1.0,147.15159202900543,0.2413381599118231,0.0,0.0,ok,13143039.428467372,2974125.4115856644,1711863.1646776996,情景一阈值控制
3691.1215322651688,0.0002804164348754212,12.8872,,,,45.27247064225558,151.90363476994975,2096.75783869108,,,,,,,1.0,1.0,30.19670066954218,0.6669991772297433,,,fixed_reference,,,,TDINN控制
3691.1215322651688,0.0002804164348754212,12.8872,,,,75.57641977089962,1377549.706167043,,,,,,,,1.0,1.0,0.0,0.0,,,routine,,,,常规控制
3691.1215322651688,0.0002804164348754212,12.8872,14.946935549847389,624.678906999243,609.7319714493957,953.136669790754,3691.1215322651688,2198764.2671982558,0.8468023386369549,0.6169780598614566,0.323,0.8468023386369549,179.24782200219437,264.7678316132857,1.0,2.0,294.30318405801086,0.4826763198236462,0.0,0.0,ok,13143039.428467372,2974125.4115856644,1711863.1646776996,情景一阈值控制
3691.1215322651688,0.0002804164348754212,12.8872,,,,45.27247064225558,151.90363476994975,2096.75783869108,,,,,,,1.0,2.0,49.35392945978424,1.0901532158423708,,,fixed_reference,,,,TDINN控制
3691.1215322651688,0.0002804164348754212,12.8872,,,,75.57641977089962,1377549.706167043,,,,,,,,1.0,2.0,0.0,0.0,,,routine,,,,常规控制
3691.1215322651688,0.0002804164348754212,12.8872,14.946935549847389,624.678906999243,609.7319714493957,953.136669790754,3691.1215322651688,2198764.2671982558,0.8468023386369549,0.6169780598614566,0.323,0.8468023386369549,179.24782200219437,264.7678316132857,1.0,5.0,735.7579601450271,1.2066907995591156,0.0,0.0,ok,13143039.428467372,2974125.4115856644,1711863.1646776996,情景一阈值控制
3691.1215322651688,0.0002804164348754212,12.8872,,,,45.27247064225558,151.90363476994975,2096.75783869108,,,,,,,1.0,5.0,106.82561583051039,2.3596153316802524,,,fixed_reference,,,,TDINN控制
3691.1215322651688,0.0002804164348754212,12.8872,,,,75.57641977089962,1377549.706167043,,,,,,,,1.0,5.0,0.0,0.0,,,routine,,,,常规控制
3691.1215322651688,0.0002804164348754212,12.8872,14.946935549847389,624.678906999243,609.7319714493957,953.136669790754,3691.1215322651688,2198764.2671982558,0.8468023386369549,0.6169780598614566,0.323,0.8468023386369549,179.24782200219437,264.7678316132857,1.0,10.0,1471.5159202900543,2.4133815991182312,0.0,0.0,ok,13143039.428467372,2974125.4115856644,1711863.1646776996,情景一阈值控制
3691.1215322651688,0.0002804164348754212,12.8872,,,,45.27247064225558,151.90363476994975,2096.75783869108,,,,,,,1.0,10.0,202.61175978172065,4.475385524743389,,,fixed_reference,,,,TDINN控制
3691.1215322651688,0.0002804164348754212,12.8872,,,,75.57641977089962,1377549.706167043,,,,,,,,1.0,10.0,0.0,0.0,,,routine,,,,常规控制
4146.7880641233005,0.0003150336598133633,12.8872,15.06217426823648,557.7411153372857,542.6789410690492,871.9625059042353,4146.7880641233005,2205179.5577290636,0.8467736038561648,0.6165257654523377,0.323,0.8467736038561648,159.2902515721567,235.28840704897596,1.0,1.0,130.68364676666718,0.24081208404591345,0.0,0.0,ok,13140574.694150075,2974125.4115856644,1711863.1646776996,情景一阈值控制
4146.7880641233005,0.0003150336598133633,12.8872,,,,45.27247064225558,151.90363476994975,2096.75783869108,,,,,,,1.0,1.0,30.19670066954218,0.6669991772297433,,,fixed_reference,,,,TDINN控制
4146.7880641233005,0.0003150336598133633,12.8872,,,,75.57641977089962,1377549.706167043,,,,,,,,1.0,1.0,0.0,0.0,,,routine,,,,常规控制
4146.7880641233005,0.0003150336598133633,12.8872,15.06217426823648,557.7411153372857,542.6789410690492,871.9625059042353,4146.7880641233005,2205179.5577290636,0.8467736038561648,0.6165257654523377,0.323,0.8467736038561648,159.2902515721567,235.28840704897596,1.0,2.0,261.36729353333436,0.4816241680918269,0.0,0.0,ok,13140574.694150075,2974125.4115856644,1711863.1646776996,情景一阈值控制
4146.7880641233005,0.0003150336598133633,12.8872,,,,45.27247064225558,151.90363476994975,2096.75783869108,,,,,,,1.0,2.0,49.35392945978424,1.0901532158423708,,,fixed_reference,,,,TDINN控制
4146.7880641233005,0.0003150336598133633,12.8872,,,,75.57641977089962,1377549.706167043,,,,,,,,1.0,2.0,0.0,0.0,,,routine,,,,常规控制
4146.7880641233005,0.0003150336598133633,12.8872,15.06217426823648,557.7411153372857,542.6789410690492,871.9625059042353,4146.7880641233005,2205179.5577290636,0.8467736038561648,0.6165257654523377,0.323,0.8467736038561648,159.2902515721567,235.28840704897596,1.0,5.0,653.4182338333359,1.204060420229567,0.0,0.0,ok,13140574.694150075,2974125.4115856644,1711863.1646776996,情景一阈值控制
4146.7880641233005,0.0003150336598133633,12.8872,,,,45.27247064225558,151.90363476994975,2096.75783869108,,,,,,,1.0,5.0,106.82561583051039,2.3596153316802524,,,fixed_reference,,,,TDINN控制
4146.7880641233005,0.0003150336598133633,12.8872,,,,75.57641977089962,1377549.706167043,,,,,,,,1.0,5.0,0.0,0.0,,,routine,,,,常规控制
4146.7880641233005,0.0003150336598133633,12.8872,15.06217426823648,557.7411153372857,542.6789410690492,871.9625059042353,4146.7880641233005,2205179.5577290636,0.8467736038561648,0.6165257654523377,0.323,0.8467736038561648,159.2902515721567,235.28840704897596,1.0,10.0,1306.8364676666718,2.408120840459134,0.0,0.0,ok,13140574.694150075,2974125.4115856644,1711863.1646776996,情景一阈值控制
4146.7880641233005,0.0003150336598133633,12.8872,,,,45.27247064225558,151.90363476994975,2096.75783869108,,,,,,,1.0,10.0,202.61175978172065,4.475385524743389,,,fixed_reference,,,,TDINN控制
4146.7880641233005,0.0003150336598133633,12.8872,,,,75.57641977089962,1377549.706167043,,,,,,,,1.0,10.0,0.0,0.0,,,routine,,,,常规控制
4658.7063304314215,0.0003539243584617049,12.8872,15.177536433240375,498.17150115702503,482.99396472378464,798.7647911369547,4658.7063304314215,2211979.813544847,0.8467413070432628,0.6165071169616608,0.323,0.8467413070432628,141.76216609596014,209.39758655237833,1.0,1.0,116.29551671841608,0.24078047597328334,0.0,0.0,ok,13137805.528668268,2974125.4115856644,1711863.1646776996,情景一阈值控制
4658.7063304314215,0.0003539243584617049,12.8872,,,,45.27247064225558,151.90363476994975,2096.75783869108,,,,,,,1.0,1.0,30.19670066954218,0.6669991772297433,,,fixed_reference,,,,TDINN控制
4658.7063304314215,0.0003539243584617049,12.8872,,,,75.57641977089962,1377549.706167043,,,,,,,,1.0,1.0,0.0,0.0,,,routine,,,,常规控制
4658.7063304314215,0.0003539243584617049,12.8872,15.177536433240375,498.17150115702503,482.99396472378464,798.7647911369547,4658.7063304314215,2211979.813544847,0.8467413070432628,0.6165071169616608,0.323,0.8467413070432628,141.76216609596014,209.39758655237833,1.0,2.0,232.59103343683216,0.4815609519465667,0.0,0.0,ok,13137805.528668268,2974125.4115856644,1711863.1646776996,情景一阈值控制
4658.7063304314215,0.0003539243584617049,12.8872,,,,45.27247064225558,151.90363476994975,2096.75783869108,,,,,,,1.0,2.0,49.35392945978424,1.0901532158423708,,,fixed_reference,,,,TDINN控制
4658.7063304314215,0.0003539243584617049,12.8872,,,,75.57641977089962,1377549.706167043,,,,,,,,1.0,2.0,0.0,0.0,,,routine,,,,常规控制
4658.7063304314215,0.0003539243584617049,12.8872,15.177536433240375,498.17150115702503,482.99396472378464,798.7647911369547,4658.7063304314215,2211979.813544847,0.8467413070432628,0.6165071169616608,0.323,0.8467413070432628,141.76216609596014,209.39758655237833,1.0,5.0,581.4775835920805,1.2039023798664168,0.0,0.0,ok,13137805.528668268,2974125.4115856644,1711863.1646776996,情景一阈值控制
4658.7063304314215,0.0003539243584617049,12.8872,,,,45.27247064225558,151.90363476994975,2096.75783869108,,,,,,,1.0,5.0,106.82561583051039,2.3596153316802524,,,fixed_reference,,,,TDINN控制
4658.7063304314215,0.0003539243584617049,12.8872,,,,75.57641977089962,1377549.706167043,,,,,,,,1.0,5.0,0.0,0.0,,,routine,,,,常规控制
4658.7063304314215,0.0003539243584617049,12.8872,15.177536433240375,498.17150115702503,482.99396472378464,798.7647911369547,4658.7063304314215,2211979.813544847,0.8467413070432628,0.6165071169616608,0.323,0.8467413070432628,141.76216609596014,209.39758655237833,1.0,10.0,1162.955167184161,2.4078047597328336,0.0,0.0,ok,13137805.528668268,2974125.4115856644,1711863.1646776996,情景一阈值控制
4658.7063304314215,0.0003539243584617049,12.8872,,,,45.27247064225558,151.90363476994975,2096.75783869108,,,,,,,1.0,10.0,202.61175978172065,4.475385524743389,,,fixed_reference,,,,TDINN控制
4658.7063304314215,0.0003539243584617049,12.8872,,,,75.57641977089962,1377549.706167043,,,,,,,,1.0,10.0,0.0,0.0,,,routine,,,,常规控制
5233.820570907399,0.0003976160883466838,12.8872,15.292899496678023,445.1603072159021,429.86740771922405,732.7111909689786,5233.820570907399,2219188.2431515176,0.8467050045884258,0.6164938744134428,0.323,0.8467050045884258,126.1634509755782,186.3566484129663,1.0,1.0,103.49220394477229,0.24075378148317342,0.0,0.0,ok,13134694.307779543,2974125.4115856644,1711863.1646776996,情景一阈值控制
5233.820570907399,0.0003976160883466838,12.8872,,,,45.27247064225558,151.90363476994975,2096.75783869108,,,,,,,1.0,1.0,30.19670066954218,0.6669991772297433,,,fixed_reference,,,,TDINN控制
5233.820570907399,0.0003976160883466838,12.8872,,,,75.57641977089962,1377549.706167043,,,,,,,,1.0,1.0,0.0,0.0,,,routine,,,,常规控制
5233.820570907399,0.0003976160883466838,12.8872,15.292899496678023,445.1603072159021,429.86740771922405,732.7111909689786,5233.820570907399,2219188.2431515176,0.8467050045884258,0.6164938744134428,0.323,0.8467050045884258,126.1634509755782,186.3566484129663,1.0,2.0,206.98440788954457,0.48150756296634684,0.0,0.0,ok,13134694.307779543,2974125.4115856644,1711863.1646776996,情景一阈值控制
5233.820570907399,0.0003976160883466838,12.8872,,,,45.27247064225558,151.90363476994975,2096.75783869108,,,,,,,1.0,2.0,49.35392945978424,1.0901532158423708,,,fixed_reference,,,,TDINN控制
5233.820570907399,0.0003976160883466838,12.8872,,,,75.57641977089962,1377549.706167043,,,,,,,,1.0,2.0,0.0,0.0,,,routine,,,,常规控制
5233.820570907399,0.0003976160883466838,12.8872,15.292899496678023,445.1603072159021,429.86740771922405,732.7111909689786,5233.820570907399,2219188.2431515176,0.8467050045884258,0.6164938744134428,0.323,0.8467050045884258,126.1634509755782,186.3566484129663,1.0,5.0,517.4610197238615,1.2037689074158673,0.0,0.0,ok,13134694.307779543,2974125.4115856644,1711863.1646776996,情景一阈值控制
5233.820570907399,0.0003976160883466838,12.8872,,,,45.27247064225558,151.90363476994975,2096.75783869108,,,,,,,1.0,5.0,106.82561583051039,2.3596153316802524,,,fixed_reference,,,,TDINN控制
5233.820570907399,0.0003976160883466838,12.8872,,,,75.57641977089962,1377549.706167043,,,,,,,,1.0,5.0,0.0,0.0,,,routine,,,,常规控制
5233.820570907399,0.0003976160883466838,12.8872,15.292899496678023,445.1603072159021,429.86740771922405,732.7111909689786,5233.820570907399,2219188.2431515176,0.8467050045884258,0.6164938744134428,0.323,0.8467050045884258,126.1634509755782,186.3566484129663,1.0,10.0,1034.922039447723,2.4075378148317346,0.0,0.0,ok,13134694.307779543,2974125.4115856644,1711863.1646776996,情景一阈值控制
5233.820570907399,0.0003976160883466838,12.8872,,,,45.27247064225558,151.90363476994975,2096.75783869108,,,,,,,1.0,10.0,202.61175978172065,4.475385524743389,,,fixed_reference,,,,TDINN控制
5233.820570907399,0.0003976160883466838,12.8872,,,,75.57641977089962,1377549.706167043,,,,,,,,1.0,10.0,0.0,0.0,,,routine,,,,常规控制
5879.932287106999,0.0004467015336250854,12.8872,15.408276378521458,397.9868775716419,382.57860119312045,673.0590444132476,5879.932287106999,2226829.4730336363,0.8466641970953751,0.6164876652251371,0.323,0.8466641970953751,112.28210042926773,165.85243785711629,1.0,1.0,92.09956391546157,0.2407337044681466,0.0,0.0,ok,13131198.751382835,2974125.4115856644,1711863.1646776996,情景一阈值控制
5879.932287106999,0.0004467015336250854,12.8872,,,,45.27247064225558,151.90363476994975,2096.75783869108,,,,,,,1.0,1.0,30.19670066954218,0.6669991772297433,,,fixed_reference,,,,TDINN控制
5879.932287106999,0.0004467015336250854,12.8872,,,,75.57641977089962,1377549.706167043,,,,,,,,1.0,1.0,0.0,0.0,,,routine,,,,常规控制
5879.932287106999,0.0004467015336250854,12.8872,15.408276378521458,397.9868775716419,382.57860119312045,673.0590444132476,5879.932287106999,2226829.4730336363,0.8466641970953751,0.6164876652251371,0.323,0.8466641970953751,112.28210042926773,165.85243785711629,1.0,2.0,184.19912783092315,0.4814674089362932,0.0,0.0,ok,13131198.751382835,2974125.4115856644,1711863.1646776996,情景一阈值控制
5879.932287106999,0.0004467015336250854,12.8872,,,,45.27247064225558,151.90363476994975,2096.75783869108,,,,,,,1.0,2.0,49.35392945978424,1.0901532158423708,,,fixed_reference,,,,TDINN控制
5879.932287106999,0.0004467015336250854,12.8872,,,,75.57641977089962,1377549.706167043,,,,,,,,1.0,2.0,0.0,0.0,,,routine,,,,常规控制
5879.932287106999,0.0004467015336250854,12.8872,15.408276378521458,397.9868775716419,382.57860119312045,673.0590444132476,5879.932287106999,2226829.4730336363,0.8466641970953751,0.6164876652251371,0.323,0.8466641970953751,112.28210042926773,165.85243785711629,1.0,5.0,460.49781957730795,1.203668522340733,0.0,0.0,ok,13131198.751382835,2974125.4115856644,1711863.1646776996,情景一阈值控制
5879.932287106999,0.0004467015336250854,12.8872,,,,45.27247064225558,151.90363476994975,2096.75783869108,,,,,,,1.0,5.0,106.82561583051039,2.3596153316802524,,,fixed_reference,,,,TDINN控制
5879.932287106999,0.0004467015336250854,12.8872,,,,75.57641977089962,1377549.706167043,,,,,,,,1.0,5.0,0.0,0.0,,,routine,,,,常规控制
5879.932287106999,0.0004467015336250854,12.8872,15.408276378521458,397.9868775716419,382.57860119312045,673.0590444132476,5879.932287106999,2226829.4730336363,0.8466641970953751,0.6164876652251371,0.323,0.8466641970953751,112.28210042926773,165.85243785711629,1.0,10.0,920.9956391546159,2.407337044681466,0.0,0.0,ok,13131198.751382835,2974125.4115856644,1711863.1646776996,情景一阈值控制
5879.932287106999,0.0004467015336250854,12.8872,,,,45.27247064225558,151.90363476994975,2096.75783869108,,,,,,,1.0,10.0,202.61175978172065,4.475385524743389,,,fixed_reference,,,,TDINN控制
5879.932287106999,0.0004467015336250854,12.8872,,,,75.57641977089962,1377549.706167043,,,,,,,,1.0,10.0,0.0,0.0,,,routine,,,,常规控制
6500.0,0.0004938084023398921,12.8872,15.507706464816126,361.54403659236056,346.03633012754443,626.304103810285,6500.0,2233777.6086696307,0.8466250110753928,0.6164894627684872,0.323,0.8466250110753928,101.55801662751189,150.0118413995744,1.0,1.0,83.29900878169259,0.24072330425822536,0.0,0.0,ok,13127843.840518482,2974125.4115856644,1711863.1646776996,情景一阈值控制
6500.0,0.0004938084023398921,12.8872,,,,45.27247064225558,151.90363476994975,2096.75783869108,,,,,,,1.0,1.0,30.19670066954218,0.6669991772297433,,,fixed_reference,,,,TDINN控制
6500.0,0.0004938084023398921,12.8872,,,,75.57641977089962,1377549.706167043,,,,,,,,1.0,1.0,0.0,0.0,,,routine,,,,常规控制
6500.0,0.0004938084023398921,12.8872,15.507706464816126,361.54403659236056,346.03633012754443,626.304103810285,6500.0,2233777.6086696307,0.8466250110753928,0.6164894627684872,0.323,0.8466250110753928,101.55801662751189,150.0118413995744,1.0,2.0,166.59801756338518,0.4814466085164507,0.0,0.0,ok,13127843.840518482,2974125.4115856644,1711863.1646776996,情景一阈值控制
6500.0,0.0004938084023398921,12.8872,,,,45.27247064225558,151.90363476994975,2096.75783869108,,,,,,,1.0,2.0,49.35392945978424,1.0901532158423708,,,fixed_reference,,,,TDINN控制
6500.0,0.0004938084023398921,12.8872,,,,75.57641977089962,1377549.706167043,,,,,,,,1.0,2.0,0.0,0.0,,,routine,,,,常规控制
6500.0,0.0004938084023398921,12.8872,15.507706464816126,361.54403659236056,346.03633012754443,626.304103810285,6500.0,2233777.6086696307,0.8466250110753928,0.6164894627684872,0.323,0.8466250110753928,101.55801662751189,150.0118413995744,1.0,5.0,416.49504390846283,1.2036165212911265,0.0,0.0,ok,13127843.840518482,2974125.4115856644,1711863.1646776996,情景一阈值控制
6500.0,0.0004938084023398921,12.8872,,,,45.27247064225558,151.90363476994975,2096.75783869108,,,,,,,1.0,5.0,106.82561583051039,2.3596153316802524,,,fixed_reference,,,,TDINN控制
6500.0,0.0004938084023398921,12.8872,,,,75.57641977089962,1377549.706167043,,,,,,,,1.0,5.0,0.0,0.0,,,routine,,,,常规控制
6500.0,0.0004938084023398921,12.8872,15.507706464816126,361.54403659236056,346.03633012754443,626.304103810285,6500.0,2233777.6086696307,0.8466250110753928,0.6164894627684872,0.323,0.8466250110753928,101.55801662751189,150.0118413995744,1.0,10.0,832.9900878169257,2.407233042582253,0.0,0.0,ok,13127843.840518482,2974125.4115856644,1711863.1646776996,情景一阈值控制
6500.0,0.0004938084023398921,12.8872,,,,45.27247064225558,151.90363476994975,2096.75783869108,,,,,,,1.0,10.0,202.61175978172065,4.475385524743389,,,fixed_reference,,,,TDINN控制
6500.0,0.0004938084023398921,12.8872,,,,75.57641977089962,1377549.706167043,,,,,,,,1.0,10.0,0.0,0.0,,,routine,,,,常规控制
6605.806070835401,0.00050184654492406,12.8872,15.523786421406975,356.0098525665213,340.48606614511436,619.1458592399921,6605.806070835401,2234929.637693256,0.84661832222377,0.6164905201462866,0.323,0.84661832222377,99.92943265549255,147.6062520760599,1.0,1.0,81.96261929491182,0.2407223890917743,0.0,0.0,ok,13127271.345805624,2974125.4115856644,1711863.1646776996,情景一阈值控制
6605.806070835401,0.00050184654492406,12.8872,,,,45.27247064225558,151.90363476994975,2096.75783869108,,,,,,,1.0,1.0,30.19670066954218,0.6669991772297433,,,fixed_reference,,,,TDINN控制
6605.806070835401,0.00050184654492406,12.8872,,,,75.57641977089962,1377549.706167043,,,,,,,,1.0,1.0,0.0,0.0,,,routine,,,,常规控制
6605.806070835401,0.00050184654492406,12.8872,15.523786421406975,356.0098525665213,340.48606614511436,619.1458592399921,6605.806070835401,2234929.637693256,0.84661832222377,0.6164905201462866,0.323,0.84661832222377,99.92943265549255,147.6062520760599,1.0,2.0,163.92523858982364,0.4814447781835486,0.0,0.0,ok,13127271.345805624,2974125.4115856644,1711863.1646776996,情景一阈值控制
6605.806070835401,0.00050184654492406,12.8872,,,,45.27247064225558,151.90363476994975,2096.75783869108,,,,,,,1.0,2.0,49.35392945978424,1.0901532158423708,,,fixed_reference,,,,TDINN控制
6605.806070835401,0.00050184654492406,12.8872,,,,75.57641977089962,1377549.706167043,,,,,,,,1.0,2.0,0.0,0.0,,,routine,,,,常规控制
6605.806070835401,0.00050184654492406,12.8872,15.523786421406975,356.0098525665213,340.48606614511436,619.1458592399921,6605.806070835401,2234929.637693256,0.84661832222377,0.6164905201462866,0.323,0.84661832222377,99.92943265549255,147.6062520760599,1.0,5.0,409.8130964745592,1.2036119454588718,0.0,0.0,ok,13127271.345805624,2974125.4115856644,1711863.1646776996,情景一阈值控制
6605.806070835401,0.00050184654492406,12.8872,,,,45.27247064225558,151.90363476994975,2096.75783869108,,,,,,,1.0,5.0,106.82561583051039,2.3596153316802524,,,fixed_reference,,,,TDINN控制
6605.806070835401,0.00050184654492406,12.8872,,,,75.57641977089962,1377549.706167043,,,,,,,,1.0,5.0,0.0,0.0,,,routine,,,,常规控制
6605.806070835401,0.00050184654492406,12.8872,15.523786421406975,356.0098525665213,340.48606614511436,619.1458592399921,6605.806070835401,2234929.637693256,0.84661832222377,0.6164905201462866,0.323,0.84661832222377,99.92943265549255,147.6062520760599,1.0,10.0,819.6261929491184,2.4072238909177437,0.0,0.0,ok,13127271.345805624,2974125.4115856644,1711863.1646776996,情景一阈值控制
6605.806070835401,0.00050184654492406,12.8872,,,,45.27247064225558,151.90363476994975,2096.75783869108,,,,,,,1.0,10.0,202.61175978172065,4.475385524743389,,,fixed_reference,,,,TDINN控制
6605.806070835401,0.00050184654492406,12.8872,,,,75.57641977089962,1377549.706167043,,,,,,,,1.0,10.0,0.0,0.0,,,routine,,,,常规控制
7421.288497006765,0.000563799171693897,12.8872,15.63922046893252,318.65803215626954,303.018811687337,570.3797248783959,7421.288497006765,2243516.4812273197,0.8465667465759135,0.6165046030780197,0.323,0.8465667465759135,88.93741604946503,131.36989076730435,1.0,1.0,72.94332715132394,0.24072210812637215,0.0,0.0,ok,13122858.693990322,2974125.4115856644,1711863.1646776996,情景一阈值控制
7421.288497006765,0.000563799171693897,12.8872,,,,45.27247064225558,151.90363476994975,2096.75783869108,,,,,,,1.0,1.0,30.19670066954218,0.6669991772297433,,,fixed_reference,,,,TDINN控制
7421.288497006765,0.000563799171693897,12.8872,,,,75.57641977089962,1377549.706167043,,,,,,,,1.0,1.0,0.0,0.0,,,routine,,,,常规控制
7421.288497006765,0.000563799171693897,12.8872,15.63922046893252,318.65803215626954,303.018811687337,570.3797248783959,7421.288497006765,2243516.4812273197,0.8465667465759135,0.6165046030780197,0.323,0.8465667465759135,88.93741604946503,131.36989076730435,1.0,2.0,145.88665430264788,0.4814442162527443,0.0,0.0,ok,13122858.693990322,2974125.4115856644,1711863.1646776996,情景一阈值控制
7421.288497006765,0.000563799171693897,12.8872,,,,45.27247064225558,151.90363476994975,2096.75783869108,,,,,,,1.0,2.0,49.35392945978424,1.0901532158423708,,,fixed_reference,,,,TDINN控制
7421.288497006765,0.000563799171693897,12.8872,,,,75.57641977089962,1377549.706167043,,,,,,,,1.0,2.0,0.0,0.0,,,routine,,,,常规控制
7421.288497006765,0.000563799171693897,12.8872,15.63922046893252,318.65803215626954,303.018811687337,570.3797248783959,7421.288497006765,2243516.4812273197,0.8465667465759135,0.6165046030780197,0.323,0.8465667465759135,88.93741604946503,131.36989076730435,1.0,5.0,364.7166357566198,1.2036105406318611,0.0,0.0,ok,13122858.693990322,2974125.4115856644,1711863.1646776996,情景一阈值控制
7421.288497006765,0.000563799171693897,12.8872,,,,45.27247064225558,151.90363476994975,2096.75783869108,,,,,,,1.0,5.0,106.82561583051039,2.3596153316802524,,,fixed_reference,,,,TDINN控制
7421.288497006765,0.000563799171693897,12.8872,,,,75.57641977089962,1377549.706167043,,,,,,,,1.0,5.0,0.0,0.0,,,routine,,,,常规控制
7421.288497006765,0.000563799171693897,12.8872,15.63922046893252,318.65803215626954,303.018811687337,570.3797248783959,7421.288497006765,2243516.4812273197,0.8465667465759135,0.6165046030780197,0.323,0.8465667465759135,88.93741604946503,131.36989076730435,1.0,10.0,729.4332715132396,2.4072210812637223,0.0,0.0,ok,13122858.693990322,2974125.4115856644,1711863.1646776996,情景一阈值控制
7421.288497006765,0.000563799171693897,12.8872,,,,45.27247064225558,151.90363476994975,2096.75783869108,,,,,,,1.0,10.0,202.61175978172065,4.475385524743389,,,fixed_reference,,,,TDINN控制
7421.288497006765,0.000563799171693897,12.8872,,,,75.57641977089962,1377549.706167043,,,,,,,,1.0,10.0,0.0,0.0,,,routine,,,,常规控制
8337.44169374924,0.000633399809598818,12.8872,15.754773325475176,285.4233628008986,269.6685894754234,526.2325261719785,8337.44169374924,2252619.454919,0.8465087564904282,0.6165328238007525,0.323,0.8465087564904282,79.15658255908691,116.92257394252127,1.0,1.0,64.91892819588186,0.24073596529045638,0.0,0.0,ok,13117900.78447005,2974125.4115856644,1711863.1646776996,情景一阈值控制
8337.44169374924,0.000633399809598818,12.8872,,,,45.27247064225558,151.90363476994975,2096.75783869108,,,,,,,1.0,1.0,30.19670066954218,0.6669991772297433,,,fixed_reference,,,,TDINN控制
8337.44169374924,0.000633399809598818,12.8872,,,,75.57641977089962,1377549.706167043,,,,,,,,1.0,1.0,0.0,0.0,,,routine,,,,常规控制
8337.44169374924,0.000633399809598818,12.8872,15.754773325475176,285.4233628008986,269.6685894754234,526.2325261719785,8337.44169374924,2252619.454919,0.8465087564904282,0.6165328238007525,0.323,0.8465087564904282,79.15658255908691,116.92257394252127,1.0,2.0,129.83785639176372,0.48147193058091275,0.0,0.0,ok,13117900.78447005,2974125.4115856644,1711863.1646776996,情景一阈值控制
8337.44169374924,0.000633399809598818,12.8872,,,,45.27247064225558,151.90363476994975,2096.75783869108,,,,,,,1.0,2.0,49.35392945978424,1.0901532158423708,,,fixed_reference,,,,TDINN控制
8337.44169374924,0.000633399809598818,12.8872,,,,75.57641977089962,1377549.706167043,,,,,,,,1.0,2.0,0.0,0.0,,,routine,,,,常规控制
8337.44169374924,0.000633399809598818,12.8872,15.754773325475176,285.4233628008986,269.6685894754234,526.2325261719785,8337.44169374924,2252619.454919,0.8465087564904282,0.6165328238007525,0.323,0.8465087564904282,79.15658255908691,116.92257394252127,1.0,5.0,324.59464097940935,1.203679826452282,0.0,0.0,ok,13117900.78447005,2974125.4115856644,1711863.1646776996,情景一阈值控制
8337.44169374924,0.000633399809598818,12.8872,,,,45.27247064225558,151.90363476994975,2096.75783869108,,,,,,,1.0,5.0,106.82561583051039,2.3596153316802524,,,fixed_reference,,,,TDINN控制
8337.44169374924,0.000633399809598818,12.8872,,,,75.57641977089962,1377549.706167043,,,,,,,,1.0,5.0,0.0,0.0,,,routine,,,,常规控制
8337.44169374924,0.000633399809598818,12.8872,15.754773325475176,285.4233628008986,269.6685894754234,526.2325261719785,8337.44169374924,2252619.454919,0.8465087564904282,0.6165328238007525,0.323,0.8465087564904282,79.15658255908691,116.92257394252127,1.0,10.0,649.1892819588187,2.407359652904564,0.0,0.0,ok,13117900.78447005,2974125.4115856644,1711863.1646776996,情景一阈值控制
8337.44169374924,0.000633399809598818,12.8872,,,,45.27247064225558,151.90363476994975,2096.75783869108,,,,,,,1.0,10.0,202.61175978172065,4.475385524743389,,,fixed_reference,,,,TDINN控制
8337.44169374924,0.000633399809598818,12.8872,,,,75.57641977089962,1377549.706167043,,,,,,,,1.0,10.0,0.0,0.0,,,routine,,,,常规控制
9366.693401651874,0.0007115926005965109,12.8872,15.870416995584014,255.85341624576017,239.98299925017616,486.2318887506982,9366.693401651874,2262269.8357746257,0.8464435475833378,0.6165784418274796,0.323,0.8464435475833378,70.4538349849519,104.06770307969262,1.0,1.0,57.78009032371408,0.24076743146075863,0.0,0.0,ok,13112330.168842942,2974125.4115856644,1711863.1646776996,情景一阈值控制
9366.693401651874,0.0007115926005965109,12.8872,,,,45.27247064225558,151.90363476994975,2096.75783869108,,,,,,,1.0,1.0,30.19670066954218,0.6669991772297433,,,fixed_reference,,,,TDINN控制
9366.693401651874,0.0007115926005965109,12.8872,,,,75.57641977089962,1377549.706167043,,,,,,,,1.0,1.0,0.0,0.0,,,routine,,,,常规控制
9366.693401651874,0.0007115926005965109,12.8872,15.870416995584014,255.85341624576017,239.98299925017616,486.2318887506982,9366.693401651874,2262269.8357746257,0.8464435475833378,0.6165784418274796,0.323,0.8464435475833378,70.4538349849519,104.06770307969262,1.0,2.0,115.56018064742815,0.48153486292151726,0.0,0.0,ok,13112330.168842942,2974125.4115856644,1711863.1646776996,情景一阈值控制
9366.693401651874,0.0007115926005965109,12.8872,,,,45.27247064225558,151.90363476994975,2096.75783869108,,,,,,,1.0,2.0,49.35392945978424,1.0901532158423708,,,fixed_reference,,,,TDINN控制
9366.693401651874,0.0007115926005965109,12.8872,,,,75.57641977089962,1377549.706167043,,,,,,,,1.0,2.0,0.0,0.0,,,routine,,,,常规控制
9366.693401651874,0.0007115926005965109,12.8872,15.870416995584014,255.85341624576017,239.98299925017616,486.2318887506982,9366.693401651874,2262269.8357746257,0.8464435475833378,0.6165784418274796,0.323,0.8464435475833378,70.4538349849519,104.06770307969262,1.0,5.0,288.9004516185704,1.2038371573037931,0.0,0.0,ok,13112330.168842942,2974125.4115856644,1711863.1646776996,情景一阈值控制
9366.693401651874,0.0007115926005965109,12.8872,,,,45.27247064225558,151.90363476994975,2096.75783869108,,,,,,,1.0,5.0,106.82561583051039,2.3596153316802524,,,fixed_reference,,,,TDINN控制
9366.693401651874,0.0007115926005965109,12.8872,,,,75.57641977089962,1377549.706167043,,,,,,,,1.0,5.0,0.0,0.0,,,routine,,,,常规控制
9366.693401651874,0.0007115926005965109,12.8872,15.870416995584014,255.85341624576017,239.98299925017616,486.2318887506982,9366.693401651874,2262269.8357746257,0.8464435475833378,0.6165784418274796,0.323,0.8464435475833378,70.4538349849519,104.06770307969262,1.0,10.0,577.8009032371408,2.4076743146075863,0.0,0.0,ok,13112330.168842942,2974125.4115856644,1711863.1646776996,情景一阈值控制
9366.693401651874,0.0007115926005965109,12.8872,,,,45.27247064225558,151.90363476994975,2096.75783869108,,,,,,,1.0,10.0,202.61175978172065,4.475385524743389,,,fixed_reference,,,,TDINN控制
9366.693401651874,0.0007115926005965109,12.8872,,,,75.57641977089962,1377549.706167043,,,,,,,,1.0,10.0,0.0,0.0,,,routine,,,,常规控制
10523.00555772709,0.0007994382403500031,12.8872,15.986038410201786,229.54539037574511,213.55935196554333,449.95791998331185,10523.00555772709,2272500.848777107,0.8463702128505448,0.6166451958520652,0.323,0.8463702128505448,62.710677733962086,92.63024776065299,1.0,1.0,51.42946746907278,0.24082048852335278,0.0,0.0,ok,13106071.036111793,2974125.4115856644,1711863.1646776996,情景一阈值控制
10523.00555772709,0.0007994382403500031,12.8872,,,,45.27247064225558,151.90363476994975,2096.75783869108,,,,,,,1.0,1.0,30.19670066954218,0.6669991772297433,,,fixed_reference,,,,TDINN控制
10523.00555772709,0.0007994382403500031,12.8872,,,,75.57641977089962,1377549.706167043,,,,,,,,1.0,1.0,0.0,0.0,,,routine,,,,常规控制
10523.00555772709,0.0007994382403500031,12.8872,15.986038410201786,229.54539037574511,213.55935196554333,449.95791998331185,10523.00555772709,2272500.848777107,0.8463702128505448,0.6166451958520652,0.323,0.8463702128505448,62.710677733962086,92.63024776065299,1.0,2.0,102.85893493814557,0.48164097704670555,0.0,0.0,ok,13106071.036111793,2974125.4115856644,1711863.1646776996,情景一阈值控制
10523.00555772709,0.0007994382403500031,12.8872,,,,45.27247064225558,151.90363476994975,2096.75783869108,,,,,,,1.0,2.0,49.35392945978424,1.0901532158423708,,,fixed_reference,,,,TDINN控制
10523.00555772709,0.0007994382403500031,12.8872,,,,75.57641977089962,1377549.706167043,,,,,,,,1.0,2.0,0.0,0.0,,,routine,,,,常规控制
10523.00555772709,0.0007994382403500031,12.8872,15.986038410201786,229.54539037574511,213.55935196554333,449.95791998331185,10523.00555772709,2272500.848777107,0.8463702128505448,0.6166451958520652,0.323,0.8463702128505448,62.710677733962086,92.63024776065299,1.0,5.0,257.1473373453639,1.2041024426167637,0.0,0.0,ok,13106071.036111793,2974125.4115856644,1711863.1646776996,情景一阈值控制
10523.00555772709,0.0007994382403500031,12.8872,,,,45.27247064225558,151.90363476994975,2096.75783869108,,,,,,,1.0,5.0,106.82561583051039,2.3596153316802524,,,fixed_reference,,,,TDINN控制
10523.00555772709,0.0007994382403500031,12.8872,,,,75.57641977089962,1377549.706167043,,,,,,,,1.0,5.0,0.0,0.0,,,routine,,,,常规控制
10523.00555772709,0.0007994382403500031,12.8872,15.986038410201786,229.54539037574511,213.55935196554333,449.95791998331185,10523.00555772709,2272500.848777107,0.8463702128505448,0.6166451958520652,0.323,0.8463702128505448,62.710677733962086,92.63024776065299,1.0,10.0,514.2946746907278,2.4082048852335274,0.0,0.0,ok,13106071.036111793,2974125.4115856644,1711863.1646776996,情景一阈值控制
10523.00555772709,0.0007994382403500031,12.8872,,,,45.27247064225558,151.90363476994975,2096.75783869108,,,,,,,1.0,10.0,202.61175978172065,4.475385524743389,,,fixed_reference,,,,TDINN控制
10523.00555772709,0.0007994382403500031,12.8872,,,,75.57641977089962,1377549.706167043,,,,,,,,1.0,10.0,0.0,0.0,,,routine,,,,常规控制
11822.06369095274,0.0008981283667061263,12.8872,16.10182131430521,206.14102856961213,190.03920725530693,417.0324445244016,11822.06369095274,2283347.788777891,0.8462877291141142,0.6153610734060502,0.323,0.8462877291141142,55.56006662239635,82.06804523249093,1.0,1.0,45.48177129680441,0.2393283573094589,0.0,0.0,ok,13099038.17072796,2974125.4115856644,1711863.1646776996,情景一阈值控制
11822.06369095274,0.0008981283667061263,12.8872,,,,45.27247064225558,151.90363476994975,2096.75783869108,,,,,,,1.0,1.0,30.19670066954218,0.6669991772297433,,,fixed_reference,,,,TDINN控制
11822.06369095274,0.0008981283667061263,12.8872,,,,75.57641977089962,1377549.706167043,,,,,,,,1.0,1.0,0.0,0.0,,,routine,,,,常规控制
11822.06369095274,0.0008981283667061263,12.8872,16.10182131430521,206.14102856961213,190.03920725530693,417.0324445244016,11822.06369095274,2283347.788777891,0.8462877291141142,0.6153610734060502,0.323,0.8462877291141142,55.56006662239635,82.06804523249093,1.0,2.0,90.96354259360882,0.4786567146189178,0.0,0.0,ok,13099038.17072796,2974125.4115856644,1711863.1646776996,情景一阈值控制
11822.06369095274,0.0008981283667061263,12.8872,,,,45.27247064225558,151.90363476994975,2096.75783869108,,,,,,,1.0,2.0,49.35392945978424,1.0901532158423708,,,fixed_reference,,,,TDINN控制
11822.06369095274,0.0008981283667061263,12.8872,,,,75.57641977089962,1377549.706167043,,,,,,,,1.0,2.0,0.0,0.0,,,routine,,,,常规控制
11822.06369095274,0.0008981283667061263,12.8872,16.10182131430521,206.14102856961213,190.03920725530693,417.0324445244016,11822.06369095274,2283347.788777891,0.8462877291141142,0.6153610734060502,0.323,0.8462877291141142,55.56006662239635,82.06804523249093,1.0,5.0,227.40885648402207,1.1966417865472945,0.0,0.0,ok,13099038.17072796,2974125.4115856644,1711863.1646776996,情景一阈值控制
11822.06369095274,0.0008981283667061263,12.8872,,,,45.27247064225558,151.90363476994975,2096.75783869108,,,,,,,1.0,5.0,106.82561583051039,2.3596153316802524,,,fixed_reference,,,,TDINN控制
11822.06369095274,0.0008981283667061263,12.8872,,,,75.57641977089962,1377549.706167043,,,,,,,,1.0,5.0,0.0,0.0,,,routine,,,,常规控制
11822.06369095274,0.0008981283667061263,12.8872,16.10182131430521,206.14102856961213,190.03920725530693,417.0324445244016,11822.06369095274,2283347.788777891,0.8462877291141142,0.6153610734060502,0.323,0.8462877291141142,55.56006662239635,82.06804523249093,1.0,10.0,454.81771296804413,2.393283573094589,0.0,0.0,ok,13099038.17072796,2974125.4115856644,1711863.1646776996,情景一阈值控制
11822.06369095274,0.0008981283667061263,12.8872,,,,45.27247064225558,151.90363476994975,2096.75783869108,,,,,,,1.0,10.0,202.61175978172065,4.475385524743389,,,fixed_reference,,,,TDINN控制
11822.06369095274,0.0008981283667061263,12.8872,,,,75.57641977089962,1377549.706167043,,,,,,,,1.0,10.0,0.0,0.0,,,routine,,,,常规控制
13281.489698569587,0.0010090017244222128,12.8872,16.21765059218207,185.32116173051946,169.10351113833738,387.1184681138639,13281.489698569587,2294848.17662929,0.846194941556845,0.6153147030533064,0.323,0.846194941556845,49.43144264367456,73.01542487987379,1.0,1.0,40.45742099794741,0.23924648711078905,0.0,0.0,ok,13091135.77943642,2974125.4115856644,1711863.1646776996,情景一阈值控制
13281.489698569587,0.0010090017244222128,12.8872,,,,45.27247064225558,151.90363476994975,2096.75783869108,,,,,,,1.0,1.0,30.19670066954218,0.6669991772297433,,,fixed_reference,,,,TDINN控制
13281.489698569587,0.0010090017244222128,12.8872,,,,75.57641977089962,1377549.706167043,,,,,,,,1.0,1.0,0.0,0.0,,,routine,,,,常规控制
13281.489698569587,0.0010090017244222128,12.8872,16.21765059218207,185.32116173051946,169.10351113833738,387.1184681138639,13281.489698569587,2294848.17662929,0.846194941556845,0.6153147030533064,0.323,0.846194941556845,49.43144264367456,73.01542487987379,1.0,2.0,80.91484199589482,0.4784929742215781,0.0,0.0,ok,13091135.77943642,2974125.4115856644,1711863.1646776996,情景一阈值控制
13281.489698569587,0.0010090017244222128,12.8872,,,,45.27247064225558,151.90363476994975,2096.75783869108,,,,,,,1.0,2.0,49.35392945978424,1.0901532158423708,,,fixed_reference,,,,TDINN控制
13281.489698569587,0.0010090017244222128,12.8872,,,,75.57641977089962,1377549.706167043,,,,,,,,1.0,2.0,0.0,0.0,,,routine,,,,常规控制
13281.489698569587,0.0010090017244222128,12.8872,16.21765059218207,185.32116173051946,169.10351113833738,387.1184681138639,13281.489698569587,2294848.17662929,0.846194941556845,0.6153147030533064,0.323,0.846194941556845,49.43144264367456,73.01542487987379,1.0,5.0,202.28710498973703,1.1962324355539453,0.0,0.0,ok,13091135.77943642,2974125.4115856644,1711863.1646776996,情景一阈值控制
13281.489698569587,0.0010090017244222128,12.8872,,,,45.27247064225558,151.90363476994975,2096.75783869108,,,,,,,1.0,5.0,106.82561583051039,2.3596153316802524,,,fixed_reference,,,,TDINN控制
13281.489698569587,0.0010090017244222128,12.8872,,,,75.57641977089962,1377549.706167043,,,,,,,,1.0,5.0,0.0,0.0,,,routine,,,,常规控制
13281.489698569587,0.0010090017244222128,12.8872,16.21765059218207,185.32116173051946,169.10351113833738,387.1184681138639,13281.489698569587,2294848.17662929,0.846194941556845,0.6153147030533064,0.323,0.846194941556845,49.43144264367456,73.01542487987379,1.0,10.0,404.57420997947406,2.3924648711078906,0.0,0.0,ok,13091135.77943642,2974125.4115856644,1711863.1646776996,情景一阈值控制
13281.489698569587,0.0010090017244222128,12.8872,,,,45.27247064225558,151.90363476994975,2096.75783869108,,,,,,,1.0,10.0,202.61175978172065,4.475385524743389,,,fixed_reference,,,,TDINN控制
13281.489698569587,0.0010090017244222128,12.8872,,,,75.57641977089962,1377549.706167043,,,,,,,,1.0,10.0,0.0,0.0,,,routine,,,,常规控制
14921.080889473207,0.0011335623254177018,12.8872,16.33355334433592,166.80182134888602,150.4682680045501,359.9176301279778,14921.080889473207,2307041.903544312,0.8460905460438606,0.615284745284228,0.323,0.8460905460438606,43.97957938706892,64.96245108872809,1.0,1.0,35.988976400890856,0.23917984089377942,0.0,0.0,ok,13082256.170028973,2974125.4115856644,1711863.1646776996,情景一阈值控制
14921.080889473207,0.0011335623254177018,12.8872,,,,45.27247064225558,151.90363476994975,2096.75783869108,,,,,,,1.0,1.0,30.19670066954218,0.6669991772297433,,,fixed_reference,,,,TDINN控制
14921.080889473207,0.0011335623254177018,12.8872,,,,75.57641977089962,1377549.706167043,,,,,,,,1.0,1.0,0.0,0.0,,,routine,,,,常规控制
14921.080889473207,0.0011335623254177018,12.8872,16.33355334433592,166.80182134888602,150.4682680045501,359.9176301279778,14921.080889473207,2307041.903544312,0.8460905460438606,0.615284745284228,0.323,0.8460905460438606,43.97957938706892,64.96245108872809,1.0,2.0,71.97795280178171,0.47835968178755883,0.0,0.0,ok,13082256.170028973,2974125.4115856644,1711863.1646776996,情景一阈值控制
14921.080889473207,0.0011335623254177018,12.8872,,,,45.27247064225558,151.90363476994975,2096.75783869108,,,,,,,1.0,2.0,49.35392945978424,1.0901532158423708,,,fixed_reference,,,,TDINN控制
14921.080889473207,0.0011335623254177018,12.8872,,,,75.57641977089962,1377549.706167043,,,,,,,,1.0,2.0,0.0,0.0,,,routine,,,,常规控制
14921.080889473207,0.0011335623254177018,12.8872,16.33355334433592,166.80182134888602,150.4682680045501,359.9176301279778,14921.080889473207,2307041.903544312,0.8460905460438606,0.615284745284228,0.323,0.8460905460438606,43.97957938706892,64.96245108872809,1.0,5.0,179.9448820044543,1.1958992044688974,0.0,0.0,ok,13082256.170028973,2974125.4115856644,1711863.1646776996,情景一阈值控制
14921.080889473207,0.0011335623254177018,12.8872,,,,45.27247064225558,151.90363476994975,2096.75783869108,,,,,,,1.0,5.0,106.82561583051039,2.3596153316802524,,,fixed_reference,,,,TDINN控制
14921.080889473207,0.0011335623254177018,12.8872,,,,75.57641977089962,1377549.706167043,,,,,,,,1.0,5.0,0.0,0.0,,,routine,,,,常规控制
14921.080889473207,0.0011335623254177018,12.8872,16.33355334433592,166.80182134888602,150.4682680045501,359.9176301279778,14921.080889473207,2307041.903544312,0.8460905460438606,0.615284745284228,0.323,0.8460905460438606,43.97957938706892,64.96245108872809,1.0,10.0,359.8897640089086,2.391798408937795,0.0,0.0,ok,13082256.170028973,2974125.4115856644,1711863.1646776996,情景一阈值控制
14921.080889473207,0.0011335623254177018,12.8872,,,,45.27247064225558,151.90363476994975,2096.75783869108,,,,,,,1.0,10.0,202.61175978172065,4.475385524743389,,,fixed_reference,,,,TDINN控制
14921.080889473207,0.0011335623254177018,12.8872,,,,75.57641977089962,1377549.706167043,,,,,,,,1.0,10.0,0.0,0.0,,,routine,,,,常规控制
15000.0,0.0011395578515535972,12.8872,16.3388158048265,166.0128691140342,149.6740533092077,358.7446817735789,15000.0,2307611.5935103875,0.846085517031081,0.6152838659076113,0.323,0.846085517031081,43.74731092727714,64.61936621458956,1.0,1.0,35.798633967057526,0.2391772867479046,0.0,0.0,ok,13081828.719459048,2974125.4115856644,1711863.1646776996,情景一阈值控制
15000.0,0.0011395578515535972,12.8872,,,,45.27247064225558,151.90363476994975,2096.75783869108,,,,,,,1.0,1.0,30.19670066954218,0.6669991772297433,,,fixed_reference,,,,TDINN控制
15000.0,0.0011395578515535972,12.8872,,,,75.57641977089962,1377549.706167043,,,,,,,,1.0,1.0,0.0,0.0,,,routine,,,,常规控制
15000.0,0.0011395578515535972,12.8872,16.3388158048265,166.0128691140342,149.6740533092077,358.7446817735789,15000.0,2307611.5935103875,0.846085517031081,0.6152838659076113,0.323,0.846085517031081,43.74731092727714,64.61936621458956,1.0,2.0,71.59726793411505,0.4783545734958092,0.0,0.0,ok,13081828.719459048,2974125.4115856644,1711863.1646776996,情景一阈值控制
15000.0,0.0011395578515535972,12.8872,,,,45.27247064225558,151.90363476994975,2096.75783869108,,,,,,,1.0,2.0,49.35392945978424,1.0901532158423708,,,fixed_reference,,,,TDINN控制
15000.0,0.0011395578515535972,12.8872,,,,75.57641977089962,1377549.706167043,,,,,,,,1.0,2.0,0.0,0.0,,,routine,,,,常规控制
15000.0,0.0011395578515535972,12.8872,16.3388158048265,166.0128691140342,149.6740533092077,358.7446817735789,15000.0,2307611.5935103875,0.846085517031081,0.6152838659076113,0.323,0.846085517031081,43.74731092727714,64.61936621458956,1.0,5.0,178.99316983528763,1.195886433739523,0.0,0.0,ok,13081828.719459048,2974125.4115856644,1711863.1646776996,情景一阈值控制
15000.0,0.0011395578515535972,12.8872,,,,45.27247064225558,151.90363476994975,2096.75783869108,,,,,,,1.0,5.0,106.82561583051039,2.3596153316802524,,,fixed_reference,,,,TDINN控制
15000.0,0.0011395578515535972,12.8872,,,,75.57641977089962,1377549.706167043,,,,,,,,1.0,5.0,0.0,0.0,,,routine,,,,常规控制
15000.0,0.0011395578515535972,12.8872,16.3388158048265,166.0128691140342,149.6740533092077,358.7446817735789,15000.0,2307611.5935103875,0.846085517031081,0.6152838659076113,0.323,0.846085517031081,43.74731092727714,64.61936621458956,1.0,10.0,357.98633967057526,2.391772867479046,0.0,0.0,ok,13081828.719459048,2974125.4115856644,1711863.1646776996,情景一阈值控制
15000.0,0.0011395578515535972,12.8872,,,,45.27247064225558,151.90363476994975,2096.75783869108,,,,,,,1.0,10.0,202.61175978172065,4.475385524743389,,,fixed_reference,,,,TDINN控制
15000.0,0.0011395578515535972,12.8872,,,,75.57641977089962,1377549.706167043,,,,,,,,1.0,10.0,0.0,0.0,,,routine,,,,常规控制
16763.07853735573,0.0012734998508968874,12.8872,16.449643990877696,150.33033216211294,133.88068817123525,335.15760141721165,16763.07853735573,2319971.3958210535,0.8459730688744641,0.6152761938998538,0.323,0.8459730688744641,39.130137975381814,57.799317541184344,1.0,1.0,32.01538156020594,0.2391336793791934,0.0,0.0,ok,13072278.262834797,2974125.4115856644,1711863.1646776996,情景一阈值控制
16763.07853735573,0.0012734998508968874,12.8872,,,,45.27247064225558,151.90363476994975,2096.75783869108,,,,,,,1.0,1.0,30.19670066954218,0.6669991772297433,,,fixed_reference,,,,TDINN控制
16763.07853735573,0.0012734998508968874,12.8872,,,,75.57641977089962,1377549.706167043,,,,,,,,1.0,1.0,0.0,0.0,,,routine,,,,常规控制
16763.07853735573,0.0012734998508968874,12.8872,16.449643990877696,150.33033216211294,133.88068817123525,335.15760141721165,16763.07853735573,2319971.3958210535,0.8459730688744641,0.6152761938998538,0.323,0.8459730688744641,39.130137975381814,57.799317541184344,1.0,2.0,64.03076312041188,0.4782673587583868,0.0,0.0,ok,13072278.262834797,2974125.4115856644,1711863.1646776996,情景一阈值控制
16763.07853735573,0.0012734998508968874,12.8872,,,,45.27247064225558,151.90363476994975,2096.75783869108,,,,,,,1.0,2.0,49.35392945978424,1.0901532158423708,,,fixed_reference,,,,TDINN控制
16763.07853735573,0.0012734998508968874,12.8872,,,,75.57641977089962,1377549.706167043,,,,,,,,1.0,2.0,0.0,0.0,,,routine,,,,常规控制
16763.07853735573,0.0012734998508968874,12.8872,16.449643990877696,150.33033216211294,133.88068817123525,335.15760141721165,16763.07853735573,2319971.3958210535,0.8459730688744641,0.6152761938998538,0.323,0.8459730688744641,39.130137975381814,57.799317541184344,1.0,5.0,160.07690780102965,1.1956683968959665,0.0,0.0,ok,13072278.262834797,2974125.4115856644,1711863.1646776996,情景一阈值控制
16763.07853735573,0.0012734998508968874,12.8872,,,,45.27247064225558,151.90363476994975,2096.75783869108,,,,,,,1.0,5.0,106.82561583051039,2.3596153316802524,,,fixed_reference,,,,TDINN控制
16763.07853735573,0.0012734998508968874,12.8872,,,,75.57641977089962,1377549.706167043,,,,,,,,1.0,5.0,0.0,0.0,,,routine,,,,常规控制
16763.07853735573,0.0012734998508968874,12.8872,16.449643990877696,150.33033216211294,133.88068817123525,335.15760141721165,16763.07853735573,2319971.3958210535,0.8459730688744641,0.6152761938998538,0.323,0.8459730688744641,39.130137975381814,57.799317541184344,1.0,10.0,320.1538156020593,2.391336793791933,0.0,0.0,ok,13072278.262834797,2974125.4115856644,1711863.1646776996,情景一阈值控制
16763.07853735573,0.0012734998508968874,12.8872,,,,45.27247064225558,151.90363476994975,2096.75783869108,,,,,,,1.0,10.0,202.61175978172065,4.475385524743389,,,fixed_reference,,,,TDINN控制
16763.07853735573,0.0012734998508968874,12.8872,,,,75.57641977089962,1377549.706167043,,,,,,,,1.0,10.0,0.0,0.0,,,routine,,,,常规控制
18832.46958655668,0.0014307125721003326,12.8872,16.565768330945595,135.68152708148654,119.11575875054093,312.5998172888201,18832.46958655668,2333681.820647752,0.8458408435398699,0.6152944934589459,0.323,0.8458408435398699,34.81688036696737,51.42818370305371,1.0,1.0,28.482211913460745,0.23911371771647635,0.0,0.0,ok,13061065.913163831,2974125.4115856644,1711863.1646776996,情景一阈值控制
18832.46958655668,0.0014307125721003326,12.8872,,,,45.27247064225558,151.90363476994975,2096.75783869108,,,,,,,1.0,1.0,30.19670066954218,0.6669991772297433,,,fixed_reference,,,,TDINN控制
18832.46958655668,0.0014307125721003326,12.8872,,,,75.57641977089962,1377549.706167043,,,,,,,,1.0,1.0,0.0,0.0,,,routine,,,,常规控制
18832.46958655668,0.0014307125721003326,12.8872,16.565768330945595,135.68152708148654,119.11575875054093,312.5998172888201,18832.46958655668,2333681.820647752,0.8458408435398699,0.6152944934589459,0.323,0.8458408435398699,34.81688036696737,51.42818370305371,1.0,2.0,56.96442382692149,0.4782274354329527,0.0,0.0,ok,13061065.913163831,2974125.4115856644,1711863.1646776996,情景一阈值控制
18832.46958655668,0.0014307125721003326,12.8872,,,,45.27247064225558,151.90363476994975,2096.75783869108,,,,,,,1.0,2.0,49.35392945978424,1.0901532158423708,,,fixed_reference,,,,TDINN控制
18832.46958655668,0.0014307125721003326,12.8872,,,,75.57641977089962,1377549.706167043,,,,,,,,1.0,2.0,0.0,0.0,,,routine,,,,常规控制
18832.46958655668,0.0014307125721003326,12.8872,16.565768330945595,135.68152708148654,119.11575875054093,312.5998172888201,18832.46958655668,2333681.820647752,0.8458408435398699,0.6152944934589459,0.323,0.8458408435398699,34.81688036696737,51.42818370305371,1.0,5.0,142.4110595673037,1.1955685885823817,0.0,0.0,ok,13061065.913163831,2974125.4115856644,1711863.1646776996,情景一阈值控制
18832.46958655668,0.0014307125721003326,12.8872,,,,45.27247064225558,151.90363476994975,2096.75783869108,,,,,,,1.0,5.0,106.82561583051039,2.3596153316802524,,,fixed_reference,,,,TDINN控制
18832.46958655668,0.0014307125721003326,12.8872,,,,75.57641977089962,1377549.706167043,,,,,,,,1.0,5.0,0.0,0.0,,,routine,,,,常规控制
18832.46958655668,0.0014307125721003326,12.8872,16.565768330945595,135.68152708148654,119.11575875054093,312.5998172888201,18832.46958655668,2333681.820647752,0.8458408435398699,0.6152944934589459,0.323,0.8458408435398699,34.81688036696737,51.42818370305371,1.0,10.0,284.8221191346074,2.3911371771647634,0.0,0.0,ok,13061065.913163831,2974125.4115856644,1711863.1646776996,情景一阈值控制
18832.46958655668,0.0014307125721003326,12.8872,,,,45.27247064225558,151.90363476994975,2096.75783869108,,,,,,,1.0,10.0,202.61175978172065,4.475385524743389,,,fixed_reference,,,,TDINN控制
18832.46958655668,0.0014307125721003326,12.8872,,,,75.57641977089962,1377549.706167043,,,,,,,,1.0,10.0,0.0,0.0,,,routine,,,,常规控制
21157.325603303416,0.0016073331006080237,12.8872,16.682052665089582,122.65524397616119,105.9731913110716,292.0286074850923,21157.325603303416,2348221.2547251703,0.8456919839794939,0.6153467219941049,0.323,0.8456919839794939,30.980915099045937,45.762060707601094,1.0,1.0,25.34110209821851,0.23912747917379162,0.0,0.0,ok,13048466.019911252,2974125.4115856644,1711863.1646776996,情景一阈值控制
21157.325603303416,0.0016073331006080237,12.8872,,,,45.27247064225558,151.90363476994975,2096.75783869108,,,,,,,1.0,1.0,30.19670066954218,0.6669991772297433,,,fixed_reference,,,,TDINN控制
21157.325603303416,0.0016073331006080237,12.8872,,,,75.57641977089962,1377549.706167043,,,,,,,,1.0,1.0,0.0,0.0,,,routine,,,,常规控制
21157.325603303416,0.0016073331006080237,12.8872,16.682052665089582,122.65524397616119,105.9731913110716,292.0286074850923,21157.325603303416,2348221.2547251703,0.8456919839794939,0.6153467219941049,0.323,0.8456919839794939,30.980915099045937,45.762060707601094,1.0,2.0,50.68220419643702,0.47825495834758325,0.0,0.0,ok,13048466.019911252,2974125.4115856644,1711863.1646776996,情景一阈值控制
21157.325603303416,0.0016073331006080237,12.8872,,,,45.27247064225558,151.90363476994975,2096.75783869108,,,,,,,1.0,2.0,49.35392945978424,1.0901532158423708,,,fixed_reference,,,,TDINN控制
21157.325603303416,0.0016073331006080237,12.8872,,,,75.57641977089962,1377549.706167043,,,,,,,,1.0,2.0,0.0,0.0,,,routine,,,,常规控制
21157.325603303416,0.0016073331006080237,12.8872,16.682052665089582,122.65524397616119,105.9731913110716,292.0286074850923,21157.325603303416,2348221.2547251703,0.8456919839794939,0.6153467219941049,0.323,0.8456919839794939,30.980915099045937,45.762060707601094,1.0,5.0,126.70551049109255,1.1956373958689581,0.0,0.0,ok,13048466.019911252,2974125.4115856644,1711863.1646776996,情景一阈值控制
21157.325603303416,0.0016073331006080237,12.8872,,,,45.27247064225558,151.90363476994975,2096.75783869108,,,,,,,1.0,5.0,106.82561583051039,2.3596153316802524,,,fixed_reference,,,,TDINN控制
21157.325603303416,0.0016073331006080237,12.8872,,,,75.57641977089962,1377549.706167043,,,,,,,,1.0,5.0,0.0,0.0,,,routine,,,,常规控制
21157.325603303416,0.0016073331006080237,12.8872,16.682052665089582,122.65524397616119,105.9731913110716,292.0286074850923,21157.325603303416,2348221.2547251703,0.8456919839794939,0.6153467219941049,0.323,0.8456919839794939,30.980915099045937,45.762060707601094,1.0,10.0,253.4110209821851,2.3912747917379162,0.0,0.0,ok,13048466.019911252,2974125.4115856644,1711863.1646776996,情景一阈值控制
21157.325603303416,0.0016073331006080237,12.8872,,,,45.27247064225558,151.90363476994975,2096.75783869108,,,,,,,1.0,10.0,202.61175978172065,4.475385524743389,,,fixed_reference,,,,TDINN控制
21157.325603303416,0.0016073331006080237,12.8872,,,,75.57641977089962,1377549.706167043,,,,,,,,1.0,10.0,0.0,0.0,,,routine,,,,常规控制
23769.183570259636,0.0018057573175005422,12.8872,16.798563465709805,111.07326839343267,94.27470492772287,273.2495677927412,23769.183570259636,2363640.920181715,0.8455243537262609,0.6154412138644307,0.323,0.8455243537262609,27.569809145774304,40.723499476771494,1.0,1.0,22.548989378988196,0.23918387648389589,0.0,0.0,ok,13034306.392060636,2974125.4115856644,1711863.1646776996,情景一阈值控制
23769.183570259636,0.0018057573175005422,12.8872,,,,45.27247064225558,151.90363476994975,2096.75783869108,,,,,,,1.0,1.0,30.19670066954218,0.6669991772297433,,,fixed_reference,,,,TDINN控制
23769.183570259636,0.0018057573175005422,12.8872,,,,75.57641977089962,1377549.706167043,,,,,,,,1.0,1.0,0.0,0.0,,,routine,,,,常规控制
23769.183570259636,0.0018057573175005422,12.8872,16.798563465709805,111.07326839343267,94.27470492772287,273.2495677927412,23769.183570259636,2363640.920181715,0.8455243537262609,0.6154412138644307,0.323,0.8455243537262609,27.569809145774304,40.723499476771494,1.0,2.0,45.09797875797639,0.47836775296779177,0.0,0.0,ok,13034306.392060636,2974125.4115856644,1711863.1646776996,情景一阈值控制
23769.183570259636,0.0018057573175005422,12.8872,,,,45.27247064225558,151.90363476994975,2096.75783869108,,,,,,,1.0,2.0,49.35392945978424,1.0901532158423708,,,fixed_reference,,,,TDINN控制
23769.183570259636,0.0018057573175005422,12.8872,,,,75.57641977089962,1377549.706167043,,,,,,,,1.0,2.0,0.0,0.0,,,routine,,,,常规控制
23769.183570259636,0.0018057573175005422,12.8872,16.798563465709805,111.07326839343267,94.27470492772287,273.2495677927412,23769.183570259636,2363640.920181715,0.8455243537262609,0.6154412138644307,0.323,0.8455243537262609,27.569809145774304,40.723499476771494,1.0,5.0,112.744946894941,1.1959193824194796,0.0,0.0,ok,13034306.392060636,2974125.4115856644,1711863.1646776996,情景一阈值控制
23769.183570259636,0.0018057573175005422,12.8872,,,,45.27247064225558,151.90363476994975,2096.75783869108,,,,,,,1.0,5.0,106.82561583051039,2.3596153316802524,,,fixed_reference,,,,TDINN控制
23769.183570259636,0.0018057573175005422,12.8872,,,,75.57641977089962,1377549.706167043,,,,,,,,1.0,5.0,0.0,0.0,,,routine,,,,常规控制
23769.183570259636,0.0018057573175005422,12.8872,16.798563465709805,111.07326839343267,94.27470492772287,273.2495677927412,23769.183570259636,2363640.920181715,0.8455243537262609,0.6154412138644307,0.323,0.8455243537262609,27.569809145774304,40.723499476771494,1.0,10.0,225.489893789882,2.391838764838959,0.0,0.0,ok,13034306.392060636,2974125.4115856644,1711863.1646776996,情景一阈值控制
23769.183570259636,0.0018057573175005422,12.8872,,,,45.27247064225558,151.90363476994975,2096.75783869108,,,,,,,1.0,10.0,202.61175978172065,4.475385524743389,,,fixed_reference,,,,TDINN控制
23769.183570259636,0.0018057573175005422,12.8872,,,,75.57641977089962,1377549.706167043,,,,,,,,1.0,10.0,0.0,0.0,,,routine,,,,常规控制
26326.0,0.002,12.8872,16.90089167316588,101.97196883954985,85.07107716638396,258.10898106970456,26326.0,2377943.137986603,0.8453598505859481,0.6155662375638221,0.323,0.8453598505859481,24.888924972070534,36.763552395968276,1.0,1.0,20.355480820508184,0.2392761617523247,0.0,0.0,ok,13020440.754052531,2974125.4115856644,1711863.1646776996,情景一阈值控制
26326.0,0.002,12.8872,,,,45.27247064225558,151.90363476994975,2096.75783869108,,,,,,,1.0,1.0,30.19670066954218,0.6669991772297433,,,fixed_reference,,,,TDINN控制
26326.0,0.002,12.8872,,,,75.57641977089962,1377549.706167043,,,,,,,,1.0,1.0,0.0,0.0,,,routine,,,,常规控制
26326.0,0.002,12.8872,16.90089167316588,101.97196883954985,85.07107716638396,258.10898106970456,26326.0,2377943.137986603,0.8453598505859481,0.6155662375638221,0.323,0.8453598505859481,24.888924972070534,36.763552395968276,1.0,2.0,40.71096164101637,0.4785523235046494,0.0,0.0,ok,13020440.754052531,2974125.4115856644,1711863.1646776996,情景一阈值控制
26326.0,0.002,12.8872,,,,45.27247064225558,151.90363476994975,2096.75783869108,,,,,,,1.0,2.0,49.35392945978424,1.0901532158423708,,,fixed_reference,,,,TDINN控制
26326.0,0.002,12.8872,,,,75.57641977089962,1377549.706167043,,,,,,,,1.0,2.0,0.0,0.0,,,routine,,,,常规控制
26326.0,0.002,12.8872,16.90089167316588,101.97196883954985,85.07107716638396,258.10898106970456,26326.0,2377943.137986603,0.8453598505859481,0.6155662375638221,0.323,0.8453598505859481,24.888924972070534,36.763552395968276,1.0,5.0,101.77740410254091,1.1963808087616234,0.0,0.0,ok,13020440.754052531,2974125.4115856644,1711863.1646776996,情景一阈值控制
26326.0,0.002,12.8872,,,,45.27247064225558,151.90363476994975,2096.75783869108,,,,,,,1.0,5.0,106.82561583051039,2.3596153316802524,,,fixed_reference,,,,TDINN控制
26326.0,0.002,12.8872,,,,75.57641977089962,1377549.706167043,,,,,,,,1.0,5.0,0.0,0.0,,,routine,,,,常规控制
26326.0,0.002,12.8872,16.90089167316588,101.97196883954985,85.07107716638396,258.10898106970456,26326.0,2377943.137986603,0.8453598505859481,0.6155662375638221,0.323,0.8453598505859481,24.888924972070534,36.763552395968276,1.0,10.0,203.55480820508183,2.392761617523247,0.0,0.0,ok,13020440.754052531,2974125.4115856644,1711863.1646776996,情景一阈值控制
26326.0,0.002,12.8872,,,,45.27247064225558,151.90363476994975,2096.75783869108,,,,,,,1.0,10.0,202.61175978172065,4.475385524743389,,,fixed_reference,,,,TDINN控制
26326.0,0.002,12.8872,,,,75.57641977089962,1377549.706167043,,,,,,,,1.0,10.0,0.0,0.0,,,routine,,,,常规控制
26703.473689911352,0.002028676873806226,12.8872,16.91514053530766,100.77674829861371,83.86160776330605,256.09212762144557,26703.473689911352,2379995.46167807,0.845335530204596,0.6155871678647896,0.323,0.845335530204596,24.536830308053574,36.243471651482395,1.0,1.0,20.06745801200314,0.2392925505153948,0.0,0.0,ok,13018393.340804167,2974125.4115856644,1711863.1646776996,情景一阈值控制
26703.473689911352,0.002028676873806226,12.8872,,,,45.27247064225558,151.90363476994975,2096.75783869108,,,,,,,1.0,1.0,30.19670066954218,0.6669991772297433,,,fixed_reference,,,,TDINN控制
26703.473689911352,0.002028676873806226,12.8872,,,,75.57641977089962,1377549.706167043,,,,,,,,1.0,1.0,0.0,0.0,,,routine,,,,常规控制
26703.473689911352,0.002028676873806226,12.8872,16.91514053530766,100.77674829861371,83.86160776330605,256.09212762144557,26703.473689911352,2379995.46167807,0.845335530204596,0.6155871678647896,0.323,0.845335530204596,24.536830308053574,36.243471651482395,1.0,2.0,40.13491602400628,0.4785851010307896,0.0,0.0,ok,13018393.340804167,2974125.4115856644,1711863.1646776996,情景一阈值控制
26703.473689911352,0.002028676873806226,12.8872,,,,45.27247064225558,151.90363476994975,2096.75783869108,,,,,,,1.0,2.0,49.35392945978424,1.0901532158423708,,,fixed_reference,,,,TDINN控制
26703.473689911352,0.002028676873806226,12.8872,,,,75.57641977089962,1377549.706167043,,,,,,,,1.0,2.0,0.0,0.0,,,routine,,,,常规控制
26703.473689911352,0.002028676873806226,12.8872,16.91514053530766,100.77674829861371,83.86160776330605,256.09212762144557,26703.473689911352,2379995.46167807,0.845335530204596,0.6155871678647896,0.323,0.845335530204596,24.536830308053574,36.243471651482395,1.0,5.0,100.33729006001569,1.196462752576974,0.0,0.0,ok,13018393.340804167,2974125.4115856644,1711863.1646776996,情景一阈值控制
26703.473689911352,0.002028676873806226,12.8872,,,,45.27247064225558,151.90363476994975,2096.75783869108,,,,,,,1.0,5.0,106.82561583051039,2.3596153316802524,,,fixed_reference,,,,TDINN控制
26703.473689911352,0.002028676873806226,12.8872,,,,75.57641977089962,1377549.706167043,,,,,,,,1.0,5.0,0.0,0.0,,,routine,,,,常规控制
26703.473689911352,0.002028676873806226,12.8872,16.91514053530766,100.77674829861371,83.86160776330605,256.09212762144557,26703.473689911352,2379995.46167807,0.845335530204596,0.6155871678647896,0.323,0.845335530204596,24.536830308053574,36.243471651482395,1.0,10.0,200.67458012003138,2.392925505153948,0.0,0.0,ok,13018393.340804167,2974125.4115856644,1711863.1646776996,情景一阈值控制
26703.473689911352,0.002028676873806226,12.8872,,,,45.27247064225558,151.90363476994975,2096.75783869108,,,,,,,1.0,10.0,202.61175978172065,4.475385524743389,,,fixed_reference,,,,TDINN控制
26703.473689911352,0.002028676873806226,12.8872,,,,75.57641977089962,1377549.706167043,,,,,,,,1.0,10.0,0.0,0.0,,,routine,,,,常规控制
30000.0,0.0022791157031071944,12.8872,17.03195231304367,91.62459668800149,74.59264437495781,240.39921980813347,30000.0,2397343.1441622237,0.8451227632865601,0.6122966626286874,0.323,0.8451227632865601,21.579403074323825,31.87504146872056,1.0,1.0,17.565029346610483,0.2354793759330431,0.0,0.0,ok,13000508.960325282,2974125.4115856644,1711863.1646776996,情景一阈值控制
30000.0,0.0022791157031071944,12.8872,,,,45.27247064225558,151.90363476994975,2096.75783869108,,,,,,,1.0,1.0,30.19670066954218,0.6669991772297433,,,fixed_reference,,,,TDINN控制
30000.0,0.0022791157031071944,12.8872,,,,75.57641977089962,1377549.706167043,,,,,,,,1.0,1.0,0.0,0.0,,,routine,,,,常规控制
30000.0,0.0022791157031071944,12.8872,17.03195231304367,91.62459668800149,74.59264437495781,240.39921980813347,30000.0,2397343.1441622237,0.8451227632865601,0.6122966626286874,0.323,0.8451227632865601,21.579403074323825,31.87504146872056,1.0,2.0,35.13005869322097,0.4709587518660862,0.0,0.0,ok,13000508.960325282,2974125.4115856644,1711863.1646776996,情景一阈值控制
30000.0,0.0022791157031071944,12.8872,,,,45.27247064225558,151.90363476994975,2096.75783869108,,,,,,,1.0,2.0,49.35392945978424,1.0901532158423708,,,fixed_reference,,,,TDINN控制
30000.0,0.0022791157031071944,12.8872,,,,75.57641977089962,1377549.706167043,,,,,,,,1.0,2.0,0.0,0.0,,,routine,,,,常规控制
30000.0,0.0022791157031071944,12.8872,17.03195231304367,91.62459668800149,74.59264437495781,240.39921980813347,30000.0,2397343.1441622237,0.8451227632865601,0.6122966626286874,0.323,0.8451227632865601,21.579403074323825,31.87504146872056,1.0,5.0,87.82514673305239,1.1773968796652152,0.0,0.0,ok,13000508.960325282,2974125.4115856644,1711863.1646776996,情景一阈值控制
30000.0,0.0022791157031071944,12.8872,,,,45.27247064225558,151.90363476994975,2096.75783869108,,,,,,,1.0,5.0,106.82561583051039,2.3596153316802524,,,fixed_reference,,,,TDINN控制
30000.0,0.0022791157031071944,12.8872,,,,75.57641977089962,1377549.706167043,,,,,,,,1.0,5.0,0.0,0.0,,,routine,,,,常规控制
30000.0,0.0022791157031071944,12.8872,17.03195231304367,91.62459668800149,74.59264437495781,240.39921980813347,30000.0,2397343.1441622237,0.8451227632865601,0.6122966626286874,0.323,0.8451227632865601,21.579403074323825,31.87504146872056,1.0,10.0,175.65029346610478,2.3547937593304304,0.0,0.0,ok,13000508.960325282,2974125.4115856644,1711863.1646776996,情景一阈值控制
30000.0,0.0022791157031071944,12.8872,,,,45.27247064225558,151.90363476994975,2096.75783869108,,,,,,,1.0,10.0,202.61175978172065,4.475385524743389,,,fixed_reference,,,,TDINN控制
30000.0,0.0022791157031071944,12.8872,,,,75.57641977089962,1377549.706167043,,,,,,,,1.0,10.0,0.0,0.0,,,routine,,,,常规控制
