N_eff,eta,eta_fraction,t,I,q,phase
50000.0,80.0,0.0016,0.0,0.0013085564730700168,0.323,pre-control
50000.0,80.0,0.0016,0.02496350136484156,0.0013420240560798608,0.323,pre-control
50000.0,80.0,0.0016,0.04992700272968312,0.0013763476255439484,0.323,pre-control
50000.0,80.0,0.0016,0.07098037119215239,0.0014060352838661822,0.323,pre-control
50000.0,80.0,0.0016,0.07489050409452468,0.0014115490186306255,0.323,pre-control
50000.0,80.0,0.0016,0.09985400545936624,0.0014476506740158852,0.323,pre-control
50000.0,80.0,0.0016,0.1248175068242078,0.0014846756318833683,0.323,pre-control
50000.0,80.0,0.0016,0.14196074238430478,0.0015107521526341989,0.323,pre-control
50000.0,80.0,0.0016,0.14978100818904935,0.0015226475339243618,0.323,pre-control
50000.0,80.0,0.0016,0.17474450955389093,0.0015615906233378005,0.323,pre-control
50000.0,80.0,0.0016,0.19970801091873247,0.001601529744830266,0.323,pre-control
50000.0,80.0,0.0016,0.21294111357645717,0.0016232477131943887,0.323,pre-control
50000.0,80.0,0.0016,0.22467151228357402,0.0016424994665140077,0.323,pre-control
50000.0,80.0,0.0016,0.2496350136484156,0.0016845999669302246,0.323,pre-control
50000.0,80.0,0.0016,0.27459851501325716,0.0017278585717672953,0.323,pre-control
50000.0,80.0,0.0016,0.28392148476860957,0.0017444499688383348,0.323,pre-control
50000.0,80.0,0.0016,0.2995620163780987,0.0017722842616811492,0.323,pre-control
50000.0,80.0,0.0016,0.32452551774294025,0.001817887879826975,0.323,pre-control
50000.0,80.0,0.0016,0.34948901910778185,0.0018646821318592192,0.323,pre-control
50000.0,80.0,0.0016,0.35490185596076196,0.0018750898551240234,0.323,pre-control
50000.0,80.0,0.0016,0.3744525204726234,0.0019126815859315859,0.323,pre-control
50000.0,80.0,0.0016,0.39941602183746494,0.001961902672697038,0.323,pre-control
50000.0,80.0,0.0016,0.4243795232023065,0.0020123636853077963,0.323,pre-control
50000.0,80.0,0.0016,0.42588222715291435,0.002015477090407076,0.323,pre-control
50000.0,80.0,0.0016,0.44934302456714803,0.0020640847794153394,0.323,pre-control
50000.0,80.0,0.0016,0.47430652593198963,0.002117087973170405,0.323,pre-control
50000.0,80.0,0.0016,0.49686259834506674,0.002166159681690819,0.323,pre-control
50000.0,80.0,0.0016,0.4992700272968312,0.002171397147222988,0.323,pre-control
50000.0,80.0,0.0016,0.5242335286616727,0.002227038044722342,0.323,pre-control
50000.0,80.0,0.0016,0.5491970300265143,0.002284038271316978,0.323,pre-control
50000.0,80.0,0.0016,0.5678429695372191,0.0023276506713026624,0.323,pre-control
50000.0,80.0,0.0016,0.5741605313913558,0.0023424272951546666,0.323,pre-control
50000.0,80.0,0.0016,0.5991240327561974,0.002402236446882435,0.323,pre-control
50000.0,80.0,0.0016,0.624087534121039,0.0024634989196465687,0.323,pre-control
50000.0,80.0,0.0016,0.6388233407293715,0.002500540373424676,0.323,pre-control
50000.0,80.0,0.0016,0.6490510354858805,0.002526249769092613,0.323,pre-control
50000.0,80.0,0.0016,0.6740145368507221,0.0025905259133653692,0.323,pre-control
50000.0,80.0,0.0016,0.6989780382155637,0.002656366133108898,0.323,pre-control
50000.0,80.0,0.0016,0.7098037119215239,0.0026856143096810558,0.323,pre-control
50000.0,80.0,0.0016,0.7239415395804052,0.002723811071466517,0.323,pre-control
50000.0,80.0,0.0016,0.7489050409452468,0.0027929032340808057,0.323,pre-control
50000.0,80.0,0.0016,0.7738685423100883,0.002863686989093596,0.323,pre-control
50000.0,80.0,0.0016,0.7807840831136763,0.0028837773572207293,0.323,pre-control
50000.0,80.0,0.0016,0.7988320436749299,0.0029362085671459817,0.323,pre-control
50000.0,80.0,0.0016,0.8237955450397715,0.003010516061378315,0.323,pre-control
50000.0,80.0,0.0016,0.848759046404613,0.0030866594274302035,0.323,pre-control
50000.0,80.0,0.0016,0.8517644543058287,0.0030960537487173564,0.323,pre-control
50000.0,80.0,0.0016,0.8737225477694546,0.003164690483440516,0.323,pre-control
50000.0,80.0,0.0016,0.8986860491342961,0.003244662910047377,0.323,pre-control
50000.0,80.0,0.0016,0.9227448254979811,0.0033236615248296536,0.323,pre-control
50000.0,80.0,0.0016,0.9236495504991377,0.0033266322503881715,0.323,pre-control
50000.0,80.0,0.0016,0.9486130518639793,0.00341065591009954,0.323,pre-control
50000.0,80.0,0.0016,0.9735765532288208,0.003496793157317383,0.323,pre-control
50000.0,80.0,0.0016,0.9937251966901335,0.0035680718724859987,0.323,pre-control
50000.0,80.0,0.0016,0.9985400545936624,0.00358510512267686,0.323,pre-control
50000.0,80.0,0.0016,1.023503555958504,0.003675654799312384,0.323,pre-control
50000.0,80.0,0.0016,1.0484670573233454,0.0037685070428576323,0.323,pre-control
50000.0,80.0,0.0016,1.0647055678822859,0.0038304477047389368,0.323,pre-control
50000.0,80.0,0.0016,1.073430558688187,0.003863728571445536,0.323,pre-control
50000.0,80.0,0.0016,1.0983940600530286,0.003961387965708288,0.323,pre-control
50000.0,80.0,0.0016,1.1233575614178701,0.004061555668777335,0.323,pre-control
50000.0,80.0,0.0016,1.1356859390744383,0.004112298553089853,0.323,pre-control
50000.0,80.0,0.0016,1.1483210627827116,0.004164303986283383,0.323,pre-control
50000.0,80.0,0.0016,1.1732845641475533,0.004269707086356401,0.323,pre-control
50000.0,80.0,0.0016,1.1982480655123948,0.00437784099962561,0.323,pre-control
50000.0,80.0,0.0016,1.2066663102665907,0.004415253304564863,0.323,pre-control
50000.0,80.0,0.0016,1.2232115668772363,0.00448878361921949,0.323,pre-control
50000.0,80.0,0.0016,1.248175068242078,0.004602614700765782,0.323,pre-control
50000.0,80.0,0.0016,1.2731385696069195,0.004719415862391485,0.323,pre-control
50000.0,80.0,0.0016,1.277646681458743,0.004741060201714816,0.323,pre-control
50000.0,80.0,0.0016,1.298102070971761,0.004839270584722853,0.323,pre-control
50000.0,80.0,0.0016,1.3230655723366027,0.004962264210885401,0.323,pre-control
50000.0,80.0,0.0016,1.3480290737014442,0.005088483946503901,0.323,pre-control
50000.0,80.0,0.0016,1.3486270526508954,0.005091586842615292,0.323,pre-control
50000.0,80.0,0.0016,1.3729925750662857,0.005218018859702382,0.323,pre-control
50000.0,80.0,0.0016,1.3979560764311274,0.005350959881104136,0.323,pre-control
50000.0,80.0,0.0016,1.4196074238430478,0.005469296973511803,0.323,pre-control
50000.0,80.0,0.0016,1.422919577795969,0.005487399803831704,0.323,pre-control
50000.0,80.0,0.0016,1.4478830791608104,0.005627433283506895,0.323,pre-control
50000.0,80.0,0.0016,1.4728465805256519,0.005771156838250772,0.323,pre-control
50000.0,80.0,0.0016,1.4905877950352002,0.005875991580043457,0.323,pre-control
50000.0,80.0,0.0016,1.4978100818904936,0.0059186688486836565,0.323,pre-control
50000.0,80.0,0.0016,1.522773583255335,0.006070069557925124,0.323,pre-control
50000.0,80.0,0.0016,1.5477370846201766,0.006225461071594013,0.323,pre-control
50000.0,80.0,0.0016,1.5615681662273526,0.0063138247913951,0.323,pre-control
50000.0,80.0,0.0016,1.5727005859850183,0.006384947357808422,0.323,pre-control
50000.0,80.0,0.0016,1.5976640873498598,0.006548634247185702,0.323,pre-control
50000.0,80.0,0.0016,1.6226275887147013,0.006716629432842465,0.323,pre-control
50000.0,80.0,0.0016,1.632548537419505,0.006785149504470038,0.323,pre-control
50000.0,80.0,0.0016,1.647591090079543,0.0068890424703945815,0.323,pre-control
50000.0,80.0,0.0016,1.6725545914443845,0.007065984777957178,0.323,pre-control
50000.0,80.0,0.0016,1.697518092809226,0.007247569636144643,0.323,pre-control
50000.0,80.0,0.0016,1.7035289086116574,0.007292437971696304,0.323,pre-control
50000.0,80.0,0.0016,1.7224815941740677,0.007433912188070621,0.323,pre-control
50000.0,80.0,0.0016,1.7474450955389091,0.007625129439348012,0.323,pre-control
50000.0,80.0,0.0016,1.7724085969037506,0.007821340258088977,0.323,pre-control
50000.0,80.0,0.0016,1.7745092798038098,0.007838281801026673,0.323,pre-control
50000.0,80.0,0.0016,1.7973720982685921,0.008022665374904935,0.323,pre-control
50000.0,80.0,0.0016,1.8223355996334338,0.008229227382906566,0.323,pre-control
50000.0,80.0,0.0016,1.8454896509959622,0.008425789722867632,0.323,pre-control
50000.0,80.0,0.0016,1.8472991009982753,0.0084411507377038,0.323,pre-control
50000.0,80.0,0.0016,1.8722626023631168,0.008658561757405836,0.323,pre-control
50000.0,80.0,0.0016,1.8972261037279585,0.008881588622621122,0.323,pre-control
50000.0,80.0,0.0016,1.9164700221881146,0.009057945462809032,0.323,pre-control
50000.0,80.0,0.0016,1.9221896050928,0.009110361376457366,0.323,pre-control
50000.0,80.0,0.0016,1.9471531064576415,0.009345011924521538,0.323,pre-control
50000.0,80.0,0.0016,1.9721166078224832,0.009585674034919865,0.323,pre-control
50000.0,80.0,0.0016,1.987450393380267,0.009737276203050831,0.323,pre-control
50000.0,80.0,0.0016,1.9970801091873247,0.009832483338257826,0.323,pre-control
50000.0,80.0,0.0016,2.022043610552166,0.010085577327640167,0.323,pre-control
50000.0,80.0,0.0016,2.047007111917008,0.010345095358670888,0.323,pre-control
50000.0,80.0,0.0016,2.058430764572419,0.010466858850373517,0.323,pre-control
50000.0,80.0,0.0016,2.071970613281849,0.010611178649453245,0.323,pre-control
50000.0,80.0,0.0016,2.096934114646691,0.01088397028058976,0.323,pre-control
50000.0,80.0,0.0016,2.1218976160115326,0.011163615195182204,0.323,pre-control
50000.0,80.0,0.0016,2.1294111357645717,0.01124988966708233,0.323,pre-control
50000.0,80.0,0.0016,2.146861117376374,0.011450260198831604,0.323,pre-control
50000.0,80.0,0.0016,2.1718246187412156,0.011744053959638262,0.323,pre-control
50000.0,80.0,0.0016,2.1967881201060573,0.012045147008201723,0.323,pre-control
50000.0,80.0,0.0016,2.2003915069567244,0.012089684271007218,0.323,pre-control
50000.0,80.0,0.0016,2.2217516214708986,0.012353691737620786,0.323,pre-control
50000.0,80.0,0.0016,2.2467151228357403,0.012669842403493529,0.323,pre-control
50000.0,80.0,0.0016,2.2713718781488765,0.012990023014356937,0.323,pre-control
50000.0,80.0,0.0016,2.271678624200582,0.012994006269126987,0.323,pre-control
50000.0,80.0,0.0016,2.2966421255654232,0.013326715314697552,0.323,pre-control
50000.0,80.0,0.0016,2.321605626930265,0.013668115798535739,0.323,pre-control
50000.0,80.0,0.0016,2.3423522493410287,0.013959196827360115,0.323,pre-control
50000.0,80.0,0.0016,2.3465691282951067,0.014018360841630892,0.323,pre-control
50000.0,80.0,0.0016,2.371532629659948,0.014377614896022727,0.323,pre-control
50000.0,80.0,0.0016,2.3964961310247896,0.01474605374480136,0.323,pre-control
50000.0,80.0,0.0016,2.4133326205331813,0.015000866030889445,0.323,pre-control
50000.0,80.0,0.0016,2.4214596323896314,0.015123864502107263,0.323,pre-control
50000.0,80.0,0.0016,2.4464231337544726,0.015511245613131285,0.323,pre-control
50000.0,80.0,0.0016,2.4713866351193143,0.015908406854114678,0.323,pre-control
50000.0,80.0,0.0016,2.484312991725334,0.016119239754248657,0.323,pre-control
50000.0,80.0,0.0016,2.496350136484156,0.016315569332349043,0.323,pre-control
50000.0,80.0,0.0016,2.5213136378489973,0.016732965486176362,0.323,pre-control
50000.0,80.0,0.0016,2.546277139213839,0.017160839084989016,0.323,pre-control
50000.0,80.0,0.0016,2.555293362917486,0.017319253205527334,0.323,pre-control
50000.0,80.0,0.0016,2.5712406405786807,0.017599445229229745,0.323,pre-control
50000.0,80.0,0.0016,2.596204141943522,0.018049050350391657,0.323,pre-control
50000.0,80.0,0.0016,2.6211676433083637,0.018509932211018272,0.323,pre-control
50000.0,80.0,0.0016,2.6262737341096383,0.01860656772650757,0.323,pre-control
50000.0,80.0,0.0016,2.6461311446732054,0.018982379904703455,0.323,pre-control
50000.0,80.0,0.0016,2.6710946460380467,0.019466693856091448,0.323,pre-control
50000.0,80.0,0.0016,2.6960581474028884,0.019963185820876903,0.323,pre-control
50000.0,80.0,0.0016,2.697254105301791,0.01998757079266393,0.323,pre-control
50000.0,80.0,0.0016,2.72102164876773,0.02047217888580482,0.323,pre-control
50000.0,80.0,0.0016,2.7459851501325714,0.02099400746867057,0.323,pre-control
50000.0,80.0,0.0016,2.7682344764939435,0.021470847979840307,0.323,pre-control
50000.0,80.0,0.0016,2.770948651497413,0.021529017318319944,0.323,pre-control
50000.0,80.0,0.0016,2.795912152862255,0.022077565514649063,0.323,pre-control
50000.0,80.0,0.0016,2.820875654227096,0.02264002046860444,0.323,pre-control
50000.0,80.0,0.0016,2.8392148476860957,0.023063717967541756,0.323,pre-control
50000.0,80.0,0.0016,2.845839155591938,0.023216761922182992,0.323,pre-control
50000.0,80.0,0.0016,2.870802656956779,0.023808180948431963,0.323,pre-control
50000.0,80.0,0.0016,2.8957661583216208,0.024414679951449036,0.323,pre-control
50000.0,80.0,0.0016,2.910195218878248,0.02477419564671892,0.323,pre-control
50000.0,80.0,0.0016,2.9207296596864625,0.025036672666382216,0.323,pre-control
50000.0,80.0,0.0016,2.9456931610513037,0.0256745841594299,0.323,pre-control
50000.0,80.0,0.0016,2.9706566624161455,0.0263288508278409,0.323,pre-control
50000.0,80.0,0.0016,2.9811755900704004,0.026611620947963325,0.323,pre-control
50000.0,80.0,0.0016,2.995620163780987,0.02699992039991436,0.323,pre-control
50000.0,80.0,0.0016,3.0205836651458284,0.0276882519349998,0.323,pre-control
50000.0,80.0,0.0016,3.04554716651067,0.028394315823497156,0.323,pre-control
50000.0,80.0,0.0016,3.052155961262553,0.028586059935558957,0.323,pre-control
50000.0,80.0,0.0016,3.070510667875512,0.029118593786856724,0.323,pre-control
50000.0,80.0,0.0016,3.095474169240353,0.029861578877579148,0.323,pre-control
50000.0,80.0,0.0016,3.120437670605195,0.0306237754792155,0.323,pre-control
50000.0,80.0,0.0016,3.1231363324547052,0.0307083048074823,0.323,pre-control
50000.0,80.0,0.0016,3.1454011719700365,0.03140569930636719,0.323,pre-control
50000.0,80.0,0.0016,3.170364673334878,0.032207877404686024,0.323,pre-control
50000.0,80.0,0.0016,3.1941167036468574,0.03299090963336463,0.323,pre-control
50000.0,80.0,0.0016,3.1953281746997195,0.033030848150874176,0.323,pre-control
50000.0,80.0,0.0016,3.2202916760645612,0.033875161252684215,0.323,pre-control
50000.0,80.0,0.0016,3.2452551774294025,0.03474137774891904,0.323,pre-control
50000.0,80.0,0.0016,3.26509707483901,0.03544774262955414,0.323,pre-control
50000.0,80.0,0.0016,3.270218678794244,0.03563007000943202,0.323,pre-control
50000.0,80.0,0.0016,3.295182180159086,0.0365418217351268,0.323,pre-control
50000.0,80.0,0.0016,3.320145681523927,0.03747722795795744,0.323,pre-control
50000.0,80.0,0.0016,3.3360774460311626,0.03808968971753946,0.323,pre-control
50000.0,80.0,0.0016,3.345109182888769,0.03843689504092841,0.323,pre-control
50000.0,80.0,0.0016,3.3700726842536106,0.039421440678094534,0.323,pre-control
50000.0,80.0,0.0016,3.395036185618452,0.04043149389456096,0.323,pre-control
50000.0,80.0,0.0016,3.407057817223315,0.04093049555041399,0.323,pre-control
50000.0,80.0,0.0016,3.4199996869832936,0.04146769504648334,0.323,pre-control
50000.0,80.0,0.0016,3.4449631883481353,0.04253069582106757,0.323,pre-control
50000.0,80.0,0.0016,3.4699266897129766,0.04362115923656998,0.323,pre-control
50000.0,80.0,0.0016,3.478038188415467,0.043984630914963685,0.323,pre-control
50000.0,80.0,0.0016,3.4948901910778183,0.04473975964229732,0.323,pre-control
50000.0,80.0,0.0016,3.51985369244266,0.04588718271860663,0.323,pre-control
50000.0,80.0,0.0016,3.5448171938075013,0.047064125476905395,0.323,pre-control
50000.0,80.0,0.0016,3.5490185596076196,0.04726729273166695,0.323,pre-control
50000.0,80.0,0.0016,3.569780695172343,0.04827129625965145,0.323,pre-control
50000.0,80.0,0.0016,3.5947441965371842,0.049509414740352996,0.323,pre-control
50000.0,80.0,0.0016,3.619707697902026,0.05077921192356867,0.323,pre-control
50000.0,80.0,0.0016,3.619998930799772,0.05079440405469466,0.323,pre-control
50000.0,80.0,0.0016,3.6446711992668677,0.05208143014490742,0.323,pre-control
50000.0,80.0,0.0016,3.669634700631709,0.053416823071028574,0.323,pre-control
50000.0,80.0,0.0016,3.6909793019919244,0.054587646773205684,0.323,pre-control
50000.0,80.0,0.0016,3.6945982019965506,0.054786155699641896,0.323,pre-control
50000.0,80.0,0.0016,3.7195617033613924,0.05619020435950746,0.323,pre-control
50000.0,80.0,0.0016,3.7445252047262336,0.057629756710435756,0.323,pre-control
50000.0,80.0,0.0016,3.7619596731840765,0.05866049144762467,0.323,pre-control
50000.0,80.0,0.0016,3.7694887060910753,0.059105611743287656,0.323,pre-control
50000.0,80.0,0.0016,3.794452207455917,0.060618579779974396,0.323,pre-control
50000.0,80.0,0.0016,3.8194157088207583,0.06216948247345755,0.323,pre-control
50000.0,80.0,0.0016,3.832940044376229,0.06303099687336519,0.323,pre-control
50000.0,80.0,0.0016,3.8443792101856,0.063759683767245,0.323,pre-control
50000.0,80.0,0.0016,3.8693427115504417,0.06539089311915107,0.323,pre-control
50000.0,80.0,0.0016,3.894306212915283,0.06706403491346609,0.323,pre-control
50000.0,80.0,0.0016,3.9039204155683818,0.06772493051467168,0.323,pre-control
50000.0,80.0,0.0016,3.9192697142801247,0.06878006575221654,0.323,pre-control
50000.0,80.0,0.0016,3.9442332156449664,0.07053998514788566,0.323,pre-control
50000.0,80.0,0.0016,3.9691967170098077,0.07234483552341356,0.323,pre-control
50000.0,80.0,0.0016,3.974900786760534,0.07276775186586971,0.323,pre-control
50000.0,80.0,0.0016,3.9941602183746494,0.0741957022121973,0.323,pre-control
50000.0,80.0,0.0016,4.019123719739491,0.07609371345809074,0.323,pre-control
50000.0,80.0,0.0016,4.044087221104332,0.0780400404154047,0.323,pre-control
50000.0,80.0,0.0016,4.045881157952686,0.07818346744857349,0.323,pre-control
50000.0,80.0,0.0016,4.069050722469174,0.08003589714890677,0.323,pre-control
50000.0,80.0,0.0016,4.094014223834016,0.08208254063382145,0.323,pre-control
50000.0,80.0,0.0016,4.116861529144838,0.08400335803686751,0.323,pre-control
50000.0,80.0,0.0016,4.1189777251988575,0.08418127075583014,0.323,pre-control
50000.0,80.0,0.0016,4.143941226563698,0.08633343031107099,0.323,pre-control
50000.0,80.0,0.0016,4.16890472792854,0.08854040500613929,0.323,pre-control
50000.0,80.0,0.0016,4.187841900336991,0.09025726985599097,0.323,pre-control
50000.0,80.0,0.0016,4.193868229293382,0.09080362345808696,0.323,pre-control
50000.0,80.0,0.0016,4.2188317306582235,0.09312455719442284,0.323,pre-control
50000.0,80.0,0.0016,4.243795232023065,0.09550472065311269,0.323,pre-control
50000.0,80.0,0.0016,4.2588222715291435,0.09697407623358967,0.323,pre-control
50000.0,80.0,0.0016,4.268758733387907,0.09794567118257912,0.323,pre-control
50000.0,80.0,0.0016,4.293722234752748,0.10044900904170151,0.323,pre-control
50000.0,80.0,0.0016,4.318685736117589,0.1030163773998164,0.323,pre-control
50000.0,80.0,0.0016,4.329802642721296,0.10418895967885418,0.323,pre-control
50000.0,80.0,0.0016,4.343649237482431,0.10564946233671693,0.323,pre-control
50000.0,80.0,0.0016,4.368612738847273,0.1083499928426532,0.323,pre-control
50000.0,80.0,0.0016,4.393576240212115,0.11111974081833217,0.323,pre-control
50000.0,80.0,0.0016,4.400783013913449,0.11193985255447121,0.323,pre-control
50000.0,80.0,0.0016,4.418539741576956,0.11396052107491766,0.323,pre-control
50000.0,80.0,0.0016,4.443503242941797,0.11687419133403033,0.323,pre-control
50000.0,80.0,0.0016,4.468466744306639,0.11986265222774795,0.323,pre-control
50000.0,80.0,0.0016,4.471763385105601,0.12026743707662318,0.323,pre-control
50000.0,80.0,0.0016,4.4934302456714805,0.12292784729860484,0.323,pre-control
50000.0,80.0,0.0016,4.518393747036322,0.12607176299959238,0.323,pre-control
50000.0,80.0,0.0016,4.542743756297753,0.129217180718851,0.323,pre-control
50000.0,80.0,0.0016,4.543357248401164,0.12929642869415875,0.323,pre-control
50000.0,80.0,0.0016,4.568320749766006,0.13260391665620902,0.323,pre-control
50000.0,80.0,0.0016,4.5932842511308465,0.13599634207010505,0.323,pre-control
50000.0,80.0,0.0016,4.613724127489905,0.13884534058129872,0.323,pre-control
50000.0,80.0,0.0016,4.618247752495688,0.1394758630306658,0.323,pre-control
50000.0,80.0,0.0016,4.64321125386053,0.14304468054316696,0.323,pre-control
50000.0,80.0,0.0016,4.668174755225372,0.14670503852334105,0.323,pre-control
50000.0,80.0,0.0016,4.684704498682057,0.14919089651905026,0.323,pre-control
50000.0,80.0,0.0016,4.693138256590213,0.15045922379737747,0.323,pre-control
50000.0,80.0,0.0016,4.718101757955055,0.15430956610192256,0.323,pre-control
50000.0,80.0,0.0016,4.743065259319896,0.15825843808407933,0.323,pre-control
50000.0,80.0,0.0016,4.7556848698742105,0.16030571163565036,0.323,pre-control
50000.0,80.0,0.0016,4.768028760684738,0.16230825530140813,0.323,pre-control
50000.0,80.0,0.0016,4.792992262049579,0.16646147622192575,0.323,pre-control
50000.0,80.0,0.0016,4.817955763414421,0.17072060222410593,0.323,pre-control
50000.0,80.0,0.0016,4.826665241066363,0.17224439888813942,0.323,pre-control
50000.0,80.0,0.0016,4.842919264779263,0.17508817759687942,0.323,pre-control
50000.0,80.0,0.0016,4.8678827661441035,0.17956678953963354,0.323,pre-control
50000.0,80.0,0.0016,4.892846267508945,0.1841594539168449,0.323,pre-control
50000.0,80.0,0.0016,4.897645612258515,0.18506508074437422,0.323,pre-control
50000.0,80.0,0.0016,4.917809768873787,0.18887001707176163,0.323,pre-control
50000.0,80.0,0.0016,4.942773270238629,0.19370134803000888,0.323,pre-control
50000.0,80.0,0.0016,4.96773677160347,0.19865634922591785,0.323,pre-control
50000.0,80.0,0.0016,4.968625983450668,0.198837361278723,0.323,pre-control
50000.0,80.0,0.0016,4.992700272968312,0.20373803436258756,0.323,pre-control
50000.0,80.0,0.0016,5.017663774333153,0.2089495284118849,0.323,pre-control
50000.0,80.0,0.0016,5.03960635464282,0.21364730613770944,0.323,pre-control
50000.0,80.0,0.0016,5.042627275697995,0.2142940676144452,0.323,pre-control
50000.0,80.0,0.0016,5.067590777062836,0.2197749994796712,0.323,pre-control
50000.0,80.0,0.0016,5.092554278427678,0.2253957827857337,0.323,pre-control
50000.0,80.0,0.0016,5.110586725834972,0.22955957048004105,0.323,pre-control
50000.0,80.0,0.0016,5.11751777979252,0.23115998757957149,0.323,pre-control
50000.0,80.0,0.0016,5.1424812811573615,0.2370712951768913,0.323,pre-control
50000.0,80.0,0.0016,5.167444782522202,0.24313349816216762,0.323,pre-control
50000.0,80.0,0.0016,5.181567097027124,0.24665057132578022,0.323,pre-control
50000.0,80.0,0.0016,5.192408283887044,0.24935050038864337,0.323,pre-control
50000.0,80.0,0.0016,5.217371785251886,0.255726316978329,0.323,pre-control
50000.0,80.0,0.0016,5.242335286616727,0.2622650743220029,0.323,pre-control
50000.0,80.0,0.0016,5.2525474682192765,0.26500836873278183,0.323,pre-control
50000.0,80.0,0.0016,5.267298787981569,0.26897101007921154,0.323,pre-control
50000.0,80.0,0.0016,5.292262289346411,0.2758484731782692,0.323,pre-control
50000.0,80.0,0.0016,5.317225790711252,0.2829019238162579,0.323,pre-control
50000.0,80.0,0.0016,5.32352783941143,0.2847281532541886,0.323,pre-control
50000.0,80.0,0.0016,5.342189292076093,0.29013593345902855,0.323,pre-control
50000.0,80.0,0.0016,5.367152793440935,0.2975551848411989,0.323,pre-control
50000.0,80.0,0.0016,5.392116294805777,0.3051644719661551,0.323,pre-control
50000.0,80.0,0.0016,5.394508210603582,0.3059122459384305,0.323,pre-control
50000.0,80.0,0.0016,5.4170797961706185,0.3129687001060512,0.323,pre-control
50000.0,80.0,0.0016,5.44204329753546,0.32097288580180927,0.323,pre-control
50000.0,80.0,0.0016,5.465488581795734,0.32868288973070997,0.323,pre-control
50000.0,80.0,0.0016,5.467006798900301,0.3291821568631188,0.323,pre-control
50000.0,80.0,0.0016,5.491970300265143,0.33760175236843826,0.323,pre-control
50000.0,80.0,0.0016,5.5169338016299845,0.34623702266499323,0.323,pre-control
50000.0,80.0,0.0016,5.536468952987887,0.3531675907338313,0.323,pre-control
50000.0,80.0,0.0016,5.541897302994826,0.35509342936877747,0.323,pre-control
50000.0,80.0,0.0016,5.566860804359668,0.3641765453645526,0.323,pre-control
50000.0,80.0,0.0016,5.59182430572451,0.3734920548058482,0.323,pre-control
50000.0,80.0,0.0016,5.607449324180039,0.3794718534813938,0.323,pre-control
50000.0,80.0,0.0016,5.61678780708935,0.3830457531149615,0.323,pre-control
50000.0,80.0,0.0016,5.641751308454192,0.39284354698295865,0.323,pre-control
50000.0,80.0,0.0016,5.666714809819034,0.4028914543696729,0.323,pre-control
50000.0,80.0,0.0016,5.678429695372191,0.40772699215839187,0.323,pre-control
50000.0,80.0,0.0016,5.691678311183876,0.4131956057538829,0.323,pre-control
50000.0,80.0,0.0016,5.716641812548717,0.42376328566107574,0.323,pre-control
50000.0,80.0,0.0016,5.741605313913558,0.4346017863232764,0.323,pre-control
50000.0,80.0,0.0016,5.7494100665643435,0.4380771430120884,0.323,pre-control
50000.0,80.0,0.0016,5.7665688152784,0.4457177146974754,0.323,pre-control
50000.0,80.0,0.0016,5.7915323166432415,0.4571179156222825,0.323,pre-control
50000.0,80.0,0.0016,5.816495818008083,0.46880947181792804,0.323,pre-control
50000.0,80.0,0.0016,5.820390437756496,0.4706800986149827,0.323,pre-control
50000.0,80.0,0.0016,5.841459319372925,0.4807997038862627,0.323,pre-control
50000.0,80.0,0.0016,5.866422820737767,0.49309617031075736,0.323,pre-control
50000.0,80.0,0.0016,5.891370808948649,0.5056988308721688,0.323,pre-control
50000.0,80.0,0.0016,5.8913863221026075,0.5057066674565028,0.323,pre-control
50000.0,80.0,0.0016,5.916349823467449,0.5186392295702114,0.323,pre-control
50000.0,80.0,0.0016,5.941313324832291,0.5319021287802143,0.323,pre-control
50000.0,80.0,0.0016,5.962351180140801,0.54336492667712,0.323,pre-control
50000.0,80.0,0.0016,5.966276826197133,0.5455038750964636,0.323,pre-control
50000.0,80.0,0.0016,5.991240327561974,0.5594532164105317,0.323,pre-control
50000.0,80.0,0.0016,6.016203828926816,0.573759138495611,0.323,pre-control
50000.0,80.0,0.0016,6.033331551332953,0.5838255652850611,0.323,pre-control
50000.0,80.0,0.0016,6.041167330291657,0.588430865006514,0.323,pre-control
50000.0,80.0,0.0016,6.066130831656499,0.6034778574796744,0.323,pre-control
50000.0,80.0,0.0016,6.09109433302134,0.6189098153331456,0.323,pre-control
50000.0,80.0,0.0016,6.104311922525106,0.6272897674323006,0.323,pre-control
50000.0,80.0,0.0016,6.116057834386182,0.6347366758666009,0.323,pre-control
50000.0,80.0,0.0016,6.141021335751024,0.6509686142613343,0.323,pre-control
50000.0,80.0,0.0016,6.165984837115865,0.66761604358026,0.323,pre-control
50000.0,80.0,0.0016,6.175292293717258,0.673981798148795,0.323,pre-control
50000.0,80.0,0.0016,6.190948338480706,0.684689614767912,0.323,pre-control
50000.0,80.0,0.0016,6.215911839845548,0.702200216650446,0.323,pre-control
50000.0,80.0,0.0016,6.24087534121039,0.7201589759356364,0.323,pre-control
50000.0,80.0,0.0016,6.2462726649094105,0.7241411667581504,0.323,pre-control
50000.0,80.0,0.0016,6.265838842575231,0.7385772572128787,0.323,pre-control
50000.0,80.0,0.0016,6.290802343940073,0.7574666629531884,0.323,pre-control
50000.0,80.0,0.0016,6.315765845304915,0.7768390335092012,0.323,pre-control
50000.0,80.0,0.0016,6.317253036101563,0.7780226268776224,0.323,pre-control
50000.0,80.0,0.0016,6.340729346669756,0.7967064471151727,0.323,pre-control
50000.0,80.0,0.0016,6.365692848034597,0.8170812198869806,0.323,pre-control
50000.0,80.0,0.0016,6.388233407293715,0.8359487092557956,0.323,pre-control
50000.0,80.0,0.0016,6.390656349399439,0.8379768237269356,0.323,pre-control
50000.0,80.0,0.0016,6.415619850764281,0.8594075048720634,0.323,pre-control
50000.0,80.0,0.0016,6.4405833521291225,0.8813864916624258,0.323,pre-control
50000.0,80.0,0.0016,6.459213778485868,0.898208955644718,0.323,pre-control
50000.0,80.0,0.0016,6.465546853493963,0.903927446686243,0.323,pre-control
50000.0,80.0,0.0016,6.490510354858805,0.9270444839351524,0.323,pre-control
50000.0,80.0,0.0016,6.515473856223647,0.9507521688042029,0.323,pre-control
50000.0,80.0,0.0016,6.53019414967802,0.9650890853746099,0.323,pre-control
50000.0,80.0,0.0016,6.540437357588488,0.975065518091859,0.323,pre-control
50000.0,80.0,0.0016,6.56540085895333,0.9999999999999998,0.323,pre-control
50000.0,80.0,0.0016,6.590400199084493,1.0256094427279454,0.323,pre-control
50000.0,80.0,0.0016,6.601174520870172,1.0369293256713807,0.323,pre-control
50000.0,80.0,0.0016,6.615399539215656,1.051874632275563,0.323,pre-control
50000.0,80.0,0.0016,6.640398879346819,1.078812656129633,0.323,pre-control
50000.0,80.0,0.0016,6.665398219477981,1.106441246503285,0.323,pre-control
50000.0,80.0,0.0016,6.672154892062325,1.1140998321842301,0.323,pre-control
50000.0,80.0,0.0016,6.690397559609144,1.1347776185816412,0.323,pre-control
50000.0,80.0,0.0016,6.715396899740307,1.1638395086532412,0.323,pre-control
50000.0,80.0,0.0016,6.74039623987147,1.1936452252338388,0.323,pre-control
50000.0,80.0,0.0016,6.743135263254477,1.1969944187413395,0.323,pre-control
50000.0,80.0,0.0016,6.765395580002632,1.224213649066407,0.323,pre-control
50000.0,80.0,0.0016,6.790394920133795,1.2555642331211359,0.323,pre-control
50000.0,80.0,0.0016,6.81411563444663,1.2860725047420927,0.323,pre-control
50000.0,80.0,0.0016,6.815394260264958,1.2877170025954325,0.323,pre-control
50000.0,80.0,0.0016,6.840393600396121,1.3206925549139181,0.323,pre-control
50000.0,80.0,0.0016,6.8653929405272835,1.354512059728434,0.323,pre-control
50000.0,80.0,0.0016,6.885096005638782,1.3818489708009845,0.323,pre-control
50000.0,80.0,0.0016,6.890392280658446,1.389197258918037,0.323,pre-control
50000.0,80.0,0.0016,6.91539162078961,1.424770466589003,0.323,pre-control
50000.0,80.0,0.0016,6.940390960920772,1.4612545690748202,0.323,pre-control
50000.0,80.0,0.0016,6.956076376830934,1.4847321504758635,0.323,pre-control
50000.0,80.0,0.0016,6.965390301051935,1.4986730249361977,0.323,pre-control
50000.0,80.0,0.0016,6.990389641183098,1.537049864961062,0.323,pre-control
50000.0,80.0,0.0016,7.015388981314261,1.576409692164552,0.323,pre-control
50000.0,80.0,0.0016,7.027056748023087,1.5952503608770665,0.323,pre-control
50000.0,80.0,0.0016,7.040388321445423,1.6167776817890278,0.323,pre-control
50000.0,80.0,0.0016,7.065387661576586,1.658179581304065,0.323,pre-control
50000.0,80.0,0.0016,7.090387001707749,1.7006417104064577,0.323,pre-control
50000.0,80.0,0.0016,7.098037119215239,1.71396833754183,0.323,pre-control
50000.0,80.0,0.0016,7.115386341838912,1.7441909610202124,0.323,pre-control
50000.0,80.0,0.0016,7.140385681970074,1.788854797296557,0.323,pre-control
50000.0,80.0,0.0016,7.165385022101237,1.8346615082173194,0.323,pre-control
50000.0,80.0,0.0016,7.169017490407391,1.8414878632013252,0.323,pre-control
50000.0,80.0,0.0016,7.1903843622324,1.881641786011372,0.323,pre-control
50000.0,80.0,0.0016,7.215383702363563,1.929825362140478,0.323,pre-control
50000.0,80.0,0.0016,7.239997861599544,1.97848102974775,0.323,pre-control
50000.0,80.0,0.0016,7.2403830424947255,1.9792424302662455,0.323,pre-control
50000.0,80.0,0.0016,7.265382382625889,2.029924144430767,0.323,pre-control
50000.0,80.0,0.0016,7.2903817227570515,2.081902619056614,0.323,pre-control
50000.0,80.0,0.0016,7.310978232791697,2.125822383891346,0.323,pre-control
50000.0,80.0,0.0016,7.315381062888214,2.135210928946847,0.323,pre-control
50000.0,80.0,0.0016,7.340380403019377,2.189883109285009,0.323,pre-control
50000.0,80.0,0.0016,7.365379743150539,2.245954155635127,0.323,pre-control
50000.0,80.0,0.0016,7.381958603983849,2.2840904337429264,0.323,pre-control
50000.0,80.0,0.0016,7.390379083281703,2.3034600239417133,0.323,pre-control
50000.0,80.0,0.0016,7.415378423412865,2.36243763052976,0.323,pre-control
50000.0,80.0,0.0016,7.440377763544028,2.4229248521047477,0.323,pre-control
50000.0,80.0,0.0016,7.452938975176001,2.454095403860705,0.323,pre-control
50000.0,80.0,0.0016,7.465377103675191,2.484960525752642,0.323,pre-control
50000.0,80.0,0.0016,7.490376443806354,2.5485844489398852,0.323,pre-control
50000.0,80.0,0.0016,7.515375783937516,2.6138373795134116,0.323,pre-control
50000.0,80.0,0.0016,7.523919346368153,2.6367086405835902,0.323,pre-control
50000.0,80.0,0.0016,7.540375124068679,2.6807610357006357,0.323,pre-control
50000.0,80.0,0.0016,7.565374464199842,2.7493980961094593,0.323,pre-control
50000.0,80.0,0.0016,7.590373804331005,2.819792199728261,0.323,pre-control
50000.0,80.0,0.0016,7.594899717560306,2.832862612031181,0.323,pre-control
50000.0,80.0,0.0016,7.6153731444621675,2.891987945925912,0.323,pre-control
50000.0,80.0,0.0016,7.64037248459333,2.9660308944517624,0.323,pre-control
50000.0,80.0,0.0016,7.6653718247244935,3.04196857206405,0.323,pre-control
50000.0,80.0,0.0016,7.665880088752458,3.043552013161569,0.323,pre-control
50000.0,80.0,0.0016,7.690371164855656,3.119851287339127,0.323,pre-control
50000.0,80.0,0.0016,7.715370504986819,3.1997277722129405,0.323,pre-control
50000.0,80.0,0.0016,7.7368604599446105,3.2701482239577304,0.323,pre-control
50000.0,80.0,0.0016,7.740369845117982,3.2816481312279264,0.323,pre-control
50000.0,80.0,0.0016,7.765369185249145,3.365664043282761,0.323,pre-control
50000.0,80.0,0.0016,7.790368525380307,3.4518287616323753,0.323,pre-control
50000.0,80.0,0.0016,7.8078408311367635,3.5135903466063296,0.323,pre-control
50000.0,80.0,0.0016,7.81536786551147,3.540197113887947,0.323,pre-control
50000.0,80.0,0.0016,7.840367205642632,3.630825502016901,0.323,pre-control
50000.0,80.0,0.0016,7.865366545773796,3.723771902342914,0.323,pre-control
50000.0,80.0,0.0016,7.878821202328916,3.775075303938315,0.323,pre-control
50000.0,80.0,0.0016,7.890365885904958,3.8190958655458997,0.323,pre-control
50000.0,80.0,0.0016,7.915365226036121,3.916858516662031,0.323,pre-control
50000.0,80.0,0.0016,7.940364566167284,4.017122555083727,0.323,pre-control
50000.0,80.0,0.0016,7.949801573521068,4.055939764860075,0.323,pre-control
50000.0,80.0,0.0016,7.965363906298447,4.119952254559648,0.323,pre-control
50000.0,80.0,0.0016,7.9903632464296095,4.225413463194709,0.323,pre-control
50000.0,80.0,0.0016,8.015362586560773,4.333573603450074,0.323,pre-control
50000.0,80.0,0.0016,8.020781944713221,4.357620595500786,0.323,pre-control
50000.0,80.0,0.0016,8.040361926691935,4.444501672143142,0.323,pre-control
50000.0,80.0,0.0016,8.065361266823098,4.558268240447583,0.323,pre-control
50000.0,80.0,0.0016,8.090360606954262,4.674945453893296,0.323,pre-control
50000.0,80.0,0.0016,8.091762315905372,4.681654859212389,0.323,pre-control
50000.0,80.0,0.0016,8.115359947085423,4.794607032366425,0.323,pre-control
50000.0,80.0,0.0016,8.140359287216587,4.917328282966249,0.323,pre-control
50000.0,80.0,0.0016,8.162742687097525,5.030019132070273,0.323,pre-control
50000.0,80.0,0.0016,8.16535862734775,5.043189272869762,0.323,pre-control
50000.0,80.0,0.0016,8.190357967478912,5.172271007448094,0.323,pre-control
50000.0,80.0,0.0016,8.215357307610075,5.304654356284704,0.323,pre-control
50000.0,80.0,0.0016,8.233723058289677,5.404396494484158,0.323,pre-control
50000.0,80.0,0.0016,8.240356647741237,5.440422704758855,0.323,pre-control
50000.0,80.0,0.0016,8.2653559878724,5.579661954045688,0.323,pre-control
50000.0,80.0,0.0016,8.290355328003564,5.7224605211161625,0.323,pre-control
50000.0,80.0,0.0016,8.30470342948183,5.8065132395308225,0.323,pre-control
50000.0,80.0,0.0016,8.315354668134725,5.868909338737072,0.323,pre-control
50000.0,80.0,0.0016,8.340354008265889,6.019101855471089,0.323,pre-control
50000.0,80.0,0.0016,8.36535334839705,6.173134035676681,0.323,pre-control
50000.0,80.0,0.0016,8.375683800673983,6.238411954331773,0.323,pre-control
50000.0,80.0,0.0016,8.390352688528214,6.331104359508204,0.323,pre-control
50000.0,80.0,0.0016,8.415352028659377,6.493113822915823,0.323,pre-control
50000.0,80.0,0.0016,8.440351368790541,6.659265937645553,0.323,pre-control
50000.0,80.0,0.0016,8.446664171866134,6.702295339551279,0.323,pre-control
50000.0,80.0,0.0016,8.465350708921703,6.829666731239239,0.323,pre-control
50000.0,80.0,0.0016,8.490350049052866,7.004424747034609,0.323,pre-control
50000.0,80.0,0.0016,8.515349389184028,7.1836510441651775,0.323,pre-control
50000.0,80.0,0.0016,8.517644543058287,7.200526209396418,0.323,pre-control
50000.0,80.0,0.0016,8.540348729315191,7.367459197560354,0.323,pre-control
50000.0,80.0,0.0016,8.565348069446355,7.555965297945352,0.323,pre-control
50000.0,80.0,0.0016,8.58862491425044,7.735967975137679,0.323,pre-control
50000.0,80.0,0.0016,8.590347409577516,7.749288241390886,0.323,pre-control
50000.0,80.0,0.0016,8.61534674970868,7.947553722633041,0.323,pre-control
50000.0,80.0,0.0016,8.640346089839841,8.150887308714948,0.323,pre-control
50000.0,80.0,0.0016,8.659605285442591,8.311535879523937,0.323,pre-control
50000.0,80.0,0.0016,8.665345429971005,8.359416696238577,0.323,pre-control
50000.0,80.0,0.0016,8.690344770102168,8.5732734138679,0.323,pre-control
50000.0,80.0,0.0016,8.715344110233332,8.792592822328949,0.323,pre-control
50000.0,80.0,0.0016,8.730585656634744,8.929722374226301,0.323,pre-control
50000.0,80.0,0.0016,8.740343450364493,9.017514114409781,0.323,pre-control
50000.0,80.0,0.0016,8.765342790495657,9.248180314960551,0.323,pre-control
50000.0,80.0,0.0016,8.790342130626819,9.484738280893394,0.323,pre-control
50000.0,80.0,0.0016,8.801566027826897,9.593658042924519,0.323,pre-control
50000.0,80.0,0.0016,8.815341470757982,9.727338701182553,0.323,pre-control
50000.0,80.0,0.0016,8.840340810889145,9.976136096864272,0.323,pre-control
50000.0,80.0,0.0016,8.865340151020307,10.23128882103683,0.323,pre-control
50000.0,80.0,0.0016,8.872546399019049,10.30671723705719,0.323,pre-control
50000.0,80.0,0.0016,8.89033949115147,10.492959058860615,0.323,pre-control
50000.0,80.0,0.0016,8.915338831282632,10.76131282755798,0.323,pre-control
50000.0,80.0,0.0016,8.940338171413796,11.036519976413404,0.323,pre-control
50000.0,80.0,0.0016,8.943526770211202,11.072518193127081,0.323,pre-control
50000.0,80.0,0.0016,8.96533751154496,11.318754186773347,0.323,pre-control
50000.0,80.0,0.0016,8.990336851676123,11.608193216836103,0.323,pre-control
50000.0,80.0,0.0016,9.014507141403353,11.895179544714702,0.323,pre-control
50000.0,80.0,0.0016,9.015336191807284,11.905023288159054,0.323,pre-control
50000.0,80.0,0.0016,9.040335531938448,12.209431891944053,0.323,pre-control
50000.0,80.0,0.0016,9.06533487206961,12.52161001898844,0.323,pre-control
50000.0,80.0,0.0016,9.085487512595506,12.779686896593455,0.323,pre-control
50000.0,80.0,0.0016,9.090334212200773,12.841754251946188,0.323,pre-control
50000.0,80.0,0.0016,9.115333552331936,13.170066765327753,0.323,pre-control
50000.0,80.0,0.0016,9.140332892463098,13.50675532550013,0.323,pre-control
50000.0,80.0,0.0016,9.15646788378766,13.729603486436448,0.323,pre-control
50000.0,80.0,0.0016,9.165332232594261,13.852033290686936,0.323,pre-control
50000.0,80.0,0.0016,9.190331572725423,14.206119610968239,0.323,pre-control
50000.0,80.0,0.0016,9.215330912856587,14.569238828280746,0.323,pre-control
50000.0,80.0,0.0016,9.22744825497981,14.749734916482094,0.323,pre-control
50000.0,80.0,0.0016,9.24033025298775,14.94162107641764,0.323,pre-control
50000.0,80.0,0.0016,9.265329593118912,15.323502081028648,0.323,pre-control
50000.0,80.0,0.0016,9.290328933250075,15.715123159620124,0.323,pre-control
50000.0,80.0,0.0016,9.298428626171964,15.845242673157655,0.323,pre-control
50000.0,80.0,0.0016,9.315328273381237,16.116731221554854,0.323,pre-control
50000.0,80.0,0.0016,9.3403276135124,16.528578768052288,0.323,pre-control
50000.0,80.0,0.0016,9.365326953643564,16.950925481592368,0.323,pre-control
50000.0,80.0,0.0016,9.369408997364115,17.02164713919048,0.323,pre-control
50000.0,80.0,0.0016,9.390326293774727,17.384040581274892,0.323,pre-control
50000.0,80.0,0.0016,9.415325633905889,17.828195000188618,0.323,pre-control
50000.0,80.0,0.0016,9.440324974037052,18.28366702379153,0.323,pre-control
50000.0,80.0,0.0016,9.440389368556268,18.284870140367637,0.323,pre-control
50000.0,80.0,0.0016,9.465324314168214,18.75074280710231,0.323,pre-control
50000.0,80.0,0.0016,9.490323654299377,19.229716374700594,0.323,pre-control
50000.0,80.0,0.0016,9.511369739748421,19.643218253226753,0.323,pre-control
50000.0,80.0,0.0016,9.51532299443054,19.720889620726744,0.323,pre-control
50000.0,80.0,0.0016,9.540322334561703,20.224572308881953,0.323,pre-control
50000.0,80.0,0.0016,9.565321674692866,20.741082072428338,0.323,pre-control
50000.0,80.0,0.0016,9.582350110940572,21.101864451969405,0.323,pre-control
50000.0,80.0,0.0016,9.590321014824028,21.270744414188695,0.323,pre-control
50000.0,80.0,0.0016,9.615320354955191,21.813892706546795,0.323,pre-control
50000.0,80.0,0.0016,9.640319695086355,22.370868191447137,0.323,pre-control
50000.0,80.0,0.0016,9.653330482132725,22.668121409258738,0.323,pre-control
50000.0,80.0,0.0016,9.665319035217518,22.942019980395056,0.323,pre-control
50000.0,80.0,0.0016,9.69031837534868,23.52770520207659,0.323,pre-control
50000.0,80.0,0.0016,9.715317715479843,24.128293984632187,0.323,pre-control
50000.0,80.0,0.0016,9.724310853324878,24.34984333964108,0.323,pre-control
50000.0,80.0,0.0016,9.740317055611005,24.744162191830245,0.323,pre-control
50000.0,80.0,0.0016,9.765316395742168,25.37569339468807,0.323,pre-control
50000.0,80.0,0.0016,9.790315735873332,26.023281898966744,0.323,pre-control
50000.0,80.0,0.0016,9.79529122451703,26.155444485130772,0.323,pre-control
50000.0,80.0,0.0016,9.815315076004493,26.687332745171254,0.323,pre-control
50000.0,80.0,0.0016,9.840314416135657,27.368261708550627,0.323,pre-control
50000.0,80.0,0.0016,9.865313756266819,28.06649529909761,0.323,pre-control
50000.0,80.0,0.0016,9.866271595709183,28.09392760467459,0.323,pre-control
50000.0,80.0,0.0016,9.890313096397982,28.782470761549046,0.323,pre-control
50000.0,80.0,0.0016,9.915312436529145,29.516636075385538,0.323,pre-control
50000.0,80.0,0.0016,9.937251966901336,30.177308832588654,0.323,pre-control
50000.0,80.0,0.0016,9.940311776660309,30.269449954831643,0.323,pre-control
50000.0,80.0,0.0016,9.96531111679147,31.04138184885577,0.323,pre-control
50000.0,80.0,0.0016,9.990310456922634,31.832911941170394,0.323,pre-control
50000.0,80.0,0.0016,10.008232338093487,32.41475853662015,0.323,pre-control
50000.0,80.0,0.0016,10.015309797053796,32.644533266249994,0.323,pre-control
50000.0,80.0,0.0016,10.040309137184959,33.476753535347164,0.323,pre-control
50000.0,80.0,0.0016,10.065308477316123,34.33008748560978,0.323,pre-control
50000.0,80.0,0.0016,10.07921270928564,34.81673520802976,0.323,pre-control
50000.0,80.0,0.0016,10.090307817447284,35.205063677283206,0.323,pre-control
50000.0,80.0,0.0016,10.115307157578448,36.102224913083596,0.323,pre-control
50000.0,80.0,0.0016,10.14030649770961,37.02212823819749,0.323,pre-control
50000.0,80.0,0.0016,10.150193080477791,37.39514568364073,0.323,pre-control
50000.0,80.0,0.0016,10.165305837840773,37.96534494028231,0.323,pre-control
50000.0,80.0,0.0016,10.190305177971936,38.93246054946591,0.323,pre-control
50000.0,80.0,0.0016,10.2153045181031,39.92407483834683,0.323,pre-control
50000.0,80.0,0.0016,10.221173451669944,40.162765263427566,0.323,pre-control
50000.0,80.0,0.0016,10.240303858234261,40.9408018219942,0.323,pre-control
50000.0,80.0,0.0016,10.265303198365425,41.983269757947944,0.323,pre-control
50000.0,80.0,0.0016,10.290302538496586,43.05212115055794,0.323,pre-control
50000.0,80.0,0.0016,10.292153822862097,43.13327591997947,0.323,pre-control
50000.0,80.0,0.0016,10.31530187862775,44.14801744927431,0.323,pre-control
50000.0,80.0,0.0016,10.340301218758913,45.27163414204533,0.323,pre-control
50000.0,80.0,0.0016,10.363134194054249,46.32382914443322,0.323,pre-control
50000.0,80.0,0.0016,10.365300558890075,46.423660122399156,0.323,pre-control
50000.0,80.0,0.0016,10.390299899021239,47.60480270558327,0.323,pre-control
50000.0,80.0,0.0016,10.4152992391524,48.81578762856387,0.323,pre-control
50000.0,80.0,0.0016,10.434114565246402,49.750235139628074,0.323,pre-control
50000.0,80.0,0.0016,10.440298579283564,50.05735905002654,0.323,pre-control
50000.0,80.0,0.0016,10.465297919414727,51.3302795503757,0.323,pre-control
50000.0,80.0,0.0016,10.490297259545889,52.63533013173478,0.323,pre-control
50000.0,80.0,0.0016,10.505094936438553,53.42731091605559,0.323,pre-control
50000.0,80.0,0.0016,10.515296599677052,53.97331021794659,0.323,pre-control
50000.0,80.0,0.0016,10.540295939808214,55.34503765457258,0.323,pre-control
50000.0,80.0,0.0016,10.565295279939377,56.75134872753124,0.323,pre-control
50000.0,80.0,0.0016,10.576075307630706,57.3730512539388,0.323,pre-control
50000.0,80.0,0.0016,10.59029462007054,58.193103179662,0.323,pre-control
50000.0,80.0,0.0016,10.615293960201704,59.671178522320986,0.323,pre-control
50000.0,80.0,0.0016,10.640293300332866,61.18647064896544,0.323,pre-control
50000.0,80.0,0.0016,10.64705567882286,61.60667648143146,0.323,pre-control
50000.0,80.0,0.0016,10.66529264046403,62.73989871373013,0.323,pre-control
50000.0,80.0,0.0016,10.690291980595191,64.3324051314266,0.323,pre-control
50000.0,80.0,0.0016,10.715291320726354,65.964955577544,0.323,pre-control
50000.0,80.0,0.0016,10.71803605001501,66.14870176365406,0.323,pre-control
50000.0,80.0,0.0016,10.740290660857518,67.63853898824843,0.323,pre-control
50000.0,80.0,0.0016,10.765290000988681,69.35416756038322,0.323,pre-control
50000.0,80.0,0.0016,10.789016421207164,71.0233265498155,0.323,pre-control
50000.0,80.0,0.0016,10.790289341119843,71.1128767514688,0.323,pre-control
50000.0,80.0,0.0016,10.815288681251005,72.91572527970308,0.323,pre-control
50000.0,80.0,0.0016,10.840288021382168,74.7637973688287,0.323,pre-control
50000.0,80.0,0.0016,10.859996792399317,76.25729430618107,0.323,pre-control
50000.0,80.0,0.0016,10.865287361513332,76.65820457916345,0.323,pre-control
50000.0,80.0,0.0016,10.890286701644495,78.6000787145443,0.323,pre-control
50000.0,80.0,0.0016,10.907868761024242,80.0,0.8456981889815836,threshold-control
50000.0,80.0,0.0016,10.930977163591468,80.0,0.8456343005938537,threshold-control
50000.0,80.0,0.0016,11.0,80.0,0.8454433376809751,threshold-control
50000.0,80.0,0.0016,11.001957534783621,80.0,0.8454379189196972,threshold-control
50000.0,80.0,0.0016,11.072937905975774,80.0,0.8452413252497953,threshold-control
50000.0,80.0,0.0016,11.143918277167925,80.0,0.8450445194515857,threshold-control
50000.0,80.0,0.0016,11.214898648360078,80.0,0.8448475013926743,threshold-control
50000.0,80.0,0.0016,11.28587901955223,80.0,0.8446502709408367,threshold-control
50000.0,80.0,0.0016,11.356859390744383,80.0,0.8444528279640188,threshold-control
50000.0,80.0,0.0016,11.427839761936536,80.0,0.8442551723303371,threshold-control
50000.0,80.0,0.0016,11.498820133128687,80.0,0.8440573039080804,threshold-control
50000.0,80.0,0.0016,11.56980050432084,80.0,0.8438592225657097,threshold-control
50000.0,80.0,0.0016,11.640780875512991,80.0,0.8436609281718592,threshold-control
50000.0,80.0,0.0016,11.711761246705144,80.0,0.8434624205953377,threshold-control
50000.0,80.0,0.0016,11.782741617897297,80.0,0.8432636997051286,threshold-control
50000.0,80.0,0.0016,11.853721989089449,80.0,0.843064765370391,threshold-control
50000.0,80.0,0.0016,11.924702360281602,80.0,0.8428656174604606,threshold-control
50000.0,80.0,0.0016,11.995682731473755,80.0,0.8426662558448501,threshold-control
50000.0,80.0,0.0016,12.0,80.0,0.8426541230933584,threshold-control
50000.0,80.0,0.0016,12.066663102665906,80.0,0.8424666803932508,threshold-control
50000.0,80.0,0.0016,12.13764347385806,80.0,0.8422668909755322,threshold-control
50000.0,80.0,0.0016,12.208623845050212,80.0,0.8420668874617439,threshold-control
50000.0,80.0,0.0016,12.279604216242364,80.0,0.8418666697221158,threshold-control
50000.0,80.0,0.0016,12.350584587434517,80.0,0.8416662376270588,threshold-control
50000.0,80.0,0.0016,12.421564958626668,80.0,0.8414655910471665,threshold-control
50000.0,80.0,0.0016,12.492545329818821,80.0,0.8412647298532145,threshold-control
50000.0,80.0,0.0016,12.563525701010974,80.0,0.8410636539161628,threshold-control
50000.0,80.0,0.0016,12.634506072203125,80.0,0.840862363107155,threshold-control
50000.0,80.0,0.0016,12.705486443395278,80.0,0.8406608572975206,threshold-control
50000.0,80.0,0.0016,12.77646681458743,80.0,0.8404591363587748,threshold-control
50000.0,80.0,0.0016,12.847447185779583,80.0,0.8402572001626198,threshold-control
50000.0,80.0,0.0016,12.918427556971736,80.0,0.8400550485809452,threshold-control
50000.0,80.0,0.0016,12.989407928163887,80.0,0.8398526814858291,threshold-control
50000.0,80.0,0.0016,13.0,80.0,0.8398224646946563,threshold-control
50000.0,80.0,0.0016,13.06038829935604,80.0,0.8396500987495392,threshold-control
50000.0,80.0,0.0016,13.131368670548193,80.0,0.8394473002445326,threshold-control
50000.0,80.0,0.0016,13.202349041740344,80.0,0.8392442858434578,threshold-control
50000.0,80.0,0.0016,13.273329412932497,80.0,0.8390410554191546,threshold-control
50000.0,80.0,0.0016,13.34430978412465,80.0,0.8388376088446555,threshold-control
50000.0,80.0,0.0016,13.415290155316802,80.0,0.8386339459931863,threshold-control
50000.0,80.0,0.0016,13.486270526508955,80.0,0.8384300667381666,threshold-control
50000.0,80.0,0.0016,13.557250897701106,80.0,0.8382259709532112,threshold-control
50000.0,80.0,0.0016,13.62823126889326,80.0,0.8380216585121305,threshold-control
50000.0,80.0,0.0016,13.699211640085412,80.0,0.8378171292889313,threshold-control
50000.0,80.0,0.0016,13.770192011277564,80.0,0.837612383157818,threshold-control
50000.0,80.0,0.0016,13.841172382469717,80.0,0.8374074199931932,threshold-control
50000.0,80.0,0.0016,13.912152753661868,80.0,0.8372022396696581,threshold-control
50000.0,80.0,0.0016,13.983133124854021,80.0,0.8369968420620142,threshold-control
50000.0,80.0,0.0016,14.0,80.0,0.8369480020149529,threshold-control
50000.0,80.0,0.0016,14.054113496046174,80.0,0.836791227045263,threshold-control
50000.0,80.0,0.0016,14.125093867238325,80.0,0.836585394494608,threshold-control
50000.0,80.0,0.0016,14.196074238430478,80.0,0.8363793442854548,threshold-control
50000.0,80.0,0.0016,14.267054609622631,80.0,0.836173076293412,threshold-control
50000.0,80.0,0.0016,14.338034980814783,80.0,0.8359665903942921,threshold-control
50000.0,80.0,0.0016,14.409015352006936,80.0,0.8357598864641126,threshold-control
50000.0,80.0,0.0016,14.479995723199089,80.0,0.8355529643790962,threshold-control
50000.0,80.0,0.0016,14.55097609439124,80.0,0.8353458240156721,threshold-control
50000.0,80.0,0.0016,14.621956465583393,80.0,0.835138465250477,threshold-control
50000.0,80.0,0.0016,14.692936836775544,80.0,0.8349308879603551,threshold-control
50000.0,80.0,0.0016,14.763917207967697,80.0,0.8347230920223601,threshold-control
50000.0,80.0,0.0016,14.83489757915985,80.0,0.834515077313755,threshold-control
50000.0,80.0,0.0016,14.905877950352002,80.0,0.8343068437120132,threshold-control
50000.0,80.0,0.0016,14.976858321544155,80.0,0.8340983910948202,threshold-control
50000.0,80.0,0.0016,15.0,80.0,0.8340303820773156,threshold-control
50000.0,80.0,0.0016,15.047838692736306,80.0,0.8338897193400728,threshold-control
50000.0,80.0,0.0016,15.11881906392846,80.0,0.8336808283258815,threshold-control
50000.0,80.0,0.0016,15.189799435120612,80.0,0.8334717179305705,threshold-control
50000.0,80.0,0.0016,15.260779806312764,80.0,0.8332623880326784,threshold-control
50000.0,80.0,0.0016,15.331760177504917,80.0,0.8330528385109599,threshold-control
50000.0,80.0,0.0016,15.40274054869707,80.0,0.8328430692443857,threshold-control
50000.0,80.0,0.0016,15.473720919889221,80.0,0.8326330801121438,threshold-control
50000.0,80.0,0.0016,15.544701291081374,80.0,0.8324228709936403,threshold-control
50000.0,80.0,0.0016,15.615681662273527,80.0,0.8322124417685003,threshold-control
50000.0,80.0,0.0016,15.686662033465678,80.0,0.8320017923165687,threshold-control
50000.0,80.0,0.0016,15.757642404657831,80.0,0.8317909225179108,threshold-control
50000.0,80.0,0.0016,15.828622775849983,80.0,0.8315798322528134,threshold-control
50000.0,80.0,0.0016,15.899603147042136,80.0,0.8313685214017857,threshold-control
50000.0,80.0,0.0016,15.970583518234289,80.0,0.8311569898455602,threshold-control
50000.0,80.0,0.0016,16.0,80.0,0.8310692598497681,threshold-control
50000.0,80.0,0.0016,16.041563889426442,80.0,0.8309452374650929,threshold-control
50000.0,80.0,0.0016,16.11254426061859,80.0,0.8307332641415649,threshold-control
50000.0,80.0,0.0016,16.183524631810744,80.0,0.8305210697563832,threshold-control
50000.0,80.0,0.0016,16.254505003002897,80.0,0.830308654191181,threshold-control
50000.0,80.0,0.0016,16.32548537419505,80.0,0.8300960173278191,threshold-control
50000.0,80.0,0.0016,16.396465745387204,80.0,0.8298831590483865,threshold-control
50000.0,80.0,0.0016,16.467446116579353,80.0,0.8296700792352013,threshold-control
50000.0,80.0,0.0016,16.538426487771506,80.0,0.8294567777708114,threshold-control
50000.0,80.0,0.0016,16.60940685896366,80.0,0.8292432545379956,threshold-control
50000.0,80.0,0.0016,16.680387230155812,80.0,0.8290295094197646,threshold-control
50000.0,80.0,0.0016,16.751367601347965,80.0,0.8288155422993613,threshold-control
50000.0,80.0,0.0016,16.82234797254012,80.0,0.8286013530602621,threshold-control
50000.0,80.0,0.0016,16.893328343732268,80.0,0.8283869415861775,threshold-control
50000.0,80.0,0.0016,16.96430871492442,80.0,0.8281723077610534,threshold-control
50000.0,80.0,0.0016,17.0,80.0,0.8280642987053045,threshold-control
50000.0,80.0,0.0016,17.035289086116574,80.0,0.8279574514690714,threshold-control
50000.0,80.0,0.0016,17.106269457308727,80.0,0.82774237259465,threshold-control
50000.0,80.0,0.0016,17.17724982850088,80.0,0.8275270710224454,threshold-control
50000.0,80.0,0.0016,17.24823019969303,80.0,0.8273115466373523,threshold-control
50000.0,80.0,0.0016,17.319210570885183,80.0,0.8270957993245048,threshold-control
50000.0,80.0,0.0016,17.390190942077336,80.0,0.8268798289692774,threshold-control
50000.0,80.0,0.0016,17.46117131326949,80.0,0.8266636354572856,threshold-control
50000.0,80.0,0.0016,17.532151684461642,80.0,0.8264472186743868,threshold-control
50000.0,80.0,0.0016,17.603132055653795,80.0,0.8262305785066817,threshold-control
50000.0,80.0,0.0016,17.674112426845944,80.0,0.8260137148405143,threshold-control
50000.0,80.0,0.0016,17.745092798038097,80.0,0.8257966275624735,threshold-control
50000.0,80.0,0.0016,17.81607316923025,80.0,0.8255793165593935,threshold-control
50000.0,80.0,0.0016,17.887053540422404,80.0,0.825361781718355,threshold-control
50000.0,80.0,0.0016,17.958033911614557,80.0,0.8251440229266858,threshold-control
50000.0,80.0,0.0016,18.0,80.0,0.8250151708896334,threshold-control
50000.0,80.0,0.0016,18.029014282806706,80.0,0.8249260400719618,threshold-control
50000.0,80.0,0.0016,18.09999465399886,80.0,0.824707833042008,threshold-control
50000.0,80.0,0.0016,18.170975025191012,80.0,0.8244894017248993,threshold-control
50000.0,80.0,0.0016,18.241955396383165,80.0,0.824270746008961,threshold-control
50000.0,80.0,0.0016,18.31293576757532,80.0,0.8240518657827705,threshold-control
50000.0,80.0,0.0016,18.383916138767468,80.0,0.823832760935157,threshold-control
50000.0,80.0,0.0016,18.45489650995962,80.0,0.8236134313552038,threshold-control
50000.0,80.0,0.0016,18.525876881151774,80.0,0.8233938769322481,threshold-control
50000.0,80.0,0.0016,18.596857252343927,80.0,0.8231740975558819,threshold-control
50000.0,80.0,0.0016,18.66783762353608,80.0,0.8229540931159538,threshold-control
50000.0,80.0,0.0016,18.73881799472823,80.0,0.8227338635025689,threshold-control
50000.0,80.0,0.0016,18.809798365920383,80.0,0.8225134086060901,threshold-control
50000.0,80.0,0.0016,18.880778737112536,80.0,0.8222927283171392,threshold-control
50000.0,80.0,0.0016,18.95175910830469,80.0,0.822071822526597,threshold-control
50000.0,80.0,0.0016,19.0,80.0,0.8219215579963126,threshold-control
50000.0,80.0,0.0016,19.022739479496842,80.0,0.8218506911256053,threshold-control
50000.0,80.0,0.0016,19.093719850688995,80.0,0.8216293340055668,threshold-control
50000.0,80.0,0.0016,19.164700221881144,80.0,0.8214077510581467,threshold-control
50000.0,80.0,0.0016,19.235680593073297,80.0,0.8211859421752729,threshold-control
50000.0,80.0,0.0016,19.30666096426545,80.0,0.8209639072491375,threshold-control
50000.0,80.0,0.0016,19.377641335457604,80.0,0.8207416461721975,threshold-control
50000.0,80.0,0.0016,19.448621706649757,80.0,0.8205191588371754,threshold-control
50000.0,80.0,0.0016,19.519602077841906,80.0,0.8202964451370608,threshold-control
50000.0,80.0,0.0016,19.59058244903406,80.0,0.8200735049651101,threshold-control
50000.0,80.0,0.0016,19.661562820226212,80.0,0.8198503382148488,threshold-control
50000.0,80.0,0.0016,19.732543191418365,80.0,0.8196269447800713,threshold-control
50000.0,80.0,0.0016,19.80352356261052,80.0,0.8194033245548422,threshold-control
50000.0,80.0,0.0016,19.87450393380267,80.0,0.8191794774334975,threshold-control
50000.0,80.0,0.0016,19.94548430499482,80.0,0.8189554033106451,threshold-control
50000.0,80.0,0.0016,20.0,80.0,0.8187831514489083,threshold-control
50000.0,80.0,0.0016,20.016464676186974,80.0,0.8187311020811654,threshold-control
50000.0,80.0,0.0016,20.087445047379127,80.0,0.8185065736402128,threshold-control
50000.0,80.0,0.0016,20.15842541857128,80.0,0.8182818178832169,threshold-control
50000.0,80.0,0.0016,20.229405789763433,80.0,0.8180568347058819,threshold-control
50000.0,80.0,0.0016,20.300386160955583,80.0,0.8178316240041893,threshold-control
50000.0,80.0,0.0016,20.371366532147736,80.0,0.8176061856743975,threshold-control
50000.0,80.0,0.0016,20.44234690333989,80.0,0.8173805196130435,threshold-control
50000.0,80.0,0.0016,20.513327274532042,80.0,0.817154625716943,threshold-control
50000.0,80.0,0.0016,20.584307645724195,80.0,0.8169285038831923,threshold-control
50000.0,80.0,0.0016,20.655288016916344,80.0,0.8167021540091685,threshold-control
50000.0,80.0,0.0016,20.726268388108497,80.0,0.8164755759925302,threshold-control
50000.0,80.0,0.0016,20.79724875930065,80.0,0.8162487697312195,threshold-control
50000.0,80.0,0.0016,20.868229130492804,80.0,0.8160217351234615,threshold-control
50000.0,80.0,0.0016,20.939209501684957,80.0,0.8157944720677665,threshold-control
50000.0,80.0,0.0016,21.0,80.0,0.81559965298978,threshold-control
50000.0,80.0,0.0016,21.010189872877106,80.0,0.8155669804629296,threshold-control
50000.0,80.0,0.0016,21.08117024406926,80.0,0.8153392602080332,threshold-control
50000.0,80.0,0.0016,21.152150615261412,80.0,0.815111311202446,threshold-control
50000.0,80.0,0.0016,21.223130986453565,80.0,0.8148831333458255,threshold-control
50000.0,80.0,0.0016,21.29411135764572,80.0,0.8146547265381185,threshold-control
50000.0,80.0,0.0016,21.36509172883787,80.0,0.8144260906795614,threshold-control
50000.0,80.0,0.0016,21.43607210003002,80.0,0.8141972256706818,threshold-control
50000.0,80.0,0.0016,21.507052471222174,80.0,0.8139681314122991,threshold-control
50000.0,80.0,0.0016,21.578032842414327,80.0,0.8137388078055253,threshold-control
50000.0,80.0,0.0016,21.64901321360648,80.0,0.8135092547517664,threshold-control
50000.0,80.0,0.0016,21.719993584798633,80.0,0.8132794721527226,threshold-control
50000.0,80.0,0.0016,21.790973955990783,80.0,0.81304945991039,threshold-control
50000.0,80.0,0.0016,21.861954327182936,80.0,0.812819217927061,threshold-control
50000.0,80.0,0.0016,21.93293469837509,80.0,0.812588746105325,threshold-control
50000.0,80.0,0.0016,22.0,80.0,0.81237077517506,threshold-control
50000.0,80.0,0.0016,22.003915069567242,80.0,0.8123580443480701,threshold-control
50000.0,80.0,0.0016,22.074895440759395,80.0,0.8121271125584834,threshold-control
50000.0,80.0,0.0016,22.145875811951548,80.0,0.8118959506400519,threshold-control
50000.0,80.0,0.0016,22.216856183143697,80.0,0.8116645584965638,threshold-control
50000.0,80.0,0.0016,22.28783655433585,80.0,0.8114329360321093,threshold-control
50000.0,80.0,0.0016,22.358816925528004,80.0,0.811201083151081,threshold-control
50000.0,80.0,0.0016,22.429797296720157,80.0,0.8109689997581757,threshold-control
50000.0,80.0,0.0016,22.50077766791231,80.0,0.8107366857583946,threshold-control
50000.0,80.0,0.0016,22.57175803910446,80.0,0.8105041410570448,threshold-control
50000.0,80.0,0.0016,22.642738410296612,80.0,0.8102713655597393,threshold-control
50000.0,80.0,0.0016,22.713718781488765,80.0,0.8100383591723992,threshold-control
50000.0,80.0,0.0016,22.78469915268092,80.0,0.8098051218012535,threshold-control
50000.0,80.0,0.0016,22.85567952387307,80.0,0.8095716533528406,threshold-control
50000.0,80.0,0.0016,22.92665989506522,80.0,0.8093379537340093,threshold-control
50000.0,80.0,0.0016,22.997640266257374,80.0,0.8091040228519191,threshold-control
50000.0,80.0,0.0016,23.0,80.0,0.8090962418753731,threshold-control
50000.0,80.0,0.0016,23.068620637449527,80.0,0.8088698606140419,threshold-control
50000.0,80.0,0.0016,23.13960100864168,80.0,0.8086354669281621,threshold-control
50000.0,80.0,0.0016,23.210581379833833,80.0,0.8084008417023788,threshold-control
50000.0,80.0,0.0016,23.281561751025983,80.0,0.808165984845105,threshold-control
50000.0,80.0,0.0016,23.352542122218136,80.0,0.8079308962650702,threshold-control
50000.0,80.0,0.0016,23.42352249341029,80.0,0.8076955758713198,threshold-control
50000.0,80.0,0.0016,23.494502864602442,80.0,0.8074600235732174,threshold-control
50000.0,80.0,0.0016,23.565483235794595,80.0,0.8072242392804451,threshold-control
50000.0,80.0,0.0016,23.636463606986748,80.0,0.8069882229030039,threshold-control
50000.0,80.0,0.0016,23.707443978178897,80.0,0.8067519743512156,threshold-control
50000.0,80.0,0.0016,23.77842434937105,80.0,0.8065154935357234,threshold-control
50000.0,80.0,0.0016,23.849404720563204,80.0,0.8062787803674925,threshold-control
50000.0,80.0,0.0016,23.920385091755357,80.0,0.8060418347578112,threshold-control
50000.0,80.0,0.0016,23.99136546294751,80.0,0.805804656618292,threshold-control
50000.0,80.0,0.0016,24.0,80.0,0.805775788781799,threshold-control
50000.0,80.0,0.0016,24.06234583413966,80.0,0.8055672458608725,threshold-control
50000.0,80.0,0.0016,24.133326205331812,80.0,0.8053296023978161,threshold-control
50000.0,80.0,0.0016,24.204306576523965,80.0,0.8050917261417132,threshold-control
50000.0,80.0,0.0016,24.27528694771612,80.0,0.804853617005482,threshold-control
50000.0,80.0,0.0016,24.34626731890827,80.0,0.8046152749023692,threshold-control
50000.0,80.0,0.0016,24.417247690100425,80.0,0.8043766997459515,threshold-control
50000.0,80.0,0.0016,24.488228061292574,80.0,0.804137891450136,threshold-control
50000.0,80.0,0.0016,24.559208432484727,80.0,0.8038988499291616,threshold-control
50000.0,80.0,0.0016,24.63018880367688,80.0,0.8036595750975994,threshold-control
50000.0,80.0,0.0016,24.701169174869033,80.0,0.803420066870354,threshold-control
50000.0,80.0,0.0016,24.772149546061186,80.0,0.8031803251626645,threshold-control
50000.0,80.0,0.0016,24.843129917253336,80.0,0.802940349890105,threshold-control
50000.0,80.0,0.0016,24.91411028844549,80.0,0.802700140968586,threshold-control
50000.0,80.0,0.0016,24.985090659637642,80.0,0.8024596983143552,threshold-control
50000.0,80.0,0.0016,25.0,80.0,0.8024091639165576,threshold-control
50000.0,80.0,0.0016,25.056071030829795,80.0,0.8022190218439982,threshold-control
50000.0,80.0,0.0016,25.127051402021948,80.0,0.8019781114744398,threshold-control
50000.0,80.0,0.0016,25.198031773214097,80.0,0.8017369671229446,threshold-control
50000.0,80.0,0.0016,25.26901214440625,80.0,0.8014955887071185,threshold-control
50000.0,80.0,0.0016,25.339992515598404,80.0,0.8012539761449087,threshold-control
50000.0,80.0,0.0016,25.410972886790557,80.0,0.8010121293546054,threshold-control
50000.0,80.0,0.0016,25.48195325798271,80.0,0.8007700482548428,threshold-control
50000.0,80.0,0.0016,25.55293362917486,80.0,0.8005277327645992,threshold-control
50000.0,80.0,0.0016,25.623914000367012,80.0,0.800285182803199,threshold-control
50000.0,80.0,0.0016,25.694894371559165,80.0,0.8000423982903129,threshold-control
50000.0,80.0,0.0016,25.76587474275132,80.0,0.7997993791459591,threshold-control
50000.0,80.0,0.0016,25.83685511394347,80.0,0.7995561252905041,threshold-control
50000.0,80.0,0.0016,25.907835485135625,80.0,0.7993126366446641,threshold-control
50000.0,80.0,0.0016,25.978815856327774,80.0,0.7990689131295052,threshold-control
50000.0,80.0,0.0016,26.0,80.0,0.7989961281478597,threshold-control
50000.0,80.0,0.0016,26.049796227519927,80.0,0.7988249546664451,threshold-control
50000.0,80.0,0.0016,26.12077659871208,80.0,0.7985807611772533,threshold-control
50000.0,80.0,0.0016,26.191756969904233,80.0,0.7983363325840527,threshold-control
50000.0,80.0,0.0016,26.262737341096386,80.0,0.7980916688093201,threshold-control
50000.0,80.0,0.0016,26.333717712288536,80.0,0.7978467697758878,threshold-control
50000.0,80.0,0.0016,26.40469808348069,80.0,0.7976016354069431,threshold-control
50000.0,80.0,0.0016,26.475678454672842,80.0,0.797356265626031,threshold-control
50000.0,80.0,0.0016,26.546658825864995,80.0,0.7971106603570541,threshold-control
50000.0,80.0,0.0016,26.617639197057148,80.0,0.7968648195242737,threshold-control
50000.0,80.0,0.0016,26.6886195682493,80.0,0.796618743052311,threshold-control
50000.0,80.0,0.0016,26.75959993944145,80.0,0.7963724308661475,threshold-control
50000.0,80.0,0.0016,26.830580310633604,80.0,0.7961258828911266,threshold-control
50000.0,80.0,0.0016,26.901560681825757,80.0,0.7958790990529545,threshold-control
50000.0,80.0,0.0016,26.97254105301791,80.0,0.7956320792777003,threshold-control
50000.0,80.0,0.0016,27.0,80.0,0.7955364557083356,threshold-control
50000.0,80.0,0.0016,27.043521424210063,80.0,0.7953848234917982,threshold-control
50000.0,80.0,0.0016,27.114501795402212,80.0,0.795137331622047,threshold-control
50000.0,80.0,0.0016,27.185482166594365,80.0,0.7948896035956128,threshold-control
50000.0,80.0,0.0016,27.25646253778652,80.0,0.7946416393400281,threshold-control
50000.0,80.0,0.0016,27.32744290897867,80.0,0.7943934387831941,threshold-control
50000.0,80.0,0.0016,27.398423280170825,80.0,0.7941450018533811,threshold-control
50000.0,80.0,0.0016,27.469403651362974,80.0,0.7938963284792296,threshold-control
50000.0,80.0,0.0016,27.540384022555127,80.0,0.7936474185897511,threshold-control
50000.0,80.0,0.0016,27.61136439374728,80.0,0.7933982721143288,threshold-control
50000.0,80.0,0.0016,27.682344764939433,80.0,0.7931488889827194,threshold-control
50000.0,80.0,0.0016,27.753325136131586,80.0,0.7928992691250532,threshold-control
50000.0,80.0,0.0016,27.824305507323736,80.0,0.7926494124718354,threshold-control
50000.0,80.0,0.0016,27.89528587851589,80.0,0.7923993189539469,threshold-control
50000.0,80.0,0.0016,27.966266249708042,80.0,0.7921489885026457,threshold-control
50000.0,80.0,0.0016,28.0,80.0,0.79202993471642,threshold-control
50000.0,80.0,0.0016,28.037246620900195,80.0,0.7918984210495671,threshold-control
50000.0,80.0,0.0016,28.108226992092348,80.0,0.7916476165267251,threshold-control
50000.0,80.0,0.0016,28.1792073632845,80.0,0.7913965748665137,threshold-control
50000.0,80.0,0.0016,28.25018773447665,80.0,0.7911452960017069,threshold-control
50000.0,80.0,0.0016,28.321168105668804,80.0,0.7908937798654604,threshold-control
50000.0,80.0,0.0016,28.392148476860957,80.0,0.7906420263913125,threshold-control
50000.0,80.0,0.0016,28.46312884805311,80.0,0.7903900355131847,threshold-control
50000.0,80.0,0.0016,28.534109219245263,80.0,0.7901378071653828,threshold-control
50000.0,80.0,0.0016,28.605089590437412,80.0,0.789885341282598,threshold-control
50000.0,80.0,0.0016,28.676069961629565,80.0,0.7896326377999078,threshold-control
50000.0,80.0,0.0016,28.74705033282172,80.0,0.7893796966527766,threshold-control
50000.0,80.0,0.0016,28.81803070401387,80.0,0.7891265177770571,threshold-control
50000.0,80.0,0.0016,28.889011075206025,80.0,0.7888731011089912,threshold-control
50000.0,80.0,0.0016,28.959991446398178,80.0,0.7886194465852105,threshold-control
50000.0,80.0,0.0016,29.0,80.0,0.7884763677000381,threshold-control
50000.0,80.0,0.0016,29.030971817590327,80.0,0.7883655541427379,threshold-control
50000.0,80.0,0.0016,29.10195218878248,80.0,0.7881114237189881,threshold-control
50000.0,80.0,0.0016,29.172932559974633,80.0,0.7878570552517685,threshold-control
50000.0,80.0,0.0016,29.243912931166786,80.0,0.7876024486792805,threshold-control
50000.0,80.0,0.0016,29.31489330235894,80.0,0.7873476039401204,threshold-control
50000.0,80.0,0.0016,29.38587367355109,80.0,0.7870925209732798,threshold-control
50000.0,80.0,0.0016,29.456854044743242,80.0,0.7868371997181475,threshold-control
50000.0,80.0,0.0016,29.527834415935395,80.0,0.7865816401145092,threshold-control
50000.0,80.0,0.0016,29.598814787127548,80.0,0.7863258421025499,threshold-control
50000.0,80.0,0.0016,29.6697951583197,80.0,0.7860698056228538,threshold-control
50000.0,80.0,0.0016,29.74077552951185,80.0,0.7858135306164054,threshold-control
50000.0,80.0,0.0016,29.811755900704004,80.0,0.7855570170245908,threshold-control
50000.0,80.0,0.0016,29.882736271896157,80.0,0.7853002647891983,threshold-control
50000.0,80.0,0.0016,29.95371664308831,80.0,0.7850432738524199,threshold-control
50000.0,80.0,0.0016,30.0,80.0,0.7848755721219092,threshold-control
50000.0,80.0,0.0016,30.024697014280463,80.0,0.7847860441568515,threshold-control
50000.0,80.0,0.0016,30.095677385472612,80.0,0.7845285756454939,threshold-control
50000.0,80.0,0.0016,30.166657756664765,80.0,0.784270868261755,threshold-control
50000.0,80.0,0.0016,30.23763812785692,80.0,0.7840129219494487,threshold-control
50000.0,80.0,0.0016,30.30861849904907,80.0,0.7837547366527977,threshold-control
50000.0,80.0,0.0016,30.379598870241225,80.0,0.7834963123164334,threshold-control
50000.0,80.0,0.0016,30.450579241433378,80.0,0.7832376488853973,threshold-control
50000.0,80.0,0.0016,30.521559612625527,80.0,0.7829787463051414,threshold-control
50000.0,80.0,0.0016,30.59253998381768,80.0,0.7827196045215301,threshold-control
50000.0,80.0,0.0016,30.663520355009833,80.0,0.7824602234808402,threshold-control
50000.0,80.0,0.0016,30.734500726201986,80.0,0.7822006031297624,threshold-control
50000.0,80.0,0.0016,30.80548109739414,80.0,0.7819407434154018,threshold-control
50000.0,80.0,0.0016,30.87646146858629,80.0,0.7816806442852795,threshold-control
50000.0,80.0,0.0016,30.947441839778442,80.0,0.781420305687333,threshold-control
50000.0,80.0,0.0016,31.0,80.0,0.7812273809057452,threshold-control
50000.0,80.0,0.0016,31.018422210970595,80.0,0.7811597275699174,threshold-control
50000.0,80.0,0.0016,31.089402582162748,80.0,0.7808989098818059,threshold-control
50000.0,80.0,0.0016,31.1603829533549,80.0,0.7806378525721916,threshold-control
50000.0,80.0,0.0016,31.231363324547054,80.0,0.7803765555906877,threshold-control
50000.0,80.0,0.0016,31.302343695739204,80.0,0.780115018887329,threshold-control
50000.0,80.0,0.0016,31.373324066931357,80.0,0.779853242412572,threshold-control
50000.0,80.0,0.0016,31.44430443812351,80.0,0.779591226117297,threshold-control
50000.0,80.0,0.0016,31.515284809315663,80.0,0.7793289699528079,threshold-control
50000.0,80.0,0.0016,31.586265180507816,80.0,0.7790664738708339,threshold-control
50000.0,80.0,0.0016,31.657245551699965,80.0,0.7788037378235306,threshold-control
50000.0,80.0,0.0016,31.72822592289212,80.0,0.77854076176348,threshold-control
50000.0,80.0,0.0016,31.79920629408427,80.0,0.7782775456436922,threshold-control
50000.0,80.0,0.0016,31.870186665276425,80.0,0.7780140894176065,threshold-control
50000.0,80.0,0.0016,31.941167036468578,80.0,0.7777503930390914,threshold-control
50000.0,80.0,0.0016,32.0,80.0,0.7775316429625955,threshold-control
50000.0,80.0,0.0016,32.01214740766073,80.0,0.7774864564624469,threshold-control
50000.0,80.0,0.0016,32.083127778852884,80.0,0.777222279642404,threshold-control
50000.0,80.0,0.0016,32.15410815004503,80.0,0.7769578625341266,threshold-control
50000.0,80.0,0.0016,32.22508852123718,80.0,0.7766932050932124,threshold-control
50000.0,80.0,0.0016,32.29606889242934,80.0,0.7764283072756931,threshold-control
50000.0,80.0,0.0016,32.36704926362149,80.0,0.7761631690380367,threshold-control
50000.0,80.0,0.0016,32.438029634813645,80.0,0.7758977903371468,threshold-control
50000.0,80.0,0.0016,32.509010006005795,80.0,0.7756321711303645,threshold-control
50000.0,80.0,0.0016,32.579990377197944,80.0,0.7753663113754699,threshold-control
50000.0,80.0,0.0016,32.6509707483901,80.0,0.7751002110306812,threshold-control
50000.0,80.0,0.0016,32.72195111958225,80.0,0.7748338700546575,threshold-control
50000.0,80.0,0.0016,32.79293149077441,80.0,0.7745672884064991,threshold-control
50000.0,80.0,0.0016,32.86391186196656,80.0,0.7743004660457479,threshold-control
50000.0,80.0,0.0016,32.934892233158706,80.0,0.774033402932389,threshold-control
50000.0,80.0,0.0016,33.0,80.0,0.7737882237165533,threshold-control
50000.0,80.0,0.0016,33.00587260435086,80.0,0.7737660990268516,threshold-control
50000.0,80.0,0.0016,33.07685297554301,80.0,0.7734985542900095,threshold-control
50000.0,80.0,0.0016,33.14783334673517,80.0,0.7732307686831823,threshold-control
50000.0,80.0,0.0016,33.21881371792732,80.0,0.7729627421681368,threshold-control
50000.0,80.0,0.0016,33.289794089119475,80.0,0.7726944747070867,threshold-control
50000.0,80.0,0.0016,33.360774460311625,80.0,0.7724259662626953,threshold-control
50000.0,80.0,0.0016,33.431754831503774,80.0,0.7721572167980745,threshold-control
50000.0,80.0,0.0016,33.50273520269593,80.0,0.7718882262767872,threshold-control
50000.0,80.0,0.0016,33.57371557388808,80.0,0.7716189946628478,threshold-control
50000.0,80.0,0.0016,33.64469594508024,80.0,0.7713495219207227,threshold-control
50000.0,80.0,0.0016,33.715676316272386,80.0,0.771079808015332,threshold-control
50000.0,80.0,0.0016,33.786656687464536,80.0,0.7708098529120497,threshold-control
50000.0,80.0,0.0016,33.85763705865669,80.0,0.7705396565767052,threshold-control
50000.0,80.0,0.0016,33.92861742984884,80.0,0.7702692189755839,threshold-control
50000.0,80.0,0.0016,33.999597801041,80.0,0.7699985400754281,threshold-control
50000.0,80.0,0.0016,34.0,80.0,0.7699970056290092,threshold-control
50000.0,80.0,0.0016,34.07057817223315,80.0,0.7697276198434384,threshold-control
50000.0,80.0,0.0016,34.1415585434253,80.0,0.769456458247274,threshold-control
50000.0,80.0,0.0016,34.212538914617454,80.0,0.769185055255054,threshold-control
50000.0,80.0,0.0016,34.283519285809604,80.0,0.7689134108353584,threshold-control
50000.0,80.0,0.0016,34.35449965700176,80.0,0.7686415249572287,threshold-control
50000.0,80.0,0.0016,34.42548002819391,80.0,0.7683693975901691,threshold-control
50000.0,80.0,0.0016,34.49646039938606,80.0,0.7680970287041474,threshold-control
50000.0,80.0,0.0016,34.567440770578216,80.0,0.7678244182695958,threshold-control
50000.0,80.0,0.0016,34.638421141770365,80.0,0.7675515662574119,threshold-control
50000.0,80.0,0.0016,34.70940151296252,80.0,0.7672784726389598,threshold-control
50000.0,80.0,0.0016,34.78038188415467,80.0,0.7670051373860706,threshold-control
50000.0,80.0,0.0016,34.85136225534682,80.0,0.7667315604710436,threshold-control
50000.0,80.0,0.0016,34.92234262653898,80.0,0.7664577418666476,threshold-control
50000.0,80.0,0.0016,34.99332299773113,80.0,0.766183681546121,threshold-control
50000.0,80.0,0.0016,35.0,80.0,0.7661578887206069,threshold-control
50000.0,80.0,0.0016,35.064303368923284,80.0,0.7659093794831733,threshold-control
50000.0,80.0,0.0016,35.13528374011543,80.0,0.765634835651986,threshold-control
50000.0,80.0,0.0016,35.20626411130759,80.0,0.7653600500272131,threshold-control
50000.0,80.0,0.0016,35.27724448249974,80.0,0.7650850225839828,threshold-control
50000.0,80.0,0.0016,35.34822485369189,80.0,0.7648097532978976,threshold-control
50000.0,80.0,0.0016,35.419205224884045,80.0,0.7645342421450356,threshold-control
50000.0,80.0,0.0016,35.490185596076195,80.0,0.7642584891019515,threshold-control
50000.0,80.0,0.0016,35.56116596726835,80.0,0.7639824941456774,threshold-control
50000.0,80.0,0.0016,35.6321463384605,80.0,0.7637062572537238,threshold-control
50000.0,80.0,0.0016,35.70312670965265,80.0,0.7634297784040802,threshold-control
50000.0,80.0,0.0016,35.77410708084481,80.0,0.7631530575752165,threshold-control
50000.0,80.0,0.0016,35.84508745203696,80.0,0.7628760947460835,threshold-control
50000.0,80.0,0.0016,35.91606782322911,80.0,0.7625988898961144,threshold-control
50000.0,80.0,0.0016,35.98704819442126,80.0,0.7623214430052248,threshold-control
50000.0,80.0,0.0016,36.0,80.0,0.7622707910900259,threshold-control
50000.0,80.0,0.0016,36.05802856561341,80.0,0.7620437540538143,threshold-control
50000.0,80.0,0.0016,36.12900893680557,80.0,0.7617658230227675,threshold-control
50000.0,80.0,0.0016,36.19998930799772,80.0,0.7614876498934544,threshold-control
50000.0,80.0,0.0016,36.270969679189875,80.0,0.7612092346477317,threshold-control
50000.0,80.0,0.0016,36.341950050382025,80.0,0.7609305772679436,threshold-control
50000.0,80.0,0.0016,36.412930421574174,80.0,0.7606516777369223,threshold-control
50000.0,80.0,0.0016,36.48391079276633,80.0,0.76037253603799,threshold-control
50000.0,80.0,0.0016,36.55489116395848,80.0,0.7600931521549587,threshold-control
50000.0,80.0,0.0016,36.62587153515064,80.0,0.7598135260721314,threshold-control
50000.0,80.0,0.0016,36.696851906342786,80.0,0.7595336577743033,threshold-control
50000.0,80.0,0.0016,36.767832277534936,80.0,0.7592535472467626,threshold-control
50000.0,80.0,0.0016,36.83881264872709,80.0,0.7589731944752914,threshold-control
50000.0,80.0,0.0016,36.90979301991924,80.0,0.7586925994461664,threshold-control
50000.0,80.0,0.0016,36.9807733911114,80.0,0.7584117621461598,threshold-control
50000.0,80.0,0.0016,37.0,80.0,0.7583356494286873,threshold-control
50000.0,80.0,0.0016,37.05175376230355,80.0,0.7581306825625408,threshold-control
50000.0,80.0,0.0016,37.1227341334957,80.0,0.7578493606830756,threshold-control
50000.0,80.0,0.0016,37.193714504687854,80.0,0.757567796496029,threshold-control
50000.0,80.0,0.0016,37.264694875880004,80.0,0.7572859899901653,threshold-control
50000.0,80.0,0.0016,37.33567524707216,80.0,0.7570039411547482,threshold-control
50000.0,80.0,0.0016,37.40665561826431,80.0,0.7567216499795435,threshold-control
50000.0,80.0,0.0016,37.47763598945646,80.0,0.7564391164548179,threshold-control
50000.0,80.0,0.0016,37.548616360648616,80.0,0.7561563405713418,threshold-control
50000.0,80.0,0.0016,37.619596731840765,80.0,0.755873322320389,threshold-control
50000.0,80.0,0.0016,37.69057710303292,80.0,0.7555900616937378,threshold-control
50000.0,80.0,0.0016,37.76155747422507,80.0,0.7553065586836722,threshold-control
50000.0,80.0,0.0016,37.83253784541723,80.0,0.7550228132829829,threshold-control
50000.0,80.0,0.0016,37.90351821660938,80.0,0.7547388254849675,threshold-control
50000.0,80.0,0.0016,37.97449858780153,80.0,0.7544545952834322,threshold-control
50000.0,80.0,0.0016,38.0,80.0,0.7543524195304496,threshold-control
50000.0,80.0,0.0016,38.045478958993684,80.0,0.7541701226726917,threshold-control
50000.0,80.0,0.0016,38.11645933018583,80.0,0.7538854076475714,threshold-control
50000.0,80.0,0.0016,38.18743970137799,80.0,0.7536004502034073,threshold-control
50000.0,80.0,0.0016,38.25842007257014,80.0,0.753315250336047,threshold-control
50000.0,80.0,0.0016,38.32940044376229,80.0,0.7530298080418509,threshold-control
50000.0,80.0,0.0016,38.400380814954445,80.0,0.7527441233176932,threshold-control
50000.0,80.0,0.0016,38.471361186146595,80.0,0.7524581961609622,threshold-control
50000.0,80.0,0.0016,38.54234155733875,80.0,0.7521720265695617,threshold-control
50000.0,80.0,0.0016,38.6133219285309,80.0,0.7518856145419114,threshold-control
50000.0,80.0,0.0016,38.68430229972305,80.0,0.7515989600769484,threshold-control
50000.0,80.0,0.0016,38.75528267091521,80.0,0.7513120631741277,threshold-control
50000.0,80.0,0.0016,38.82626304210736,80.0,0.751024923833423,threshold-control
50000.0,80.0,0.0016,38.89724341329951,80.0,0.7507375420553278,threshold-control
50000.0,80.0,0.0016,38.96822378449166,80.0,0.7504499178408562,threshold-control
50000.0,80.0,0.0016,39.0,80.0,0.7503210767953361,threshold-control
50000.0,80.0,0.0016,39.03920415568381,80.0,0.7501620511915439,threshold-control
50000.0,80.0,0.0016,39.11018452687597,80.0,0.7498739421094486,threshold-control
50000.0,80.0,0.0016,39.18116489806812,80.0,0.7495855905971514,threshold-control
50000.0,80.0,0.0016,39.252145269260275,80.0,0.7492969966577575,threshold-control
50000.0,80.0,0.0016,39.323125640452425,80.0,0.7490081602948971,threshold-control
50000.0,80.0,0.0016,39.394106011644574,80.0,0.7487190815127263,threshold-control
50000.0,80.0,0.0016,39.46508638283673,80.0,0.7484297603159273,threshold-control
50000.0,80.0,0.0016,39.53606675402888,80.0,0.7481401967097109,threshold-control
50000.0,80.0,0.0016,39.60704712522104,80.0,0.7478503906998153,threshold-control
50000.0,80.0,0.0016,39.678027496413186,80.0,0.7475603422925088,threshold-control
50000.0,80.0,0.0016,39.74900786760534,80.0,0.7472700514945891,threshold-control
50000.0,80.0,0.0016,39.81998823879749,80.0,0.7469795183133857,threshold-control
50000.0,80.0,0.0016,39.89096860998964,80.0,0.7466887427567593,threshold-control
50000.0,80.0,0.0016,39.9619489811818,80.0,0.7463977248331037,threshold-control
50000.0,80.0,0.0016,40.0,80.0,0.7462416167263114,threshold-control
50000.0,80.0,0.0016,40.03292935237395,80.0,0.7461064645513465,threshold-control
50000.0,80.0,0.0016,40.103909723566105,80.0,0.7458149619209492,threshold-control
50000.0,80.0,0.0016,40.174890094758254,80.0,0.7455232169519089,threshold-control
50000.0,80.0,0.0016,40.245870465950404,80.0,0.745231229654759,threshold-control
50000.0,80.0,0.0016,40.31685083714256,80.0,0.7449390000405697,threshold-control
50000.0,80.0,0.0016,40.38783120833471,80.0,0.7446465281209492,threshold-control
50000.0,80.0,0.0016,40.458811579526866,80.0,0.7443538139080443,threshold-control
50000.0,80.0,0.0016,40.529791950719016,80.0,0.7440608574145415,threshold-control
50000.0,80.0,0.0016,40.600772321911165,80.0,0.7437676586536679,threshold-control
50000.0,80.0,0.0016,40.67175269310332,80.0,0.7434742176391911,threshold-control
50000.0,80.0,0.0016,40.74273306429547,80.0,0.7431805343854219,threshold-control
50000.0,80.0,0.0016,40.81371343548763,80.0,0.7428866089072133,threshold-control
50000.0,80.0,0.0016,40.88469380667978,80.0,0.7425924412199623,threshold-control
50000.0,80.0,0.0016,40.95567417787193,80.0,0.7422980313396106,threshold-control
50000.0,80.0,0.0016,41.0,80.0,0.7421140554180952,threshold-control
50000.0,80.0,0.0016,41.026654549064084,80.0,0.7420033792826453,threshold-control
50000.0,80.0,0.0016,41.09763492025623,80.0,0.7417084850660998,threshold-control
50000.0,80.0,0.0016,41.16861529144839,80.0,0.7414133487075548,threshold-control
50000.0,80.0,0.0016,41.23959566264054,80.0,0.741117970225139,threshold-control
50000.0,80.0,0.0016,41.31057603383269,80.0,0.7408223496375297,threshold-control
50000.0,80.0,0.0016,41.381556405024845,80.0,0.7405264869639541,threshold-control
50000.0,80.0,0.0016,41.452536776216995,80.0,0.7402303822241898,threshold-control
50000.0,80.0,0.0016,41.52351714740915,80.0,0.7399340354385655,threshold-control
50000.0,80.0,0.0016,41.5944975186013,80.0,0.7396374466279625,threshold-control
50000.0,80.0,0.0016,41.66547788979345,80.0,0.7393406158138149,threshold-control
50000.0,80.0,0.0016,41.73645826098561,80.0,0.7390435430181103,threshold-control
50000.0,80.0,0.0016,41.80743863217776,80.0,0.7387462282633914,threshold-control
50000.0,80.0,0.0016,41.87841900336991,80.0,0.738448671572756,threshold-control
50000.0,80.0,0.0016,41.94939937456206,80.0,0.7381508729698583,threshold-control
50000.0,80.0,0.0016,42.0,80.0,0.7379384300369873,threshold-control
50000.0,80.0,0.0016,42.02037974575421,80.0,0.7378528324789098,threshold-control
50000.0,80.0,0.0016,42.09136011694637,80.0,0.7375545501246794,threshold-control
50000.0,80.0,0.0016,42.16234048813852,80.0,0.7372560259324952,threshold-control
50000.0,80.0,0.0016,42.233320859330675,80.0,0.7369572599282446,threshold-control
50000.0,80.0,0.0016,42.304301230522825,80.0,0.7366582521383755,threshold-control
50000.0,80.0,0.0016,42.37528160171498,80.0,0.7363590025898968,threshold-control
50000.0,80.0,0.0016,42.44626197290713,80.0,0.7360595113103796,threshold-control
50000.0,80.0,0.0016,42.51724234409928,80.0,0.7357597783279575,threshold-control
50000.0,80.0,0.0016,42.58822271529144,80.0,0.7354598036713279,threshold-control
50000.0,80.0,0.0016,42.659203086483586,80.0,0.7351595873697525,threshold-control
50000.0,80.0,0.0016,42.73018345767574,80.0,0.7348591294530583,threshold-control
50000.0,80.0,0.0016,42.80116382886789,80.0,0.7345584299516381,threshold-control
50000.0,80.0,0.0016,42.87214420006004,80.0,0.7342574888964519,threshold-control
50000.0,80.0,0.0016,42.9431245712522,80.0,0.7339563063190266,threshold-control
50000.0,80.0,0.0016,43.0,80.0,0.7337147992906505,threshold-control
50000.0,80.0,0.0016,43.01410494244435,80.0,0.7336548822514585,threshold-control
50000.0,80.0,0.0016,43.085085313636505,80.0,0.7333532167264121,threshold-control
50000.0,80.0,0.0016,43.156065684828654,80.0,0.7330513097771224,threshold-control
50000.0,80.0,0.0016,43.227046056020804,80.0,0.7327491614373951,threshold-control
50000.0,80.0,0.0016,43.29802642721296,80.0,0.7324467717416075,threshold-control
50000.0,80.0,0.0016,43.36900679840511,80.0,0.7321441407247093,threshold-control
50000.0,80.0,0.0016,43.439987169597266,80.0,0.7318412684222231,threshold-control
50000.0,80.0,0.0016,43.510967540789416,80.0,0.7315381548702458,threshold-control
50000.0,80.0,0.0016,43.581947911981565,80.0,0.7312348001054485,threshold-control
50000.0,80.0,0.0016,43.65292828317372,80.0,0.7309312041650783,threshold-control
50000.0,80.0,0.0016,43.72390865436587,80.0,0.7306273670869583,threshold-control
50000.0,80.0,0.0016,43.79488902555803,80.0,0.7303232889094888,threshold-control
50000.0,80.0,0.0016,43.86586939675018,80.0,0.7300189696716479,threshold-control
50000.0,80.0,0.0016,43.93684976794233,80.0,0.7297144094129921,threshold-control
50000.0,80.0,0.0016,44.0,80.0,0.7294432438867826,threshold-control
50000.0,80.0,0.0016,44.007830139134484,80.0,0.7294096081736574,threshold-control
50000.0,80.0,0.0016,44.07881051032663,80.0,0.7291045659943602,threshold-control
50000.0,80.0,0.0016,44.14979088151879,80.0,0.7287992829163974,threshold-control
50000.0,80.0,0.0016,44.22077125271094,80.0,0.7284937589816478,threshold-control
50000.0,80.0,0.0016,44.291751623903096,80.0,0.7281879942325725,threshold-control
50000.0,80.0,0.0016,44.362731995095245,80.0,0.7278819887122162,threshold-control
50000.0,80.0,0.0016,44.433712366287395,80.0,0.7275757424642071,threshold-control
50000.0,80.0,0.0016,44.50469273747955,80.0,0.7272692555327585,threshold-control
50000.0,80.0,0.0016,44.5756731086717,80.0,0.7269625279626687,threshold-control
50000.0,80.0,0.0016,44.64665347986386,80.0,0.7266555597993228,threshold-control
50000.0,80.0,0.0016,44.71763385105601,80.0,0.7263483510886927,threshold-control
50000.0,80.0,0.0016,44.78861422224816,80.0,0.7260409018773378,threshold-control
50000.0,80.0,0.0016,44.85959459344031,80.0,0.7257332122124063,threshold-control
50000.0,80.0,0.0016,44.93057496463246,80.0,0.7254252821416356,threshold-control
50000.0,80.0,0.0016,45.0,80.0,0.7251238669795939,threshold-control
50000.0,80.0,0.0016,45.00155533582462,80.0,0.725117111713353,threshold-control
50000.0,80.0,0.0016,45.07253570701677,80.0,0.7248087009764768,threshold-control
50000.0,80.0,0.0016,45.14351607820892,80.0,0.7245000499805161,threshold-control
50000.0,80.0,0.0016,45.214496449401075,80.0,0.724191158775573,threshold-control
50000.0,80.0,0.0016,45.285476820593225,80.0,0.7238820274123423,threshold-control
50000.0,80.0,0.0016,45.35645719178538,80.0,0.7235726559421123,threshold-control
50000.0,80.0,0.0016,45.42743756297753,80.0,0.7232630444167658,threshold-control
50000.0,80.0,0.0016,45.49841793416968,80.0,0.722953192888781,threshold-control
50000.0,80.0,0.0016,45.56939830536184,80.0,0.7226431014112318,threshold-control
50000.0,80.0,0.0016,45.640378676553986,80.0,0.7223327700377888,threshold-control
50000.0,80.0,0.0016,45.71135904774614,80.0,0.7220221988227197,threshold-control
50000.0,80.0,0.0016,45.78233941893829,80.0,0.7217113878208905,threshold-control
50000.0,80.0,0.0016,45.85331979013044,80.0,0.7214003370877662,threshold-control
50000.0,80.0,0.0016,45.9243001613226,80.0,0.7210890466794107,threshold-control
50000.0,80.0,0.0016,45.99528053251475,80.0,0.7207775166524886,threshold-control
50000.0,80.0,0.0016,46.0,80.0,0.7207567946029878,threshold-control
50000.0,80.0,0.0016,46.066260903706905,80.0,0.7204657470642655,threshold-control
50000.0,80.0,0.0016,46.137241274899054,80.0,0.7201537379726082,threshold-control
50000.0,80.0,0.0016,46.208221646091204,80.0,0.7198414894359864,threshold-control
50000.0,80.0,0.0016,46.27920201728336,80.0,0.7195290015134727,threshold-control
50000.0,80.0,0.0016,46.35018238847551,80.0,0.719216274264743,threshold-control
50000.0,80.0,0.0016,46.421162759667666,80.0,0.7189033077500786,threshold-control
50000.0,80.0,0.0016,46.492143130859816,80.0,0.7185901020303652,threshold-control
50000.0,80.0,0.0016,46.563123502051965,80.0,0.7182766571670949,threshold-control
50000.0,80.0,0.0016,46.63410387324412,80.0,0.7179629732223659,threshold-control
50000.0,80.0,0.0016,46.70508424443627,80.0,0.7176490502588843,threshold-control
50000.0,80.0,0.0016,46.77606461562843,80.0,0.7173348883399636,threshold-control
50000.0,80.0,0.0016,46.84704498682058,80.0,0.7170204875295263,threshold-control
50000.0,80.0,0.0016,46.918025358012734,80.0,0.7167058478921042,threshold-control
50000.0,80.0,0.0016,46.989005729204884,80.0,0.7163909694928393,threshold-control
50000.0,80.0,0.0016,47.0,80.0,0.7163421760893374,threshold-control
50000.0,80.0,0.0016,47.05998610039703,80.0,0.716075852397484,threshold-control
50000.0,80.0,0.0016,47.13096647158919,80.0,0.7157604966724023,threshold-control
50000.0,80.0,0.0016,47.20194684278134,80.0,0.7154449023845703,threshold-control
50000.0,80.0,0.0016,47.272927213973496,80.0,0.7151290696015768,threshold-control
50000.0,80.0,0.0016,47.343907585165645,80.0,0.7148129983916244,threshold-control
50000.0,80.0,0.0016,47.414887956357795,80.0,0.7144966888235291,threshold-control
50000.0,80.0,0.0016,47.48586832754995,80.0,0.7141801409667226,threshold-control
50000.0,80.0,0.0016,47.5568486987421,80.0,0.7138633548912512,threshold-control
50000.0,80.0,0.0016,47.62782906993426,80.0,0.7135463306677781,threshold-control
50000.0,80.0,0.0016,47.69880944112641,80.0,0.7132290683675826,threshold-control
50000.0,80.0,0.0016,47.76978981231856,80.0,0.712911568062562,threshold-control
50000.0,80.0,0.0016,47.84077018351071,80.0,0.7125938298252315,threshold-control
50000.0,80.0,0.0016,47.91175055470286,80.0,0.712275853728725,threshold-control
50000.0,80.0,0.0016,47.98273092589502,80.0,0.7119576398467959,threshold-control
50000.0,80.0,0.0016,48.0,80.0,0.711880184472734,threshold-control
50000.0,80.0,0.0016,48.05371129708717,80.0,0.7116391882538178,threshold-control
50000.0,80.0,0.0016,48.12469166827932,80.0,0.7113204990247848,threshold-control
50000.0,80.0,0.0016,48.195672039471475,80.0,0.7110015722353126,threshold-control
50000.0,80.0,0.0016,48.266652410663625,80.0,0.7106824079616388,threshold-control
50000.0,80.0,0.0016,48.33763278185578,80.0,0.7103630062806238,threshold-control
50000.0,80.0,0.0016,48.40861315304793,80.0,0.7100433672697509,threshold-control
50000.0,80.0,0.0016,48.47959352424008,80.0,0.709723491007128,threshold-control
50000.0,80.0,0.0016,48.55057389543224,80.0,0.709403377571487,threshold-control
50000.0,80.0,0.0016,48.621554266624386,80.0,0.7090830270421853,threshold-control
50000.0,80.0,0.0016,48.69253463781654,80.0,0.708762439499206,threshold-control
50000.0,80.0,0.0016,48.76351500900869,80.0,0.708441615023159,threshold-control
50000.0,80.0,0.0016,48.83449538020085,80.0,0.7081205536952809,threshold-control
50000.0,80.0,0.0016,48.905475751393,80.0,0.7077992555974362,threshold-control
50000.0,80.0,0.0016,48.97645612258515,80.0,0.7074777208121177,threshold-control
50000.0,80.0,0.0016,49.0,80.0,0.707371016875585,threshold-control
50000.0,80.0,0.0016,49.047436493777305,80.0,0.707155949422447,threshold-control
50000.0,80.0,0.0016,49.118416864969454,80.0,0.7068339415121757,threshold-control
50000.0,80.0,0.0016,49.18939723616161,80.0,0.7065116971656852,threshold-control
50000.0,80.0,0.0016,49.26037760735376,80.0,0.7061892164679879,threshold-control
50000.0,80.0,0.0016,49.33135797854591,80.0,0.7058664995047275,threshold-control
50000.0,80.0,0.0016,49.402338349738066,80.0,0.7055435463621795,threshold-control
50000.0,80.0,0.0016,49.473318720930216,80.0,0.7052203571272526,threshold-control
50000.0,80.0,0.0016,49.54429909212237,80.0,0.704896931887488,threshold-control
50000.0,80.0,0.0016,49.61527946331452,80.0,0.7045732707310615,threshold-control
50000.0,80.0,0.0016,49.68625983450667,80.0,0.7042493737467825,threshold-control
50000.0,80.0,0.0016,49.75724020569883,80.0,0.7039252410240959,threshold-control
50000.0,80.0,0.0016,49.82822057689098,80.0,0.7036008726530819,threshold-control
50000.0,80.0,0.0016,49.899200948083134,80.0,0.7032762687244571,threshold-control
50000.0,80.0,0.0016,49.970181319275284,80.0,0.7029514293295749,threshold-control
50000.0,80.0,0.0016,50.0,80.0,0.7028148948774291,threshold-control
50000.0,80.0,0.0016,50.04116169046743,80.0,0.7026263545604257,threshold-control
50000.0,80.0,0.0016,50.11214206165959,80.0,0.7023010445096378,threshold-control
50000.0,80.0,0.0016,50.18312243285174,80.0,0.7019754992704785,threshold-control
50000.0,80.0,0.0016,50.254102804043896,80.0,0.7016497189368539,threshold-control
50000.0,80.0,0.0016,50.325083175236045,80.0,0.7013237036033094,threshold-control
50000.0,80.0,0.0016,50.396063546428195,80.0,0.7009974533650312,threshold-control
50000.0,80.0,0.0016,50.46704391762035,80.0,0.7006709683178456,threshold-control
50000.0,80.0,0.0016,50.5380242888125,80.0,0.7003442485582206,threshold-control
50000.0,80.0,0.0016,50.60900466000466,80.0,0.7000172941832663,threshold-control
50000.0,80.0,0.0016,50.67998503119681,80.0,0.6996901052907349,threshold-control
50000.0,80.0,0.0016,50.75096540238896,80.0,0.6993626819790215,threshold-control
50000.0,80.0,0.0016,50.82194577358111,80.0,0.699035024347165,threshold-control
50000.0,80.0,0.0016,50.89292614477326,80.0,0.6987071324948486,threshold-control
50000.0,80.0,0.0016,50.96390651596542,80.0,0.6983790065223996,threshold-control
50000.0,80.0,0.0016,51.0,80.0,0.6982120648648398,threshold-control
50000.0,80.0,0.0016,51.03488688715757,80.0,0.6980506465307907,threshold-control
50000.0,80.0,0.0016,51.10586725834972,80.0,0.6977220526216406,threshold-control
50000.0,80.0,0.0016,51.176847629541875,80.0,0.6973932248972137,threshold-control
50000.0,80.0,0.0016,51.247828000734025,80.0,0.6970641634604217,threshold-control
50000.0,80.0,0.0016,51.31880837192618,80.0,0.6967348684148233,threshold-control
50000.0,80.0,0.0016,51.38978874311833,80.0,0.6964053398646256,threshold-control
50000.0,80.0,0.0016,51.46076911431049,80.0,0.6960755779146832,threshold-control
50000.0,80.0,0.0016,51.53174948550264,80.0,0.6957455826705004,threshold-control
50000.0,80.0,0.0016,51.602729856694786,80.0,0.6954153542382302,threshold-control
50000.0,80.0,0.0016,51.67371022788694,80.0,0.6950848927246762,threshold-control
50000.0,80.0,0.0016,51.74469059907909,80.0,0.6947541982372922,threshold-control
50000.0,80.0,0.0016,51.81567097027125,80.0,0.6944232708841829,threshold-control
50000.0,80.0,0.0016,51.8866513414634,80.0,0.6940921107741043,threshold-control
50000.0,80.0,0.0016,51.95763171265555,80.0,0.6937607180164648,threshold-control
50000.0,80.0,0.0016,52.0,80.0,0.6935627983612901,threshold-control
50000.0,80.0,0.0016,52.028612083847705,80.0,0.6934290927213249,threshold-control
50000.0,80.0,0.0016,52.099592455039854,80.0,0.6930972349993982,threshold-control
50000.0,80.0,0.0016,52.17057282623201,80.0,0.692765144962052,threshold-control
50000.0,80.0,0.0016,52.24155319742416,80.0,0.692432822721307,threshold-control
50000.0,80.0,0.0016,52.31253356861631,80.0,0.6921002683898391,threshold-control
50000.0,80.0,0.0016,52.383513939808466,80.0,0.6917674820809784,threshold-control
50000.0,80.0,0.0016,52.454494311000616,80.0,0.691434463908711,threshold-control
50000.0,80.0,0.0016,52.52547468219277,80.0,0.6911012139876784,threshold-control
50000.0,80.0,0.0016,52.59645505338492,80.0,0.6907677324331791,threshold-control
50000.0,80.0,0.0016,52.66743542457707,80.0,0.6904340193611678,threshold-control
50000.0,80.0,0.0016,52.73841579576923,80.0,0.690100074888257,threshold-control
50000.0,80.0,0.0016,52.80939616696138,80.0,0.6897658991317168,threshold-control
50000.0,80.0,0.0016,52.880376538153534,80.0,0.6894314922094755,threshold-control
50000.0,80.0,0.0016,52.951356909345684,80.0,0.6890968542401205,threshold-control
50000.0,80.0,0.0016,53.0,80.0,0.6888673923358573,threshold-control
50000.0,80.0,0.0016,53.02233728053783,80.0,0.6887619853428978,threshold-control
50000.0,80.0,0.0016,53.09331765172999,80.0,0.6884268856377134,threshold-control
50000.0,80.0,0.0016,53.16429802292214,80.0,0.6880915552451334,threshold-control
50000.0,80.0,0.0016,53.235278394114296,80.0,0.6877559942863845,threshold-control
50000.0,80.0,0.0016,53.306258765306445,80.0,0.6874202028833539,threshold-control
50000.0,80.0,0.0016,53.3772391364986,80.0,0.687084181158591,threshold-control
50000.0,80.0,0.0016,53.44821950769075,80.0,0.6867479292353067,threshold-control
50000.0,80.0,0.0016,53.5191998788829,80.0,0.6864114472373739,threshold-control
50000.0,80.0,0.0016,53.59018025007506,80.0,0.6860747352893287,threshold-control
50000.0,80.0,0.0016,53.66116062126721,80.0,0.6857377935163702,threshold-control
50000.0,80.0,0.0016,53.732140992459364,80.0,0.6854006220443611,threshold-control
50000.0,80.0,0.0016,53.80312136365151,80.0,0.6850632209998284,threshold-control
50000.0,80.0,0.0016,53.87410173484366,80.0,0.684725590509963,threshold-control
50000.0,80.0,0.0016,53.94508210603582,80.0,0.6843877307026209,threshold-control
50000.0,80.0,0.0016,54.0,80.0,0.6841261694896552,threshold-control
50000.0,80.0,0.0016,54.01606247722797,80.0,0.684049641706324,threshold-control
50000.0,80.0,0.0016,54.087042848420126,80.0,0.6837113236502588,threshold-control
50000.0,80.0,0.0016,54.158023219612275,80.0,0.6833727766642789,threshold-control
50000.0,80.0,0.0016,54.229003590804425,80.0,0.6830340008789035,threshold-control
50000.0,80.0,0.0016,54.29998396199658,80.0,0.6826949964253197,threshold-control
50000.0,80.0,0.0016,54.37096433318873,80.0,0.6823557634353812,threshold-control
50000.0,80.0,0.0016,54.44194470438089,80.0,0.6820163020416095,threshold-control
50000.0,80.0,0.0016,54.51292507557304,80.0,0.6816766123771942,threshold-control
50000.0,80.0,0.0016,54.583905446765186,80.0,0.681336694575994,threshold-control
50000.0,80.0,0.0016,54.65488581795734,80.0,0.6809965487725355,threshold-control
50000.0,80.0,0.0016,54.72586618914949,80.0,0.680656175102015,threshold-control
50000.0,80.0,0.0016,54.79684656034165,80.0,0.6803155737002988,threshold-control
50000.0,80.0,0.0016,54.8678269315338,80.0,0.6799747447039227,threshold-control
50000.0,80.0,0.0016,54.93880730272595,80.0,0.6796336882500931,threshold-control
50000.0,80.0,0.0016,55.0,80.0,0.6793394785188955,threshold-control
50000.0,80.0,0.0016,55.009787673918105,80.0,0.6792924044766868,threshold-control
50000.0,80.0,0.0016,55.080768045110254,80.0,0.6789508935222525,threshold-control
50000.0,80.0,0.0016,55.15174841630241,80.0,0.6786091555260094,threshold-control
50000.0,80.0,0.0016,55.22272878749456,80.0,0.6782671906278493,threshold-control
50000.0,80.0,0.0016,55.29370915868671,80.0,0.6779249989683359,threshold-control
50000.0,80.0,0.0016,55.364689529878866,80.0,0.6775825806887052,threshold-control
50000.0,80.0,0.0016,55.435669901071016,80.0,0.6772399359308668,threshold-control
50000.0,80.0,0.0016,55.50665027226317,80.0,0.6768970648374026,threshold-control
50000.0,80.0,0.0016,55.57763064345532,80.0,0.6765539675515689,threshold-control
50000.0,80.0,0.0016,55.64861101464747,80.0,0.6762106442172954,threshold-control
50000.0,80.0,0.0016,55.71959138583963,80.0,0.6758670949791861,threshold-control
50000.0,80.0,0.0016,55.79057175703178,80.0,0.6755233199825199,threshold-control
50000.0,80.0,0.0016,55.861552128223934,80.0,0.6751793193732503,threshold-control
50000.0,80.0,0.0016,55.932532499416084,80.0,0.674835093298006,threshold-control
50000.0,80.0,0.0016,56.0,80.0,0.6745076943534971,threshold-control
50000.0,80.0,0.0016,56.00351287060824,80.0,0.6744906419040915,threshold-control
50000.0,80.0,0.0016,56.07449324180039,80.0,0.6741459653394872,threshold-control
50000.0,80.0,0.0016,56.14547361299254,80.0,0.6738010637528493,threshold-control
50000.0,80.0,0.0016,56.216453984184696,80.0,0.6734559372935109,threshold-control
50000.0,80.0,0.0016,56.287434355376845,80.0,0.6731105861114817,threshold-control
50000.0,80.0,0.0016,56.358414726569,80.0,0.6727650103574482,threshold-control
50000.0,80.0,0.0016,56.42939509776115,80.0,0.6724192101827748,threshold-control
50000.0,80.0,0.0016,56.5003754689533,80.0,0.6720731857395037,threshold-control
50000.0,80.0,0.0016,56.57135584014546,80.0,0.6717269371803544,threshold-control
50000.0,80.0,0.0016,56.64233621133761,80.0,0.6713804646587253,threshold-control
50000.0,80.0,0.0016,56.713316582529764,80.0,0.6710337683286929,threshold-control
50000.0,80.0,0.0016,56.78429695372191,80.0,0.670686848345013,threshold-control
50000.0,80.0,0.0016,56.85527732491406,80.0,0.6703397048631203,threshold-control
50000.0,80.0,0.0016,56.92625769610622,80.0,0.6699923380391288,threshold-control
50000.0,80.0,0.0016,56.99723806729837,80.0,0.6696447480298324,threshold-control
50000.0,80.0,0.0016,57.0,80.0,0.6696312183701787,threshold-control
50000.0,80.0,0.0016,57.068218438490526,80.0,0.6692969349927045,threshold-control
50000.0,80.0,0.0016,57.139198809682675,80.0,0.6689488990858992,threshold-control
50000.0,80.0,0.0016,57.210179180874825,80.0,0.668600640468251,threshold-control
50000.0,80.0,0.0016,57.28115955206698,80.0,0.6682521592992745,threshold-control
50000.0,80.0,0.0016,57.35213992325913,80.0,0.667903455739166,threshold-control
50000.0,80.0,0.0016,57.42312029445129,80.0,0.6675545299488027,threshold-control
50000.0,80.0,0.0016,57.49410066564344,80.0,0.6672053820897432,threshold-control
50000.0,80.0,0.0016,57.565081036835586,80.0,0.6668560123242282,threshold-control
50000.0,80.0,0.0016,57.63606140802774,80.0,0.6665064208151796,threshold-control
50000.0,80.0,0.0016,57.70704177921989,80.0,0.666156607726202,threshold-control
50000.0,80.0,0.0016,57.77802215041205,80.0,0.6658065732215823,threshold-control
50000.0,80.0,0.0016,57.8490025216042,80.0,0.6654563174662902,threshold-control
50000.0,80.0,0.0016,57.919982892796355,80.0,0.6651058406259777,threshold-control
50000.0,80.0,0.0016,57.990963263988505,80.0,0.6647551428669805,threshold-control
50000.0,80.0,0.0016,58.0,80.0,0.6647104785789977,threshold-control
50000.0,80.0,0.0016,58.061943635180654,80.0,0.6644042243563173,threshold-control
50000.0,80.0,0.0016,58.13292400637281,80.0,0.6640530852616902,threshold-control
50000.0,80.0,0.0016,58.20390437756496,80.0,0.663701725751485,threshold-control
50000.0,80.0,0.0016,58.27488474875712,80.0,0.6633501459947715,threshold-control
50000.0,80.0,0.0016,58.345865119949266,80.0,0.662998346161304,threshold-control
50000.0,80.0,0.0016,58.416845491141416,80.0,0.6626463264215203,threshold-control
50000.0,80.0,0.0016,58.48782586233357,80.0,0.6622940869465433,threshold-control
50000.0,80.0,0.0016,58.55880623352572,80.0,0.6619416279081803,threshold-control
50000.0,80.0,0.0016,58.62978660471788,80.0,0.6615889494789235,threshold-control
50000.0,80.0,0.0016,58.70076697591003,80.0,0.6612360518319506,threshold-control
50000.0,80.0,0.0016,58.77174734710218,80.0,0.6608829351411235,threshold-control
50000.0,80.0,0.0016,58.842727718294334,80.0,0.6605295995809906,threshold-control
50000.0,80.0,0.0016,58.913708089486484,80.0,0.6601760453267851,threshold-control
50000.0,80.0,0.0016,58.98468846067864,80.0,0.6598222725544264,threshold-control
50000.0,80.0,0.0016,59.0,80.0,0.659745929782326,threshold-control
50000.0,80.0,0.0016,59.05566883187079,80.0,0.6594682814405195,threshold-control
50000.0,80.0,0.0016,59.12664920306294,80.0,0.6591140721623557,threshold-control
50000.0,80.0,0.0016,59.197629574255096,80.0,0.6587596448979123,threshold-control
50000.0,80.0,0.0016,59.268609945447245,80.0,0.6584049998258532,threshold-control
50000.0,80.0,0.0016,59.3395903166394,80.0,0.6580501371255283,threshold-control
50000.0,80.0,0.0016,59.41057068783155,80.0,0.6576950569769747,threshold-control
50000.0,80.0,0.0016,59.4815510590237,80.0,0.6573397595609163,threshold-control
50000.0,80.0,0.0016,59.55253143021586,80.0,0.6569842450587632,threshold-control
50000.0,80.0,0.0016,59.62351180140801,80.0,0.6566285136526133,threshold-control
50000.0,80.0,0.0016,59.694492172600164,80.0,0.6562725655252513,threshold-control
50000.0,80.0,0.0016,59.76547254379231,80.0,0.6559164008601496,threshold-control
50000.0,80.0,0.0016,59.83645291498446,80.0,0.6555600198414673,threshold-control
50000.0,80.0,0.0016,59.90743328617662,80.0,0.6552034226540517,threshold-control
50000.0,80.0,0.0016,59.97841365736877,80.0,0.6548466094834373,threshold-control
50000.0,80.0,0.0016,60.0,80.0,0.6547380537052812,threshold-control
50000.0,80.0,0.0016,60.049394028560926,80.0,0.6544895805158469,threshold-control
50000.0,80.0,0.0016,60.120374399753075,80.0,0.6541323359381905,threshold-control
50000.0,80.0,0.0016,60.191354770945225,80.0,0.6537748759380665,threshold-control
50000.0,80.0,0.0016,60.26233514213738,80.0,0.6534172007037609,threshold-control
50000.0,80.0,0.0016,60.33331551332953,80.0,0.6530593104242484,threshold-control
50000.0,80.0,0.0016,60.40429588452169,80.0,0.6527012052891915,threshold-control
50000.0,80.0,0.0016,60.47527625571384,80.0,0.6523428854889413,threshold-control
50000.0,80.0,0.0016,60.54625662690599,80.0,0.6519843512145369,threshold-control
50000.0,80.0,0.0016,60.61723699809814,80.0,0.6516256026577063,threshold-control
50000.0,80.0,0.0016,60.68821736929029,80.0,0.6512666400108655,threshold-control
50000.0,80.0,0.0016,60.75919774048245,80.0,0.6509074634671197,threshold-control
50000.0,80.0,0.0016,60.8301781116746,80.0,0.6505480732202624,threshold-control
50000.0,80.0,0.0016,60.901158482866755,80.0,0.6501884694647757,threshold-control
50000.0,80.0,0.0016,60.972138854058905,80.0,0.649828652395831,threshold-control
50000.0,80.0,0.0016,61.0,80.0,0.6496873590966702,threshold-control
50000.0,80.0,0.0016,61.043119225251054,80.0,0.6494686222092878,threshold-control
50000.0,80.0,0.0016,61.11409959644321,80.0,0.6491083791016949,threshold-control
50000.0,80.0,0.0016,61.18507996763536,80.0,0.64874792327029,threshold-control
50000.0,80.0,0.0016,61.25606033882752,80.0,0.6483872549129996,threshold-control
50000.0,80.0,0.0016,61.327040710019666,80.0,0.6480263742284396,threshold-control
50000.0,80.0,0.0016,61.398021081211816,80.0,0.647665281415914,threshold-control
50000.0,80.0,0.0016,61.46900145240397,80.0,0.6473039766754166,threshold-control
50000.0,80.0,0.0016,61.53998182359612,80.0,0.6469424602076302,threshold-control
50000.0,80.0,0.0016,61.61096219478828,80.0,0.6465807322139265,threshold-control
50000.0,80.0,0.0016,61.68194256598043,80.0,0.6462187928963663,threshold-control
50000.0,80.0,0.0016,61.75292293717258,80.0,0.6458566424576992,threshold-control
50000.0,80.0,0.0016,61.823903308364734,80.0,0.6454942811013646,threshold-control
50000.0,80.0,0.0016,61.894883679556884,80.0,0.6451317090314905,threshold-control
50000.0,80.0,0.0016,61.96586405074904,80.0,0.644768926452894,threshold-control
50000.0,80.0,0.0016,62.0,80.0,0.6445943817995428,threshold-control
50000.0,80.0,0.0016,62.03684442194119,80.0,0.6444059335710813,threshold-control
50000.0,80.0,0.0016,62.10782479313334,80.0,0.644042730592248,threshold-control
50000.0,80.0,0.0016,62.178805164325496,80.0,0.6436793177232784,threshold-control
50000.0,80.0,0.0016,62.249785535517645,80.0,0.6433156951717459,threshold-control
50000.0,80.0,0.0016,62.3207659067098,80.0,0.642951863145913,threshold-control
50000.0,80.0,0.0016,62.39174627790195,80.0,0.6425878218547312,threshold-control
50000.0,80.0,0.0016,62.46272664909411,80.0,0.6422235715078409,threshold-control
50000.0,80.0,0.0016,62.53370702028626,80.0,0.6418591123155714,threshold-control
50000.0,80.0,0.0016,62.60468739147841,80.0,0.641494444488941,threshold-control
50000.0,80.0,0.0016,62.675667762670564,80.0,0.6411295682396565,threshold-control
50000.0,80.0,0.0016,62.74664813386271,80.0,0.6407644837801139,threshold-control
50000.0,80.0,0.0016,62.81762850505487,80.0,0.6403991913233977,threshold-control
50000.0,80.0,0.0016,62.88860887624702,80.0,0.6400336910832811,threshold-control
50000.0,80.0,0.0016,62.95958924743917,80.0,0.6396679832742259,threshold-control
50000.0,80.0,0.0016,63.0,80.0,0.6394596847904914,threshold-control
50000.0,80.0,0.0016,63.030569618631326,80.0,0.6393020681113823,threshold-control
50000.0,80.0,0.0016,63.101549989823475,80.0,0.6389359458105892,threshold-control
50000.0,80.0,0.0016,63.17253036101563,80.0,0.638569616588374,threshold-control
50000.0,80.0,0.0016,63.24351073220778,80.0,0.6382030806619519,threshold-control
50000.0,80.0,0.0016,63.31449110339993,80.0,0.6378363382492267,threshold-control
50000.0,80.0,0.0016,63.38547147459209,80.0,0.6374693895687902,threshold-control
50000.0,80.0,0.0016,63.45645184578424,80.0,0.6371022348399225,threshold-control
50000.0,80.0,0.0016,63.52743221697639,80.0,0.6367348742825911,threshold-control
50000.0,80.0,0.0016,63.59841258816854,80.0,0.6363673081174521,threshold-control
50000.0,80.0,0.0016,63.66939295936069,80.0,0.6359995365658486,threshold-control
50000.0,80.0,0.0016,63.74037333055285,80.0,0.6356315598498119,threshold-control
50000.0,80.0,0.0016,63.811353701745,80.0,0.6352633781920605,threshold-control
50000.0,80.0,0.0016,63.882334072937155,80.0,0.6348949918160002,threshold-control
50000.0,80.0,0.0016,63.953314444129305,80.0,0.6345264009457244,threshold-control
50000.0,80.0,0.0016,64.0,80.0,0.634283858186884,threshold-control
50000.0,80.0,0.0016,64.02429481532145,80.0,0.6341576058060137,threshold-control
50000.0,80.0,0.0016,64.0952751865136,80.0,0.633788606622335,threshold-control
50000.0,80.0,0.0016,64.16625555770577,80.0,0.6334194036208429,threshold-control
50000.0,80.0,0.0016,64.23723592889792,80.0,0.6330499970283784,threshold-control
50000.0,80.0,0.0016,64.30821630009007,80.0,0.632680387072469,threshold-control
50000.0,80.0,0.0016,64.37919667128222,80.0,0.6323105739813287,threshold-control
50000.0,80.0,0.0016,64.45017704247437,80.0,0.631940557983858,threshold-control
50000.0,80.0,0.0016,64.52115741366653,80.0,0.6315703393096432,threshold-control
50000.0,80.0,0.0016,64.59213778485868,80.0,0.6311999181889569,threshold-control
50000.0,80.0,0.0016,64.66311815605083,80.0,0.6308292948527572,threshold-control
50000.0,80.0,0.0016,64.73409852724298,80.0,0.630458469532688,threshold-control
50000.0,80.0,0.0016,64.80507889843513,80.0,0.6300874424610785,threshold-control
50000.0,80.0,0.0016,64.87605926962729,80.0,0.6297162138709433,threshold-control
50000.0,80.0,0.0016,64.94703964081944,80.0,0.6293447839959821,threshold-control
50000.0,80.0,0.0016,65.0,80.0,0.6290675192212679,threshold-control
50000.0,80.0,0.0016,65.01802001201159,80.0,0.6289731530705797,threshold-control
50000.0,80.0,0.0016,65.08900038320374,80.0,0.628601321329805,threshold-control
50000.0,80.0,0.0016,65.15998075439589,80.0,0.6282292890094119,threshold-control
50000.0,80.0,0.0016,65.23096112558805,80.0,0.6278570563458383,threshold-control
50000.0,80.0,0.0016,65.3019414967802,80.0,0.6274846235762068,threshold-control
50000.0,80.0,0.0016,65.37292186797235,80.0,0.6271119909383231,threshold-control
50000.0,80.0,0.0016,65.4439022391645,80.0,0.6267391586706772,threshold-control
50000.0,80.0,0.0016,65.51488261035665,80.0,0.6263661270124421,threshold-control
50000.0,80.0,0.0016,65.58586298154881,80.0,0.6259928962034741,threshold-control
50000.0,80.0,0.0016,65.65684335274096,80.0,0.6256194664843128,threshold-control
50000.0,80.0,0.0016,65.72782372393311,80.0,0.6252458380961803,threshold-control
50000.0,80.0,0.0016,65.79880409512526,80.0,0.6248720112809812,threshold-control
50000.0,80.0,0.0016,65.86978446631741,80.0,0.6244979862813025,threshold-control
50000.0,80.0,0.0016,65.94076483750958,80.0,0.6241237633404133,threshold-control
50000.0,80.0,0.0016,66.0,80.0,0.6238113121822336,threshold-control
50000.0,80.0,0.0016,66.01174520870173,80.0,0.6237493427022642,threshold-control
50000.0,80.0,0.0016,66.08272557989388,80.0,0.6233747246114878,threshold-control
50000.0,80.0,0.0016,66.15370595108602,80.0,0.6229999093133973,threshold-control
50000.0,80.0,0.0016,66.22468632227819,80.0,0.6226248970539874,threshold-control
50000.0,80.0,0.0016,66.29566669347034,80.0,0.6222496880799334,threshold-control
50000.0,80.0,0.0016,66.36664706466249,80.0,0.6218742826385912,threshold-control
50000.0,80.0,0.0016,66.43762743585464,80.0,0.6214986809779965,threshold-control
50000.0,80.0,0.0016,66.50860780704679,80.0,0.6211228833468652,threshold-control
50000.0,80.0,0.0016,66.57958817823895,80.0,0.6207468899945927,threshold-control
50000.0,80.0,0.0016,66.6505685494311,80.0,0.6203707011712538,threshold-control
50000.0,80.0,0.0016,66.72154892062325,80.0,0.6199943171276022,threshold-control
50000.0,80.0,0.0016,66.7925292918154,80.0,0.6196177381150705,threshold-control
50000.0,80.0,0.0016,66.86350966300755,80.0,0.6192409643857691,threshold-control
50000.0,80.0,0.0016,66.93449003419971,80.0,0.6188639961924873,threshold-control
50000.0,80.0,0.0016,67.0,80.0,0.6185159083210914,threshold-control
50000.0,80.0,0.0016,67.00547040539186,80.0,0.6184868337886922,threshold-control
50000.0,80.0,0.0016,67.07645077658401,80.0,0.6181094774285274,threshold-control
50000.0,80.0,0.0016,67.14743114777616,80.0,0.6177319273668145,threshold-control
50000.0,80.0,0.0016,67.21841151896831,80.0,0.6173541838590517,threshold-control
50000.0,80.0,0.0016,67.28939189016047,80.0,0.6169762471614135,threshold-control
50000.0,80.0,0.0016,67.36037226135262,80.0,0.6165981175307507,threshold-control
50000.0,80.0,0.0016,67.43135263254477,80.0,0.6162197952245898,threshold-control
50000.0,80.0,0.0016,67.50233300373692,80.0,0.6158412805011328,threshold-control
50000.0,80.0,0.0016,67.57331337492907,80.0,0.615462573619257,threshold-control
50000.0,80.0,0.0016,67.64429374612124,80.0,0.6150836748385141,threshold-control
50000.0,80.0,0.0016,67.71527411731338,80.0,0.6147045844191302,threshold-control
50000.0,80.0,0.0016,67.78625448850553,80.0,0.6143253026220057,threshold-control
50000.0,80.0,0.0016,67.85723485969768,80.0,0.6139458297087141,threshold-control
50000.0,80.0,0.0016,67.92821523088983,80.0,0.613566165941503,threshold-control
50000.0,80.0,0.0016,67.999195602082,80.0,0.6131863115832922,threshold-control
50000.0,80.0,0.0016,68.0,80.0,0.6131820057237689,threshold-control
50000.0,80.0,0.0016,68.07017597327415,80.0,0.612806266897674,threshold-control
50000.0,80.0,0.0016,68.1411563444663,80.0,0.6124260321489134,threshold-control
50000.0,80.0,0.0016,68.21213671565845,80.0,0.6120456076019465,threshold-control
50000.0,80.0,0.0016,68.2831170868506,80.0,0.611664993522381,threshold-control
50000.0,80.0,0.0016,68.35409745804276,80.0,0.6112841901764955,threshold-control
50000.0,80.0,0.0016,68.42507782923491,80.0,0.610903197831239,threshold-control
50000.0,80.0,0.0016,68.49605820042706,80.0,0.6105220167542308,threshold-control
50000.0,80.0,0.0016,68.56703857161921,80.0,0.6101406472137598,threshold-control
50000.0,80.0,0.0016,68.63801894281136,80.0,0.6097590894787841,threshold-control
50000.0,80.0,0.0016,68.70899931400352,80.0,0.6093773438189305,threshold-control
50000.0,80.0,0.0016,68.77997968519567,80.0,0.6089954105044947,threshold-control
50000.0,80.0,0.0016,68.85096005638782,80.0,0.6086132898064397,threshold-control
50000.0,80.0,0.0016,68.92194042757997,80.0,0.6082309819963967,threshold-control
50000.0,80.0,0.0016,68.99292079877212,80.0,0.6078484873466634,threshold-control
50000.0,80.0,0.0016,69.0,80.0,0.6078103291474113,threshold-control
50000.0,80.0,0.0016,69.06390116996428,80.0,0.6074658061302043,threshold-control
50000.0,80.0,0.0016,69.13488154115643,80.0,0.6070829386206507,threshold-control
50000.0,80.0,0.0016,69.20586191234858,80.0,0.6066998850922984,threshold-control
50000.0,80.0,0.0016,69.27684228354073,80.0,0.6063166458201099,threshold-control
50000.0,80.0,0.0016,69.34782265473288,80.0,0.6059332210797113,threshold-control
50000.0,80.0,0.0016,69.41880302592504,80.0,0.6055496111473933,threshold-control
50000.0,80.0,0.0016,69.4897833971172,80.0,0.6051658163001111,threshold-control
50000.0,80.0,0.0016,69.56076376830934,80.0,0.6047818368154824,threshold-control
50000.0,80.0,0.0016,69.63174413950149,80.0,0.6043976729717884,threshold-control
50000.0,80.0,0.0016,69.70272451069364,80.0,0.6040133250479724,threshold-control
50000.0,80.0,0.0016,69.7737048818858,80.0,0.6036287933236395,threshold-control
50000.0,80.0,0.0016,69.84468525307796,80.0,0.6032440780790564,threshold-control
50000.0,80.0,0.0016,69.9156656242701,80.0,0.6028591795951507,threshold-control
50000.0,80.0,0.0016,69.98664599546225,80.0,0.6024740981535102,threshold-control
50000.0,80.0,0.0016,70.0,80.0,0.602401629821225,threshold-control
50000.0,80.0,0.0016,70.0576263666544,80.0,0.6020888340363824,threshold-control
50000.0,80.0,0.0016,70.12860673784657,80.0,0.6017033875266746,threshold-control
50000.0,80.0,0.0016,70.19958710903872,80.0,0.6013177589079526,threshold-control
50000.0,80.0,0.0016,70.27056748023087,80.0,0.6009319484644409,threshold-control
50000.0,80.0,0.0016,70.34154785142302,80.0,0.6005459564810207,threshold-control
50000.0,80.0,0.0016,70.41252822261518,80.0,0.6001597832432317,threshold-control
50000.0,80.0,0.0016,70.48350859380733,80.0,0.5997734290372697,threshold-control
50000.0,80.0,0.0016,70.55448896499948,80.0,0.5993868941499864,threshold-control
50000.0,80.0,0.0016,70.62546933619163,80.0,0.5990001788688895,threshold-control
50000.0,80.0,0.0016,70.69644970738378,80.0,0.5986132834821413,threshold-control
50000.0,80.0,0.0016,70.76743007857594,80.0,0.5982262082785588,threshold-control
50000.0,80.0,0.0016,70.83841044976809,80.0,0.5978389535476131,threshold-control
50000.0,80.0,0.0016,70.90939082096024,80.0,0.5974515195794282,threshold-control
50000.0,80.0,0.0016,70.98037119215239,80.0,0.5970639066647809,threshold-control
50000.0,80.0,0.0016,71.0,80.0,0.5969566852111883,threshold-control
50000.0,80.0,0.0016,71.05135156334454,80.0,0.5966761150951005,threshold-control
50000.0,80.0,0.0016,71.1223319345367,80.0,0.5962881451624675,threshold-control
50000.0,80.0,0.0016,71.19331230572885,80.0,0.5958999971596136,threshold-control
50000.0,80.0,0.0016,71.264292676921,80.0,0.5955116713799209,threshold-control
50000.0,80.0,0.0016,71.33527304811315,80.0,0.595123168117421,threshold-control
50000.0,80.0,0.0016,71.4062534193053,80.0,0.5947344876667952,threshold-control
50000.0,80.0,0.0016,71.47723379049746,80.0,0.5943456303233727,threshold-control
50000.0,80.0,0.0016,71.54821416168961,80.0,0.5939565963831315,threshold-control
50000.0,80.0,0.0016,71.61919453288176,80.0,0.5935673861426961,threshold-control
50000.0,80.0,0.0016,71.69017490407391,80.0,0.5931779998993383,threshold-control
50000.0,80.0,0.0016,71.76115527526606,80.0,0.592788437950976,threshold-control
50000.0,80.0,0.0016,71.83213564645823,80.0,0.592398700596172,threshold-control
50000.0,80.0,0.0016,71.90311601765038,80.0,0.5920087881341346,threshold-control
50000.0,80.0,0.0016,71.97409638884253,80.0,0.5916187008647158,threshold-control
50000.0,80.0,0.0016,72.0,80.0,0.5914762987483155,threshold-control
50000.0,80.0,0.0016,72.04507676003468,80.0,0.5912284390884115,threshold-control
50000.0,80.0,0.0016,72.11605713122682,80.0,0.5908380031063604,threshold-control
50000.0,80.0,0.0016,72.18703750241899,80.0,0.5904473932203429,threshold-control
50000.0,80.0,0.0016,72.25801787361114,80.0,0.590056609732782,threshold-control
50000.0,80.0,0.0016,72.32899824480329,80.0,0.5896656529467408,threshold-control
50000.0,80.0,0.0016,72.39997861599544,80.0,0.5892745231659228,threshold-control
50000.0,80.0,0.0016,72.47095898718759,80.0,0.5888832206946711,threshold-control
50000.0,80.0,0.0016,72.54193935837975,80.0,0.5884917458379679,threshold-control
50000.0,80.0,0.0016,72.6129197295719,80.0,0.5881000989014333,threshold-control
50000.0,80.0,0.0016,72.68390010076405,80.0,0.587708280191325,threshold-control
50000.0,80.0,0.0016,72.7548804719562,80.0,0.5873162900145379,threshold-control
50000.0,80.0,0.0016,72.82586084314835,80.0,0.586924128678602,threshold-control
50000.0,80.0,0.0016,72.89684121434051,80.0,0.5865317964916839,threshold-control
50000.0,80.0,0.0016,72.96782158553266,80.0,0.5861392937625842,threshold-control
50000.0,80.0,0.0016,73.0,80.0,0.5859612995202534,threshold-control
50000.0,80.0,0.0016,73.03880195672481,80.0,0.5857466208007376,threshold-control
50000.0,80.0,0.0016,73.10978232791696,80.0,0.5853537779162123,threshold-control
50000.0,80.0,0.0016,73.18076269910911,80.0,0.5849607654197089,threshold-control
50000.0,80.0,0.0016,73.25174307030127,80.0,0.5845675836225596,threshold-control
50000.0,80.0,0.0016,73.32272344149342,80.0,0.5841742328367281,threshold-control
50000.0,80.0,0.0016,73.39370381268557,80.0,0.5837807133748085,threshold-control
50000.0,80.0,0.0016,73.46468418387772,80.0,0.5833870255500242,threshold-control
50000.0,80.0,0.0016,73.53566455506987,80.0,0.5829931696762272,threshold-control
50000.0,80.0,0.0016,73.60664492626204,80.0,0.5825991460678983,threshold-control
50000.0,80.0,0.0016,73.67762529745418,80.0,0.5822049550401456,threshold-control
50000.0,80.0,0.0016,73.74860566864633,80.0,0.5818105969087033,threshold-control
50000.0,80.0,0.0016,73.81958603983848,80.0,0.5814160719899317,threshold-control
50000.0,80.0,0.0016,73.89056641103063,80.0,0.5810213806008164,threshold-control
50000.0,80.0,0.0016,73.9615467822228,80.0,0.580626523058967,threshold-control
50000.0,80.0,0.0016,74.0,80.0,0.5804125419260532,threshold-control
50000.0,80.0,0.0016,74.03252715341495,80.0,0.580231499682617,threshold-control
50000.0,80.0,0.0016,74.1035075246071,80.0,0.5798363107906219,threshold-control
50000.0,80.0,0.0016,74.17448789579925,80.0,0.57944095670246,threshold-control
50000.0,80.0,0.0016,74.2454682669914,80.0,0.5790454377382304,threshold-control
50000.0,80.0,0.0016,74.31644863818356,80.0,0.578649754218652,threshold-control
50000.0,80.0,0.0016,74.38742900937571,80.0,0.5782539064650647,threshold-control
50000.0,80.0,0.0016,74.45840938056786,80.0,0.5778578947994255,threshold-control
50000.0,80.0,0.0016,74.52938975176001,80.0,0.5774617195443106,threshold-control
50000.0,80.0,0.0016,74.60037012295216,80.0,0.5770653810229127,threshold-control
50000.0,80.0,0.0016,74.67135049414432,80.0,0.5766688795590409,threshold-control
50000.0,80.0,0.0016,74.74233086533647,80.0,0.5762722154771198,threshold-control
50000.0,80.0,0.0016,74.81331123652862,80.0,0.5758753891021886,threshold-control
50000.0,80.0,0.0016,74.88429160772077,80.0,0.5754784007599008,threshold-control
50000.0,80.0,0.0016,74.95527197891292,80.0,0.5750812507765221,threshold-control
50000.0,80.0,0.0016,75.0,80.0,0.5748309052940576,threshold-control
50000.0,80.0,0.0016,75.02625235010508,80.0,0.5746839394789305,threshold-control
50000.0,80.0,0.0016,75.09723272129723,80.0,0.5742864671946161,threshold-control
50000.0,80.0,0.0016,75.16821309248938,80.0,0.5738888342516781,threshold-control
50000.0,80.0,0.0016,75.23919346368153,80.0,0.5734910409788267,threshold-control
50000.0,80.0,0.0016,75.3101738348737,80.0,0.5730930877053797,threshold-control
50000.0,80.0,0.0016,75.38115420606584,80.0,0.572694974761263,threshold-control
50000.0,80.0,0.0016,75.452134577258,80.0,0.5722967024770098,threshold-control
50000.0,80.0,0.0016,75.52311494845014,80.0,0.5718982711837592,threshold-control
50000.0,80.0,0.0016,75.59409531964229,80.0,0.5714996812132556,threshold-control
50000.0,80.0,0.0016,75.66507569083446,80.0,0.5711009328978471,threshold-control
50000.0,80.0,0.0016,75.7360560620266,80.0,0.5707020265704865,threshold-control
50000.0,80.0,0.0016,75.80703643321876,80.0,0.5703029625647278,threshold-control
50000.0,80.0,0.0016,75.8780168044109,80.0,0.5699037412147276,threshold-control
50000.0,80.0,0.0016,75.94899717560305,80.0,0.5695043628552426,threshold-control
50000.0,80.0,0.0016,76.0,80.0,0.5692172934629209,threshold-control
50000.0,80.0,0.0016,76.01997754679522,80.0,0.5691048278216297,threshold-control
50000.0,80.0,0.0016,76.09095791798737,80.0,0.5687051364498447,threshold-control
50000.0,80.0,0.0016,76.16193828917952,80.0,0.5683052890764408,threshold-control
50000.0,80.0,0.0016,76.23291866037167,80.0,0.5679052860385695,threshold-control
50000.0,80.0,0.0016,76.30389903156382,80.0,0.567505127673977,threshold-control
50000.0,80.0,0.0016,76.37487940275598,80.0,0.5671048143210056,threshold-control
50000.0,80.0,0.0016,76.44585977394813,80.0,0.5667043463185917,threshold-control
50000.0,80.0,0.0016,76.51684014514028,80.0,0.5663037240062652,threshold-control
50000.0,80.0,0.0016,76.58782051633243,80.0,0.5659029477241476,threshold-control
50000.0,80.0,0.0016,76.65880088752458,80.0,0.5655020178129527,threshold-control
50000.0,80.0,0.0016,76.72978125871674,80.0,0.5651009346139846,threshold-control
50000.0,80.0,0.0016,76.80076162990889,80.0,0.5646996984691364,threshold-control
50000.0,80.0,0.0016,76.87174200110104,80.0,0.5642983097208905,threshold-control
50000.0,80.0,0.0016,76.94272237229319,80.0,0.563896768712316,threshold-control
50000.0,80.0,0.0016,77.0,80.0,0.5635726343258662,threshold-control
50000.0,80.0,0.0016,77.01370274348534,80.0,0.5634950757870695,threshold-control
50000.0,80.0,0.0016,77.0846831146775,80.0,0.5630932312893924,threshold-control
50000.0,80.0,0.0016,77.15566348586965,80.0,0.5626912355641116,threshold-control
50000.0,80.0,0.0016,77.2266438570618,80.0,0.5622890889566368,threshold-control
50000.0,80.0,0.0016,77.29762422825395,80.0,0.5618867918129609,threshold-control
50000.0,80.0,0.0016,77.3686045994461,80.0,0.5614843444796584,threshold-control
50000.0,80.0,0.0016,77.43958497063826,80.0,0.5610817473038842,threshold-control
50000.0,80.0,0.0016,77.51056534183041,80.0,0.5606790006333731,threshold-control
50000.0,80.0,0.0016,77.58154571302256,80.0,0.5602761048164384,threshold-control
50000.0,80.0,0.0016,77.65252608421471,80.0,0.5598730602019711,threshold-control
50000.0,80.0,0.0016,77.72350645540686,80.0,0.5594698671394388,threshold-control
50000.0,80.0,0.0016,77.79448682659903,80.0,0.5590665259788846,threshold-control
50000.0,80.0,0.0016,77.86546719779118,80.0,0.5586630370709263,threshold-control
50000.0,80.0,0.0016,77.93644756898333,80.0,0.5582594007667552,threshold-control
50000.0,80.0,0.0016,78.0,80.0,0.5578978793383771,threshold-control
50000.0,80.0,0.0016,78.00742794017548,80.0,0.5578556174181348,threshold-control
50000.0,80.0,0.0016,78.07840831136762,80.0,0.5574516873774004,threshold-control
50000.0,80.0,0.0016,78.14938868255979,80.0,0.5570476109974574,threshold-control
50000.0,80.0,0.0016,78.22036905375194,80.0,0.5566433886317806,threshold-control
50000.0,80.0,0.0016,78.29134942494409,80.0,0.5562390206344137,threshold-control
50000.0,80.0,0.0016,78.36232979613624,80.0,0.5558345073599662,threshold-control
50000.0,80.0,0.0016,78.43331016732839,80.0,0.5554298491636153,threshold-control
50000.0,80.0,0.0016,78.50429053852055,80.0,0.5550250464011022,threshold-control
50000.0,80.0,0.0016,78.5752709097127,80.0,0.5546200994287329,threshold-control
50000.0,80.0,0.0016,78.64625128090485,80.0,0.5542150086033755,threshold-control
50000.0,80.0,0.0016,78.717231652097,80.0,0.5538097742824608,threshold-control
50000.0,80.0,0.0016,78.78821202328915,80.0,0.5534043968239795,threshold-control
50000.0,80.0,0.0016,78.85919239448131,80.0,0.5529988765864826,threshold-control
50000.0,80.0,0.0016,78.93017276567346,80.0,0.5525932139290795,threshold-control
50000.0,80.0,0.0016,79.0,80.0,0.5521940029896044,threshold-control
50000.0,80.0,0.0016,79.00115313686561,80.0,0.552187409211437,threshold-control
50000.0,80.0,0.0016,79.07213350805776,80.0,0.5517814627937783,threshold-control
50000.0,80.0,0.0016,79.14311387924991,80.0,0.5513753750368819,threshold-control
50000.0,80.0,0.0016,79.21409425044207,80.0,0.55096914630208,threshold-control
50000.0,80.0,0.0016,79.28507462163422,80.0,0.5505627769512588,threshold-control
50000.0,80.0,0.0016,79.35605499282637,80.0,0.5501562673468553,threshold-control
50000.0,80.0,0.0016,79.42703536401852,80.0,0.5497496178518579,threshold-control
50000.0,80.0,0.0016,79.49801573521069,80.0,0.5493428288298045,threshold-control
50000.0,80.0,0.0016,79.56899610640284,80.0,0.5489359006447814,threshold-control
50000.0,80.0,0.0016,79.63997647759498,80.0,0.5485288336614222,threshold-control
50000.0,80.0,0.0016,79.71095684878713,80.0,0.5481216282449071,threshold-control
50000.0,80.0,0.0016,79.78193721997928,80.0,0.5477142847609606,threshold-control
50000.0,80.0,0.0016,79.85291759117145,80.0,0.547306803575852,threshold-control
50000.0,80.0,0.0016,79.9238979623636,80.0,0.5468991850563927,threshold-control
50000.0,80.0,0.0016,79.99487833355575,80.0,0.546491429569936,threshold-control
50000.0,80.0,0.0016,80.0,80.0,0.5464620022378683,threshold-control
50000.0,80.0,0.0016,80.0658587047479,80.0,0.5460835374843752,threshold-control
50000.0,80.0,0.0016,80.13683907594005,80.0,0.5456755091681436,threshold-control
50000.0,80.0,0.0016,80.20781944713221,80.0,0.5452673449902113,threshold-control
50000.0,80.0,0.0016,80.27879981832436,80.0,0.5448590453200868,threshold-control
50000.0,80.0,0.0016,80.34978018951651,80.0,0.5444506105278133,threshold-control
50000.0,80.0,0.0016,80.42076056070866,80.0,0.5440420409839686,threshold-control
50000.0,80.0,0.0016,80.49174093190081,80.0,0.543633337059664,threshold-control
50000.0,80.0,0.0016,80.56272130309297,80.0,0.5432244991265429,threshold-control
50000.0,80.0,0.0016,80.63370167428512,80.0,0.5428155275567796,threshold-control
50000.0,80.0,0.0016,80.70468204547727,80.0,0.542406422723078,threshold-control
50000.0,80.0,0.0016,80.77566241666942,80.0,0.5419971849986704,threshold-control
50000.0,80.0,0.0016,80.84664278786157,80.0,0.5415878147573169,threshold-control
50000.0,80.0,0.0016,80.91762315905373,80.0,0.5411783123733027,threshold-control
50000.0,80.0,0.0016,80.98860353024588,80.0,0.5407686782214389,threshold-control
50000.0,80.0,0.0016,81.0,80.0,0.5407028959107141,threshold-control
50000.0,80.0,0.0016,81.05958390143803,80.0,0.5403589126770594,threshold-control
50000.0,80.0,0.0016,81.13056427263018,80.0,0.5399490161160208,threshold-control
50000.0,80.0,0.0016,81.20154464382233,80.0,0.5395389889147006,threshold-control
50000.0,80.0,0.0016,81.2725250150145,80.0,0.5391288314499967,threshold-control
50000.0,80.0,0.0016,81.34350538620664,80.0,0.538718544099325,threshold-control
50000.0,80.0,0.0016,81.4144857573988,80.0,0.538308127240619,threshold-control
50000.0,80.0,0.0016,81.48546612859094,80.0,0.5378975812523287,threshold-control
50000.0,80.0,0.0016,81.55644649978309,80.0,0.5374869065134182,threshold-control
50000.0,80.0,0.0016,81.62742687097526,80.0,0.5370761034033663,threshold-control
50000.0,80.0,0.0016,81.6984072421674,80.0,0.5366651723021632,threshold-control
50000.0,80.0,0.0016,81.76938761335956,80.0,0.5362541135903103,threshold-control
50000.0,80.0,0.0016,81.8403679845517,80.0,0.535842927648819,threshold-control
50000.0,80.0,0.0016,81.91134835574385,80.0,0.5354316148592098,threshold-control
50000.0,80.0,0.0016,81.98232872693602,80.0,0.535020175603509,threshold-control
50000.0,80.0,0.0016,82.0,80.0,0.5349177240700891,threshold-control
50000.0,80.0,0.0016,82.05330909812817,80.0,0.5346086102642502,threshold-control
50000.0,80.0,0.0016,82.12428946932032,80.0,0.534196919224471,threshold-control
50000.0,80.0,0.0016,82.19526984051247,80.0,0.5337851028677123,threshold-control
50000.0,80.0,0.0016,82.26625021170462,80.0,0.5333731615780175,threshold-control
50000.0,80.0,0.0016,82.33723058289678,80.0,0.5329610957399302,threshold-control
50000.0,80.0,0.0016,82.40821095408893,80.0,0.532548905738494,threshold-control
50000.0,80.0,0.0016,82.47919132528108,80.0,0.53213659195925,threshold-control
50000.0,80.0,0.0016,82.55017169647323,80.0,0.5317241547882368,threshold-control
50000.0,80.0,0.0016,82.62115206766538,80.0,0.5313115946119877,threshold-control
50000.0,80.0,0.0016,82.69213243885754,80.0,0.5308989118175308,threshold-control
50000.0,80.0,0.0016,82.76311281004969,80.0,0.5304861067923868,threshold-control
50000.0,80.0,0.0016,82.83409318124184,80.0,0.5300731799245679,threshold-control
50000.0,80.0,0.0016,82.90507355243399,80.0,0.5296601316025764,threshold-control
50000.0,80.0,0.0016,82.97605392362614,80.0,0.5292469622154037,threshold-control
50000.0,80.0,0.0016,83.0,80.0,0.5291075473432817,threshold-control
50000.0,80.0,0.0016,83.0470342948183,80.0,0.5288336721525279,threshold-control
50000.0,80.0,0.0016,83.11801466601045,80.0,0.5284202618039142,threshold-control
50000.0,80.0,0.0016,83.1889950372026,80.0,0.528006731560012,threshold-control
50000.0,80.0,0.0016,83.25997540839475,80.0,0.5275930818117542,threshold-control
50000.0,80.0,0.0016,83.3309557795869,80.0,0.5271793129505558,threshold-control
50000.0,80.0,0.0016,83.40193615077906,80.0,0.5267654253683123,threshold-control
50000.0,80.0,0.0016,83.47291652197121,80.0,0.5263514194573988,threshold-control
50000.0,80.0,0.0016,83.54389689316336,80.0,0.525937295610668,threshold-control
50000.0,80.0,0.0016,83.61487726435551,80.0,0.5255230542214495,threshold-control
50000.0,80.0,0.0016,83.68585763554766,80.0,0.5251086956835478,threshold-control
50000.0,80.0,0.0016,83.75683800673983,80.0,0.5246942203912411,threshold-control
50000.0,80.0,0.0016,83.82781837793198,80.0,0.5242796287392804,threshold-control
50000.0,80.0,0.0016,83.89879874912413,80.0,0.5238649211228874,threshold-control
50000.0,80.0,0.0016,83.96977912031628,80.0,0.5234500979377532,threshold-control
50000.0,80.0,0.0016,84.0,80.0,0.5232734462203694,threshold-control
50000.0,80.0,0.0016,84.04075949150842,80.0,0.5230351595800378,threshold-control
50000.0,80.0,0.0016,84.11173986270059,80.0,0.5226201064463669,threshold-control
50000.0,80.0,0.0016,84.18272023389274,80.0,0.5222049389338328,threshold-control
50000.0,80.0,0.0016,84.25370060508489,80.0,0.521789657439991,threshold-control
50000.0,80.0,0.0016,84.32468097627704,80.0,0.5213742623628594,threshold-control
50000.0,80.0,0.0016,84.3956613474692,80.0,0.5209587541009177,threshold-control
50000.0,80.0,0.0016,84.46664171866135,80.0,0.520543133053105,threshold-control
50000.0,80.0,0.0016,84.5376220898535,80.0,0.5201273996188182,threshold-control
50000.0,80.0,0.0016,84.60860246104565,80.0,0.5197115541979117,threshold-control
50000.0,80.0,0.0016,84.6795828322378,80.0,0.5192955971906948,threshold-control
50000.0,80.0,0.0016,84.75056320342996,80.0,0.5188795289979314,threshold-control
50000.0,80.0,0.0016,84.82154357462211,80.0,0.5184633500208371,threshold-control
50000.0,80.0,0.0016,84.89252394581426,80.0,0.5180470606610792,threshold-control
50000.0,80.0,0.0016,84.96350431700641,80.0,0.5176306613207742,threshold-control
50000.0,80.0,0.0016,85.0,80.0,0.5174165203190049,threshold-control
50000.0,80.0,0.0016,85.03448468819856,80.0,0.5172141524024869,threshold-control
50000.0,80.0,0.0016,85.10546505939072,80.0,0.5167975343092288,threshold-control
50000.0,80.0,0.0016,85.17644543058287,80.0,0.5163808074444565,threshold-control
50000.0,80.0,0.0016,85.24742580177502,80.0,0.5159639722120708,threshold-control
50000.0,80.0,0.0016,85.31840617296717,80.0,0.5155470290164141,threshold-control
50000.0,80.0,0.0016,85.38938654415932,80.0,0.5151299782622705,threshold-control
50000.0,80.0,0.0016,85.46036691535149,80.0,0.5147128203548619,threshold-control
50000.0,80.0,0.0016,85.53134728654364,80.0,0.5142955556998501,threshold-control
50000.0,80.0,0.0016,85.60232765773578,80.0,0.5138781847033314,threshold-control
50000.0,80.0,0.0016,85.67330802892793,80.0,0.5134607077718382,threshold-control
50000.0,80.0,0.0016,85.74428840012008,80.0,0.5130431253123355,threshold-control
50000.0,80.0,0.0016,85.81526877131225,80.0,0.5126254377322207,threshold-control
50000.0,80.0,0.0016,85.8862491425044,80.0,0.5122076454393214,threshold-control
50000.0,80.0,0.0016,85.95722951369655,80.0,0.5117897488418939,threshold-control
50000.0,80.0,0.0016,86.0,80.0,0.5115378876174608,threshold-control
50000.0,80.0,0.0016,86.0282098848887,80.0,0.511371748348622,threshold-control
50000.0,80.0,0.0016,86.09919025608085,80.0,0.5109536443686153,threshold-control
50000.0,80.0,0.0016,86.17017062727301,80.0,0.5105354373114079,threshold-control
50000.0,80.0,0.0016,86.24115099846516,80.0,0.5101171275869565,threshold-control
50000.0,80.0,0.0016,86.31213136965731,80.0,0.5096987156056391,threshold-control
50000.0,80.0,0.0016,86.38311174084946,80.0,0.5092802017782535,threshold-control
50000.0,80.0,0.0016,86.45409211204161,80.0,0.5088615865160158,threshold-control
50000.0,80.0,0.0016,86.52507248323377,80.0,0.5084428702305586,threshold-control
50000.0,80.0,0.0016,86.59605285442592,80.0,0.5080240533339297,threshold-control
50000.0,80.0,0.0016,86.66703322561807,80.0,0.5076051362385909,threshold-control
50000.0,80.0,0.0016,86.73801359681022,80.0,0.5071861193574156,threshold-control
50000.0,80.0,0.0016,86.80899396800237,80.0,0.5067670031036877,threshold-control
50000.0,80.0,0.0016,86.87997433919453,80.0,0.5063477878911002,threshold-control
50000.0,80.0,0.0016,86.95095471038668,80.0,0.5059284741337537,threshold-control
50000.0,80.0,0.0016,87.0,80.0,0.5056386836569454,threshold-control
50000.0,80.0,0.0016,87.02193508157883,80.0,0.5055090622461544,threshold-control
50000.0,80.0,0.0016,87.09291545277098,80.0,0.5050895526432129,threshold-control
50000.0,80.0,0.0016,87.16389582396313,80.0,0.5046699457402424,threshold-control
50000.0,80.0,0.0016,87.2348761951553,80.0,0.5042502419529572,threshold-control
50000.0,80.0,0.0016,87.30585656634744,80.0,0.5038304416974713,threshold-control
50000.0,80.0,0.0016,87.3768369375396,80.0,0.5034105453902971,threshold-control
50000.0,80.0,0.0016,87.44781730873174,80.0,0.5029905534483425,threshold-control
50000.0,80.0,0.0016,87.51879767992389,80.0,0.502570466288911,threshold-control
50000.0,80.0,0.0016,87.58977805111606,80.0,0.502150284329699,threshold-control
50000.0,80.0,0.0016,87.6607584223082,80.0,0.5017300079887945,threshold-control
50000.0,80.0,0.0016,87.73173879350036,80.0,0.5013096376846762,threshold-control
50000.0,80.0,0.0016,87.8027191646925,80.0,0.5008891738362101,threshold-control
50000.0,80.0,0.0016,87.87369953588465,80.0,0.5004686168626502,threshold-control
50000.0,80.0,0.0016,87.94467990707682,80.0,0.5000479671836351,threshold-control
50000.0,80.0,0.0016,88.0,80.0,0.49972006071427977,threshold-control
50000.0,80.0,0.0016,88.01566027826897,80.0,0.49962722521918723,threshold-control
50000.0,80.0,0.0016,88.08664064946112,80.0,0.4992063913897111,threshold-control
50000.0,80.0,0.0016,88.15762102065327,80.0,0.4987854661159916,threshold-control
50000.0,80.0,0.0016,88.22860139184542,80.0,0.4983644498191927,threshold-control
50000.0,80.0,0.0016,88.29958176303758,80.0,0.4979433429208546,threshold-control
50000.0,80.0,0.0016,88.37056213422973,80.0,0.49752214584289445,threshold-control
50000.0,80.0,0.0016,88.44154250542188,80.0,0.49710085900760237,threshold-control
50000.0,80.0,0.0016,88.51252287661403,80.0,0.4966794828376413,threshold-control
50000.0,80.0,0.0016,88.58350324780619,80.0,0.4962580177560443,threshold-control
50000.0,80.0,0.0016,88.65448361899834,80.0,0.49583646418621385,threshold-control
50000.0,80.0,0.0016,88.72546399019049,80.0,0.49541482255191993,threshold-control
50000.0,80.0,0.0016,88.79644436138264,80.0,0.494993093277298,threshold-control
50000.0,80.0,0.0016,88.86742473257479,80.0,0.49457127678684787,threshold-control
50000.0,80.0,0.0016,88.93840510376695,80.0,0.49414937350543153,threshold-control
50000.0,80.0,0.0016,89.0,80.0,0.4937831869461209,threshold-control
50000.0,80.0,0.0016,89.0093854749591,80.0,0.493727383858272,threshold-control
50000.0,80.0,0.0016,89.08036584615125,80.0,0.4933053082709511,threshold-control
50000.0,80.0,0.0016,89.1513462173434,80.0,0.49288314716940873,threshold-control
50000.0,80.0,0.0016,89.22232658853555,80.0,0.4924609009799401,threshold-control
50000.0,80.0,0.0016,89.29330695972772,80.0,0.49203857012919494,threshold-control
50000.0,80.0,0.0016,89.36428733091986,80.0,0.4916161550441752,threshold-control
50000.0,80.0,0.0016,89.43526770211201,80.0,0.49119365615223376,threshold-control
50000.0,80.0,0.0016,89.50624807330416,80.0,0.49077107388107266,threshold-control
50000.0,80.0,0.0016,89.57722844449631,80.0,0.4903484086587412,threshold-control
50000.0,80.0,0.0016,89.64820881568848,80.0,0.4899256609136349,threshold-control
50000.0,80.0,0.0016,89.71918918688063,80.0,0.489502831074493,threshold-control
50000.0,80.0,0.0016,89.79016955807278,80.0,0.4890799195703973,threshold-control
50000.0,80.0,0.0016,89.86114992926493,80.0,0.48865692683077044,threshold-control
50000.0,80.0,0.0016,89.93213030045708,80.0,0.4882338532853736,threshold-control
50000.0,80.0,0.0016,90.0,80.0,0.48782924550598905,threshold-control
50000.0,80.0,0.0016,90.00311067164924,80.0,0.4878106993643062,threshold-control
50000.0,80.0,0.0016,90.07409104284139,80.0,0.4873874654980024,threshold-control
50000.0,80.0,0.0016,90.14507141403354,80.0,0.48696415211723065,threshold-control
50000.0,80.0,0.0016,90.21605178522569,80.0,0.48654075965309196,threshold-control
50000.0,80.0,0.0016,90.28703215641784,80.0,0.4861172885370173,threshold-control
50000.0,80.0,0.0016,90.35801252761,80.0,0.48569373920076664,threshold-control
50000.0,80.0,0.0016,90.42899289880215,80.0,0.48527011207642734,threshold-control
50000.0,80.0,0.0016,90.4999732699943,80.0,0.48484640759641184,threshold-control
50000.0,80.0,0.0016,90.57095364118645,80.0,0.4844226261934561,threshold-control
50000.0,80.0,0.0016,90.6419340123786,80.0,0.4839987683006187,threshold-control
50000.0,80.0,0.0016,90.71291438357076,80.0,0.48357483435127746,threshold-control
50000.0,80.0,0.0016,90.78389475476291,80.0,0.48315082477912974,threshold-control
50000.0,80.0,0.0016,90.85487512595506,80.0,0.4827267400181888,threshold-control
50000.0,80.0,0.0016,90.92585549714721,80.0,0.4823025805027834,threshold-control
50000.0,80.0,0.0016,90.99683586833936,80.0,0.4818783466675556,threshold-control
50000.0,80.0,0.0016,91.0,80.0,0.48185943363543904,threshold-control
50000.0,80.0,0.0016,91.06781623953152,80.0,0.4814540389474584,threshold-control
50000.0,80.0,0.0016,91.13879661072367,80.0,0.4810296577777555,threshold-control
50000.0,80.0,0.0016,91.20977698191582,80.0,0.48060520359401815,threshold-control
50000.0,80.0,0.0016,91.28075735310797,80.0,0.48018067683212395,threshold-control
50000.0,80.0,0.0016,91.35173772430012,80.0,0.47975607792825525,threshold-control
50000.0,80.0,0.0016,91.42271809549229,80.0,0.4793314073188969,threshold-control
50000.0,80.0,0.0016,91.49369846668444,80.0,0.47890666544083527,threshold-control
50000.0,80.0,0.0016,91.56467883787658,80.0,0.4784818527311556,threshold-control
50000.0,80.0,0.0016,91.63565920906873,80.0,0.4780569696272411,threshold-control
50000.0,80.0,0.0016,91.70663958026088,80.0,0.4776320165667701,threshold-control
50000.0,80.0,0.0016,91.77761995145305,80.0,0.4772069939877157,threshold-control
50000.0,80.0,0.0016,91.8486003226452,80.0,0.47678190232834283,threshold-control
50000.0,80.0,0.0016,91.91958069383735,80.0,0.4763567420272068,threshold-control
50000.0,80.0,0.0016,91.9905610650295,80.0,0.4759315135231521,threshold-control
50000.0,80.0,0.0016,92.0,80.0,0.4758749617307927,threshold-control
50000.0,80.0,0.0016,92.06154143622165,80.0,0.4755062172553096,threshold-control
50000.0,80.0,0.0016,92.13252180741381,80.0,0.4750808536630956,threshold-control
50000.0,80.0,0.0016,92.20350217860596,80.0,0.4746554231862099,threshold-control
50000.0,80.0,0.0016,92.27448254979811,80.0,0.47422992626463345,threshold-control
50000.0,80.0,0.0016,92.34546292099026,80.0,0.4738043633386273,threshold-control
50000.0,80.0,0.0016,92.41644329218241,80.0,0.4733787348487307,threshold-control
50000.0,80.0,0.0016,92.48742366337457,80.0,0.47295304123575854,threshold-control
50000.0,80.0,0.0016,92.55840403456672,80.0,0.4725272829408006,threshold-control
50000.0,80.0,0.0016,92.62938440575887,80.0,0.4721014604052194,threshold-control
50000.0,80.0,0.0016,92.70036477695102,80.0,0.47167557407064764,threshold-control
50000.0,80.0,0.0016,92.77134514814317,80.0,0.47124962437898776,threshold-control
50000.0,80.0,0.0016,92.84232551933533,80.0,0.47082361177240895,threshold-control
50000.0,80.0,0.0016,92.91330589052748,80.0,0.47039753669334605,threshold-control
50000.0,80.0,0.0016,92.98428626171963,80.0,0.4699713995844974,threshold-control
50000.0,80.0,0.0016,93.0,80.0,0.4698770523869169,threshold-control
50000.0,80.0,0.0016,93.05526663291178,80.0,0.46954520088882334,threshold-control
50000.0,80.0,0.0016,93.12624700410393,80.0,0.4691189410495439,threshold-control
50000.0,80.0,0.0016,93.1972273752961,80.0,0.46869262051013727,threshold-control
50000.0,80.0,0.0016,93.26820774648824,80.0,0.4682662397143387,threshold-control
50000.0,80.0,0.0016,93.3391881176804,80.0,0.4678397991061367,threshold-control
50000.0,80.0,0.0016,93.41016848887254,80.0,0.4674132991297738,threshold-control
50000.0,80.0,0.0016,93.4811488600647,80.0,0.46698674022974274,threshold-control
50000.0,80.0,0.0016,93.55212923125686,80.0,0.4665601228507851,threshold-control
50000.0,80.0,0.0016,93.623109602449,80.0,0.4661334474378904,threshold-control
50000.0,80.0,0.0016,93.69408997364116,80.0,0.46570671443629297,threshold-control
50000.0,80.0,0.0016,93.7650703448333,80.0,0.46527992429147114,threshold-control
50000.0,80.0,0.0016,93.83605071602547,80.0,0.4648530774491444,threshold-control
50000.0,80.0,0.0016,93.90703108721762,80.0,0.4644261743552728,threshold-control
50000.0,80.0,0.0016,93.97801145840977,80.0,0.46399921545605405,threshold-control
50000.0,80.0,0.0016,94.0,80.0,0.46386693941960566,threshold-control
50000.0,80.0,0.0016,94.04899182960192,80.0,0.4635722011979222,threshold-control
50000.0,80.0,0.0016,94.11997220079407,80.0,0.4631451320275457,threshold-control
50000.0,80.0,0.0016,94.19095257198623,80.0,0.4627180083918252,threshold-control
50000.0,80.0,0.0016,94.26193294317838,80.0,0.4622908307378928,threshold-control
50000.0,80.0,0.0016,94.33291331437053,80.0,0.4618635995131084,threshold-control
50000.0,80.0,0.0016,94.40389368556268,80.0,0.4614363151650599,threshold-control
50000.0,80.0,0.0016,94.47487405675483,80.0,0.4610089781415595,threshold-control
50000.0,80.0,0.0016,94.54585442794699,80.0,0.46058158889064305,threshold-control
50000.0,80.0,0.0016,94.61683479913914,80.0,0.46015414786056796,threshold-control
50000.0,80.0,0.0016,94.68781517033129,80.0,0.45972665549981084,threshold-control
50000.0,80.0,0.0016,94.75879554152344,80.0,0.4592991122570661,threshold-control
50000.0,80.0,0.0016,94.82977591271559,80.0,0.4588715185812441,threshold-control
50000.0,80.0,0.0016,94.90075628390775,80.0,0.458443874921469,threshold-control
50000.0,80.0,0.0016,94.9717366550999,80.0,0.45801618172707714,threshold-control
50000.0,80.0,0.0016,95.0,80.0,0.45784586686818174,threshold-control
50000.0,80.0,0.0016,95.04271702629205,80.0,0.4575884394476152,threshold-control
50000.0,80.0,0.0016,95.1136973974842,80.0,0.457160648532838,threshold-control
50000.0,80.0,0.0016,95.18467776867635,80.0,0.45673280943270667,threshold-control
50000.0,80.0,0.0016,95.25565813986852,80.0,0.4563049225973874,threshold-control
50000.0,80.0,0.0016,95.32663851106066,80.0,0.455876988477249,threshold-control
50000.0,80.0,0.0016,95.39761888225281,80.0,0.45544900752286066,threshold-control
50000.0,80.0,0.0016,95.46859925344496,80.0,0.45502098018499104,threshold-control
50000.0,80.0,0.0016,95.53957962463711,80.0,0.45459290691460574,threshold-control
50000.0,80.0,0.0016,95.61055999582928,80.0,0.4541647881628653,threshold-control
50000.0,80.0,0.0016,95.68154036702143,80.0,0.45373662438112405,threshold-control
50000.0,80.0,0.0016,95.75252073821358,80.0,0.45330841602092753,threshold-control
50000.0,80.0,0.0016,95.82350110940573,80.0,0.4528801635340104,threshold-control
50000.0,80.0,0.0016,95.89448148059788,80.0,0.4524518673722956,threshold-control
50000.0,80.0,0.0016,95.96546185179004,80.0,0.45202352798789136,threshold-control
50000.0,80.0,0.0016,96.0,80.0,0.4518150879800006,threshold-control
50000.0,80.0,0.0016,96.03644222298219,80.0,0.45159514583309024,threshold-control
50000.0,80.0,0.0016,96.10742259417434,80.0,0.45116672136036606,threshold-control
50000.0,80.0,0.0016,96.17840296536649,80.0,0.4507382550223734,threshold-control
50000.0,80.0,0.0016,96.24938333655864,80.0,0.4503097472719444,threshold-control
50000.0,80.0,0.0016,96.3203637077508,80.0,0.44988119856208797,threshold-control
50000.0,80.0,0.0016,96.39134407894295,80.0,0.4494526093459871,threshold-control
50000.0,80.0,0.0016,96.4623244501351,80.0,0.44902398007699706,threshold-control
50000.0,80.0,0.0016,96.53330482132725,80.0,0.44859531120864427,threshold-control
50000.0,80.0,0.0016,96.6042851925194,80.0,0.448166603194623,threshold-control
50000.0,80.0,0.0016,96.67526556371156,80.0,0.4477378564887948,threshold-control
50000.0,80.0,0.0016,96.74624593490371,80.0,0.44730907154518595,threshold-control
50000.0,80.0,0.0016,96.81722630609586,80.0,0.4468802488179855,threshold-control
50000.0,80.0,0.0016,96.88820667728801,80.0,0.44645138876154333,threshold-control
50000.0,80.0,0.0016,96.95918704848016,80.0,0.446022491830369,threshold-control
50000.0,80.0,0.0016,97.0,80.0,0.4457758641785845,threshold-control
50000.0,80.0,0.0016,97.03016741967232,80.0,0.4455935584791285,threshold-control
50000.0,80.0,0.0016,97.10114779086447,80.0,0.4451645891626437,threshold-control
50000.0,80.0,0.0016,97.17212816205662,80.0,0.4447355843358891,threshold-control
50000.0,80.0,0.0016,97.24310853324877,80.0,0.4443065444539914,threshold-control
50000.0,80.0,0.0016,97.31408890444092,80.0,0.443877469972226,threshold-control
50000.0,80.0,0.0016,97.38506927563309,80.0,0.4434483613460165,threshold-control
50000.0,80.0,0.0016,97.45604964682524,80.0,0.4430192190309318,threshold-control
50000.0,80.0,0.0016,97.52703001801738,80.0,0.4425900434826845,threshold-control
50000.0,80.0,0.0016,97.59801038920953,80.0,0.4421608351571289,threshold-control
50000.0,80.0,0.0016,97.6689907604017,80.0,0.44173159451025956,threshold-control
50000.0,80.0,0.0016,97.73997113159385,80.0,0.4413023219982086,threshold-control
50000.0,80.0,0.0016,97.810951502786,80.0,0.4408730180772441,threshold-control
50000.0,80.0,0.0016,97.88193187397815,80.0,0.4404436832037686,threshold-control
50000.0,80.0,0.0016,97.9529122451703,80.0,0.4400143178343161,threshold-control
50000.0,80.0,0.0016,98.0,80.0,0.43972946401717583,threshold-control
50000.0,80.0,0.0016,98.02389261636246,80.0,0.43958492242555125,threshold-control
50000.0,80.0,0.0016,98.09487298755461,80.0,0.4391554974342671,threshold-control
50000.0,80.0,0.0016,98.16585335874676,80.0,0.4387260433173825,threshold-control
50000.0,80.0,0.0016,98.23683372993891,80.0,0.4382965605319412,threshold-control
50000.0,80.0,0.0016,98.30781410113106,80.0,0.4378670495351089,threshold-control
50000.0,80.0,0.0016,98.37879447232322,80.0,0.43743751078417203,threshold-control
50000.0,80.0,0.0016,98.44977484351537,80.0,0.4370079447365357,threshold-control
50000.0,80.0,0.0016,98.52075521470752,80.0,0.4365783518497216,threshold-control
50000.0,80.0,0.0016,98.59173558589967,80.0,0.4361487325813658,threshold-control
50000.0,80.0,0.0016,98.66271595709182,80.0,0.4357190873892174,threshold-control
50000.0,80.0,0.0016,98.73369632828398,80.0,0.4352894167311361,threshold-control
50000.0,80.0,0.0016,98.80467669947613,80.0,0.4348597210650905,threshold-control
50000.0,80.0,0.0016,98.87565707066828,80.0,0.4344300008491564,threshold-control
50000.0,80.0,0.0016,98.94663744186043,80.0,0.43400025654151375,threshold-control
50000.0,80.0,0.0016,99.0,80.0,0.4336771621195311,threshold-control
50000.0,80.0,0.0016,99.01761781305258,80.0,0.4335704886004462,threshold-control
50000.0,80.0,0.0016,99.08859818424474,80.0,0.43314069748433803,threshold-control
50000.0,80.0,0.0016,99.1595785554369,80.0,0.4327108836516731,threshold-control
50000.0,80.0,0.0016,99.23055892662904,80.0,0.4322810475610317,threshold-control
50000.0,80.0,0.0016,99.3015392978212,80.0,0.4318511896710898,threshold-control
50000.0,80.0,0.0016,99.37251966901334,80.0,0.4314213104406165,threshold-control
50000.0,80.0,0.0016,99.4435000402055,80.0,0.4309914103284719,threshold-control
50000.0,80.0,0.0016,99.51448041139766,80.0,0.430561489793606,threshold-control
50000.0,80.0,0.0016,99.5854607825898,80.0,0.43013154929505537,threshold-control
50000.0,80.0,0.0016,99.65644115378196,80.0,0.4297015892919428,threshold-control
50000.0,80.0,0.0016,99.7274215249741,80.0,0.42927161024347393,threshold-control
50000.0,80.0,0.0016,99.79840189616627,80.0,0.42884161260893594,threshold-control
50000.0,80.0,0.0016,99.86938226735842,80.0,0.4284115968476958,threshold-control
50000.0,80.0,0.0016,99.94036263855057,80.0,0.4279815634191979,threshold-control
50000.0,80.0,0.0016,100.0,80.0,0.4276202381098274,threshold-control
50000.0,80.0,0.0016,100.01134300974272,80.0,0.4275515127829622,threshold-control
50000.0,80.0,0.0016,100.08232338093487,80.0,0.42712144539858243,threshold-control
50000.0,80.0,0.0016,100.15330375212703,80.0,0.42669136172572364,threshold-control
50000.0,80.0,0.0016,100.22428412331918,80.0,0.426261262224121,threshold-control
50000.0,80.0,0.0016,100.29526449451133,80.0,0.4258311473535774,threshold-control
50000.0,80.0,0.0016,100.36624486570348,80.0,0.4254010175739611,threshold-control
50000.0,80.0,0.0016,100.43722523689563,80.0,0.42497087334520467,threshold-control
50000.0,80.0,0.0016,100.50820560808779,80.0,0.42454071512730207,threshold-control
50000.0,80.0,0.0016,100.57918597927994,80.0,0.42411054338030774,threshold-control
50000.0,80.0,0.0016,100.65016635047209,80.0,0.4236803585643336,threshold-control
50000.0,80.0,0.0016,100.72114672166424,80.0,0.4232501611395476,threshold-control
50000.0,80.0,0.0016,100.79212709285639,80.0,0.4228199515661717,threshold-control
50000.0,80.0,0.0016,100.86310746404855,80.0,0.4223897303044797,threshold-control
50000.0,80.0,0.0016,100.9340878352407,80.0,0.4219594978147958,threshold-control
50000.0,80.0,0.0016,101.0,80.0,0.42155997553357594,threshold-control
50000.0,80.0,0.0016,101.00506820643285,80.0,0.42152925455749224,threshold-control
50000.0,80.0,0.0016,101.076048577625,80.0,0.4210990009929869,threshold-control
50000.0,80.0,0.0016,101.14702894881715,80.0,0.4206687375817424,threshold-control
50000.0,80.0,0.0016,101.21800932000932,80.0,0.4202384647842632,threshold-control
50000.0,80.0,0.0016,101.28898969120146,80.0,0.419808183061094,threshold-control
50000.0,80.0,0.0016,101.35997006239361,80.0,0.4193778928728178,threshold-control
50000.0,80.0,0.0016,101.43095043358576,80.0,0.4189475946800537,threshold-control
50000.0,80.0,0.0016,101.50193080477791,80.0,0.4185172889434553,threshold-control
50000.0,80.0,0.0016,101.57291117597008,80.0,0.41808697612370826,threshold-control
50000.0,80.0,0.0016,101.64389154716223,80.0,0.41765665668152896,threshold-control
50000.0,80.0,0.0016,101.71487191835438,80.0,0.4172263310776615,threshold-control
50000.0,80.0,0.0016,101.78585228954653,80.0,0.4167959997728774,threshold-control
50000.0,80.0,0.0016,101.85683266073868,80.0,0.4163656632279714,threshold-control
50000.0,80.0,0.0016,101.92781303193084,80.0,0.4159353219037615,threshold-control
50000.0,80.0,0.0016,101.99879340312299,80.0,0.41550497626108607,threshold-control
50000.0,80.0,0.0016,102.0,80.0,0.41549766077147576,threshold-control
50000.0,80.0,0.0016,102.06977377431514,80.0,0.41507462676080165,threshold-control
50000.0,80.0,0.0016,102.14075414550729,80.0,0.41464427386378166,threshold-control
50000.0,80.0,0.0016,102.21173451669944,80.0,0.4142139180309138,threshold-control
50000.0,80.0,0.0016,102.2827148878916,80.0,0.4137835597230983,threshold-control
50000.0,80.0,0.0016,102.35369525908375,80.0,0.4133531994012466,threshold-control
50000.0,80.0,0.0016,102.4246756302759,80.0,0.41292283752627823,threshold-control
50000.0,80.0,0.0016,102.49565600146805,80.0,0.4124924745591191,threshold-control
50000.0,80.0,0.0016,102.56663637266021,80.0,0.41206211096070045,threshold-control
50000.0,80.0,0.0016,102.59286525521092,80.0,0.4119030816278524,threshold-control
50000.0,80.0,0.0016,102.63761674385236,80.0,0.41163174719195583,threshold-control
50000.0,80.0,0.0016,102.70859711504451,80.0,0.41120138371381976,threshold-control
50000.0,80.0,0.0016,102.77957748623666,80.0,0.4107710209872254,threshold-control
50000.0,80.0,0.0016,102.85055785742881,80.0,0.4103406594731026,threshold-control
50000.0,80.0,0.0016,102.92153822862097,80.0,0.409910299632376,threshold-control
50000.0,80.0,0.0016,102.99251859981312,80.0,0.4094799419259634,threshold-control
50000.0,80.0,0.0016,103.0,80.0,0.40943458194815197,threshold-control
50000.0,80.0,0.0016,103.06349897100527,80.0,0.409049586814773,threshold-control
50000.0,80.0,0.0016,103.13447934219742,80.0,0.4086192347597023,threshold-control
50000.0,80.0,0.0016,103.20545971338957,80.0,0.4081888862216355,threshold-control
50000.0,80.0,0.0016,103.27644008458174,80.0,0.40775854166144154,threshold-control
50000.0,80.0,0.0016,103.34742045577389,80.0,0.4073282015399725,threshold-control
50000.0,80.0,0.0016,103.41840082696604,80.0,0.4068978663180619,threshold-control
50000.0,80.0,0.0016,103.48938119815818,80.0,0.40646753645652145,threshold-control
50000.0,80.0,0.0016,103.56036156935033,80.0,0.40603721241614044,threshold-control
50000.0,80.0,0.0016,103.6313419405425,80.0,0.40560689465768296,threshold-control
50000.0,80.0,0.0016,103.70232231173465,80.0,0.40517658364188636,threshold-control
50000.0,80.0,0.0016,103.7733026829268,80.0,0.4047462798294591,threshold-control
50000.0,80.0,0.0016,103.84428305411895,80.0,0.4043159836810786,threshold-control
50000.0,80.0,0.0016,103.9152634253111,80.0,0.40388569565738996,threshold-control
50000.0,80.0,0.0016,103.98624379650326,80.0,0.4034554162190027,threshold-control
50000.0,80.0,0.0016,104.0,80.0,0.4033720278377475,threshold-control
50000.0,80.0,0.0016,104.05722416769541,80.0,0.4030251458264902,threshold-control
50000.0,80.0,0.0016,104.12820453888756,80.0,0.40259488494038687,threshold-control
50000.0,80.0,0.0016,104.19918491007971,80.0,0.4021646340211863,threshold-control
50000.0,80.0,0.0016,104.27016528127186,80.0,0.4017343935293397,threshold-control
50000.0,80.0,0.0016,104.34114565246402,80.0,0.40130416392525325,threshold-control
50000.0,80.0,0.0016,104.41212602365617,80.0,0.4008739456692868,threshold-control
50000.0,80.0,0.0016,104.48310639484832,80.0,0.4004437392217516,threshold-control
50000.0,80.0,0.0016,104.55408676604047,80.0,0.400013545042908,threshold-control
50000.0,80.0,0.0016,104.62506713723262,80.0,0.3995833635929643,threshold-control
50000.0,80.0,0.0016,104.69604750842478,80.0,0.39915319533207383,threshold-control
50000.0,80.0,0.0016,104.76702787961693,80.0,0.39872304072033404,threshold-control
50000.0,80.0,0.0016,104.83800825080908,80.0,0.3982929002177833,threshold-control
50000.0,80.0,0.0016,104.90898862200123,80.0,0.3978627742844,threshold-control
50000.0,80.0,0.0016,104.97996899319338,80.0,0.39743266338009986,threshold-control
50000.0,80.0,0.0016,105.0,80.0,0.3973112867683408,threshold-control
50000.0,80.0,0.0016,105.05094936438554,80.0,0.39700256796473454,threshold-control
50000.0,80.0,0.0016,105.1219297355777,80.0,0.39657248849808946,threshold-control
50000.0,80.0,0.0016,105.19291010676984,80.0,0.39614242543988143,threshold-control
50000.0,80.0,0.0016,105.263890477962,80.0,0.39571237924975744,threshold-control
50000.0,80.0,0.0016,105.33487084915414,80.0,0.395282350387292,threshold-control
50000.0,80.0,0.0016,105.4058512203463,80.0,0.3948523393119855,threshold-control
50000.0,80.0,0.0016,105.47683159153846,80.0,0.39442234648326213,threshold-control
50000.0,80.0,0.0016,105.5478119627306,80.0,0.3939923723604687,threshold-control
50000.0,80.0,0.0016,105.61879233392276,80.0,0.3935624174028708,threshold-control
50000.0,80.0,0.0016,105.6897727051149,80.0,0.3931324820696529,threshold-control
50000.0,80.0,0.0016,105.76075307630707,80.0,0.39270256681991533,threshold-control
50000.0,80.0,0.0016,105.83173344749922,80.0,0.3922726721126726,threshold-control
50000.0,80.0,0.0016,105.90271381869137,80.0,0.3918427984068511,threshold-control
50000.0,80.0,0.0016,105.97369418988352,80.0,0.3914129461612875,threshold-control
50000.0,80.0,0.0016,106.0,80.0,0.39125364552717024,threshold-control
50000.0,80.0,0.0016,106.04467456107567,80.0,0.39098311583472656,threshold-control
50000.0,80.0,0.0016,106.11565493226783,80.0,0.39055330788581977,threshold-control
50000.0,80.0,0.0016,106.18663530345998,80.0,0.39012352277312246,threshold-control
50000.0,80.0,0.0016,106.25761567465213,80.0,0.38969376095509256,threshold-control
50000.0,80.0,0.0016,106.32859604584428,80.0,0.3892640228900882,threshold-control
50000.0,80.0,0.0016,106.39957641703643,80.0,0.3888343090363662,threshold-control
50000.0,80.0,0.0016,106.47055678822859,80.0,0.38840461985207975,threshold-control
50000.0,80.0,0.0016,106.54153715942074,80.0,0.38797495579527674,threshold-control
50000.0,80.0,0.0016,106.61251753061289,80.0,0.3875453173238973,threshold-control
50000.0,80.0,0.0016,106.68349790180504,80.0,0.38711570489577274,threshold-control
50000.0,80.0,0.0016,106.7544782729972,80.0,0.3866861189686227,threshold-control
50000.0,80.0,0.0016,106.82545864418935,80.0,0.3862565600000538,threshold-control
50000.0,80.0,0.0016,106.8964390153815,80.0,0.3858270284475571,threshold-control
50000.0,80.0,0.0016,106.96741938657365,80.0,0.3853975247685072,threshold-control
50000.0,80.0,0.0016,107.0,80.0,0.385200388268639,threshold-control
50000.0,80.0,0.0016,107.0383997577658,80.0,0.3849680494201593,threshold-control
50000.0,80.0,0.0016,107.10938012895797,80.0,0.38453860285964725,threshold-control
50000.0,80.0,0.0016,107.18036050015012,80.0,0.38410918554398243,threshold-control
50000.0,80.0,0.0016,107.25134087134226,80.0,0.38367979793005136,threshold-control
50000.0,80.0,0.0016,107.32232124253441,80.0,0.3832504404746133,threshold-control
50000.0,80.0,0.0016,107.39330161372656,80.0,0.38282111363429927,threshold-control
50000.0,80.0,0.0016,107.46428198491873,80.0,0.38239181786560905,threshold-control
50000.0,80.0,0.0016,107.53526235611088,80.0,0.3819625536249104,threshold-control
50000.0,80.0,0.0016,107.60624272730303,80.0,0.3815333213684361,threshold-control
50000.0,80.0,0.0016,107.67722309849518,80.0,0.38110412155228246,threshold-control
50000.0,80.0,0.0016,107.74820346968733,80.0,0.3806749546324075,threshold-control
50000.0,80.0,0.0016,107.81918384087949,80.0,0.3802458210646288,threshold-control
50000.0,80.0,0.0016,107.89016421207164,80.0,0.37981672130462196,threshold-control
50000.0,80.0,0.0016,107.96114458326379,80.0,0.3793876558079179,threshold-control
50000.0,80.0,0.0016,108.0,80.0,0.37915279542707025,threshold-control
50000.0,80.0,0.0016,108.03212495445594,80.0,0.37895862502990163,threshold-control
50000.0,80.0,0.0016,108.10310532564809,80.0,0.37852962942581014,threshold-control
50000.0,80.0,0.0016,108.17408569684025,80.0,0.3781006694507304,threshold-control
50000.0,80.0,0.0016,108.2450660680324,80.0,0.37767174555959726,threshold-control
50000.0,80.0,0.0016,108.31604643922455,80.0,0.3772428582071925,threshold-control
50000.0,80.0,0.0016,108.3870268104167,80.0,0.3768140078481411,threshold-control
50000.0,80.0,0.0016,108.45800718160885,80.0,0.37638519493691125,threshold-control
50000.0,80.0,0.0016,108.52898755280101,80.0,0.3759564199278108,threshold-control
50000.0,80.0,0.0016,108.59996792399316,80.0,0.3755276832749871,threshold-control
50000.0,80.0,0.0016,108.67094829518531,80.0,0.3750989854324229,threshold-control
50000.0,80.0,0.0016,108.74192866637746,80.0,0.37467032685393675,threshold-control
50000.0,80.0,0.0016,108.81290903756961,80.0,0.37424170799317924,threshold-control
50000.0,80.0,0.0016,108.88388940876177,80.0,0.3738131293036321,threshold-control
50000.0,80.0,0.0016,108.95486977995392,80.0,0.37338459123860623,threshold-control
50000.0,80.0,0.0016,109.0,80.0,0.37311214263616355,threshold-control
50000.0,80.0,0.0016,109.02585015114607,80.0,0.37295609425123877,threshold-control
50000.0,80.0,0.0016,109.09683052233822,80.0,0.37252763879449335,threshold-control
50000.0,80.0,0.0016,109.16781089353037,80.0,0.3720992253211556,threshold-control
50000.0,80.0,0.0016,109.23879126472254,80.0,0.37167085428383295,threshold-control
50000.0,80.0,0.0016,109.30977163591469,80.0,0.3712425261349527,threshold-control
50000.0,80.0,0.0016,109.38075200710684,80.0,0.3708142413267588,threshold-control
50000.0,80.0,0.0016,109.45173237829898,80.0,0.37038600031131175,threshold-control
50000.0,80.0,0.0016,109.52271274949113,80.0,0.36995780354048546,threshold-control
50000.0,80.0,0.0016,109.5936931206833,80.0,0.3695296514659653,threshold-control
50000.0,80.0,0.0016,109.66467349187545,80.0,0.36910154453924726,threshold-control
50000.0,80.0,0.0016,109.7356538630676,80.0,0.3686734832116352,threshold-control
50000.0,80.0,0.0016,109.80663423425975,80.0,0.36824546793423873,threshold-control
50000.0,80.0,0.0016,109.8776146054519,80.0,0.36781749915797257,threshold-control
50000.0,80.0,0.0016,109.94859497664406,80.0,0.36738957733355326,threshold-control
50000.0,80.0,0.0016,110.0,80.0,0.3670796996570862,threshold-control
50000.0,80.0,0.0016,110.01957534783621,80.0,0.3669617029114983,threshold-control
50000.0,80.0,0.0016,110.09055571902836,80.0,0.36653387634212364,threshold-control
50000.0,80.0,0.0016,110.16153609022051,80.0,0.3661060980755416,threshold-control
50000.0,80.0,0.0016,110.23251646141266,80.0,0.36567836856166036,threshold-control
50000.0,80.0,0.0016,110.30349683260482,80.0,0.36525068825018037,threshold-control
50000.0,80.0,0.0016,110.37447720379697,80.0,0.3648230575905935,threshold-control
50000.0,80.0,0.0016,110.44545757498912,80.0,0.364395477032181,threshold-control
50000.0,80.0,0.0016,110.51643794618127,80.0,0.36396794702401125,threshold-control
50000.0,80.0,0.0016,110.58741831737342,80.0,0.3635404680149389,threshold-control
50000.0,80.0,0.0016,110.65839868856558,80.0,0.36311304045360093,threshold-control
50000.0,80.0,0.0016,110.72937905975773,80.0,0.3626856647884177,threshold-control
50000.0,80.0,0.0016,110.80035943094988,80.0,0.3622583414675885,threshold-control
50000.0,80.0,0.0016,110.87133980214203,80.0,0.3618310709390913,threshold-control
50000.0,80.0,0.0016,110.94232017333418,80.0,0.36140385365067973,threshold-control
50000.0,80.0,0.0016,111.0,80.0,0.3610567293171033,threshold-control
50000.0,80.0,0.0016,111.01330054452634,80.0,0.3609766900498822,threshold-control
50000.0,80.0,0.0016,111.0842809157185,80.0,0.360549580584,threshold-control
50000.0,80.0,0.0016,111.15526128691064,80.0,0.3601225257001044,threshold-control
50000.0,80.0,0.0016,111.2262416581028,80.0,0.35969552584503595,threshold-control
50000.0,80.0,0.0016,111.29722202929494,80.0,0.35926858146540164,threshold-control
50000.0,80.0,0.0016,111.3682024004871,80.0,0.3588416930075745,threshold-control
50000.0,80.0,0.0016,111.43918277167926,80.0,0.3584148609176905,threshold-control
50000.0,80.0,0.0016,111.5101631428714,80.0,0.35798808564164675,threshold-control
50000.0,80.0,0.0016,111.58114351406356,80.0,0.35756136762510016,threshold-control
50000.0,80.0,0.0016,111.65212388525572,80.0,0.3571347073134653,threshold-control
50000.0,80.0,0.0016,111.72310425644787,80.0,0.3567081051519133,threshold-control
50000.0,80.0,0.0016,111.79408462764002,80.0,0.3562815615853685,threshold-control
50000.0,80.0,0.0016,111.86506499883217,80.0,0.3558550770585084,threshold-control
50000.0,80.0,0.0016,111.93604537002432,80.0,0.35542865201576024,threshold-control
50000.0,80.0,0.0016,112.0,80.0,0.3550444864606207,threshold-control
50000.0,80.0,0.0016,112.00702574121648,80.0,0.3550022869013003,threshold-control
50000.0,80.0,0.0016,112.07800611240863,80.0,0.3545759821590515,threshold-control
50000.0,80.0,0.0016,112.14898648360078,80.0,0.3541497382326819,threshold-control
50000.0,80.0,0.0016,112.21996685479293,80.0,0.353723555565603,threshold-control
50000.0,80.0,0.0016,112.29094722598508,80.0,0.35329743460096674,threshold-control
50000.0,80.0,0.0016,112.36192759717724,80.0,0.35287137578166516,threshold-control
50000.0,80.0,0.0016,112.43290796836939,80.0,0.3524453795503286,threshold-control
50000.0,80.0,0.0016,112.50388833956154,80.0,0.35201944634932225,threshold-control
50000.0,80.0,0.0016,112.57486871075369,80.0,0.3515935766207461,threshold-control
50000.0,80.0,0.0016,112.64584908194584,80.0,0.35116777080643236,threshold-control
50000.0,80.0,0.0016,112.716829453138,80.0,0.3507420293479432,threshold-control
50000.0,80.0,0.0016,112.78780982433015,80.0,0.35031635268657035,threshold-control
50000.0,80.0,0.0016,112.8587901955223,80.0,0.349890741263332,threshold-control
50000.0,80.0,0.0016,112.92977056671445,80.0,0.34946519551897115,threshold-control
50000.0,80.0,0.0016,113.0,80.0,0.34904421691447607,threshold-control
50000.0,80.0,0.0016,113.0007509379066,80.0,0.3490397158939549,threshold-control
50000.0,80.0,0.0016,113.07173130909877,80.0,0.34861430282847106,threshold-control
50000.0,80.0,0.0016,113.14271168029092,80.0,0.34818895676242756,threshold-control
50000.0,80.0,0.0016,113.21369205148306,80.0,0.3477636781354504,threshold-control
50000.0,80.0,0.0016,113.28467242267521,80.0,0.34733846738688146,threshold-control
50000.0,80.0,0.0016,113.35565279386736,80.0,0.3469133249557773,threshold-control
50000.0,80.0,0.0016,113.42663316505953,80.0,0.34648825128090666,threshold-control
50000.0,80.0,0.0016,113.49761353625168,80.0,0.34606324680074985,threshold-control
50000.0,80.0,0.0016,113.56859390744383,80.0,0.34563831195349526,threshold-control
50000.0,80.0,0.0016,113.63957427863598,80.0,0.3452134471770394,threshold-control
50000.0,80.0,0.0016,113.71055464982813,80.0,0.3447886529089841,threshold-control
50000.0,80.0,0.0016,113.78153502102029,80.0,0.3443639295866343,threshold-control
50000.0,80.0,0.0016,113.85251539221244,80.0,0.3439392776469983,threshold-control
50000.0,80.0,0.0016,113.92349576340459,80.0,0.3435146975267833,threshold-control
50000.0,80.0,0.0016,113.99447613459674,80.0,0.3430901896623957,threshold-control
50000.0,80.0,0.0016,114.0,80.0,0.34305715646926915,threshold-control
50000.0,80.0,0.0016,114.06545650578889,80.0,0.34266575448993797,threshold-control
50000.0,80.0,0.0016,114.13643687698105,80.0,0.34224139244520857,threshold-control
50000.0,80.0,0.0016,114.2074172481732,80.0,0.3418171039636986,threshold-control
50000.0,80.0,0.0016,114.27839761936535,80.0,0.3413928894805902,threshold-control
50000.0,80.0,0.0016,114.3493779905575,80.0,0.3409687494307563,threshold-control
50000.0,80.0,0.0016,114.42035836174965,80.0,0.3405446842487566,threshold-control
50000.0,80.0,0.0016,114.49133873294181,80.0,0.3401206943688383,threshold-control
50000.0,80.0,0.0016,114.56231910413396,80.0,0.3396967802249321,threshold-control
50000.0,80.0,0.0016,114.63329947532611,80.0,0.33927294225065197,threshold-control
50000.0,80.0,0.0016,114.70427984651826,80.0,0.33884918087929305,threshold-control
50000.0,80.0,0.0016,114.77526021771041,80.0,0.33842549654382936,threshold-control
50000.0,80.0,0.0016,114.84624058890257,80.0,0.3380018896769129,threshold-control
50000.0,80.0,0.0016,114.91722096009472,80.0,0.33757836071087155,threshold-control
50000.0,80.0,0.0016,114.98820133128687,80.0,0.33715491007770715,threshold-control
50000.0,80.0,0.0016,115.0,80.0,0.3370845298784739,threshold-control
50000.0,80.0,0.0016,115.05918170247902,80.0,0.3367315382090941,threshold-control
50000.0,80.0,0.0016,115.13016207367117,80.0,0.3363082455363777,threshold-control
50000.0,80.0,0.0016,115.20114244486334,80.0,0.3358850324905718,threshold-control
50000.0,80.0,0.0016,115.27212281605549,80.0,0.33546189950235794,threshold-control
50000.0,80.0,0.0016,115.34310318724764,80.0,0.33503884700208353,threshold-control
50000.0,80.0,0.0016,115.41408355843978,80.0,0.33461587541975946,threshold-control
50000.0,80.0,0.0016,115.48506392963193,80.0,0.3341929851850588,threshold-control
50000.0,80.0,0.0016,115.5560443008241,80.0,0.33377017672731535,threshold-control
50000.0,80.0,0.0016,115.62702467201625,80.0,0.33334745047552183,threshold-control
50000.0,80.0,0.0016,115.6980050432084,80.0,0.3329248068583279,threshold-control
50000.0,80.0,0.0016,115.76898541440055,80.0,0.3325022463040388,threshold-control
50000.0,80.0,0.0016,115.83996578559271,80.0,0.33207976924061344,threshold-control
50000.0,80.0,0.0016,115.91094615678486,80.0,0.33165737609566315,threshold-control
50000.0,80.0,0.0016,115.98192652797701,80.0,0.33123506729644914,threshold-control
50000.0,80.0,0.0016,116.0,80.0,0.331127549877022,threshold-control
50000.0,80.0,0.0016,116.05290689916916,80.0,0.3308128432698815,threshold-control
50000.0,80.0,0.0016,116.12388727036131,80.0,0.33039070444251795,threshold-control
50000.0,80.0,0.0016,116.19486764155347,80.0,0.32996865124056063,threshold-control
50000.0,80.0,0.0016,116.26584801274562,80.0,0.32954668408985666,threshold-control
50000.0,80.0,0.0016,116.33682838393777,80.0,0.3291248034158941,threshold-control
50000.0,80.0,0.0016,116.40780875512992,80.0,0.32870300964380206,threshold-control
50000.0,80.0,0.0016,116.47878912632207,80.0,0.32828130319834814,threshold-control
50000.0,80.0,0.0016,116.54976949751423,80.0,0.3278596845039371,threshold-control
50000.0,80.0,0.0016,116.62074986870638,80.0,0.3274381539846095,threshold-control
50000.0,80.0,0.0016,116.69173023989853,80.0,0.32701671206403937,threshold-control
50000.0,80.0,0.0016,116.76271061109068,80.0,0.32659535916553284,threshold-control
50000.0,80.0,0.0016,116.83369098228283,80.0,0.3261740957120265,threshold-control
50000.0,80.0,0.0016,116.904671353475,80.0,0.32575292212608664,threshold-control
50000.0,80.0,0.0016,116.97565172466715,80.0,0.3253318388299057,threshold-control
50000.0,80.0,0.0016,117.0,80.0,0.32518741622098757,threshold-control
50000.0,80.0,0.0016,117.0466320958593,80.0,0.32491084624530286,threshold-control
50000.0,80.0,0.0016,117.11761246705144,80.0,0.3244899447937204,threshold-control
50000.0,80.0,0.0016,117.1885928382436,80.0,0.32406913489622313,threshold-control
50000.0,80.0,0.0016,117.25957320943576,80.0,0.323648416973497,threshold-control
50000.0,80.0,0.0016,117.3305535806279,80.0,0.32322779144584735,threshold-control
50000.0,80.0,0.0016,117.36899982084131,80.0,0.32299999999999973,threshold-control
50000.0,80.0,0.0016,117.40153395182006,79.99664962883993,0.323,post-control
50000.0,80.0,0.0016,117.4725143230122,79.98934005635657,0.323,post-control
50000.0,80.0,0.0016,117.54349469420436,79.98203048387319,0.323,post-control
50000.0,80.0,0.0016,117.61447506539652,79.97472091138981,0.323,post-control
50000.0,80.0,0.0016,117.68545543658867,79.96741133890643,0.323,post-control
50000.0,80.0,0.0016,117.75643580778082,79.96010176642307,0.323,post-control
50000.0,80.0,0.0016,117.82741617897297,79.95279219393969,0.323,post-control
50000.0,80.0,0.0016,117.89839655016512,79.9454826214563,0.323,post-control
50000.0,80.0,0.0016,117.96937692135728,79.93817304897293,0.323,post-control
50000.0,80.0,0.0016,118.04035729254943,79.93086347648956,0.323,post-control
50000.0,80.0,0.0016,118.11133766374158,79.92355390400618,0.323,post-control
50000.0,80.0,0.0016,118.18231803493373,79.9162443315228,0.323,post-control
50000.0,80.0,0.0016,118.25329840612588,79.90893475903944,0.323,post-control
50000.0,80.0,0.0016,118.32427877731804,79.90162518655606,0.323,post-control
50000.0,80.0,0.0016,118.36899982084131,79.89701980476282,0.323,post-control
50000.0,80.0,0.0016,118.39525914851019,79.8889662305211,0.323,post-control
50000.0,80.0,0.0016,118.46623951970234,79.86719698736653,0.323,post-control
50000.0,80.0,0.0016,118.53721989089449,79.84542774421193,0.323,post-control
50000.0,80.0,0.0016,118.60820026208664,79.82365850105734,0.323,post-control
50000.0,80.0,0.0016,118.6791806332788,79.80188925790274,0.323,post-control
50000.0,80.0,0.0016,118.75016100447095,79.78012001474815,0.323,post-control
50000.0,80.0,0.0016,118.8211413756631,79.75835077159356,0.323,post-control
50000.0,80.0,0.0016,118.89212174685525,79.73658152843896,0.323,post-control
50000.0,80.0,0.0016,118.9631021180474,79.71481228528437,0.323,post-control
50000.0,80.0,0.0016,119.03408248923957,79.69304304212977,0.323,post-control
50000.0,80.0,0.0016,119.10506286043172,79.67127379897518,0.323,post-control
50000.0,80.0,0.0016,119.17604323162386,79.64950455582058,0.323,post-control
50000.0,80.0,0.0016,119.24702360281601,79.62773531266599,0.323,post-control
50000.0,80.0,0.0016,119.31800397400816,79.6059660695114,0.323,post-control
50000.0,80.0,0.0016,119.36899982084131,79.59032595702763,0.323,post-control
50000.0,80.0,0.0016,119.38898434520033,79.58022305211689,0.323,post-control
50000.0,80.0,0.0016,119.45996471639248,79.54433988933548,0.323,post-control
50000.0,80.0,0.0016,119.53094508758463,79.50845672655407,0.323,post-control
50000.0,80.0,0.0016,119.60192545877678,79.47257356377267,0.323,post-control
50000.0,80.0,0.0016,119.67290582996893,79.43669040099125,0.323,post-control
50000.0,80.0,0.0016,119.74388620116109,79.40080723820984,0.323,post-control
50000.0,80.0,0.0016,119.81486657235324,79.36492407542843,0.323,post-control
50000.0,80.0,0.0016,119.88584694354539,79.32904091264703,0.323,post-control
50000.0,80.0,0.0016,119.95682731473754,79.29315774986561,0.323,post-control
50000.0,80.0,0.0016,120.02780768592969,79.25727458708421,0.323,post-control
50000.0,80.0,0.0016,120.09878805712185,79.2213914243028,0.323,post-control
50000.0,80.0,0.0016,120.169768428314,79.18550826152139,0.323,post-control
50000.0,80.0,0.0016,120.24074879950615,79.14962509873999,0.323,post-control
50000.0,80.0,0.0016,120.3117291706983,79.11374193595857,0.323,post-control
50000.0,80.0,0.0016,120.36899982084131,79.08478953648302,0.323,post-control
50000.0,80.0,0.0016,120.38270954189045,79.07522539604071,0.323,post-control
50000.0,80.0,0.0016,120.45368991308261,79.02570825150538,0.323,post-control
50000.0,80.0,0.0016,120.52467028427476,78.97619110697006,0.323,post-control
50000.0,80.0,0.0016,120.59565065546691,78.92667396243473,0.323,post-control
50000.0,80.0,0.0016,120.66663102665906,78.87715681789942,0.323,post-control
50000.0,80.0,0.0016,120.73761139785123,78.82763967336409,0.323,post-control
50000.0,80.0,0.0016,120.80859176904337,78.77812252882877,0.323,post-control
50000.0,80.0,0.0016,120.87957214023552,78.72860538429346,0.323,post-control
50000.0,80.0,0.0016,120.95055251142767,78.67908823975813,0.323,post-control
50000.0,80.0,0.0016,121.02153288261982,78.62957109522281,0.323,post-control
50000.0,80.0,0.0016,121.09251325381199,78.58005395068749,0.323,post-control
50000.0,80.0,0.0016,121.16349362500414,78.53053680615217,0.323,post-control
50000.0,80.0,0.0016,121.23447399619629,78.48101966161686,0.323,post-control
50000.0,80.0,0.0016,121.30545436738844,78.43150251708154,0.323,post-control
50000.0,80.0,0.0016,121.36899982084131,78.38717210079405,0.323,post-control
50000.0,80.0,0.0016,121.37643473858058,78.38062035103731,0.323,post-control
50000.0,80.0,0.0016,121.44741510977275,78.3180714909154,0.323,post-control
50000.0,80.0,0.0016,121.5183954809649,78.25552263079352,0.323,post-control
50000.0,80.0,0.0016,121.58937585215705,78.19297377067163,0.323,post-control
50000.0,80.0,0.0016,121.6603562233492,78.13042491054975,0.323,post-control
50000.0,80.0,0.0016,121.73133659454135,78.06787605042786,0.323,post-control
50000.0,80.0,0.0016,121.80231696573351,78.00532719030596,0.323,post-control
50000.0,80.0,0.0016,121.87329733692566,77.94277833018407,0.323,post-control
50000.0,80.0,0.0016,121.94427770811781,77.88022947006219,0.323,post-control
50000.0,80.0,0.0016,122.01525807930996,77.8176806099403,0.323,post-control
50000.0,80.0,0.0016,122.08623845050211,77.75513174981842,0.323,post-control
50000.0,80.0,0.0016,122.15721882169427,77.69258288969652,0.323,post-control
50000.0,80.0,0.0016,122.22819919288642,77.63003402957463,0.323,post-control
50000.0,80.0,0.0016,122.29917956407857,77.56748516945275,0.323,post-control
50000.0,80.0,0.0016,122.36899982084131,77.50595861780786,0.323,post-control
50000.0,80.0,0.0016,122.37015993527072,77.50473493279522,0.323,post-control
50000.0,80.0,0.0016,122.44114030646287,77.42986506287761,0.323,post-control
50000.0,80.0,0.0016,122.51212067765503,77.35499519295998,0.323,post-control
50000.0,80.0,0.0016,122.58310104884718,77.28012532304236,0.323,post-control
50000.0,80.0,0.0016,122.65408142003933,77.20525545312474,0.323,post-control
50000.0,80.0,0.0016,122.72506179123148,77.13038558320713,0.323,post-control
50000.0,80.0,0.0016,122.79604216242363,77.05551571328951,0.323,post-control
50000.0,80.0,0.0016,122.8670225336158,76.98064584337187,0.323,post-control
50000.0,80.0,0.0016,122.93800290480795,76.90577597345425,0.323,post-control
50000.0,80.0,0.0016,123.0089832760001,76.83090610353663,0.323,post-control
50000.0,80.0,0.0016,123.07996364719224,76.75603623361903,0.323,post-control
50000.0,80.0,0.0016,123.1509440183844,76.68116636370141,0.323,post-control
50000.0,80.0,0.0016,123.22192438957656,76.60629649378377,0.323,post-control
50000.0,80.0,0.0016,123.2929047607687,76.53142662386615,0.323,post-control
50000.0,80.0,0.0016,123.36388513196086,76.45655675394855,0.323,post-control
50000.0,80.0,0.0016,123.36899982084131,76.45116179637482,0.323,post-control
50000.0,80.0,0.0016,123.434865503153,76.37099949181078,0.323,post-control
50000.0,80.0,0.0016,123.50584587434516,76.28461231818906,0.323,post-control
50000.0,80.0,0.0016,123.57682624553732,76.19822514456733,0.323,post-control
50000.0,80.0,0.0016,123.64780661672947,76.11183797094561,0.323,post-control
50000.0,80.0,0.0016,123.71878698792162,76.0254507973239,0.323,post-control
50000.0,80.0,0.0016,123.78976735911377,75.93906362370218,0.323,post-control
50000.0,80.0,0.0016,123.86074773030592,75.85267645008047,0.323,post-control
50000.0,80.0,0.0016,123.93172810149808,75.76628927645874,0.323,post-control
50000.0,80.0,0.0016,124.00270847269023,75.67990210283702,0.323,post-control
50000.0,80.0,0.0016,124.07368884388238,75.5935149292153,0.323,post-control
50000.0,80.0,0.0016,124.14466921507453,75.50712775559359,0.323,post-control
50000.0,80.0,0.0016,124.21564958626668,75.42074058197187,0.323,post-control
50000.0,80.0,0.0016,124.28662995745884,75.33435340835013,0.323,post-control
50000.0,80.0,0.0016,124.35761032865099,75.24796623472841,0.323,post-control
50000.0,80.0,0.0016,124.36899982084131,75.23410457096443,0.323,post-control
50000.0,80.0,0.0016,124.42859069984314,75.15264883583944,0.323,post-control
50000.0,80.0,0.0016,124.49957107103529,75.05562461985625,0.323,post-control
50000.0,80.0,0.0016,124.57055144222744,74.95860040387306,0.323,post-control
50000.0,80.0,0.0016,124.6415318134196,74.86157618788987,0.323,post-control
50000.0,80.0,0.0016,124.71251218461175,74.76455197190667,0.323,post-control
50000.0,80.0,0.0016,124.7834925558039,74.66752775592349,0.323,post-control
50000.0,80.0,0.0016,124.85447292699605,74.5705035399403,0.323,post-control
50000.0,80.0,0.0016,124.92545329818822,74.4734793239571,0.323,post-control
50000.0,80.0,0.0016,124.99643366938037,74.37645510797391,0.323,post-control
50000.0,80.0,0.0016,125.06741404057252,74.27943089199073,0.323,post-control
50000.0,80.0,0.0016,125.13839441176466,74.18240667600755,0.323,post-control
50000.0,80.0,0.0016,125.20937478295681,74.08538246002436,0.323,post-control
50000.0,80.0,0.0016,125.28035515414898,73.98835824404115,0.323,post-control
50000.0,80.0,0.0016,125.35133552534113,73.89133402805797,0.323,post-control
50000.0,80.0,0.0016,125.36899982084131,73.86718841719379,0.323,post-control
50000.0,80.0,0.0016,125.42231589653328,73.78702592275913,0.323,post-control
50000.0,80.0,0.0016,125.49329626772543,73.68030457208182,0.323,post-control
50000.0,80.0,0.0016,125.56427663891758,73.5735832214045,0.323,post-control
50000.0,80.0,0.0016,125.63525701010974,73.46686187072717,0.323,post-control
50000.0,80.0,0.0016,125.70623738130189,73.36014052004987,0.323,post-control
50000.0,80.0,0.0016,125.77721775249404,73.25341916937255,0.323,post-control
50000.0,80.0,0.0016,125.84819812368619,73.14669781869524,0.323,post-control
50000.0,80.0,0.0016,125.91917849487834,73.03997646801793,0.323,post-control
50000.0,80.0,0.0016,125.9901588660705,72.9332551173406,0.323,post-control
50000.0,80.0,0.0016,126.06113923726265,72.82653376666329,0.323,post-control
50000.0,80.0,0.0016,126.1321196084548,72.71981241598597,0.323,post-control
50000.0,80.0,0.0016,126.20309997964695,72.61309106530867,0.323,post-control
50000.0,80.0,0.0016,126.2740803508391,72.50636971463135,0.323,post-control
50000.0,80.0,0.0016,126.34506072203126,72.39964836395401,0.323,post-control
50000.0,80.0,0.0016,126.36899982084131,72.36365513207743,0.323,post-control
50000.0,80.0,0.0016,126.41604109322341,72.28715162330042,0.323,post-control
50000.0,80.0,0.0016,126.48702146441556,72.17171581182012,0.323,post-control
50000.0,80.0,0.0016,126.55800183560771,72.05628000033983,0.323,post-control
50000.0,80.0,0.0016,126.62898220679986,71.94084418885951,0.323,post-control
50000.0,80.0,0.0016,126.69996257799203,71.82540837737919,0.323,post-control
50000.0,80.0,0.0016,126.77094294918417,71.7099725658989,0.323,post-control
50000.0,80.0,0.0016,126.84192332037632,71.5945367544186,0.323,post-control
50000.0,80.0,0.0016,126.91290369156847,71.4791009429383,0.323,post-control
50000.0,80.0,0.0016,126.98388406276062,71.36366513145799,0.323,post-control
50000.0,80.0,0.0016,127.05486443395279,71.24822931997768,0.323,post-control
50000.0,80.0,0.0016,127.12584480514494,71.13279350849737,0.323,post-control
50000.0,80.0,0.0016,127.19682517633709,71.01735769701708,0.323,post-control
50000.0,80.0,0.0016,127.26780554752924,70.90192188553678,0.323,post-control
50000.0,80.0,0.0016,127.33878591872138,70.78648607405648,0.323,post-control
50000.0,80.0,0.0016,127.36899982084131,70.73734902038063,0.323,post-control
50000.0,80.0,0.0016,127.40976628991355,70.6666246103913,0.323,post-control
50000.0,80.0,0.0016,127.4807466611057,70.54348309267746,0.323,post-control
50000.0,80.0,0.0016,127.55172703229785,70.42034157496363,0.323,post-control
50000.0,80.0,0.0016,127.62270740349,70.2972000572498,0.323,post-control
50000.0,80.0,0.0016,127.69368777468215,70.17405853953596,0.323,post-control
50000.0,80.0,0.0016,127.76466814587431,70.0509170218221,0.323,post-control
50000.0,80.0,0.0016,127.83564851706646,69.92777550410827,0.323,post-control
50000.0,80.0,0.0016,127.90662888825861,69.80463398639444,0.323,post-control
50000.0,80.0,0.0016,127.97760925945076,69.6814924686806,0.323,post-control
50000.0,80.0,0.0016,128.0485896306429,69.55835095096677,0.323,post-control
50000.0,80.0,0.0016,128.11957000183506,69.43520943325294,0.323,post-control
50000.0,80.0,0.0016,128.1905503730272,69.3120679155391,0.323,post-control
50000.0,80.0,0.0016,128.26153074421939,69.18892639782521,0.323,post-control
50000.0,80.0,0.0016,128.33251111541153,69.06578488011138,0.323,post-control
50000.0,80.0,0.0016,128.3689998208413,69.002481821948,0.323,post-control
50000.0,80.0,0.0016,128.40349148660368,68.93939429519578,0.323,post-control
50000.0,80.0,0.0016,128.47447185779583,68.80956652470431,0.323,post-control
50000.0,80.0,0.0016,128.54545222898798,68.67973875421282,0.323,post-control
50000.0,80.0,0.0016,128.61643260018013,68.54991098372135,0.323,post-control
50000.0,80.0,0.0016,128.68741297137228,68.42008321322986,0.323,post-control
50000.0,80.0,0.0016,128.75839334256443,68.29025544273837,0.323,post-control
50000.0,80.0,0.0016,128.82937371375658,68.1604276722469,0.323,post-control
50000.0,80.0,0.0016,128.90035408494873,68.03059990175541,0.323,post-control
50000.0,80.0,0.0016,128.9713344561409,67.90077213126388,0.323,post-control
50000.0,80.0,0.0016,129.04231482733306,67.77094436077239,0.323,post-control
50000.0,80.0,0.0016,129.1132951985252,67.64111659028092,0.323,post-control
50000.0,80.0,0.0016,129.18427556971736,67.51128881978943,0.323,post-control
50000.0,80.0,0.0016,129.2552559409095,67.38146104929795,0.323,post-control
50000.0,80.0,0.0016,129.32623631210166,67.25163327880647,0.323,post-control
50000.0,80.0,0.0016,129.3689998208413,67.17341600683655,0.323,post-control
50000.0,80.0,0.0016,129.3972166832938,67.11955113978824,0.323,post-control
50000.0,80.0,0.0016,129.46819705448596,66.98405243706246,0.323,post-control
50000.0,80.0,0.0016,129.5391774256781,66.84855373433669,0.323,post-control
50000.0,80.0,0.0016,129.61015779687025,66.7130550316109,0.323,post-control
50000.0,80.0,0.0016,129.68113816806243,66.57755632888508,0.323,post-control
50000.0,80.0,0.0016,129.75211853925458,66.44205762615931,0.323,post-control
50000.0,80.0,0.0016,129.82309891044673,66.30655892343353,0.323,post-control
50000.0,80.0,0.0016,129.89407928163888,66.17106022070776,0.323,post-control
50000.0,80.0,0.0016,129.96505965283103,66.03556151798198,0.323,post-control
50000.0,80.0,0.0016,130.03604002402318,65.9000628152562,0.323,post-control
50000.0,80.0,0.0016,130.10702039521533,65.76456411253044,0.323,post-control
50000.0,80.0,0.0016,130.17800076640748,65.62906540980465,0.323,post-control
50000.0,80.0,0.0016,130.24898113759963,65.49356670707888,0.323,post-control
50000.0,80.0,0.0016,130.31996150879178,65.3580680043531,0.323,post-control
50000.0,80.0,0.0016,130.3689998208413,65.26445581897039,0.323,post-control
50000.0,80.0,0.0016,130.39094187998396,65.2211248542728,0.323,post-control
50000.0,80.0,0.0016,130.4619222511761,65.08095350853203,0.323,post-control
50000.0,80.0,0.0016,130.53290262236825,64.94078216279125,0.323,post-control
50000.0,80.0,0.0016,130.6038829935604,64.80061081705047,0.323,post-control
50000.0,80.0,0.0016,130.67486336475255,64.6604394713097,0.323,post-control
50000.0,80.0,0.0016,130.7458437359447,64.52026812556892,0.323,post-control
50000.0,80.0,0.0016,130.81682410713685,64.38009677982814,0.323,post-control
50000.0,80.0,0.0016,130.887804478329,64.23992543408735,0.323,post-control
50000.0,80.0,0.0016,130.95878484952115,64.09975408834659,0.323,post-control
50000.0,80.0,0.0016,131.0297652207133,63.959582742605804,0.323,post-control
50000.0,80.0,0.0016,131.10074559190548,63.81941139686497,0.323,post-control
50000.0,80.0,0.0016,131.17172596309763,63.67924005112419,0.323,post-control
50000.0,80.0,0.0016,131.24270633428978,63.539068705383414,0.323,post-control
50000.0,80.0,0.0016,131.31368670548193,63.39889735964263,0.323,post-control
50000.0,80.0,0.0016,131.3689998208413,63.28966555813443,0.323,post-control
50000.0,80.0,0.0016,131.38466707667408,63.25790862395542,0.323,post-control
50000.0,80.0,0.0016,131.45564744786623,63.11403409991553,0.323,post-control
50000.0,80.0,0.0016,131.52662781905838,62.97015957587564,0.323,post-control
50000.0,80.0,0.0016,131.59760819025053,62.82628505183575,0.323,post-control
50000.0,80.0,0.0016,131.66858856144268,62.68241052779585,0.323,post-control
50000.0,80.0,0.0016,131.73956893263482,62.538536003755965,0.323,post-control
50000.0,80.0,0.0016,131.810549303827,62.394661479716014,0.323,post-control
50000.0,80.0,0.0016,131.88152967501915,62.25078695567612,0.323,post-control
50000.0,80.0,0.0016,131.9525100462113,62.10691243163623,0.323,post-control
50000.0,80.0,0.0016,132.02349041740345,61.96303790759634,0.323,post-control
50000.0,80.0,0.0016,132.0944707885956,61.81916338355645,0.323,post-control
50000.0,80.0,0.0016,132.16545115978775,61.675288859516556,0.323,post-control
50000.0,80.0,0.0016,132.2364315309799,61.53141433547666,0.323,post-control
50000.0,80.0,0.0016,132.30741190217205,61.387539811436774,0.323,post-control
50000.0,80.0,0.0016,132.3689998208413,61.262703432923615,0.323,post-control
50000.0,80.0,0.0016,132.3783922733642,61.243298450691384,0.323,post-control
50000.0,80.0,0.0016,132.44937264455638,61.09665167888553,0.323,post-control
50000.0,80.0,0.0016,132.52035301574853,60.95000490707973,0.323,post-control
50000.0,80.0,0.0016,132.59133338694068,60.803358135273925,0.323,post-control
50000.0,80.0,0.0016,132.66231375813283,60.656711363468126,0.323,post-control
50000.0,80.0,0.0016,132.73329412932497,60.51006459166233,0.323,post-control
50000.0,80.0,0.0016,132.80427450051712,60.36341781985653,0.323,post-control
50000.0,80.0,0.0016,132.87525487170927,60.21677104805073,0.323,post-control
50000.0,80.0,0.0016,132.94623524290142,60.07012427624493,0.323,post-control
50000.0,80.0,0.0016,133.01721561409357,59.923477504439134,0.323,post-control
50000.0,80.0,0.0016,133.08819598528572,59.776830732633336,0.323,post-control
50000.0,80.0,0.0016,133.1591763564779,59.63018396082748,0.323,post-control
50000.0,80.0,0.0016,133.23015672767005,59.483537189021675,0.323,post-control
50000.0,80.0,0.0016,133.3011370988622,59.336890417215876,0.323,post-control
50000.0,80.0,0.0016,133.3689998208413,59.1966847668784,0.323,post-control
50000.0,80.0,0.0016,133.37211747005435,59.19016070133533,0.323,post-control
50000.0,80.0,0.0016,133.4430978412465,59.04162551912424,0.323,post-control
50000.0,80.0,0.0016,133.51407821243865,58.89309033691314,0.323,post-control
50000.0,80.0,0.0016,133.5850585836308,58.74455515470205,0.323,post-control
50000.0,80.0,0.0016,133.65603895482295,58.59601997249096,0.323,post-control
50000.0,80.0,0.0016,133.7270193260151,58.44748479027986,0.323,post-control
50000.0,80.0,0.0016,133.79799969720725,58.29894960806877,0.323,post-control
50000.0,80.0,0.0016,133.86898006839942,58.15041442585761,0.323,post-control
50000.0,80.0,0.0016,133.93996043959157,58.00187924364652,0.323,post-control
50000.0,80.0,0.0016,134.01094081078372,57.85334406143543,0.323,post-control
50000.0,80.0,0.0016,134.08192118197587,57.70480887922433,0.323,post-control
50000.0,80.0,0.0016,134.15290155316802,57.55627369701324,0.323,post-control
50000.0,80.0,0.0016,134.22388192436017,57.40773851480215,0.323,post-control
50000.0,80.0,0.0016,134.29486229555232,57.25920333259105,0.323,post-control
50000.0,80.0,0.0016,134.36584266674447,57.11066815037996,0.323,post-control
50000.0,80.0,0.0016,134.3689998208413,57.10406141599457,0.323,post-control
50000.0,80.0,0.0016,134.43682303793662,56.961122295506286,0.323,post-control
50000.0,80.0,0.0016,134.50780340912877,56.811529394068415,0.323,post-control
50000.0,80.0,0.0016,134.57878378032095,56.66193649263048,0.323,post-control
50000.0,80.0,0.0016,134.6497641515131,56.51234359119261,0.323,post-control
50000.0,80.0,0.0016,134.72074452270525,56.36275068975474,0.323,post-control
50000.0,80.0,0.0016,134.7917248938974,56.21315778831687,0.323,post-control
50000.0,80.0,0.0016,134.86270526508955,56.063564886879,0.323,post-control
50000.0,80.0,0.0016,134.9336856362817,55.91397198544113,0.323,post-control
50000.0,80.0,0.0016,135.00466600747384,55.76437908400326,0.323,post-control
50000.0,80.0,0.0016,135.075646378666,55.61478618256539,0.323,post-control
50000.0,80.0,0.0016,135.14662674985814,55.46519328112751,0.323,post-control
50000.0,80.0,0.0016,135.2176071210503,55.31560037968964,0.323,post-control
50000.0,80.0,0.0016,135.28858749224247,55.166007478251714,0.323,post-control
50000.0,80.0,0.0016,135.35956786343462,55.016414576813844,0.323,post-control
50000.0,80.0,0.0016,135.3689998208413,54.9965364914924,0.323,post-control
50000.0,80.0,0.0016,135.43054823462677,54.8665739026248,0.323,post-control
50000.0,80.0,0.0016,135.50152860581892,54.71669525861831,0.323,post-control
50000.0,80.0,0.0016,135.57250897701107,54.566816614611824,0.323,post-control
50000.0,80.0,0.0016,135.64348934820322,54.41693797060533,0.323,post-control
50000.0,80.0,0.0016,135.71446971939537,54.26705932659885,0.323,post-control
50000.0,80.0,0.0016,135.78545009058752,54.11718068259236,0.323,post-control
50000.0,80.0,0.0016,135.85643046177967,53.96730203858587,0.323,post-control
50000.0,80.0,0.0016,135.92741083297182,53.81742339457938,0.323,post-control
50000.0,80.0,0.0016,135.998391204164,53.66754475057284,0.323,post-control
50000.0,80.0,0.0016,136.06937157535614,53.517666106566345,0.323,post-control
50000.0,80.0,0.0016,136.1403519465483,53.36778746255986,0.323,post-control
50000.0,80.0,0.0016,136.21133231774044,53.21790881855337,0.323,post-control
50000.0,80.0,0.0016,136.2823126889326,53.068030174546884,0.323,post-control
50000.0,80.0,0.0016,136.35329306012474,52.91815153054039,0.323,post-control
50000.0,80.0,0.0016,136.3689998208413,52.88498591082898,0.323,post-control
50000.0,80.0,0.0016,136.4242734313169,52.7686036266079,0.323,post-control
50000.0,80.0,0.0016,136.49525380250904,52.61914970704076,0.323,post-control
50000.0,80.0,0.0016,136.5662341737012,52.469695787473626,0.323,post-control
50000.0,80.0,0.0016,136.63721454489337,52.320241867906425,0.323,post-control
50000.0,80.0,0.0016,136.70819491608552,52.17078794833929,0.323,post-control
50000.0,80.0,0.0016,136.77917528727767,52.02133402877215,0.323,post-control
50000.0,80.0,0.0016,136.85015565846982,51.871880109205016,0.323,post-control
50000.0,80.0,0.0016,136.92113602966197,51.72242618963788,0.323,post-control
50000.0,80.0,0.0016,136.99211640085412,51.57297227007074,0.323,post-control
50000.0,80.0,0.0016,137.06309677204626,51.423518350503606,0.323,post-control
50000.0,80.0,0.0016,137.13407714323841,51.27406443093647,0.323,post-control
50000.0,80.0,0.0016,137.20505751443056,51.12461051136933,0.323,post-control
50000.0,80.0,0.0016,137.2760378856227,50.9751565918022,0.323,post-control
50000.0,80.0,0.0016,137.3470182568149,50.825702672235,0.323,post-control
50000.0,80.0,0.0016,137.3689998208413,50.779419018785646,0.323,post-control
50000.0,80.0,0.0016,137.41799862800704,50.676988298195866,0.323,post-control
50000.0,80.0,0.0016,137.4889789991992,50.52860569483267,0.323,post-control
50000.0,80.0,0.0016,137.55995937039134,50.38022309146948,0.323,post-control
50000.0,80.0,0.0016,137.6309397415835,50.23184048810629,0.323,post-control
50000.0,80.0,0.0016,137.70192011277564,50.083457884743105,0.323,post-control
50000.0,80.0,0.0016,137.7729004839678,49.935075281379916,0.323,post-control
50000.0,80.0,0.0016,137.84388085515994,49.78669267801672,0.323,post-control
50000.0,80.0,0.0016,137.9148612263521,49.63831007465353,0.323,post-control
50000.0,80.0,0.0016,137.98584159754424,49.48992747129034,0.323,post-control
50000.0,80.0,0.0016,138.05682196873641,49.34154486792709,0.323,post-control
50000.0,80.0,0.0016,138.12780233992856,49.1931622645639,0.323,post-control
50000.0,80.0,0.0016,138.1987827111207,49.044779661200714,0.323,post-control
50000.0,80.0,0.0016,138.26976308231286,48.896397057837525,0.323,post-control
50000.0,80.0,0.0016,138.340743453505,48.74801445447433,0.323,post-control
50000.0,80.0,0.0016,138.3689998208413,48.688945260040335,0.323,post-control
50000.0,80.0,0.0016,138.41172382469716,48.60062707184056,0.323,post-control
50000.0,80.0,0.0016,138.4827041958893,48.45389789817537,0.323,post-control
50000.0,80.0,0.0016,138.55368456708146,48.30716872451018,0.323,post-control
50000.0,80.0,0.0016,138.6246649382736,48.160439550844984,0.323,post-control
50000.0,80.0,0.0016,138.69564530946576,48.01371037717979,0.323,post-control
50000.0,80.0,0.0016,138.76662568065794,47.86698120351454,0.323,post-control
50000.0,80.0,0.0016,138.8376060518501,47.72025202984935,0.323,post-control
50000.0,80.0,0.0016,138.90858642304224,47.573522856184155,0.323,post-control
50000.0,80.0,0.0016,138.9795667942344,47.42679368251896,0.323,post-control
50000.0,80.0,0.0016,139.05054716542654,47.28006450885376,0.323,post-control
50000.0,80.0,0.0016,139.1215275366187,47.13333533518857,0.323,post-control
50000.0,80.0,0.0016,139.19250790781084,46.986606161523376,0.323,post-control
50000.0,80.0,0.0016,139.26348827900298,46.83987698785818,0.323,post-control
50000.0,80.0,0.0016,139.33446865019513,46.69314781419299,0.323,post-control
50000.0,80.0,0.0016,139.3689998208413,46.62176568347844,0.323,post-control
50000.0,80.0,0.0016,139.40544902138728,46.547533627836806,0.323,post-control
50000.0,80.0,0.0016,139.47642939257946,46.4029757559253,0.323,post-control
50000.0,80.0,0.0016,139.5474097637716,46.258417884013845,0.323,post-control
50000.0,80.0,0.0016,139.61839013496376,46.11386001210239,0.323,post-control
50000.0,80.0,0.0016,139.6893705061559,45.96930214019094,0.323,post-control
50000.0,80.0,0.0016,139.76035087734806,45.82474426827949,0.323,post-control
50000.0,80.0,0.0016,139.8313312485402,45.68018639636803,0.323,post-control
50000.0,80.0,0.0016,139.90231161973236,45.53562852445658,0.323,post-control
50000.0,80.0,0.0016,139.9732919909245,45.391070652545125,0.323,post-control
50000.0,80.0,0.0016,140.04427236211666,45.24651278063367,0.323,post-control
50000.0,80.0,0.0016,140.1152527333088,45.10195490872222,0.323,post-control
50000.0,80.0,0.0016,140.18623310450099,44.95739703681071,0.323,post-control
50000.0,80.0,0.0016,140.25721347569313,44.81283916489926,0.323,post-control
50000.0,80.0,0.0016,140.32819384688528,44.66828129298781,0.323,post-control
50000.0,80.0,0.0016,140.3689998208413,44.58517627878059,0.323,post-control
50000.0,80.0,0.0016,140.39917421807743,44.52483974693445,0.323,post-control
50000.0,80.0,0.0016,140.47015458926958,44.38290785038745,0.323,post-control
50000.0,80.0,0.0016,140.54113496046173,44.24097595384044,0.323,post-control
50000.0,80.0,0.0016,140.61211533165388,44.09904405729343,0.323,post-control
50000.0,80.0,0.0016,140.68309570284603,43.957112160746426,0.323,post-control
50000.0,80.0,0.0016,140.75407607403818,43.81518026419942,0.323,post-control
50000.0,80.0,0.0016,140.82505644523036,43.673248367652356,0.323,post-control
50000.0,80.0,0.0016,140.8960368164225,43.53131647110535,0.323,post-control
50000.0,80.0,0.0016,140.96701718761466,43.38938457455834,0.323,post-control
50000.0,80.0,0.0016,141.0379975588068,43.24745267801134,0.323,post-control
50000.0,80.0,0.0016,141.10897792999896,43.105520781464335,0.323,post-control
50000.0,80.0,0.0016,141.1799583011911,42.96358888491733,0.323,post-control
50000.0,80.0,0.0016,141.25093867238326,42.82165698837032,0.323,post-control
50000.0,80.0,0.0016,141.3219190435754,42.679725091823315,0.323,post-control
50000.0,80.0,0.0016,141.3689998208413,42.58558267053099,0.323,post-control
50000.0,80.0,0.0016,141.39289941476756,42.538810229877065,0.323,post-control
50000.0,80.0,0.0016,141.4638797859597,42.399898865549126,0.323,post-control
50000.0,80.0,0.0016,141.53486015715188,42.26098750122114,0.323,post-control
50000.0,80.0,0.0016,141.60584052834403,42.1220761368932,0.323,post-control
50000.0,80.0,0.0016,141.67682089953618,41.98316477256526,0.323,post-control
50000.0,80.0,0.0016,141.74780127072833,41.84425340823732,0.323,post-control
50000.0,80.0,0.0016,141.81878164192048,41.70534204390938,0.323,post-control
50000.0,80.0,0.0016,141.88976201311263,41.566430679581444,0.323,post-control
50000.0,80.0,0.0016,141.96074238430478,41.42751931525351,0.323,post-control
50000.0,80.0,0.0016,142.03172275549693,41.288607950925574,0.323,post-control
50000.0,80.0,0.0016,142.10270312668908,41.149696586597635,0.323,post-control
50000.0,80.0,0.0016,142.17368349788123,41.010785222269696,0.323,post-control
50000.0,80.0,0.0016,142.2446638690734,40.87187385794171,0.323,post-control
50000.0,80.0,0.0016,142.31564424026556,40.73296249361377,0.323,post-control
50000.0,80.0,0.0016,142.3689998208413,40.628543534290166,0.323,post-control
50000.0,80.0,0.0016,142.3866246114577,40.59488454018462,0.323,post-control
50000.0,80.0,0.0016,142.45760498264985,40.45932957402557,0.323,post-control
50000.0,80.0,0.0016,142.528585353842,40.32377460786651,0.323,post-control
50000.0,80.0,0.0016,142.59956572503415,40.188219641707455,0.323,post-control
50000.0,80.0,0.0016,142.6705460962263,40.0526646755484,0.323,post-control
50000.0,80.0,0.0016,142.74152646741845,39.917109709389344,0.323,post-control
50000.0,80.0,0.0016,142.8125068386106,39.78155474323029,0.323,post-control
50000.0,80.0,0.0016,142.88348720980275,39.64599977707123,0.323,post-control
50000.0,80.0,0.0016,142.95446758099493,39.51044481091212,0.323,post-control
50000.0,80.0,0.0016,143.02544795218708,39.37488984475307,0.323,post-control
50000.0,80.0,0.0016,143.09642832337923,39.239334878594015,0.323,post-control
50000.0,80.0,0.0016,143.16740869457138,39.10377991243496,0.323,post-control
50000.0,80.0,0.0016,143.23838906576353,38.9682249462759,0.323,post-control
50000.0,80.0,0.0016,143.30936943695568,38.83266998011685,0.323,post-control
50000.0,80.0,0.0016,143.3689998208413,38.7187906845608,0.323,post-control
50000.0,80.0,0.0016,143.38034980814783,38.69769651561711,0.323,post-control
50000.0,80.0,0.0016,143.45133017933998,38.56577813534252,0.323,post-control
50000.0,80.0,0.0016,143.52231055053213,38.43385975506792,0.323,post-control
50000.0,80.0,0.0016,143.59329092172428,38.30194137479332,0.323,post-control
50000.0,80.0,0.0016,143.66427129291645,38.170022994518675,0.323,post-control
50000.0,80.0,0.0016,143.7352516641086,38.03810461424408,0.323,post-control
50000.0,80.0,0.0016,143.80623203530075,37.90618623396948,0.323,post-control
50000.0,80.0,0.0016,143.8772124064929,37.77426785369488,0.323,post-control
50000.0,80.0,0.0016,143.94819277768505,37.64234947342029,0.323,post-control
50000.0,80.0,0.0016,144.0191731488772,37.51043109314569,0.323,post-control
50000.0,80.0,0.0016,144.09015352006935,37.37851271287109,0.323,post-control
50000.0,80.0,0.0016,144.1611338912615,37.246594332596494,0.323,post-control
50000.0,80.0,0.0016,144.23211426245365,37.114675952321896,0.323,post-control
50000.0,80.0,0.0016,144.3030946336458,36.982757572047305,0.323,post-control
50000.0,80.0,0.0016,144.3689998208413,36.86027151850173,0.323,post-control
50000.0,80.0,0.0016,144.37407500483798,36.85111562053106,0.323,post-control
50000.0,80.0,0.0016,144.44505537603013,36.72306331011575,0.323,post-control
50000.0,80.0,0.0016,144.51603574722228,36.59501099970044,0.323,post-control
50000.0,80.0,0.0016,144.58701611841443,36.466958689285136,0.323,post-control
50000.0,80.0,0.0016,144.65799648960657,36.33890637886983,0.323,post-control
50000.0,80.0,0.0016,144.72897686079872,36.21085406845452,0.323,post-control
50000.0,80.0,0.0016,144.79995723199087,36.08280175803922,0.323,post-control
50000.0,80.0,0.0016,144.87093760318302,35.95474944762391,0.323,post-control
50000.0,80.0,0.0016,144.94191797437517,35.826697137208605,0.323,post-control
50000.0,80.0,0.0016,145.01289834556732,35.6986448267933,0.323,post-control
50000.0,80.0,0.0016,145.0838787167595,35.570592516377936,0.323,post-control
50000.0,80.0,0.0016,145.15485908795165,35.44254020596263,0.323,post-control
50000.0,80.0,0.0016,145.2258394591438,35.31448789554732,0.323,post-control
50000.0,80.0,0.0016,145.29681983033595,35.18643558513202,0.323,post-control
50000.0,80.0,0.0016,145.3678002015281,35.05838327471671,0.323,post-control
50000.0,80.0,0.0016,145.3689998208413,35.05621909859174,0.323,post-control
50000.0,80.0,0.0016,145.43878057272025,34.93431079079757,0.323,post-control
50000.0,80.0,0.0016,145.5097609439124,34.81030672512557,0.323,post-control
50000.0,80.0,0.0016,145.58074131510455,34.686302659453574,0.323,post-control
50000.0,80.0,0.0016,145.6517216862967,34.56229859378158,0.323,post-control
50000.0,80.0,0.0016,145.72270205748887,34.43829452810952,0.323,post-control
50000.0,80.0,0.0016,145.79368242868102,34.314290462437526,0.323,post-control
50000.0,80.0,0.0016,145.86466279987317,34.19028639676553,0.323,post-control
50000.0,80.0,0.0016,145.93564317106532,34.06628233109353,0.323,post-control
50000.0,80.0,0.0016,146.00662354225747,33.942278265421535,0.323,post-control
50000.0,80.0,0.0016,146.07760391344962,33.81827419974954,0.323,post-control
50000.0,80.0,0.0016,146.14858428464177,33.69427013407754,0.323,post-control
50000.0,80.0,0.0016,146.21956465583392,33.570266068405545,0.323,post-control
50000.0,80.0,0.0016,146.29054502702607,33.44626200273355,0.323,post-control
50000.0,80.0,0.0016,146.36152539821822,33.32225793706154,0.323,post-control
50000.0,80.0,0.0016,146.3689998208413,33.309199977822296,0.323,post-control
50000.0,80.0,0.0016,146.4325057694104,33.20199849146679,0.323,post-control
50000.0,80.0,0.0016,146.50348614060255,33.08217977423928,0.323,post-control
50000.0,80.0,0.0016,146.5744665117947,32.96236105701177,0.323,post-control
50000.0,80.0,0.0016,146.64544688298685,32.84254233978426,0.323,post-control
50000.0,80.0,0.0016,146.716427254179,32.72272362255675,0.323,post-control
50000.0,80.0,0.0016,146.78740762537115,32.60290490532924,0.323,post-control
50000.0,80.0,0.0016,146.8583879965633,32.48308618810174,0.323,post-control
50000.0,80.0,0.0016,146.92936836775544,32.36326747087423,0.323,post-control
50000.0,80.0,0.0016,147.0003487389476,32.24344875364672,0.323,post-control
50000.0,80.0,0.0016,147.07132911013974,32.12363003641921,0.323,post-control
50000.0,80.0,0.0016,147.14230948133192,32.00381131919165,0.323,post-control
50000.0,80.0,0.0016,147.21328985252407,31.88399260196414,0.323,post-control
50000.0,80.0,0.0016,147.28427022371622,31.764173884736632,0.323,post-control
50000.0,80.0,0.0016,147.35525059490837,31.644355167509126,0.323,post-control
50000.0,80.0,0.0016,147.3689998208413,31.62114572824462,0.323,post-control
50000.0,80.0,0.0016,147.42623096610052,31.52798904402404,0.323,post-control
50000.0,80.0,0.0016,147.49721133729267,31.41245237260049,0.323,post-control
50000.0,80.0,0.0016,147.56819170848482,31.296915701176943,0.323,post-control
50000.0,80.0,0.0016,147.63917207967697,31.181379029753394,0.323,post-control
50000.0,80.0,0.0016,147.71015245086912,31.065842358329842,0.323,post-control
50000.0,80.0,0.0016,147.78113282206127,30.950305686906294,0.323,post-control
50000.0,80.0,0.0016,147.85211319325344,30.8347690154827,0.323,post-control
50000.0,80.0,0.0016,147.9230935644456,30.71923234405915,0.323,post-control
50000.0,80.0,0.0016,147.99407393563774,30.603695672635602,0.323,post-control
50000.0,80.0,0.0016,148.0650543068299,30.48815900121205,0.323,post-control
50000.0,80.0,0.0016,148.13603467802204,30.372622329788502,0.323,post-control
50000.0,80.0,0.0016,148.2070150492142,30.257085658364954,0.323,post-control
50000.0,80.0,0.0016,148.27799542040634,30.141548986941405,0.323,post-control
50000.0,80.0,0.0016,148.3489757915985,30.026012315517853,0.323,post-control
50000.0,80.0,0.0016,148.3689998208413,29.993418661126555,0.323,post-control
50000.0,80.0,0.0016,148.41995616279064,29.913593972506884,0.323,post-control
50000.0,80.0,0.0016,148.4909365339828,29.802401021604798,0.323,post-control
50000.0,80.0,0.0016,148.56191690517497,29.691208070702665,0.323,post-control
50000.0,80.0,0.0016,148.63289727636712,29.580015119800578,0.323,post-control
50000.0,80.0,0.0016,148.70387764755927,29.46882216889849,0.323,post-control
50000.0,80.0,0.0016,148.77485801875142,29.357629217996404,0.323,post-control
50000.0,80.0,0.0016,148.84583838994357,29.246436267094317,0.323,post-control
50000.0,80.0,0.0016,148.91681876113572,29.13524331619223,0.323,post-control
50000.0,80.0,0.0016,148.98779913232786,29.024050365290144,0.323,post-control
50000.0,80.0,0.0016,149.05877950352001,28.912857414388057,0.323,post-control
50000.0,80.0,0.0016,149.12975987471216,28.801664463485967,0.323,post-control
50000.0,80.0,0.0016,149.2007402459043,28.69047151258388,0.323,post-control
50000.0,80.0,0.0016,149.2717206170965,28.57927856168175,0.323,post-control
50000.0,80.0,0.0016,149.34270098828864,28.468085610779664,0.323,post-control
50000.0,80.0,0.0016,149.3689998208413,28.426887674678497,0.323,post-control
50000.0,80.0,0.0016,149.4136813594808,28.35964582082415,0.323,post-control
50000.0,80.0,0.0016,149.48466173067294,28.252826496970055,0.323,post-control
50000.0,80.0,0.0016,149.5556421018651,28.14600717311596,0.323,post-control
50000.0,80.0,0.0016,149.62662247305724,28.039187849261868,0.323,post-control
50000.0,80.0,0.0016,149.6976028442494,27.93236852540777,0.323,post-control
50000.0,80.0,0.0016,149.76858321544154,27.825549201553677,0.323,post-control
50000.0,80.0,0.0016,149.8395635866337,27.718729877699584,0.323,post-control
50000.0,80.0,0.0016,149.91054395782584,27.61191055384549,0.323,post-control
50000.0,80.0,0.0016,149.98152432901801,27.505091229991354,0.323,post-control
50000.0,80.0,0.0016,150.05250470021016,27.398271906137257,0.323,post-control
50000.0,80.0,0.0016,150.1234850714023,27.291452582283164,0.323,post-control
50000.0,80.0,0.0016,150.19446544259446,27.18463325842907,0.323,post-control
50000.0,80.0,0.0016,150.2654458137866,27.077813934574976,0.323,post-control
50000.0,80.0,0.0016,150.33642618497876,26.970994610720883,0.323,post-control
50000.0,80.0,0.0016,150.3689998208413,26.921974104067182,0.323,post-control
50000.0,80.0,0.0016,150.4074065561709,26.86654156498285,0.323,post-control
50000.0,80.0,0.0016,150.47838692736306,26.764095414156365,0.323,post-control
50000.0,80.0,0.0016,150.5493672985552,26.66164926332988,0.323,post-control
50000.0,80.0,0.0016,150.6203476697474,26.559203112503354,0.323,post-control
50000.0,80.0,0.0016,150.69132804093954,26.45675696167687,0.323,post-control
50000.0,80.0,0.0016,150.7623084121317,26.354310810850386,0.323,post-control
50000.0,80.0,0.0016,150.83328878332384,26.2518646600239,0.323,post-control
50000.0,80.0,0.0016,150.904269154516,26.149418509197414,0.323,post-control
50000.0,80.0,0.0016,150.97524952570814,26.04697235837093,0.323,post-control
50000.0,80.0,0.0016,151.0462298969003,25.944526207544445,0.323,post-control
50000.0,80.0,0.0016,151.11721026809244,25.84208005671796,0.323,post-control
50000.0,80.0,0.0016,151.18819063928458,25.739633905891477,0.323,post-control
50000.0,80.0,0.0016,151.25917101047673,25.637187755064993,0.323,post-control
50000.0,80.0,0.0016,151.3301513816689,25.534741604238466,0.323,post-control
50000.0,80.0,0.0016,151.3689998208413,25.478671552870953,0.323,post-control
50000.0,80.0,0.0016,151.40113175286106,25.434263629631634,0.323,post-control
50000.0,80.0,0.0016,151.4721121240532,25.336165237245467,0.323,post-control
50000.0,80.0,0.0016,151.54309249524536,25.238066844859297,0.323,post-control
50000.0,80.0,0.0016,151.6140728664375,25.139968452473127,0.323,post-control
50000.0,80.0,0.0016,151.68505323762966,25.04187006008696,0.323,post-control
50000.0,80.0,0.0016,151.7560336088218,24.94377166770079,0.323,post-control
50000.0,80.0,0.0016,151.82701398001396,24.845673275314624,0.323,post-control
50000.0,80.0,0.0016,151.8979943512061,24.747574882928454,0.323,post-control
50000.0,80.0,0.0016,151.96897472239826,24.649476490542284,0.323,post-control
50000.0,80.0,0.0016,152.03995509359044,24.55137809815608,0.323,post-control
50000.0,80.0,0.0016,152.11093546478259,24.45327970576991,0.323,post-control
50000.0,80.0,0.0016,152.18191583597473,24.35518131338374,0.323,post-control
50000.0,80.0,0.0016,152.25289620716688,24.257082920997572,0.323,post-control
50000.0,80.0,0.0016,152.32387657835903,24.158984528611402,0.323,post-control
50000.0,80.0,0.0016,152.3689998208413,24.096621970168595,0.323,post-control
50000.0,80.0,0.0016,152.39485694955118,24.062452820793087,0.323,post-control
50000.0,80.0,0.0016,152.46583732074333,23.96865513222501,0.323,post-control
50000.0,80.0,0.0016,152.53681769193548,23.87485744365693,0.323,post-control
50000.0,80.0,0.0016,152.60779806312763,23.781059755088847,0.323,post-control
50000.0,80.0,0.0016,152.67877843431978,23.687262066520766,0.323,post-control
50000.0,80.0,0.0016,152.74975880551196,23.59346437795265,0.323,post-control
50000.0,80.0,0.0016,152.8207391767041,23.49966668938457,0.323,post-control
50000.0,80.0,0.0016,152.89171954789626,23.405869000816487,0.323,post-control
50000.0,80.0,0.0016,152.9626999190884,23.312071312248406,0.323,post-control
50000.0,80.0,0.0016,153.03368029028056,23.218273623680325,0.323,post-control
50000.0,80.0,0.0016,153.1046606614727,23.124475935112244,0.323,post-control
50000.0,80.0,0.0016,153.17564103266486,23.030678246544163,0.323,post-control
50000.0,80.0,0.0016,153.246621403857,22.936880557976085,0.323,post-control
50000.0,80.0,0.0016,153.31760177504916,22.843082869408004,0.323,post-control
50000.0,80.0,0.0016,153.3689998208413,22.7751624315285,0.323,post-control
50000.0,80.0,0.0016,153.3885821462413,22.750453877756414,0.323,post-control
50000.0,80.0,0.0016,153.45956251743348,22.660892383779547,0.323,post-control
50000.0,80.0,0.0016,153.53054288862563,22.57133088980272,0.323,post-control
50000.0,80.0,0.0016,153.60152325981778,22.48176939582589,0.323,post-control
50000.0,80.0,0.0016,153.67250363100993,22.39220790184906,0.323,post-control
50000.0,80.0,0.0016,153.74348400220208,22.30264640787223,0.323,post-control
50000.0,80.0,0.0016,153.81446437339423,22.2130849138954,0.323,post-control
50000.0,80.0,0.0016,153.88544474458638,22.123523419918573,0.323,post-control
50000.0,80.0,0.0016,153.95642511577853,22.033961925941743,0.323,post-control
50000.0,80.0,0.0016,154.02740548697068,21.944400431964915,0.323,post-control
50000.0,80.0,0.0016,154.09838585816283,21.854838937988085,0.323,post-control
50000.0,80.0,0.0016,154.169366229355,21.765277444011218,0.323,post-control
50000.0,80.0,0.0016,154.24034660054716,21.67571595003439,0.323,post-control
50000.0,80.0,0.0016,154.3113269717393,21.58615445605756,0.323,post-control
50000.0,80.0,0.0016,154.3689998208413,21.51338410503343,0.323,post-control
50000.0,80.0,0.0016,154.38230734293145,21.497371834687232,0.323,post-control
50000.0,80.0,0.0016,154.4532877141236,21.41196473296662,0.323,post-control
50000.0,80.0,0.0016,154.52426808531575,21.326557631246008,0.323,post-control
50000.0,80.0,0.0016,154.5952484565079,21.241150529525395,0.323,post-control
50000.0,80.0,0.0016,154.66622882770005,21.155743427804786,0.323,post-control
50000.0,80.0,0.0016,154.7372091988922,21.070336326084174,0.323,post-control
50000.0,80.0,0.0016,154.80818957008438,20.984929224363526,0.323,post-control
50000.0,80.0,0.0016,154.87916994127653,20.899522122642917,0.323,post-control
50000.0,80.0,0.0016,154.95015031246868,20.814115020922305,0.323,post-control
50000.0,80.0,0.0016,155.02113068366083,20.728707919201693,0.323,post-control
50000.0,80.0,0.0016,155.09211105485298,20.64330081748108,0.323,post-control
50000.0,80.0,0.0016,155.16309142604513,20.55789371576047,0.323,post-control
50000.0,80.0,0.0016,155.23407179723728,20.47248661403986,0.323,post-control
50000.0,80.0,0.0016,155.30505216842943,20.387079512319247,0.323,post-control
50000.0,80.0,0.0016,155.3689998208413,20.310134526506886,0.323,post-control
50000.0,80.0,0.0016,155.37603253962158,20.30207452146959,0.323,post-control
50000.0,80.0,0.0016,155.44701291081373,20.22072587562822,0.323,post-control
50000.0,80.0,0.0016,155.5179932820059,20.139377229786813,0.323,post-control
50000.0,80.0,0.0016,155.58897365319805,20.05802858394544,0.323,post-control
50000.0,80.0,0.0016,155.6599540243902,19.976679938104066,0.323,post-control
50000.0,80.0,0.0016,155.73093439558235,19.895331292262693,0.323,post-control
50000.0,80.0,0.0016,155.8019147667745,19.81398264642132,0.323,post-control
50000.0,80.0,0.0016,155.87289513796665,19.73263400057995,0.323,post-control
50000.0,80.0,0.0016,155.9438755091588,19.651285354738576,0.323,post-control
50000.0,80.0,0.0016,156.01485588035095,19.569936708897202,0.323,post-control
50000.0,80.0,0.0016,156.0858362515431,19.48858806305583,0.323,post-control
50000.0,80.0,0.0016,156.15681662273525,19.407239417214456,0.323,post-control
50000.0,80.0,0.0016,156.22779699392743,19.325890771373054,0.323,post-control
50000.0,80.0,0.0016,156.29877736511958,19.24454212553168,0.323,post-control
50000.0,80.0,0.0016,156.3689998208413,19.164062105708247,0.323,post-control
50000.0,80.0,0.0016,156.36975773631173,19.163235681951814,0.323,post-control
50000.0,80.0,0.0016,156.44073810750388,19.08583936628962,0.323,post-control
50000.0,80.0,0.0016,156.51171847869603,19.008443050627427,0.323,post-control
50000.0,80.0,0.0016,156.58269884988817,18.931046734965232,0.323,post-control
50000.0,80.0,0.0016,156.65367922108032,18.85365041930304,0.323,post-control
50000.0,80.0,0.0016,156.72465959227247,18.776254103640845,0.323,post-control
50000.0,80.0,0.0016,156.79563996346462,18.698857787978653,0.323,post-control
50000.0,80.0,0.0016,156.86662033465677,18.621461472316458,0.323,post-control
50000.0,80.0,0.0016,156.93760070584895,18.544065156654234,0.323,post-control
50000.0,80.0,0.0016,157.0085810770411,18.46666884099204,0.323,post-control
50000.0,80.0,0.0016,157.07956144823325,18.389272525329844,0.323,post-control
50000.0,80.0,0.0016,157.1505418194254,18.311876209667652,0.323,post-control
50000.0,80.0,0.0016,157.22152219061755,18.234479894005457,0.323,post-control
50000.0,80.0,0.0016,157.2925025618097,18.157083578343265,0.323,post-control
50000.0,80.0,0.0016,157.36348293300185,18.07968726268107,0.323,post-control
50000.0,80.0,0.0016,157.3689998208413,18.073671701117718,0.323,post-control
50000.0,80.0,0.0016,157.434463304194,18.005830603080277,0.323,post-control
50000.0,80.0,0.0016,157.50544367538615,17.932272245440835,0.323,post-control
50000.0,80.0,0.0016,157.5764240465783,17.858713887801393,0.323,post-control
50000.0,80.0,0.0016,157.64740441777047,17.78515553016192,0.323,post-control
50000.0,80.0,0.0016,157.71838478896262,17.711597172522477,0.323,post-control
50000.0,80.0,0.0016,157.78936516015477,17.638038814883036,0.323,post-control
50000.0,80.0,0.0016,157.86034553134692,17.564480457243594,0.323,post-control
50000.0,80.0,0.0016,157.93132590253907,17.490922099604152,0.323,post-control
50000.0,80.0,0.0016,158.00230627373122,17.41736374196471,0.323,post-control
50000.0,80.0,0.0016,158.07328664492337,17.343805384325268,0.323,post-control
50000.0,80.0,0.0016,158.14426701611552,17.270247026685826,0.323,post-control
50000.0,80.0,0.0016,158.21524738730767,17.196688669046384,0.323,post-control
50000.0,80.0,0.0016,158.28622775849982,17.123130311406943,0.323,post-control
50000.0,80.0,0.0016,158.357208129692,17.04957195376747,0.323,post-control
50000.0,80.0,0.0016,158.3689998208413,17.037351991823527,0.323,post-control
50000.0,80.0,0.0016,158.42818850088415,16.979112997127547,0.323,post-control
50000.0,80.0,0.0016,158.4991688720763,16.909271509559545,0.323,post-control
50000.0,80.0,0.0016,158.57014924326845,16.839430021991543,0.323,post-control
50000.0,80.0,0.0016,158.6411296144606,16.76958853442354,0.323,post-control
50000.0,80.0,0.0016,158.71210998565275,16.69974704685554,0.323,post-control
50000.0,80.0,0.0016,158.7830903568449,16.629905559287536,0.323,post-control
50000.0,80.0,0.0016,158.85407072803704,16.560064071719534,0.323,post-control
50000.0,80.0,0.0016,158.9250510992292,16.49022258415153,0.323,post-control
50000.0,80.0,0.0016,158.99603147042137,16.4203810965835,0.323,post-control
50000.0,80.0,0.0016,159.06701184161352,16.3505396090155,0.323,post-control
50000.0,80.0,0.0016,159.13799221280567,16.280698121447493,0.323,post-control
50000.0,80.0,0.0016,159.20897258399782,16.21085663387949,0.323,post-control
50000.0,80.0,0.0016,159.27995295518997,16.14101514631149,0.323,post-control
50000.0,80.0,0.0016,159.35093332638212,16.071173658743486,0.323,post-control
50000.0,80.0,0.0016,159.3689998208413,16.053397042096144,0.323,post-control
50000.0,80.0,0.0016,159.42191369757427,16.00400785101098,0.323,post-control
50000.0,80.0,0.0016,159.49289406876642,15.937755606183083,0.323,post-control
50000.0,80.0,0.0016,159.56387443995857,15.871503361355188,0.323,post-control
50000.0,80.0,0.0016,159.63485481115072,15.805251116527293,0.323,post-control
50000.0,80.0,0.0016,159.7058351823429,15.738998871699371,0.323,post-control
50000.0,80.0,0.0016,159.77681555353504,15.672746626871476,0.323,post-control
50000.0,80.0,0.0016,159.8477959247272,15.606494382043582,0.323,post-control
50000.0,80.0,0.0016,159.91877629591934,15.540242137215687,0.323,post-control
50000.0,80.0,0.0016,159.9897566671115,15.473989892387792,0.323,post-control
50000.0,80.0,0.0016,160.06073703830364,15.407737647559896,0.323,post-control
50000.0,80.0,0.0016,160.1317174094958,15.341485402732001,0.323,post-control
50000.0,80.0,0.0016,160.20269778068794,15.275233157904106,0.323,post-control
50000.0,80.0,0.0016,160.2736781518801,15.20898091307621,0.323,post-control
50000.0,80.0,0.0016,160.34465852307224,15.142728668248315,0.323,post-control
50000.0,80.0,0.0016,160.3689998208413,15.1200087867918,0.323,post-control
50000.0,80.0,0.0016,160.41563889426442,15.07874887145935,0.323,post-control
50000.0,80.0,0.0016,160.48661926545657,15.01595508310328,0.323,post-control
50000.0,80.0,0.0016,160.55759963664872,14.95316129474721,0.323,post-control
50000.0,80.0,0.0016,160.62858000784087,14.890367506391138,0.323,post-control
50000.0,80.0,0.0016,160.69956037903302,14.827573718035069,0.323,post-control
50000.0,80.0,0.0016,160.77054075022517,14.764779929678998,0.323,post-control
50000.0,80.0,0.0016,160.84152112141732,14.701986141322926,0.323,post-control
50000.0,80.0,0.0016,160.91250149260947,14.639192352966857,0.323,post-control
50000.0,80.0,0.0016,160.98348186380161,14.576398564610786,0.323,post-control
50000.0,80.0,0.0016,161.05446223499376,14.513604776254716,0.323,post-control
50000.0,80.0,0.0016,161.12544260618594,14.45081098789862,0.323,post-control
50000.0,80.0,0.0016,161.1964229773781,14.38801719954255,0.323,post-control
50000.0,80.0,0.0016,161.26740334857024,14.325223411186478,0.323,post-control
50000.0,80.0,0.0016,161.3383837197624,14.262429622830409,0.323,post-control
50000.0,80.0,0.0016,161.3689998208413,14.23534465639323,0.323,post-control
50000.0,80.0,0.0016,161.40936409095454,14.201527228857048,0.323,post-control
50000.0,80.0,0.0016,161.4803444621467,14.142059448254342,0.323,post-control
50000.0,80.0,0.0016,161.55132483333884,14.082591667651634,0.323,post-control
50000.0,80.0,0.0016,161.622305204531,14.023123887048929,0.323,post-control
50000.0,80.0,0.0016,161.69328557572314,13.963656106446223,0.323,post-control
50000.0,80.0,0.0016,161.7642659469153,13.904188325843515,0.323,post-control
50000.0,80.0,0.0016,161.83524631810747,13.844720545240785,0.323,post-control
50000.0,80.0,0.0016,161.90622668929961,13.785252764638079,0.323,post-control
50000.0,80.0,0.0016,161.97720706049176,13.725784984035373,0.323,post-control
50000.0,80.0,0.0016,162.0481874316839,13.666317203432666,0.323,post-control
50000.0,80.0,0.0016,162.11916780287606,13.60684942282996,0.323,post-control
50000.0,80.0,0.0016,162.1901481740682,13.547381642227254,0.323,post-control
50000.0,80.0,0.0016,162.26112854526036,13.487913861624548,0.323,post-control
50000.0,80.0,0.0016,162.3321089164525,13.428446081021841,0.323,post-control
50000.0,80.0,0.0016,162.3689998208413,13.397538660116847,0.323,post-control
50000.0,80.0,0.0016,162.40308928764466,13.370511611255992,0.323,post-control
50000.0,80.0,0.0016,162.4740696588368,13.314236458246464,0.323,post-control
50000.0,80.0,0.0016,162.545050030029,13.257961305236913,0.323,post-control
50000.0,80.0,0.0016,162.61603040122114,13.201686152227383,0.323,post-control
50000.0,80.0,0.0016,162.6870107724133,13.145410999217855,0.323,post-control
50000.0,80.0,0.0016,162.75799114360544,13.089135846208327,0.323,post-control
50000.0,80.0,0.0016,162.8289715147976,13.032860693198797,0.323,post-control
50000.0,80.0,0.0016,162.89995188598974,12.97658554018927,0.323,post-control
50000.0,80.0,0.0016,162.9709322571819,12.920310387179741,0.323,post-control
50000.0,80.0,0.0016,163.04191262837404,12.864035234170212,0.323,post-control
50000.0,80.0,0.0016,163.11289299956618,12.807760081160684,0.323,post-control
50000.0,80.0,0.0016,163.18387337075833,12.751484928151156,0.323,post-control
50000.0,80.0,0.0016,163.2548537419505,12.695209775141604,0.323,post-control
50000.0,80.0,0.0016,163.32583411314266,12.638934622132075,0.323,post-control
50000.0,80.0,0.0016,163.3689998208413,12.604711684653626,0.323,post-control
50000.0,80.0,0.0016,163.3968144843348,12.583858051322453,0.323,post-control
50000.0,80.0,0.0016,163.46779485552696,12.530641565892116,0.323,post-control
50000.0,80.0,0.0016,163.5387752267191,12.477425080461778,0.323,post-control
50000.0,80.0,0.0016,163.60975559791126,12.424208595031441,0.323,post-control
50000.0,80.0,0.0016,163.6807359691034,12.370992109601103,0.323,post-control
50000.0,80.0,0.0016,163.75171634029556,12.317775624170766,0.323,post-control
50000.0,80.0,0.0016,163.8226967114877,12.264559138740427,0.323,post-control
50000.0,80.0,0.0016,163.8936770826799,12.21134265331007,0.323,post-control
50000.0,80.0,0.0016,163.96465745387204,12.158126167879733,0.323,post-control
50000.0,80.0,0.0016,164.03563782506419,12.104909682449394,0.323,post-control
50000.0,80.0,0.0016,164.10661819625633,12.051693197019057,0.323,post-control
50000.0,80.0,0.0016,164.17759856744848,11.998476711588719,0.323,post-control
50000.0,80.0,0.0016,164.24857893864063,11.945260226158382,0.323,post-control
50000.0,80.0,0.0016,164.31955930983278,11.892043740728043,0.323,post-control
50000.0,80.0,0.0016,164.3689998208413,11.854976447481137,0.323,post-control
50000.0,80.0,0.0016,164.39053968102493,11.839714865853592,0.323,post-control
50000.0,80.0,0.0016,164.46152005221708,11.789423326369688,0.323,post-control
50000.0,80.0,0.0016,164.53250042340923,11.739131786885785,0.323,post-control
50000.0,80.0,0.0016,164.6034807946014,11.68884024740186,0.323,post-control
50000.0,80.0,0.0016,164.67446116579356,11.638548707917957,0.323,post-control
50000.0,80.0,0.0016,164.7454415369857,11.588257168434053,0.323,post-control
50000.0,80.0,0.0016,164.81642190817786,11.537965628950149,0.323,post-control
50000.0,80.0,0.0016,164.88740227937,11.487674089466246,0.323,post-control
50000.0,80.0,0.0016,164.95838265056216,11.437382549982342,0.323,post-control
50000.0,80.0,0.0016,165.0293630217543,11.387091010498438,0.323,post-control
50000.0,80.0,0.0016,165.10034339294646,11.336799471014533,0.323,post-control
50000.0,80.0,0.0016,165.1713237641386,11.28650793153063,0.323,post-control
50000.0,80.0,0.0016,165.24230413533076,11.236216392046726,0.323,post-control
50000.0,80.0,0.0016,165.31328450652293,11.185924852562803,0.323,post-control
50000.0,80.0,0.0016,165.3689998208413,11.146449024487524,0.323,post-control
50000.0,80.0,0.0016,165.38426487771508,11.136234139933643,0.323,post-control
50000.0,80.0,0.0016,165.45524524890723,11.08873636096597,0.323,post-control
50000.0,80.0,0.0016,165.52622562009938,11.0412385819983,0.323,post-control
50000.0,80.0,0.0016,165.59720599129153,10.993740803030628,0.323,post-control
50000.0,80.0,0.0016,165.66818636248368,10.946243024062957,0.323,post-control
50000.0,80.0,0.0016,165.73916673367583,10.898745245095284,0.323,post-control
50000.0,80.0,0.0016,165.81014710486798,10.851247466127614,0.323,post-control
50000.0,80.0,0.0016,165.88112747606013,10.803749687159941,0.323,post-control
50000.0,80.0,0.0016,165.95210784725228,10.756251908192269,0.323,post-control
50000.0,80.0,0.0016,166.02308821844446,10.708754129224578,0.323,post-control
50000.0,80.0,0.0016,166.0940685896366,10.661256350256908,0.323,post-control
50000.0,80.0,0.0016,166.16504896082876,10.613758571289235,0.323,post-control
50000.0,80.0,0.0016,166.2360293320209,10.566260792321563,0.323,post-control
50000.0,80.0,0.0016,166.30700970321305,10.518763013353892,0.323,post-control
50000.0,80.0,0.0016,166.3689998208413,10.477281222601965,0.323,post-control
50000.0,80.0,0.0016,166.3779900744052,10.471602748887488,0.323,post-control
50000.0,80.0,0.0016,166.44897044559735,10.426769733979299,0.323,post-control
50000.0,80.0,0.0016,166.5199508167895,10.38193671907111,0.323,post-control
50000.0,80.0,0.0016,166.59093118798165,10.33710370416292,0.323,post-control
50000.0,80.0,0.0016,166.6619115591738,10.292270689254732,0.323,post-control
50000.0,80.0,0.0016,166.73289193036598,10.247437674346525,0.323,post-control
50000.0,80.0,0.0016,166.80387230155813,10.202604659438336,0.323,post-control
50000.0,80.0,0.0016,166.87485267275028,10.157771644530147,0.323,post-control
50000.0,80.0,0.0016,166.94583304394243,10.112938629621958,0.323,post-control
50000.0,80.0,0.0016,167.01681341513458,10.068105614713769,0.323,post-control
50000.0,80.0,0.0016,167.08779378632673,10.02327259980558,0.323,post-control
50000.0,80.0,0.0016,167.15877415751888,9.97843958489739,0.323,post-control
50000.0,80.0,0.0016,167.22975452871103,9.933606569989202,0.323,post-control
50000.0,80.0,0.0016,167.30073489990318,9.888773555081013,0.323,post-control
50000.0,80.0,0.0016,167.3689998208413,9.845655687891496,0.323,post-control
50000.0,80.0,0.0016,167.37171527109533,9.844037642654007,0.323,post-control
50000.0,80.0,0.0016,167.4426956422875,9.801742833020544,0.323,post-control
50000.0,80.0,0.0016,167.51367601347965,9.759448023387101,0.323,post-control
50000.0,80.0,0.0016,167.5846563846718,9.717153213753656,0.323,post-control
50000.0,80.0,0.0016,167.65563675586395,9.674858404120211,0.323,post-control
50000.0,80.0,0.0016,167.7266171270561,9.632563594486767,0.323,post-control
50000.0,80.0,0.0016,167.79759749824825,9.590268784853322,0.323,post-control
50000.0,80.0,0.0016,167.8685778694404,9.547973975219879,0.323,post-control
50000.0,80.0,0.0016,167.93955824063255,9.505679165586434,0.323,post-control
50000.0,80.0,0.0016,168.0105386118247,9.46338435595299,0.323,post-control
50000.0,80.0,0.0016,168.08151898301685,9.421089546319545,0.323,post-control
50000.0,80.0,0.0016,168.15249935420903,9.378794736686084,0.323,post-control
50000.0,80.0,0.0016,168.22347972540118,9.336499927052639,0.323,post-control
50000.0,80.0,0.0016,168.29446009659333,9.294205117419194,0.323,post-control
50000.0,80.0,0.0016,168.36544046778548,9.25191030778575,0.323,post-control
50000.0,80.0,0.0016,168.3689998208413,9.24978940932627,0.323,post-control
50000.0,80.0,0.0016,168.43642083897763,9.211908640657143,0.323,post-control
50000.0,80.0,0.0016,168.50740121016977,9.172028035239078,0.323,post-control
50000.0,80.0,0.0016,168.57838158136192,9.132147429821012,0.323,post-control
50000.0,80.0,0.0016,168.64936195255407,9.092266824402946,0.323,post-control
50000.0,80.0,0.0016,168.72034232374622,9.052386218984882,0.323,post-control
50000.0,80.0,0.0016,168.7913226949384,9.0125056135668,0.323,post-control
50000.0,80.0,0.0016,168.86230306613055,8.972625008148734,0.323,post-control
50000.0,80.0,0.0016,168.9332834373227,8.93274440273067,0.323,post-control
50000.0,80.0,0.0016,169.00426380851485,8.892863797312604,0.323,post-control
50000.0,80.0,0.0016,169.075244179707,8.852983191894538,0.323,post-control
50000.0,80.0,0.0016,169.14622455089915,8.813102586476473,0.323,post-control
50000.0,80.0,0.0016,169.2172049220913,8.773221981058407,0.323,post-control
50000.0,80.0,0.0016,169.28818529328345,8.733341375640341,0.323,post-control
50000.0,80.0,0.0016,169.3591656644756,8.693460770222277,0.323,post-control
50000.0,80.0,0.0016,169.3689998208413,8.687935410139573,0.323,post-control
50000.0,80.0,0.0016,169.43014603566775,8.655556501202083,0.323,post-control
50000.0,80.0,0.0016,169.50112640685992,8.61797008670849,0.323,post-control
50000.0,80.0,0.0016,169.57210677805207,8.580383672214912,0.323,post-control
50000.0,80.0,0.0016,169.64308714924422,8.542797257721336,0.323,post-control
50000.0,80.0,0.0016,169.71406752043637,8.505210843227758,0.323,post-control
50000.0,80.0,0.0016,169.78504789162852,8.46762442873418,0.323,post-control
50000.0,80.0,0.0016,169.85602826282067,8.430038014240601,0.323,post-control
50000.0,80.0,0.0016,169.92700863401282,8.392451599747023,0.323,post-control
50000.0,80.0,0.0016,169.99798900520497,8.354865185253445,0.323,post-control
50000.0,80.0,0.0016,170.06896937639712,8.317278770759868,0.323,post-control
50000.0,80.0,0.0016,170.13994974758927,8.27969235626629,0.323,post-control
50000.0,80.0,0.0016,170.21093011878145,8.242105941772698,0.323,post-control
50000.0,80.0,0.0016,170.2819104899736,8.20451952727912,0.323,post-control
50000.0,80.0,0.0016,170.35289086116575,8.166933112785541,0.323,post-control
50000.0,80.0,0.0016,170.3689998208413,8.15840289484984,0.323,post-control
50000.0,80.0,0.0016,170.4238712323579,8.131030607283893,0.323,post-control
50000.0,80.0,0.0016,170.49485160355005,8.095622457974269,0.323,post-control
50000.0,80.0,0.0016,170.5658319747422,8.060214308664646,0.323,post-control
50000.0,80.0,0.0016,170.63681234593435,8.024806159355022,0.323,post-control
50000.0,80.0,0.0016,170.7077927171265,7.989398010045399,0.323,post-control
50000.0,80.0,0.0016,170.77877308831864,7.953989860735775,0.323,post-control
50000.0,80.0,0.0016,170.8497534595108,7.918581711426151,0.323,post-control
50000.0,80.0,0.0016,170.92073383070297,7.8831735621165135,0.323,post-control
50000.0,80.0,0.0016,170.99171420189512,7.84776541280689,0.323,post-control
50000.0,80.0,0.0016,171.06269457308727,7.812357263497266,0.323,post-control
50000.0,80.0,0.0016,171.13367494427942,7.776949114187643,0.323,post-control
50000.0,80.0,0.0016,171.20465531547157,7.741540964878019,0.323,post-control
50000.0,80.0,0.0016,171.27563568666372,7.706132815568395,0.323,post-control
50000.0,80.0,0.0016,171.34661605785587,7.670724666258772,0.323,post-control
50000.0,80.0,0.0016,171.3689998208413,7.659558655027945,0.323,post-control
50000.0,80.0,0.0016,171.41759642904802,7.636730987640429,0.323,post-control
50000.0,80.0,0.0016,171.48857680024017,7.603388819032185,0.323,post-control
50000.0,80.0,0.0016,171.55955717143232,7.570046650423941,0.323,post-control
50000.0,80.0,0.0016,171.6305375426245,7.536704481815684,0.323,post-control
50000.0,80.0,0.0016,171.70151791381664,7.50336231320744,0.323,post-control
50000.0,80.0,0.0016,171.7724982850088,7.470020144599196,0.323,post-control
50000.0,80.0,0.0016,171.84347865620094,7.436677975990952,0.323,post-control
50000.0,80.0,0.0016,171.9144590273931,7.403335807382707,0.323,post-control
50000.0,80.0,0.0016,171.98543939858524,7.369993638774463,0.323,post-control
50000.0,80.0,0.0016,172.0564197697774,7.336651470166219,0.323,post-control
50000.0,80.0,0.0016,172.12740014096954,7.303309301557975,0.323,post-control
50000.0,80.0,0.0016,172.1983805121617,7.269967132949731,0.323,post-control
50000.0,80.0,0.0016,172.26936088335384,7.236624964341487,0.323,post-control
50000.0,80.0,0.0016,172.34034125454602,7.203282795733229,0.323,post-control
50000.0,80.0,0.0016,172.3689998208413,7.189820781750498,0.323,post-control
50000.0,80.0,0.0016,172.41132162573817,7.171107693701244,0.323,post-control
50000.0,80.0,0.0016,172.48230199693032,7.1397228806214486,0.323,post-control
50000.0,80.0,0.0016,172.55328236812247,7.108338067541653,0.323,post-control
50000.0,80.0,0.0016,172.62426273931462,7.076953254461857,0.323,post-control
50000.0,80.0,0.0016,172.69524311050677,7.045568441382063,0.323,post-control
50000.0,80.0,0.0016,172.76622348169892,7.014183628302267,0.323,post-control
50000.0,80.0,0.0016,172.83720385289107,6.982798815222472,0.323,post-control
50000.0,80.0,0.0016,172.90818422408321,6.951414002142677,0.323,post-control
50000.0,80.0,0.0016,172.9791645952754,6.920029189062869,0.323,post-control
50000.0,80.0,0.0016,173.05014496646754,6.888644375983073,0.323,post-control
50000.0,80.0,0.0016,173.1211253376597,6.857259562903278,0.323,post-control
50000.0,80.0,0.0016,173.19210570885184,6.825874749823482,0.323,post-control
50000.0,80.0,0.0016,173.263086080044,6.7944899367436875,0.323,post-control
50000.0,80.0,0.0016,173.33406645123614,6.763105123663892,0.323,post-control
50000.0,80.0,0.0016,173.3689998208413,6.74765891991923,0.323,post-control
50000.0,80.0,0.0016,173.4050468224283,6.732661286645623,0.323,post-control
50000.0,80.0,0.0016,173.47602719362044,6.703129355281075,0.323,post-control
50000.0,80.0,0.0016,173.5470075648126,6.6735974239165285,0.323,post-control
50000.0,80.0,0.0016,173.61798793600474,6.644065492551982,0.323,post-control
50000.0,80.0,0.0016,173.68896830719692,6.614533561187423,0.323,post-control
50000.0,80.0,0.0016,173.75994867838907,6.585001629822877,0.323,post-control
50000.0,80.0,0.0016,173.83092904958121,6.55546969845833,0.323,post-control
50000.0,80.0,0.0016,173.90190942077336,6.525937767093783,0.323,post-control
50000.0,80.0,0.0016,173.9728897919655,6.496405835729236,0.323,post-control
50000.0,80.0,0.0016,174.04387016315766,6.466873904364689,0.323,post-control
50000.0,80.0,0.0016,174.1148505343498,6.437341973000142,0.323,post-control
50000.0,80.0,0.0016,174.18583090554196,6.407810041635595,0.323,post-control
50000.0,80.0,0.0016,174.2568112767341,6.378278110271048,0.323,post-control
50000.0,80.0,0.0016,174.32779164792626,6.348746178906501,0.323,post-control
50000.0,80.0,0.0016,174.3689998208413,6.331601200460401,0.323,post-control
50000.0,80.0,0.0016,174.39877201911844,6.319949656689244,0.323,post-control
50000.0,80.0,0.0016,174.4697523903106,6.292171025963354,0.323,post-control
50000.0,80.0,0.0016,174.54073276150274,6.264392395237464,0.323,post-control
50000.0,80.0,0.0016,174.6117131326949,6.236613764511574,0.323,post-control
50000.0,80.0,0.0016,174.68269350388704,6.208835133785684,0.323,post-control
50000.0,80.0,0.0016,174.7536738750792,6.1810565030597955,0.323,post-control
50000.0,80.0,0.0016,174.82465424627134,6.153277872333906,0.323,post-control
50000.0,80.0,0.0016,174.8956346174635,6.125499241608016,0.323,post-control
50000.0,80.0,0.0016,174.96661498865564,6.097720610882126,0.323,post-control
50000.0,80.0,0.0016,175.03759535984778,6.069941980156236,0.323,post-control
50000.0,80.0,0.0016,175.10857573103996,6.042163349430336,0.323,post-control
50000.0,80.0,0.0016,175.1795561022321,6.014384718704446,0.323,post-control
50000.0,80.0,0.0016,175.25053647342426,5.986606087978556,0.323,post-control
50000.0,80.0,0.0016,175.3215168446164,5.958827457252666,0.323,post-control
50000.0,80.0,0.0016,175.3689998208413,5.940244685140261,0.323,post-control
50000.0,80.0,0.0016,175.39249721580856,5.931597601153587,0.323,post-control
50000.0,80.0,0.0016,175.4634775870007,5.905476695752832,0.323,post-control
50000.0,80.0,0.0016,175.53445795819286,5.879355790352077,0.323,post-control
50000.0,80.0,0.0016,175.605438329385,5.853234884951321,0.323,post-control
50000.0,80.0,0.0016,175.67641870057716,5.827113979550565,0.323,post-control
50000.0,80.0,0.0016,175.7473990717693,5.800993074149809,0.323,post-control
50000.0,80.0,0.0016,175.8183794429615,5.774872168749043,0.323,post-control
50000.0,80.0,0.0016,175.88935981415364,5.748751263348288,0.323,post-control
50000.0,80.0,0.0016,175.96034018534579,5.722630357947532,0.323,post-control
50000.0,80.0,0.0016,176.03132055653793,5.696509452546776,0.323,post-control
50000.0,80.0,0.0016,176.10230092773008,5.67038854714602,0.323,post-control
50000.0,80.0,0.0016,176.17328129892223,5.644267641745264,0.323,post-control
50000.0,80.0,0.0016,176.24426167011438,5.618146736344508,0.323,post-control
50000.0,80.0,0.0016,176.31524204130653,5.592025830943753,0.323,post-control
50000.0,80.0,0.0016,176.3689998208413,5.572242870525283,0.323,post-control
50000.0,80.0,0.0016,176.38622241249868,5.566284900103989,0.323,post-control
50000.0,80.0,0.0016,176.45720278369083,5.5417300038103035,0.323,post-control
50000.0,80.0,0.0016,176.528183154883,5.517175107516608,0.323,post-control
50000.0,80.0,0.0016,176.59916352607516,5.492620211222922,0.323,post-control
50000.0,80.0,0.0016,176.6701438972673,5.468065314929237,0.323,post-control
50000.0,80.0,0.0016,176.74112426845946,5.44351041863555,0.323,post-control
50000.0,80.0,0.0016,176.8121046396516,5.418955522341864,0.323,post-control
50000.0,80.0,0.0016,176.88308501084376,5.394400626048179,0.323,post-control
50000.0,80.0,0.0016,176.9540653820359,5.369845729754493,0.323,post-control
50000.0,80.0,0.0016,177.02504575322806,5.345290833460807,0.323,post-control
50000.0,80.0,0.0016,177.0960261244202,5.320735937167122,0.323,post-control
50000.0,80.0,0.0016,177.16700649561238,5.296181040873426,0.323,post-control
50000.0,80.0,0.0016,177.23798686680453,5.27162614457974,0.323,post-control
50000.0,80.0,0.0016,177.30896723799668,5.247071248286054,0.323,post-control
50000.0,80.0,0.0016,177.3689998208413,5.2263036216699374,0.323,post-control
50000.0,80.0,0.0016,177.37994760918883,5.222744344553403,0.323,post-control
50000.0,80.0,0.0016,177.45092798038098,5.199667646056168,0.323,post-control
50000.0,80.0,0.0016,177.52190835157313,5.176590947558933,0.323,post-control
50000.0,80.0,0.0016,177.59288872276528,5.153514249061697,0.323,post-control
50000.0,80.0,0.0016,177.66386909395743,5.130437550564462,0.323,post-control
50000.0,80.0,0.0016,177.73484946514958,5.1073608520672265,0.323,post-control
50000.0,80.0,0.0016,177.80582983634173,5.084284153569992,0.323,post-control
50000.0,80.0,0.0016,177.8768102075339,5.061207455072747,0.323,post-control
50000.0,80.0,0.0016,177.94779057872606,5.038130756575511,0.323,post-control
50000.0,80.0,0.0016,178.0187709499182,5.015054058078276,0.323,post-control
50000.0,80.0,0.0016,178.08975132111036,4.991977359581041,0.323,post-control
50000.0,80.0,0.0016,178.1607316923025,4.968900661083805,0.323,post-control
50000.0,80.0,0.0016,178.23171206349465,4.94582396258657,0.323,post-control
50000.0,80.0,0.0016,178.3026924346868,4.922747264089335,0.323,post-control
50000.0,80.0,0.0016,178.3689998208413,4.901189817534356,0.323,post-control
50000.0,80.0,0.0016,178.37367280587895,4.899762402315064,0.323,post-control
50000.0,80.0,0.0016,178.4446531770711,4.878080658997997,0.323,post-control
50000.0,80.0,0.0016,178.51563354826325,4.85639891568093,0.323,post-control
50000.0,80.0,0.0016,178.58661391945543,4.834717172363853,0.323,post-control
50000.0,80.0,0.0016,178.65759429064758,4.813035429046787,0.323,post-control
50000.0,80.0,0.0016,178.72857466183973,4.791353685729719,0.323,post-control
50000.0,80.0,0.0016,178.79955503303188,4.769671942412653,0.323,post-control
50000.0,80.0,0.0016,178.87053540422403,4.747990199095585,0.323,post-control
50000.0,80.0,0.0016,178.94151577541618,4.7263084557785175,0.323,post-control
50000.0,80.0,0.0016,179.01249614660833,4.704626712461451,0.323,post-control
50000.0,80.0,0.0016,179.08347651780048,4.682944969144383,0.323,post-control
50000.0,80.0,0.0016,179.15445688899263,4.661263225827316,0.323,post-control
50000.0,80.0,0.0016,179.22543726018478,4.639581482510249,0.323,post-control
50000.0,80.0,0.0016,179.29641763137695,4.617899739193174,0.323,post-control
50000.0,80.0,0.0016,179.3673980025691,4.596217995876106,0.323,post-control
50000.0,80.0,0.0016,179.3689998208413,4.595728702680885,0.323,post-control
50000.0,80.0,0.0016,179.43837837376125,4.57582249901338,0.323,post-control
50000.0,80.0,0.0016,179.5093587449534,4.555456699124522,0.323,post-control
50000.0,80.0,0.0016,179.58033911614555,4.535090899235665,0.323,post-control
50000.0,80.0,0.0016,179.6513194873377,4.5147250993468075,0.323,post-control
50000.0,80.0,0.0016,179.72229985852985,4.49435929945795,0.323,post-control
50000.0,80.0,0.0016,179.793280229722,4.473993499569093,0.323,post-control
50000.0,80.0,0.0016,179.86426060091415,4.4536276996802355,0.323,post-control
50000.0,80.0,0.0016,179.9352409721063,4.433261899791377,0.323,post-control
50000.0,80.0,0.0016,180.00622134329848,4.412896099902512,0.323,post-control
50000.0,80.0,0.0016,180.07720171449063,4.392530300013655,0.323,post-control
50000.0,80.0,0.0016,180.14818208568278,4.372164500124797,0.323,post-control
50000.0,80.0,0.0016,180.21916245687493,4.35179870023594,0.323,post-control
50000.0,80.0,0.0016,180.29014282806708,4.331432900347083,0.323,post-control
50000.0,80.0,0.0016,180.36112319925923,4.311067100458225,0.323,post-control
50000.0,80.0,0.0016,180.3689998208413,4.308807127789066,0.323,post-control
50000.0,80.0,0.0016,180.43210357045137,4.291804127878893,0.323,post-control
50000.0,80.0,0.0016,180.50308394164352,4.27267881040629,0.323,post-control
50000.0,80.0,0.0016,180.57406431283567,4.253553492933686,0.323,post-control
50000.0,80.0,0.0016,180.64504468402782,4.234428175461082,0.323,post-control
50000.0,80.0,0.0016,180.71602505522,4.215302857988472,0.323,post-control
50000.0,80.0,0.0016,180.78700542641215,4.196177540515868,0.323,post-control
50000.0,80.0,0.0016,180.8579857976043,4.1770522230432645,0.323,post-control
50000.0,80.0,0.0016,180.92896616879645,4.157926905570661,0.323,post-control
50000.0,80.0,0.0016,180.9999465399886,4.138801588098058,0.323,post-control
50000.0,80.0,0.0016,181.07092691118075,4.119676270625455,0.323,post-control
50000.0,80.0,0.0016,181.1419072823729,4.100550953152851,0.323,post-control
50000.0,80.0,0.0016,181.21288765356505,4.081425635680247,0.323,post-control
50000.0,80.0,0.0016,181.2838680247572,4.062300318207644,0.323,post-control
50000.0,80.0,0.0016,181.35484839594935,4.04317500073504,0.323,post-control
50000.0,80.0,0.0016,181.3689998208413,4.039361967790822,0.323,post-control
50000.0,80.0,0.0016,181.42582876714152,4.024985260769851,0.323,post-control
50000.0,80.0,0.0016,181.49680913833367,4.007028496351267,0.323,post-control
50000.0,80.0,0.0016,181.56778950952582,3.9890717319326825,0.323,post-control
50000.0,80.0,0.0016,181.63876988071797,3.971114967514098,0.323,post-control
50000.0,80.0,0.0016,181.70975025191012,3.9531582030955144,0.323,post-control
50000.0,80.0,0.0016,181.78073062310227,3.93520143867693,0.323,post-control
50000.0,80.0,0.0016,181.85171099429442,3.9172446742583458,0.323,post-control
50000.0,80.0,0.0016,181.92269136548657,3.899287909839762,0.323,post-control
50000.0,80.0,0.0016,181.99367173667872,3.8813311454211776,0.323,post-control
50000.0,80.0,0.0016,182.0646521078709,3.8633743810025862,0.323,post-control
50000.0,80.0,0.0016,182.13563247906305,3.845417616584002,0.323,post-control
50000.0,80.0,0.0016,182.2066128502552,3.827460852165418,0.323,post-control
50000.0,80.0,0.0016,182.27759322144735,3.809504087746834,0.323,post-control
50000.0,80.0,0.0016,182.3485735926395,3.7915473233282495,0.323,post-control
50000.0,80.0,0.0016,182.3689998208413,3.7863798529188983,0.323,post-control
50000.0,80.0,0.0016,182.41955396383165,3.774374193508485,0.323,post-control
50000.0,80.0,0.0016,182.4905343350238,3.7575176885624795,0.323,post-control
50000.0,80.0,0.0016,182.56151470621595,3.7406611836164743,0.323,post-control
50000.0,80.0,0.0016,182.6324950774081,3.7238046786704686,0.323,post-control
50000.0,80.0,0.0016,182.70347544860024,3.7069481737244634,0.323,post-control
50000.0,80.0,0.0016,182.77445581979242,3.690091668778451,0.323,post-control
50000.0,80.0,0.0016,182.84543619098457,3.673235163832446,0.323,post-control
50000.0,80.0,0.0016,182.91641656217672,3.65637865888644,0.323,post-control
50000.0,80.0,0.0016,182.98739693336887,3.639522153940435,0.323,post-control
50000.0,80.0,0.0016,183.05837730456102,3.6226656489944293,0.323,post-control
50000.0,80.0,0.0016,183.12935767575317,3.605809144048424,0.323,post-control
50000.0,80.0,0.0016,183.20033804694532,3.588952639102419,0.323,post-control
50000.0,80.0,0.0016,183.27131841813747,3.5720961341564132,0.323,post-control
50000.0,80.0,0.0016,183.34229878932962,3.555239629210408,0.323,post-control
50000.0,80.0,0.0016,183.3689998208413,3.5488986357472734,0.323,post-control
50000.0,80.0,0.0016,183.41327916052177,3.5390294593146066,0.323,post-control
50000.0,80.0,0.0016,183.48425953171395,3.5232090380615553,0.323,post-control
50000.0,80.0,0.0016,183.5552399029061,3.50738861680851,0.323,post-control
50000.0,80.0,0.0016,183.62622027409824,3.491568195555465,0.323,post-control
50000.0,80.0,0.0016,183.6972006452904,3.47574777430242,0.323,post-control
50000.0,80.0,0.0016,183.76818101648254,3.4599273530493755,0.323,post-control
50000.0,80.0,0.0016,183.8391613876747,3.4441069317963304,0.323,post-control
50000.0,80.0,0.0016,183.91014175886684,3.4282865105432854,0.323,post-control
50000.0,80.0,0.0016,183.981122130059,3.4124660892902403,0.323,post-control
50000.0,80.0,0.0016,184.05210250125114,3.3966456680371953,0.323,post-control
50000.0,80.0,0.0016,184.1230828724433,3.3808252467841506,0.323,post-control
50000.0,80.0,0.0016,184.19406324363547,3.3650048255310994,0.323,post-control
50000.0,80.0,0.0016,184.26504361482762,3.3491844042780543,0.323,post-control
50000.0,80.0,0.0016,184.33602398601977,3.3333639830250092,0.323,post-control
50000.0,80.0,0.0016,184.3689998208413,3.326014182097153,0.323,post-control
50000.0,80.0,0.0016,184.40700435721192,3.3180657230381505,0.323,post-control
50000.0,80.0,0.0016,184.47798472840407,3.3032205327452897,0.323,post-control
50000.0,80.0,0.0016,184.54896509959622,3.2883753424524285,0.323,post-control
50000.0,80.0,0.0016,184.61994547078837,3.2735301521595677,0.323,post-control
50000.0,80.0,0.0016,184.69092584198052,3.258684961866707,0.323,post-control
50000.0,80.0,0.0016,184.76190621317267,3.243839771573846,0.323,post-control
50000.0,80.0,0.0016,184.83288658436481,3.228994581280985,0.323,post-control
50000.0,80.0,0.0016,184.903866955557,3.2141493909881182,0.323,post-control
50000.0,80.0,0.0016,184.97484732674914,3.1993042006952574,0.323,post-control
50000.0,80.0,0.0016,185.0458276979413,3.184459010402396,0.323,post-control
50000.0,80.0,0.0016,185.11680806913344,3.1696138201095354,0.323,post-control
50000.0,80.0,0.0016,185.1877884403256,3.1547686298166746,0.323,post-control
50000.0,80.0,0.0016,185.25876881151774,3.139923439523814,0.323,post-control
50000.0,80.0,0.0016,185.3297491827099,3.1250782492309526,0.323,post-control
50000.0,80.0,0.0016,185.3689998208413,3.1168691742093557,0.323,post-control
50000.0,80.0,0.0016,185.40072955390204,3.11064313472581,0.323,post-control
50000.0,80.0,0.0016,185.4717099250942,3.0967152963556224,0.323,post-control
50000.0,80.0,0.0016,185.54269029628634,3.082787457985434,0.323,post-control
50000.0,80.0,0.0016,185.61367066747852,3.0688596196152407,0.323,post-control
50000.0,80.0,0.0016,185.68465103867067,3.054931781245053,0.323,post-control
50000.0,80.0,0.0016,185.75563140986281,3.041003942874865,0.323,post-control
50000.0,80.0,0.0016,185.82661178105496,3.027076104504677,0.323,post-control
50000.0,80.0,0.0016,185.8975921522471,3.0131482661344893,0.323,post-control
50000.0,80.0,0.0016,185.96857252343926,2.999220427764301,0.323,post-control
50000.0,80.0,0.0016,186.0395528946314,2.9852925893941133,0.323,post-control
50000.0,80.0,0.0016,186.11053326582356,2.9713647510239256,0.323,post-control
50000.0,80.0,0.0016,186.1815136370157,2.9574369126537374,0.323,post-control
50000.0,80.0,0.0016,186.25249400820786,2.9435090742835497,0.323,post-control
50000.0,80.0,0.0016,186.32347437940004,2.929581235913356,0.323,post-control
50000.0,80.0,0.0016,186.3689998208413,2.9206481889388765,0.323,post-control
50000.0,80.0,0.0016,186.3944547505922,2.9159626871193276,0.323,post-control
50000.0,80.0,0.0016,186.46543512178434,2.9028972942218436,0.323,post-control
50000.0,80.0,0.0016,186.5364154929765,2.88983190132436,0.323,post-control
50000.0,80.0,0.0016,186.60739586416864,2.876766508426876,0.323,post-control
50000.0,80.0,0.0016,186.6783762353608,2.8637011155293925,0.323,post-control
50000.0,80.0,0.0016,186.74935660655294,2.850635722631909,0.323,post-control
50000.0,80.0,0.0016,186.8203369777451,2.837570329734425,0.323,post-control
50000.0,80.0,0.0016,186.89131734893724,2.8245049368369415,0.323,post-control
50000.0,80.0,0.0016,186.9622977201294,2.8114395439394526,0.323,post-control
50000.0,80.0,0.0016,187.03327809132156,2.7983741510419686,0.323,post-control
50000.0,80.0,0.0016,187.1042584625137,2.785308758144485,0.323,post-control
50000.0,80.0,0.0016,187.17523883370586,2.772243365247001,0.323,post-control
50000.0,80.0,0.0016,187.246219204898,2.7591779723495176,0.323,post-control
50000.0,80.0,0.0016,187.31719957609016,2.7461125794520336,0.323,post-control
50000.0,80.0,0.0016,187.3689998208413,2.736577682148842,0.323,post-control
50000.0,80.0,0.0016,187.3881799472823,2.733266229376778,0.323,post-control
50000.0,80.0,0.0016,187.45916031847446,2.721011453702102,0.323,post-control
50000.0,80.0,0.0016,187.5301406896666,2.708756678027426,0.323,post-control
50000.0,80.0,0.0016,187.60112106085876,2.69650190235275,0.323,post-control
50000.0,80.0,0.0016,187.67210143205094,2.6842471266780694,0.323,post-control
50000.0,80.0,0.0016,187.7430818032431,2.6719923510033934,0.323,post-control
50000.0,80.0,0.0016,187.81406217443524,2.6597375753287174,0.323,post-control
50000.0,80.0,0.0016,187.88504254562739,2.6474827996540413,0.323,post-control
50000.0,80.0,0.0016,187.95602291681953,2.6352280239793657,0.323,post-control
50000.0,80.0,0.0016,188.02700328801168,2.6229732483046897,0.323,post-control
50000.0,80.0,0.0016,188.09798365920383,2.6107184726300137,0.323,post-control
50000.0,80.0,0.0016,188.16896403039598,2.5984636969553376,0.323,post-control
50000.0,80.0,0.0016,188.23994440158813,2.586208921280662,0.323,post-control
50000.0,80.0,0.0016,188.31092477278028,2.573954145605986,0.323,post-control
50000.0,80.0,0.0016,188.3689998208413,2.563927476622285,0.323,post-control
50000.0,80.0,0.0016,188.38190514397246,2.5618379439258656,0.323,post-control
50000.0,80.0,0.0016,188.4528855151646,2.5503453369680456,0.323,post-control
50000.0,80.0,0.0016,188.52386588635676,2.538852730010225,0.323,post-control
50000.0,80.0,0.0016,188.5948462575489,2.527360123052405,0.323,post-control
50000.0,80.0,0.0016,188.66582662874106,2.515867516094585,0.323,post-control
50000.0,80.0,0.0016,188.7368069999332,2.504374909136765,0.323,post-control
50000.0,80.0,0.0016,188.80778737112536,2.492882302178945,0.323,post-control
50000.0,80.0,0.0016,188.8787677423175,2.4813896952211243,0.323,post-control
50000.0,80.0,0.0016,188.94974811350966,2.4698970882633042,0.323,post-control
50000.0,80.0,0.0016,189.0207284847018,2.458404481305484,0.323,post-control
50000.0,80.0,0.0016,189.09170885589398,2.446911874347659,0.323,post-control
50000.0,80.0,0.0016,189.16268922708613,2.435419267389839,0.323,post-control
50000.0,80.0,0.0016,189.23366959827828,2.423926660432019,0.323,post-control
50000.0,80.0,0.0016,189.30464996947043,2.412434053474199,0.323,post-control
50000.0,80.0,0.0016,189.3689998208413,2.402015010333418,0.323,post-control
50000.0,80.0,0.0016,189.37563034066258,2.4010083580656487,0.323,post-control
50000.0,80.0,0.0016,189.44661071185473,2.3902320458678554,0.323,post-control
50000.0,80.0,0.0016,189.51759108304688,2.3794557336700617,0.323,post-control
50000.0,80.0,0.0016,189.58857145423903,2.3686794214722684,0.323,post-control
50000.0,80.0,0.0016,189.65955182543118,2.3579031092744747,0.323,post-control
50000.0,80.0,0.0016,189.73053219662333,2.3471267970766814,0.323,post-control
50000.0,80.0,0.0016,189.8015125678155,2.336350484878883,0.323,post-control
50000.0,80.0,0.0016,189.87249293900766,2.32557417268109,0.323,post-control
50000.0,80.0,0.0016,189.9434733101998,2.314797860483296,0.323,post-control
50000.0,80.0,0.0016,190.01445368139196,2.304021548285503,0.323,post-control
50000.0,80.0,0.0016,190.0854340525841,2.293245236087709,0.323,post-control
50000.0,80.0,0.0016,190.15641442377625,2.2824689238899154,0.323,post-control
50000.0,80.0,0.0016,190.2273947949684,2.271692611692122,0.323,post-control
50000.0,80.0,0.0016,190.29837516616055,2.2609162994943284,0.323,post-control
50000.0,80.0,0.0016,190.3689998208413,2.250193992539341,0.323,post-control
50000.0,80.0,0.0016,190.3693555373527,2.2501433589217044,0.323,post-control
50000.0,80.0,0.0016,190.44033590854485,2.240039827430955,0.323,post-control
50000.0,80.0,0.0016,190.51131627973703,2.229936295940202,0.323,post-control
50000.0,80.0,0.0016,190.58229665092918,2.219832764449453,0.323,post-control
50000.0,80.0,0.0016,190.65327702212133,2.2097292329587037,0.323,post-control
50000.0,80.0,0.0016,190.72425739331348,2.1996257014679546,0.323,post-control
50000.0,80.0,0.0016,190.79523776450563,2.1895221699772054,0.323,post-control
50000.0,80.0,0.0016,190.86621813569778,2.1794186384864562,0.323,post-control
50000.0,80.0,0.0016,190.93719850688993,2.1693151069957075,0.323,post-control
50000.0,80.0,0.0016,191.00817887808208,2.1592115755049583,0.323,post-control
50000.0,80.0,0.0016,191.07915924927423,2.149108044014209,0.323,post-control
50000.0,80.0,0.0016,191.1501396204664,2.139004512523456,0.323,post-control
50000.0,80.0,0.0016,191.22111999165855,2.128900981032707,0.323,post-control
50000.0,80.0,0.0016,191.2921003628507,2.1187974495419577,0.323,post-control
50000.0,80.0,0.0016,191.36308073404285,2.1086939180512085,0.323,post-control
50000.0,80.0,0.0016,191.3689998208413,2.1078513797711143,0.323,post-control
50000.0,80.0,0.0016,191.434061105235,2.0991693413173533,0.323,post-control
50000.0,80.0,0.0016,191.50504147642715,2.089697436206728,0.323,post-control
50000.0,80.0,0.0016,191.5760218476193,2.080225531096103,0.323,post-control
50000.0,80.0,0.0016,191.64700221881145,2.070753625985478,0.323,post-control
50000.0,80.0,0.0016,191.7179825900036,2.061281720874853,0.323,post-control
50000.0,80.0,0.0016,191.78896296119575,2.0518098157642277,0.323,post-control
50000.0,80.0,0.0016,191.85994333238793,2.0423379106535986,0.323,post-control
50000.0,80.0,0.0016,191.93092370358008,2.0328660055429735,0.323,post-control
50000.0,80.0,0.0016,192.00190407477223,2.0233941004323484,0.323,post-control
50000.0,80.0,0.0016,192.07288444596438,2.013922195321723,0.323,post-control
50000.0,80.0,0.0016,192.14386481715653,2.0044502902110977,0.323,post-control
50000.0,80.0,0.0016,192.21484518834868,1.9949783851004725,0.323,post-control
50000.0,80.0,0.0016,192.28582555954083,1.9855064799898474,0.323,post-control
50000.0,80.0,0.0016,192.35680593073297,1.9760345748792223,0.323,post-control
50000.0,80.0,0.0016,192.3689998208413,1.9744073733290517,0.323,post-control
50000.0,80.0,0.0016,192.42778630192512,1.9670536934674845,0.323,post-control
50000.0,80.0,0.0016,192.49876667311727,1.9581746635174166,0.323,post-control
50000.0,80.0,0.0016,192.56974704430945,1.9492956335673453,0.323,post-control
50000.0,80.0,0.0016,192.6407274155016,1.9404166036172774,0.323,post-control
50000.0,80.0,0.0016,192.71170778669375,1.9315375736672096,0.323,post-control
50000.0,80.0,0.0016,192.7826881578859,1.922658543717142,0.323,post-control
50000.0,80.0,0.0016,192.85366852907805,1.9137795137670741,0.323,post-control
50000.0,80.0,0.0016,192.9246489002702,1.9049004838170063,0.323,post-control
50000.0,80.0,0.0016,192.99562927146235,1.8960214538669384,0.323,post-control
50000.0,80.0,0.0016,193.0666096426545,1.8871424239168706,0.323,post-control
50000.0,80.0,0.0016,193.13759001384665,1.878263393966803,0.323,post-control
50000.0,80.0,0.0016,193.2085703850388,1.8693843640167351,0.323,post-control
50000.0,80.0,0.0016,193.27955075623098,1.8605053340666637,0.323,post-control
50000.0,80.0,0.0016,193.35053112742312,1.851626304116596,0.323,post-control
50000.0,80.0,0.0016,193.3689998208413,1.8493160304558007,0.323,post-control
50000.0,80.0,0.0016,193.42151149861527,1.8431592085876953,0.323,post-control
50000.0,80.0,0.0016,193.49249186980742,1.8348369930332202,0.323,post-control
50000.0,80.0,0.0016,193.56347224099957,1.8265147774787451,0.323,post-control
50000.0,80.0,0.0016,193.63445261219172,1.81819256192427,0.323,post-control
50000.0,80.0,0.0016,193.70543298338387,1.809870346369795,0.323,post-control
50000.0,80.0,0.0016,193.77641335457602,1.8015481308153198,0.323,post-control
50000.0,80.0,0.0016,193.84739372576817,1.793225915260845,0.323,post-control
50000.0,80.0,0.0016,193.91837409696032,1.7849036997063699,0.323,post-control
50000.0,80.0,0.0016,193.9893544681525,1.7765814841518914,0.323,post-control
50000.0,80.0,0.0016,194.06033483934465,1.7682592685974163,0.323,post-control
50000.0,80.0,0.0016,194.1313152105368,1.7599370530429412,0.323,post-control
50000.0,80.0,0.0016,194.20229558172895,1.7516148374884661,0.323,post-control
50000.0,80.0,0.0016,194.2732759529211,1.743292621933991,0.323,post-control
50000.0,80.0,0.0016,194.34425632411325,1.734970406379516,0.323,post-control
50000.0,80.0,0.0016,194.3689998208413,1.7320693125998716,0.323,post-control
50000.0,80.0,0.0016,194.4152366953054,1.7269887335732494,0.323,post-control
50000.0,80.0,0.0016,194.48621706649755,1.7191893009913433,0.323,post-control
50000.0,80.0,0.0016,194.5571974376897,1.711389868409437,0.323,post-control
50000.0,80.0,0.0016,194.62817780888184,1.703590435827531,0.323,post-control
50000.0,80.0,0.0016,194.69915818007402,1.6957910032456216,0.323,post-control
50000.0,80.0,0.0016,194.77013855126617,1.6879915706637154,0.323,post-control
50000.0,80.0,0.0016,194.84111892245832,1.6801921380818092,0.323,post-control
50000.0,80.0,0.0016,194.91209929365047,1.672392705499903,0.323,post-control
50000.0,80.0,0.0016,194.98307966484262,1.6645932729179969,0.323,post-control
50000.0,80.0,0.0016,195.05406003603477,1.6567938403360907,0.323,post-control
50000.0,80.0,0.0016,195.12504040722692,1.6489944077541845,0.323,post-control
50000.0,80.0,0.0016,195.19602077841907,1.6411949751722783,0.323,post-control
50000.0,80.0,0.0016,195.26700114961122,1.6333955425903721,0.323,post-control
50000.0,80.0,0.0016,195.3379815208034,1.6255961100084628,0.323,post-control
50000.0,80.0,0.0016,195.3689998208413,1.6221877713947335,0.323,post-control
50000.0,80.0,0.0016,195.40896189199555,1.6180728508376439,0.323,post-control
50000.0,80.0,0.0016,195.4799422631877,1.6107639556744993,0.323,post-control
50000.0,80.0,0.0016,195.55092263437984,1.6034550605113544,0.323,post-control
50000.0,80.0,0.0016,195.621903005572,1.5961461653482099,0.323,post-control
50000.0,80.0,0.0016,195.69288337676414,1.5888372701850653,0.323,post-control
50000.0,80.0,0.0016,195.7638637479563,1.5815283750219207,0.323,post-control
50000.0,80.0,0.0016,195.83484411914844,1.574219479858776,0.323,post-control
50000.0,80.0,0.0016,195.9058244903406,1.5669105846956315,0.323,post-control
50000.0,80.0,0.0016,195.97680486153274,1.559601689532487,0.323,post-control
50000.0,80.0,0.0016,196.04778523272492,1.5522927943693392,0.323,post-control
50000.0,80.0,0.0016,196.11876560391707,1.5449838992061946,0.323,post-control
50000.0,80.0,0.0016,196.18974597510922,1.53767500404305,0.323,post-control
50000.0,80.0,0.0016,196.26072634630137,1.5303661088799054,0.323,post-control
50000.0,80.0,0.0016,196.33170671749352,1.5230572137167608,0.323,post-control
50000.0,80.0,0.0016,196.3689998208413,1.5192171185172096,0.323,post-control
50000.0,80.0,0.0016,196.40268708868567,1.5159666713404492,0.323,post-control
50000.0,80.0,0.0016,196.47366745987782,1.5091178539114753,0.323,post-control
50000.0,80.0,0.0016,196.54464783106997,1.5022690364825015,0.323,post-control
50000.0,80.0,0.0016,196.61562820226212,1.4954202190535277,0.323,post-control
50000.0,80.0,0.0016,196.68660857345427,1.488571401624554,0.323,post-control
50000.0,80.0,0.0016,196.75758894464644,1.4817225841955772,0.323,post-control
50000.0,80.0,0.0016,196.8285693158386,1.4748737667666034,0.323,post-control
50000.0,80.0,0.0016,196.89954968703074,1.4680249493376296,0.323,post-control
50000.0,80.0,0.0016,196.9705300582229,1.4611761319086558,0.323,post-control
50000.0,80.0,0.0016,197.04151042941504,1.454327314479682,0.323,post-control
50000.0,80.0,0.0016,197.1124908006072,1.4474784970507082,0.323,post-control
50000.0,80.0,0.0016,197.18347117179934,1.4406296796217344,0.323,post-control
50000.0,80.0,0.0016,197.2544515429915,1.4337808621927606,0.323,post-control
50000.0,80.0,0.0016,197.32543191418364,1.4269320447637868,0.323,post-control
50000.0,80.0,0.0016,197.3689998208413,1.4227282256874791,0.323,post-control
50000.0,80.0,0.0016,197.3964122853758,1.4202498427608934,0.323,post-control
50000.0,80.0,0.0016,197.46739265656797,1.413832450415008,0.323,post-control
50000.0,80.0,0.0016,197.53837302776012,1.4074150580691251,0.323,post-control
50000.0,80.0,0.0016,197.60935339895227,1.4009976657232426,0.323,post-control
50000.0,80.0,0.0016,197.68033377014441,1.3945802733773598,0.323,post-control
50000.0,80.0,0.0016,197.75131414133656,1.388162881031477,0.323,post-control
50000.0,80.0,0.0016,197.8222945125287,1.3817454886855942,0.323,post-control
50000.0,80.0,0.0016,197.89327488372086,1.3753280963397114,0.323,post-control
50000.0,80.0,0.0016,197.964255254913,1.3689107039938286,0.323,post-control
50000.0,80.0,0.0016,198.03523562610516,1.3624933116479458,0.323,post-control
50000.0,80.0,0.0016,198.1062159972973,1.356075919302063,0.323,post-control
50000.0,80.0,0.0016,198.1771963684895,1.3496585269561776,0.323,post-control
50000.0,80.0,0.0016,198.24817673968164,1.343241134610295,0.323,post-control
50000.0,80.0,0.0016,198.3191571108738,1.3368237422644123,0.323,post-control
50000.0,80.0,0.0016,198.3689998208413,1.3323174228401626,0.323,post-control
50000.0,80.0,0.0016,198.39013748206594,1.3305268906287495,0.323,post-control
50000.0,80.0,0.0016,198.4611178532581,1.324514274585423,0.323,post-control
50000.0,80.0,0.0016,198.53209822445024,1.3185016585420968,0.323,post-control
50000.0,80.0,0.0016,198.6030785956424,1.3124890424987703,0.323,post-control
50000.0,80.0,0.0016,198.67405896683454,1.3064764264554438,0.323,post-control
50000.0,80.0,0.0016,198.7450393380267,1.3004638104121173,0.323,post-control
50000.0,80.0,0.0016,198.81601970921884,1.2944511943687909,0.323,post-control
50000.0,80.0,0.0016,198.887000080411,1.288438578325462,0.323,post-control
50000.0,80.0,0.0016,198.95798045160316,1.2824259622821357,0.323,post-control
50000.0,80.0,0.0016,199.0289608227953,1.2764133462388092,0.323,post-control
50000.0,80.0,0.0016,199.09994119398746,1.2704007301954827,0.323,post-control
50000.0,80.0,0.0016,199.1709215651796,1.2643881141521562,0.323,post-control
50000.0,80.0,0.0016,199.24190193637176,1.2583754981088298,0.323,post-control
50000.0,80.0,0.0016,199.3128823075639,1.2523628820655033,0.323,post-control
50000.0,80.0,0.0016,199.3689998208413,1.247609271243578,0.323,post-control
50000.0,80.0,0.0016,199.38386267875606,1.2464297877271233,0.323,post-control
50000.0,80.0,0.0016,199.4548430499482,1.2407969425305152,0.323,post-control
50000.0,80.0,0.0016,199.52582342114036,1.235164097333907,0.323,post-control
50000.0,80.0,0.0016,199.59680379233254,1.2295312521372967,0.323,post-control
50000.0,80.0,0.0016,199.6677841635247,1.2238984069406886,0.323,post-control
50000.0,80.0,0.0016,199.73876453471684,1.2182655617440805,0.323,post-control
50000.0,80.0,0.0016,199.80974490590899,1.2126327165474722,0.323,post-control
50000.0,80.0,0.0016,199.88072527710113,1.206999871350864,0.323,post-control
50000.0,80.0,0.0016,199.95170564829328,1.201367026154256,0.323,post-control
50000.0,80.0,0.0016,200.02268601948543,1.1957341809576478,0.323,post-control
50000.0,80.0,0.0016,200.09366639067758,1.1901013357610397,0.323,post-control
50000.0,80.0,0.0016,200.16464676186973,1.1844684905644316,0.323,post-control
50000.0,80.0,0.0016,200.2356271330619,1.178835645367821,0.323,post-control
50000.0,80.0,0.0016,200.30660750425406,1.173202800171213,0.323,post-control
50000.0,80.0,0.0016,200.3689998208413,1.1682514839849063,0.323,post-control
50000.0,80.0,0.0016,200.3775878754462,1.1676130414621555,0.323,post-control
50000.0,80.0,0.0016,200.44856824663836,1.1623363065862666,0.323,post-control
50000.0,80.0,0.0016,200.5195486178305,1.157059571710378,0.323,post-control
50000.0,80.0,0.0016,200.59052898902266,1.1517828368344893,0.323,post-control
50000.0,80.0,0.0016,200.6615093602148,1.1465061019586005,0.323,post-control
50000.0,80.0,0.0016,200.73248973140696,1.1412293670827118,0.323,post-control
50000.0,80.0,0.0016,200.8034701025991,1.1359526322068232,0.323,post-control
50000.0,80.0,0.0016,200.87445047379126,1.1306758973309345,0.323,post-control
50000.0,80.0,0.0016,200.94543084498343,1.1253991624550437,0.323,post-control
50000.0,80.0,0.0016,201.01641121617558,1.1201224275791548,0.323,post-control
50000.0,80.0,0.0016,201.08739158736773,1.1148456927032662,0.323,post-control
50000.0,80.0,0.0016,201.15837195855988,1.1095689578273775,0.323,post-control
50000.0,80.0,0.0016,201.22935232975203,1.1042922229514889,0.323,post-control
50000.0,80.0,0.0016,201.30033270094418,1.0990154880756,0.323,post-control
50000.0,80.0,0.0016,201.3689998208413,1.093910722063499,0.323,post-control
50000.0,80.0,0.0016,201.37131307213633,1.0937496314117812,0.323,post-control
50000.0,80.0,0.0016,201.44229344332848,1.0888066862682384,0.323,post-control
50000.0,80.0,0.0016,201.51327381452063,1.0838637411246956,0.323,post-control
50000.0,80.0,0.0016,201.58425418571278,1.0789207959811529,0.323,post-control
50000.0,80.0,0.0016,201.65523455690496,1.073977850837608,0.323,post-control
50000.0,80.0,0.0016,201.7262149280971,1.0690349056940653,0.323,post-control
50000.0,80.0,0.0016,201.79719529928926,1.0640919605505226,0.323,post-control
50000.0,80.0,0.0016,201.8681756704814,1.0591490154069798,0.323,post-control
50000.0,80.0,0.0016,201.93915604167356,1.054206070263437,0.323,post-control
50000.0,80.0,0.0016,202.0101364128657,1.0492631251198943,0.323,post-control
50000.0,80.0,0.0016,202.08111678405785,1.0443201799763513,0.323,post-control
50000.0,80.0,0.0016,202.15209715525,1.0393772348328085,0.323,post-control
50000.0,80.0,0.0016,202.22307752644215,1.0344342896892658,0.323,post-control
50000.0,80.0,0.0016,202.2940578976343,1.029491344545723,0.323,post-control
50000.0,80.0,0.0016,202.36503826882648,1.0245483994021782,0.323,post-control
50000.0,80.0,0.0016,202.3689998208413,1.0242725240585628,0.323,post-control
50000.0,80.0,0.0016,202.43601864001863,1.0198097063243698,0.323,post-control
50000.0,80.0,0.0016,202.50699901121078,1.015083086798326,0.323,post-control
50000.0,80.0,0.0016,202.57797938240293,1.0103564672722822,0.323,post-control
50000.0,80.0,0.0016,202.64895975359508,1.0056298477462382,0.323,post-control
50000.0,80.0,0.0016,202.71994012478723,1.0009032282201944,0.323,post-control
50000.0,80.0,0.0016,202.73346019549047,1.0000029197390452,0.323,post-control
50000.0,80.0,0.0016,202.79092049597938,,0.323,post-control
50000.0,80.0,0.0016,202.86190086717153,,0.323,post-control
50000.0,80.0,0.0016,202.93288123836368,,0.323,post-control
50000.0,80.0,0.0016,203.00386160955583,,0.323,post-control
50000.0,80.0,0.0016,203.074841980748,,0.323,post-control
50000.0,80.0,0.0016,203.14582235194015,,0.323,post-control
50000.0,80.0,0.0016,203.2168027231323,,0.323,post-control
50000.0,80.0,0.0016,203.28778309432445,,0.323,post-control
50000.0,80.0,0.0016,203.3587634655166,,0.323,post-control
50000.0,80.0,0.0016,203.42974383670875,,0.323,post-control
50000.0,80.0,0.0016,203.5007242079009,,0.323,post-control
50000.0,80.0,0.0016,203.57170457909305,,0.323,post-control
50000.0,80.0,0.0016,203.6426849502852,,0.323,post-control
50000.0,80.0,0.0016,203.71366532147735,,0.323,post-control
50000.0,80.0,0.0016,203.78464569266953,,0.323,post-control
50000.0,80.0,0.0016,203.85562606386168,,0.323,post-control
50000.0,80.0,0.0016,203.92660643505383,,0.323,post-control
50000.0,80.0,0.0016,203.99758680624598,,0.323,post-control
50000.0,80.0,0.0016,204.06856717743813,,0.323,post-control
50000.0,80.0,0.0016,204.13954754863028,,0.323,post-control
50000.0,80.0,0.0016,204.21052791982243,,0.323,post-control
50000.0,80.0,0.0016,204.28150829101457,,0.323,post-control
50000.0,80.0,0.0016,204.35248866220672,,0.323,post-control
50000.0,80.0,0.0016,204.42346903339887,,0.323,post-control
50000.0,80.0,0.0016,204.49444940459105,,0.323,post-control
50000.0,80.0,0.0016,204.5654297757832,,0.323,post-control
50000.0,80.0,0.0016,204.63641014697535,,0.323,post-control
50000.0,80.0,0.0016,204.7073905181675,,0.323,post-control
50000.0,80.0,0.0016,204.77837088935965,,0.323,post-control
50000.0,80.0,0.0016,204.8493512605518,,0.323,post-control
50000.0,80.0,0.0016,204.92033163174395,,0.323,post-control
50000.0,80.0,0.0016,204.9913120029361,,0.323,post-control
50000.0,80.0,0.0016,205.06229237412825,,0.323,post-control
50000.0,80.0,0.0016,205.13327274532043,,0.323,post-control
50000.0,80.0,0.0016,205.20425311651258,,0.323,post-control
50000.0,80.0,0.0016,205.27523348770472,,0.323,post-control
50000.0,80.0,0.0016,205.34621385889687,,0.323,post-control
50000.0,80.0,0.0016,205.41719423008902,,0.323,post-control
50000.0,80.0,0.0016,205.48817460128117,,0.323,post-control
50000.0,80.0,0.0016,205.55915497247332,,0.323,post-control
50000.0,80.0,0.0016,205.63013534366547,,0.323,post-control
50000.0,80.0,0.0016,205.70111571485762,,0.323,post-control
50000.0,80.0,0.0016,205.77209608604977,,0.323,post-control
50000.0,80.0,0.0016,205.84307645724195,,0.323,post-control
50000.0,80.0,0.0016,205.9140568284341,,0.323,post-control
50000.0,80.0,0.0016,205.98503719962625,,0.323,post-control
50000.0,80.0,0.0016,206.0560175708184,,0.323,post-control
50000.0,80.0,0.0016,206.12699794201055,,0.323,post-control
50000.0,80.0,0.0016,206.1979783132027,,0.323,post-control
50000.0,80.0,0.0016,206.26895868439485,,0.323,post-control
50000.0,80.0,0.0016,206.339939055587,,0.323,post-control
50000.0,80.0,0.0016,206.41091942677915,,0.323,post-control
50000.0,80.0,0.0016,206.4818997979713,,0.323,post-control
50000.0,80.0,0.0016,206.55288016916347,,0.323,post-control
50000.0,80.0,0.0016,206.62386054035562,,0.323,post-control
50000.0,80.0,0.0016,206.69484091154777,,0.323,post-control
50000.0,80.0,0.0016,206.76582128273992,,0.323,post-control
50000.0,80.0,0.0016,206.83680165393207,,0.323,post-control
50000.0,80.0,0.0016,206.90778202512422,,0.323,post-control
50000.0,80.0,0.0016,206.97876239631637,,0.323,post-control
50000.0,80.0,0.0016,207.04974276750852,,0.323,post-control
50000.0,80.0,0.0016,207.12072313870067,,0.323,post-control
50000.0,80.0,0.0016,207.19170350989282,,0.323,post-control
50000.0,80.0,0.0016,207.262683881085,,0.323,post-control
50000.0,80.0,0.0016,207.33366425227715,,0.323,post-control
50000.0,80.0,0.0016,207.4046446234693,,0.323,post-control
50000.0,80.0,0.0016,207.47562499466144,,0.323,post-control
50000.0,80.0,0.0016,207.5466053658536,,0.323,post-control
50000.0,80.0,0.0016,207.61758573704574,,0.323,post-control
50000.0,80.0,0.0016,207.6885661082379,,0.323,post-control
50000.0,80.0,0.0016,207.75954647943004,,0.323,post-control
50000.0,80.0,0.0016,207.8305268506222,,0.323,post-control
50000.0,80.0,0.0016,207.90150722181434,,0.323,post-control
50000.0,80.0,0.0016,207.97248759300652,,0.323,post-control
50000.0,80.0,0.0016,208.04346796419867,,0.323,post-control
50000.0,80.0,0.0016,208.11444833539082,,0.323,post-control
50000.0,80.0,0.0016,208.18542870658297,,0.323,post-control
50000.0,80.0,0.0016,208.25640907777512,,0.323,post-control
50000.0,80.0,0.0016,208.32738944896727,,0.323,post-control
50000.0,80.0,0.0016,208.39836982015942,,0.323,post-control
50000.0,80.0,0.0016,208.46935019135157,,0.323,post-control
50000.0,80.0,0.0016,208.54033056254372,,0.323,post-control
50000.0,80.0,0.0016,208.61131093373587,,0.323,post-control
50000.0,80.0,0.0016,208.68229130492804,,0.323,post-control
50000.0,80.0,0.0016,208.7532716761202,,0.323,post-control
50000.0,80.0,0.0016,208.82425204731234,,0.323,post-control
50000.0,80.0,0.0016,208.8952324185045,,0.323,post-control
50000.0,80.0,0.0016,208.96621278969664,,0.323,post-control
50000.0,80.0,0.0016,209.0371931608888,,0.323,post-control
50000.0,80.0,0.0016,209.10817353208094,,0.323,post-control
50000.0,80.0,0.0016,209.1791539032731,,0.323,post-control
50000.0,80.0,0.0016,209.25013427446524,,0.323,post-control
50000.0,80.0,0.0016,209.32111464565742,,0.323,post-control
50000.0,80.0,0.0016,209.39209501684957,,0.323,post-control
50000.0,80.0,0.0016,209.46307538804172,,0.323,post-control
50000.0,80.0,0.0016,209.53405575923387,,0.323,post-control
50000.0,80.0,0.0016,209.60503613042602,,0.323,post-control
50000.0,80.0,0.0016,209.67601650161816,,0.323,post-control
50000.0,80.0,0.0016,209.7469968728103,,0.323,post-control
50000.0,80.0,0.0016,209.81797724400246,,0.323,post-control
50000.0,80.0,0.0016,209.8889576151946,,0.323,post-control
50000.0,80.0,0.0016,209.95993798638676,,0.323,post-control
50000.0,80.0,0.0016,210.03091835757894,,0.323,post-control
50000.0,80.0,0.0016,210.1018987287711,,0.323,post-control
50000.0,80.0,0.0016,210.17287909996324,,0.323,post-control
50000.0,80.0,0.0016,210.2438594711554,,0.323,post-control
50000.0,80.0,0.0016,210.31483984234754,,0.323,post-control
50000.0,80.0,0.0016,210.3858202135397,,0.323,post-control
50000.0,80.0,0.0016,210.45680058473184,,0.323,post-control
50000.0,80.0,0.0016,210.527780955924,,0.323,post-control
50000.0,80.0,0.0016,210.59876132711614,,0.323,post-control
50000.0,80.0,0.0016,210.6697416983083,,0.323,post-control
50000.0,80.0,0.0016,210.74072206950046,,0.323,post-control
50000.0,80.0,0.0016,210.8117024406926,,0.323,post-control
50000.0,80.0,0.0016,210.88268281188476,,0.323,post-control
50000.0,80.0,0.0016,210.9536631830769,,0.323,post-control
50000.0,80.0,0.0016,211.02464355426906,,0.323,post-control
50000.0,80.0,0.0016,211.0956239254612,,0.323,post-control
50000.0,80.0,0.0016,211.16660429665336,,0.323,post-control
50000.0,80.0,0.0016,211.2375846678455,,0.323,post-control
50000.0,80.0,0.0016,211.30856503903766,,0.323,post-control
50000.0,80.0,0.0016,211.3795454102298,,0.323,post-control
50000.0,80.0,0.0016,211.450525781422,,0.323,post-control
50000.0,80.0,0.0016,211.52150615261414,,0.323,post-control
50000.0,80.0,0.0016,211.5924865238063,,0.323,post-control
50000.0,80.0,0.0016,211.66346689499844,,0.323,post-control
50000.0,80.0,0.0016,211.73444726619059,,0.323,post-control
50000.0,80.0,0.0016,211.80542763738273,,0.323,post-control
50000.0,80.0,0.0016,211.87640800857488,,0.323,post-control
50000.0,80.0,0.0016,211.94738837976703,,0.323,post-control
50000.0,80.0,0.0016,212.01836875095918,,0.323,post-control
50000.0,80.0,0.0016,212.08934912215133,,0.323,post-control
50000.0,80.0,0.0016,212.1603294933435,,0.323,post-control
50000.0,80.0,0.0016,212.23130986453566,,0.323,post-control
50000.0,80.0,0.0016,212.3022902357278,,0.323,post-control
50000.0,80.0,0.0016,212.37327060691996,,0.323,post-control
50000.0,80.0,0.0016,212.4442509781121,,0.323,post-control
50000.0,80.0,0.0016,212.51523134930426,,0.323,post-control
50000.0,80.0,0.0016,212.5862117204964,,0.323,post-control
50000.0,80.0,0.0016,212.65719209168856,,0.323,post-control
50000.0,80.0,0.0016,212.7281724628807,,0.323,post-control
50000.0,80.0,0.0016,212.79915283407286,,0.323,post-control
50000.0,80.0,0.0016,212.870133205265,,0.323,post-control
50000.0,100.0,0.002,0.0,0.0013085564730700168,0.323,pre-control
50000.0,100.0,0.002,0.02496350136484156,0.0013420240560798608,0.323,pre-control
50000.0,100.0,0.002,0.04992700272968312,0.0013763476255439484,0.323,pre-control
50000.0,100.0,0.002,0.07098037119215239,0.0014060352838661822,0.323,pre-control
50000.0,100.0,0.002,0.07489050409452468,0.0014115490186306255,0.323,pre-control
50000.0,100.0,0.002,0.09985400545936624,0.0014476506740158852,0.323,pre-control
50000.0,100.0,0.002,0.1248175068242078,0.0014846756318833683,0.323,pre-control
50000.0,100.0,0.002,0.14196074238430478,0.0015107521526341989,0.323,pre-control
50000.0,100.0,0.002,0.14978100818904935,0.0015226475339243618,0.323,pre-control
50000.0,100.0,0.002,0.17474450955389093,0.0015615906233378005,0.323,pre-control
50000.0,100.0,0.002,0.19970801091873247,0.001601529744830266,0.323,pre-control
50000.0,100.0,0.002,0.21294111357645717,0.0016232477131943887,0.323,pre-control
50000.0,100.0,0.002,0.22467151228357402,0.0016424994665140077,0.323,pre-control
50000.0,100.0,0.002,0.2496350136484156,0.0016845999669302246,0.323,pre-control
50000.0,100.0,0.002,0.27459851501325716,0.0017278585717672953,0.323,pre-control
50000.0,100.0,0.002,0.28392148476860957,0.0017444499688383348,0.323,pre-control
50000.0,100.0,0.002,0.2995620163780987,0.0017722842616811492,0.323,pre-control
50000.0,100.0,0.002,0.32452551774294025,0.001817887879826975,0.323,pre-control
50000.0,100.0,0.002,0.34948901910778185,0.0018646821318592192,0.323,pre-control
50000.0,100.0,0.002,0.35490185596076196,0.0018750898551240234,0.323,pre-control
50000.0,100.0,0.002,0.3744525204726234,0.0019126815859315859,0.323,pre-control
50000.0,100.0,0.002,0.39941602183746494,0.001961902672697038,0.323,pre-control
50000.0,100.0,0.002,0.4243795232023065,0.0020123636853077963,0.323,pre-control
50000.0,100.0,0.002,0.42588222715291435,0.002015477090407076,0.323,pre-control
50000.0,100.0,0.002,0.44934302456714803,0.0020640847794153394,0.323,pre-control
50000.0,100.0,0.002,0.47430652593198963,0.002117087973170405,0.323,pre-control
50000.0,100.0,0.002,0.49686259834506674,0.002166159681690819,0.323,pre-control
50000.0,100.0,0.002,0.4992700272968312,0.002171397147222988,0.323,pre-control
50000.0,100.0,0.002,0.5242335286616727,0.002227038044722342,0.323,pre-control
50000.0,100.0,0.002,0.5491970300265143,0.002284038271316978,0.323,pre-control
50000.0,100.0,0.002,0.5678429695372191,0.0023276506713026624,0.323,pre-control
50000.0,100.0,0.002,0.5741605313913558,0.0023424272951546666,0.323,pre-control
50000.0,100.0,0.002,0.5991240327561974,0.002402236446882435,0.323,pre-control
50000.0,100.0,0.002,0.624087534121039,0.0024634989196465687,0.323,pre-control
50000.0,100.0,0.002,0.6388233407293715,0.002500540373424676,0.323,pre-control
50000.0,100.0,0.002,0.6490510354858805,0.002526249769092613,0.323,pre-control
50000.0,100.0,0.002,0.6740145368507221,0.0025905259133653692,0.323,pre-control
50000.0,100.0,0.002,0.6989780382155637,0.002656366133108898,0.323,pre-control
50000.0,100.0,0.002,0.7098037119215239,0.0026856143096810558,0.323,pre-control
50000.0,100.0,0.002,0.7239415395804052,0.002723811071466517,0.323,pre-control
50000.0,100.0,0.002,0.7489050409452468,0.0027929032340808057,0.323,pre-control
50000.0,100.0,0.002,0.7738685423100883,0.002863686989093596,0.323,pre-control
50000.0,100.0,0.002,0.7807840831136763,0.0028837773572207293,0.323,pre-control
50000.0,100.0,0.002,0.7988320436749299,0.0029362085671459817,0.323,pre-control
50000.0,100.0,0.002,0.8237955450397715,0.003010516061378315,0.323,pre-control
50000.0,100.0,0.002,0.848759046404613,0.0030866594274302035,0.323,pre-control
50000.0,100.0,0.002,0.8517644543058287,0.0030960537487173564,0.323,pre-control
50000.0,100.0,0.002,0.8737225477694546,0.003164690483440516,0.323,pre-control
50000.0,100.0,0.002,0.8986860491342961,0.003244662910047377,0.323,pre-control
50000.0,100.0,0.002,0.9227448254979811,0.0033236615248296536,0.323,pre-control
50000.0,100.0,0.002,0.9236495504991377,0.0033266322503881715,0.323,pre-control
50000.0,100.0,0.002,0.9486130518639793,0.00341065591009954,0.323,pre-control
50000.0,100.0,0.002,0.9735765532288208,0.003496793157317383,0.323,pre-control
50000.0,100.0,0.002,0.9937251966901335,0.0035680718724859987,0.323,pre-control
50000.0,100.0,0.002,0.9985400545936624,0.00358510512267686,0.323,pre-control
50000.0,100.0,0.002,1.023503555958504,0.003675654799312384,0.323,pre-control
50000.0,100.0,0.002,1.0484670573233454,0.0037685070428576323,0.323,pre-control
50000.0,100.0,0.002,1.0647055678822859,0.0038304477047389368,0.323,pre-control
50000.0,100.0,0.002,1.073430558688187,0.003863728571445536,0.323,pre-control
50000.0,100.0,0.002,1.0983940600530286,0.003961387965708288,0.323,pre-control
50000.0,100.0,0.002,1.1233575614178701,0.004061555668777335,0.323,pre-control
50000.0,100.0,0.002,1.1356859390744383,0.004112298553089853,0.323,pre-control
50000.0,100.0,0.002,1.1483210627827116,0.004164303986283383,0.323,pre-control
50000.0,100.0,0.002,1.1732845641475533,0.004269707086356401,0.323,pre-control
50000.0,100.0,0.002,1.1982480655123948,0.00437784099962561,0.323,pre-control
50000.0,100.0,0.002,1.2066663102665907,0.004415253304564863,0.323,pre-control
50000.0,100.0,0.002,1.2232115668772363,0.00448878361921949,0.323,pre-control
50000.0,100.0,0.002,1.248175068242078,0.004602614700765782,0.323,pre-control
50000.0,100.0,0.002,1.2731385696069195,0.004719415862391485,0.323,pre-control
50000.0,100.0,0.002,1.277646681458743,0.004741060201714816,0.323,pre-control
50000.0,100.0,0.002,1.298102070971761,0.004839270584722853,0.323,pre-control
50000.0,100.0,0.002,1.3230655723366027,0.004962264210885401,0.323,pre-control
50000.0,100.0,0.002,1.3480290737014442,0.005088483946503901,0.323,pre-control
50000.0,100.0,0.002,1.3486270526508954,0.005091586842615292,0.323,pre-control
50000.0,100.0,0.002,1.3729925750662857,0.005218018859702382,0.323,pre-control
50000.0,100.0,0.002,1.3979560764311274,0.005350959881104136,0.323,pre-control
50000.0,100.0,0.002,1.4196074238430478,0.005469296973511803,0.323,pre-control
50000.0,100.0,0.002,1.422919577795969,0.005487399803831704,0.323,pre-control
50000.0,100.0,0.002,1.4478830791608104,0.005627433283506895,0.323,pre-control
50000.0,100.0,0.002,1.4728465805256519,0.005771156838250772,0.323,pre-control
50000.0,100.0,0.002,1.4905877950352002,0.005875991580043457,0.323,pre-control
50000.0,100.0,0.002,1.4978100818904936,0.0059186688486836565,0.323,pre-control
50000.0,100.0,0.002,1.522773583255335,0.006070069557925124,0.323,pre-control
50000.0,100.0,0.002,1.5477370846201766,0.006225461071594013,0.323,pre-control
50000.0,100.0,0.002,1.5615681662273526,0.0063138247913951,0.323,pre-control
50000.0,100.0,0.002,1.5727005859850183,0.006384947357808422,0.323,pre-control
50000.0,100.0,0.002,1.5976640873498598,0.006548634247185702,0.323,pre-control
50000.0,100.0,0.002,1.6226275887147013,0.006716629432842465,0.323,pre-control
50000.0,100.0,0.002,1.632548537419505,0.006785149504470038,0.323,pre-control
50000.0,100.0,0.002,1.647591090079543,0.0068890424703945815,0.323,pre-control
50000.0,100.0,0.002,1.6725545914443845,0.007065984777957178,0.323,pre-control
50000.0,100.0,0.002,1.697518092809226,0.007247569636144643,0.323,pre-control
50000.0,100.0,0.002,1.7035289086116574,0.007292437971696304,0.323,pre-control
50000.0,100.0,0.002,1.7224815941740677,0.007433912188070621,0.323,pre-control
50000.0,100.0,0.002,1.7474450955389091,0.007625129439348012,0.323,pre-control
50000.0,100.0,0.002,1.7724085969037506,0.007821340258088977,0.323,pre-control
50000.0,100.0,0.002,1.7745092798038098,0.007838281801026673,0.323,pre-control
50000.0,100.0,0.002,1.7973720982685921,0.008022665374904935,0.323,pre-control
50000.0,100.0,0.002,1.8223355996334338,0.008229227382906566,0.323,pre-control
50000.0,100.0,0.002,1.8454896509959622,0.008425789722867632,0.323,pre-control
50000.0,100.0,0.002,1.8472991009982753,0.0084411507377038,0.323,pre-control
50000.0,100.0,0.002,1.8722626023631168,0.008658561757405836,0.323,pre-control
50000.0,100.0,0.002,1.8972261037279585,0.008881588622621122,0.323,pre-control
50000.0,100.0,0.002,1.9164700221881146,0.009057945462809032,0.323,pre-control
50000.0,100.0,0.002,1.9221896050928,0.009110361376457366,0.323,pre-control
50000.0,100.0,0.002,1.9471531064576415,0.009345011924521538,0.323,pre-control
50000.0,100.0,0.002,1.9721166078224832,0.009585674034919865,0.323,pre-control
50000.0,100.0,0.002,1.987450393380267,0.009737276203050831,0.323,pre-control
50000.0,100.0,0.002,1.9970801091873247,0.009832483338257826,0.323,pre-control
50000.0,100.0,0.002,2.022043610552166,0.010085577327640167,0.323,pre-control
50000.0,100.0,0.002,2.047007111917008,0.010345095358670888,0.323,pre-control
50000.0,100.0,0.002,2.058430764572419,0.010466858850373517,0.323,pre-control
50000.0,100.0,0.002,2.071970613281849,0.010611178649453245,0.323,pre-control
50000.0,100.0,0.002,2.096934114646691,0.01088397028058976,0.323,pre-control
50000.0,100.0,0.002,2.1218976160115326,0.011163615195182204,0.323,pre-control
50000.0,100.0,0.002,2.1294111357645717,0.01124988966708233,0.323,pre-control
50000.0,100.0,0.002,2.146861117376374,0.011450260198831604,0.323,pre-control
50000.0,100.0,0.002,2.1718246187412156,0.011744053959638262,0.323,pre-control
50000.0,100.0,0.002,2.1967881201060573,0.012045147008201723,0.323,pre-control
50000.0,100.0,0.002,2.2003915069567244,0.012089684271007218,0.323,pre-control
50000.0,100.0,0.002,2.2217516214708986,0.012353691737620786,0.323,pre-control
50000.0,100.0,0.002,2.2467151228357403,0.012669842403493529,0.323,pre-control
50000.0,100.0,0.002,2.2713718781488765,0.012990023014356937,0.323,pre-control
50000.0,100.0,0.002,2.271678624200582,0.012994006269126987,0.323,pre-control
50000.0,100.0,0.002,2.2966421255654232,0.013326715314697552,0.323,pre-control
50000.0,100.0,0.002,2.321605626930265,0.013668115798535739,0.323,pre-control
50000.0,100.0,0.002,2.3423522493410287,0.013959196827360115,0.323,pre-control
50000.0,100.0,0.002,2.3465691282951067,0.014018360841630892,0.323,pre-control
50000.0,100.0,0.002,2.371532629659948,0.014377614896022727,0.323,pre-control
50000.0,100.0,0.002,2.3964961310247896,0.01474605374480136,0.323,pre-control
50000.0,100.0,0.002,2.4133326205331813,0.015000866030889445,0.323,pre-control
50000.0,100.0,0.002,2.4214596323896314,0.015123864502107263,0.323,pre-control
50000.0,100.0,0.002,2.4464231337544726,0.015511245613131285,0.323,pre-control
50000.0,100.0,0.002,2.4713866351193143,0.015908406854114678,0.323,pre-control
50000.0,100.0,0.002,2.484312991725334,0.016119239754248657,0.323,pre-control
50000.0,100.0,0.002,2.496350136484156,0.016315569332349043,0.323,pre-control
50000.0,100.0,0.002,2.5213136378489973,0.016732965486176362,0.323,pre-control
50000.0,100.0,0.002,2.546277139213839,0.017160839084989016,0.323,pre-control
50000.0,100.0,0.002,2.555293362917486,0.017319253205527334,0.323,pre-control
50000.0,100.0,0.002,2.5712406405786807,0.017599445229229745,0.323,pre-control
50000.0,100.0,0.002,2.596204141943522,0.018049050350391657,0.323,pre-control
50000.0,100.0,0.002,2.6211676433083637,0.018509932211018272,0.323,pre-control
50000.0,100.0,0.002,2.6262737341096383,0.01860656772650757,0.323,pre-control
50000.0,100.0,0.002,2.6461311446732054,0.018982379904703455,0.323,pre-control
50000.0,100.0,0.002,2.6710946460380467,0.019466693856091448,0.323,pre-control
50000.0,100.0,0.002,2.6960581474028884,0.019963185820876903,0.323,pre-control
50000.0,100.0,0.002,2.697254105301791,0.01998757079266393,0.323,pre-control
50000.0,100.0,0.002,2.72102164876773,0.02047217888580482,0.323,pre-control
50000.0,100.0,0.002,2.7459851501325714,0.02099400746867057,0.323,pre-control
50000.0,100.0,0.002,2.7682344764939435,0.021470847979840307,0.323,pre-control
50000.0,100.0,0.002,2.770948651497413,0.021529017318319944,0.323,pre-control
50000.0,100.0,0.002,2.795912152862255,0.022077565514649063,0.323,pre-control
50000.0,100.0,0.002,2.820875654227096,0.02264002046860444,0.323,pre-control
50000.0,100.0,0.002,2.8392148476860957,0.023063717967541756,0.323,pre-control
50000.0,100.0,0.002,2.845839155591938,0.023216761922182992,0.323,pre-control
50000.0,100.0,0.002,2.870802656956779,0.023808180948431963,0.323,pre-control
50000.0,100.0,0.002,2.8957661583216208,0.024414679951449036,0.323,pre-control
50000.0,100.0,0.002,2.910195218878248,0.02477419564671892,0.323,pre-control
50000.0,100.0,0.002,2.9207296596864625,0.025036672666382216,0.323,pre-control
50000.0,100.0,0.002,2.9456931610513037,0.0256745841594299,0.323,pre-control
50000.0,100.0,0.002,2.9706566624161455,0.0263288508278409,0.323,pre-control
50000.0,100.0,0.002,2.9811755900704004,0.026611620947963325,0.323,pre-control
50000.0,100.0,0.002,2.995620163780987,0.02699992039991436,0.323,pre-control
50000.0,100.0,0.002,3.0205836651458284,0.0276882519349998,0.323,pre-control
50000.0,100.0,0.002,3.04554716651067,0.028394315823497156,0.323,pre-control
50000.0,100.0,0.002,3.052155961262553,0.028586059935558957,0.323,pre-control
50000.0,100.0,0.002,3.070510667875512,0.029118593786856724,0.323,pre-control
50000.0,100.0,0.002,3.095474169240353,0.029861578877579148,0.323,pre-control
50000.0,100.0,0.002,3.120437670605195,0.0306237754792155,0.323,pre-control
50000.0,100.0,0.002,3.1231363324547052,0.0307083048074823,0.323,pre-control
50000.0,100.0,0.002,3.1454011719700365,0.03140569930636719,0.323,pre-control
50000.0,100.0,0.002,3.170364673334878,0.032207877404686024,0.323,pre-control
50000.0,100.0,0.002,3.1941167036468574,0.03299090963336463,0.323,pre-control
50000.0,100.0,0.002,3.1953281746997195,0.033030848150874176,0.323,pre-control
50000.0,100.0,0.002,3.2202916760645612,0.033875161252684215,0.323,pre-control
50000.0,100.0,0.002,3.2452551774294025,0.03474137774891904,0.323,pre-control
50000.0,100.0,0.002,3.26509707483901,0.03544774262955414,0.323,pre-control
50000.0,100.0,0.002,3.270218678794244,0.03563007000943202,0.323,pre-control
50000.0,100.0,0.002,3.295182180159086,0.0365418217351268,0.323,pre-control
50000.0,100.0,0.002,3.320145681523927,0.03747722795795744,0.323,pre-control
50000.0,100.0,0.002,3.3360774460311626,0.03808968971753946,0.323,pre-control
50000.0,100.0,0.002,3.345109182888769,0.03843689504092841,0.323,pre-control
50000.0,100.0,0.002,3.3700726842536106,0.039421440678094534,0.323,pre-control
50000.0,100.0,0.002,3.395036185618452,0.04043149389456096,0.323,pre-control
50000.0,100.0,0.002,3.407057817223315,0.04093049555041399,0.323,pre-control
50000.0,100.0,0.002,3.4199996869832936,0.04146769504648334,0.323,pre-control
50000.0,100.0,0.002,3.4449631883481353,0.04253069582106757,0.323,pre-control
50000.0,100.0,0.002,3.4699266897129766,0.04362115923656998,0.323,pre-control
50000.0,100.0,0.002,3.478038188415467,0.043984630914963685,0.323,pre-control
50000.0,100.0,0.002,3.4948901910778183,0.04473975964229732,0.323,pre-control
50000.0,100.0,0.002,3.51985369244266,0.04588718271860663,0.323,pre-control
50000.0,100.0,0.002,3.5448171938075013,0.047064125476905395,0.323,pre-control
50000.0,100.0,0.002,3.5490185596076196,0.04726729273166695,0.323,pre-control
50000.0,100.0,0.002,3.569780695172343,0.04827129625965145,0.323,pre-control
50000.0,100.0,0.002,3.5947441965371842,0.049509414740352996,0.323,pre-control
50000.0,100.0,0.002,3.619707697902026,0.05077921192356867,0.323,pre-control
50000.0,100.0,0.002,3.619998930799772,0.05079440405469466,0.323,pre-control
50000.0,100.0,0.002,3.6446711992668677,0.05208143014490742,0.323,pre-control
50000.0,100.0,0.002,3.669634700631709,0.053416823071028574,0.323,pre-control
50000.0,100.0,0.002,3.6909793019919244,0.054587646773205684,0.323,pre-control
50000.0,100.0,0.002,3.6945982019965506,0.054786155699641896,0.323,pre-control
50000.0,100.0,0.002,3.7195617033613924,0.05619020435950746,0.323,pre-control
50000.0,100.0,0.002,3.7445252047262336,0.057629756710435756,0.323,pre-control
50000.0,100.0,0.002,3.7619596731840765,0.05866049144762467,0.323,pre-control
50000.0,100.0,0.002,3.7694887060910753,0.059105611743287656,0.323,pre-control
50000.0,100.0,0.002,3.794452207455917,0.060618579779974396,0.323,pre-control
50000.0,100.0,0.002,3.8194157088207583,0.06216948247345755,0.323,pre-control
50000.0,100.0,0.002,3.832940044376229,0.06303099687336519,0.323,pre-control
50000.0,100.0,0.002,3.8443792101856,0.063759683767245,0.323,pre-control
50000.0,100.0,0.002,3.8693427115504417,0.06539089311915107,0.323,pre-control
50000.0,100.0,0.002,3.894306212915283,0.06706403491346609,0.323,pre-control
50000.0,100.0,0.002,3.9039204155683818,0.06772493051467168,0.323,pre-control
50000.0,100.0,0.002,3.9192697142801247,0.06878006575221654,0.323,pre-control
50000.0,100.0,0.002,3.9442332156449664,0.07053998514788566,0.323,pre-control
50000.0,100.0,0.002,3.9691967170098077,0.07234483552341356,0.323,pre-control
50000.0,100.0,0.002,3.974900786760534,0.07276775186586971,0.323,pre-control
50000.0,100.0,0.002,3.9941602183746494,0.0741957022121973,0.323,pre-control
50000.0,100.0,0.002,4.019123719739491,0.07609371345809074,0.323,pre-control
50000.0,100.0,0.002,4.044087221104332,0.0780400404154047,0.323,pre-control
50000.0,100.0,0.002,4.045881157952686,0.07818346744857349,0.323,pre-control
50000.0,100.0,0.002,4.069050722469174,0.08003589714890677,0.323,pre-control
50000.0,100.0,0.002,4.094014223834016,0.08208254063382145,0.323,pre-control
50000.0,100.0,0.002,4.116861529144838,0.08400335803686751,0.323,pre-control
50000.0,100.0,0.002,4.1189777251988575,0.08418127075583014,0.323,pre-control
50000.0,100.0,0.002,4.143941226563698,0.08633343031107099,0.323,pre-control
50000.0,100.0,0.002,4.16890472792854,0.08854040500613929,0.323,pre-control
50000.0,100.0,0.002,4.187841900336991,0.09025726985599097,0.323,pre-control
50000.0,100.0,0.002,4.193868229293382,0.09080362345808696,0.323,pre-control
50000.0,100.0,0.002,4.2188317306582235,0.09312455719442284,0.323,pre-control
50000.0,100.0,0.002,4.243795232023065,0.09550472065311269,0.323,pre-control
50000.0,100.0,0.002,4.2588222715291435,0.09697407623358967,0.323,pre-control
50000.0,100.0,0.002,4.268758733387907,0.09794567118257912,0.323,pre-control
50000.0,100.0,0.002,4.293722234752748,0.10044900904170151,0.323,pre-control
50000.0,100.0,0.002,4.318685736117589,0.1030163773998164,0.323,pre-control
50000.0,100.0,0.002,4.329802642721296,0.10418895967885418,0.323,pre-control
50000.0,100.0,0.002,4.343649237482431,0.10564946233671693,0.323,pre-control
50000.0,100.0,0.002,4.368612738847273,0.1083499928426532,0.323,pre-control
50000.0,100.0,0.002,4.393576240212115,0.11111974081833217,0.323,pre-control
50000.0,100.0,0.002,4.400783013913449,0.11193985255447121,0.323,pre-control
50000.0,100.0,0.002,4.418539741576956,0.11396052107491766,0.323,pre-control
50000.0,100.0,0.002,4.443503242941797,0.11687419133403033,0.323,pre-control
50000.0,100.0,0.002,4.468466744306639,0.11986265222774795,0.323,pre-control
50000.0,100.0,0.002,4.471763385105601,0.12026743707662318,0.323,pre-control
50000.0,100.0,0.002,4.4934302456714805,0.12292784729860484,0.323,pre-control
50000.0,100.0,0.002,4.518393747036322,0.12607176299959238,0.323,pre-control
50000.0,100.0,0.002,4.542743756297753,0.129217180718851,0.323,pre-control
50000.0,100.0,0.002,4.543357248401164,0.12929642869415875,0.323,pre-control
50000.0,100.0,0.002,4.568320749766006,0.13260391665620902,0.323,pre-control
50000.0,100.0,0.002,4.5932842511308465,0.13599634207010505,0.323,pre-control
50000.0,100.0,0.002,4.613724127489905,0.13884534058129872,0.323,pre-control
50000.0,100.0,0.002,4.618247752495688,0.1394758630306658,0.323,pre-control
50000.0,100.0,0.002,4.64321125386053,0.14304468054316696,0.323,pre-control
50000.0,100.0,0.002,4.668174755225372,0.14670503852334105,0.323,pre-control
50000.0,100.0,0.002,4.684704498682057,0.14919089651905026,0.323,pre-control
50000.0,100.0,0.002,4.693138256590213,0.15045922379737747,0.323,pre-control
50000.0,100.0,0.002,4.718101757955055,0.15430956610192256,0.323,pre-control
50000.0,100.0,0.002,4.743065259319896,0.15825843808407933,0.323,pre-control
50000.0,100.0,0.002,4.7556848698742105,0.16030571163565036,0.323,pre-control
50000.0,100.0,0.002,4.768028760684738,0.16230825530140813,0.323,pre-control
50000.0,100.0,0.002,4.792992262049579,0.16646147622192575,0.323,pre-control
50000.0,100.0,0.002,4.817955763414421,0.17072060222410593,0.323,pre-control
50000.0,100.0,0.002,4.826665241066363,0.17224439888813942,0.323,pre-control
50000.0,100.0,0.002,4.842919264779263,0.17508817759687942,0.323,pre-control
50000.0,100.0,0.002,4.8678827661441035,0.17956678953963354,0.323,pre-control
50000.0,100.0,0.002,4.892846267508945,0.1841594539168449,0.323,pre-control
50000.0,100.0,0.002,4.897645612258515,0.18506508074437422,0.323,pre-control
50000.0,100.0,0.002,4.917809768873787,0.18887001707176163,0.323,pre-control
50000.0,100.0,0.002,4.942773270238629,0.19370134803000888,0.323,pre-control
50000.0,100.0,0.002,4.96773677160347,0.19865634922591785,0.323,pre-control
50000.0,100.0,0.002,4.968625983450668,0.198837361278723,0.323,pre-control
50000.0,100.0,0.002,4.992700272968312,0.20373803436258756,0.323,pre-control
50000.0,100.0,0.002,5.017663774333153,0.2089495284118849,0.323,pre-control
50000.0,100.0,0.002,5.03960635464282,0.21364730613770944,0.323,pre-control
50000.0,100.0,0.002,5.042627275697995,0.2142940676144452,0.323,pre-control
50000.0,100.0,0.002,5.067590777062836,0.2197749994796712,0.323,pre-control
50000.0,100.0,0.002,5.092554278427678,0.2253957827857337,0.323,pre-control
50000.0,100.0,0.002,5.110586725834972,0.22955957048004105,0.323,pre-control
50000.0,100.0,0.002,5.11751777979252,0.23115998757957149,0.323,pre-control
50000.0,100.0,0.002,5.1424812811573615,0.2370712951768913,0.323,pre-control
50000.0,100.0,0.002,5.167444782522202,0.24313349816216762,0.323,pre-control
50000.0,100.0,0.002,5.181567097027124,0.24665057132578022,0.323,pre-control
50000.0,100.0,0.002,5.192408283887044,0.24935050038864337,0.323,pre-control
50000.0,100.0,0.002,5.217371785251886,0.255726316978329,0.323,pre-control
50000.0,100.0,0.002,5.242335286616727,0.2622650743220029,0.323,pre-control
50000.0,100.0,0.002,5.2525474682192765,0.26500836873278183,0.323,pre-control
50000.0,100.0,0.002,5.267298787981569,0.26897101007921154,0.323,pre-control
50000.0,100.0,0.002,5.292262289346411,0.2758484731782692,0.323,pre-control
50000.0,100.0,0.002,5.317225790711252,0.2829019238162579,0.323,pre-control
50000.0,100.0,0.002,5.32352783941143,0.2847281532541886,0.323,pre-control
50000.0,100.0,0.002,5.342189292076093,0.29013593345902855,0.323,pre-control
50000.0,100.0,0.002,5.367152793440935,0.2975551848411989,0.323,pre-control
50000.0,100.0,0.002,5.392116294805777,0.3051644719661551,0.323,pre-control
50000.0,100.0,0.002,5.394508210603582,0.3059122459384305,0.323,pre-control
50000.0,100.0,0.002,5.4170797961706185,0.3129687001060512,0.323,pre-control
50000.0,100.0,0.002,5.44204329753546,0.32097288580180927,0.323,pre-control
50000.0,100.0,0.002,5.465488581795734,0.32868288973070997,0.323,pre-control
50000.0,100.0,0.002,5.467006798900301,0.3291821568631188,0.323,pre-control
50000.0,100.0,0.002,5.491970300265143,0.33760175236843826,0.323,pre-control
50000.0,100.0,0.002,5.5169338016299845,0.34623702266499323,0.323,pre-control
50000.0,100.0,0.002,5.536468952987887,0.3531675907338313,0.323,pre-control
50000.0,100.0,0.002,5.541897302994826,0.35509342936877747,0.323,pre-control
50000.0,100.0,0.002,5.566860804359668,0.3641765453645526,0.323,pre-control
50000.0,100.0,0.002,5.59182430572451,0.3734920548058482,0.323,pre-control
50000.0,100.0,0.002,5.607449324180039,0.3794718534813938,0.323,pre-control
50000.0,100.0,0.002,5.61678780708935,0.3830457531149615,0.323,pre-control
50000.0,100.0,0.002,5.641751308454192,0.39284354698295865,0.323,pre-control
50000.0,100.0,0.002,5.666714809819034,0.4028914543696729,0.323,pre-control
50000.0,100.0,0.002,5.678429695372191,0.40772699215839187,0.323,pre-control
50000.0,100.0,0.002,5.691678311183876,0.4131956057538829,0.323,pre-control
50000.0,100.0,0.002,5.716641812548717,0.42376328566107574,0.323,pre-control
50000.0,100.0,0.002,5.741605313913558,0.4346017863232764,0.323,pre-control
50000.0,100.0,0.002,5.7494100665643435,0.4380771430120884,0.323,pre-control
50000.0,100.0,0.002,5.7665688152784,0.4457177146974754,0.323,pre-control
50000.0,100.0,0.002,5.7915323166432415,0.4571179156222825,0.323,pre-control
50000.0,100.0,0.002,5.816495818008083,0.46880947181792804,0.323,pre-control
50000.0,100.0,0.002,5.820390437756496,0.4706800986149827,0.323,pre-control
50000.0,100.0,0.002,5.841459319372925,0.4807997038862627,0.323,pre-control
50000.0,100.0,0.002,5.866422820737767,0.49309617031075736,0.323,pre-control
50000.0,100.0,0.002,5.891370808948649,0.5056988308721688,0.323,pre-control
50000.0,100.0,0.002,5.8913863221026075,0.5057066674565028,0.323,pre-control
50000.0,100.0,0.002,5.916349823467449,0.5186392295702114,0.323,pre-control
50000.0,100.0,0.002,5.941313324832291,0.5319021287802143,0.323,pre-control
50000.0,100.0,0.002,5.962351180140801,0.54336492667712,0.323,pre-control
50000.0,100.0,0.002,5.966276826197133,0.5455038750964636,0.323,pre-control
50000.0,100.0,0.002,5.991240327561974,0.5594532164105317,0.323,pre-control
50000.0,100.0,0.002,6.016203828926816,0.573759138495611,0.323,pre-control
50000.0,100.0,0.002,6.033331551332953,0.5838255652850611,0.323,pre-control
50000.0,100.0,0.002,6.041167330291657,0.588430865006514,0.323,pre-control
50000.0,100.0,0.002,6.066130831656499,0.6034778574796744,0.323,pre-control
50000.0,100.0,0.002,6.09109433302134,0.6189098153331456,0.323,pre-control
50000.0,100.0,0.002,6.104311922525106,0.6272897674323006,0.323,pre-control
50000.0,100.0,0.002,6.116057834386182,0.6347366758666009,0.323,pre-control
50000.0,100.0,0.002,6.141021335751024,0.6509686142613343,0.323,pre-control
50000.0,100.0,0.002,6.165984837115865,0.66761604358026,0.323,pre-control
50000.0,100.0,0.002,6.175292293717258,0.673981798148795,0.323,pre-control
50000.0,100.0,0.002,6.190948338480706,0.684689614767912,0.323,pre-control
50000.0,100.0,0.002,6.215911839845548,0.702200216650446,0.323,pre-control
50000.0,100.0,0.002,6.24087534121039,0.7201589759356364,0.323,pre-control
50000.0,100.0,0.002,6.2462726649094105,0.7241411667581504,0.323,pre-control
50000.0,100.0,0.002,6.265838842575231,0.7385772572128787,0.323,pre-control
50000.0,100.0,0.002,6.290802343940073,0.7574666629531884,0.323,pre-control
50000.0,100.0,0.002,6.315765845304915,0.7768390335092012,0.323,pre-control
50000.0,100.0,0.002,6.317253036101563,0.7780226268776224,0.323,pre-control
50000.0,100.0,0.002,6.340729346669756,0.7967064471151727,0.323,pre-control
50000.0,100.0,0.002,6.365692848034597,0.8170812198869806,0.323,pre-control
50000.0,100.0,0.002,6.388233407293715,0.8359487092557956,0.323,pre-control
50000.0,100.0,0.002,6.390656349399439,0.8379768237269356,0.323,pre-control
50000.0,100.0,0.002,6.415619850764281,0.8594075048720634,0.323,pre-control
50000.0,100.0,0.002,6.4405833521291225,0.8813864916624258,0.323,pre-control
50000.0,100.0,0.002,6.459213778485868,0.898208955644718,0.323,pre-control
50000.0,100.0,0.002,6.465546853493963,0.903927446686243,0.323,pre-control
50000.0,100.0,0.002,6.490510354858805,0.9270444839351524,0.323,pre-control
50000.0,100.0,0.002,6.515473856223647,0.9507521688042029,0.323,pre-control
50000.0,100.0,0.002,6.53019414967802,0.9650890853746099,0.323,pre-control
50000.0,100.0,0.002,6.540437357588488,0.975065518091859,0.323,pre-control
50000.0,100.0,0.002,6.56540085895333,0.9999999999999998,0.323,pre-control
50000.0,100.0,0.002,6.590400199084493,1.0256094427279454,0.323,pre-control
50000.0,100.0,0.002,6.601174520870172,1.0369293256713807,0.323,pre-control
50000.0,100.0,0.002,6.615399539215656,1.051874632275563,0.323,pre-control
50000.0,100.0,0.002,6.640398879346819,1.078812656129633,0.323,pre-control
50000.0,100.0,0.002,6.665398219477981,1.106441246503285,0.323,pre-control
50000.0,100.0,0.002,6.672154892062325,1.1140998321842301,0.323,pre-control
50000.0,100.0,0.002,6.690397559609144,1.1347776185816412,0.323,pre-control
50000.0,100.0,0.002,6.715396899740307,1.1638395086532412,0.323,pre-control
50000.0,100.0,0.002,6.74039623987147,1.1936452252338388,0.323,pre-control
50000.0,100.0,0.002,6.743135263254477,1.1969944187413395,0.323,pre-control
50000.0,100.0,0.002,6.765395580002632,1.224213649066407,0.323,pre-control
50000.0,100.0,0.002,6.790394920133795,1.2555642331211359,0.323,pre-control
50000.0,100.0,0.002,6.81411563444663,1.2860725047420927,0.323,pre-control
50000.0,100.0,0.002,6.815394260264958,1.2877170025954325,0.323,pre-control
50000.0,100.0,0.002,6.840393600396121,1.3206925549139181,0.323,pre-control
50000.0,100.0,0.002,6.8653929405272835,1.354512059728434,0.323,pre-control
50000.0,100.0,0.002,6.885096005638782,1.3818489708009845,0.323,pre-control
50000.0,100.0,0.002,6.890392280658446,1.389197258918037,0.323,pre-control
50000.0,100.0,0.002,6.91539162078961,1.424770466589003,0.323,pre-control
50000.0,100.0,0.002,6.940390960920772,1.4612545690748202,0.323,pre-control
50000.0,100.0,0.002,6.956076376830934,1.4847321504758635,0.323,pre-control
50000.0,100.0,0.002,6.965390301051935,1.4986730249361977,0.323,pre-control
50000.0,100.0,0.002,6.990389641183098,1.537049864961062,0.323,pre-control
50000.0,100.0,0.002,7.015388981314261,1.576409692164552,0.323,pre-control
50000.0,100.0,0.002,7.027056748023087,1.5952503608770665,0.323,pre-control
50000.0,100.0,0.002,7.040388321445423,1.6167776817890278,0.323,pre-control
50000.0,100.0,0.002,7.065387661576586,1.658179581304065,0.323,pre-control
50000.0,100.0,0.002,7.090387001707749,1.7006417104064577,0.323,pre-control
50000.0,100.0,0.002,7.098037119215239,1.71396833754183,0.323,pre-control
50000.0,100.0,0.002,7.115386341838912,1.7441909610202124,0.323,pre-control
50000.0,100.0,0.002,7.140385681970074,1.788854797296557,0.323,pre-control
50000.0,100.0,0.002,7.165385022101237,1.8346615082173194,0.323,pre-control
50000.0,100.0,0.002,7.169017490407391,1.8414878632013252,0.323,pre-control
50000.0,100.0,0.002,7.1903843622324,1.881641786011372,0.323,pre-control
50000.0,100.0,0.002,7.215383702363563,1.929825362140478,0.323,pre-control
50000.0,100.0,0.002,7.239997861599544,1.97848102974775,0.323,pre-control
50000.0,100.0,0.002,7.2403830424947255,1.9792424302662455,0.323,pre-control
50000.0,100.0,0.002,7.265382382625889,2.029924144430767,0.323,pre-control
50000.0,100.0,0.002,7.2903817227570515,2.081902619056614,0.323,pre-control
50000.0,100.0,0.002,7.310978232791697,2.125822383891346,0.323,pre-control
50000.0,100.0,0.002,7.315381062888214,2.135210928946847,0.323,pre-control
50000.0,100.0,0.002,7.340380403019377,2.189883109285009,0.323,pre-control
50000.0,100.0,0.002,7.365379743150539,2.245954155635127,0.323,pre-control
50000.0,100.0,0.002,7.381958603983849,2.2840904337429264,0.323,pre-control
50000.0,100.0,0.002,7.390379083281703,2.3034600239417133,0.323,pre-control
50000.0,100.0,0.002,7.415378423412865,2.36243763052976,0.323,pre-control
50000.0,100.0,0.002,7.440377763544028,2.4229248521047477,0.323,pre-control
50000.0,100.0,0.002,7.452938975176001,2.454095403860705,0.323,pre-control
50000.0,100.0,0.002,7.465377103675191,2.484960525752642,0.323,pre-control
50000.0,100.0,0.002,7.490376443806354,2.5485844489398852,0.323,pre-control
50000.0,100.0,0.002,7.515375783937516,2.6138373795134116,0.323,pre-control
50000.0,100.0,0.002,7.523919346368153,2.6367086405835902,0.323,pre-control
50000.0,100.0,0.002,7.540375124068679,2.6807610357006357,0.323,pre-control
50000.0,100.0,0.002,7.565374464199842,2.7493980961094593,0.323,pre-control
50000.0,100.0,0.002,7.590373804331005,2.819792199728261,0.323,pre-control
50000.0,100.0,0.002,7.594899717560306,2.832862612031181,0.323,pre-control
50000.0,100.0,0.002,7.6153731444621675,2.891987945925912,0.323,pre-control
50000.0,100.0,0.002,7.64037248459333,2.9660308944517624,0.323,pre-control
50000.0,100.0,0.002,7.6653718247244935,3.04196857206405,0.323,pre-control
50000.0,100.0,0.002,7.665880088752458,3.043552013161569,0.323,pre-control
50000.0,100.0,0.002,7.690371164855656,3.119851287339127,0.323,pre-control
50000.0,100.0,0.002,7.715370504986819,3.1997277722129405,0.323,pre-control
50000.0,100.0,0.002,7.7368604599446105,3.2701482239577304,0.323,pre-control
50000.0,100.0,0.002,7.740369845117982,3.2816481312279264,0.323,pre-control
50000.0,100.0,0.002,7.765369185249145,3.365664043282761,0.323,pre-control
50000.0,100.0,0.002,7.790368525380307,3.4518287616323753,0.323,pre-control
50000.0,100.0,0.002,7.8078408311367635,3.5135903466063296,0.323,pre-control
50000.0,100.0,0.002,7.81536786551147,3.540197113887947,0.323,pre-control
50000.0,100.0,0.002,7.840367205642632,3.630825502016901,0.323,pre-control
50000.0,100.0,0.002,7.865366545773796,3.723771902342914,0.323,pre-control
50000.0,100.0,0.002,7.878821202328916,3.775075303938315,0.323,pre-control
50000.0,100.0,0.002,7.890365885904958,3.8190958655458997,0.323,pre-control
50000.0,100.0,0.002,7.915365226036121,3.916858516662031,0.323,pre-control
50000.0,100.0,0.002,7.940364566167284,4.017122555083727,0.323,pre-control
50000.0,100.0,0.002,7.949801573521068,4.055939764860075,0.323,pre-control
50000.0,100.0,0.002,7.965363906298447,4.119952254559648,0.323,pre-control
50000.0,100.0,0.002,7.9903632464296095,4.225413463194709,0.323,pre-control
50000.0,100.0,0.002,8.015362586560773,4.333573603450074,0.323,pre-control
50000.0,100.0,0.002,8.020781944713221,4.357620595500786,0.323,pre-control
50000.0,100.0,0.002,8.040361926691935,4.444501672143142,0.323,pre-control
50000.0,100.0,0.002,8.065361266823098,4.558268240447583,0.323,pre-control
50000.0,100.0,0.002,8.090360606954262,4.674945453893296,0.323,pre-control
50000.0,100.0,0.002,8.091762315905372,4.681654859212389,0.323,pre-control
50000.0,100.0,0.002,8.115359947085423,4.794607032366425,0.323,pre-control
50000.0,100.0,0.002,8.140359287216587,4.917328282966249,0.323,pre-control
50000.0,100.0,0.002,8.162742687097525,5.030019132070273,0.323,pre-control
50000.0,100.0,0.002,8.16535862734775,5.043189272869762,0.323,pre-control
50000.0,100.0,0.002,8.190357967478912,5.172271007448094,0.323,pre-control
50000.0,100.0,0.002,8.215357307610075,5.304654356284704,0.323,pre-control
50000.0,100.0,0.002,8.233723058289677,5.404396494484158,0.323,pre-control
50000.0,100.0,0.002,8.240356647741237,5.440422704758855,0.323,pre-control
50000.0,100.0,0.002,8.2653559878724,5.579661954045688,0.323,pre-control
50000.0,100.0,0.002,8.290355328003564,5.7224605211161625,0.323,pre-control
50000.0,100.0,0.002,8.30470342948183,5.8065132395308225,0.323,pre-control
50000.0,100.0,0.002,8.315354668134725,5.868909338737072,0.323,pre-control
50000.0,100.0,0.002,8.340354008265889,6.019101855471089,0.323,pre-control
50000.0,100.0,0.002,8.36535334839705,6.173134035676681,0.323,pre-control
50000.0,100.0,0.002,8.375683800673983,6.238411954331773,0.323,pre-control
50000.0,100.0,0.002,8.390352688528214,6.331104359508204,0.323,pre-control
50000.0,100.0,0.002,8.415352028659377,6.493113822915823,0.323,pre-control
50000.0,100.0,0.002,8.440351368790541,6.659265937645553,0.323,pre-control
50000.0,100.0,0.002,8.446664171866134,6.702295339551279,0.323,pre-control
50000.0,100.0,0.002,8.465350708921703,6.829666731239239,0.323,pre-control
50000.0,100.0,0.002,8.490350049052866,7.004424747034609,0.323,pre-control
50000.0,100.0,0.002,8.515349389184028,7.1836510441651775,0.323,pre-control
50000.0,100.0,0.002,8.517644543058287,7.200526209396418,0.323,pre-control
50000.0,100.0,0.002,8.540348729315191,7.367459197560354,0.323,pre-control
50000.0,100.0,0.002,8.565348069446355,7.555965297945352,0.323,pre-control
50000.0,100.0,0.002,8.58862491425044,7.735967975137679,0.323,pre-control
50000.0,100.0,0.002,8.590347409577516,7.749288241390886,0.323,pre-control
50000.0,100.0,0.002,8.61534674970868,7.947553722633041,0.323,pre-control
50000.0,100.0,0.002,8.640346089839841,8.150887308714948,0.323,pre-control
50000.0,100.0,0.002,8.659605285442591,8.311535879523937,0.323,pre-control
50000.0,100.0,0.002,8.665345429971005,8.359416696238577,0.323,pre-control
50000.0,100.0,0.002,8.690344770102168,8.5732734138679,0.323,pre-control
50000.0,100.0,0.002,8.715344110233332,8.792592822328949,0.323,pre-control
50000.0,100.0,0.002,8.730585656634744,8.929722374226301,0.323,pre-control
50000.0,100.0,0.002,8.740343450364493,9.017514114409781,0.323,pre-control
50000.0,100.0,0.002,8.765342790495657,9.248180314960551,0.323,pre-control
50000.0,100.0,0.002,8.790342130626819,9.484738280893394,0.323,pre-control
50000.0,100.0,0.002,8.801566027826897,9.593658042924519,0.323,pre-control
50000.0,100.0,0.002,8.815341470757982,9.727338701182553,0.323,pre-control
50000.0,100.0,0.002,8.840340810889145,9.976136096864272,0.323,pre-control
50000.0,100.0,0.002,8.865340151020307,10.23128882103683,0.323,pre-control
50000.0,100.0,0.002,8.872546399019049,10.30671723705719,0.323,pre-control
50000.0,100.0,0.002,8.89033949115147,10.492959058860615,0.323,pre-control
50000.0,100.0,0.002,8.915338831282632,10.76131282755798,0.323,pre-control
50000.0,100.0,0.002,8.940338171413796,11.036519976413404,0.323,pre-control
50000.0,100.0,0.002,8.943526770211202,11.072518193127081,0.323,pre-control
50000.0,100.0,0.002,8.96533751154496,11.318754186773347,0.323,pre-control
50000.0,100.0,0.002,8.990336851676123,11.608193216836103,0.323,pre-control
50000.0,100.0,0.002,9.014507141403353,11.895179544714702,0.323,pre-control
50000.0,100.0,0.002,9.015336191807284,11.905023288159054,0.323,pre-control
50000.0,100.0,0.002,9.040335531938448,12.209431891944053,0.323,pre-control
50000.0,100.0,0.002,9.06533487206961,12.52161001898844,0.323,pre-control
50000.0,100.0,0.002,9.085487512595506,12.779686896593455,0.323,pre-control
50000.0,100.0,0.002,9.090334212200773,12.841754251946188,0.323,pre-control
50000.0,100.0,0.002,9.115333552331936,13.170066765327753,0.323,pre-control
50000.0,100.0,0.002,9.140332892463098,13.50675532550013,0.323,pre-control
50000.0,100.0,0.002,9.15646788378766,13.729603486436448,0.323,pre-control
50000.0,100.0,0.002,9.165332232594261,13.852033290686936,0.323,pre-control
50000.0,100.0,0.002,9.190331572725423,14.206119610968239,0.323,pre-control
50000.0,100.0,0.002,9.215330912856587,14.569238828280746,0.323,pre-control
50000.0,100.0,0.002,9.22744825497981,14.749734916482094,0.323,pre-control
50000.0,100.0,0.002,9.24033025298775,14.94162107641764,0.323,pre-control
50000.0,100.0,0.002,9.265329593118912,15.323502081028648,0.323,pre-control
50000.0,100.0,0.002,9.290328933250075,15.715123159620124,0.323,pre-control
50000.0,100.0,0.002,9.298428626171964,15.845242673157655,0.323,pre-control
50000.0,100.0,0.002,9.315328273381237,16.116731221554854,0.323,pre-control
50000.0,100.0,0.002,9.3403276135124,16.528578768052288,0.323,pre-control
50000.0,100.0,0.002,9.365326953643564,16.950925481592368,0.323,pre-control
50000.0,100.0,0.002,9.369408997364115,17.02164713919048,0.323,pre-control
50000.0,100.0,0.002,9.390326293774727,17.384040581274892,0.323,pre-control
50000.0,100.0,0.002,9.415325633905889,17.828195000188618,0.323,pre-control
50000.0,100.0,0.002,9.440324974037052,18.28366702379153,0.323,pre-control
50000.0,100.0,0.002,9.440389368556268,18.284870140367637,0.323,pre-control
50000.0,100.0,0.002,9.465324314168214,18.75074280710231,0.323,pre-control
50000.0,100.0,0.002,9.490323654299377,19.229716374700594,0.323,pre-control
50000.0,100.0,0.002,9.511369739748421,19.643218253226753,0.323,pre-control
50000.0,100.0,0.002,9.51532299443054,19.720889620726744,0.323,pre-control
50000.0,100.0,0.002,9.540322334561703,20.224572308881953,0.323,pre-control
50000.0,100.0,0.002,9.565321674692866,20.741082072428338,0.323,pre-control
50000.0,100.0,0.002,9.582350110940572,21.101864451969405,0.323,pre-control
50000.0,100.0,0.002,9.590321014824028,21.270744414188695,0.323,pre-control
50000.0,100.0,0.002,9.615320354955191,21.813892706546795,0.323,pre-control
50000.0,100.0,0.002,9.640319695086355,22.370868191447137,0.323,pre-control
50000.0,100.0,0.002,9.653330482132725,22.668121409258738,0.323,pre-control
50000.0,100.0,0.002,9.665319035217518,22.942019980395056,0.323,pre-control
50000.0,100.0,0.002,9.69031837534868,23.52770520207659,0.323,pre-control
50000.0,100.0,0.002,9.715317715479843,24.128293984632187,0.323,pre-control
50000.0,100.0,0.002,9.724310853324878,24.34984333964108,0.323,pre-control
50000.0,100.0,0.002,9.740317055611005,24.744162191830245,0.323,pre-control
50000.0,100.0,0.002,9.765316395742168,25.37569339468807,0.323,pre-control
50000.0,100.0,0.002,9.790315735873332,26.023281898966744,0.323,pre-control
50000.0,100.0,0.002,9.79529122451703,26.155444485130772,0.323,pre-control
50000.0,100.0,0.002,9.815315076004493,26.687332745171254,0.323,pre-control
50000.0,100.0,0.002,9.840314416135657,27.368261708550627,0.323,pre-control
50000.0,100.0,0.002,9.865313756266819,28.06649529909761,0.323,pre-control
50000.0,100.0,0.002,9.866271595709183,28.09392760467459,0.323,pre-control
50000.0,100.0,0.002,9.890313096397982,28.782470761549046,0.323,pre-control
50000.0,100.0,0.002,9.915312436529145,29.516636075385538,0.323,pre-control
50000.0,100.0,0.002,9.937251966901336,30.177308832588654,0.323,pre-control
50000.0,100.0,0.002,9.940311776660309,30.269449954831643,0.323,pre-control
50000.0,100.0,0.002,9.96531111679147,31.04138184885577,0.323,pre-control
50000.0,100.0,0.002,9.990310456922634,31.832911941170394,0.323,pre-control
50000.0,100.0,0.002,10.008232338093487,32.41475853662015,0.323,pre-control
50000.0,100.0,0.002,10.015309797053796,32.644533266249994,0.323,pre-control
50000.0,100.0,0.002,10.040309137184959,33.476753535347164,0.323,pre-control
50000.0,100.0,0.002,10.065308477316123,34.33008748560978,0.323,pre-control
50000.0,100.0,0.002,10.07921270928564,34.81673520802976,0.323,pre-control
50000.0,100.0,0.002,10.090307817447284,35.205063677283206,0.323,pre-control
50000.0,100.0,0.002,10.115307157578448,36.102224913083596,0.323,pre-control
50000.0,100.0,0.002,10.14030649770961,37.02212823819749,0.323,pre-control
50000.0,100.0,0.002,10.150193080477791,37.39514568364073,0.323,pre-control
50000.0,100.0,0.002,10.165305837840773,37.96534494028231,0.323,pre-control
50000.0,100.0,0.002,10.190305177971936,38.93246054946591,0.323,pre-control
50000.0,100.0,0.002,10.2153045181031,39.92407483834683,0.323,pre-control
50000.0,100.0,0.002,10.221173451669944,40.162765263427566,0.323,pre-control
50000.0,100.0,0.002,10.240303858234261,40.9408018219942,0.323,pre-control
50000.0,100.0,0.002,10.265303198365425,41.983269757947944,0.323,pre-control
50000.0,100.0,0.002,10.290302538496586,43.05212115055794,0.323,pre-control
50000.0,100.0,0.002,10.292153822862097,43.13327591997947,0.323,pre-control
50000.0,100.0,0.002,10.31530187862775,44.14801744927431,0.323,pre-control
50000.0,100.0,0.002,10.340301218758913,45.27163414204533,0.323,pre-control
50000.0,100.0,0.002,10.363134194054249,46.32382914443322,0.323,pre-control
50000.0,100.0,0.002,10.365300558890075,46.423660122399156,0.323,pre-control
50000.0,100.0,0.002,10.390299899021239,47.60480270558327,0.323,pre-control
50000.0,100.0,0.002,10.4152992391524,48.81578762856387,0.323,pre-control
50000.0,100.0,0.002,10.434114565246402,49.750235139628074,0.323,pre-control
50000.0,100.0,0.002,10.440298579283564,50.05735905002654,0.323,pre-control
50000.0,100.0,0.002,10.465297919414727,51.3302795503757,0.323,pre-control
50000.0,100.0,0.002,10.490297259545889,52.63533013173478,0.323,pre-control
50000.0,100.0,0.002,10.505094936438553,53.42731091605559,0.323,pre-control
50000.0,100.0,0.002,10.515296599677052,53.97331021794659,0.323,pre-control
50000.0,100.0,0.002,10.540295939808214,55.34503765457258,0.323,pre-control
50000.0,100.0,0.002,10.565295279939377,56.75134872753124,0.323,pre-control
50000.0,100.0,0.002,10.576075307630706,57.3730512539388,0.323,pre-control
50000.0,100.0,0.002,10.59029462007054,58.193103179662,0.323,pre-control
50000.0,100.0,0.002,10.615293960201704,59.671178522320986,0.323,pre-control
50000.0,100.0,0.002,10.640293300332866,61.18647064896544,0.323,pre-control
50000.0,100.0,0.002,10.64705567882286,61.60667648143146,0.323,pre-control
50000.0,100.0,0.002,10.66529264046403,62.73989871373013,0.323,pre-control
50000.0,100.0,0.002,10.690291980595191,64.3324051314266,0.323,pre-control
50000.0,100.0,0.002,10.715291320726354,65.964955577544,0.323,pre-control
50000.0,100.0,0.002,10.71803605001501,66.14870176365406,0.323,pre-control
50000.0,100.0,0.002,10.740290660857518,67.63853898824843,0.323,pre-control
50000.0,100.0,0.002,10.765290000988681,69.35416756038322,0.323,pre-control
50000.0,100.0,0.002,10.789016421207164,71.0233265498155,0.323,pre-control
50000.0,100.0,0.002,10.790289341119843,71.1128767514688,0.323,pre-control
50000.0,100.0,0.002,10.815288681251005,72.91572527970308,0.323,pre-control
50000.0,100.0,0.002,10.840288021382168,74.7637973688287,0.323,pre-control
50000.0,100.0,0.002,10.859996792399317,76.25729430618107,0.323,pre-control
50000.0,100.0,0.002,10.865287361513332,76.65820457916345,0.323,pre-control
50000.0,100.0,0.002,10.890286701644495,78.6000787145443,0.323,pre-control
50000.0,100.0,0.002,10.915286041775657,80.59057980523427,0.323,pre-control
50000.0,100.0,0.002,10.930977163591468,81.8712079629504,0.323,pre-control
50000.0,100.0,0.002,10.940285381906818,82.63089656984116,0.323,pre-control
50000.0,100.0,0.002,10.965284722037982,84.72224641531717,0.323,pre-control
50000.0,100.0,0.002,10.990284062169145,86.86587543695869,0.323,pre-control
50000.0,100.0,0.002,11.001957534783621,87.89185273189345,0.323,pre-control
50000.0,100.0,0.002,11.015283402300309,89.06305841840668,0.323,pre-control
50000.0,100.0,0.002,11.040282742431472,91.31509883164654,0.323,pre-control
50000.0,100.0,0.002,11.065282082562634,93.62332883700795,0.323,pre-control
50000.0,100.0,0.002,11.072937905975774,94.3478288573571,0.323,pre-control
50000.0,100.0,0.002,11.090281422693796,95.98911256219884,0.323,pre-control
50000.0,100.0,0.002,11.115280762824959,98.41384491319488,0.323,pre-control
50000.0,100.0,0.002,11.131236973843254,100.0,0.8453598686198525,threshold-control
50000.0,100.0,0.002,11.143918277167925,100.0,0.8453159640951122,threshold-control
50000.0,100.0,0.002,11.214898648360078,100.0,0.8450700243513695,threshold-control
50000.0,100.0,0.002,11.28587901955223,100.0,0.8448237529770737,threshold-control
50000.0,100.0,0.002,11.356859390744383,100.0,0.8445771497139727,threshold-control
50000.0,100.0,0.002,11.427839761936536,100.0,0.8443302143042299,threshold-control
50000.0,100.0,0.002,11.498820133128687,100.0,0.8440829464904274,threshold-control
50000.0,100.0,0.002,11.56980050432084,100.0,0.8438353460155668,threshold-control
50000.0,100.0,0.002,11.640780875512991,100.0,0.8435874126230737,threshold-control
50000.0,100.0,0.002,11.711761246705144,100.0,0.8433391460567985,threshold-control
50000.0,100.0,0.002,11.782741617897297,100.0,0.8430905460610194,threshold-control
50000.0,100.0,0.002,11.853721989089449,100.0,0.8428416123804447,threshold-control
50000.0,100.0,0.002,11.924702360281602,100.0,0.8425923447602156,threshold-control
50000.0,100.0,0.002,11.995682731473755,100.0,0.8423427429459076,threshold-control
50000.0,100.0,0.002,12.0,100.0,0.8423275505241218,threshold-control
50000.0,100.0,0.002,12.066663102665906,100.0,0.8420928066835343,threshold-control
50000.0,100.0,0.002,12.13764347385806,100.0,0.8418425357195485,threshold-control
50000.0,100.0,0.002,12.208623845050212,100.0,0.8415919298008454,threshold-control
50000.0,100.0,0.002,12.279604216242364,100.0,0.8413409886747651,threshold-control
50000.0,100.0,0.002,12.350584587434517,100.0,0.8410897120890944,threshold-control
50000.0,100.0,0.002,12.421564958626668,100.0,0.8408380997920698,threshold-control
50000.0,100.0,0.002,12.492545329818821,100.0,0.8405861515323798,threshold-control
50000.0,100.0,0.002,12.563525701010974,100.0,0.840333867059167,threshold-control
50000.0,100.0,0.002,12.634506072203125,100.0,0.8400812461220312,threshold-control
50000.0,100.0,0.002,12.705486443395278,100.0,0.8398282884710313,threshold-control
50000.0,100.0,0.002,12.77646681458743,100.0,0.839574993856688,threshold-control
50000.0,100.0,0.002,12.847447185779583,100.0,0.8393213620299862,threshold-control
50000.0,100.0,0.002,12.918427556971736,100.0,0.8390673927423775,threshold-control
50000.0,100.0,0.002,12.989407928163887,100.0,0.8388130857457825,threshold-control
50000.0,100.0,0.002,13.0,100.0,0.8387751077185832,threshold-control
50000.0,100.0,0.002,13.06038829935604,100.0,0.8385584407925937,threshold-control
50000.0,100.0,0.002,13.131368670548193,100.0,0.8383034576356774,threshold-control
50000.0,100.0,0.002,13.202349041740344,100.0,0.8380481360283767,threshold-control
50000.0,100.0,0.002,13.273329412932497,100.0,0.8377924757245134,threshold-control
50000.0,100.0,0.002,13.34430978412465,100.0,0.8375364764783916,threshold-control
50000.0,100.0,0.002,13.415290155316802,100.0,0.8372801380447985,threshold-control
50000.0,100.0,0.002,13.486270526508955,100.0,0.8370234601790085,threshold-control
50000.0,100.0,0.002,13.557250897701106,100.0,0.8367664426367849,threshold-control
50000.0,100.0,0.002,13.62823126889326,100.0,0.8365090851743823,threshold-control
50000.0,100.0,0.002,13.699211640085412,100.0,0.8362513875485496,threshold-control
50000.0,100.0,0.002,13.770192011277564,100.0,0.8359933495165321,threshold-control
50000.0,100.0,0.002,13.841172382469717,100.0,0.8357349708360744,threshold-control
50000.0,100.0,0.002,13.912152753661868,100.0,0.8354762512654226,threshold-control
50000.0,100.0,0.002,13.983133124854021,100.0,0.8352171905633267,threshold-control
50000.0,100.0,0.002,14.0,100.0,0.8351555804750403,threshold-control
50000.0,100.0,0.002,14.054113496046174,100.0,0.8349577884890437,threshold-control
50000.0,100.0,0.002,14.125093867238325,100.0,0.8346980448023396,threshold-control
50000.0,100.0,0.002,14.196074238430478,100.0,0.8344379592634921,threshold-control
50000.0,100.0,0.002,14.267054609622631,100.0,0.8341775316332932,threshold-control
50000.0,100.0,0.002,14.338034980814783,100.0,0.8339167616730518,threshold-control
50000.0,100.0,0.002,14.409015352006936,100.0,0.8336556491445962,threshold-control
50000.0,100.0,0.002,14.479995723199089,100.0,0.8333941938102762,threshold-control
50000.0,100.0,0.002,14.55097609439124,100.0,0.8331323954329666,threshold-control
50000.0,100.0,0.002,14.621956465583393,100.0,0.8328702537760687,threshold-control
50000.0,100.0,0.002,14.692936836775544,100.0,0.8326077686035138,threshold-control
50000.0,100.0,0.002,14.763917207967697,100.0,0.8323449396797651,threshold-control
50000.0,100.0,0.002,14.83489757915985,100.0,0.8320817667698205,threshold-control
50000.0,100.0,0.002,14.905877950352002,100.0,0.8318182496392154,threshold-control
50000.0,100.0,0.002,14.976858321544155,100.0,0.8315543880540248,threshold-control
50000.0,100.0,0.002,15.0,100.0,0.8314682869573924,threshold-control
50000.0,100.0,0.002,15.047838692736306,100.0,0.8312901817808664,threshold-control
50000.0,100.0,0.002,15.11881906392846,100.0,0.8310256305869027,threshold-control
50000.0,100.0,0.002,15.189799435120612,100.0,0.830760734239844,threshold-control
50000.0,100.0,0.002,15.260779806312764,100.0,0.8304954925079507,threshold-control
50000.0,100.0,0.002,15.331760177504917,100.0,0.8302299051600361,threshold-control
50000.0,100.0,0.002,15.40274054869707,100.0,0.8299639719654688,threshold-control
50000.0,100.0,0.002,15.473720919889221,100.0,0.8296976926941753,threshold-control
50000.0,100.0,0.002,15.544701291081374,100.0,0.8294310671166429,threshold-control
50000.0,100.0,0.002,15.615681662273527,100.0,0.8291640950039223,threshold-control
50000.0,100.0,0.002,15.686662033465678,100.0,0.8288967761276296,threshold-control
50000.0,100.0,0.002,15.757642404657831,100.0,0.8286291102599496,threshold-control
50000.0,100.0,0.002,15.828622775849983,100.0,0.828361097173638,threshold-control
50000.0,100.0,0.002,15.899603147042136,100.0,0.8280927366420245,threshold-control
50000.0,100.0,0.002,15.970583518234289,100.0,0.827824028439015,threshold-control
50000.0,100.0,0.002,16.0,100.0,0.8277125654178589,threshold-control
50000.0,100.0,0.002,16.041563889426442,100.0,0.827554972339094,threshold-control
50000.0,100.0,0.002,16.11254426061859,100.0,0.8272855681173281,threshold-control
50000.0,100.0,0.002,16.183524631810744,100.0,0.8270158155493679,threshold-control
50000.0,100.0,0.002,16.254505003002897,100.0,0.8267457144114507,threshold-control
50000.0,100.0,0.002,16.32548537419505,100.0,0.8264752644804036,threshold-control
50000.0,100.0,0.002,16.396465745387204,100.0,0.8262044655336458,threshold-control
50000.0,100.0,0.002,16.467446116579353,100.0,0.825933317349191,threshold-control
50000.0,100.0,0.002,16.538426487771506,100.0,0.8256618197056508,threshold-control
50000.0,100.0,0.002,16.60940685896366,100.0,0.8253899723822364,threshold-control
50000.0,100.0,0.002,16.680387230155812,100.0,0.8251177751587625,threshold-control
50000.0,100.0,0.002,16.751367601347965,100.0,0.8248452278156485,threshold-control
50000.0,100.0,0.002,16.82234797254012,100.0,0.8245723301339223,threshold-control
50000.0,100.0,0.002,16.893328343732268,100.0,0.8242990818952226,threshold-control
50000.0,100.0,0.002,16.96430871492442,100.0,0.8240254828818013,threshold-control
50000.0,100.0,0.002,17.0,100.0,0.8238877756182903,threshold-control
50000.0,100.0,0.002,17.035289086116574,100.0,0.8237515328765268,threshold-control
50000.0,100.0,0.002,17.106269457308727,100.0,0.8234772316628859,threshold-control
50000.0,100.0,0.002,17.17724982850088,100.0,0.8232025790249872,threshold-control
50000.0,100.0,0.002,17.24823019969303,100.0,0.8229275747475634,threshold-control
50000.0,100.0,0.002,17.319210570885183,100.0,0.8226522186159739,threshold-control
50000.0,100.0,0.002,17.390190942077336,100.0,0.8223765104162081,threshold-control
50000.0,100.0,0.002,17.46117131326949,100.0,0.822100449934887,threshold-control
50000.0,100.0,0.002,17.532151684461642,100.0,0.8218240369592671,threshold-control
50000.0,100.0,0.002,17.603132055653795,100.0,0.8215472712772424,threshold-control
50000.0,100.0,0.002,17.674112426845944,100.0,0.8212701526773473,threshold-control
50000.0,100.0,0.002,17.745092798038097,100.0,0.8209926809487589,threshold-control
50000.0,100.0,0.002,17.81607316923025,100.0,0.8207148558813008,threshold-control
50000.0,100.0,0.002,17.887053540422404,100.0,0.8204366772654443,threshold-control
50000.0,100.0,0.002,17.958033911614557,100.0,0.8201581448923128,threshold-control
50000.0,100.0,0.002,18.0,100.0,0.8199933002798384,threshold-control
50000.0,100.0,0.002,18.029014282806706,100.0,0.8198792585536826,threshold-control
50000.0,100.0,0.002,18.09999465399886,100.0,0.8196000180419875,threshold-control
50000.0,100.0,0.002,18.170975025191012,100.0,0.8193204231503203,threshold-control
50000.0,100.0,0.002,18.241955396383165,100.0,0.8190404736724359,threshold-control
50000.0,100.0,0.002,18.31293576757532,100.0,0.8187601694027544,threshold-control
50000.0,100.0,0.002,18.383916138767468,100.0,0.818479510136363,threshold-control
50000.0,100.0,0.002,18.45489650995962,100.0,0.8181984956690194,threshold-control
50000.0,100.0,0.002,18.525876881151774,100.0,0.8179171257971544,threshold-control
50000.0,100.0,0.002,18.596857252343927,100.0,0.8176354003178745,threshold-control
50000.0,100.0,0.002,18.66783762353608,100.0,0.817353319028965,threshold-control
50000.0,100.0,0.002,18.73881799472823,100.0,0.8170708817288922,threshold-control
50000.0,100.0,0.002,18.809798365920383,100.0,0.8167880882168064,threshold-control
50000.0,100.0,0.002,18.880778737112536,100.0,0.816504938292545,threshold-control
50000.0,100.0,0.002,18.95175910830469,100.0,0.8162214317566346,threshold-control
50000.0,100.0,0.002,19.0,100.0,0.816028546559233,threshold-control
50000.0,100.0,0.002,19.022739479496842,100.0,0.8159375684102945,threshold-control
50000.0,100.0,0.002,19.093719850688995,100.0,0.8156533480554389,threshold-control
50000.0,100.0,0.002,19.164700221881144,100.0,0.8153687704946795,threshold-control
50000.0,100.0,0.002,19.235680593073297,100.0,0.815083835531329,threshold-control
50000.0,100.0,0.002,19.30666096426545,100.0,0.8147985429694035,threshold-control
50000.0,100.0,0.002,19.377641335457604,100.0,0.8145128926136249,threshold-control
50000.0,100.0,0.002,19.448621706649757,100.0,0.8142268842694245,threshold-control
50000.0,100.0,0.002,19.519602077841906,100.0,0.8139405177429448,threshold-control
50000.0,100.0,0.002,19.59058244903406,100.0,0.813653792841043,threshold-control
50000.0,100.0,0.002,19.661562820226212,100.0,0.8133667093712937,threshold-control
50000.0,100.0,0.002,19.732543191418365,100.0,0.8130792671419912,threshold-control
50000.0,100.0,0.002,19.80352356261052,100.0,0.8127914659621529,threshold-control
50000.0,100.0,0.002,19.87450393380267,100.0,0.8125033056415217,threshold-control
50000.0,100.0,0.002,19.94548430499482,100.0,0.8122147859905691,threshold-control
50000.0,100.0,0.002,20.0,100.0,0.8119929475497313,threshold-control
50000.0,100.0,0.002,20.016464676186974,100.0,0.8119259068204975,threshold-control
50000.0,100.0,0.002,20.087445047379127,100.0,0.8116366679432432,threshold-control
50000.0,100.0,0.002,20.15842541857128,100.0,0.8113470691714799,threshold-control
50000.0,100.0,0.002,20.229405789763433,100.0,0.8110571103186204,threshold-control
50000.0,100.0,0.002,20.300386160955583,100.0,0.8107667911988199,threshold-control
50000.0,100.0,0.002,20.371366532147736,100.0,0.8104761116269791,threshold-control
50000.0,100.0,0.002,20.44234690333989,100.0,0.8101850714187463,threshold-control
50000.0,100.0,0.002,20.513327274532042,100.0,0.8098936703905211,threshold-control
50000.0,100.0,0.002,20.584307645724195,100.0,0.8096019083594563,threshold-control
50000.0,100.0,0.002,20.655288016916344,100.0,0.8093097851434614,threshold-control
50000.0,100.0,0.002,20.726268388108497,100.0,0.8090173005612052,threshold-control
50000.0,100.0,0.002,20.79724875930065,100.0,0.8087244544321184,threshold-control
50000.0,100.0,0.002,20.868229130492804,100.0,0.8084312465763965,threshold-control
50000.0,100.0,0.002,20.939209501684957,100.0,0.808137676815003,threshold-control
50000.0,100.0,0.002,21.0,100.0,0.807885963804622,threshold-control
50000.0,100.0,0.002,21.010189872877106,100.0,0.807843744969672,threshold-control
50000.0,100.0,0.002,21.08117024406926,100.0,0.8075494508629106,threshold-control
50000.0,100.0,0.002,21.152150615261412,100.0,0.8072547943180024,threshold-control
50000.0,100.0,0.002,21.223130986453565,100.0,0.80695977515901,threshold-control
50000.0,100.0,0.002,21.29411135764572,100.0,0.8066643932107775,threshold-control
50000.0,100.0,0.002,21.36509172883787,100.0,0.8063686482989345,threshold-control
50000.0,100.0,0.002,21.43607210003002,100.0,0.8060725402498972,threshold-control
50000.0,100.0,0.002,21.507052471222174,100.0,0.8057760688908727,threshold-control
50000.0,100.0,0.002,21.578032842414327,100.0,0.8054792340498613,threshold-control
50000.0,100.0,0.002,21.64901321360648,100.0,0.8051820355556591,threshold-control
50000.0,100.0,0.002,21.719993584798633,100.0,0.8048844732378614,threshold-control
50000.0,100.0,0.002,21.790973955990783,100.0,0.8045865469268649,threshold-control
50000.0,100.0,0.002,21.861954327182936,100.0,0.8042882564538713,threshold-control
50000.0,100.0,0.002,21.93293469837509,100.0,0.8039896016508892,threshold-control
50000.0,100.0,0.002,22.0,100.0,0.8037070848809802,threshold-control
50000.0,100.0,0.002,22.003915069567242,100.0,0.8036905823507379,threshold-control
50000.0,100.0,0.002,22.074895440759395,100.0,0.8033911983870495,threshold-control
50000.0,100.0,0.002,22.145875811951548,100.0,0.8030914495942727,threshold-control
50000.0,100.0,0.002,22.216856183143697,100.0,0.8027913358076743,threshold-control
50000.0,100.0,0.002,22.28783655433585,100.0,0.8024908568633431,threshold-control
50000.0,100.0,0.002,22.358816925528004,100.0,0.8021900125981926,threshold-control
50000.0,100.0,0.002,22.429797296720157,100.0,0.8018888028499634,threshold-control
50000.0,100.0,0.002,22.50077766791231,100.0,0.8015872274572267,threshold-control
50000.0,100.0,0.002,22.57175803910446,100.0,0.8012852862593864,threshold-control
50000.0,100.0,0.002,22.642738410296612,100.0,0.8009829790966829,threshold-control
50000.0,100.0,0.002,22.713718781488765,100.0,0.8006803058101951,threshold-control
50000.0,100.0,0.002,22.78469915268092,100.0,0.8003772662418438,threshold-control
50000.0,100.0,0.002,22.85567952387307,100.0,0.8000738602343942,threshold-control
50000.0,100.0,0.002,22.92665989506522,100.0,0.7997700876314591,threshold-control
50000.0,100.0,0.002,22.997640266257374,100.0,0.7994659482775017,threshold-control
50000.0,100.0,0.002,23.0,100.0,0.7994558309011774,threshold-control
50000.0,100.0,0.002,23.068620637449527,100.0,0.7991614420178381,threshold-control
50000.0,100.0,0.002,23.13960100864168,100.0,0.7988565686986411,threshold-control
50000.0,100.0,0.002,23.210581379833833,100.0,0.7985513281669415,threshold-control
50000.0,100.0,0.002,23.281561751025983,100.0,0.7982457202706328,threshold-control
50000.0,100.0,0.002,23.352542122218136,100.0,0.7979397448584726,threshold-control
50000.0,100.0,0.002,23.42352249341029,100.0,0.7976334017800866,threshold-control
50000.0,100.0,0.002,23.494502864602442,100.0,0.7973266908859703,threshold-control
50000.0,100.0,0.002,23.565483235794595,100.0,0.797019612027493,threshold-control
50000.0,100.0,0.002,23.636463606986748,100.0,0.7967121650569002,threshold-control
50000.0,100.0,0.002,23.707443978178897,100.0,0.7964043498273163,threshold-control
50000.0,100.0,0.002,23.77842434937105,100.0,0.7960961661927477,threshold-control
50000.0,100.0,0.002,23.849404720563204,100.0,0.7957876140080856,threshold-control
50000.0,100.0,0.002,23.920385091755357,100.0,0.7954786931291091,threshold-control
50000.0,100.0,0.002,23.99136546294751,100.0,0.795169403412488,threshold-control
50000.0,100.0,0.002,24.0,100.0,0.7951317541294571,threshold-control
50000.0,100.0,0.002,24.06234583413966,100.0,0.7948597447157852,threshold-control
50000.0,100.0,0.002,24.133326205331812,100.0,0.7945497168974603,threshold-control
50000.0,100.0,0.002,24.204306576523965,100.0,0.7942393198168722,threshold-control
50000.0,100.0,0.002,24.27528694771612,100.0,0.7939285533342817,threshold-control
50000.0,100.0,0.002,24.34626731890827,100.0,0.793617417310855,threshold-control
50000.0,100.0,0.002,24.417247690100425,100.0,0.7933059116086658,threshold-control
50000.0,100.0,0.002,24.488228061292574,100.0,0.7929940360906991,threshold-control
50000.0,100.0,0.002,24.559208432484727,100.0,0.7926817906208534,threshold-control
50000.0,100.0,0.002,24.63018880367688,100.0,0.7923691750639437,threshold-control
50000.0,100.0,0.002,24.701169174869033,100.0,0.7920561892857045,threshold-control
50000.0,100.0,0.002,24.772149546061186,100.0,0.7917428331527931,threshold-control
50000.0,100.0,0.002,24.843129917253336,100.0,0.7914291065327915,threshold-control
50000.0,100.0,0.002,24.91411028844549,100.0,0.7911150092942103,threshold-control
50000.0,100.0,0.002,24.985090659637642,100.0,0.7908005413064909,threshold-control
50000.0,100.0,0.002,25.0,100.0,0.7907344405606962,threshold-control
50000.0,100.0,0.002,25.056071030829795,100.0,0.790485702440009,threshold-control
50000.0,100.0,0.002,25.127051402021948,100.0,0.7901704925660767,threshold-control
50000.0,100.0,0.002,25.198031773214097,100.0,0.7898549115569463,threshold-control
50000.0,100.0,0.002,25.26901214440625,100.0,0.7895389592858123,threshold-control
50000.0,100.0,0.002,25.339992515598404,100.0,0.789222635626815,threshold-control
50000.0,100.0,0.002,25.410972886790557,100.0,0.7889059404550434,threshold-control
50000.0,100.0,0.002,25.48195325798271,100.0,0.7885888736465371,threshold-control
50000.0,100.0,0.002,25.55293362917486,100.0,0.7882714350782904,threshold-control
50000.0,100.0,0.002,25.623914000367012,100.0,0.7879536246282549,threshold-control
50000.0,100.0,0.002,25.694894371559165,100.0,0.7876354421753418,threshold-control
50000.0,100.0,0.002,25.76587474275132,100.0,0.7873168875994253,threshold-control
50000.0,100.0,0.002,25.83685511394347,100.0,0.7869979607813457,threshold-control
50000.0,100.0,0.002,25.907835485135625,100.0,0.7866786616029114,threshold-control
50000.0,100.0,0.002,25.978815856327774,100.0,0.7863589899469032,threshold-control
50000.0,100.0,0.002,26.0,100.0,0.786263511518271,threshold-control
50000.0,100.0,0.002,26.049796227519927,100.0,0.7860389456970756,threshold-control
50000.0,100.0,0.002,26.12077659871208,100.0,0.785718528738161,threshold-control
50000.0,100.0,0.002,26.191756969904233,100.0,0.7853977389558717,threshold-control
50000.0,100.0,0.002,26.262737341096386,100.0,0.7850765762369036,threshold-control
50000.0,100.0,0.002,26.333717712288536,100.0,0.7847550404689383,threshold-control
50000.0,100.0,0.002,26.40469808348069,100.0,0.7844331315406466,threshold-control
50000.0,100.0,0.002,26.475678454672842,100.0,0.784110849341691,threshold-control
50000.0,100.0,0.002,26.546658825864995,100.0,0.7837881937627287,threshold-control
50000.0,100.0,0.002,26.617639197057148,100.0,0.7834651646954146,threshold-control
50000.0,100.0,0.002,26.6886195682493,100.0,0.7831417620324044,threshold-control
50000.0,100.0,0.002,26.75959993944145,100.0,0.7828179856673567,threshold-control
50000.0,100.0,0.002,26.830580310633604,100.0,0.782493835494937,threshold-control
50000.0,100.0,0.002,26.901560681825757,100.0,0.7821693114108195,threshold-control
50000.0,100.0,0.002,26.97254105301791,100.0,0.7818444133116907,threshold-control
50000.0,100.0,0.002,27.0,100.0,0.7817186252577585,threshold-control
50000.0,100.0,0.002,27.043521424210063,100.0,0.7815191410952522,threshold-control
50000.0,100.0,0.002,27.114501795402212,100.0,0.7811934946602235,threshold-control
50000.0,100.0,0.002,27.185482166594365,100.0,0.7808674739063444,threshold-control
50000.0,100.0,0.002,27.25646253778652,100.0,0.780541078734379,threshold-control
50000.0,100.0,0.002,27.32744290897867,100.0,0.7802143090461174,threshold-control
50000.0,100.0,0.002,27.398423280170825,100.0,0.7798871647443796,threshold-control
50000.0,100.0,0.002,27.469403651362974,100.0,0.7795596457330175,threshold-control
50000.0,100.0,0.002,27.540384022555127,100.0,0.7792317519169186,threshold-control
50000.0,100.0,0.002,27.61136439374728,100.0,0.7789034832020081,threshold-control
50000.0,100.0,0.002,27.682344764939433,100.0,0.7785748394952524,threshold-control
50000.0,100.0,0.002,27.753325136131586,100.0,0.7782458207046616,threshold-control
50000.0,100.0,0.002,27.824305507323736,100.0,0.7779164267392931,threshold-control
50000.0,100.0,0.002,27.89528587851589,100.0,0.7775866575092528,threshold-control
50000.0,100.0,0.002,27.966266249708042,100.0,0.7772565129257002,threshold-control
50000.0,100.0,0.002,28.0,100.0,0.7770994785730044,threshold-control
50000.0,100.0,0.002,28.037246620900195,100.0,0.7769259929008495,threshold-control
50000.0,100.0,0.002,28.108226992092348,100.0,0.7765950973479734,threshold-control
50000.0,100.0,0.002,28.1792073632845,100.0,0.7762638261814058,threshold-control
50000.0,100.0,0.002,28.25018773447665,100.0,0.7759321793165443,threshold-control
50000.0,100.0,0.002,28.321168105668804,100.0,0.7756001566698538,threshold-control
50000.0,100.0,0.002,28.392148476860957,100.0,0.7752677581588687,threshold-control
50000.0,100.0,0.002,28.46312884805311,100.0,0.7749349837021959,threshold-control
50000.0,100.0,0.002,28.534109219245263,100.0,0.774601833219518,threshold-control
50000.0,100.0,0.002,28.605089590437412,100.0,0.774268306631596,threshold-control
50000.0,100.0,0.002,28.676069961629565,100.0,0.7739344038602718,threshold-control
50000.0,100.0,0.002,28.74705033282172,100.0,0.7736001248284718,threshold-control
50000.0,100.0,0.002,28.81803070401387,100.0,0.773265469460209,threshold-control
50000.0,100.0,0.002,28.889011075206025,100.0,0.7729304376805866,threshold-control
50000.0,100.0,0.002,28.959991446398178,100.0,0.7725950294158,threshold-control
50000.0,100.0,0.002,29.0,100.0,0.7724058084009027,threshold-control
50000.0,100.0,0.002,29.030971817590327,100.0,0.7722592445931408,threshold-control
50000.0,100.0,0.002,29.10195218878248,100.0,0.7719230831409981,threshold-control
50000.0,100.0,0.002,29.172932559974633,100.0,0.7715865449888631,threshold-control
50000.0,100.0,0.002,29.243912931166786,100.0,0.7712496300673307,threshold-control
50000.0,100.0,0.002,29.31489330235894,100.0,0.7709123383081028,threshold-control
50000.0,100.0,0.002,29.38587367355109,100.0,0.7705746696439911,threshold-control
50000.0,100.0,0.002,29.456854044743242,100.0,0.7702366240089201,threshold-control
50000.0,100.0,0.002,29.527834415935395,100.0,0.7698982013379296,threshold-control
50000.0,100.0,0.002,29.598814787127548,100.0,0.7695594015671778,threshold-control
50000.0,100.0,0.002,29.6697951583197,100.0,0.7692202246339445,threshold-control
50000.0,100.0,0.002,29.74077552951185,100.0,0.7688806704766328,threshold-control
50000.0,100.0,0.002,29.811755900704004,100.0,0.7685407390347732,threshold-control
50000.0,100.0,0.002,29.882736271896157,100.0,0.768200430249026,threshold-control
50000.0,100.0,0.002,29.95371664308831,100.0,0.7678597440611834,threshold-control
50000.0,100.0,0.002,30.0,100.0,0.7676373934210388,threshold-control
50000.0,100.0,0.002,30.024697014280463,100.0,0.7675186804141738,threshold-control
50000.0,100.0,0.002,30.095677385472612,100.0,0.7671772392520634,threshold-control
50000.0,100.0,0.002,30.166657756664765,100.0,0.7668354205200594,threshold-control
50000.0,100.0,0.002,30.23763812785692,100.0,0.7664932241645128,threshold-control
50000.0,100.0,0.002,30.30861849904907,100.0,0.7661506501329218,threshold-control
50000.0,100.0,0.002,30.379598870241225,100.0,0.7658076983739335,threshold-control
50000.0,100.0,0.002,30.450579241433378,100.0,0.7654643688373476,threshold-control
50000.0,100.0,0.002,30.521559612625527,100.0,0.765120661474119,threshold-control
50000.0,100.0,0.002,30.59253998381768,100.0,0.7647765762363605,threshold-control
50000.0,100.0,0.002,30.663520355009833,100.0,0.7644321130773457,threshold-control
50000.0,100.0,0.002,30.734500726201986,100.0,0.7640872719515117,threshold-control
50000.0,100.0,0.002,30.80548109739414,100.0,0.7637420528144621,threshold-control
50000.0,100.0,0.002,30.87646146858629,100.0,0.7633964556229698,threshold-control
50000.0,100.0,0.002,30.947441839778442,100.0,0.7630504803349792,threshold-control
50000.0,100.0,0.002,31.0,100.0,0.7627940556461698,threshold-control
50000.0,100.0,0.002,31.018422210970595,100.0,0.7627041269096102,threshold-control
50000.0,100.0,0.002,31.089402582162748,100.0,0.7623573953071598,threshold-control
50000.0,100.0,0.002,31.1603829533549,100.0,0.7620102854891055,threshold-control
50000.0,100.0,0.002,31.231363324547054,100.0,0.7616627974181082,threshold-control
50000.0,100.0,0.002,31.302343695739204,100.0,0.7613149310580143,threshold-control
50000.0,100.0,0.002,31.373324066931357,100.0,0.7609666863738593,threshold-control
50000.0,100.0,0.002,31.44430443812351,100.0,0.7606180633318702,threshold-control
50000.0,100.0,0.002,31.515284809315663,100.0,0.7602690618994682,threshold-control
50000.0,100.0,0.002,31.586265180507816,100.0,0.7599196820452716,threshold-control
50000.0,100.0,0.002,31.657245551699965,100.0,0.7595699237390987,threshold-control
50000.0,100.0,0.002,31.72822592289212,100.0,0.7592197869519701,threshold-control
50000.0,100.0,0.002,31.79920629408427,100.0,0.7588692716561122,threshold-control
50000.0,100.0,0.002,31.870186665276425,100.0,0.7585183778249591,threshold-control
50000.0,100.0,0.002,31.941167036468578,100.0,0.7581671054331564,threshold-control
50000.0,100.0,0.002,32.0,100.0,0.7578756619993353,threshold-control
50000.0,100.0,0.002,32.01214740766073,100.0,0.7578154544565626,threshold-control
50000.0,100.0,0.002,32.083127778852884,100.0,0.7574634248722534,threshold-control
50000.0,100.0,0.002,32.15410815004503,100.0,0.7571110166585229,threshold-control
50000.0,100.0,0.002,32.22508852123718,100.0,0.7567582297948878,threshold-control
50000.0,100.0,0.002,32.29606889242934,100.0,0.7564050642620892,threshold-control
50000.0,100.0,0.002,32.36704926362149,100.0,0.7560515200420954,threshold-control
50000.0,100.0,0.002,32.438029634813645,100.0,0.755697597118105,threshold-control
50000.0,100.0,0.002,32.509010006005795,100.0,0.7553432954745496,threshold-control
50000.0,100.0,0.002,32.579990377197944,100.0,0.7549886150970961,threshold-control
50000.0,100.0,0.002,32.6509707483901,100.0,0.7546335559726498,threshold-control
50000.0,100.0,0.002,32.72195111958225,100.0,0.7542781180893571,threshold-control
50000.0,100.0,0.002,32.79293149077441,100.0,0.7539223014366082,threshold-control
50000.0,100.0,0.002,32.86391186196656,100.0,0.7535661060050396,threshold-control
50000.0,100.0,0.002,32.934892233158706,100.0,0.7532095317865372,threshold-control
50000.0,100.0,0.002,33.0,100.0,0.7528821258732209,threshold-control
50000.0,100.0,0.002,33.00587260435086,100.0,0.7528525787742384,threshold-control
50000.0,100.0,0.002,33.07685297554301,100.0,0.7524952469625356,threshold-control
50000.0,100.0,0.002,33.14783334673517,100.0,0.7521375363470781,threshold-control
50000.0,100.0,0.002,33.21881371792732,100.0,0.7517794469247755,threshold-control
50000.0,100.0,0.002,33.289794089119475,100.0,0.7514209786937999,threshold-control
50000.0,100.0,0.002,33.360774460311625,100.0,0.7510621316535886,threshold-control
50000.0,100.0,0.002,33.431754831503774,100.0,0.750702905804847,threshold-control
50000.0,100.0,0.002,33.50273520269593,100.0,0.7503433011495514,threshold-control
50000.0,100.0,0.002,33.57371557388808,100.0,0.7499833176909512,threshold-control
50000.0,100.0,0.002,33.64469594508024,100.0,0.749622955433572,threshold-control
50000.0,100.0,0.002,33.715676316272386,100.0,0.749262214383218,threshold-control
50000.0,100.0,0.002,33.786656687464536,100.0,0.748901094546975,threshold-control
50000.0,100.0,0.002,33.85763705865669,100.0,0.7485395959332122,threshold-control
50000.0,100.0,0.002,33.92861742984884,100.0,0.7481777185515861,threshold-control
50000.0,100.0,0.002,33.999597801041,100.0,0.7478154624130421,threshold-control
50000.0,100.0,0.002,34.0,100.0,0.7478134086672366,threshold-control
50000.0,100.0,0.002,34.07057817223315,100.0,0.7474528275298179,threshold-control
50000.0,100.0,0.002,34.1415585434253,100.0,0.7470898139154455,threshold-control
50000.0,100.0,0.002,34.212538914617454,100.0,0.7467264215847541,threshold-control
50000.0,100.0,0.002,34.283519285809604,100.0,0.746362650553873,threshold-control
50000.0,100.0,0.002,34.35449965700176,100.0,0.7459985008402336,threshold-control
50000.0,100.0,0.002,34.42548002819391,100.0,0.7456339724625727,threshold-control
50000.0,100.0,0.002,34.49646039938606,100.0,0.7452690654409345,threshold-control
50000.0,100.0,0.002,34.567440770578216,100.0,0.7449037797966738,threshold-control
50000.0,100.0,0.002,34.638421141770365,100.0,0.7445381155524581,threshold-control
50000.0,100.0,0.002,34.70940151296252,100.0,0.7441720727322703,threshold-control
50000.0,100.0,0.002,34.78038188415467,100.0,0.7438056513614115,threshold-control
50000.0,100.0,0.002,34.85136225534682,100.0,0.7434388514665038,threshold-control
50000.0,100.0,0.002,34.92234262653898,100.0,0.7430716730754918,threshold-control
50000.0,100.0,0.002,34.99332299773113,100.0,0.7427041162176468,threshold-control
50000.0,100.0,0.002,35.0,100.0,0.7426695212976195,threshold-control
50000.0,100.0,0.002,35.064303368923284,100.0,0.7423361809235676,threshold-control
50000.0,100.0,0.002,35.13528374011543,100.0,0.7419678672251848,threshold-control
50000.0,100.0,0.002,35.20626411130759,100.0,0.7415991751557619,threshold-control
50000.0,100.0,0.002,35.27724448249974,100.0,0.7412301047498989,threshold-control
50000.0,100.0,0.002,35.34822485369189,100.0,0.7408606560435342,threshold-control
50000.0,100.0,0.002,35.419205224884045,100.0,0.7404908290739475,threshold-control
50000.0,100.0,0.002,35.490185596076195,100.0,0.740120623879762,threshold-control
50000.0,100.0,0.002,35.56116596726835,100.0,0.7397500405009474,threshold-control
50000.0,100.0,0.002,35.6321463384605,100.0,0.7393790789788222,threshold-control
50000.0,100.0,0.002,35.70312670965265,100.0,0.7390077393560557,threshold-control
50000.0,100.0,0.002,35.77410708084481,100.0,0.7386360216766716,threshold-control
50000.0,100.0,0.002,35.84508745203696,100.0,0.73826392598605,threshold-control
50000.0,100.0,0.002,35.91606782322911,100.0,0.737891452330929,threshold-control
50000.0,100.0,0.002,35.98704819442126,100.0,0.7375186007594089,threshold-control
50000.0,100.0,0.002,36.0,100.0,0.7374505256757302,threshold-control
50000.0,100.0,0.002,36.05802856561341,100.0,0.7371453713209534,threshold-control
50000.0,100.0,0.002,36.12900893680557,100.0,0.7367717640663924,threshold-control
50000.0,100.0,0.002,36.19998930799772,100.0,0.7363977790479249,threshold-control
50000.0,100.0,0.002,36.270969679189875,100.0,0.736023416319121,threshold-control
50000.0,100.0,0.002,36.341950050382025,100.0,0.7356486759349247,threshold-control
50000.0,100.0,0.002,36.412930421574174,100.0,0.7352735579516558,threshold-control
50000.0,100.0,0.002,36.48391079276633,100.0,0.734898062427013,threshold-control
50000.0,100.0,0.002,36.55489116395848,100.0,0.7345221894200764,threshold-control
50000.0,100.0,0.002,36.62587153515064,100.0,0.7341459389913088,threshold-control
50000.0,100.0,0.002,36.696851906342786,100.0,0.7337693112025598,threshold-control
50000.0,100.0,0.002,36.767832277534936,100.0,0.7333923061170673,threshold-control
50000.0,100.0,0.002,36.83881264872709,100.0,0.7330149237994595,threshold-control
50000.0,100.0,0.002,36.90979301991924,100.0,0.7326371643157584,threshold-control
50000.0,100.0,0.002,36.9807733911114,100.0,0.7322590277333814,threshold-control
50000.0,100.0,0.002,37.0,100.0,0.7321565361495785,threshold-control
50000.0,100.0,0.002,37.05175376230355,100.0,0.7318805141211439,threshold-control
50000.0,100.0,0.002,37.1227341334957,100.0,0.731501623549262,threshold-control
50000.0,100.0,0.002,37.193714504687854,100.0,0.7311223560893547,threshold-control
50000.0,100.0,0.002,37.264694875880004,100.0,0.7307427118144458,threshold-control
50000.0,100.0,0.002,37.33567524707216,100.0,0.7303626907989672,threshold-control
50000.0,100.0,0.002,37.40665561826431,100.0,0.7299822931187605,threshold-control
50000.0,100.0,0.002,37.47763598945646,100.0,0.72960151885108,threshold-control
50000.0,100.0,0.002,37.548616360648616,100.0,0.7292203680745942,threshold-control
50000.0,100.0,0.002,37.619596731840765,100.0,0.7288388408693891,threshold-control
50000.0,100.0,0.002,37.69057710303292,100.0,0.72845693731697,threshold-control
50000.0,100.0,0.002,37.76155747422507,100.0,0.7280746575002637,threshold-control
50000.0,100.0,0.002,37.83253784541723,100.0,0.7276920015036215,threshold-control
50000.0,100.0,0.002,37.90351821660938,100.0,0.7273089694128207,threshold-control
50000.0,100.0,0.002,37.97449858780153,100.0,0.7269255613150676,threshold-control
50000.0,100.0,0.002,38.0,100.0,0.7267877209035096,threshold-control
50000.0,100.0,0.002,38.045478958993684,100.0,0.7265417772989993,threshold-control
50000.0,100.0,0.002,38.11645933018583,100.0,0.7261576174546865,threshold-control
50000.0,100.0,0.002,38.18743970137799,100.0,0.7257730818736352,threshold-control
50000.0,100.0,0.002,38.25842007257014,100.0,0.7253881706487896,threshold-control
50000.0,100.0,0.002,38.32940044376229,100.0,0.7250028838745338,threshold-control
50000.0,100.0,0.002,38.400380814954445,100.0,0.7246172216466944,threshold-control
50000.0,100.0,0.002,38.471361186146595,100.0,0.724231184062543,threshold-control
50000.0,100.0,0.002,38.54234155733875,100.0,0.7238447712207978,threshold-control
50000.0,100.0,0.002,38.6133219285309,100.0,0.7234579832216266,threshold-control
50000.0,100.0,0.002,38.68430229972305,100.0,0.723070820166648,threshold-control
50000.0,100.0,0.002,38.75528267091521,100.0,0.7226832821589352,threshold-control
50000.0,100.0,0.002,38.82626304210736,100.0,0.7222953693030165,threshold-control
50000.0,100.0,0.002,38.89724341329951,100.0,0.7219070817048789,threshold-control
50000.0,100.0,0.002,38.96822378449166,100.0,0.7215184194719695,threshold-control
50000.0,100.0,0.002,39.0,100.0,0.7213443033108757,threshold-control
50000.0,100.0,0.002,39.03920415568381,100.0,0.7211293827131977,threshold-control
50000.0,100.0,0.002,39.11018452687597,100.0,0.7207399715389382,threshold-control
50000.0,100.0,0.002,39.18116489806812,100.0,0.7203501860610322,threshold-control
50000.0,100.0,0.002,39.252145269260275,100.0,0.7199600263927901,threshold-control
50000.0,100.0,0.002,39.323125640452425,100.0,0.7195694926489936,threshold-control
50000.0,100.0,0.002,39.394106011644574,100.0,0.7191785849458978,threshold-control
50000.0,100.0,0.002,39.46508638283673,100.0,0.7187873034012335,threshold-control
50000.0,100.0,0.002,39.53606675402888,100.0,0.718395648134209,threshold-control
50000.0,100.0,0.002,39.60704712522104,100.0,0.7180036192655126,threshold-control
50000.0,100.0,0.002,39.678027496413186,100.0,0.7176112169173148,threshold-control
50000.0,100.0,0.002,39.74900786760534,100.0,0.7172184412132695,threshold-control
50000.0,100.0,0.002,39.81998823879749,100.0,0.7168252922785178,threshold-control
50000.0,100.0,0.002,39.89096860998964,100.0,0.7164317702396883,threshold-control
50000.0,100.0,0.002,39.9619489811818,100.0,0.7160378752249006,threshold-control
50000.0,100.0,0.002,40.0,100.0,0.7158265632344354,threshold-control
50000.0,100.0,0.002,40.03292935237395,100.0,0.7156436073637664,threshold-control
50000.0,100.0,0.002,40.103909723566105,100.0,0.715248966787392,threshold-control
50000.0,100.0,0.002,40.174890094758254,100.0,0.7148539536283809,threshold-control
50000.0,100.0,0.002,40.245870465950404,100.0,0.7144585680208344,threshold-control
50000.0,100.0,0.002,40.31685083714256,100.0,0.7140628101003553,threshold-control
50000.0,100.0,0.002,40.38783120833471,100.0,0.713666680004049,threshold-control
50000.0,100.0,0.002,40.458811579526866,100.0,0.7132701778705254,threshold-control
50000.0,100.0,0.002,40.529791950719016,100.0,0.7128733038399016,threshold-control
50000.0,100.0,0.002,40.600772321911165,100.0,0.7124760580538037,threshold-control
50000.0,100.0,0.002,40.67175269310332,100.0,0.7120784406553681,threshold-control
50000.0,100.0,0.002,40.74273306429547,100.0,0.7116804517892447,threshold-control
50000.0,100.0,0.002,40.81371343548763,100.0,0.7112820916015978,threshold-control
50000.0,100.0,0.002,40.88469380667978,100.0,0.7108833602401088,threshold-control
50000.0,100.0,0.002,40.95567417787193,100.0,0.7104842578539778,threshold-control
50000.0,100.0,0.002,41.0,100.0,0.7102348382691684,threshold-control
50000.0,100.0,0.002,41.026654549064084,100.0,0.7100847845939258,threshold-control
50000.0,100.0,0.002,41.09763492025623,100.0,0.7096849406121961,threshold-control
50000.0,100.0,0.002,41.16861529144839,100.0,0.7092847260625572,threshold-control
50000.0,100.0,0.002,41.23959566264054,100.0,0.7088841411003037,threshold-control
50000.0,100.0,0.002,41.31057603383269,100.0,0.7084831858822592,threshold-control
50000.0,100.0,0.002,41.381556405024845,100.0,0.7080818605667774,threshold-control
50000.0,100.0,0.002,41.452536776216995,100.0,0.7076801653137441,threshold-control
50000.0,100.0,0.002,41.52351714740915,100.0,0.7072781002845798,threshold-control
50000.0,100.0,0.002,41.5944975186013,100.0,0.706875665642241,threshold-control
50000.0,100.0,0.002,41.66547788979345,100.0,0.7064728615512217,threshold-control
50000.0,100.0,0.002,41.73645826098561,100.0,0.7060696881775563,threshold-control
50000.0,100.0,0.002,41.80743863217776,100.0,0.7056661456888207,threshold-control
50000.0,100.0,0.002,41.87841900336991,100.0,0.7052622342541344,threshold-control
50000.0,100.0,0.002,41.94939937456206,100.0,0.7048579540441618,threshold-control
50000.0,100.0,0.002,42.0,100.0,0.7045695249221402,threshold-control
50000.0,100.0,0.002,42.02037974575421,100.0,0.7044533052311153,threshold-control
50000.0,100.0,0.002,42.09136011694637,100.0,0.7040482879887555,threshold-control
50000.0,100.0,0.002,42.16234048813852,100.0,0.7036429024923945,threshold-control
50000.0,100.0,0.002,42.233320859330675,100.0,0.7032371489188962,threshold-control
50000.0,100.0,0.002,42.304301230522825,100.0,0.70283102744668,threshold-control
50000.0,100.0,0.002,42.37528160171498,100.0,0.7024245382557204,threshold-control
50000.0,100.0,0.002,42.44626197290713,100.0,0.7020176815275503,threshold-control
50000.0,100.0,0.002,42.51724234409928,100.0,0.7016104574452623,threshold-control
50000.0,100.0,0.002,42.58822271529144,100.0,0.7012028661935101,threshold-control
50000.0,100.0,0.002,42.659203086483586,100.0,0.7007949079585112,threshold-control
50000.0,100.0,0.002,42.73018345767574,100.0,0.7003865829280473,threshold-control
50000.0,100.0,0.002,42.80116382886789,100.0,0.6999778912914669,threshold-control
50000.0,100.0,0.002,42.87214420006004,100.0,0.699568833239687,threshold-control
50000.0,100.0,0.002,42.9431245712522,100.0,0.6991594089651942,threshold-control
50000.0,100.0,0.002,43.0,100.0,0.698831079724033,threshold-control
50000.0,100.0,0.002,43.01410494244435,100.0,0.6987496186620471,threshold-control
50000.0,100.0,0.002,43.085085313636505,100.0,0.6983394625258774,threshold-control
50000.0,100.0,0.002,43.156065684828654,100.0,0.6979289407538918,threshold-control
50000.0,100.0,0.002,43.227046056020804,100.0,0.6975180535448737,threshold-control
50000.0,100.0,0.002,43.29802642721296,100.0,0.697106801099185,threshold-control
50000.0,100.0,0.002,43.36900679840511,100.0,0.6966951836187668,threshold-control
50000.0,100.0,0.002,43.439987169597266,100.0,0.6962832013071423,threshold-control
50000.0,100.0,0.002,43.510967540789416,100.0,0.6958708543694176,threshold-control
50000.0,100.0,0.002,43.581947911981565,100.0,0.6954581430122837,threshold-control
50000.0,100.0,0.002,43.65292828317372,100.0,0.6950450674440176,threshold-control
50000.0,100.0,0.002,43.72390865436587,100.0,0.6946316278744842,threshold-control
50000.0,100.0,0.002,43.79488902555803,100.0,0.6942178245151377,threshold-control
50000.0,100.0,0.002,43.86586939675018,100.0,0.6938036575790236,threshold-control
50000.0,100.0,0.002,43.93684976794233,100.0,0.6933891272807798,threshold-control
50000.0,100.0,0.002,44.0,100.0,0.6930200202669614,threshold-control
50000.0,100.0,0.002,44.007830139134484,100.0,0.692974233836638,threshold-control
50000.0,100.0,0.002,44.07881051032663,100.0,0.6925589774644254,threshold-control
50000.0,100.0,0.002,44.14979088151879,100.0,0.6921433583835666,threshold-control
50000.0,100.0,0.002,44.22077125271094,100.0,0.6917273768150844,threshold-control
50000.0,100.0,0.002,44.291751623903096,100.0,0.6913110329816017,threshold-control
50000.0,100.0,0.002,44.362731995095245,100.0,0.6908943271073429,threshold-control
50000.0,100.0,0.002,44.433712366287395,100.0,0.6904772594181354,threshold-control
50000.0,100.0,0.002,44.50469273747955,100.0,0.6900598301414105,threshold-control
50000.0,100.0,0.002,44.5756731086717,100.0,0.689642039506206,threshold-control
50000.0,100.0,0.002,44.64665347986386,100.0,0.6892238877431666,threshold-control
50000.0,100.0,0.002,44.71763385105601,100.0,0.6888053750845453,threshold-control
50000.0,100.0,0.002,44.78861422224816,100.0,0.6883865017642057,threshold-control
50000.0,100.0,0.002,44.85959459344031,100.0,0.6879672680176225,threshold-control
50000.0,100.0,0.002,44.93057496463246,100.0,0.6875476740818834,threshold-control
50000.0,100.0,0.002,45.0,100.0,0.6871369261632103,threshold-control
50000.0,100.0,0.002,45.00155533582462,100.0,0.6871277201956899,threshold-control
50000.0,100.0,0.002,45.07253570701677,100.0,0.6867074065993592,threshold-control
50000.0,100.0,0.002,45.14351607820892,100.0,0.6862867335348255,threshold-control
50000.0,100.0,0.002,45.214496449401075,100.0,0.6858657012456408,threshold-control
50000.0,100.0,0.002,45.285476820593225,100.0,0.6854443099769767,threshold-control
50000.0,100.0,0.002,45.35645719178538,100.0,0.6850225599756261,threshold-control
50000.0,100.0,0.002,45.42743756297753,100.0,0.684600451490003,threshold-control
50000.0,100.0,0.002,45.49841793416968,100.0,0.6841779847701457,threshold-control
50000.0,100.0,0.002,45.56939830536184,100.0,0.6837551600677161,threshold-control
50000.0,100.0,0.002,45.640378676553986,100.0,0.683331977636003,threshold-control
50000.0,100.0,0.002,45.71135904774614,100.0,0.6829084377299215,threshold-control
50000.0,100.0,0.002,45.78233941893829,100.0,0.6824845406060156,threshold-control
50000.0,100.0,0.002,45.85331979013044,100.0,0.6820602865224583,threshold-control
50000.0,100.0,0.002,45.9243001613226,100.0,0.6816356757390536,threshold-control
50000.0,100.0,0.002,45.99528053251475,100.0,0.6812107085172374,threshold-control
50000.0,100.0,0.002,46.0,100.0,0.6811824399195838,threshold-control
50000.0,100.0,0.002,46.066260903706905,100.0,0.6807853851200791,threshold-control
50000.0,100.0,0.002,46.137241274899054,100.0,0.6803597058122817,threshold-control
50000.0,100.0,0.002,46.208221646091204,100.0,0.6799336708601837,threshold-control
50000.0,100.0,0.002,46.27920201728336,100.0,0.6795072805317607,threshold-control
50000.0,100.0,0.002,46.35018238847551,100.0,0.6790805350966256,threshold-control
50000.0,100.0,0.002,46.421162759667666,100.0,0.6786534348260298,threshold-control
50000.0,100.0,0.002,46.492143130859816,100.0,0.6782259799928652,threshold-control
50000.0,100.0,0.002,46.563123502051965,100.0,0.6777981708716643,threshold-control
50000.0,100.0,0.002,46.63410387324412,100.0,0.6773700077386016,threshold-control
50000.0,100.0,0.002,46.70508424443627,100.0,0.6769414908714952,threshold-control
50000.0,100.0,0.002,46.77606461562843,100.0,0.6765126205498067,threshold-control
50000.0,100.0,0.002,46.84704498682058,100.0,0.6760833970546433,threshold-control
50000.0,100.0,0.002,46.918025358012734,100.0,0.6756538206687581,threshold-control
50000.0,100.0,0.002,46.989005729204884,100.0,0.6752238916765521,threshold-control
50000.0,100.0,0.002,47.0,100.0,0.6751572677221289,threshold-control
50000.0,100.0,0.002,47.05998610039703,100.0,0.6747936103640736,threshold-control
50000.0,100.0,0.002,47.13096647158919,100.0,0.6743629770190207,threshold-control
50000.0,100.0,0.002,47.20194684278134,100.0,0.6739319919307413,threshold-control
50000.0,100.0,0.002,47.272927213973496,100.0,0.6735006553902347,threshold-control
50000.0,100.0,0.002,47.343907585165645,100.0,0.6730689676901522,threshold-control
50000.0,100.0,0.002,47.414887956357795,100.0,0.6726369291247981,threshold-control
50000.0,100.0,0.002,47.48586832754995,100.0,0.6722045399901304,threshold-control
50000.0,100.0,0.002,47.5568486987421,100.0,0.6717718005837621,threshold-control
50000.0,100.0,0.002,47.62782906993426,100.0,0.6713387112049616,threshold-control
50000.0,100.0,0.002,47.69880944112641,100.0,0.6709052721546542,threshold-control
50000.0,100.0,0.002,47.76978981231856,100.0,0.6704714837354225,threshold-control
50000.0,100.0,0.002,47.84077018351071,100.0,0.6700373462515073,threshold-control
50000.0,100.0,0.002,47.91175055470286,100.0,0.6696028600088085,threshold-control
50000.0,100.0,0.002,47.98273092589502,100.0,0.669168025314886,threshold-control
50000.0,100.0,0.002,48.0,100.0,0.6690621801260945,threshold-control
50000.0,100.0,0.002,48.05371129708717,100.0,0.66873284247896,threshold-control
50000.0,100.0,0.002,48.12469166827932,100.0,0.668297311811913,threshold-control
50000.0,100.0,0.002,48.195672039471475,100.0,0.6678614336262889,threshold-control
50000.0,100.0,0.002,48.266652410663625,100.0,0.6674252082362953,threshold-control
50000.0,100.0,0.002,48.33763278185578,100.0,0.666988635957803,threshold-control
50000.0,100.0,0.002,48.40861315304793,100.0,0.6665517171083479,threshold-control
50000.0,100.0,0.002,48.47959352424008,100.0,0.6661144520071307,threshold-control
50000.0,100.0,0.002,48.55057389543224,100.0,0.6656768409750184,threshold-control
50000.0,100.0,0.002,48.621554266624386,100.0,0.6652388843345445,threshold-control
50000.0,100.0,0.002,48.69253463781654,100.0,0.6648005824099092,threshold-control
50000.0,100.0,0.002,48.76351500900869,100.0,0.6643619355269816,threshold-control
50000.0,100.0,0.002,48.83449538020085,100.0,0.6639229440132992,threshold-control
50000.0,100.0,0.002,48.905475751393,100.0,0.6634836081980684,threshold-control
50000.0,100.0,0.002,48.97645612258515,100.0,0.6630439284121656,threshold-control
50000.0,100.0,0.002,49.0,100.0,0.6628980126461204,threshold-control
50000.0,100.0,0.002,49.047436493777305,100.0,0.6626039049881378,threshold-control
50000.0,100.0,0.002,49.118416864969454,100.0,0.662163538260203,threshold-control
50000.0,100.0,0.002,49.18939723616161,100.0,0.6617228285642507,threshold-control
50000.0,100.0,0.002,49.26037760735376,100.0,0.6612817762378429,threshold-control
50000.0,100.0,0.002,49.33135797854591,100.0,0.6608403816202142,threshold-control
50000.0,100.0,0.002,49.402338349738066,100.0,0.6603986450522723,threshold-control
50000.0,100.0,0.002,49.473318720930216,100.0,0.6599565668765991,threshold-control
50000.0,100.0,0.002,49.54429909212237,100.0,0.6595141474374504,threshold-control
50000.0,100.0,0.002,49.61527946331452,100.0,0.659071387080757,threshold-control
50000.0,100.0,0.002,49.68625983450667,100.0,0.6586282861541248,threshold-control
50000.0,100.0,0.002,49.75724020569883,100.0,0.6581848450068357,threshold-control
50000.0,100.0,0.002,49.82822057689098,100.0,0.6577410639898476,threshold-control
50000.0,100.0,0.002,49.899200948083134,100.0,0.6572969434557947,threshold-control
50000.0,100.0,0.002,49.970181319275284,100.0,0.6568524837589889,threshold-control
50000.0,100.0,0.002,50.0,100.0,0.6566656662418009,threshold-control
50000.0,100.0,0.002,50.04116169046743,100.0,0.6564076852554188,threshold-control
50000.0,100.0,0.002,50.11214206165959,100.0,0.655962548302751,threshold-control
50000.0,100.0,0.002,50.18312243285174,100.0,0.6555170732603306,threshold-control
50000.0,100.0,0.002,50.254102804043896,100.0,0.6550712604891809,threshold-control
50000.0,100.0,0.002,50.325083175236045,100.0,0.6546251103520038,threshold-control
50000.0,100.0,0.002,50.396063546428195,100.0,0.6541786232131809,threshold-control
50000.0,100.0,0.002,50.46704391762035,100.0,0.6537317994387727,threshold-control
50000.0,100.0,0.002,50.5380242888125,100.0,0.6532846393965199,threshold-control
50000.0,100.0,0.002,50.60900466000466,100.0,0.6528371434558433,threshold-control
50000.0,100.0,0.002,50.67998503119681,100.0,0.6523893119878437,threshold-control
50000.0,100.0,0.002,50.75096540238896,100.0,0.6519411453653025,threshold-control
50000.0,100.0,0.002,50.82194577358111,100.0,0.6514926439626818,threshold-control
50000.0,100.0,0.002,50.89292614477326,100.0,0.6510438081561251,threshold-control
50000.0,100.0,0.002,50.96390651596542,100.0,0.6505946383234567,threshold-control
50000.0,100.0,0.002,51.0,100.0,0.6503661076939599,threshold-control
50000.0,100.0,0.002,51.03488688715757,100.0,0.6501451348441822,threshold-control
50000.0,100.0,0.002,51.10586725834972,100.0,0.6496952980994893,threshold-control
50000.0,100.0,0.002,51.176847629541875,100.0,0.6492451284722469,threshold-control
50000.0,100.0,0.002,51.247828000734025,100.0,0.6487946263470059,threshold-control
50000.0,100.0,0.002,51.31880837192618,100.0,0.648343792109999,threshold-control
50000.0,100.0,0.002,51.38978874311833,100.0,0.6478926261491413,threshold-control
50000.0,100.0,0.002,51.46076911431049,100.0,0.6474411288540296,threshold-control
50000.0,100.0,0.002,51.53174948550264,100.0,0.6469893006159435,threshold-control
50000.0,100.0,0.002,51.602729856694786,100.0,0.6465371418278446,threshold-control
50000.0,100.0,0.002,51.67371022788694,100.0,0.6460846528843764,threshold-control
50000.0,100.0,0.002,51.74469059907909,100.0,0.6456318341818656,threshold-control
50000.0,100.0,0.002,51.81567097027125,100.0,0.6451786861183206,threshold-control
50000.0,100.0,0.002,51.8866513414634,100.0,0.6447252090934327,threshold-control
50000.0,100.0,0.002,51.95763171265555,100.0,0.6442714035085748,threshold-control
50000.0,100.0,0.002,52.0,100.0,0.6440003698671799,threshold-control
50000.0,100.0,0.002,52.028612083847705,100.0,0.643817269766803,threshold-control
50000.0,100.0,0.002,52.099592455039854,100.0,0.6433628082728549,threshold-control
50000.0,100.0,0.002,52.17057282623201,100.0,0.6429080194331506,threshold-control
50000.0,100.0,0.002,52.24155319742416,100.0,0.6424529036557927,threshold-control
50000.0,100.0,0.002,52.31253356861631,100.0,0.641997461350565,threshold-control
50000.0,100.0,0.002,52.383513939808466,100.0,0.6415416929289337,threshold-control
50000.0,100.0,0.002,52.454494311000616,100.0,0.6410855988040469,threshold-control
50000.0,100.0,0.002,52.52547468219277,100.0,0.6406291793907337,threshold-control
50000.0,100.0,0.002,52.59645505338492,100.0,0.6401724351055051,threshold-control
50000.0,100.0,0.002,52.66743542457707,100.0,0.6397153663665534,threshold-control
50000.0,100.0,0.002,52.73841579576923,100.0,0.6392579735937518,threshold-control
50000.0,100.0,0.002,52.80939616696138,100.0,0.6388002572086542,threshold-control
50000.0,100.0,0.002,52.880376538153534,100.0,0.6383422176344951,threshold-control
50000.0,100.0,0.002,52.951356909345684,100.0,0.6378838552961897,threshold-control
50000.0,100.0,0.002,53.0,100.0,0.6375695518543779,threshold-control
50000.0,100.0,0.002,53.02233728053783,100.0,0.6374251706203335,threshold-control
50000.0,100.0,0.002,53.09331765172999,100.0,0.6369661640352009,threshold-control
50000.0,100.0,0.002,53.16429802292214,100.0,0.6365068359707466,threshold-control
50000.0,100.0,0.002,53.235278394114296,100.0,0.6360471868586043,threshold-control
50000.0,100.0,0.002,53.306258765306445,100.0,0.6355872171320864,threshold-control
50000.0,100.0,0.002,53.3772391364986,100.0,0.6351269272261846,threshold-control
50000.0,100.0,0.002,53.44821950769075,100.0,0.6346663175775674,threshold-control
50000.0,100.0,0.002,53.5191998788829,100.0,0.6342053886245823,threshold-control
50000.0,100.0,0.002,53.59018025007506,100.0,0.6337441408072535,threshold-control
50000.0,100.0,0.002,53.66116062126721,100.0,0.633282574567283,threshold-control
50000.0,100.0,0.002,53.732140992459364,100.0,0.6328206903480482,threshold-control
50000.0,100.0,0.002,53.80312136365151,100.0,0.6323584885946036,threshold-control
50000.0,100.0,0.002,53.87410173484366,100.0,0.6318959697536791,threshold-control
50000.0,100.0,0.002,53.94508210603582,100.0,0.6314331342736792,threshold-control
50000.0,100.0,0.002,54.0,100.0,0.6310748189994881,threshold-control
50000.0,100.0,0.002,54.01606247722797,100.0,0.630969982604684,threshold-control
50000.0,100.0,0.002,54.087042848420126,100.0,0.6305065151984468,threshold-control
50000.0,100.0,0.002,54.158023219612275,100.0,0.6300427325083956,threshold-control
50000.0,100.0,0.002,54.229003590804425,100.0,0.6295786349896304,threshold-control
50000.0,100.0,0.002,54.29998396199658,100.0,0.6291142230989243,threshold-control
50000.0,100.0,0.002,54.37096433318873,100.0,0.6286494972947225,threshold-control
50000.0,100.0,0.002,54.44194470438089,100.0,0.6281844580371412,threshold-control
50000.0,100.0,0.002,54.51292507557304,100.0,0.6277191057879674,threshold-control
50000.0,100.0,0.002,54.583905446765186,100.0,0.6272534410106583,threshold-control
50000.0,100.0,0.002,54.65488581795734,100.0,0.6267874641703403,threshold-control
50000.0,100.0,0.002,54.72586618914949,100.0,0.6263211757338089,threshold-control
50000.0,100.0,0.002,54.79684656034165,100.0,0.6258545761695276,threshold-control
50000.0,100.0,0.002,54.8678269315338,100.0,0.625387665947627,threshold-control
50000.0,100.0,0.002,54.93880730272595,100.0,0.6249204455399048,threshold-control
50000.0,100.0,0.002,55.0,100.0,0.6245174027946117,threshold-control
50000.0,100.0,0.002,55.009787673918105,100.0,0.6244529154198246,threshold-control
50000.0,100.0,0.002,55.080768045110254,100.0,0.623985076062515,threshold-control
50000.0,100.0,0.002,55.15174841630241,100.0,0.6235169279447691,threshold-control
50000.0,100.0,0.002,55.22272878749456,100.0,0.6230484715450435,threshold-control
50000.0,100.0,0.002,55.29370915868671,100.0,0.622579707343458,threshold-control
50000.0,100.0,0.002,55.364689529878866,100.0,0.622110635821794,threshold-control
50000.0,100.0,0.002,55.435669901071016,100.0,0.6216412574634949,threshold-control
50000.0,100.0,0.002,55.50665027226317,100.0,0.6211715727536631,threshold-control
50000.0,100.0,0.002,55.57763064345532,100.0,0.6207015821790614,threshold-control
50000.0,100.0,0.002,55.64861101464747,100.0,0.6202312862281112,threshold-control
50000.0,100.0,0.002,55.71959138583963,100.0,0.619760685390891,threshold-control
50000.0,100.0,0.002,55.79057175703178,100.0,0.6192897801591366,threshold-control
50000.0,100.0,0.002,55.861552128223934,100.0,0.6188185710262392,threshold-control
50000.0,100.0,0.002,55.932532499416084,100.0,0.618347058487245,threshold-control
50000.0,100.0,0.002,56.0,100.0,0.6178986006483245,threshold-control
50000.0,100.0,0.002,56.00351287060824,100.0,0.6178752430388541,threshold-control
50000.0,100.0,0.002,56.07449324180039,100.0,0.6174031251794194,threshold-control
50000.0,100.0,0.002,56.14547361299254,100.0,0.6169307054089459,threshold-control
50000.0,100.0,0.002,56.216453984184696,100.0,0.6164579842290889,threshold-control
50000.0,100.0,0.002,56.287434355376845,100.0,0.6159849621431539,threshold-control
50000.0,100.0,0.002,56.358414726569,100.0,0.6155116396560949,threshold-control
50000.0,100.0,0.002,56.42939509776115,100.0,0.6150380172745137,threshold-control
50000.0,100.0,0.002,56.5003754689533,100.0,0.6145640955066587,threshold-control
50000.0,100.0,0.002,56.57135584014546,100.0,0.6140898748624236,threshold-control
50000.0,100.0,0.002,56.64233621133761,100.0,0.6136153558533463,threshold-control
50000.0,100.0,0.002,56.713316582529764,100.0,0.6131405389926079,threshold-control
50000.0,100.0,0.002,56.78429695372191,100.0,0.6126654247950316,threshold-control
50000.0,100.0,0.002,56.85527732491406,100.0,0.6121900137770815,threshold-control
50000.0,100.0,0.002,56.92625769610622,100.0,0.6117143064568606,threshold-control
50000.0,100.0,0.002,56.99723806729837,100.0,0.6112383033541111,threshold-control
50000.0,100.0,0.002,57.0,100.0,0.6112197755221895,threshold-control
50000.0,100.0,0.002,57.068218438490526,100.0,0.6107620049902117,threshold-control
50000.0,100.0,0.002,57.139198809682675,100.0,0.6102854118881775,threshold-control
50000.0,100.0,0.002,57.210179180874825,100.0,0.6098085245726579,threshold-control
50000.0,100.0,0.002,57.28115955206698,100.0,0.6093313435699352,threshold-control
50000.0,100.0,0.002,57.35213992325913,100.0,0.6088538694079244,threshold-control
50000.0,100.0,0.002,57.42312029445129,100.0,0.6083761026161707,threshold-control
50000.0,100.0,0.002,57.49410066564344,100.0,0.607898043725849,threshold-control
50000.0,100.0,0.002,57.565081036835586,100.0,0.6074196932697613,threshold-control
50000.0,100.0,0.002,57.63606140802774,100.0,0.6069410517823375,threshold-control
50000.0,100.0,0.002,57.70704177921989,100.0,0.6064621197996314,threshold-control
50000.0,100.0,0.002,57.77802215041205,100.0,0.6059828978593211,threshold-control
50000.0,100.0,0.002,57.8490025216042,100.0,0.6055033865007072,threshold-control
50000.0,100.0,0.002,57.919982892796355,100.0,0.6050235862647109,threshold-control
50000.0,100.0,0.002,57.990963263988505,100.0,0.6045434976938727,threshold-control
50000.0,100.0,0.002,58.0,100.0,0.6044823554328979,threshold-control
50000.0,100.0,0.002,58.061943635180654,100.0,0.6040631213323512,threshold-control
50000.0,100.0,0.002,58.13292400637281,100.0,0.6035824577259213,threshold-control
50000.0,100.0,0.002,58.20390437756496,100.0,0.603101507421973,threshold-control
50000.0,100.0,0.002,58.27488474875712,100.0,0.6026202709695092,threshold-control
50000.0,100.0,0.002,58.345865119949266,100.0,0.6021387489191449,threshold-control
50000.0,100.0,0.002,58.416845491141416,100.0,0.6016569418231053,threshold-control
50000.0,100.0,0.002,58.48782586233357,100.0,0.6011748502352239,threshold-control
50000.0,100.0,0.002,58.55880623352572,100.0,0.6006924747109416,threshold-control
50000.0,100.0,0.002,58.62978660471788,100.0,0.6002098158073044,threshold-control
50000.0,100.0,0.002,58.70076697591003,100.0,0.599726874082962,threshold-control
50000.0,100.0,0.002,58.77174734710218,100.0,0.5992436500981662,threshold-control
50000.0,100.0,0.002,58.842727718294334,100.0,0.5987601444147691,threshold-control
50000.0,100.0,0.002,58.913708089486484,100.0,0.5982763575962217,threshold-control
50000.0,100.0,0.002,58.98468846067864,100.0,0.5977922902075714,threshold-control
50000.0,100.0,0.002,59.0,100.0,0.5976878328178756,threshold-control
50000.0,100.0,0.002,59.05566883187079,100.0,0.5973079428154615,threshold-control
50000.0,100.0,0.002,59.12664920306294,100.0,0.596823315988128,threshold-control
50000.0,100.0,0.002,59.197629574255096,100.0,0.596338410295399,threshold-control
50000.0,100.0,0.002,59.268609945447245,100.0,0.5958532263086926,threshold-control
50000.0,100.0,0.002,59.3395903166394,100.0,0.5953677646010146,threshold-control
50000.0,100.0,0.002,59.41057068783155,100.0,0.594882025746957,threshold-control
50000.0,100.0,0.002,59.4815510590237,100.0,0.5943960103226965,threshold-control
50000.0,100.0,0.002,59.55253143021586,100.0,0.5939097189059921,threshold-control
50000.0,100.0,0.002,59.62351180140801,100.0,0.5934231520761835,threshold-control
50000.0,100.0,0.002,59.694492172600164,100.0,0.5929363104141893,threshold-control
50000.0,100.0,0.002,59.76547254379231,100.0,0.5924491945025043,threshold-control
50000.0,100.0,0.002,59.83645291498446,100.0,0.5919618049251989,threshold-control
50000.0,100.0,0.002,59.90743328617662,100.0,0.5914741422679162,threshold-control
50000.0,100.0,0.002,59.97841365736877,100.0,0.59098620711787,threshold-control
50000.0,100.0,0.002,60.0,100.0,0.5908377637626218,threshold-control
50000.0,100.0,0.002,60.049394028560926,100.0,0.5904980000638436,threshold-control
50000.0,100.0,0.002,60.120374399753075,100.0,0.5900095216961863,threshold-control
50000.0,100.0,0.002,60.191354770945225,100.0,0.5895207726068133,threshold-control
50000.0,100.0,0.002,60.26233514213738,100.0,0.5890317533892022,threshold-control
50000.0,100.0,0.002,60.33331551332953,100.0,0.5885424646383917,threshold-control
50000.0,100.0,0.002,60.40429588452169,100.0,0.5880529069509788,threshold-control
50000.0,100.0,0.002,60.47527625571384,100.0,0.5875630809251173,threshold-control
50000.0,100.0,0.002,60.54625662690599,100.0,0.5870729871605159,threshold-control
50000.0,100.0,0.002,60.61723699809814,100.0,0.5865826262584354,threshold-control
50000.0,100.0,0.002,60.68821736929029,100.0,0.5860919988216866,threshold-control
50000.0,100.0,0.002,60.75919774048245,100.0,0.5856011054546286,threshold-control
50000.0,100.0,0.002,60.8301781116746,100.0,0.5851099467631664,threshold-control
50000.0,100.0,0.002,60.901158482866755,100.0,0.5846185233547487,threshold-control
50000.0,100.0,0.002,60.972138854058905,100.0,0.5841268358383656,threshold-control
50000.0,100.0,0.002,61.0,100.0,0.5839337670884956,threshold-control
50000.0,100.0,0.002,61.043119225251054,100.0,0.5836348848245461,threshold-control
50000.0,100.0,0.002,61.11409959644321,100.0,0.5831426709253567,threshold-control
50000.0,100.0,0.002,61.18507996763536,100.0,0.5826501947543982,threshold-control
50000.0,100.0,0.002,61.25606033882752,100.0,0.5821574569268034,threshold-control
50000.0,100.0,0.002,61.327040710019666,100.0,0.5816644580592364,threshold-control
50000.0,100.0,0.002,61.398021081211816,100.0,0.5811711987698875,threshold-control
50000.0,100.0,0.002,61.46900145240397,100.0,0.5806776796784734,threshold-control
50000.0,100.0,0.002,61.53998182359612,100.0,0.5801839014062334,threshold-control
50000.0,100.0,0.002,61.61096219478828,100.0,0.5796898645759274,threshold-control
50000.0,100.0,0.002,61.68194256598043,100.0,0.5791955698118334,threshold-control
50000.0,100.0,0.002,61.75292293717258,100.0,0.5787010177397458,threshold-control
50000.0,100.0,0.002,61.823903308364734,100.0,0.5782062089869716,threshold-control
50000.0,100.0,0.002,61.894883679556884,100.0,0.5777111441823288,threshold-control
50000.0,100.0,0.002,61.96586405074904,100.0,0.5772158239561443,threshold-control
50000.0,100.0,0.002,62.0,100.0,0.5769775233001471,threshold-control
50000.0,100.0,0.002,62.03684442194119,100.0,0.5767202489402506,threshold-control
50000.0,100.0,0.002,62.10782479313334,100.0,0.5762244197679836,threshold-control
50000.0,100.0,0.002,62.178805164325496,100.0,0.5757283370741799,threshold-control
50000.0,100.0,0.002,62.249785535517645,100.0,0.5752320014951748,threshold-control
50000.0,100.0,0.002,62.3207659067098,100.0,0.5747354136687991,threshold-control
50000.0,100.0,0.002,62.39174627790195,100.0,0.5742385742343767,threshold-control
50000.0,100.0,0.002,62.46272664909411,100.0,0.5737414838327225,threshold-control
50000.0,100.0,0.002,62.53370702028626,100.0,0.5732441431061388,threshold-control
50000.0,100.0,0.002,62.60468739147841,100.0,0.5727465526984138,threshold-control
50000.0,100.0,0.002,62.675667762670564,100.0,0.5722487132548177,threshold-control
50000.0,100.0,0.002,62.74664813386271,100.0,0.5717506254221014,threshold-control
50000.0,100.0,0.002,62.81762850505487,100.0,0.5712522898484925,threshold-control
50000.0,100.0,0.002,62.88860887624702,100.0,0.5707537071836936,threshold-control
50000.0,100.0,0.002,62.95958924743917,100.0,0.5702548780788789,threshold-control
50000.0,100.0,0.002,63.0,100.0,0.5699707733922712,threshold-control
50000.0,100.0,0.002,63.030569618631326,100.0,0.5697558031866916,threshold-control
50000.0,100.0,0.002,63.101549989823475,100.0,0.5692564831612421,threshold-control
50000.0,100.0,0.002,63.17253036101563,100.0,0.5687569186581033,threshold-control
50000.0,100.0,0.002,63.24351073220778,100.0,0.5682571103343095,threshold-control
50000.0,100.0,0.002,63.31449110339993,100.0,0.5677570588483528,threshold-control
50000.0,100.0,0.002,63.38547147459209,100.0,0.5672567648601805,threshold-control
50000.0,100.0,0.002,63.45645184578424,100.0,0.5667562290311919,threshold-control
50000.0,100.0,0.002,63.52743221697639,100.0,0.5662554520242364,threshold-control
50000.0,100.0,0.002,63.59841258816854,100.0,0.5657544345036094,threshold-control
50000.0,100.0,0.002,63.66939295936069,100.0,0.5652531771350497,threshold-control
50000.0,100.0,0.002,63.74037333055285,100.0,0.5647516805857375,threshold-control
50000.0,100.0,0.002,63.811353701745,100.0,0.5642499455242904,threshold-control
50000.0,100.0,0.002,63.882334072937155,100.0,0.5637479726207607,threshold-control
50000.0,100.0,0.002,63.953314444129305,100.0,0.5632457625466325,threshold-control
50000.0,100.0,0.002,64.0,100.0,0.5629153175158832,threshold-control
50000.0,100.0,0.002,64.02429481532145,100.0,0.5627433159748194,threshold-control
50000.0,100.0,0.002,64.0952751865136,100.0,0.5622406335796599,threshold-control
50000.0,100.0,0.002,64.16625555770577,100.0,0.5617377160369159,threshold-control
50000.0,100.0,0.002,64.23723592889792,100.0,0.5612345640237695,threshold-control
50000.0,100.0,0.002,64.30821630009007,100.0,0.5607311782188182,threshold-control
50000.0,100.0,0.002,64.37919667128222,100.0,0.5602275593020742,threshold-control
50000.0,100.0,0.002,64.45017704247437,100.0,0.5597237079549601,threshold-control
50000.0,100.0,0.002,64.52115741366653,100.0,0.5592196248603055,threshold-control
50000.0,100.0,0.002,64.59213778485868,100.0,0.5587153107023448,threshold-control
50000.0,100.0,0.002,64.66311815605083,100.0,0.5582107661667131,threshold-control
50000.0,100.0,0.002,64.73409852724298,100.0,0.5577059919404439,threshold-control
50000.0,100.0,0.002,64.80507889843513,100.0,0.557200988711965,threshold-control
50000.0,100.0,0.002,64.87605926962729,100.0,0.5566957571710963,threshold-control
50000.0,100.0,0.002,64.94703964081944,100.0,0.5561902980090458,threshold-control
50000.0,100.0,0.002,65.0,100.0,0.5558130135048225,threshold-control
50000.0,100.0,0.002,65.01802001201159,100.0,0.5556846119184067,threshold-control
50000.0,100.0,0.002,65.08900038320374,100.0,0.5551786995931542,threshold-control
50000.0,100.0,0.002,65.15998075439589,100.0,0.5546725617286418,threshold-control
50000.0,100.0,0.002,65.23096112558805,100.0,0.5541661990215986,threshold-control
50000.0,100.0,0.002,65.3019414967802,100.0,0.5536596121701258,threshold-control
50000.0,100.0,0.002,65.37292186797235,100.0,0.5531528018736933,threshold-control
50000.0,100.0,0.002,65.4439022391645,100.0,0.5526457688331359,threshold-control
50000.0,100.0,0.002,65.51488261035665,100.0,0.552138513750651,threshold-control
50000.0,100.0,0.002,65.58586298154881,100.0,0.5516310373297946,threshold-control
50000.0,100.0,0.002,65.65684335274096,100.0,0.5511233402754775,threshold-control
50000.0,100.0,0.002,65.72782372393311,100.0,0.5506154232939628,threshold-control
50000.0,100.0,0.002,65.79880409512526,100.0,0.550107287092862,threshold-control
50000.0,100.0,0.002,65.86978446631741,100.0,0.5495989323811314,threshold-control
50000.0,100.0,0.002,65.94076483750958,100.0,0.5490903598690686,threshold-control
50000.0,100.0,0.002,66.0,100.0,0.548665775263733,threshold-control
50000.0,100.0,0.002,66.01174520870173,100.0,0.5485815702683099,threshold-control
50000.0,100.0,0.002,66.08272557989388,100.0,0.5480725642918258,threshold-control
50000.0,100.0,0.002,66.15370595108602,100.0,0.5475633426539179,threshold-control
50000.0,100.0,0.002,66.22468632227819,100.0,0.5470539060702149,threshold-control
50000.0,100.0,0.002,66.29566669347034,100.0,0.5465442552576705,threshold-control
50000.0,100.0,0.002,66.36664706466249,100.0,0.546034390934558,threshold-control
50000.0,100.0,0.002,66.43762743585464,100.0,0.5455243138204677,threshold-control
50000.0,100.0,0.002,66.50860780704679,100.0,0.5450140246363036,threshold-control
50000.0,100.0,0.002,66.57958817823895,100.0,0.5445035241042785,threshold-control
50000.0,100.0,0.002,66.6505685494311,100.0,0.5439928129479122,threshold-control
50000.0,100.0,0.002,66.72154892062325,100.0,0.5434818918920263,threshold-control
50000.0,100.0,0.002,66.7925292918154,100.0,0.5429707616627417,threshold-control
50000.0,100.0,0.002,66.86350966300755,100.0,0.5424594229874734,threshold-control
50000.0,100.0,0.002,66.93449003419971,100.0,0.5419478765949284,threshold-control
50000.0,100.0,0.002,67.0,100.0,0.5414755710193018,threshold-control
50000.0,100.0,0.002,67.00547040539186,100.0,0.5414361232151017,threshold-control
50000.0,100.0,0.002,67.07645077658401,100.0,0.5409241635792716,threshold-control
50000.0,100.0,0.002,67.14743114777616,100.0,0.5404119984199967,threshold-control
50000.0,100.0,0.002,67.21841151896831,100.0,0.5398996284711123,threshold-control
50000.0,100.0,0.002,67.28939189016047,100.0,0.5393870544677262,threshold-control
50000.0,100.0,0.002,67.36037226135262,100.0,0.5388742771462152,threshold-control
50000.0,100.0,0.002,67.43135263254477,100.0,0.5383612972442211,threshold-control
50000.0,100.0,0.002,67.50233300373692,100.0,0.5378481155006468,threshold-control
50000.0,100.0,0.002,67.57331337492907,100.0,0.5373347326556528,threshold-control
50000.0,100.0,0.002,67.64429374612124,100.0,0.5368211494506531,threshold-control
50000.0,100.0,0.002,67.71527411731338,100.0,0.5363073666283115,threshold-control
50000.0,100.0,0.002,67.78625448850553,100.0,0.5357933849325374,threshold-control
50000.0,100.0,0.002,67.85723485969768,100.0,0.5352792051084819,threshold-control
50000.0,100.0,0.002,67.92821523088983,100.0,0.5347648279025349,threshold-control
50000.0,100.0,0.002,67.999195602082,100.0,0.5342502540623192,threshold-control
50000.0,100.0,0.002,68.0,100.0,0.5342444214370878,threshold-control
50000.0,100.0,0.002,68.07017597327415,100.0,0.5337354843366888,threshold-control
50000.0,100.0,0.002,68.1411563444663,100.0,0.5332205194757229,threshold-control
50000.0,100.0,0.002,68.21213671565845,100.0,0.5327053602307237,threshold-control
50000.0,100.0,0.002,68.2831170868506,100.0,0.5321900073542105,threshold-control
50000.0,100.0,0.002,68.35409745804276,100.0,0.5316744615999177,threshold-control
50000.0,100.0,0.002,68.42507782923491,100.0,0.5311587237227893,threshold-control
50000.0,100.0,0.002,68.49605820042706,100.0,0.5306427944789756,threshold-control
50000.0,100.0,0.002,68.56703857161921,100.0,0.5301266746258284,threshold-control
50000.0,100.0,0.002,68.63801894281136,100.0,0.529610364921898,threshold-control
50000.0,100.0,0.002,68.70899931400352,100.0,0.5290938661269281,threshold-control
50000.0,100.0,0.002,68.77997968519567,100.0,0.5285771790018525,threshold-control
50000.0,100.0,0.002,68.85096005638782,100.0,0.5280603043087901,threshold-control
50000.0,100.0,0.002,68.92194042757997,100.0,0.5275432428110418,threshold-control
50000.0,100.0,0.002,68.99292079877212,100.0,0.5270259952730851,threshold-control
50000.0,100.0,0.002,69.0,100.0,0.5269743976068133,threshold-control
50000.0,100.0,0.002,69.06390116996428,100.0,0.5265085624605713,threshold-control
50000.0,100.0,0.002,69.13488154115643,100.0,0.5259909451403202,threshold-control
50000.0,100.0,0.002,69.20586191234858,100.0,0.5254731440803166,threshold-control
50000.0,100.0,0.002,69.27684228354073,100.0,0.5249551600497055,threshold-control
50000.0,100.0,0.002,69.34782265473288,100.0,0.5244369938187887,threshold-control
50000.0,100.0,0.002,69.41880302592504,100.0,0.5239186461590191,threshold-control
50000.0,100.0,0.002,69.4897833971172,100.0,0.5234001178429984,threshold-control
50000.0,100.0,0.002,69.56076376830934,100.0,0.5228814096444715,threshold-control
50000.0,100.0,0.002,69.63174413950149,100.0,0.522362522338322,threshold-control
50000.0,100.0,0.002,69.70272451069364,100.0,0.5218434567005692,threshold-control
50000.0,100.0,0.002,69.7737048818858,100.0,0.521324213508362,threshold-control
50000.0,100.0,0.002,69.84468525307796,100.0,0.5208047935399763,threshold-control
50000.0,100.0,0.002,69.9156656242701,100.0,0.52028519757481,threshold-control
50000.0,100.0,0.002,69.98664599546225,100.0,0.5197654263933777,threshold-control
50000.0,100.0,0.002,70.0,100.0,0.519667618899539,threshold-control
50000.0,100.0,0.002,70.0576263666544,100.0,0.519245480777308,threshold-control
50000.0,100.0,0.002,70.12860673784657,100.0,0.5187253615093376,threshold-control
50000.0,100.0,0.002,70.19958710903872,100.0,0.5182050693733078,threshold-control
50000.0,100.0,0.002,70.27056748023087,100.0,0.5176846051541599,threshold-control
50000.0,100.0,0.002,70.34154785142302,100.0,0.5171639696379307,threshold-control
50000.0,100.0,0.002,70.41252822261518,100.0,0.5166431636117477,threshold-control
50000.0,100.0,0.002,70.48350859380733,100.0,0.5161221878638248,threshold-control
50000.0,100.0,0.002,70.55448896499948,100.0,0.5156010431834587,threshold-control
50000.0,100.0,0.002,70.62546933619163,100.0,0.5150797303610232,threshold-control
50000.0,100.0,0.002,70.69644970738378,100.0,0.5145582501879649,threshold-control
50000.0,100.0,0.002,70.76743007857594,100.0,0.5140366034567991,threshold-control
50000.0,100.0,0.002,70.83841044976809,100.0,0.5135147909611055,threshold-control
50000.0,100.0,0.002,70.90939082096024,100.0,0.5129928134955226,threshold-control
50000.0,100.0,0.002,70.98037119215239,100.0,0.5124706718557441,threshold-control
50000.0,100.0,0.002,71.0,100.0,0.512326250700685,threshold-control
50000.0,100.0,0.002,71.05135156334454,100.0,0.511948366838514,threshold-control
50000.0,100.0,0.002,71.1223319345367,100.0,0.5114258992416217,threshold-control
50000.0,100.0,0.002,71.19331230572885,100.0,0.5109032698638979,threshold-control
50000.0,100.0,0.002,71.264292676921,100.0,0.5103804795052096,threshold-control
50000.0,100.0,0.002,71.33527304811315,100.0,0.5098575289664558,threshold-control
50000.0,100.0,0.002,71.4062534193053,100.0,0.5093344190495621,threshold-control
50000.0,100.0,0.002,71.47723379049746,100.0,0.5088111505574773,threshold-control
50000.0,100.0,0.002,71.54821416168961,100.0,0.5082877242941675,threshold-control
50000.0,100.0,0.002,71.61919453288176,100.0,0.5077641410646121,threshold-control
50000.0,100.0,0.002,71.69017490407391,100.0,0.507240401674799,threshold-control
50000.0,100.0,0.002,71.76115527526606,100.0,0.5067165069317193,threshold-control
50000.0,100.0,0.002,71.83213564645823,100.0,0.5061924576433634,threshold-control
50000.0,100.0,0.002,71.90311601765038,100.0,0.5056682546187161,threshold-control
50000.0,100.0,0.002,71.97409638884253,100.0,0.505143898667751,threshold-control
50000.0,100.0,0.002,72.0,100.0,0.5049525020233889,threshold-control
50000.0,100.0,0.002,72.04507676003468,100.0,0.5046193906014269,threshold-control
50000.0,100.0,0.002,72.11605713122682,100.0,0.5040947312316821,threshold-control
50000.0,100.0,0.002,72.18703750241899,100.0,0.5035699213714302,threshold-control
50000.0,100.0,0.002,72.25801787361114,100.0,0.5030449618345552,threshold-control
50000.0,100.0,0.002,72.32899824480329,100.0,0.5025198534359059,threshold-control
50000.0,100.0,0.002,72.39997861599544,100.0,0.5019945969912922,threshold-control
50000.0,100.0,0.002,72.47095898718759,100.0,0.5014691933174797,threshold-control
50000.0,100.0,0.002,72.54193935837975,100.0,0.5009436432321844,threshold-control
50000.0,100.0,0.002,72.6129197295719,100.0,0.5004179475540689,threshold-control
50000.0,100.0,0.002,72.68390010076405,100.0,0.49989210710273635,threshold-control
50000.0,100.0,0.002,72.7548804719562,100.0,0.4993661226987265,threshold-control
50000.0,100.0,0.002,72.82586084314835,100.0,0.49883999516350996,threshold-control
50000.0,100.0,0.002,72.89684121434051,100.0,0.49831372531948404,threshold-control
50000.0,100.0,0.002,72.96782158553266,100.0,0.4977873139899671,threshold-control
50000.0,100.0,0.002,73.0,100.0,0.4975486230072155,threshold-control
50000.0,100.0,0.002,73.03880195672481,100.0,0.49726076199919433,threshold-control
50000.0,100.0,0.002,73.10978232791696,100.0,0.49673407017231175,threshold-control
50000.0,100.0,0.002,73.18076269910911,100.0,0.4962072393353727,threshold-control
50000.0,100.0,0.002,73.25174307030127,100.0,0.49568027031533113,threshold-control
50000.0,100.0,0.002,73.32272344149342,100.0,0.49515316394003817,threshold-control
50000.0,100.0,0.002,73.39370381268557,100.0,0.4946259210382359,threshold-control
50000.0,100.0,0.002,73.46468418387772,100.0,0.4940985424395533,threshold-control
50000.0,100.0,0.002,73.53566455506987,100.0,0.4935710289745002,threshold-control
50000.0,100.0,0.002,73.60664492626204,100.0,0.49304338147446336,threshold-control
50000.0,100.0,0.002,73.67762529745418,100.0,0.4925156007717004,threshold-control
50000.0,100.0,0.002,73.74860566864633,100.0,0.4919876876993352,threshold-control
50000.0,100.0,0.002,73.81958603983848,100.0,0.49145964309135315,threshold-control
50000.0,100.0,0.002,73.89056641103063,100.0,0.49093146778259455,threshold-control
50000.0,100.0,0.002,73.9615467822228,100.0,0.49040316260875194,threshold-control
50000.0,100.0,0.002,74.0,100.0,0.49011690230773697,threshold-control
50000.0,100.0,0.002,74.03252715341495,100.0,0.4898747284063628,threshold-control
50000.0,100.0,0.002,74.1035075246071,100.0,0.4893461660128057,threshold-control
50000.0,100.0,0.002,74.17448789579925,100.0,0.4888174762662939,threshold-control
50000.0,100.0,0.002,74.2454682669914,100.0,0.488288660005872,threshold-control
50000.0,100.0,0.002,74.31644863818356,100.0,0.48775971807140883,threshold-control
50000.0,100.0,0.002,74.38742900937571,100.0,0.4872306513035942,threshold-control
50000.0,100.0,0.002,74.45840938056786,100.0,0.4867014605439318,threshold-control
50000.0,100.0,0.002,74.52938975176001,100.0,0.48617214663473507,threshold-control
50000.0,100.0,0.002,74.60037012295216,100.0,0.4856427104191223,threshold-control
50000.0,100.0,0.002,74.67135049414432,100.0,0.4851131527410101,threshold-control
50000.0,100.0,0.002,74.74233086533647,100.0,0.48458347444510996,threshold-control
50000.0,100.0,0.002,74.81331123652862,100.0,0.484053676376921,threshold-control
50000.0,100.0,0.002,74.88429160772077,100.0,0.4835237593827265,threshold-control
50000.0,100.0,0.002,74.95527197891292,100.0,0.4829937243095874,threshold-control
50000.0,100.0,0.002,75.0,100.0,0.4826596643829941,threshold-control
50000.0,100.0,0.002,75.02625235010508,100.0,0.4824635720053376,threshold-control
50000.0,100.0,0.002,75.09723272129723,100.0,0.48193330331857887,threshold-control
50000.0,100.0,0.002,75.16821309248938,100.0,0.4814029190986745,threshold-control
50000.0,100.0,0.002,75.23919346368153,100.0,0.4808724201957454,threshold-control
50000.0,100.0,0.002,75.3101738348737,100.0,0.48034180746066335,threshold-control
50000.0,100.0,0.002,75.38115420606584,100.0,0.4798110817450475,threshold-control
50000.0,100.0,0.002,75.452134577258,100.0,0.4792802439012568,threshold-control
50000.0,100.0,0.002,75.52311494845014,100.0,0.47874929478238637,threshold-control
50000.0,100.0,0.002,75.59409531964229,100.0,0.4782182352422616,threshold-control
50000.0,100.0,0.002,75.66507569083446,100.0,0.477687066135432,threshold-control
50000.0,100.0,0.002,75.7360560620266,100.0,0.47715578831716754,threshold-control
50000.0,100.0,0.002,75.80703643321876,100.0,0.4766244026434515,threshold-control
50000.0,100.0,0.002,75.8780168044109,100.0,0.4760929099709761,threshold-control
50000.0,100.0,0.002,75.94899717560305,100.0,0.4755613111571366,threshold-control
50000.0,100.0,0.002,76.0,100.0,0.4751792666833081,threshold-control
50000.0,100.0,0.002,76.01997754679522,100.0,0.4750296070600264,threshold-control
50000.0,100.0,0.002,76.09095791798737,100.0,0.474497798538431,threshold-control
50000.0,100.0,0.002,76.16193828917952,100.0,0.4739658864518229,threshold-control
50000.0,100.0,0.002,76.23291866037167,100.0,0.47343387166035633,threshold-control
50000.0,100.0,0.002,76.30389903156382,100.0,0.47290175502486076,threshold-control
50000.0,100.0,0.002,76.37487940275598,100.0,0.4723695374068372,threshold-control
50000.0,100.0,0.002,76.44585977394813,100.0,0.47183721966845116,threshold-control
50000.0,100.0,0.002,76.51684014514028,100.0,0.47130480267252783,threshold-control
50000.0,100.0,0.002,76.58782051633243,100.0,0.4707722872825464,threshold-control
50000.0,100.0,0.002,76.65880088752458,100.0,0.4702396743626347,threshold-control
50000.0,100.0,0.002,76.72978125871674,100.0,0.4697069647775637,threshold-control
50000.0,100.0,0.002,76.80076162990889,100.0,0.4691741593927419,threshold-control
50000.0,100.0,0.002,76.87174200110104,100.0,0.4686412590742094,threshold-control
50000.0,100.0,0.002,76.94272237229319,100.0,0.4681082646886333,threshold-control
50000.0,100.0,0.002,77.0,100.0,0.46767809675136407,threshold-control
50000.0,100.0,0.002,77.01370274348534,100.0,0.4675751771033011,threshold-control
50000.0,100.0,0.002,77.0846831146775,100.0,0.46704199718611594,threshold-control
50000.0,100.0,0.002,77.15566348586965,100.0,0.46650872580559066,threshold-control
50000.0,100.0,0.002,77.2266438570618,100.0,0.46597536383084237,threshold-control
50000.0,100.0,0.002,77.29762422825395,100.0,0.4654419121315865,threshold-control
50000.0,100.0,0.002,77.3686045994461,100.0,0.4649083715781315,threshold-control
50000.0,100.0,0.002,77.43958497063826,100.0,0.4643747430413735,threshold-control
50000.0,100.0,0.002,77.51056534183041,100.0,0.4638410273927902,threshold-control
50000.0,100.0,0.002,77.58154571302256,100.0,0.4633072255044355,threshold-control
50000.0,100.0,0.002,77.65252608421471,100.0,0.46277333824893385,threshold-control
50000.0,100.0,0.002,77.72350645540686,100.0,0.4622393664994745,threshold-control
50000.0,100.0,0.002,77.79448682659903,100.0,0.46170531112980606,threshold-control
50000.0,100.0,0.002,77.86546719779118,100.0,0.46117117301423094,threshold-control
50000.0,100.0,0.002,77.93644756898333,100.0,0.4606369530275991,threshold-control
50000.0,100.0,0.002,78.0,100.0,0.4601585692398935,threshold-control
50000.0,100.0,0.002,78.00742794017548,100.0,0.46010265204530265,threshold-control
50000.0,100.0,0.002,78.07840831136762,100.0,0.4595682709432709,threshold-control
50000.0,100.0,0.002,78.14938868255979,100.0,0.45903381059796367,threshold-control
50000.0,100.0,0.002,78.22036905375194,100.0,0.4584992718863661,threshold-control
50000.0,100.0,0.002,78.29134942494409,100.0,0.457964655685983,threshold-control
50000.0,100.0,0.002,78.36232979613624,100.0,0.4574299628748325,threshold-control
50000.0,100.0,0.002,78.43331016732839,100.0,0.45689519433144143,threshold-control
50000.0,100.0,0.002,78.50429053852055,100.0,0.4563603509348385,threshold-control
50000.0,100.0,0.002,78.5752709097127,100.0,0.45582543356454974,threshold-control
50000.0,100.0,0.002,78.64625128090485,100.0,0.4552904431005915,threshold-control
50000.0,100.0,0.002,78.717231652097,100.0,0.4547553804234655,threshold-control
50000.0,100.0,0.002,78.78821202328915,100.0,0.45422024641415315,threshold-control
50000.0,100.0,0.002,78.85919239448131,100.0,0.4536850419541091,threshold-control
50000.0,100.0,0.002,78.93017276567346,100.0,0.4531497679252563,threshold-control
50000.0,100.0,0.002,79.0,100.0,0.4526231228546713,threshold-control
50000.0,100.0,0.002,79.00115313686561,100.0,0.45261442520997985,threshold-control
50000.0,100.0,0.002,79.07213350805776,100.0,0.452079014691121,threshold-control
50000.0,100.0,0.002,79.14311387924991,100.0,0.4515435372519718,threshold-control
50000.0,100.0,0.002,79.21409425044207,100.0,0.451007993776269,threshold-control
50000.0,100.0,0.002,79.28507462163422,100.0,0.45047238514818855,threshold-control
50000.0,100.0,0.002,79.35605499282637,100.0,0.44993671225233955,threshold-control
50000.0,100.0,0.002,79.42703536401852,100.0,0.4494009759737586,threshold-control
50000.0,100.0,0.002,79.49801573521069,100.0,0.4488651771979034,threshold-control
50000.0,100.0,0.002,79.56899610640284,100.0,0.4483293168106486,threshold-control
50000.0,100.0,0.002,79.63997647759498,100.0,0.4477933956982777,threshold-control
50000.0,100.0,0.002,79.71095684878713,100.0,0.4472574147474788,threshold-control
50000.0,100.0,0.002,79.78193721997928,100.0,0.44672137484533825,threshold-control
50000.0,100.0,0.002,79.85291759117145,100.0,0.44618527687933507,threshold-control
50000.0,100.0,0.002,79.9238979623636,100.0,0.44564912173733473,threshold-control
50000.0,100.0,0.002,79.99487833355575,100.0,0.4451129103075835,threshold-control
50000.0,100.0,0.002,80.0,100.0,0.44507421723089224,threshold-control
50000.0,100.0,0.002,80.0658587047479,100.0,0.4445766434787025,threshold-control
50000.0,100.0,0.002,80.13683907594005,100.0,0.44404032213968225,threshold-control
50000.0,100.0,0.002,80.20781944713221,100.0,0.44350394717987607,threshold-control
50000.0,100.0,0.002,80.27879981832436,100.0,0.4429675194889947,threshold-control
50000.0,100.0,0.002,80.34978018951651,100.0,0.44243103995710065,threshold-control
50000.0,100.0,0.002,80.42076056070866,100.0,0.4418945094746016,threshold-control
50000.0,100.0,0.002,80.49174093190081,100.0,0.441357928932245,threshold-control
50000.0,100.0,0.002,80.56272130309297,100.0,0.44082129922111213,threshold-control
50000.0,100.0,0.002,80.63370167428512,100.0,0.44028462123261236,threshold-control
50000.0,100.0,0.002,80.70468204547727,100.0,0.43974789585847684,threshold-control
50000.0,100.0,0.002,80.77566241666942,100.0,0.4392111239907527,threshold-control
50000.0,100.0,0.002,80.84664278786157,100.0,0.4386743065217976,threshold-control
50000.0,100.0,0.002,80.91762315905373,100.0,0.43813744434427315,threshold-control
50000.0,100.0,0.002,80.98860353024588,100.0,0.43760053835113955,threshold-control
50000.0,100.0,0.002,81.0,100.0,0.4375143297513082,threshold-control
50000.0,100.0,0.002,81.05958390143803,100.0,0.43706358943564916,threshold-control
50000.0,100.0,0.002,81.13056427263018,100.0,0.436526598491341,threshold-control
50000.0,100.0,0.002,81.20154464382233,100.0,0.43598956641203457,threshold-control
50000.0,100.0,0.002,81.2725250150145,100.0,0.4354524940918243,threshold-control
50000.0,100.0,0.002,81.34350538620664,100.0,0.43491538242507277,threshold-control
50000.0,100.0,0.002,81.4144857573988,100.0,0.43437823230640593,threshold-control
50000.0,100.0,0.002,81.48546612859094,100.0,0.43384104463070605,threshold-control
50000.0,100.0,0.002,81.55644649978309,100.0,0.4333038202931063,threshold-control
50000.0,100.0,0.002,81.62742687097526,100.0,0.43276656018898507,threshold-control
50000.0,100.0,0.002,81.6984072421674,100.0,0.43222926521395943,threshold-control
50000.0,100.0,0.002,81.76938761335956,100.0,0.4316919362638797,threshold-control
50000.0,100.0,0.002,81.8403679845517,100.0,0.43115457423482273,threshold-control
50000.0,100.0,0.002,81.91134835574385,100.0,0.430617180023087,threshold-control
50000.0,100.0,0.002,81.98232872693602,100.0,0.4300797545251853,threshold-control
50000.0,100.0,0.002,82.0,100.0,0.42994595231477906,threshold-control
50000.0,100.0,0.002,82.05330909812817,100.0,0.42954229863784066,threshold-control
50000.0,100.0,0.002,82.12428946932032,100.0,0.42900481325797823,threshold-control
50000.0,100.0,0.002,82.19526984051247,100.0,0.42846729928272087,threshold-control
50000.0,100.0,0.002,82.26625021170462,100.0,0.42792975760938223,threshold-control
50000.0,100.0,0.002,82.33723058289678,100.0,0.4273921891354613,threshold-control
50000.0,100.0,0.002,82.40821095408893,100.0,0.42685459475863663,threshold-control
50000.0,100.0,0.002,82.47919132528108,100.0,0.4263169753767595,threshold-control
50000.0,100.0,0.002,82.55017169647323,100.0,0.42577933188784867,threshold-control
50000.0,100.0,0.002,82.62115206766538,100.0,0.425241665190084,threshold-control
50000.0,100.0,0.002,82.69213243885754,100.0,0.42470397618180045,threshold-control
50000.0,100.0,0.002,82.76311281004969,100.0,0.42416626576148275,threshold-control
50000.0,100.0,0.002,82.83409318124184,100.0,0.4236285348277583,threshold-control
50000.0,100.0,0.002,82.90507355243399,100.0,0.42309078427939184,threshold-control
50000.0,100.0,0.002,82.97605392362614,100.0,0.42255301501527964,threshold-control
50000.0,100.0,0.002,83.0,100.0,0.4223715880641373,threshold-control
50000.0,100.0,0.002,83.0470342948183,100.0,0.42201522793444246,threshold-control
50000.0,100.0,0.002,83.11801466601045,100.0,0.4214774239360214,threshold-control
50000.0,100.0,0.002,83.1889950372026,100.0,0.42093960391926966,threshold-control
50000.0,100.0,0.002,83.25997540839475,100.0,0.4204017687835484,threshold-control
50000.0,100.0,0.002,83.3309557795869,100.0,0.41986391942831935,threshold-control
50000.0,100.0,0.002,83.40193615077906,100.0,0.41932605675313994,threshold-control
50000.0,100.0,0.002,83.47291652197121,100.0,0.4187881816576561,threshold-control
50000.0,100.0,0.002,83.54389689316336,100.0,0.4182502950415977,threshold-control
50000.0,100.0,0.002,83.61487726435551,100.0,0.4177123978047709,threshold-control
50000.0,100.0,0.002,83.68585763554766,100.0,0.4171744908470536,threshold-control
50000.0,100.0,0.002,83.75683800673983,100.0,0.41663657506838825,threshold-control
50000.0,100.0,0.002,83.82781837793198,100.0,0.41609865136877666,threshold-control
50000.0,100.0,0.002,83.89879874912413,100.0,0.41556072064827365,threshold-control
50000.0,100.0,0.002,83.96977912031628,100.0,0.41502278380698077,threshold-control
50000.0,100.0,0.002,84.0,100.0,0.4147937480824505,threshold-control
50000.0,100.0,0.002,84.04075949150842,100.0,0.41448484174504097,threshold-control
50000.0,100.0,0.002,84.11173986270059,100.0,0.4139468953626313,threshold-control
50000.0,100.0,0.002,84.18272023389274,100.0,0.4134089455599591,threshold-control
50000.0,100.0,0.002,84.25370060508489,100.0,0.4128709932372532,threshold-control
50000.0,100.0,0.002,84.32468097627704,100.0,0.4123330392947603,threshold-control
50000.0,100.0,0.002,84.38141169723038,100.0,0.4119030816278524,threshold-control
50000.0,100.0,0.002,84.3956613474692,100.0,0.4117950846327373,threshold-control
50000.0,100.0,0.002,84.46664171866135,100.0,0.4112571301514464,threshold-control
50000.0,100.0,0.002,84.5376220898535,100.0,0.41071917675114833,threshold-control
50000.0,100.0,0.002,84.60860246104565,100.0,0.41018122533209656,threshold-control
50000.0,100.0,0.002,84.6795828322378,100.0,0.4096432767945313,threshold-control
50000.0,100.0,0.002,84.75056320342996,100.0,0.4091053320386735,threshold-control
50000.0,100.0,0.002,84.82154357462211,100.0,0.40856739196471925,threshold-control
50000.0,100.0,0.002,84.89252394581426,100.0,0.40802945747283237,threshold-control
50000.0,100.0,0.002,84.96350431700641,100.0,0.40749152946314016,threshold-control
50000.0,100.0,0.002,85.0,100.0,0.4072149480669248,threshold-control
50000.0,100.0,0.002,85.03448468819856,100.0,0.40695360883572596,threshold-control
50000.0,100.0,0.002,85.10546505939072,100.0,0.40641569649062403,threshold-control
50000.0,100.0,0.002,85.17644543058287,100.0,0.40587779332781315,threshold-control
50000.0,100.0,0.002,85.24742580177502,100.0,0.40533990024721056,threshold-control
50000.0,100.0,0.002,85.31840617296717,100.0,0.4048020181486661,threshold-control
50000.0,100.0,0.002,85.38938654415932,100.0,0.4042641479319561,threshold-control
50000.0,100.0,0.002,85.46036691535149,100.0,0.403726290496777,threshold-control
50000.0,100.0,0.002,85.53134728654364,100.0,0.40318844674274035,threshold-control
50000.0,100.0,0.002,85.60232765773578,100.0,0.40265061756936593,threshold-control
50000.0,100.0,0.002,85.67330802892793,100.0,0.4021128038760756,threshold-control
50000.0,100.0,0.002,85.74428840012008,100.0,0.4015750065621879,threshold-control
50000.0,100.0,0.002,85.81526877131225,100.0,0.40103722652691176,threshold-control
50000.0,100.0,0.002,85.8862491425044,100.0,0.40049946466934083,threshold-control
50000.0,100.0,0.002,85.95722951369655,100.0,0.3999617218884466,threshold-control
50000.0,100.0,0.002,86.0,100.0,0.39963770498980045,threshold-control
50000.0,100.0,0.002,86.0282098848887,100.0,0.3994239990830728,threshold-control
50000.0,100.0,0.002,86.09919025608085,100.0,0.3988862971519306,threshold-control
50000.0,100.0,0.002,86.17017062727301,100.0,0.3983486169935899,threshold-control
50000.0,100.0,0.002,86.24115099846516,100.0,0.3978109595064768,threshold-control
50000.0,100.0,0.002,86.31213136965731,100.0,0.3972733255888641,threshold-control
50000.0,100.0,0.002,86.38311174084946,100.0,0.39673571613886816,threshold-control
50000.0,100.0,0.002,86.45409211204161,100.0,0.3961981320544409,threshold-control
50000.0,100.0,0.002,86.52507248323377,100.0,0.3956605742333651,threshold-control
50000.0,100.0,0.002,86.59605285442592,100.0,0.3951230435732479,threshold-control
50000.0,100.0,0.002,86.66703322561807,100.0,0.39458554097151455,threshold-control
50000.0,100.0,0.002,86.73801359681022,100.0,0.394048067325403,threshold-control
50000.0,100.0,0.002,86.80899396800237,100.0,0.3935106235319573,threshold-control
50000.0,100.0,0.002,86.87997433919453,100.0,0.39297321048802225,threshold-control
50000.0,100.0,0.002,86.95095471038668,100.0,0.3924358290902369,threshold-control
50000.0,100.0,0.002,87.0,100.0,0.392064533755649,threshold-control
50000.0,100.0,0.002,87.02193508157883,100.0,0.39189848023502905,threshold-control
50000.0,100.0,0.002,87.09291545277098,100.0,0.39136116481860883,threshold-control
50000.0,100.0,0.002,87.16389582396313,100.0,0.39082388373696286,threshold-control
50000.0,100.0,0.002,87.2348761951553,100.0,0.3902866378858484,threshold-control
50000.0,100.0,0.002,87.30585656634744,100.0,0.3897494281607875,threshold-control
50000.0,100.0,0.002,87.3768369375396,100.0,0.38921225545706084,threshold-control
50000.0,100.0,0.002,87.44781730873174,100.0,0.38867512066970145,threshold-control
50000.0,100.0,0.002,87.51879767992389,100.0,0.38813802469348957,threshold-control
50000.0,100.0,0.002,87.58977805111606,100.0,0.3876009684229458,threshold-control
50000.0,100.0,0.002,87.6607584223082,100.0,0.3870639527523263,threshold-control
50000.0,100.0,0.002,87.73173879350036,100.0,0.38652697857561513,threshold-control
50000.0,100.0,0.002,87.8027191646925,100.0,0.3859900467865205,threshold-control
50000.0,100.0,0.002,87.87369953588465,100.0,0.3854531582784668,threshold-control
50000.0,100.0,0.002,87.94467990707682,100.0,0.3849163139445897,threshold-control
50000.0,100.0,0.002,88.0,100.0,0.38449794386450353,threshold-control
50000.0,100.0,0.002,88.01566027826897,100.0,0.38437951467773046,threshold-control
50000.0,100.0,0.002,88.08664064946112,100.0,0.3838427613704293,threshold-control
50000.0,100.0,0.002,88.15762102065327,100.0,0.38330605491491965,threshold-control
50000.0,100.0,0.002,88.22860139184542,100.0,0.3827693962031228,threshold-control
50000.0,100.0,0.002,88.29958176303758,100.0,0.38223278612664124,threshold-control
50000.0,100.0,0.002,88.37056213422973,100.0,0.3816962255767533,threshold-control
50000.0,100.0,0.002,88.44154250542188,100.0,0.3811597154444071,threshold-control
50000.0,100.0,0.002,88.51252287661403,100.0,0.38062325662021435,threshold-control
50000.0,100.0,0.002,88.58350324780619,100.0,0.38008684999444464,threshold-control
50000.0,100.0,0.002,88.65448361899834,100.0,0.37955049645702,threshold-control
50000.0,100.0,0.002,88.72546399019049,100.0,0.3790141968975086,threshold-control
50000.0,100.0,0.002,88.79644436138264,100.0,0.3784779522051187,threshold-control
50000.0,100.0,0.002,88.86742473257479,100.0,0.3779417632686931,threshold-control
50000.0,100.0,0.002,88.93840510376695,100.0,0.3774056309767033,threshold-control
50000.0,100.0,0.002,89.0,100.0,0.3769404360902243,threshold-control
50000.0,100.0,0.002,89.0093854749591,100.0,0.37686955621724305,threshold-control
50000.0,100.0,0.002,89.08036584615125,100.0,0.37633353987802365,threshold-control
50000.0,100.0,0.002,89.1513462173434,100.0,0.3757975828463669,threshold-control
50000.0,100.0,0.002,89.22232658853555,100.0,0.3752616860092004,threshold-control
50000.0,100.0,0.002,89.29330695972772,100.0,0.37472585025304983,threshold-control
50000.0,100.0,0.002,89.36428733091986,100.0,0.3741900764640359,threshold-control
50000.0,100.0,0.002,89.43526770211201,100.0,0.37365436552786613,threshold-control
50000.0,100.0,0.002,89.50624807330416,100.0,0.3731187183298301,threshold-control
50000.0,100.0,0.002,89.57722844449631,100.0,0.3725831357547935,threshold-control
50000.0,100.0,0.002,89.64820881568848,100.0,0.37204761868719194,threshold-control
50000.0,100.0,0.002,89.71918918688063,100.0,0.3715121680110257,threshold-control
50000.0,100.0,0.002,89.79016955807278,100.0,0.37097678460985384,threshold-control
50000.0,100.0,0.002,89.86114992926493,100.0,0.37044146936678835,threshold-control
50000.0,100.0,0.002,89.93213030045708,100.0,0.3699062231644875,threshold-control
50000.0,100.0,0.002,90.0,100.0,0.36939449918342426,threshold-control
50000.0,100.0,0.002,90.00311067164924,100.0,0.36937104688515177,threshold-control
50000.0,100.0,0.002,90.07409104284139,100.0,0.3688359414105168,threshold-control
50000.0,100.0,0.002,90.14507141403354,100.0,0.3683009076218481,threshold-control
50000.0,100.0,0.002,90.21605178522569,100.0,0.3677659463999349,threshold-control
50000.0,100.0,0.002,90.28703215641784,100.0,0.36723105862508476,threshold-control
50000.0,100.0,0.002,90.35801252761,100.0,0.36669624517711785,threshold-control
50000.0,100.0,0.002,90.42899289880215,100.0,0.3661615069353613,threshold-control
50000.0,100.0,0.002,90.4999732699943,100.0,0.36562684477864305,threshold-control
50000.0,100.0,0.002,90.57095364118645,100.0,0.36509225958528624,threshold-control
50000.0,100.0,0.002,90.6419340123786,100.0,0.3645577522331036,threshold-control
50000.0,100.0,0.002,90.71291438357076,100.0,0.3640233235993918,threshold-control
50000.0,100.0,0.002,90.78389475476291,100.0,0.36348897456092644,threshold-control
50000.0,100.0,0.002,90.85487512595506,100.0,0.3629547059939541,threshold-control
50000.0,100.0,0.002,90.92585549714721,100.0,0.36242051877418957,threshold-control
50000.0,100.0,0.002,90.99683586833936,100.0,0.36188641377680786,threshold-control
50000.0,100.0,0.002,91.0,100.0,0.36186260660816694,threshold-control
50000.0,100.0,0.002,91.06781623953152,100.0,0.36135239187643986,threshold-control
50000.0,100.0,0.002,91.13879661072367,100.0,0.3608184539471664,threshold-control
50000.0,100.0,0.002,91.20977698191582,100.0,0.3602846008625119,threshold-control
50000.0,100.0,0.002,91.28075735310797,100.0,0.35975083349543946,threshold-control
50000.0,100.0,0.002,91.35173772430012,100.0,0.35921715271834553,threshold-control
50000.0,100.0,0.002,91.42271809549229,100.0,0.35868355940305297,threshold-control
50000.0,100.0,0.002,91.49369846668444,100.0,0.35815005442080683,threshold-control
50000.0,100.0,0.002,91.56467883787658,100.0,0.35761663864226767,threshold-control
50000.0,100.0,0.002,91.63565920906873,100.0,0.35708331293750706,threshold-control
50000.0,100.0,0.002,91.70663958026088,100.0,0.3565500781760006,threshold-control
50000.0,100.0,0.002,91.77761995145305,100.0,0.35601693522662325,threshold-control
50000.0,100.0,0.002,91.8486003226452,100.0,0.35548388495764394,threshold-control
50000.0,100.0,0.002,91.91958069383735,100.0,0.35495092823671914,threshold-control
50000.0,100.0,0.002,91.9905610650295,100.0,0.354418065930888,threshold-control
50000.0,100.0,0.002,92.0,100.0,0.3543472133214842,threshold-control
50000.0,100.0,0.002,92.06154143622165,100.0,0.3538852989065665,threshold-control
50000.0,100.0,0.002,92.13252180741381,100.0,0.35335262802954226,threshold-control
50000.0,100.0,0.002,92.20350217860596,100.0,0.35282005416496764,threshold-control
50000.0,100.0,0.002,92.27448254979811,100.0,0.3522875781773567,threshold-control
50000.0,100.0,0.002,92.34546292099026,100.0,0.3517552009305772,threshold-control
50000.0,100.0,0.002,92.41644329218241,100.0,0.35122292328784654,threshold-control
50000.0,100.0,0.002,92.48742366337457,100.0,0.35069074611172546,threshold-control
50000.0,100.0,0.002,92.55840403456672,100.0,0.35015867026411374,threshold-control
50000.0,100.0,0.002,92.62938440575887,100.0,0.3496266966062429,threshold-control
50000.0,100.0,0.002,92.70036477695102,100.0,0.3490948259986726,threshold-control
50000.0,100.0,0.002,92.77134514814317,100.0,0.3485630593012836,threshold-control
50000.0,100.0,0.002,92.84232551933533,100.0,0.34803139737327315,threshold-control
50000.0,100.0,0.002,92.91330589052748,100.0,0.3474998410731497,threshold-control
50000.0,100.0,0.002,92.98428626171963,100.0,0.3469683912587267,threshold-control
50000.0,100.0,0.002,93.0,100.0,0.3468507526045508,threshold-control
50000.0,100.0,0.002,93.05526663291178,100.0,0.34643704878711834,threshold-control
50000.0,100.0,0.002,93.12624700410393,100.0,0.34590581451473235,threshold-control
50000.0,100.0,0.002,93.1972273752961,100.0,0.34537468929726634,threshold-control
50000.0,100.0,0.002,93.26820774648824,100.0,0.3448436739897016,threshold-control
50000.0,100.0,0.002,93.3391881176804,100.0,0.3443127694462981,threshold-control
50000.0,100.0,0.002,93.41016848887254,100.0,0.34378197652058806,threshold-control
50000.0,100.0,0.002,93.4811488600647,100.0,0.34325129606537175,threshold-control
50000.0,100.0,0.002,93.55212923125686,100.0,0.3427207289327121,threshold-control
50000.0,100.0,0.002,93.623109602449,100.0,0.34219027597392826,threshold-control
50000.0,100.0,0.002,93.69408997364116,100.0,0.3416599380395916,threshold-control
50000.0,100.0,0.002,93.7650703448333,100.0,0.34112971597951935,threshold-control
50000.0,100.0,0.002,93.83605071602547,100.0,0.34059961064276933,threshold-control
50000.0,100.0,0.002,93.90703108721762,100.0,0.3400696228776363,threshold-control
50000.0,100.0,0.002,93.97801145840977,100.0,0.33953975353164423,threshold-control
50000.0,100.0,0.002,94.0,100.0,0.339375632954116,threshold-control
50000.0,100.0,0.002,94.04899182960192,100.0,0.3390100034515422,threshold-control
50000.0,100.0,0.002,94.11997220079407,100.0,0.3384803734832994,threshold-control
50000.0,100.0,0.002,94.19095257198623,100.0,0.33795086447209943,threshold-control
50000.0,100.0,0.002,94.26193294317838,100.0,0.33742147726233496,threshold-control
50000.0,100.0,0.002,94.33291331437053,100.0,0.3368922126976034,threshold-control
50000.0,100.0,0.002,94.40389368556268,100.0,0.33636307162069956,threshold-control
50000.0,100.0,0.002,94.47487405675483,100.0,0.33583405487361306,threshold-control
50000.0,100.0,0.002,94.54585442794699,100.0,0.33530516329752125,threshold-control
50000.0,100.0,0.002,94.61683479913914,100.0,0.3347763977327851,threshold-control
50000.0,100.0,0.002,94.68781517033129,100.0,0.33424775901894266,threshold-control
50000.0,100.0,0.002,94.75879554152344,100.0,0.33371924799470565,threshold-control
50000.0,100.0,0.002,94.82977591271559,100.0,0.33319086549795285,threshold-control
50000.0,100.0,0.002,94.90075628390775,100.0,0.3326626123657257,threshold-control
50000.0,100.0,0.002,94.9717366550999,100.0,0.3321344894342232,threshold-control
50000.0,100.0,0.002,95.0,100.0,0.33192423504249613,threshold-control
50000.0,100.0,0.002,95.04271702629205,100.0,0.3316064975387959,threshold-control
50000.0,100.0,0.002,95.1136973974842,100.0,0.33107863751394195,threshold-control
50000.0,100.0,0.002,95.18467776867635,100.0,0.3305509101933012,threshold-control
50000.0,100.0,0.002,95.25565813986852,100.0,0.33002331640965044,threshold-control
50000.0,100.0,0.002,95.32663851106066,100.0,0.3294958569948978,threshold-control
50000.0,100.0,0.002,95.39761888225281,100.0,0.3289685327800793,threshold-control
50000.0,100.0,0.002,95.46859925344496,100.0,0.3284413445953511,threshold-control
50000.0,100.0,0.002,95.53957962463711,100.0,0.327914293269987,threshold-control
50000.0,100.0,0.002,95.61055999582928,100.0,0.32738737963237174,threshold-control
50000.0,100.0,0.002,95.68154036702143,100.0,0.3268606045099969,threshold-control
50000.0,100.0,0.002,95.75252073821358,100.0,0.32633396872945564,threshold-control
50000.0,100.0,0.002,95.82350110940573,100.0,0.3258074731164372,threshold-control
50000.0,100.0,0.002,95.89448148059788,100.0,0.32528111849572305,threshold-control
50000.0,100.0,0.002,95.96546185179004,100.0,0.32475490569118026,threshold-control
50000.0,100.0,0.002,96.0,100.0,0.3244989087541178,threshold-control
50000.0,100.0,0.002,96.03644222298219,100.0,0.32422883552575843,threshold-control
50000.0,100.0,0.002,96.10742259417434,100.0,0.323702908821483,threshold-control
50000.0,100.0,0.002,96.17840296536649,100.0,0.32317712639945195,threshold-control
50000.0,100.0,0.002,96.20231934973467,100.0,0.32299999999999984,threshold-control
50000.0,100.0,0.002,96.24938333655864,99.99243422288798,0.323,post-control
50000.0,100.0,0.002,96.3203637077508,99.9810237644035,0.323,post-control
50000.0,100.0,0.002,96.39134407894295,99.96961330591904,0.323,post-control
50000.0,100.0,0.002,96.4623244501351,99.95820284743458,0.323,post-control
50000.0,100.0,0.002,96.53330482132725,99.9467923889501,0.323,post-control
50000.0,100.0,0.002,96.6042851925194,99.93538193046564,0.323,post-control
50000.0,100.0,0.002,96.67526556371156,99.92397147198116,0.323,post-control
50000.0,100.0,0.002,96.74624593490371,99.9125610134967,0.323,post-control
50000.0,100.0,0.002,96.81722630609586,99.90115055501224,0.323,post-control
50000.0,100.0,0.002,96.88820667728801,99.88974009652776,0.323,post-control
50000.0,100.0,0.002,96.95918704848016,99.8783296380433,0.323,post-control
50000.0,100.0,0.002,97.03016741967232,99.86691917955882,0.323,post-control
50000.0,100.0,0.002,97.10114779086447,99.85550872107436,0.323,post-control
50000.0,100.0,0.002,97.17212816205662,99.8440982625899,0.323,post-control
50000.0,100.0,0.002,97.20231934973467,99.8392448744234,0.323,post-control
50000.0,100.0,0.002,97.24310853324877,99.81975210319207,0.323,post-control
50000.0,100.0,0.002,97.31408890444092,99.78583124431817,0.323,post-control
50000.0,100.0,0.002,97.38506927563309,99.75191038544426,0.323,post-control
50000.0,100.0,0.002,97.45604964682524,99.71798952657036,0.323,post-control
50000.0,100.0,0.002,97.52703001801738,99.68406866769647,0.323,post-control
50000.0,100.0,0.002,97.59801038920953,99.65014780882257,0.323,post-control
50000.0,100.0,0.002,97.6689907604017,99.61622694994865,0.323,post-control
50000.0,100.0,0.002,97.73997113159385,99.58230609107476,0.323,post-control
50000.0,100.0,0.002,97.810951502786,99.54838523220086,0.323,post-control
50000.0,100.0,0.002,97.88193187397815,99.51446437332696,0.323,post-control
50000.0,100.0,0.002,97.9529122451703,99.48054351445306,0.323,post-control
50000.0,100.0,0.002,98.02389261636246,99.44662265557915,0.323,post-control
50000.0,100.0,0.002,98.09487298755461,99.41270179670525,0.323,post-control
50000.0,100.0,0.002,98.16585335874676,99.37878093783135,0.323,post-control
50000.0,100.0,0.002,98.20231934973467,99.36135418007815,0.323,post-control
50000.0,100.0,0.002,98.23683372993891,99.33424034350799,0.323,post-control
50000.0,100.0,0.002,98.30781410113106,99.27847952228491,0.323,post-control
50000.0,100.0,0.002,98.37879447232322,99.22271870106184,0.323,post-control
50000.0,100.0,0.002,98.44977484351537,99.16695787983878,0.323,post-control
50000.0,100.0,0.002,98.52075521470752,99.1111970586157,0.323,post-control
50000.0,100.0,0.002,98.59173558589967,99.05543623739264,0.323,post-control
50000.0,100.0,0.002,98.66271595709182,98.99967541616957,0.323,post-control
50000.0,100.0,0.002,98.73369632828398,98.94391459494649,0.323,post-control
50000.0,100.0,0.002,98.80467669947613,98.88815377372342,0.323,post-control
50000.0,100.0,0.002,98.87565707066828,98.83239295250036,0.323,post-control
50000.0,100.0,0.002,98.94663744186043,98.77663213127728,0.323,post-control
50000.0,100.0,0.002,99.01761781305258,98.72087131005422,0.323,post-control
50000.0,100.0,0.002,99.08859818424474,98.66511048883115,0.323,post-control
50000.0,100.0,0.002,99.1595785554369,98.60934966760807,0.323,post-control
50000.0,100.0,0.002,99.20231934973467,98.57577331755887,0.323,post-control
50000.0,100.0,0.002,99.23055892662904,98.54526759722198,0.323,post-control
50000.0,100.0,0.002,99.3015392978212,98.46859125886552,0.323,post-control
50000.0,100.0,0.002,99.37251966901334,98.39191492050907,0.323,post-control
50000.0,100.0,0.002,99.4435000402055,98.31523858215259,0.323,post-control
50000.0,100.0,0.002,99.51448041139766,98.23856224379614,0.323,post-control
50000.0,100.0,0.002,99.5854607825898,98.16188590543969,0.323,post-control
50000.0,100.0,0.002,99.65644115378196,98.08520956708323,0.323,post-control
50000.0,100.0,0.002,99.7274215249741,98.00853322872678,0.323,post-control
50000.0,100.0,0.002,99.79840189616627,97.9318568903703,0.323,post-control
50000.0,100.0,0.002,99.86938226735842,97.85518055201385,0.323,post-control
50000.0,100.0,0.002,99.94036263855057,97.77850421365738,0.323,post-control
50000.0,100.0,0.002,100.01134300974272,97.70182787530094,0.323,post-control
50000.0,100.0,0.002,100.08232338093487,97.62515153694447,0.323,post-control
50000.0,100.0,0.002,100.15330375212703,97.54847519858801,0.323,post-control
50000.0,100.0,0.002,100.20231934973467,97.49552624264732,0.323,post-control
50000.0,100.0,0.002,100.22428412331918,97.46568254631501,0.323,post-control
50000.0,100.0,0.002,100.29526449451133,97.36924100389429,0.323,post-control
50000.0,100.0,0.002,100.36624486570348,97.27279946147357,0.323,post-control
50000.0,100.0,0.002,100.43722523689563,97.17635791905285,0.323,post-control
50000.0,100.0,0.002,100.50820560808779,97.0799163766321,0.323,post-control
50000.0,100.0,0.002,100.57918597927994,96.98347483421138,0.323,post-control
50000.0,100.0,0.002,100.65016635047209,96.88703329179064,0.323,post-control
50000.0,100.0,0.002,100.72114672166424,96.79059174936992,0.323,post-control
50000.0,100.0,0.002,100.79212709285639,96.6941502069492,0.323,post-control
50000.0,100.0,0.002,100.86310746404855,96.59770866452845,0.323,post-control
50000.0,100.0,0.002,100.9340878352407,96.50126712210773,0.323,post-control
50000.0,100.0,0.002,101.00506820643285,96.40482557968701,0.323,post-control
50000.0,100.0,0.002,101.076048577625,96.30838403726628,0.323,post-control
50000.0,100.0,0.002,101.14702894881715,96.21194249484556,0.323,post-control
50000.0,100.0,0.002,101.20231934973467,96.13681902823096,0.323,post-control
50000.0,100.0,0.002,101.21800932000932,96.1114289517947,0.323,post-control
50000.0,100.0,0.002,101.28898969120146,95.99656595215251,0.323,post-control
50000.0,100.0,0.002,101.35997006239361,95.88170295251032,0.323,post-control
50000.0,100.0,0.002,101.43095043358576,95.76683995286814,0.323,post-control
50000.0,100.0,0.002,101.50193080477791,95.65197695322594,0.323,post-control
50000.0,100.0,0.002,101.57291117597008,95.53711395358374,0.323,post-control
50000.0,100.0,0.002,101.64389154716223,95.42225095394154,0.323,post-control
50000.0,100.0,0.002,101.71487191835438,95.30738795429936,0.323,post-control
50000.0,100.0,0.002,101.78585228954653,95.19252495465717,0.323,post-control
50000.0,100.0,0.002,101.85683266073868,95.07766195501499,0.323,post-control
50000.0,100.0,0.002,101.92781303193084,94.96279895537278,0.323,post-control
50000.0,100.0,0.002,101.99879340312299,94.84793595573059,0.323,post-control
50000.0,100.0,0.002,102.06977377431514,94.7330729560884,0.323,post-control
50000.0,100.0,0.002,102.14075414550729,94.61820995644621,0.323,post-control
50000.0,100.0,0.002,102.20231934973467,94.5185829199519,0.323,post-control
50000.0,100.0,0.002,102.21173451669944,94.50110266599405,0.323,post-control
50000.0,100.0,0.002,102.2827148878916,94.36932009441533,0.323,post-control
50000.0,100.0,0.002,102.35369525908375,94.23753752283663,0.323,post-control
50000.0,100.0,0.002,102.4246756302759,94.10575495125792,0.323,post-control
50000.0,100.0,0.002,102.49565600146805,93.97397237967922,0.323,post-control
50000.0,100.0,0.002,102.56663637266021,93.8421898081005,0.323,post-control
50000.0,100.0,0.002,102.63761674385236,93.71040723652179,0.323,post-control
50000.0,100.0,0.002,102.70859711504451,93.57862466494309,0.323,post-control
50000.0,100.0,0.002,102.77957748623666,93.4468420933644,0.323,post-control
50000.0,100.0,0.002,102.85055785742881,93.31505952178568,0.323,post-control
50000.0,100.0,0.002,102.92153822862097,93.18327695020696,0.323,post-control
50000.0,100.0,0.002,102.99251859981312,93.05149437862826,0.323,post-control
50000.0,100.0,0.002,103.06349897100527,92.91971180704957,0.323,post-control
50000.0,100.0,0.002,103.13447934219742,92.78792923547086,0.323,post-control
50000.0,100.0,0.002,103.20231934973467,92.66197708138907,0.323,post-control
50000.0,100.0,0.002,103.20545971338957,92.6554699114802,0.323,post-control
50000.0,100.0,0.002,103.27644008458174,92.5083909784973,0.323,post-control
50000.0,100.0,0.002,103.34742045577389,92.36131204551442,0.323,post-control
50000.0,100.0,0.002,103.41840082696604,92.21423311253156,0.323,post-control
50000.0,100.0,0.002,103.48938119815818,92.06715417954868,0.323,post-control
50000.0,100.0,0.002,103.56036156935033,91.92007524656582,0.323,post-control
50000.0,100.0,0.002,103.6313419405425,91.77299631358291,0.323,post-control
50000.0,100.0,0.002,103.70232231173465,91.62591738060004,0.323,post-control
50000.0,100.0,0.002,103.7733026829268,91.47883844761716,0.323,post-control
50000.0,100.0,0.002,103.84428305411895,91.3317595146343,0.323,post-control
50000.0,100.0,0.002,103.9152634253111,91.18468058165142,0.323,post-control
50000.0,100.0,0.002,103.98624379650326,91.03760164866853,0.323,post-control
50000.0,100.0,0.002,104.05722416769541,90.89052271568565,0.323,post-control
50000.0,100.0,0.002,104.12820453888756,90.74344378270278,0.323,post-control
50000.0,100.0,0.002,104.19918491007971,90.5963648497199,0.323,post-control
50000.0,100.0,0.002,104.20231934973467,90.58986995497355,0.323,post-control
50000.0,100.0,0.002,104.27016528127186,90.43629724709946,0.323,post-control
50000.0,100.0,0.002,104.34114565246402,90.2756295760555,0.323,post-control
50000.0,100.0,0.002,104.41212602365617,90.11496190501155,0.323,post-control
50000.0,100.0,0.002,104.48310639484832,89.95429423396762,0.323,post-control
50000.0,100.0,0.002,104.55408676604047,89.79362656292369,0.323,post-control
50000.0,100.0,0.002,104.62506713723262,89.63295889187975,0.323,post-control
50000.0,100.0,0.002,104.69604750842478,89.47229122083579,0.323,post-control
50000.0,100.0,0.002,104.76702787961693,89.31162354979186,0.323,post-control
50000.0,100.0,0.002,104.83800825080908,89.15095587874792,0.323,post-control
50000.0,100.0,0.002,104.90898862200123,88.99028820770398,0.323,post-control
50000.0,100.0,0.002,104.97996899319338,88.82962053666006,0.323,post-control
50000.0,100.0,0.002,105.05094936438554,88.66895286561609,0.323,post-control
50000.0,100.0,0.002,105.1219297355777,88.50828519457215,0.323,post-control
50000.0,100.0,0.002,105.19291010676984,88.34761752352823,0.323,post-control
50000.0,100.0,0.002,105.20231934973467,88.3263192247443,0.323,post-control
50000.0,100.0,0.002,105.263890477962,88.17668595849041,0.323,post-control
50000.0,100.0,0.002,105.33487084915414,88.00418587464948,0.323,post-control
50000.0,100.0,0.002,105.4058512203463,87.83168579080852,0.323,post-control
50000.0,100.0,0.002,105.47683159153846,87.6591857069676,0.323,post-control
50000.0,100.0,0.002,105.5478119627306,87.48668562312668,0.323,post-control
50000.0,100.0,0.002,105.61879233392276,87.31418553928575,0.323,post-control
50000.0,100.0,0.002,105.6897727051149,87.14168545544482,0.323,post-control
50000.0,100.0,0.002,105.76075307630707,86.96918537160386,0.323,post-control
50000.0,100.0,0.002,105.83173344749922,86.79668528776294,0.323,post-control
50000.0,100.0,0.002,105.90271381869137,86.62418520392201,0.323,post-control
50000.0,100.0,0.002,105.97369418988352,86.45168512008108,0.323,post-control
50000.0,100.0,0.002,106.04467456107567,86.27918503624015,0.323,post-control
50000.0,100.0,0.002,106.11565493226783,86.10668495239919,0.323,post-control
50000.0,100.0,0.002,106.18663530345998,85.93418486855828,0.323,post-control
50000.0,100.0,0.002,106.20231934973467,85.89606870697855,0.323,post-control
50000.0,100.0,0.002,106.25761567465213,85.75384687416269,0.323,post-control
50000.0,100.0,0.002,106.32859604584428,85.57128576363742,0.323,post-control
50000.0,100.0,0.002,106.39957641703643,85.38872465311215,0.323,post-control
50000.0,100.0,0.002,106.47055678822859,85.20616354258684,0.323,post-control
50000.0,100.0,0.002,106.54153715942074,85.02360243206158,0.323,post-control
50000.0,100.0,0.002,106.61251753061289,84.84104132153631,0.323,post-control
50000.0,100.0,0.002,106.68349790180504,84.65848021101104,0.323,post-control
50000.0,100.0,0.002,106.7544782729972,84.47591910048573,0.323,post-control
50000.0,100.0,0.002,106.82545864418935,84.29335798996047,0.323,post-control
50000.0,100.0,0.002,106.8964390153815,84.1107968794352,0.323,post-control
50000.0,100.0,0.002,106.96741938657365,83.92823576890993,0.323,post-control
50000.0,100.0,0.002,107.0383997577658,83.74567465838466,0.323,post-control
50000.0,100.0,0.002,107.10938012895797,83.56311354785936,0.323,post-control
50000.0,100.0,0.002,107.18036050015012,83.38055243733409,0.323,post-control
50000.0,100.0,0.002,107.20231934973467,83.3240744012421,0.323,post-control
50000.0,100.0,0.002,107.25134087134226,83.19225516478322,0.323,post-control
50000.0,100.0,0.002,107.32232124253441,83.00138841835675,0.323,post-control
50000.0,100.0,0.002,107.39330161372656,82.81052167193029,0.323,post-control
50000.0,100.0,0.002,107.46428198491873,82.61965492550378,0.323,post-control
50000.0,100.0,0.002,107.53526235611088,82.42878817907732,0.323,post-control
50000.0,100.0,0.002,107.60624272730303,82.23792143265085,0.323,post-control
50000.0,100.0,0.002,107.67722309849518,82.04705468622439,0.323,post-control
50000.0,100.0,0.002,107.74820346968733,81.85618793979792,0.323,post-control
50000.0,100.0,0.002,107.81918384087949,81.66532119337141,0.323,post-control
50000.0,100.0,0.002,107.89016421207164,81.47445444694495,0.323,post-control
50000.0,100.0,0.002,107.96114458326379,81.28358770051848,0.323,post-control
50000.0,100.0,0.002,108.03212495445594,81.09272095409202,0.323,post-control
50000.0,100.0,0.002,108.10310532564809,80.90185420766554,0.323,post-control
50000.0,100.0,0.002,108.17408569684025,80.71098746123904,0.323,post-control
50000.0,100.0,0.002,108.20231934973467,80.6350669584693,0.323,post-control
50000.0,100.0,0.002,108.2450660680324,80.51615028575982,0.323,post-control
50000.0,100.0,0.002,108.31604643922455,80.31869069339852,0.323,post-control
50000.0,100.0,0.002,108.3870268104167,80.12123110103722,0.323,post-control
50000.0,100.0,0.002,108.45800718160885,79.92377150867594,0.323,post-control
50000.0,100.0,0.002,108.52898755280101,79.7263119163146,0.323,post-control
50000.0,100.0,0.002,108.59996792399316,79.5288523239533,0.323,post-control
50000.0,100.0,0.002,108.67094829518531,79.331392731592,0.323,post-control
50000.0,100.0,0.002,108.74192866637746,79.13393313923072,0.323,post-control
50000.0,100.0,0.002,108.81290903756961,78.93647354686942,0.323,post-control
50000.0,100.0,0.002,108.88388940876177,78.73901395450808,0.323,post-control
50000.0,100.0,0.002,108.95486977995392,78.54155436214678,0.323,post-control
50000.0,100.0,0.002,109.02585015114607,78.3440947697855,0.323,post-control
50000.0,100.0,0.002,109.09683052233822,78.1466351774242,0.323,post-control
50000.0,100.0,0.002,109.16781089353037,77.9491755850629,0.323,post-control
50000.0,100.0,0.002,109.20231934973467,77.85317685216432,0.323,post-control
50000.0,100.0,0.002,109.23879126472254,77.74917424253404,0.323,post-control
50000.0,100.0,0.002,109.30977163591469,77.54676798448686,0.323,post-control
50000.0,100.0,0.002,109.38075200710684,77.34436172643967,0.323,post-control
50000.0,100.0,0.002,109.45173237829898,77.1419554683925,0.323,post-control
50000.0,100.0,0.002,109.52271274949113,76.93954921034532,0.323,post-control
50000.0,100.0,0.002,109.5936931206833,76.7371429522981,0.323,post-control
50000.0,100.0,0.002,109.66467349187545,76.53473669425091,0.323,post-control
50000.0,100.0,0.002,109.7356538630676,76.33233043620373,0.323,post-control
50000.0,100.0,0.002,109.80663423425975,76.12992417815656,0.323,post-control
50000.0,100.0,0.002,109.8776146054519,75.92751792010937,0.323,post-control
50000.0,100.0,0.002,109.94859497664406,75.72511166206215,0.323,post-control
50000.0,100.0,0.002,110.01957534783621,75.52270540401497,0.323,post-control
50000.0,100.0,0.002,110.09055571902836,75.32029914596778,0.323,post-control
50000.0,100.0,0.002,110.16153609022051,75.1178928879206,0.323,post-control
50000.0,100.0,0.002,110.20231934973467,75.00159613135841,0.323,post-control
50000.0,100.0,0.002,110.23251646141266,74.91404630560831,0.323,post-control
50000.0,100.0,0.002,110.30349683260482,74.70825446711005,0.323,post-control
50000.0,100.0,0.002,110.37447720379697,74.50246262861184,0.323,post-control
50000.0,100.0,0.002,110.44545757498912,74.29667079011362,0.323,post-control
50000.0,100.0,0.002,110.51643794618127,74.09087895161541,0.323,post-control
50000.0,100.0,0.002,110.58741831737342,73.8850871131172,0.323,post-control
50000.0,100.0,0.002,110.65839868856558,73.67929527461894,0.323,post-control
50000.0,100.0,0.002,110.72937905975773,73.47350343612072,0.323,post-control
50000.0,100.0,0.002,110.80035943094988,73.26771159762251,0.323,post-control
50000.0,100.0,0.002,110.87133980214203,73.0619197591243,0.323,post-control
50000.0,100.0,0.002,110.94232017333418,72.85612792062608,0.323,post-control
50000.0,100.0,0.002,111.01330054452634,72.65033608212782,0.323,post-control
50000.0,100.0,0.002,111.0842809157185,72.44454424362961,0.323,post-control
50000.0,100.0,0.002,111.15526128691064,72.2387524051314,0.323,post-control
50000.0,100.0,0.002,111.20231934973467,72.10231799232022,0.323,post-control
50000.0,100.0,0.002,111.2262416581028,72.03231166922586,0.323,post-control
50000.0,100.0,0.002,111.29722202929494,71.82459447393818,0.323,post-control
50000.0,100.0,0.002,111.3682024004871,71.61687727865043,0.323,post-control
50000.0,100.0,0.002,111.43918277167926,71.40916008336274,0.323,post-control
50000.0,100.0,0.002,111.5101631428714,71.20144288807504,0.323,post-control
50000.0,100.0,0.002,111.58114351406356,70.99372569278735,0.323,post-control
50000.0,100.0,0.002,111.65212388525572,70.78600849749961,0.323,post-control
50000.0,100.0,0.002,111.72310425644787,70.57829130221191,0.323,post-control
50000.0,100.0,0.002,111.79408462764002,70.37057410692421,0.323,post-control
50000.0,100.0,0.002,111.86506499883217,70.16285691163652,0.323,post-control
50000.0,100.0,0.002,111.93604537002432,69.95513971634882,0.323,post-control
50000.0,100.0,0.002,112.00702574121648,69.74742252106108,0.323,post-control
50000.0,100.0,0.002,112.07800611240863,69.53970532577338,0.323,post-control
50000.0,100.0,0.002,112.14898648360078,69.3319881304857,0.323,post-control
50000.0,100.0,0.002,112.20231934973467,69.17591465293236,0.323,post-control
50000.0,100.0,0.002,112.21996685479293,69.12412760264796,0.323,post-control
50000.0,100.0,0.002,112.29094722598508,68.91583390674039,0.323,post-control
50000.0,100.0,0.002,112.36192759717724,68.70754021083276,0.323,post-control
50000.0,100.0,0.002,112.43290796836939,68.49924651492519,0.323,post-control
50000.0,100.0,0.002,112.50388833956154,68.29095281901762,0.323,post-control
50000.0,100.0,0.002,112.57486871075369,68.08265912311003,0.323,post-control
50000.0,100.0,0.002,112.64584908194584,67.87436542720246,0.323,post-control
50000.0,100.0,0.002,112.716829453138,67.66607173129483,0.323,post-control
50000.0,100.0,0.002,112.78780982433015,67.45777803538726,0.323,post-control
50000.0,100.0,0.002,112.8587901955223,67.2494843394797,0.323,post-control
50000.0,100.0,0.002,112.92977056671445,67.04119064357211,0.323,post-control
50000.0,100.0,0.002,113.0007509379066,66.83289694766454,0.323,post-control
50000.0,100.0,0.002,113.07173130909877,66.62460325175692,0.323,post-control
50000.0,100.0,0.002,113.14271168029092,66.41630955584934,0.323,post-control
50000.0,100.0,0.002,113.20231934973467,66.24138934108652,0.323,post-control
50000.0,100.0,0.002,113.21369205148306,66.20812047247907,0.323,post-control
50000.0,100.0,0.002,113.28467242267521,66.00047969413612,0.323,post-control
50000.0,100.0,0.002,113.35565279386736,65.79283891579318,0.323,post-control
50000.0,100.0,0.002,113.42663316505953,65.5851981374502,0.323,post-control
50000.0,100.0,0.002,113.49761353625168,65.37755735910726,0.323,post-control
50000.0,100.0,0.002,113.56859390744383,65.16991658076432,0.323,post-control
50000.0,100.0,0.002,113.63957427863598,64.96227580242137,0.323,post-control
50000.0,100.0,0.002,113.71055464982813,64.75463502407844,0.323,post-control
50000.0,100.0,0.002,113.78153502102029,64.54699424573545,0.323,post-control
50000.0,100.0,0.002,113.85251539221244,64.33935346739251,0.323,post-control
50000.0,100.0,0.002,113.92349576340459,64.13171268904958,0.323,post-control
50000.0,100.0,0.002,113.99447613459674,63.92407191070663,0.323,post-control
50000.0,100.0,0.002,114.06545650578889,63.71643113236369,0.323,post-control
50000.0,100.0,0.002,114.13643687698105,63.50879035402071,0.323,post-control
50000.0,100.0,0.002,114.20231934973467,63.31606259433225,0.323,post-control
50000.0,100.0,0.002,114.2074172481732,63.30127592333259,0.323,post-control
50000.0,100.0,0.002,114.27839761936535,63.095394341165566,0.323,post-control
50000.0,100.0,0.002,114.3493779905575,62.88951275899854,0.323,post-control
50000.0,100.0,0.002,114.42035836174965,62.68363117683152,0.323,post-control
50000.0,100.0,0.002,114.49133873294181,62.47774959466446,0.323,post-control
50000.0,100.0,0.002,114.56231910413396,62.271868012497436,0.323,post-control
50000.0,100.0,0.002,114.63329947532611,62.06598643033042,0.323,post-control
50000.0,100.0,0.002,114.70427984651826,61.860104848163395,0.323,post-control
50000.0,100.0,0.002,114.77526021771041,61.65422326599637,0.323,post-control
50000.0,100.0,0.002,114.84624058890257,61.44834168382931,0.323,post-control
50000.0,100.0,0.002,114.91722096009472,61.24246010166229,0.323,post-control
50000.0,100.0,0.002,114.98820133128687,61.036578519495265,0.323,post-control
50000.0,100.0,0.002,115.05918170247902,60.83069693732825,0.323,post-control
50000.0,100.0,0.002,115.13016207367117,60.624815355161225,0.323,post-control
50000.0,100.0,0.002,115.20114244486334,60.418933772994166,0.323,post-control
50000.0,100.0,0.002,115.20231934973467,60.41552011041534,0.323,post-control
50000.0,100.0,0.002,115.27212281605549,60.21574782931938,0.323,post-control
50000.0,100.0,0.002,115.34310318724764,60.012607334821276,0.323,post-control
50000.0,100.0,0.002,115.41408355843978,59.80946684032317,0.323,post-control
50000.0,100.0,0.002,115.48506392963193,59.60632634582506,0.323,post-control
50000.0,100.0,0.002,115.5560443008241,59.40318585132691,0.323,post-control
50000.0,100.0,0.002,115.62702467201625,59.2000453568288,0.323,post-control
50000.0,100.0,0.002,115.6980050432084,58.996904862330695,0.323,post-control
50000.0,100.0,0.002,115.76898541440055,58.79376436783259,0.323,post-control
50000.0,100.0,0.002,115.83996578559271,58.59062387333444,0.323,post-control
50000.0,100.0,0.002,115.91094615678486,58.38748337883633,0.323,post-control
50000.0,100.0,0.002,115.98192652797701,58.18434288433822,0.323,post-control
50000.0,100.0,0.002,116.05290689916916,57.981202389840114,0.323,post-control
50000.0,100.0,0.002,116.12388727036131,57.778061895342006,0.323,post-control
50000.0,100.0,0.002,116.19486764155347,57.574921400843856,0.323,post-control
50000.0,100.0,0.002,116.20231934973467,57.55359517136155,0.323,post-control
50000.0,100.0,0.002,116.26584801274562,57.375002943074186,0.323,post-control
50000.0,100.0,0.002,116.33682838393777,57.175462419866825,0.323,post-control
50000.0,100.0,0.002,116.40780875512992,56.975921896659464,0.323,post-control
50000.0,100.0,0.002,116.47878912632207,56.77638137345211,0.323,post-control
50000.0,100.0,0.002,116.54976949751423,56.57684085024471,0.323,post-control
50000.0,100.0,0.002,116.62074986870638,56.37730032703735,0.323,post-control
50000.0,100.0,0.002,116.69173023989853,56.17775980382999,0.323,post-control
50000.0,100.0,0.002,116.76271061109068,55.97821928062263,0.323,post-control
50000.0,100.0,0.002,116.83369098228283,55.77867875741527,0.323,post-control
50000.0,100.0,0.002,116.904671353475,55.579138234207875,0.323,post-control
50000.0,100.0,0.002,116.97565172466715,55.379597711000514,0.323,post-control
50000.0,100.0,0.002,117.0466320958593,55.18005718779315,0.323,post-control
50000.0,100.0,0.002,117.11761246705144,54.98051666458579,0.323,post-control
50000.0,100.0,0.002,117.1885928382436,54.78097614137843,0.323,post-control
50000.0,100.0,0.002,117.20231934973467,54.742388074864586,0.323,post-control
50000.0,100.0,0.002,117.25957320943576,54.584935159530495,0.323,post-control
50000.0,100.0,0.002,117.3305535806279,54.389733186527316,0.323,post-control
50000.0,100.0,0.002,117.40153395182006,54.194531213524144,0.323,post-control
50000.0,100.0,0.002,117.4725143230122,53.99932924052097,0.323,post-control
50000.0,100.0,0.002,117.54349469420436,53.8041272675178,0.323,post-control
50000.0,100.0,0.002,117.61447506539652,53.608925294514584,0.323,post-control
50000.0,100.0,0.002,117.68545543658867,53.41372332151141,0.323,post-control
50000.0,100.0,0.002,117.75643580778082,53.21852134850823,0.323,post-control
50000.0,100.0,0.002,117.82741617897297,53.02331937550506,0.323,post-control
50000.0,100.0,0.002,117.89839655016512,52.82811740250189,0.323,post-control
50000.0,100.0,0.002,117.96937692135728,52.632915429498674,0.323,post-control
50000.0,100.0,0.002,118.04035729254943,52.4377134564955,0.323,post-control
50000.0,100.0,0.002,118.11133766374158,52.24251148349232,0.323,post-control
50000.0,100.0,0.002,118.18231803493373,52.04730951048915,0.323,post-control
50000.0,100.0,0.002,118.20231934973467,51.99230421752962,0.323,post-control
50000.0,100.0,0.002,118.25329840612588,51.85567259796314,0.323,post-control
50000.0,100.0,0.002,118.32427877731804,51.66543441467879,0.323,post-control
50000.0,100.0,0.002,118.39525914851019,51.47519623139447,0.323,post-control
50000.0,100.0,0.002,118.46623951970234,51.284958048110155,0.323,post-control
50000.0,100.0,0.002,118.53721989089449,51.09471986482584,0.323,post-control
50000.0,100.0,0.002,118.60820026208664,50.90448168154152,0.323,post-control
50000.0,100.0,0.002,118.6791806332788,50.71424349825717,0.323,post-control
50000.0,100.0,0.002,118.75016100447095,50.524005314972854,0.323,post-control
50000.0,100.0,0.002,118.8211413756631,50.33376713168853,0.323,post-control
50000.0,100.0,0.002,118.89212174685525,50.14352894840422,0.323,post-control
50000.0,100.0,0.002,118.9631021180474,49.9532907651199,0.323,post-control
50000.0,100.0,0.002,119.03408248923957,49.763052581835545,0.323,post-control
50000.0,100.0,0.002,119.10506286043172,49.57281439855123,0.323,post-control
50000.0,100.0,0.002,119.17604323162386,49.38257621526691,0.323,post-control
50000.0,100.0,0.002,119.20231934973467,49.31215222495513,0.323,post-control
50000.0,100.0,0.002,119.24702360281601,49.19578963637618,0.323,post-control
50000.0,100.0,0.002,119.31800397400816,49.011031830107,0.323,post-control
50000.0,100.0,0.002,119.38898434520033,48.82627402383777,0.323,post-control
50000.0,100.0,0.002,119.45996471639248,48.64151621756859,0.323,post-control
50000.0,100.0,0.002,119.53094508758463,48.4567584112994,0.323,post-control
50000.0,100.0,0.002,119.60192545877678,48.27200060503021,0.323,post-control
50000.0,100.0,0.002,119.67290582996893,48.08724279876102,0.323,post-control
50000.0,100.0,0.002,119.74388620116109,47.90248499249179,0.323,post-control
50000.0,100.0,0.002,119.81486657235324,47.717727186222604,0.323,post-control
50000.0,100.0,0.002,119.88584694354539,47.532969379953414,0.323,post-control
50000.0,100.0,0.002,119.95682731473754,47.348211573684225,0.323,post-control
50000.0,100.0,0.002,120.02780768592969,47.16345376741504,0.323,post-control
50000.0,100.0,0.002,120.09878805712185,46.97869596114582,0.323,post-control
50000.0,100.0,0.002,120.169768428314,46.79393815487663,0.323,post-control
50000.0,100.0,0.002,120.20231934973467,46.70920998661385,0.323,post-control
50000.0,100.0,0.002,120.24074879950615,46.61237203034035,0.323,post-control
50000.0,100.0,0.002,120.3117291706983,46.433509358023805,0.323,post-control
50000.0,100.0,0.002,120.38270954189045,46.254646685707264,0.323,post-control
50000.0,100.0,0.002,120.45368991308261,46.07578401339068,0.323,post-control
50000.0,100.0,0.002,120.52467028427476,45.89692134107414,0.323,post-control
50000.0,100.0,0.002,120.59565065546691,45.71805866875759,0.323,post-control
50000.0,100.0,0.002,120.66663102665906,45.53919599644105,0.323,post-control
50000.0,100.0,0.002,120.73761139785123,45.36033332412447,0.323,post-control
50000.0,100.0,0.002,120.80859176904337,45.18147065180793,0.323,post-control
50000.0,100.0,0.002,120.87957214023552,45.00260797949139,0.323,post-control
50000.0,100.0,0.002,120.95055251142767,44.82374530717484,0.323,post-control
50000.0,100.0,0.002,121.02153288261982,44.6448826348583,0.323,post-control
50000.0,100.0,0.002,121.09251325381199,44.466019962541715,0.323,post-control
50000.0,100.0,0.002,121.16349362500414,44.287157290225174,0.323,post-control
50000.0,100.0,0.002,121.20231934973467,44.189320764953564,0.323,post-control
50000.0,100.0,0.002,121.23447399619629,44.11111177147266,0.323,post-control
50000.0,100.0,0.002,121.30545436738844,43.938467877083546,0.323,post-control
50000.0,100.0,0.002,121.37643473858058,43.765823982694435,0.323,post-control
50000.0,100.0,0.002,121.44741510977275,43.59318008830529,0.323,post-control
50000.0,100.0,0.002,121.5183954809649,43.42053619391618,0.323,post-control
50000.0,100.0,0.002,121.58937585215705,43.24789229952706,0.323,post-control
50000.0,100.0,0.002,121.6603562233492,43.07524840513795,0.323,post-control
50000.0,100.0,0.002,121.73133659454135,42.90260451074884,0.323,post-control
50000.0,100.0,0.002,121.80231696573351,42.72996061635969,0.323,post-control
50000.0,100.0,0.002,121.87329733692566,42.55731672197058,0.323,post-control
50000.0,100.0,0.002,121.94427770811781,42.38467282758147,0.323,post-control
50000.0,100.0,0.002,122.01525807930996,42.21202893319236,0.323,post-control
50000.0,100.0,0.002,122.08623845050211,42.039385038803246,0.323,post-control
50000.0,100.0,0.002,122.15721882169427,41.8667411444141,0.323,post-control
50000.0,100.0,0.002,122.20231934973467,41.757044186380156,0.323,post-control
50000.0,100.0,0.002,122.22819919288642,41.69645175564747,0.323,post-control
50000.0,100.0,0.002,122.29917956407857,41.53026553884467,0.323,post-control
50000.0,100.0,0.002,122.37015993527072,41.36407932204186,0.323,post-control
50000.0,100.0,0.002,122.44114030646287,41.197893105239054,0.323,post-control
50000.0,100.0,0.002,122.51212067765503,41.03170688843621,0.323,post-control
50000.0,100.0,0.002,122.58310104884718,40.865520671633405,0.323,post-control
50000.0,100.0,0.002,122.65408142003933,40.6993344548306,0.323,post-control
50000.0,100.0,0.002,122.72506179123148,40.533148238027785,0.323,post-control
50000.0,100.0,0.002,122.79604216242363,40.36696202122498,0.323,post-control
50000.0,100.0,0.002,122.8670225336158,40.200775804422136,0.323,post-control
50000.0,100.0,0.002,122.93800290480795,40.03458958761933,0.323,post-control
50000.0,100.0,0.002,123.0089832760001,39.86840337081652,0.323,post-control
50000.0,100.0,0.002,123.07996364719224,39.70221715401372,0.323,post-control
50000.0,100.0,0.002,123.1509440183844,39.53603093721091,0.323,post-control
50000.0,100.0,0.002,123.20231934973467,39.415745965313825,0.323,post-control
50000.0,100.0,0.002,123.22192438957656,39.37167293404226,0.323,post-control
50000.0,100.0,0.002,123.2929047607687,39.21210579495721,0.323,post-control
50000.0,100.0,0.002,123.36388513196086,39.05253865587216,0.323,post-control
50000.0,100.0,0.002,123.434865503153,38.892971516787114,0.323,post-control
50000.0,100.0,0.002,123.50584587434516,38.733404377702065,0.323,post-control
50000.0,100.0,0.002,123.57682624553732,38.57383723861699,0.323,post-control
50000.0,100.0,0.002,123.64780661672947,38.41427009953194,0.323,post-control
50000.0,100.0,0.002,123.71878698792162,38.25470296044689,0.323,post-control
50000.0,100.0,0.002,123.78976735911377,38.09513582136184,0.323,post-control
50000.0,100.0,0.002,123.86074773030592,37.935568682276795,0.323,post-control
50000.0,100.0,0.002,123.93172810149808,37.77600154319172,0.323,post-control
50000.0,100.0,0.002,124.00270847269023,37.61643440410667,0.323,post-control
50000.0,100.0,0.002,124.07368884388238,37.45686726502162,0.323,post-control
50000.0,100.0,0.002,124.14466921507453,37.29730012593657,0.323,post-control
50000.0,100.0,0.002,124.20231934973467,37.16769997168149,0.323,post-control
50000.0,100.0,0.002,124.21564958626668,37.138993589358506,0.323,post-control
50000.0,100.0,0.002,124.28662995745884,36.98613886183914,0.323,post-control
50000.0,100.0,0.002,124.35761032865099,36.833284134319804,0.323,post-control
50000.0,100.0,0.002,124.42859069984314,36.680429406800464,0.323,post-control
50000.0,100.0,0.002,124.49957107103529,36.52757467928113,0.323,post-control
50000.0,100.0,0.002,124.57055144222744,36.37471995176179,0.323,post-control
50000.0,100.0,0.002,124.6415318134196,36.22186522424242,0.323,post-control
50000.0,100.0,0.002,124.71251218461175,36.06901049672308,0.323,post-control
50000.0,100.0,0.002,124.7834925558039,35.91615576920375,0.323,post-control
50000.0,100.0,0.002,124.85447292699605,35.76330104168441,0.323,post-control
50000.0,100.0,0.002,124.92545329818822,35.61044631416504,0.323,post-control
50000.0,100.0,0.002,124.99643366938037,35.457591586645705,0.323,post-control
50000.0,100.0,0.002,125.06741404057252,35.304736859126365,0.323,post-control
50000.0,100.0,0.002,125.13839441176466,35.151882131607024,0.323,post-control
50000.0,100.0,0.002,125.20231934973467,35.01422113024873,0.323,post-control
50000.0,100.0,0.002,125.20937478295681,34.99969821673146,0.323,post-control
50000.0,100.0,0.002,125.28035515414898,34.853592122351436,0.323,post-control
50000.0,100.0,0.002,125.35133552534113,34.70748602797144,0.323,post-control
50000.0,100.0,0.002,125.42231589653328,34.561379933591446,0.323,post-control
50000.0,100.0,0.002,125.49329626772543,34.41527383921145,0.323,post-control
50000.0,100.0,0.002,125.56427663891758,34.269167744831456,0.323,post-control
50000.0,100.0,0.002,125.63525701010974,34.123061650451426,0.323,post-control
50000.0,100.0,0.002,125.70623738130189,33.97695555607143,0.323,post-control
50000.0,100.0,0.002,125.77721775249404,33.830849461691436,0.323,post-control
50000.0,100.0,0.002,125.84819812368619,33.68474336731144,0.323,post-control
50000.0,100.0,0.002,125.91917849487834,33.538637272931446,0.323,post-control
50000.0,100.0,0.002,125.9901588660705,33.39253117855142,0.323,post-control
50000.0,100.0,0.002,126.06113923726265,33.24642508417143,0.323,post-control
50000.0,100.0,0.002,126.1321196084548,33.100318989791425,0.323,post-control
50000.0,100.0,0.002,126.20231934973467,32.955819745104165,0.323,post-control
50000.0,100.0,0.002,126.20309997964695,32.95428691433918,0.323,post-control
50000.0,100.0,0.002,126.2740803508391,32.8149111423361,0.323,post-control
50000.0,100.0,0.002,126.34506072203126,32.675535370332994,0.323,post-control
50000.0,100.0,0.002,126.41604109322341,32.536159598329924,0.323,post-control
50000.0,100.0,0.002,126.48702146441556,32.396783826326846,0.323,post-control
50000.0,100.0,0.002,126.55800183560771,32.25740805432377,0.323,post-control
50000.0,100.0,0.002,126.62898220679986,32.11803228232069,0.323,post-control
50000.0,100.0,0.002,126.69996257799203,31.978656510317585,0.323,post-control
50000.0,100.0,0.002,126.77094294918417,31.839280738314507,0.323,post-control
50000.0,100.0,0.002,126.84192332037632,31.69990496631143,0.323,post-control
50000.0,100.0,0.002,126.91290369156847,31.56052919430835,0.323,post-control
50000.0,100.0,0.002,126.98388406276062,31.421153422305274,0.323,post-control
50000.0,100.0,0.002,127.05486443395279,31.281777650302168,0.323,post-control
50000.0,100.0,0.002,127.12584480514494,31.142401878299093,0.323,post-control
50000.0,100.0,0.002,127.19682517633709,31.003026106296016,0.323,post-control
50000.0,100.0,0.002,127.20231934973467,30.99223784686675,0.323,post-control
50000.0,100.0,0.002,127.26780554752924,30.86980095241726,0.323,post-control
50000.0,100.0,0.002,127.33878591872138,30.73709182426019,0.323,post-control
50000.0,100.0,0.002,127.40976628991355,30.604382696103094,0.323,post-control
50000.0,100.0,0.002,127.4807466611057,30.471673567946027,0.323,post-control
50000.0,100.0,0.002,127.55172703229785,30.338964439788956,0.323,post-control
50000.0,100.0,0.002,127.62270740349,30.206255311631885,0.323,post-control
50000.0,100.0,0.002,127.69368777468215,30.073546183474818,0.323,post-control
50000.0,100.0,0.002,127.76466814587431,29.940837055317722,0.323,post-control
50000.0,100.0,0.002,127.83564851706646,29.80812792716065,0.323,post-control
50000.0,100.0,0.002,127.90662888825861,29.675418799003584,0.323,post-control
50000.0,100.0,0.002,127.97760925945076,29.542709670846513,0.323,post-control
50000.0,100.0,0.002,128.0485896306429,29.410000542689442,0.323,post-control
50000.0,100.0,0.002,128.11957000183506,29.277291414532375,0.323,post-control
50000.0,100.0,0.002,128.1905503730272,29.144582286375304,0.323,post-control
50000.0,100.0,0.002,128.20231934973467,29.12257830679735,0.323,post-control
50000.0,100.0,0.002,128.26153074421939,29.01734967354407,0.323,post-control
50000.0,100.0,0.002,128.33251111541153,28.891205583992388,0.323,post-control
50000.0,100.0,0.002,128.40349148660368,28.765061494440708,0.323,post-control
50000.0,100.0,0.002,128.47447185779583,28.63891740488903,0.323,post-control
50000.0,100.0,0.002,128.54545222898798,28.51277331533735,0.323,post-control
50000.0,100.0,0.002,128.61643260018013,28.386629225785665,0.323,post-control
50000.0,100.0,0.002,128.68741297137228,28.260485136233985,0.323,post-control
50000.0,100.0,0.002,128.75839334256443,28.134341046682305,0.323,post-control
50000.0,100.0,0.002,128.82937371375658,28.008196957130625,0.323,post-control
50000.0,100.0,0.002,128.90035408494873,27.882052867578942,0.323,post-control
50000.0,100.0,0.002,128.9713344561409,27.755908778027212,0.323,post-control
50000.0,100.0,0.002,129.04231482733306,27.629764688475532,0.323,post-control
50000.0,100.0,0.002,129.1132951985252,27.50362059892385,0.323,post-control
50000.0,100.0,0.002,129.18427556971736,27.37747650937217,0.323,post-control
50000.0,100.0,0.002,129.20231934973467,27.345409669425777,0.323,post-control
50000.0,100.0,0.002,129.2552559409095,27.256130787218467,0.323,post-control
50000.0,100.0,0.002,129.32623631210166,27.13642061967548,0.323,post-control
50000.0,100.0,0.002,129.3972166832938,27.01671045213249,0.323,post-control
50000.0,100.0,0.002,129.46819705448596,26.897000284589502,0.323,post-control
50000.0,100.0,0.002,129.5391774256781,26.777290117046512,0.323,post-control
50000.0,100.0,0.002,129.61015779687025,26.657579949503525,0.323,post-control
50000.0,100.0,0.002,129.68113816806243,26.537869781960488,0.323,post-control
50000.0,100.0,0.002,129.75211853925458,26.418159614417497,0.323,post-control
50000.0,100.0,0.002,129.82309891044673,26.29844944687451,0.323,post-control
50000.0,100.0,0.002,129.89407928163888,26.178739279331523,0.323,post-control
50000.0,100.0,0.002,129.96505965283103,26.059029111788533,0.323,post-control
50000.0,100.0,0.002,130.03604002402318,25.939318944245542,0.323,post-control
50000.0,100.0,0.002,130.10702039521533,25.819608776702555,0.323,post-control
50000.0,100.0,0.002,130.17800076640748,25.69989860915957,0.323,post-control
50000.0,100.0,0.002,130.20231934973467,25.658884711435295,0.323,post-control
50000.0,100.0,0.002,130.24898113759963,25.584313069620432,0.323,post-control
50000.0,100.0,0.002,130.31996150879178,25.47087715002504,0.323,post-control
50000.0,100.0,0.002,130.39094187998396,25.357441230429604,0.323,post-control
50000.0,100.0,0.002,130.4619222511761,25.244005310834215,0.323,post-control
50000.0,100.0,0.002,130.53290262236825,25.130569391238822,0.323,post-control
50000.0,100.0,0.002,130.6038829935604,25.017133471643433,0.323,post-control
50000.0,100.0,0.002,130.67486336475255,24.90369755204804,0.323,post-control
50000.0,100.0,0.002,130.7458437359447,24.79026163245265,0.323,post-control
50000.0,100.0,0.002,130.81682410713685,24.676825712857262,0.323,post-control
50000.0,100.0,0.002,130.887804478329,24.56338979326187,0.323,post-control
50000.0,100.0,0.002,130.95878484952115,24.44995387366648,0.323,post-control
50000.0,100.0,0.002,131.0297652207133,24.336517954071088,0.323,post-control
50000.0,100.0,0.002,131.10074559190548,24.223082034475652,0.323,post-control
50000.0,100.0,0.002,131.17172596309763,24.109646114880263,0.323,post-control
50000.0,100.0,0.002,131.20231934973467,24.060753880472035,0.323,post-control
50000.0,100.0,0.002,131.24270633428978,23.999676617167196,0.323,post-control
50000.0,100.0,0.002,131.31368670548193,23.892332955130186,0.323,post-control
50000.0,100.0,0.002,131.38466707667408,23.784989293093176,0.323,post-control
50000.0,100.0,0.002,131.45564744786623,23.677645631056166,0.323,post-control
50000.0,100.0,0.002,131.52662781905838,23.570301969019155,0.323,post-control
50000.0,100.0,0.002,131.59760819025053,23.462958306982145,0.323,post-control
50000.0,100.0,0.002,131.66858856144268,23.355614644945135,0.323,post-control
50000.0,100.0,0.002,131.73956893263482,23.24827098290812,0.323,post-control
50000.0,100.0,0.002,131.810549303827,23.140927320871068,0.323,post-control
50000.0,100.0,0.002,131.88152967501915,23.033583658834058,0.323,post-control
50000.0,100.0,0.002,131.9525100462113,22.926239996797047,0.323,post-control
50000.0,100.0,0.002,132.02349041740345,22.818896334760037,0.323,post-control
50000.0,100.0,0.002,132.0944707885956,22.711552672723027,0.323,post-control
50000.0,100.0,0.002,132.16545115978775,22.604209010686013,0.323,post-control
50000.0,100.0,0.002,132.20231934973467,22.548453222781433,0.323,post-control
50000.0,100.0,0.002,132.2364315309799,22.499698435257613,0.323,post-control
50000.0,100.0,0.002,132.30741190217205,22.39824983861243,0.323,post-control
50000.0,100.0,0.002,132.3783922733642,22.296801241967245,0.323,post-control
50000.0,100.0,0.002,132.44937264455638,22.195352645322018,0.323,post-control
50000.0,100.0,0.002,132.52035301574853,22.093904048676833,0.323,post-control
50000.0,100.0,0.002,132.59133338694068,21.99245545203165,0.323,post-control
50000.0,100.0,0.002,132.66231375813283,21.891006855386465,0.323,post-control
50000.0,100.0,0.002,132.73329412932497,21.78955825874128,0.323,post-control
50000.0,100.0,0.002,132.80427450051712,21.688109662096096,0.323,post-control
50000.0,100.0,0.002,132.87525487170927,21.58666106545091,0.323,post-control
50000.0,100.0,0.002,132.94623524290142,21.485212468805727,0.323,post-control
50000.0,100.0,0.002,133.01721561409357,21.383763872160543,0.323,post-control
50000.0,100.0,0.002,133.08819598528572,21.28231527551536,0.323,post-control
50000.0,100.0,0.002,133.1591763564779,21.180866678870135,0.323,post-control
50000.0,100.0,0.002,133.20231934973467,21.11920461585946,0.323,post-control
50000.0,100.0,0.002,133.23015672767005,21.08164811447823,0.323,post-control
50000.0,100.0,0.002,133.3011370988622,20.985885704135345,0.323,post-control
50000.0,100.0,0.002,133.37211747005435,20.890123293792463,0.323,post-control
50000.0,100.0,0.002,133.4430978412465,20.794360883449578,0.323,post-control
50000.0,100.0,0.002,133.51407821243865,20.698598473106696,0.323,post-control
50000.0,100.0,0.002,133.5850585836308,20.602836062763814,0.323,post-control
50000.0,100.0,0.002,133.65603895482295,20.507073652420928,0.323,post-control
50000.0,100.0,0.002,133.7270193260151,20.411311242078046,0.323,post-control
50000.0,100.0,0.002,133.79799969720725,20.315548831735164,0.323,post-control
50000.0,100.0,0.002,133.86898006839942,20.219786421392243,0.323,post-control
50000.0,100.0,0.002,133.93996043959157,20.124024011049357,0.323,post-control
50000.0,100.0,0.002,134.01094081078372,20.028261600706475,0.323,post-control
50000.0,100.0,0.002,134.08192118197587,19.932499190363593,0.323,post-control
50000.0,100.0,0.002,134.15290155316802,19.836736780020708,0.323,post-control
50000.0,100.0,0.002,134.20231934973467,19.77006528713368,0.323,post-control
50000.0,100.0,0.002,134.22388192436017,19.742635253853148,0.323,post-control
50000.0,100.0,0.002,134.29486229555232,19.652340195035727,0.323,post-control
50000.0,100.0,0.002,134.36584266674447,19.562045136218305,0.323,post-control
50000.0,100.0,0.002,134.43682303793662,19.47175007740088,0.323,post-control
50000.0,100.0,0.002,134.50780340912877,19.38145501858346,0.323,post-control
50000.0,100.0,0.002,134.57878378032095,19.291159959766002,0.323,post-control
50000.0,100.0,0.002,134.6497641515131,19.20086490094858,0.323,post-control
50000.0,100.0,0.002,134.72074452270525,19.110569842131156,0.323,post-control
50000.0,100.0,0.002,134.7917248938974,19.020274783313734,0.323,post-control
50000.0,100.0,0.002,134.86270526508955,18.929979724496313,0.323,post-control
50000.0,100.0,0.002,134.9336856362817,18.83968466567889,0.323,post-control
50000.0,100.0,0.002,135.00466600747384,18.749389606861467,0.323,post-control
50000.0,100.0,0.002,135.075646378666,18.659094548044045,0.323,post-control
50000.0,100.0,0.002,135.14662674985814,18.568799489226624,0.323,post-control
50000.0,100.0,0.002,135.20231934973467,18.497952204307072,0.323,post-control
50000.0,100.0,0.002,135.2176071210503,18.47963328951101,0.323,post-control
50000.0,100.0,0.002,135.28858749224247,18.39457946804698,0.323,post-control
50000.0,100.0,0.002,135.35956786343462,18.309525646582987,0.323,post-control
50000.0,100.0,0.002,135.43054823462677,18.224471825118993,0.323,post-control
50000.0,100.0,0.002,135.50152860581892,18.139418003655,0.323,post-control
50000.0,100.0,0.002,135.57250897701107,18.054364182191,0.323,post-control
50000.0,100.0,0.002,135.64348934820322,17.969310360727007,0.323,post-control
50000.0,100.0,0.002,135.71446971939537,17.884256539263014,0.323,post-control
50000.0,100.0,0.002,135.78545009058752,17.799202717799016,0.323,post-control
50000.0,100.0,0.002,135.85643046177967,17.714148896335022,0.323,post-control
50000.0,100.0,0.002,135.92741083297182,17.629095074871028,0.323,post-control
50000.0,100.0,0.002,135.998391204164,17.544041253407,0.323,post-control
50000.0,100.0,0.002,136.06937157535614,17.458987431943005,0.323,post-control
50000.0,100.0,0.002,136.1403519465483,17.373933610479007,0.323,post-control
50000.0,100.0,0.002,136.20231934973467,17.299679780037163,0.323,post-control
50000.0,100.0,0.002,136.21133231774044,17.289516414089274,0.323,post-control
50000.0,100.0,0.002,136.2823126889326,17.209476244515773,0.323,post-control
50000.0,100.0,0.002,136.35329306012474,17.129436074942273,0.323,post-control
50000.0,100.0,0.002,136.4242734313169,17.049395905368772,0.323,post-control
50000.0,100.0,0.002,136.49525380250904,16.969355735795272,0.323,post-control
50000.0,100.0,0.002,136.5662341737012,16.88931556622177,0.323,post-control
50000.0,100.0,0.002,136.63721454489337,16.80927539664824,0.323,post-control
50000.0,100.0,0.002,136.70819491608552,16.72923522707474,0.323,post-control
50000.0,100.0,0.002,136.77917528727767,16.649195057501238,0.323,post-control
50000.0,100.0,0.002,136.85015565846982,16.569154887927738,0.323,post-control
50000.0,100.0,0.002,136.92113602966197,16.489114718354237,0.323,post-control
50000.0,100.0,0.002,136.99211640085412,16.409074548780737,0.323,post-control
50000.0,100.0,0.002,137.06309677204626,16.329034379207236,0.323,post-control
50000.0,100.0,0.002,137.13407714323841,16.248994209633736,0.323,post-control
50000.0,100.0,0.002,137.20231934973467,16.17204169884391,0.323,post-control
50000.0,100.0,0.002,137.20505751443056,16.16913863880565,0.323,post-control
50000.0,100.0,0.002,137.2760378856227,16.09388375022372,0.323,post-control
50000.0,100.0,0.002,137.3470182568149,16.018628861641762,0.323,post-control
50000.0,100.0,0.002,137.41799862800704,15.943373973059835,0.323,post-control
50000.0,100.0,0.002,137.4889789991992,15.868119084477907,0.323,post-control
50000.0,100.0,0.002,137.55995937039134,15.792864195895978,0.323,post-control
50000.0,100.0,0.002,137.6309397415835,15.717609307314051,0.323,post-control
50000.0,100.0,0.002,137.70192011277564,15.642354418732124,0.323,post-control
50000.0,100.0,0.002,137.7729004839678,15.567099530150195,0.323,post-control
50000.0,100.0,0.002,137.84388085515994,15.491844641568267,0.323,post-control
50000.0,100.0,0.002,137.9148612263521,15.41658975298634,0.323,post-control
50000.0,100.0,0.002,137.98584159754424,15.341334864404413,0.323,post-control
50000.0,100.0,0.002,138.05682196873641,15.266079975822453,0.323,post-control
50000.0,100.0,0.002,138.12780233992856,15.190825087240526,0.323,post-control
50000.0,100.0,0.002,138.1987827111207,15.115570198658599,0.323,post-control
50000.0,100.0,0.002,138.20231934973467,15.11182057970934,0.323,post-control
50000.0,100.0,0.002,138.26976308231286,15.044645442876066,0.323,post-control
50000.0,100.0,0.002,138.340743453505,14.97394775214875,0.323,post-control
50000.0,100.0,0.002,138.41172382469716,14.903250061421435,0.323,post-control
50000.0,100.0,0.002,138.4827041958893,14.832552370694119,0.323,post-control
50000.0,100.0,0.002,138.55368456708146,14.761854679966804,0.323,post-control
50000.0,100.0,0.002,138.6246649382736,14.691156989239488,0.323,post-control
50000.0,100.0,0.002,138.69564530946576,14.620459298512172,0.323,post-control
50000.0,100.0,0.002,138.76662568065794,14.549761607784829,0.323,post-control
50000.0,100.0,0.002,138.8376060518501,14.479063917057513,0.323,post-control
50000.0,100.0,0.002,138.90858642304224,14.408366226330196,0.323,post-control
50000.0,100.0,0.002,138.9795667942344,14.337668535602882,0.323,post-control
50000.0,100.0,0.002,139.05054716542654,14.266970844875566,0.323,post-control
50000.0,100.0,0.002,139.1215275366187,14.19627315414825,0.323,post-control
50000.0,100.0,0.002,139.19250790781084,14.125575463420935,0.323,post-control
50000.0,100.0,0.002,139.20231934973467,14.11580309572167,0.323,post-control
50000.0,100.0,0.002,139.26348827900298,14.058610231636584,0.323,post-control
50000.0,100.0,0.002,139.33446865019513,13.99224368295148,0.323,post-control
50000.0,100.0,0.002,139.40544902138728,13.925877134266376,0.323,post-control
50000.0,100.0,0.002,139.47642939257946,13.859510585581246,0.323,post-control
50000.0,100.0,0.002,139.5474097637716,13.793144036896141,0.323,post-control
50000.0,100.0,0.002,139.61839013496376,13.726777488211038,0.323,post-control
50000.0,100.0,0.002,139.6893705061559,13.660410939525933,0.323,post-control
50000.0,100.0,0.002,139.76035087734806,13.594044390840828,0.323,post-control
50000.0,100.0,0.002,139.8313312485402,13.527677842155725,0.323,post-control
50000.0,100.0,0.002,139.90231161973236,13.46131129347062,0.323,post-control
50000.0,100.0,0.002,139.9732919909245,13.394944744785517,0.323,post-control
50000.0,100.0,0.002,140.04427236211666,13.328578196100413,0.323,post-control
50000.0,100.0,0.002,140.1152527333088,13.26221164741531,0.323,post-control
50000.0,100.0,0.002,140.18623310450099,13.195845098730178,0.323,post-control
50000.0,100.0,0.002,140.20231934973467,13.180804481732396,0.323,post-control
50000.0,100.0,0.002,140.25721347569313,13.132657446239936,0.323,post-control
50000.0,100.0,0.002,140.32819384688528,13.070401341576899,0.323,post-control
50000.0,100.0,0.002,140.39917421807743,13.008145236913862,0.323,post-control
50000.0,100.0,0.002,140.47015458926958,12.945889132250825,0.323,post-control
50000.0,100.0,0.002,140.54113496046173,12.883633027587788,0.323,post-control
50000.0,100.0,0.002,140.61211533165388,12.82137692292475,0.323,post-control
50000.0,100.0,0.002,140.68309570284603,12.759120818261712,0.323,post-control
50000.0,100.0,0.002,140.75407607403818,12.696864713598675,0.323,post-control
50000.0,100.0,0.002,140.82505644523036,12.634608608935613,0.323,post-control
50000.0,100.0,0.002,140.8960368164225,12.572352504272576,0.323,post-control
50000.0,100.0,0.002,140.96701718761466,12.51009639960954,0.323,post-control
50000.0,100.0,0.002,141.0379975588068,12.447840294946502,0.323,post-control
50000.0,100.0,0.002,141.10897792999896,12.385584190283465,0.323,post-control
50000.0,100.0,0.002,141.1799583011911,12.323328085620426,0.323,post-control
50000.0,100.0,0.002,141.20231934973467,12.303715455323884,0.323,post-control
50000.0,100.0,0.002,141.25093867238326,12.263739751659935,0.323,post-control
50000.0,100.0,0.002,141.3219190435754,12.205378381526437,0.323,post-control
50000.0,100.0,0.002,141.39289941476756,12.147017011392938,0.323,post-control
50000.0,100.0,0.002,141.4638797859597,12.08865564125944,0.323,post-control
50000.0,100.0,0.002,141.53486015715188,12.030294271125916,0.323,post-control
50000.0,100.0,0.002,141.60584052834403,11.971932900992417,0.323,post-control
50000.0,100.0,0.002,141.67682089953618,11.913571530858919,0.323,post-control
50000.0,100.0,0.002,141.74780127072833,11.85521016072542,0.323,post-control
50000.0,100.0,0.002,141.81878164192048,11.79684879059192,0.323,post-control
50000.0,100.0,0.002,141.88976201311263,11.738487420458421,0.323,post-control
50000.0,100.0,0.002,141.96074238430478,11.680126050324922,0.323,post-control
50000.0,100.0,0.002,142.03172275549693,11.621764680191424,0.323,post-control
50000.0,100.0,0.002,142.10270312668908,11.563403310057925,0.323,post-control
50000.0,100.0,0.002,142.17368349788123,11.505041939924427,0.323,post-control
50000.0,100.0,0.002,142.20231934973467,11.481497014460704,0.323,post-control
50000.0,100.0,0.002,142.2446638690734,11.448878466015216,0.323,post-control
50000.0,100.0,0.002,142.31564424026556,11.394201338666376,0.323,post-control
50000.0,100.0,0.002,142.3866246114577,11.339524211317533,0.323,post-control
50000.0,100.0,0.002,142.45760498264985,11.284847083968693,0.323,post-control
50000.0,100.0,0.002,142.528585353842,11.23016995661985,0.323,post-control
50000.0,100.0,0.002,142.59956572503415,11.17549282927101,0.323,post-control
50000.0,100.0,0.002,142.6705460962263,11.120815701922167,0.323,post-control
50000.0,100.0,0.002,142.74152646741845,11.066138574573326,0.323,post-control
50000.0,100.0,0.002,142.8125068386106,11.011461447224484,0.323,post-control
50000.0,100.0,0.002,142.88348720980275,10.956784319875643,0.323,post-control
50000.0,100.0,0.002,142.95446758099493,10.90210719252678,0.323,post-control
50000.0,100.0,0.002,143.02544795218708,10.847430065177937,0.323,post-control
50000.0,100.0,0.002,143.09642832337923,10.792752937829096,0.323,post-control
50000.0,100.0,0.002,143.16740869457138,10.738075810480254,0.323,post-control
50000.0,100.0,0.002,143.20231934973467,10.711183666833566,0.323,post-control
50000.0,100.0,0.002,143.23838906576353,10.685167253257463,0.323,post-control
50000.0,100.0,0.002,143.30936943695568,10.633970435094476,0.323,post-control
50000.0,100.0,0.002,143.38034980814783,10.582773616931489,0.323,post-control
50000.0,100.0,0.002,143.45133017933998,10.531576798768501,0.323,post-control
50000.0,100.0,0.002,143.52231055053213,10.480379980605512,0.323,post-control
50000.0,100.0,0.002,143.59329092172428,10.429183162442525,0.323,post-control
50000.0,100.0,0.002,143.66427129291645,10.377986344279519,0.323,post-control
50000.0,100.0,0.002,143.7352516641086,10.32678952611653,0.323,post-control
50000.0,100.0,0.002,143.80623203530075,10.275592707953543,0.323,post-control
50000.0,100.0,0.002,143.8772124064929,10.224395889790555,0.323,post-control
50000.0,100.0,0.002,143.94819277768505,10.173199071627568,0.323,post-control
50000.0,100.0,0.002,144.0191731488772,10.122002253464581,0.323,post-control
50000.0,100.0,0.002,144.09015352006935,10.070805435301592,0.323,post-control
50000.0,100.0,0.002,144.1611338912615,10.019608617138605,0.323,post-control
50000.0,100.0,0.002,144.20231934973467,9.989902313931175,0.323,post-control
50000.0,100.0,0.002,144.23211426245365,9.969790576047933,0.323,post-control
50000.0,100.0,0.002,144.3030946336458,9.921878416219311,0.323,post-control
50000.0,100.0,0.002,144.37407500483798,9.87396625639067,0.323,post-control
50000.0,100.0,0.002,144.44505537603013,9.82605409656205,0.323,post-control
50000.0,100.0,0.002,144.51603574722228,9.778141936733428,0.323,post-control
50000.0,100.0,0.002,144.58701611841443,9.730229776904807,0.323,post-control
50000.0,100.0,0.002,144.65799648960657,9.682317617076185,0.323,post-control
50000.0,100.0,0.002,144.72897686079872,9.634405457247563,0.323,post-control
50000.0,100.0,0.002,144.79995723199087,9.586493297418944,0.323,post-control
50000.0,100.0,0.002,144.87093760318302,9.538581137590322,0.323,post-control
50000.0,100.0,0.002,144.94191797437517,9.4906689777617,0.323,post-control
50000.0,100.0,0.002,145.01289834556732,9.442756817933079,0.323,post-control
50000.0,100.0,0.002,145.0838787167595,9.394844658104438,0.323,post-control
50000.0,100.0,0.002,145.15485908795165,9.346932498275818,0.323,post-control
50000.0,100.0,0.002,145.20231934973467,9.314896547915676,0.323,post-control
50000.0,100.0,0.002,145.2258394591438,9.30004629263994,0.323,post-control
50000.0,100.0,0.002,145.29681983033595,9.255230317789051,0.323,post-control
50000.0,100.0,0.002,145.3678002015281,9.210414342938162,0.323,post-control
50000.0,100.0,0.002,145.43878057272025,9.165598368087272,0.323,post-control
50000.0,100.0,0.002,145.5097609439124,9.120782393236382,0.323,post-control
50000.0,100.0,0.002,145.58074131510455,9.075966418385493,0.323,post-control
50000.0,100.0,0.002,145.6517216862967,9.031150443534603,0.323,post-control
50000.0,100.0,0.002,145.72270205748887,8.986334468683696,0.323,post-control
50000.0,100.0,0.002,145.79368242868102,8.941518493832808,0.323,post-control
50000.0,100.0,0.002,145.86466279987317,8.896702518981918,0.323,post-control
50000.0,100.0,0.002,145.93564317106532,8.851886544131029,0.323,post-control
50000.0,100.0,0.002,146.00662354225747,8.807070569280139,0.323,post-control
50000.0,100.0,0.002,146.07760391344962,8.76225459442925,0.323,post-control
50000.0,100.0,0.002,146.14858428464177,8.71743861957836,0.323,post-control
50000.0,100.0,0.002,146.20231934973467,8.683511080381715,0.323,post-control
50000.0,100.0,0.002,146.21956465583392,8.673330825944616,0.323,post-control
50000.0,100.0,0.002,146.29054502702607,8.631429671241019,0.323,post-control
50000.0,100.0,0.002,146.36152539821822,8.58952851653742,0.323,post-control
50000.0,100.0,0.002,146.4325057694104,8.547627361833806,0.323,post-control
50000.0,100.0,0.002,146.50348614060255,8.505726207130207,0.323,post-control
50000.0,100.0,0.002,146.5744665117947,8.46382505242661,0.323,post-control
50000.0,100.0,0.002,146.64544688298685,8.421923897723012,0.323,post-control
50000.0,100.0,0.002,146.716427254179,8.380022743019413,0.323,post-control
50000.0,100.0,0.002,146.78740762537115,8.338121588315817,0.323,post-control
50000.0,100.0,0.002,146.8583879965633,8.296220433612218,0.323,post-control
50000.0,100.0,0.002,146.92936836775544,8.254319278908621,0.323,post-control
50000.0,100.0,0.002,147.0003487389476,8.212418124205023,0.323,post-control
50000.0,100.0,0.002,147.07132911013974,8.170516969501424,0.323,post-control
50000.0,100.0,0.002,147.14230948133192,8.12861581479781,0.323,post-control
50000.0,100.0,0.002,147.20231934973467,8.093190770698238,0.323,post-control
50000.0,100.0,0.002,147.21328985252407,8.087138383555942,0.323,post-control
50000.0,100.0,0.002,147.28427022371622,8.047978766699222,0.323,post-control
50000.0,100.0,0.002,147.35525059490837,8.008819149842502,0.323,post-control
50000.0,100.0,0.002,147.42623096610052,7.969659532985782,0.323,post-control
50000.0,100.0,0.002,147.49721133729267,7.930499916129061,0.323,post-control
50000.0,100.0,0.002,147.56819170848482,7.891340299272341,0.323,post-control
50000.0,100.0,0.002,147.63917207967697,7.852180682415621,0.323,post-control
50000.0,100.0,0.002,147.71015245086912,7.8130210655589,0.323,post-control
50000.0,100.0,0.002,147.78113282206127,7.7738614487021795,0.323,post-control
50000.0,100.0,0.002,147.85211319325344,7.7347018318454435,0.323,post-control
50000.0,100.0,0.002,147.9230935644456,7.695542214988723,0.323,post-control
50000.0,100.0,0.002,147.99407393563774,7.656382598132003,0.323,post-control
50000.0,100.0,0.002,148.0650543068299,7.617222981275282,0.323,post-control
50000.0,100.0,0.002,148.13603467802204,7.578063364418562,0.323,post-control
50000.0,100.0,0.002,148.20231934973467,7.541494348165983,0.323,post-control
50000.0,100.0,0.002,148.2070150492142,7.5390742382174265,0.323,post-control
50000.0,100.0,0.002,148.27799542040634,7.502491764568216,0.323,post-control
50000.0,100.0,0.002,148.3489757915985,7.465909290919004,0.323,post-control
50000.0,100.0,0.002,148.41995616279064,7.429326817269794,0.323,post-control
50000.0,100.0,0.002,148.4909365339828,7.392744343620583,0.323,post-control
50000.0,100.0,0.002,148.56191690517497,7.356161869971357,0.323,post-control
50000.0,100.0,0.002,148.63289727636712,7.319579396322147,0.323,post-control
50000.0,100.0,0.002,148.70387764755927,7.282996922672936,0.323,post-control
50000.0,100.0,0.002,148.77485801875142,7.2464144490237254,0.323,post-control
50000.0,100.0,0.002,148.84583838994357,7.209831975374515,0.323,post-control
50000.0,100.0,0.002,148.91681876113572,7.173249501725303,0.323,post-control
50000.0,100.0,0.002,148.98779913232786,7.136667028076093,0.323,post-control
50000.0,100.0,0.002,149.05877950352001,7.100084554426882,0.323,post-control
50000.0,100.0,0.002,149.12975987471216,7.063502080777671,0.323,post-control
50000.0,100.0,0.002,149.2007402459043,7.026919607128461,0.323,post-control
50000.0,100.0,0.002,149.20231934973467,7.026105755026915,0.323,post-control
50000.0,100.0,0.002,149.2717206170965,6.992703485904841,0.323,post-control
50000.0,100.0,0.002,149.34270098828864,6.958541206870597,0.323,post-control
50000.0,100.0,0.002,149.4136813594808,6.924378927836353,0.323,post-control
50000.0,100.0,0.002,149.48466173067294,6.890216648802109,0.323,post-control
50000.0,100.0,0.002,149.5556421018651,6.856054369767865,0.323,post-control
50000.0,100.0,0.002,149.62662247305724,6.821892090733621,0.323,post-control
50000.0,100.0,0.002,149.6976028442494,6.787729811699377,0.323,post-control
50000.0,100.0,0.002,149.76858321544154,6.753567532665133,0.323,post-control
50000.0,100.0,0.002,149.8395635866337,6.719405253630889,0.323,post-control
50000.0,100.0,0.002,149.91054395782584,6.685242974596644,0.323,post-control
50000.0,100.0,0.002,149.98152432901801,6.651080695562387,0.323,post-control
50000.0,100.0,0.002,150.05250470021016,6.616918416528143,0.323,post-control
50000.0,100.0,0.002,150.1234850714023,6.582756137493899,0.323,post-control
50000.0,100.0,0.002,150.19446544259446,6.548593858459654,0.323,post-control
50000.0,100.0,0.002,150.20231934973467,6.544813836423614,0.323,post-control
50000.0,100.0,0.002,150.2654458137866,6.5164508827512515,0.323,post-control
50000.0,100.0,0.002,150.33642618497876,6.484559139565488,0.323,post-control
50000.0,100.0,0.002,150.4074065561709,6.4526673963797245,0.323,post-control
50000.0,100.0,0.002,150.47838692736306,6.420775653193961,0.323,post-control
50000.0,100.0,0.002,150.5493672985552,6.3888839100081976,0.323,post-control
50000.0,100.0,0.002,150.6203476697474,6.356992166822422,0.323,post-control
50000.0,100.0,0.002,150.69132804093954,6.325100423636658,0.323,post-control
50000.0,100.0,0.002,150.7623084121317,6.293208680450895,0.323,post-control
50000.0,100.0,0.002,150.83328878332384,6.261316937265131,0.323,post-control
50000.0,100.0,0.002,150.904269154516,6.229425194079368,0.323,post-control
50000.0,100.0,0.002,150.97524952570814,6.197533450893604,0.323,post-control
50000.0,100.0,0.002,151.0462298969003,6.165641707707841,0.323,post-control
50000.0,100.0,0.002,151.11721026809244,6.133749964522077,0.323,post-control
50000.0,100.0,0.002,151.18819063928458,6.101858221336314,0.323,post-control
50000.0,100.0,0.002,151.20231934973467,6.095510139498305,0.323,post-control
50000.0,100.0,0.002,151.25917101047673,6.07167151580443,0.323,post-control
50000.0,100.0,0.002,151.3301513816689,6.041908544302529,0.323,post-control
50000.0,100.0,0.002,151.40113175286106,6.01214557280064,0.323,post-control
50000.0,100.0,0.002,151.4721121240532,5.982382601298751,0.323,post-control
50000.0,100.0,0.002,151.54309249524536,5.952619629796861,0.323,post-control
50000.0,100.0,0.002,151.6140728664375,5.922856658294973,0.323,post-control
50000.0,100.0,0.002,151.68505323762966,5.893093686793083,0.323,post-control
50000.0,100.0,0.002,151.7560336088218,5.863330715291195,0.323,post-control
50000.0,100.0,0.002,151.82701398001396,5.833567743789305,0.323,post-control
50000.0,100.0,0.002,151.8979943512061,5.803804772287417,0.323,post-control
50000.0,100.0,0.002,151.96897472239826,5.774041800785527,0.323,post-control
50000.0,100.0,0.002,152.03995509359044,5.744278829283626,0.323,post-control
50000.0,100.0,0.002,152.11093546478259,5.714515857781738,0.323,post-control
50000.0,100.0,0.002,152.18191583597473,5.684752886279848,0.323,post-control
50000.0,100.0,0.002,152.20231934973467,5.676197433717741,0.323,post-control
50000.0,100.0,0.002,152.25289620716688,5.656411717271539,0.323,post-control
50000.0,100.0,0.002,152.32387657835903,5.628644126144786,0.323,post-control
50000.0,100.0,0.002,152.39485694955118,5.600876535018032,0.323,post-control
50000.0,100.0,0.002,152.46583732074333,5.5731089438912775,0.323,post-control
50000.0,100.0,0.002,152.53681769193548,5.545341352764524,0.323,post-control
50000.0,100.0,0.002,152.60779806312763,5.51757376163777,0.323,post-control
50000.0,100.0,0.002,152.67877843431978,5.489806170511016,0.323,post-control
50000.0,100.0,0.002,152.74975880551196,5.4620385793842505,0.323,post-control
50000.0,100.0,0.002,152.8207391767041,5.434270988257497,0.323,post-control
50000.0,100.0,0.002,152.89171954789626,5.406503397130743,0.323,post-control
50000.0,100.0,0.002,152.9626999190884,5.378735806003989,0.323,post-control
50000.0,100.0,0.002,153.03368029028056,5.350968214877235,0.323,post-control
50000.0,100.0,0.002,153.1046606614727,5.3232006237504805,0.323,post-control
50000.0,100.0,0.002,153.17564103266486,5.295433032623727,0.323,post-control
50000.0,100.0,0.002,153.20231934973467,5.284996448707605,0.323,post-control
50000.0,100.0,0.002,153.246621403857,5.268831848615886,0.323,post-control
50000.0,100.0,0.002,153.31760177504916,5.242933064972256,0.323,post-control
50000.0,100.0,0.002,153.3885821462413,5.217034281328626,0.323,post-control
50000.0,100.0,0.002,153.45956251743348,5.191135497684986,0.323,post-control
50000.0,100.0,0.002,153.53054288862563,5.165236714041355,0.323,post-control
50000.0,100.0,0.002,153.60152325981778,5.139337930397725,0.323,post-control
50000.0,100.0,0.002,153.67250363100993,5.113439146754096,0.323,post-control
50000.0,100.0,0.002,153.74348400220208,5.087540363110465,0.323,post-control
50000.0,100.0,0.002,153.81446437339423,5.061641579466835,0.323,post-control
50000.0,100.0,0.002,153.88544474458638,5.0357427958232055,0.323,post-control
50000.0,100.0,0.002,153.95642511577853,5.009844012179576,0.323,post-control
50000.0,100.0,0.002,154.02740548697068,4.983945228535945,0.323,post-control
50000.0,100.0,0.002,154.09838585816283,4.958046444892315,0.323,post-control
50000.0,100.0,0.002,154.169366229355,4.932147661248675,0.323,post-control
50000.0,100.0,0.002,154.20231934973467,4.92012397468912,0.323,post-control
50000.0,100.0,0.002,154.24034660054716,4.90718580262306,0.323,post-control
50000.0,100.0,0.002,154.3113269717393,4.883035851307219,0.323,post-control
50000.0,100.0,0.002,154.38230734293145,4.858885899991379,0.323,post-control
50000.0,100.0,0.002,154.4532877141236,4.834735948675539,0.323,post-control
50000.0,100.0,0.002,154.52426808531575,4.810585997359699,0.323,post-control
50000.0,100.0,0.002,154.5952484565079,4.786436046043859,0.323,post-control
50000.0,100.0,0.002,154.66622882770005,4.762286094728019,0.323,post-control
50000.0,100.0,0.002,154.7372091988922,4.738136143412179,0.323,post-control
50000.0,100.0,0.002,154.80818957008438,4.713986192096329,0.323,post-control
50000.0,100.0,0.002,154.87916994127653,4.689836240780489,0.323,post-control
50000.0,100.0,0.002,154.95015031246868,4.66568628946465,0.323,post-control
50000.0,100.0,0.002,155.02113068366083,4.641536338148809,0.323,post-control
50000.0,100.0,0.002,155.09211105485298,4.617386386832969,0.323,post-control
50000.0,100.0,0.002,155.16309142604513,4.593236435517129,0.323,post-control
50000.0,100.0,0.002,155.20231934973467,4.579889753449783,0.323,post-control
50000.0,100.0,0.002,155.23407179723728,4.56981820592427,0.323,post-control
50000.0,100.0,0.002,155.30505216842943,4.547303967241363,0.323,post-control
50000.0,100.0,0.002,155.37603253962158,4.524789728558456,0.323,post-control
50000.0,100.0,0.002,155.44701291081373,4.502275489875549,0.323,post-control
50000.0,100.0,0.002,155.5179932820059,4.479761251192633,0.323,post-control
50000.0,100.0,0.002,155.58897365319805,4.457247012509725,0.323,post-control
50000.0,100.0,0.002,155.6599540243902,4.434732773826819,0.323,post-control
50000.0,100.0,0.002,155.73093439558235,4.412218535143912,0.323,post-control
50000.0,100.0,0.002,155.8019147667745,4.389704296461004,0.323,post-control
50000.0,100.0,0.002,155.87289513796665,4.367190057778097,0.323,post-control
50000.0,100.0,0.002,155.9438755091588,4.34467581909519,0.323,post-control
50000.0,100.0,0.002,156.01485588035095,4.322161580412283,0.323,post-control
50000.0,100.0,0.002,156.0858362515431,4.299647341729376,0.323,post-control
50000.0,100.0,0.002,156.15681662273525,4.277133103046469,0.323,post-control
50000.0,100.0,0.002,156.20231934973467,4.262700109259852,0.323,post-control
50000.0,100.0,0.002,156.22779699392743,4.255168042907764,0.323,post-control
50000.0,100.0,0.002,156.29877736511958,4.234183808201045,0.323,post-control
50000.0,100.0,0.002,156.36975773631173,4.213199573494326,0.323,post-control
50000.0,100.0,0.002,156.44073810750388,4.192215338787608,0.323,post-control
50000.0,100.0,0.002,156.51171847869603,4.171231104080889,0.323,post-control
50000.0,100.0,0.002,156.58269884988817,4.150246869374171,0.323,post-control
50000.0,100.0,0.002,156.65367922108032,4.129262634667452,0.323,post-control
50000.0,100.0,0.002,156.72465959227247,4.108278399960733,0.323,post-control
50000.0,100.0,0.002,156.79563996346462,4.087294165254015,0.323,post-control
50000.0,100.0,0.002,156.86662033465677,4.0663099305472965,0.323,post-control
50000.0,100.0,0.002,156.93760070584895,4.045325695840569,0.323,post-control
50000.0,100.0,0.002,157.0085810770411,4.024341461133851,0.323,post-control
50000.0,100.0,0.002,157.07956144823325,4.003357226427132,0.323,post-control
50000.0,100.0,0.002,157.1505418194254,3.9823729917204136,0.323,post-control
50000.0,100.0,0.002,157.20231934973467,3.967065776073392,0.323,post-control
50000.0,100.0,0.002,157.22152219061755,3.9617756830359636,0.323,post-control
50000.0,100.0,0.002,157.2925025618097,3.9422216613301253,0.323,post-control
50000.0,100.0,0.002,157.36348293300185,3.9226676396242866,0.323,post-control
50000.0,100.0,0.002,157.434463304194,3.903113617918448,0.323,post-control
50000.0,100.0,0.002,157.50544367538615,3.8835595962126095,0.323,post-control
50000.0,100.0,0.002,157.5764240465783,3.8640055745067707,0.323,post-control
50000.0,100.0,0.002,157.64740441777047,3.8444515528009244,0.323,post-control
50000.0,100.0,0.002,157.71838478896262,3.8248975310950857,0.323,post-control
50000.0,100.0,0.002,157.78936516015477,3.805343509389247,0.323,post-control
50000.0,100.0,0.002,157.86034553134692,3.7857894876834086,0.323,post-control
50000.0,100.0,0.002,157.93132590253907,3.76623546597757,0.323,post-control
50000.0,100.0,0.002,158.00230627373122,3.746681444271731,0.323,post-control
50000.0,100.0,0.002,158.07328664492337,3.727127422565893,0.323,post-control
50000.0,100.0,0.002,158.14426701611552,3.707573400860054,0.323,post-control
50000.0,100.0,0.002,158.20231934973467,3.6915808585191527,0.323,post-control
50000.0,100.0,0.002,158.21524738730767,3.688262704024103,0.323,post-control
50000.0,100.0,0.002,158.28622775849982,3.6700446383353613,0.323,post-control
50000.0,100.0,0.002,158.357208129692,3.651826572646612,0.323,post-control
50000.0,100.0,0.002,158.42818850088415,3.6336085069578705,0.323,post-control
50000.0,100.0,0.002,158.4991688720763,3.615390441269129,0.323,post-control
50000.0,100.0,0.002,158.57014924326845,3.5971723755803873,0.323,post-control
50000.0,100.0,0.002,158.6411296144606,3.578954309891645,0.323,post-control
50000.0,100.0,0.002,158.71210998565275,3.5607362442029036,0.323,post-control
50000.0,100.0,0.002,158.7830903568449,3.542518178514162,0.323,post-control
50000.0,100.0,0.002,158.85407072803704,3.5243001128254203,0.323,post-control
50000.0,100.0,0.002,158.9250510992292,3.5060820471366783,0.323,post-control
50000.0,100.0,0.002,158.99603147042137,3.4878639814479295,0.323,post-control
50000.0,100.0,0.002,159.06701184161352,3.4696459157591875,0.323,post-control
50000.0,100.0,0.002,159.13799221280567,3.451427850070446,0.323,post-control
50000.0,100.0,0.002,159.20231934973467,3.434917426322891,0.323,post-control
50000.0,100.0,0.002,159.20897258399782,3.433326695386175,0.323,post-control
50000.0,100.0,0.002,159.27995295518997,3.41635590074871,0.323,post-control
50000.0,100.0,0.002,159.35093332638212,3.399385106111245,0.323,post-control
50000.0,100.0,0.002,159.42191369757427,3.38241431147378,0.323,post-control
50000.0,100.0,0.002,159.49289406876642,3.3654435168363146,0.323,post-control
50000.0,100.0,0.002,159.56387443995857,3.3484727221988497,0.323,post-control
50000.0,100.0,0.002,159.63485481115072,3.3315019275613844,0.323,post-control
50000.0,100.0,0.002,159.7058351823429,3.314531132923913,0.323,post-control
50000.0,100.0,0.002,159.77681555353504,3.2975603382864476,0.323,post-control
50000.0,100.0,0.002,159.8477959247272,3.2805895436489827,0.323,post-control
50000.0,100.0,0.002,159.91877629591934,3.2636187490115174,0.323,post-control
50000.0,100.0,0.002,159.9897566671115,3.2466479543740525,0.323,post-control
50000.0,100.0,0.002,160.06073703830364,3.229677159736587,0.323,post-control
50000.0,100.0,0.002,160.1317174094958,3.2127063650991223,0.323,post-control
50000.0,100.0,0.002,160.20231934973467,3.1958260500391042,0.323,post-control
50000.0,100.0,0.002,160.20269778068794,3.195741780134349,0.323,post-control
50000.0,100.0,0.002,160.2736781518801,3.1799357022538945,0.323,post-control
50000.0,100.0,0.002,160.34465852307224,3.16412962437344,0.323,post-control
50000.0,100.0,0.002,160.41563889426442,3.148323546492979,0.323,post-control
50000.0,100.0,0.002,160.48661926545657,3.1325174686125243,0.323,post-control
50000.0,100.0,0.002,160.55759963664872,3.11671139073207,0.323,post-control
50000.0,100.0,0.002,160.62858000784087,3.1009053128516153,0.323,post-control
50000.0,100.0,0.002,160.69956037903302,3.085099234971161,0.323,post-control
50000.0,100.0,0.002,160.77054075022517,3.0692931570907063,0.323,post-control
50000.0,100.0,0.002,160.84152112141732,3.0534870792102518,0.323,post-control
50000.0,100.0,0.002,160.91250149260947,3.0376810013297972,0.323,post-control
50000.0,100.0,0.002,160.98348186380161,3.0218749234493423,0.323,post-control
50000.0,100.0,0.002,161.05446223499376,3.0060688455688878,0.323,post-control
50000.0,100.0,0.002,161.12544260618594,2.990262767688427,0.323,post-control
50000.0,100.0,0.002,161.1964229773781,2.9744566898079725,0.323,post-control
50000.0,100.0,0.002,161.20231934973467,2.9731436715873736,0.323,post-control
50000.0,100.0,0.002,161.26740334857024,2.959647650000673,0.323,post-control
50000.0,100.0,0.002,161.3383837197624,2.9449289381977715,0.323,post-control
50000.0,100.0,0.002,161.40936409095454,2.9302102263948693,0.323,post-control
50000.0,100.0,0.002,161.4803444621467,2.915491514591967,0.323,post-control
50000.0,100.0,0.002,161.55132483333884,2.9007728027890654,0.323,post-control
50000.0,100.0,0.002,161.622305204531,2.886054090986163,0.323,post-control
50000.0,100.0,0.002,161.69328557572314,2.8713353791832614,0.323,post-control
50000.0,100.0,0.002,161.7642659469153,2.8566166673803592,0.323,post-control
50000.0,100.0,0.002,161.83524631810747,2.8418979555774513,0.323,post-control
50000.0,100.0,0.002,161.90622668929961,2.827179243774549,0.323,post-control
50000.0,100.0,0.002,161.97720706049176,2.8124605319716474,0.323,post-control
50000.0,100.0,0.002,162.0481874316839,2.797741820168745,0.323,post-control
50000.0,100.0,0.002,162.11916780287606,2.7830231083658434,0.323,post-control
50000.0,100.0,0.002,162.1901481740682,2.7683043965629412,0.323,post-control
50000.0,100.0,0.002,162.20231934973467,2.765780543504297,0.323,post-control
50000.0,100.0,0.002,162.26112854526036,2.754426156660607,0.323,post-control
50000.0,100.0,0.002,162.3321089164525,2.740721861173821,0.323,post-control
50000.0,100.0,0.002,162.40308928764466,2.7270175656870346,0.323,post-control
50000.0,100.0,0.002,162.4740696588368,2.7133132702002483,0.323,post-control
50000.0,100.0,0.002,162.545050030029,2.699608974713456,0.323,post-control
50000.0,100.0,0.002,162.61603040122114,2.68590467922667,0.323,post-control
50000.0,100.0,0.002,162.6870107724133,2.6722003837398836,0.323,post-control
50000.0,100.0,0.002,162.75799114360544,2.6584960882530972,0.323,post-control
50000.0,100.0,0.002,162.8289715147976,2.644791792766311,0.323,post-control
50000.0,100.0,0.002,162.89995188598974,2.6310874972795246,0.323,post-control
50000.0,100.0,0.002,162.9709322571819,2.617383201792738,0.323,post-control
50000.0,100.0,0.002,163.04191262837404,2.6036789063059516,0.323,post-control
50000.0,100.0,0.002,163.11289299956618,2.5899746108191652,0.323,post-control
50000.0,100.0,0.002,163.18387337075833,2.576270315332379,0.323,post-control
50000.0,100.0,0.002,163.20231934973467,2.5727089202285076,0.323,post-control
50000.0,100.0,0.002,163.2548537419505,2.5632660689637223,0.323,post-control
50000.0,100.0,0.002,163.32583411314266,2.55050762521638,0.323,post-control
50000.0,100.0,0.002,163.3968144843348,2.5377491814690374,0.323,post-control
50000.0,100.0,0.002,163.46779485552696,2.524990737721695,0.323,post-control
50000.0,100.0,0.002,163.5387752267191,2.5122322939743524,0.323,post-control
50000.0,100.0,0.002,163.60975559791126,2.4994738502270097,0.323,post-control
50000.0,100.0,0.002,163.6807359691034,2.4867154064796675,0.323,post-control
50000.0,100.0,0.002,163.75171634029556,2.473956962732325,0.323,post-control
50000.0,100.0,0.002,163.8226967114877,2.4611985189849825,0.323,post-control
50000.0,100.0,0.002,163.8936770826799,2.448440075237635,0.323,post-control
50000.0,100.0,0.002,163.96465745387204,2.4356816314902923,0.323,post-control
50000.0,100.0,0.002,164.03563782506419,2.42292318774295,0.323,post-control
50000.0,100.0,0.002,164.10661819625633,2.4101647439956073,0.323,post-control
50000.0,100.0,0.002,164.17759856744848,2.397406300248265,0.323,post-control
50000.0,100.0,0.002,164.20231934973467,2.3929628364442403,0.323,post-control
50000.0,100.0,0.002,164.24857893864063,2.385222586048255,0.323,post-control
50000.0,100.0,0.002,164.31955930983278,2.3733460030690163,0.323,post-control
50000.0,100.0,0.002,164.39053968102493,2.3614694200897772,0.323,post-control
50000.0,100.0,0.002,164.46152005221708,2.349592837110538,0.323,post-control
50000.0,100.0,0.002,164.53250042340923,2.3377162541312995,0.323,post-control
50000.0,100.0,0.002,164.6034807946014,2.3258396711520555,0.323,post-control
50000.0,100.0,0.002,164.67446116579356,2.313963088172817,0.323,post-control
50000.0,100.0,0.002,164.7454415369857,2.3020865051935777,0.323,post-control
50000.0,100.0,0.002,164.81642190817786,2.2902099222143386,0.323,post-control
50000.0,100.0,0.002,164.88740227937,2.2783333392351,0.323,post-control
50000.0,100.0,0.002,164.95838265056216,2.266456756255861,0.323,post-control
50000.0,100.0,0.002,165.0293630217543,2.254580173276622,0.323,post-control
50000.0,100.0,0.002,165.10034339294646,2.242703590297383,0.323,post-control
50000.0,100.0,0.002,165.1713237641386,2.230827007318144,0.323,post-control
50000.0,100.0,0.002,165.20231934973467,2.225640761626005,0.323,post-control
50000.0,100.0,0.002,165.24230413533076,2.2194138032446733,0.323,post-control
50000.0,100.0,0.002,165.31328450652293,2.208359803311549,0.323,post-control
50000.0,100.0,0.002,165.38426487771508,2.1973058033784287,0.323,post-control
50000.0,100.0,0.002,165.45524524890723,2.186251803445309,0.323,post-control
50000.0,100.0,0.002,165.52622562009938,2.1751978035121886,0.323,post-control
50000.0,100.0,0.002,165.59720599129153,2.1641438035790683,0.323,post-control
50000.0,100.0,0.002,165.66818636248368,2.1530898036459485,0.323,post-control
50000.0,100.0,0.002,165.73916673367583,2.142035803712828,0.323,post-control
50000.0,100.0,0.002,165.81014710486798,2.1309818037797084,0.323,post-control
50000.0,100.0,0.002,165.88112747606013,2.119927803846588,0.323,post-control
50000.0,100.0,0.002,165.95210784725228,2.108873803913468,0.323,post-control
50000.0,100.0,0.002,166.02308821844446,2.0978198039803435,0.323,post-control
50000.0,100.0,0.002,166.0940685896366,2.0867658040472232,0.323,post-control
50000.0,100.0,0.002,166.16504896082876,2.0757118041141034,0.323,post-control
50000.0,100.0,0.002,166.20231934973467,2.0699075673997305,0.323,post-control
50000.0,100.0,0.002,166.2360293320209,2.065021985891922,0.323,post-control
50000.0,100.0,0.002,166.30700970321305,2.054734813802386,0.323,post-control
50000.0,100.0,0.002,166.3779900744052,2.0444476417128503,0.323,post-control
50000.0,100.0,0.002,166.44897044559735,2.0341604696233144,0.323,post-control
50000.0,100.0,0.002,166.5199508167895,2.023873297533779,0.323,post-control
50000.0,100.0,0.002,166.59093118798165,2.013586125444243,0.323,post-control
50000.0,100.0,0.002,166.6619115591738,2.003298953354707,0.323,post-control
50000.0,100.0,0.002,166.73289193036598,1.9930117812651675,0.323,post-control
50000.0,100.0,0.002,166.80387230155813,1.9827246091756316,0.323,post-control
50000.0,100.0,0.002,166.87485267275028,1.972437437086096,0.323,post-control
50000.0,100.0,0.002,166.94583304394243,1.96215026499656,0.323,post-control
50000.0,100.0,0.002,167.01681341513458,1.9518630929070244,0.323,post-control
50000.0,100.0,0.002,167.08779378632673,1.9415759208174888,0.323,post-control
50000.0,100.0,0.002,167.15877415751888,1.9312887487279529,0.323,post-control
50000.0,100.0,0.002,167.20231934973467,1.9249777520612397,0.323,post-control
50000.0,100.0,0.002,167.22975452871103,1.9212777057770982,0.323,post-control
50000.0,100.0,0.002,167.30073489990318,1.9117049357615363,0.323,post-control
50000.0,100.0,0.002,167.37171527109533,1.9021321657459742,0.323,post-control
50000.0,100.0,0.002,167.4426956422875,1.8925593957304083,0.323,post-control
50000.0,100.0,0.002,167.51367601347965,1.8829866257148464,0.323,post-control
50000.0,100.0,0.002,167.5846563846718,1.8734138556992843,0.323,post-control
50000.0,100.0,0.002,167.65563675586395,1.8638410856837222,0.323,post-control
50000.0,100.0,0.002,167.7266171270561,1.8542683156681603,0.323,post-control
50000.0,100.0,0.002,167.79759749824825,1.8446955456525982,0.323,post-control
50000.0,100.0,0.002,167.8685778694404,1.8351227756370363,0.323,post-control
50000.0,100.0,0.002,167.93955824063255,1.8255500056214742,0.323,post-control
50000.0,100.0,0.002,168.0105386118247,1.815977235605912,0.323,post-control
50000.0,100.0,0.002,168.08151898301685,1.8064044655903502,0.323,post-control
50000.0,100.0,0.002,168.15249935420903,1.7968316955747843,0.323,post-control
50000.0,100.0,0.002,168.20231934973467,1.790112720295658,0.323,post-control
50000.0,100.0,0.002,168.22347972540118,1.7874572607751489,0.323,post-control
50000.0,100.0,0.002,168.29446009659333,1.7785497864740303,0.323,post-control
50000.0,100.0,0.002,168.36544046778548,1.769642312172912,0.323,post-control
50000.0,100.0,0.002,168.43642083897763,1.7607348378717935,0.323,post-control
50000.0,100.0,0.002,168.50740121016977,1.751827363570675,0.323,post-control
50000.0,100.0,0.002,168.57838158136192,1.7429198892695565,0.323,post-control
50000.0,100.0,0.002,168.64936195255407,1.734012414968438,0.323,post-control
50000.0,100.0,0.002,168.72034232374622,1.7251049406673196,0.323,post-control
50000.0,100.0,0.002,168.7913226949384,1.7161974663661974,0.323,post-control
50000.0,100.0,0.002,168.86230306613055,1.707289992065079,0.323,post-control
50000.0,100.0,0.002,168.9332834373227,1.6983825177639604,0.323,post-control
50000.0,100.0,0.002,169.00426380851485,1.689475043462842,0.323,post-control
50000.0,100.0,0.002,169.075244179707,1.6805675691617235,0.323,post-control
50000.0,100.0,0.002,169.14622455089915,1.671660094860605,0.323,post-control
50000.0,100.0,0.002,169.20231934973467,1.6646206419715641,0.323,post-control
50000.0,100.0,0.002,169.2172049220913,1.6628825949224881,0.323,post-control
50000.0,100.0,0.002,169.28818529328345,1.654594890443469,0.323,post-control
50000.0,100.0,0.002,169.3591656644756,1.64630718596445,0.323,post-control
50000.0,100.0,0.002,169.43014603566775,1.6380194814854308,0.323,post-control
50000.0,100.0,0.002,169.50112640685992,1.6297317770064084,0.323,post-control
50000.0,100.0,0.002,169.57210677805207,1.6214440725273893,0.323,post-control
50000.0,100.0,0.002,169.64308714924422,1.6131563680483703,0.323,post-control
50000.0,100.0,0.002,169.71406752043637,1.604868663569351,0.323,post-control
50000.0,100.0,0.002,169.78504789162852,1.596580959090332,0.323,post-control
50000.0,100.0,0.002,169.85602826282067,1.5882932546113129,0.323,post-control
50000.0,100.0,0.002,169.92700863401282,1.5800055501322936,0.323,post-control
50000.0,100.0,0.002,169.99798900520497,1.5717178456532745,0.323,post-control
50000.0,100.0,0.002,170.06896937639712,1.5634301411742555,0.323,post-control
50000.0,100.0,0.002,170.13994974758927,1.5551424366952364,0.323,post-control
50000.0,100.0,0.002,170.20231934973467,1.5478601300184265,0.323,post-control
50000.0,100.0,0.002,170.21093011878145,1.5469248042358,0.323,post-control
50000.0,100.0,0.002,170.2819104899736,1.539214718077907,0.323,post-control
50000.0,100.0,0.002,170.35289086116575,1.5315046319200138,0.323,post-control
50000.0,100.0,0.002,170.4238712323579,1.5237945457621207,0.323,post-control
50000.0,100.0,0.002,170.49485160355005,1.5160844596042278,0.323,post-control
50000.0,100.0,0.002,170.5658319747422,1.5083743734463346,0.323,post-control
50000.0,100.0,0.002,170.63681234593435,1.5006642872884415,0.323,post-control
50000.0,100.0,0.002,170.7077927171265,1.4929542011305486,0.323,post-control
50000.0,100.0,0.002,170.77877308831864,1.4852441149726554,0.323,post-control
50000.0,100.0,0.002,170.8497534595108,1.4775340288147623,0.323,post-control
50000.0,100.0,0.002,170.92073383070297,1.4698239426568662,0.323,post-control
50000.0,100.0,0.002,170.99171420189512,1.462113856498973,0.323,post-control
50000.0,100.0,0.002,171.06269457308727,1.45440377034108,0.323,post-control
50000.0,100.0,0.002,171.13367494427942,1.446693684183187,0.323,post-control
50000.0,100.0,0.002,171.20231934973467,1.4392373371476868,0.323,post-control
50000.0,100.0,0.002,171.20465531547157,1.4390013020933563,0.323,post-control
50000.0,100.0,0.002,171.27563568666372,1.4318291695975542,0.323,post-control
50000.0,100.0,0.002,171.34661605785587,1.4246570371017522,0.323,post-control
50000.0,100.0,0.002,171.41759642904802,1.4174849046059501,0.323,post-control
50000.0,100.0,0.002,171.48857680024017,1.4103127721101483,0.323,post-control
50000.0,100.0,0.002,171.55955717143232,1.4031406396143462,0.323,post-control
50000.0,100.0,0.002,171.6305375426245,1.3959685071185413,0.323,post-control
50000.0,100.0,0.002,171.70151791381664,1.3887963746227392,0.323,post-control
50000.0,100.0,0.002,171.7724982850088,1.3816242421269371,0.323,post-control
50000.0,100.0,0.002,171.84347865620094,1.374452109631135,0.323,post-control
50000.0,100.0,0.002,171.9144590273931,1.367279977135333,0.323,post-control
50000.0,100.0,0.002,171.98543939858524,1.360107844639531,0.323,post-control
50000.0,100.0,0.002,172.0564197697774,1.3529357121437289,0.323,post-control
50000.0,100.0,0.002,172.12740014096954,1.3457635796479268,0.323,post-control
50000.0,100.0,0.002,172.1983805121617,1.3385914471521247,0.323,post-control
50000.0,100.0,0.002,172.20231934973467,1.3381934516996026,0.323,post-control
50000.0,100.0,0.002,172.26936088335384,1.3318922431014346,0.323,post-control
50000.0,100.0,0.002,172.34034125454602,1.3252208246372041,0.323,post-control
50000.0,100.0,0.002,172.41132162573817,1.3185494061729763,0.323,post-control
50000.0,100.0,0.002,172.48230199693032,1.3118779877087483,0.323,post-control
50000.0,100.0,0.002,172.55328236812247,1.3052065692445205,0.323,post-control
50000.0,100.0,0.002,172.62426273931462,1.2985351507802925,0.323,post-control
50000.0,100.0,0.002,172.69524311050677,1.2918637323160647,0.323,post-control
50000.0,100.0,0.002,172.76622348169892,1.2851923138518369,0.323,post-control
50000.0,100.0,0.002,172.83720385289107,1.2785208953876088,0.323,post-control
50000.0,100.0,0.002,172.90818422408321,1.271849476923381,0.323,post-control
50000.0,100.0,0.002,172.9791645952754,1.2651780584591505,0.323,post-control
50000.0,100.0,0.002,173.05014496646754,1.2585066399949225,0.323,post-control
50000.0,100.0,0.002,173.1211253376597,1.2518352215306947,0.323,post-control
50000.0,100.0,0.002,173.19210570885184,1.245163803066467,0.323,post-control
50000.0,100.0,0.002,173.20231934973467,1.2442038267909383,0.323,post-control
50000.0,100.0,0.002,173.263086080044,1.2388912749288215,0.323,post-control
50000.0,100.0,0.002,173.33406645123614,1.2326857920728063,0.323,post-control
50000.0,100.0,0.002,173.4050468224283,1.2264803092167913,0.323,post-control
50000.0,100.0,0.002,173.47602719362044,1.220274826360776,0.323,post-control
50000.0,100.0,0.002,173.5470075648126,1.2140693435047611,0.323,post-control
50000.0,100.0,0.002,173.61798793600474,1.207863860648746,0.323,post-control
50000.0,100.0,0.002,173.68896830719692,1.2016583777927285,0.323,post-control
50000.0,100.0,0.002,173.75994867838907,1.1954528949367134,0.323,post-control
50000.0,100.0,0.002,173.83092904958121,1.1892474120806984,0.323,post-control
50000.0,100.0,0.002,173.90190942077336,1.1830419292246832,0.323,post-control
50000.0,100.0,0.002,173.9728897919655,1.1768364463686682,0.323,post-control
50000.0,100.0,0.002,174.04387016315766,1.170630963512653,0.323,post-control
50000.0,100.0,0.002,174.1148505343498,1.164425480656638,0.323,post-control
50000.0,100.0,0.002,174.18583090554196,1.158219997800623,0.323,post-control
50000.0,100.0,0.002,174.20231934973467,1.1567784900141507,0.323,post-control
50000.0,100.0,0.002,174.2568112767341,1.1523475819327504,0.323,post-control
50000.0,100.0,0.002,174.32779164792626,1.1465759471667554,0.323,post-control
50000.0,100.0,0.002,174.39877201911844,1.1408043124007579,0.323,post-control
50000.0,100.0,0.002,174.4697523903106,1.1350326776347626,0.323,post-control
50000.0,100.0,0.002,174.54073276150274,1.1292610428687675,0.323,post-control
50000.0,100.0,0.002,174.6117131326949,1.1234894081027722,0.323,post-control
50000.0,100.0,0.002,174.68269350388704,1.1177177733367771,0.323,post-control
50000.0,100.0,0.002,174.7536738750792,1.1119461385707818,0.323,post-control
50000.0,100.0,0.002,174.82465424627134,1.1061745038047865,0.323,post-control
50000.0,100.0,0.002,174.8956346174635,1.1004028690387915,0.323,post-control
50000.0,100.0,0.002,174.96661498865564,1.0946312342727962,0.323,post-control
50000.0,100.0,0.002,175.03759535984778,1.0888595995068011,0.323,post-control
50000.0,100.0,0.002,175.10857573103996,1.0830879647408036,0.323,post-control
50000.0,100.0,0.002,175.1795561022321,1.0773163299748083,0.323,post-control
50000.0,100.0,0.002,175.20231934973467,1.075465379515321,0.323,post-control
50000.0,100.0,0.002,175.25053647342426,1.0718187438868942,0.323,post-control
50000.0,100.0,0.002,175.3215168446164,1.0664505358582574,0.323,post-control
50000.0,100.0,0.002,175.39249721580856,1.0610823278296209,0.323,post-control
50000.0,100.0,0.002,175.4634775870007,1.0557141198009843,0.323,post-control
50000.0,100.0,0.002,175.53445795819286,1.0503459117723475,0.323,post-control
50000.0,100.0,0.002,175.605438329385,1.044977703743711,0.323,post-control
50000.0,100.0,0.002,175.67641870057716,1.0396094957150743,0.323,post-control
50000.0,100.0,0.002,175.7473990717693,1.0342412876864375,0.323,post-control
50000.0,100.0,0.002,175.8183794429615,1.0288730796577987,0.323,post-control
50000.0,100.0,0.002,175.88935981415364,1.0235048716291621,0.323,post-control
50000.0,100.0,0.002,175.96034018534579,1.0181366636005256,0.323,post-control
50000.0,100.0,0.002,176.03132055653793,1.0127684555718888,0.323,post-control
50000.0,100.0,0.002,176.10230092773008,1.0074002475432522,0.323,post-control
50000.0,100.0,0.002,176.17328129892223,1.0020320395146156,0.323,post-control
50000.0,100.0,0.002,176.20010597274646,1.0000033035842422,0.323,post-control
50000.0,100.0,0.002,176.24426167011438,,0.323,post-control
50000.0,100.0,0.002,176.31524204130653,,0.323,post-control
50000.0,100.0,0.002,176.38622241249868,,0.323,post-control
50000.0,100.0,0.002,176.45720278369083,,0.323,post-control
50000.0,100.0,0.002,176.528183154883,,0.323,post-control
50000.0,100.0,0.002,176.59916352607516,,0.323,post-control
50000.0,100.0,0.002,176.6701438972673,,0.323,post-control
50000.0,100.0,0.002,176.74112426845946,,0.323,post-control
50000.0,100.0,0.002,176.8121046396516,,0.323,post-control
50000.0,100.0,0.002,176.88308501084376,,0.323,post-control
50000.0,100.0,0.002,176.9540653820359,,0.323,post-control
50000.0,100.0,0.002,177.02504575322806,,0.323,post-control
50000.0,100.0,0.002,177.0960261244202,,0.323,post-control
50000.0,100.0,0.002,177.16700649561238,,0.323,post-control
50000.0,100.0,0.002,177.23798686680453,,0.323,post-control
50000.0,100.0,0.002,177.30896723799668,,0.323,post-control
50000.0,100.0,0.002,177.37994760918883,,0.323,post-control
50000.0,100.0,0.002,177.45092798038098,,0.323,post-control
50000.0,100.0,0.002,177.52190835157313,,0.323,post-control
50000.0,100.0,0.002,177.59288872276528,,0.323,post-control
50000.0,100.0,0.002,177.66386909395743,,0.323,post-control
50000.0,100.0,0.002,177.73484946514958,,0.323,post-control
50000.0,100.0,0.002,177.80582983634173,,0.323,post-control
50000.0,100.0,0.002,177.8768102075339,,0.323,post-control
50000.0,100.0,0.002,177.94779057872606,,0.323,post-control
50000.0,100.0,0.002,178.0187709499182,,0.323,post-control
50000.0,100.0,0.002,178.08975132111036,,0.323,post-control
50000.0,100.0,0.002,178.1607316923025,,0.323,post-control
50000.0,100.0,0.002,178.23171206349465,,0.323,post-control
50000.0,100.0,0.002,178.3026924346868,,0.323,post-control
50000.0,100.0,0.002,178.37367280587895,,0.323,post-control
50000.0,100.0,0.002,178.4446531770711,,0.323,post-control
50000.0,100.0,0.002,178.51563354826325,,0.323,post-control
50000.0,100.0,0.002,178.58661391945543,,0.323,post-control
50000.0,100.0,0.002,178.65759429064758,,0.323,post-control
50000.0,100.0,0.002,178.72857466183973,,0.323,post-control
50000.0,100.0,0.002,178.79955503303188,,0.323,post-control
50000.0,100.0,0.002,178.87053540422403,,0.323,post-control
50000.0,100.0,0.002,178.94151577541618,,0.323,post-control
50000.0,100.0,0.002,179.01249614660833,,0.323,post-control
50000.0,100.0,0.002,179.08347651780048,,0.323,post-control
50000.0,100.0,0.002,179.15445688899263,,0.323,post-control
50000.0,100.0,0.002,179.22543726018478,,0.323,post-control
50000.0,100.0,0.002,179.29641763137695,,0.323,post-control
50000.0,100.0,0.002,179.3673980025691,,0.323,post-control
50000.0,100.0,0.002,179.43837837376125,,0.323,post-control
50000.0,100.0,0.002,179.5093587449534,,0.323,post-control
50000.0,100.0,0.002,179.58033911614555,,0.323,post-control
50000.0,100.0,0.002,179.6513194873377,,0.323,post-control
50000.0,100.0,0.002,179.72229985852985,,0.323,post-control
50000.0,100.0,0.002,179.793280229722,,0.323,post-control
50000.0,100.0,0.002,179.86426060091415,,0.323,post-control
50000.0,100.0,0.002,179.9352409721063,,0.323,post-control
50000.0,100.0,0.002,180.00622134329848,,0.323,post-control
50000.0,100.0,0.002,180.07720171449063,,0.323,post-control
50000.0,100.0,0.002,180.14818208568278,,0.323,post-control
50000.0,100.0,0.002,180.21916245687493,,0.323,post-control
50000.0,100.0,0.002,180.29014282806708,,0.323,post-control
50000.0,100.0,0.002,180.36112319925923,,0.323,post-control
50000.0,100.0,0.002,180.43210357045137,,0.323,post-control
50000.0,100.0,0.002,180.50308394164352,,0.323,post-control
50000.0,100.0,0.002,180.57406431283567,,0.323,post-control
50000.0,100.0,0.002,180.64504468402782,,0.323,post-control
50000.0,100.0,0.002,180.71602505522,,0.323,post-control
50000.0,100.0,0.002,180.78700542641215,,0.323,post-control
50000.0,100.0,0.002,180.8579857976043,,0.323,post-control
50000.0,100.0,0.002,180.92896616879645,,0.323,post-control
50000.0,100.0,0.002,180.9999465399886,,0.323,post-control
50000.0,100.0,0.002,181.07092691118075,,0.323,post-control
50000.0,100.0,0.002,181.1419072823729,,0.323,post-control
50000.0,100.0,0.002,181.21288765356505,,0.323,post-control
50000.0,100.0,0.002,181.2838680247572,,0.323,post-control
50000.0,100.0,0.002,181.35484839594935,,0.323,post-control
50000.0,100.0,0.002,181.42582876714152,,0.323,post-control
50000.0,100.0,0.002,181.49680913833367,,0.323,post-control
50000.0,100.0,0.002,181.56778950952582,,0.323,post-control
50000.0,100.0,0.002,181.63876988071797,,0.323,post-control
50000.0,100.0,0.002,181.70975025191012,,0.323,post-control
50000.0,100.0,0.002,181.78073062310227,,0.323,post-control
50000.0,100.0,0.002,181.85171099429442,,0.323,post-control
50000.0,100.0,0.002,181.92269136548657,,0.323,post-control
50000.0,100.0,0.002,181.99367173667872,,0.323,post-control
50000.0,100.0,0.002,182.0646521078709,,0.323,post-control
50000.0,100.0,0.002,182.13563247906305,,0.323,post-control
50000.0,100.0,0.002,182.2066128502552,,0.323,post-control
50000.0,100.0,0.002,182.27759322144735,,0.323,post-control
50000.0,100.0,0.002,182.3485735926395,,0.323,post-control
50000.0,100.0,0.002,182.41955396383165,,0.323,post-control
50000.0,100.0,0.002,182.4905343350238,,0.323,post-control
50000.0,100.0,0.002,182.56151470621595,,0.323,post-control
50000.0,100.0,0.002,182.6324950774081,,0.323,post-control
50000.0,100.0,0.002,182.70347544860024,,0.323,post-control
50000.0,100.0,0.002,182.77445581979242,,0.323,post-control
50000.0,100.0,0.002,182.84543619098457,,0.323,post-control
50000.0,100.0,0.002,182.91641656217672,,0.323,post-control
50000.0,100.0,0.002,182.98739693336887,,0.323,post-control
50000.0,100.0,0.002,183.05837730456102,,0.323,post-control
50000.0,100.0,0.002,183.12935767575317,,0.323,post-control
50000.0,100.0,0.002,183.20033804694532,,0.323,post-control
50000.0,100.0,0.002,183.27131841813747,,0.323,post-control
50000.0,100.0,0.002,183.34229878932962,,0.323,post-control
50000.0,100.0,0.002,183.41327916052177,,0.323,post-control
50000.0,100.0,0.002,183.48425953171395,,0.323,post-control
50000.0,100.0,0.002,183.5552399029061,,0.323,post-control
50000.0,100.0,0.002,183.62622027409824,,0.323,post-control
50000.0,100.0,0.002,183.6972006452904,,0.323,post-control
50000.0,100.0,0.002,183.76818101648254,,0.323,post-control
50000.0,100.0,0.002,183.8391613876747,,0.323,post-control
50000.0,100.0,0.002,183.91014175886684,,0.323,post-control
50000.0,100.0,0.002,183.981122130059,,0.323,post-control
50000.0,100.0,0.002,184.05210250125114,,0.323,post-control
50000.0,100.0,0.002,184.1230828724433,,0.323,post-control
50000.0,100.0,0.002,184.19406324363547,,0.323,post-control
50000.0,100.0,0.002,184.26504361482762,,0.323,post-control
50000.0,100.0,0.002,184.33602398601977,,0.323,post-control
50000.0,100.0,0.002,184.40700435721192,,0.323,post-control
50000.0,100.0,0.002,184.47798472840407,,0.323,post-control
50000.0,100.0,0.002,184.54896509959622,,0.323,post-control
50000.0,100.0,0.002,184.61994547078837,,0.323,post-control
50000.0,100.0,0.002,184.69092584198052,,0.323,post-control
50000.0,100.0,0.002,184.76190621317267,,0.323,post-control
50000.0,100.0,0.002,184.83288658436481,,0.323,post-control
50000.0,100.0,0.002,184.903866955557,,0.323,post-control
50000.0,100.0,0.002,184.97484732674914,,0.323,post-control
50000.0,100.0,0.002,185.0458276979413,,0.323,post-control
50000.0,100.0,0.002,185.11680806913344,,0.323,post-control
50000.0,100.0,0.002,185.1877884403256,,0.323,post-control
50000.0,100.0,0.002,185.25876881151774,,0.323,post-control
50000.0,100.0,0.002,185.3297491827099,,0.323,post-control
50000.0,100.0,0.002,185.40072955390204,,0.323,post-control
50000.0,100.0,0.002,185.4717099250942,,0.323,post-control
50000.0,100.0,0.002,185.54269029628634,,0.323,post-control
50000.0,100.0,0.002,185.61367066747852,,0.323,post-control
50000.0,100.0,0.002,185.68465103867067,,0.323,post-control
50000.0,100.0,0.002,185.75563140986281,,0.323,post-control
50000.0,100.0,0.002,185.82661178105496,,0.323,post-control
50000.0,100.0,0.002,185.8975921522471,,0.323,post-control
50000.0,100.0,0.002,185.96857252343926,,0.323,post-control
50000.0,100.0,0.002,186.0395528946314,,0.323,post-control
50000.0,100.0,0.002,186.11053326582356,,0.323,post-control
50000.0,100.0,0.002,186.1815136370157,,0.323,post-control
50000.0,100.0,0.002,186.25249400820786,,0.323,post-control
50000.0,100.0,0.002,186.32347437940004,,0.323,post-control
50000.0,100.0,0.002,186.3944547505922,,0.323,post-control
50000.0,100.0,0.002,186.46543512178434,,0.323,post-control
50000.0,100.0,0.002,186.5364154929765,,0.323,post-control
50000.0,100.0,0.002,186.60739586416864,,0.323,post-control
50000.0,100.0,0.002,186.6783762353608,,0.323,post-control
50000.0,100.0,0.002,186.74935660655294,,0.323,post-control
50000.0,100.0,0.002,186.8203369777451,,0.323,post-control
50000.0,100.0,0.002,186.89131734893724,,0.323,post-control
50000.0,100.0,0.002,186.9622977201294,,0.323,post-control
50000.0,100.0,0.002,187.03327809132156,,0.323,post-control
50000.0,100.0,0.002,187.1042584625137,,0.323,post-control
50000.0,100.0,0.002,187.17523883370586,,0.323,post-control
50000.0,100.0,0.002,187.246219204898,,0.323,post-control
50000.0,100.0,0.002,187.31719957609016,,0.323,post-control
50000.0,100.0,0.002,187.3881799472823,,0.323,post-control
50000.0,100.0,0.002,187.45916031847446,,0.323,post-control
50000.0,100.0,0.002,187.5301406896666,,0.323,post-control
50000.0,100.0,0.002,187.60112106085876,,0.323,post-control
50000.0,100.0,0.002,187.67210143205094,,0.323,post-control
50000.0,100.0,0.002,187.7430818032431,,0.323,post-control
50000.0,100.0,0.002,187.81406217443524,,0.323,post-control
50000.0,100.0,0.002,187.88504254562739,,0.323,post-control
50000.0,100.0,0.002,187.95602291681953,,0.323,post-control
50000.0,100.0,0.002,188.02700328801168,,0.323,post-control
50000.0,100.0,0.002,188.09798365920383,,0.323,post-control
50000.0,100.0,0.002,188.16896403039598,,0.323,post-control
50000.0,100.0,0.002,188.23994440158813,,0.323,post-control
50000.0,100.0,0.002,188.31092477278028,,0.323,post-control
50000.0,100.0,0.002,188.38190514397246,,0.323,post-control
50000.0,100.0,0.002,188.4528855151646,,0.323,post-control
50000.0,100.0,0.002,188.52386588635676,,0.323,post-control
50000.0,100.0,0.002,188.5948462575489,,0.323,post-control
50000.0,100.0,0.002,188.66582662874106,,0.323,post-control
50000.0,100.0,0.002,188.7368069999332,,0.323,post-control
50000.0,100.0,0.002,188.80778737112536,,0.323,post-control
50000.0,100.0,0.002,188.8787677423175,,0.323,post-control
50000.0,100.0,0.002,188.94974811350966,,0.323,post-control
50000.0,100.0,0.002,189.0207284847018,,0.323,post-control
50000.0,100.0,0.002,189.09170885589398,,0.323,post-control
50000.0,100.0,0.002,189.16268922708613,,0.323,post-control
50000.0,100.0,0.002,189.23366959827828,,0.323,post-control
50000.0,100.0,0.002,189.30464996947043,,0.323,post-control
50000.0,100.0,0.002,189.37563034066258,,0.323,post-control
50000.0,100.0,0.002,189.44661071185473,,0.323,post-control
50000.0,100.0,0.002,189.51759108304688,,0.323,post-control
50000.0,100.0,0.002,189.58857145423903,,0.323,post-control
50000.0,100.0,0.002,189.65955182543118,,0.323,post-control
50000.0,100.0,0.002,189.73053219662333,,0.323,post-control
50000.0,100.0,0.002,189.8015125678155,,0.323,post-control
50000.0,100.0,0.002,189.87249293900766,,0.323,post-control
50000.0,100.0,0.002,189.9434733101998,,0.323,post-control
50000.0,100.0,0.002,190.01445368139196,,0.323,post-control
50000.0,100.0,0.002,190.0854340525841,,0.323,post-control
50000.0,100.0,0.002,190.15641442377625,,0.323,post-control
50000.0,100.0,0.002,190.2273947949684,,0.323,post-control
50000.0,100.0,0.002,190.29837516616055,,0.323,post-control
50000.0,100.0,0.002,190.3693555373527,,0.323,post-control
50000.0,100.0,0.002,190.44033590854485,,0.323,post-control
50000.0,100.0,0.002,190.51131627973703,,0.323,post-control
50000.0,100.0,0.002,190.58229665092918,,0.323,post-control
50000.0,100.0,0.002,190.65327702212133,,0.323,post-control
50000.0,100.0,0.002,190.72425739331348,,0.323,post-control
50000.0,100.0,0.002,190.79523776450563,,0.323,post-control
50000.0,100.0,0.002,190.86621813569778,,0.323,post-control
50000.0,100.0,0.002,190.93719850688993,,0.323,post-control
50000.0,100.0,0.002,191.00817887808208,,0.323,post-control
50000.0,100.0,0.002,191.07915924927423,,0.323,post-control
50000.0,100.0,0.002,191.1501396204664,,0.323,post-control
50000.0,100.0,0.002,191.22111999165855,,0.323,post-control
50000.0,100.0,0.002,191.2921003628507,,0.323,post-control
50000.0,100.0,0.002,191.36308073404285,,0.323,post-control
50000.0,100.0,0.002,191.434061105235,,0.323,post-control
50000.0,100.0,0.002,191.50504147642715,,0.323,post-control
50000.0,100.0,0.002,191.5760218476193,,0.323,post-control
50000.0,100.0,0.002,191.64700221881145,,0.323,post-control
50000.0,100.0,0.002,191.7179825900036,,0.323,post-control
50000.0,100.0,0.002,191.78896296119575,,0.323,post-control
50000.0,100.0,0.002,191.85994333238793,,0.323,post-control
50000.0,100.0,0.002,191.93092370358008,,0.323,post-control
50000.0,100.0,0.002,192.00190407477223,,0.323,post-control
50000.0,100.0,0.002,192.07288444596438,,0.323,post-control
50000.0,100.0,0.002,192.14386481715653,,0.323,post-control
50000.0,100.0,0.002,192.21484518834868,,0.323,post-control
50000.0,100.0,0.002,192.28582555954083,,0.323,post-control
50000.0,100.0,0.002,192.35680593073297,,0.323,post-control
50000.0,100.0,0.002,192.42778630192512,,0.323,post-control
50000.0,100.0,0.002,192.49876667311727,,0.323,post-control
50000.0,100.0,0.002,192.56974704430945,,0.323,post-control
50000.0,100.0,0.002,192.6407274155016,,0.323,post-control
50000.0,100.0,0.002,192.71170778669375,,0.323,post-control
50000.0,100.0,0.002,192.7826881578859,,0.323,post-control
50000.0,100.0,0.002,192.85366852907805,,0.323,post-control
50000.0,100.0,0.002,192.9246489002702,,0.323,post-control
50000.0,100.0,0.002,192.99562927146235,,0.323,post-control
50000.0,100.0,0.002,193.0666096426545,,0.323,post-control
50000.0,100.0,0.002,193.13759001384665,,0.323,post-control
50000.0,100.0,0.002,193.2085703850388,,0.323,post-control
50000.0,100.0,0.002,193.27955075623098,,0.323,post-control
50000.0,100.0,0.002,193.35053112742312,,0.323,post-control
50000.0,100.0,0.002,193.42151149861527,,0.323,post-control
50000.0,100.0,0.002,193.49249186980742,,0.323,post-control
50000.0,100.0,0.002,193.56347224099957,,0.323,post-control
50000.0,100.0,0.002,193.63445261219172,,0.323,post-control
50000.0,100.0,0.002,193.70543298338387,,0.323,post-control
50000.0,100.0,0.002,193.77641335457602,,0.323,post-control
50000.0,100.0,0.002,193.84739372576817,,0.323,post-control
50000.0,100.0,0.002,193.91837409696032,,0.323,post-control
50000.0,100.0,0.002,193.9893544681525,,0.323,post-control
50000.0,100.0,0.002,194.06033483934465,,0.323,post-control
50000.0,100.0,0.002,194.1313152105368,,0.323,post-control
50000.0,100.0,0.002,194.20229558172895,,0.323,post-control
50000.0,100.0,0.002,194.2732759529211,,0.323,post-control
50000.0,100.0,0.002,194.34425632411325,,0.323,post-control
50000.0,100.0,0.002,194.4152366953054,,0.323,post-control
50000.0,100.0,0.002,194.48621706649755,,0.323,post-control
50000.0,100.0,0.002,194.5571974376897,,0.323,post-control
50000.0,100.0,0.002,194.62817780888184,,0.323,post-control
50000.0,100.0,0.002,194.69915818007402,,0.323,post-control
50000.0,100.0,0.002,194.77013855126617,,0.323,post-control
50000.0,100.0,0.002,194.84111892245832,,0.323,post-control
50000.0,100.0,0.002,194.91209929365047,,0.323,post-control
50000.0,100.0,0.002,194.98307966484262,,0.323,post-control
50000.0,100.0,0.002,195.05406003603477,,0.323,post-control
50000.0,100.0,0.002,195.12504040722692,,0.323,post-control
50000.0,100.0,0.002,195.19602077841907,,0.323,post-control
50000.0,100.0,0.002,195.26700114961122,,0.323,post-control
50000.0,100.0,0.002,195.3379815208034,,0.323,post-control
50000.0,100.0,0.002,195.40896189199555,,0.323,post-control
50000.0,100.0,0.002,195.4799422631877,,0.323,post-control
50000.0,100.0,0.002,195.55092263437984,,0.323,post-control
50000.0,100.0,0.002,195.621903005572,,0.323,post-control
50000.0,100.0,0.002,195.69288337676414,,0.323,post-control
50000.0,100.0,0.002,195.7638637479563,,0.323,post-control
50000.0,100.0,0.002,195.83484411914844,,0.323,post-control
50000.0,100.0,0.002,195.9058244903406,,0.323,post-control
50000.0,100.0,0.002,195.97680486153274,,0.323,post-control
50000.0,100.0,0.002,196.04778523272492,,0.323,post-control
50000.0,100.0,0.002,196.11876560391707,,0.323,post-control
50000.0,100.0,0.002,196.18974597510922,,0.323,post-control
50000.0,100.0,0.002,196.26072634630137,,0.323,post-control
50000.0,100.0,0.002,196.33170671749352,,0.323,post-control
50000.0,100.0,0.002,196.40268708868567,,0.323,post-control
50000.0,100.0,0.002,196.47366745987782,,0.323,post-control
50000.0,100.0,0.002,196.54464783106997,,0.323,post-control
50000.0,100.0,0.002,196.61562820226212,,0.323,post-control
50000.0,100.0,0.002,196.68660857345427,,0.323,post-control
50000.0,100.0,0.002,196.75758894464644,,0.323,post-control
50000.0,100.0,0.002,196.8285693158386,,0.323,post-control
50000.0,100.0,0.002,196.89954968703074,,0.323,post-control
50000.0,100.0,0.002,196.9705300582229,,0.323,post-control
50000.0,100.0,0.002,197.04151042941504,,0.323,post-control
50000.0,100.0,0.002,197.1124908006072,,0.323,post-control
50000.0,100.0,0.002,197.18347117179934,,0.323,post-control
50000.0,100.0,0.002,197.2544515429915,,0.323,post-control
50000.0,100.0,0.002,197.32543191418364,,0.323,post-control
50000.0,100.0,0.002,197.3964122853758,,0.323,post-control
50000.0,100.0,0.002,197.46739265656797,,0.323,post-control
50000.0,100.0,0.002,197.53837302776012,,0.323,post-control
50000.0,100.0,0.002,197.60935339895227,,0.323,post-control
50000.0,100.0,0.002,197.68033377014441,,0.323,post-control
50000.0,100.0,0.002,197.75131414133656,,0.323,post-control
50000.0,100.0,0.002,197.8222945125287,,0.323,post-control
50000.0,100.0,0.002,197.89327488372086,,0.323,post-control
50000.0,100.0,0.002,197.964255254913,,0.323,post-control
50000.0,100.0,0.002,198.03523562610516,,0.323,post-control
50000.0,100.0,0.002,198.1062159972973,,0.323,post-control
50000.0,100.0,0.002,198.1771963684895,,0.323,post-control
50000.0,100.0,0.002,198.24817673968164,,0.323,post-control
50000.0,100.0,0.002,198.3191571108738,,0.323,post-control
50000.0,100.0,0.002,198.39013748206594,,0.323,post-control
50000.0,100.0,0.002,198.4611178532581,,0.323,post-control
50000.0,100.0,0.002,198.53209822445024,,0.323,post-control
50000.0,100.0,0.002,198.6030785956424,,0.323,post-control
50000.0,100.0,0.002,198.67405896683454,,0.323,post-control
50000.0,100.0,0.002,198.7450393380267,,0.323,post-control
50000.0,100.0,0.002,198.81601970921884,,0.323,post-control
50000.0,100.0,0.002,198.887000080411,,0.323,post-control
50000.0,100.0,0.002,198.95798045160316,,0.323,post-control
50000.0,100.0,0.002,199.0289608227953,,0.323,post-control
50000.0,100.0,0.002,199.09994119398746,,0.323,post-control
50000.0,100.0,0.002,199.1709215651796,,0.323,post-control
50000.0,100.0,0.002,199.24190193637176,,0.323,post-control
50000.0,100.0,0.002,199.3128823075639,,0.323,post-control
50000.0,100.0,0.002,199.38386267875606,,0.323,post-control
50000.0,100.0,0.002,199.4548430499482,,0.323,post-control
50000.0,100.0,0.002,199.52582342114036,,0.323,post-control
50000.0,100.0,0.002,199.59680379233254,,0.323,post-control
50000.0,100.0,0.002,199.6677841635247,,0.323,post-control
50000.0,100.0,0.002,199.73876453471684,,0.323,post-control
50000.0,100.0,0.002,199.80974490590899,,0.323,post-control
50000.0,100.0,0.002,199.88072527710113,,0.323,post-control
50000.0,100.0,0.002,199.95170564829328,,0.323,post-control
50000.0,100.0,0.002,200.02268601948543,,0.323,post-control
50000.0,100.0,0.002,200.09366639067758,,0.323,post-control
50000.0,100.0,0.002,200.16464676186973,,0.323,post-control
50000.0,100.0,0.002,200.2356271330619,,0.323,post-control
50000.0,100.0,0.002,200.30660750425406,,0.323,post-control
50000.0,100.0,0.002,200.3775878754462,,0.323,post-control
50000.0,100.0,0.002,200.44856824663836,,0.323,post-control
50000.0,100.0,0.002,200.5195486178305,,0.323,post-control
50000.0,100.0,0.002,200.59052898902266,,0.323,post-control
50000.0,100.0,0.002,200.6615093602148,,0.323,post-control
50000.0,100.0,0.002,200.73248973140696,,0.323,post-control
50000.0,100.0,0.002,200.8034701025991,,0.323,post-control
50000.0,100.0,0.002,200.87445047379126,,0.323,post-control
50000.0,100.0,0.002,200.94543084498343,,0.323,post-control
50000.0,100.0,0.002,201.01641121617558,,0.323,post-control
50000.0,100.0,0.002,201.08739158736773,,0.323,post-control
50000.0,100.0,0.002,201.15837195855988,,0.323,post-control
50000.0,100.0,0.002,201.22935232975203,,0.323,post-control
50000.0,100.0,0.002,201.30033270094418,,0.323,post-control
50000.0,100.0,0.002,201.37131307213633,,0.323,post-control
50000.0,100.0,0.002,201.44229344332848,,0.323,post-control
50000.0,100.0,0.002,201.51327381452063,,0.323,post-control
50000.0,100.0,0.002,201.58425418571278,,0.323,post-control
50000.0,100.0,0.002,201.65523455690496,,0.323,post-control
50000.0,100.0,0.002,201.7262149280971,,0.323,post-control
50000.0,100.0,0.002,201.79719529928926,,0.323,post-control
50000.0,100.0,0.002,201.8681756704814,,0.323,post-control
50000.0,100.0,0.002,201.93915604167356,,0.323,post-control
50000.0,100.0,0.002,202.0101364128657,,0.323,post-control
50000.0,100.0,0.002,202.08111678405785,,0.323,post-control
50000.0,100.0,0.002,202.15209715525,,0.323,post-control
50000.0,100.0,0.002,202.22307752644215,,0.323,post-control
50000.0,100.0,0.002,202.2940578976343,,0.323,post-control
50000.0,100.0,0.002,202.36503826882648,,0.323,post-control
50000.0,100.0,0.002,202.43601864001863,,0.323,post-control
50000.0,100.0,0.002,202.50699901121078,,0.323,post-control
50000.0,100.0,0.002,202.57797938240293,,0.323,post-control
50000.0,100.0,0.002,202.64895975359508,,0.323,post-control
50000.0,100.0,0.002,202.71994012478723,,0.323,post-control
50000.0,100.0,0.002,202.79092049597938,,0.323,post-control
50000.0,100.0,0.002,202.86190086717153,,0.323,post-control
50000.0,100.0,0.002,202.93288123836368,,0.323,post-control
50000.0,100.0,0.002,203.00386160955583,,0.323,post-control
50000.0,100.0,0.002,203.074841980748,,0.323,post-control
50000.0,100.0,0.002,203.14582235194015,,0.323,post-control
50000.0,100.0,0.002,203.2168027231323,,0.323,post-control
50000.0,100.0,0.002,203.28778309432445,,0.323,post-control
50000.0,100.0,0.002,203.3587634655166,,0.323,post-control
50000.0,100.0,0.002,203.42974383670875,,0.323,post-control
50000.0,100.0,0.002,203.5007242079009,,0.323,post-control
50000.0,100.0,0.002,203.57170457909305,,0.323,post-control
50000.0,100.0,0.002,203.6426849502852,,0.323,post-control
50000.0,100.0,0.002,203.71366532147735,,0.323,post-control
50000.0,100.0,0.002,203.78464569266953,,0.323,post-control
50000.0,100.0,0.002,203.85562606386168,,0.323,post-control
50000.0,100.0,0.002,203.92660643505383,,0.323,post-control
50000.0,100.0,0.002,203.99758680624598,,0.323,post-control
50000.0,100.0,0.002,204.06856717743813,,0.323,post-control
50000.0,100.0,0.002,204.13954754863028,,0.323,post-control
50000.0,100.0,0.002,204.21052791982243,,0.323,post-control
50000.0,100.0,0.002,204.28150829101457,,0.323,post-control
50000.0,100.0,0.002,204.35248866220672,,0.323,post-control
50000.0,100.0,0.002,204.42346903339887,,0.323,post-control
50000.0,100.0,0.002,204.49444940459105,,0.323,post-control
50000.0,100.0,0.002,204.5654297757832,,0.323,post-control
50000.0,100.0,0.002,204.63641014697535,,0.323,post-control
50000.0,100.0,0.002,204.7073905181675,,0.323,post-control
50000.0,100.0,0.002,204.77837088935965,,0.323,post-control
50000.0,100.0,0.002,204.8493512605518,,0.323,post-control
50000.0,100.0,0.002,204.92033163174395,,0.323,post-control
50000.0,100.0,0.002,204.9913120029361,,0.323,post-control
50000.0,100.0,0.002,205.06229237412825,,0.323,post-control
50000.0,100.0,0.002,205.13327274532043,,0.323,post-control
50000.0,100.0,0.002,205.20425311651258,,0.323,post-control
50000.0,100.0,0.002,205.27523348770472,,0.323,post-control
50000.0,100.0,0.002,205.34621385889687,,0.323,post-control
50000.0,100.0,0.002,205.41719423008902,,0.323,post-control
50000.0,100.0,0.002,205.48817460128117,,0.323,post-control
50000.0,100.0,0.002,205.55915497247332,,0.323,post-control
50000.0,100.0,0.002,205.63013534366547,,0.323,post-control
50000.0,100.0,0.002,205.70111571485762,,0.323,post-control
50000.0,100.0,0.002,205.77209608604977,,0.323,post-control
50000.0,100.0,0.002,205.84307645724195,,0.323,post-control
50000.0,100.0,0.002,205.9140568284341,,0.323,post-control
50000.0,100.0,0.002,205.98503719962625,,0.323,post-control
50000.0,100.0,0.002,206.0560175708184,,0.323,post-control
50000.0,100.0,0.002,206.12699794201055,,0.323,post-control
50000.0,100.0,0.002,206.1979783132027,,0.323,post-control
50000.0,100.0,0.002,206.26895868439485,,0.323,post-control
50000.0,100.0,0.002,206.339939055587,,0.323,post-control
50000.0,100.0,0.002,206.41091942677915,,0.323,post-control
50000.0,100.0,0.002,206.4818997979713,,0.323,post-control
50000.0,100.0,0.002,206.55288016916347,,0.323,post-control
50000.0,100.0,0.002,206.62386054035562,,0.323,post-control
50000.0,100.0,0.002,206.69484091154777,,0.323,post-control
50000.0,100.0,0.002,206.76582128273992,,0.323,post-control
50000.0,100.0,0.002,206.83680165393207,,0.323,post-control
50000.0,100.0,0.002,206.90778202512422,,0.323,post-control
50000.0,100.0,0.002,206.97876239631637,,0.323,post-control
50000.0,100.0,0.002,207.04974276750852,,0.323,post-control
50000.0,100.0,0.002,207.12072313870067,,0.323,post-control
50000.0,100.0,0.002,207.19170350989282,,0.323,post-control
50000.0,100.0,0.002,207.262683881085,,0.323,post-control
50000.0,100.0,0.002,207.33366425227715,,0.323,post-control
50000.0,100.0,0.002,207.4046446234693,,0.323,post-control
50000.0,100.0,0.002,207.47562499466144,,0.323,post-control
50000.0,100.0,0.002,207.5466053658536,,0.323,post-control
50000.0,100.0,0.002,207.61758573704574,,0.323,post-control
50000.0,100.0,0.002,207.6885661082379,,0.323,post-control
50000.0,100.0,0.002,207.75954647943004,,0.323,post-control
50000.0,100.0,0.002,207.8305268506222,,0.323,post-control
50000.0,100.0,0.002,207.90150722181434,,0.323,post-control
50000.0,100.0,0.002,207.97248759300652,,0.323,post-control
50000.0,100.0,0.002,208.04346796419867,,0.323,post-control
50000.0,100.0,0.002,208.11444833539082,,0.323,post-control
50000.0,100.0,0.002,208.18542870658297,,0.323,post-control
50000.0,100.0,0.002,208.25640907777512,,0.323,post-control
50000.0,100.0,0.002,208.32738944896727,,0.323,post-control
50000.0,100.0,0.002,208.39836982015942,,0.323,post-control
50000.0,100.0,0.002,208.46935019135157,,0.323,post-control
50000.0,100.0,0.002,208.54033056254372,,0.323,post-control
50000.0,100.0,0.002,208.61131093373587,,0.323,post-control
50000.0,100.0,0.002,208.68229130492804,,0.323,post-control
50000.0,100.0,0.002,208.7532716761202,,0.323,post-control
50000.0,100.0,0.002,208.82425204731234,,0.323,post-control
50000.0,100.0,0.002,208.8952324185045,,0.323,post-control
50000.0,100.0,0.002,208.96621278969664,,0.323,post-control
50000.0,100.0,0.002,209.0371931608888,,0.323,post-control
50000.0,100.0,0.002,209.10817353208094,,0.323,post-control
50000.0,100.0,0.002,209.1791539032731,,0.323,post-control
50000.0,100.0,0.002,209.25013427446524,,0.323,post-control
50000.0,100.0,0.002,209.32111464565742,,0.323,post-control
50000.0,100.0,0.002,209.39209501684957,,0.323,post-control
50000.0,100.0,0.002,209.46307538804172,,0.323,post-control
50000.0,100.0,0.002,209.53405575923387,,0.323,post-control
50000.0,100.0,0.002,209.60503613042602,,0.323,post-control
50000.0,100.0,0.002,209.67601650161816,,0.323,post-control
50000.0,100.0,0.002,209.7469968728103,,0.323,post-control
50000.0,100.0,0.002,209.81797724400246,,0.323,post-control
50000.0,100.0,0.002,209.8889576151946,,0.323,post-control
50000.0,100.0,0.002,209.95993798638676,,0.323,post-control
50000.0,100.0,0.002,210.03091835757894,,0.323,post-control
50000.0,100.0,0.002,210.1018987287711,,0.323,post-control
50000.0,100.0,0.002,210.17287909996324,,0.323,post-control
50000.0,100.0,0.002,210.2438594711554,,0.323,post-control
50000.0,100.0,0.002,210.31483984234754,,0.323,post-control
50000.0,100.0,0.002,210.3858202135397,,0.323,post-control
50000.0,100.0,0.002,210.45680058473184,,0.323,post-control
50000.0,100.0,0.002,210.527780955924,,0.323,post-control
50000.0,100.0,0.002,210.59876132711614,,0.323,post-control
50000.0,100.0,0.002,210.6697416983083,,0.323,post-control
50000.0,100.0,0.002,210.74072206950046,,0.323,post-control
50000.0,100.0,0.002,210.8117024406926,,0.323,post-control
50000.0,100.0,0.002,210.88268281188476,,0.323,post-control
50000.0,100.0,0.002,210.9536631830769,,0.323,post-control
50000.0,100.0,0.002,211.02464355426906,,0.323,post-control
50000.0,100.0,0.002,211.0956239254612,,0.323,post-control
50000.0,100.0,0.002,211.16660429665336,,0.323,post-control
50000.0,100.0,0.002,211.2375846678455,,0.323,post-control
50000.0,100.0,0.002,211.30856503903766,,0.323,post-control
50000.0,100.0,0.002,211.3795454102298,,0.323,post-control
50000.0,100.0,0.002,211.450525781422,,0.323,post-control
50000.0,100.0,0.002,211.52150615261414,,0.323,post-control
50000.0,100.0,0.002,211.5924865238063,,0.323,post-control
50000.0,100.0,0.002,211.66346689499844,,0.323,post-control
50000.0,100.0,0.002,211.73444726619059,,0.323,post-control
50000.0,100.0,0.002,211.80542763738273,,0.323,post-control
50000.0,100.0,0.002,211.87640800857488,,0.323,post-control
50000.0,100.0,0.002,211.94738837976703,,0.323,post-control
50000.0,100.0,0.002,212.01836875095918,,0.323,post-control
50000.0,100.0,0.002,212.08934912215133,,0.323,post-control
50000.0,100.0,0.002,212.1603294933435,,0.323,post-control
50000.0,100.0,0.002,212.23130986453566,,0.323,post-control
50000.0,100.0,0.002,212.3022902357278,,0.323,post-control
50000.0,100.0,0.002,212.37327060691996,,0.323,post-control
50000.0,100.0,0.002,212.4442509781121,,0.323,post-control
50000.0,100.0,0.002,212.51523134930426,,0.323,post-control
50000.0,100.0,0.002,212.5862117204964,,0.323,post-control
50000.0,100.0,0.002,212.65719209168856,,0.323,post-control
50000.0,100.0,0.002,212.7281724628807,,0.323,post-control
50000.0,100.0,0.002,212.79915283407286,,0.323,post-control
50000.0,100.0,0.002,212.870133205265,,0.323,post-control
50000.0,150.0,0.003,0.0,0.0013085564730700168,0.323,pre-control
50000.0,150.0,0.003,0.02496350136484156,0.0013420240560798608,0.323,pre-control
50000.0,150.0,0.003,0.04992700272968312,0.0013763476255439484,0.323,pre-control
50000.0,150.0,0.003,0.07098037119215239,0.0014060352838661822,0.323,pre-control
50000.0,150.0,0.003,0.07489050409452468,0.0014115490186306255,0.323,pre-control
50000.0,150.0,0.003,0.09985400545936624,0.0014476506740158852,0.323,pre-control
50000.0,150.0,0.003,0.1248175068242078,0.0014846756318833683,0.323,pre-control
50000.0,150.0,0.003,0.14196074238430478,0.0015107521526341989,0.323,pre-control
50000.0,150.0,0.003,0.14978100818904935,0.0015226475339243618,0.323,pre-control
50000.0,150.0,0.003,0.17474450955389093,0.0015615906233378005,0.323,pre-control
50000.0,150.0,0.003,0.19970801091873247,0.001601529744830266,0.323,pre-control
50000.0,150.0,0.003,0.21294111357645717,0.0016232477131943887,0.323,pre-control
50000.0,150.0,0.003,0.22467151228357402,0.0016424994665140077,0.323,pre-control
50000.0,150.0,0.003,0.2496350136484156,0.0016845999669302246,0.323,pre-control
50000.0,150.0,0.003,0.27459851501325716,0.0017278585717672953,0.323,pre-control
50000.0,150.0,0.003,0.28392148476860957,0.0017444499688383348,0.323,pre-control
50000.0,150.0,0.003,0.2995620163780987,0.0017722842616811492,0.323,pre-control
50000.0,150.0,0.003,0.32452551774294025,0.001817887879826975,0.323,pre-control
50000.0,150.0,0.003,0.34948901910778185,0.0018646821318592192,0.323,pre-control
50000.0,150.0,0.003,0.35490185596076196,0.0018750898551240234,0.323,pre-control
50000.0,150.0,0.003,0.3744525204726234,0.0019126815859315859,0.323,pre-control
50000.0,150.0,0.003,0.39941602183746494,0.001961902672697038,0.323,pre-control
50000.0,150.0,0.003,0.4243795232023065,0.0020123636853077963,0.323,pre-control
50000.0,150.0,0.003,0.42588222715291435,0.002015477090407076,0.323,pre-control
50000.0,150.0,0.003,0.44934302456714803,0.0020640847794153394,0.323,pre-control
50000.0,150.0,0.003,0.47430652593198963,0.002117087973170405,0.323,pre-control
50000.0,150.0,0.003,0.49686259834506674,0.002166159681690819,0.323,pre-control
50000.0,150.0,0.003,0.4992700272968312,0.002171397147222988,0.323,pre-control
50000.0,150.0,0.003,0.5242335286616727,0.002227038044722342,0.323,pre-control
50000.0,150.0,0.003,0.5491970300265143,0.002284038271316978,0.323,pre-control
50000.0,150.0,0.003,0.5678429695372191,0.0023276506713026624,0.323,pre-control
50000.0,150.0,0.003,0.5741605313913558,0.0023424272951546666,0.323,pre-control
50000.0,150.0,0.003,0.5991240327561974,0.002402236446882435,0.323,pre-control
50000.0,150.0,0.003,0.624087534121039,0.0024634989196465687,0.323,pre-control
50000.0,150.0,0.003,0.6388233407293715,0.002500540373424676,0.323,pre-control
50000.0,150.0,0.003,0.6490510354858805,0.002526249769092613,0.323,pre-control
50000.0,150.0,0.003,0.6740145368507221,0.0025905259133653692,0.323,pre-control
50000.0,150.0,0.003,0.6989780382155637,0.002656366133108898,0.323,pre-control
50000.0,150.0,0.003,0.7098037119215239,0.0026856143096810558,0.323,pre-control
50000.0,150.0,0.003,0.7239415395804052,0.002723811071466517,0.323,pre-control
50000.0,150.0,0.003,0.7489050409452468,0.0027929032340808057,0.323,pre-control
50000.0,150.0,0.003,0.7738685423100883,0.002863686989093596,0.323,pre-control
50000.0,150.0,0.003,0.7807840831136763,0.0028837773572207293,0.323,pre-control
50000.0,150.0,0.003,0.7988320436749299,0.0029362085671459817,0.323,pre-control
50000.0,150.0,0.003,0.8237955450397715,0.003010516061378315,0.323,pre-control
50000.0,150.0,0.003,0.848759046404613,0.0030866594274302035,0.323,pre-control
50000.0,150.0,0.003,0.8517644543058287,0.0030960537487173564,0.323,pre-control
50000.0,150.0,0.003,0.8737225477694546,0.003164690483440516,0.323,pre-control
50000.0,150.0,0.003,0.8986860491342961,0.003244662910047377,0.323,pre-control
50000.0,150.0,0.003,0.9227448254979811,0.0033236615248296536,0.323,pre-control
50000.0,150.0,0.003,0.9236495504991377,0.0033266322503881715,0.323,pre-control
50000.0,150.0,0.003,0.9486130518639793,0.00341065591009954,0.323,pre-control
50000.0,150.0,0.003,0.9735765532288208,0.003496793157317383,0.323,pre-control
50000.0,150.0,0.003,0.9937251966901335,0.0035680718724859987,0.323,pre-control
50000.0,150.0,0.003,0.9985400545936624,0.00358510512267686,0.323,pre-control
50000.0,150.0,0.003,1.023503555958504,0.003675654799312384,0.323,pre-control
50000.0,150.0,0.003,1.0484670573233454,0.0037685070428576323,0.323,pre-control
50000.0,150.0,0.003,1.0647055678822859,0.0038304477047389368,0.323,pre-control
50000.0,150.0,0.003,1.073430558688187,0.003863728571445536,0.323,pre-control
50000.0,150.0,0.003,1.0983940600530286,0.003961387965708288,0.323,pre-control
50000.0,150.0,0.003,1.1233575614178701,0.004061555668777335,0.323,pre-control
50000.0,150.0,0.003,1.1356859390744383,0.004112298553089853,0.323,pre-control
50000.0,150.0,0.003,1.1483210627827116,0.004164303986283383,0.323,pre-control
50000.0,150.0,0.003,1.1732845641475533,0.004269707086356401,0.323,pre-control
50000.0,150.0,0.003,1.1982480655123948,0.00437784099962561,0.323,pre-control
50000.0,150.0,0.003,1.2066663102665907,0.004415253304564863,0.323,pre-control
50000.0,150.0,0.003,1.2232115668772363,0.00448878361921949,0.323,pre-control
50000.0,150.0,0.003,1.248175068242078,0.004602614700765782,0.323,pre-control
50000.0,150.0,0.003,1.2731385696069195,0.004719415862391485,0.323,pre-control
50000.0,150.0,0.003,1.277646681458743,0.004741060201714816,0.323,pre-control
50000.0,150.0,0.003,1.298102070971761,0.004839270584722853,0.323,pre-control
50000.0,150.0,0.003,1.3230655723366027,0.004962264210885401,0.323,pre-control
50000.0,150.0,0.003,1.3480290737014442,0.005088483946503901,0.323,pre-control
50000.0,150.0,0.003,1.3486270526508954,0.005091586842615292,0.323,pre-control
50000.0,150.0,0.003,1.3729925750662857,0.005218018859702382,0.323,pre-control
50000.0,150.0,0.003,1.3979560764311274,0.005350959881104136,0.323,pre-control
50000.0,150.0,0.003,1.4196074238430478,0.005469296973511803,0.323,pre-control
50000.0,150.0,0.003,1.422919577795969,0.005487399803831704,0.323,pre-control
50000.0,150.0,0.003,1.4478830791608104,0.005627433283506895,0.323,pre-control
50000.0,150.0,0.003,1.4728465805256519,0.005771156838250772,0.323,pre-control
50000.0,150.0,0.003,1.4905877950352002,0.005875991580043457,0.323,pre-control
50000.0,150.0,0.003,1.4978100818904936,0.0059186688486836565,0.323,pre-control
50000.0,150.0,0.003,1.522773583255335,0.006070069557925124,0.323,pre-control
50000.0,150.0,0.003,1.5477370846201766,0.006225461071594013,0.323,pre-control
50000.0,150.0,0.003,1.5615681662273526,0.0063138247913951,0.323,pre-control
50000.0,150.0,0.003,1.5727005859850183,0.006384947357808422,0.323,pre-control
50000.0,150.0,0.003,1.5976640873498598,0.006548634247185702,0.323,pre-control
50000.0,150.0,0.003,1.6226275887147013,0.006716629432842465,0.323,pre-control
50000.0,150.0,0.003,1.632548537419505,0.006785149504470038,0.323,pre-control
50000.0,150.0,0.003,1.647591090079543,0.0068890424703945815,0.323,pre-control
50000.0,150.0,0.003,1.6725545914443845,0.007065984777957178,0.323,pre-control
50000.0,150.0,0.003,1.697518092809226,0.007247569636144643,0.323,pre-control
50000.0,150.0,0.003,1.7035289086116574,0.007292437971696304,0.323,pre-control
50000.0,150.0,0.003,1.7224815941740677,0.007433912188070621,0.323,pre-control
50000.0,150.0,0.003,1.7474450955389091,0.007625129439348012,0.323,pre-control
50000.0,150.0,0.003,1.7724085969037506,0.007821340258088977,0.323,pre-control
50000.0,150.0,0.003,1.7745092798038098,0.007838281801026673,0.323,pre-control
50000.0,150.0,0.003,1.7973720982685921,0.008022665374904935,0.323,pre-control
50000.0,150.0,0.003,1.8223355996334338,0.008229227382906566,0.323,pre-control
50000.0,150.0,0.003,1.8454896509959622,0.008425789722867632,0.323,pre-control
50000.0,150.0,0.003,1.8472991009982753,0.0084411507377038,0.323,pre-control
50000.0,150.0,0.003,1.8722626023631168,0.008658561757405836,0.323,pre-control
50000.0,150.0,0.003,1.8972261037279585,0.008881588622621122,0.323,pre-control
50000.0,150.0,0.003,1.9164700221881146,0.009057945462809032,0.323,pre-control
50000.0,150.0,0.003,1.9221896050928,0.009110361376457366,0.323,pre-control
50000.0,150.0,0.003,1.9471531064576415,0.009345011924521538,0.323,pre-control
50000.0,150.0,0.003,1.9721166078224832,0.009585674034919865,0.323,pre-control
50000.0,150.0,0.003,1.987450393380267,0.009737276203050831,0.323,pre-control
50000.0,150.0,0.003,1.9970801091873247,0.009832483338257826,0.323,pre-control
50000.0,150.0,0.003,2.022043610552166,0.010085577327640167,0.323,pre-control
50000.0,150.0,0.003,2.047007111917008,0.010345095358670888,0.323,pre-control
50000.0,150.0,0.003,2.058430764572419,0.010466858850373517,0.323,pre-control
50000.0,150.0,0.003,2.071970613281849,0.010611178649453245,0.323,pre-control
50000.0,150.0,0.003,2.096934114646691,0.01088397028058976,0.323,pre-control
50000.0,150.0,0.003,2.1218976160115326,0.011163615195182204,0.323,pre-control
50000.0,150.0,0.003,2.1294111357645717,0.01124988966708233,0.323,pre-control
50000.0,150.0,0.003,2.146861117376374,0.011450260198831604,0.323,pre-control
50000.0,150.0,0.003,2.1718246187412156,0.011744053959638262,0.323,pre-control
50000.0,150.0,0.003,2.1967881201060573,0.012045147008201723,0.323,pre-control
50000.0,150.0,0.003,2.2003915069567244,0.012089684271007218,0.323,pre-control
50000.0,150.0,0.003,2.2217516214708986,0.012353691737620786,0.323,pre-control
50000.0,150.0,0.003,2.2467151228357403,0.012669842403493529,0.323,pre-control
50000.0,150.0,0.003,2.2713718781488765,0.012990023014356937,0.323,pre-control
50000.0,150.0,0.003,2.271678624200582,0.012994006269126987,0.323,pre-control
50000.0,150.0,0.003,2.2966421255654232,0.013326715314697552,0.323,pre-control
50000.0,150.0,0.003,2.321605626930265,0.013668115798535739,0.323,pre-control
50000.0,150.0,0.003,2.3423522493410287,0.013959196827360115,0.323,pre-control
50000.0,150.0,0.003,2.3465691282951067,0.014018360841630892,0.323,pre-control
50000.0,150.0,0.003,2.371532629659948,0.014377614896022727,0.323,pre-control
50000.0,150.0,0.003,2.3964961310247896,0.01474605374480136,0.323,pre-control
50000.0,150.0,0.003,2.4133326205331813,0.015000866030889445,0.323,pre-control
50000.0,150.0,0.003,2.4214596323896314,0.015123864502107263,0.323,pre-control
50000.0,150.0,0.003,2.4464231337544726,0.015511245613131285,0.323,pre-control
50000.0,150.0,0.003,2.4713866351193143,0.015908406854114678,0.323,pre-control
50000.0,150.0,0.003,2.484312991725334,0.016119239754248657,0.323,pre-control
50000.0,150.0,0.003,2.496350136484156,0.016315569332349043,0.323,pre-control
50000.0,150.0,0.003,2.5213136378489973,0.016732965486176362,0.323,pre-control
50000.0,150.0,0.003,2.546277139213839,0.017160839084989016,0.323,pre-control
50000.0,150.0,0.003,2.555293362917486,0.017319253205527334,0.323,pre-control
50000.0,150.0,0.003,2.5712406405786807,0.017599445229229745,0.323,pre-control
50000.0,150.0,0.003,2.596204141943522,0.018049050350391657,0.323,pre-control
50000.0,150.0,0.003,2.6211676433083637,0.018509932211018272,0.323,pre-control
50000.0,150.0,0.003,2.6262737341096383,0.01860656772650757,0.323,pre-control
50000.0,150.0,0.003,2.6461311446732054,0.018982379904703455,0.323,pre-control
50000.0,150.0,0.003,2.6710946460380467,0.019466693856091448,0.323,pre-control
50000.0,150.0,0.003,2.6960581474028884,0.019963185820876903,0.323,pre-control
50000.0,150.0,0.003,2.697254105301791,0.01998757079266393,0.323,pre-control
50000.0,150.0,0.003,2.72102164876773,0.02047217888580482,0.323,pre-control
50000.0,150.0,0.003,2.7459851501325714,0.02099400746867057,0.323,pre-control
50000.0,150.0,0.003,2.7682344764939435,0.021470847979840307,0.323,pre-control
50000.0,150.0,0.003,2.770948651497413,0.021529017318319944,0.323,pre-control
50000.0,150.0,0.003,2.795912152862255,0.022077565514649063,0.323,pre-control
50000.0,150.0,0.003,2.820875654227096,0.02264002046860444,0.323,pre-control
50000.0,150.0,0.003,2.8392148476860957,0.023063717967541756,0.323,pre-control
50000.0,150.0,0.003,2.845839155591938,0.023216761922182992,0.323,pre-control
50000.0,150.0,0.003,2.870802656956779,0.023808180948431963,0.323,pre-control
50000.0,150.0,0.003,2.8957661583216208,0.024414679951449036,0.323,pre-control
50000.0,150.0,0.003,2.910195218878248,0.02477419564671892,0.323,pre-control
50000.0,150.0,0.003,2.9207296596864625,0.025036672666382216,0.323,pre-control
50000.0,150.0,0.003,2.9456931610513037,0.0256745841594299,0.323,pre-control
50000.0,150.0,0.003,2.9706566624161455,0.0263288508278409,0.323,pre-control
50000.0,150.0,0.003,2.9811755900704004,0.026611620947963325,0.323,pre-control
50000.0,150.0,0.003,2.995620163780987,0.02699992039991436,0.323,pre-control
50000.0,150.0,0.003,3.0205836651458284,0.0276882519349998,0.323,pre-control
50000.0,150.0,0.003,3.04554716651067,0.028394315823497156,0.323,pre-control
50000.0,150.0,0.003,3.052155961262553,0.028586059935558957,0.323,pre-control
50000.0,150.0,0.003,3.070510667875512,0.029118593786856724,0.323,pre-control
50000.0,150.0,0.003,3.095474169240353,0.029861578877579148,0.323,pre-control
50000.0,150.0,0.003,3.120437670605195,0.0306237754792155,0.323,pre-control
50000.0,150.0,0.003,3.1231363324547052,0.0307083048074823,0.323,pre-control
50000.0,150.0,0.003,3.1454011719700365,0.03140569930636719,0.323,pre-control
50000.0,150.0,0.003,3.170364673334878,0.032207877404686024,0.323,pre-control
50000.0,150.0,0.003,3.1941167036468574,0.03299090963336463,0.323,pre-control
50000.0,150.0,0.003,3.1953281746997195,0.033030848150874176,0.323,pre-control
50000.0,150.0,0.003,3.2202916760645612,0.033875161252684215,0.323,pre-control
50000.0,150.0,0.003,3.2452551774294025,0.03474137774891904,0.323,pre-control
50000.0,150.0,0.003,3.26509707483901,0.03544774262955414,0.323,pre-control
50000.0,150.0,0.003,3.270218678794244,0.03563007000943202,0.323,pre-control
50000.0,150.0,0.003,3.295182180159086,0.0365418217351268,0.323,pre-control
50000.0,150.0,0.003,3.320145681523927,0.03747722795795744,0.323,pre-control
50000.0,150.0,0.003,3.3360774460311626,0.03808968971753946,0.323,pre-control
50000.0,150.0,0.003,3.345109182888769,0.03843689504092841,0.323,pre-control
50000.0,150.0,0.003,3.3700726842536106,0.039421440678094534,0.323,pre-control
50000.0,150.0,0.003,3.395036185618452,0.04043149389456096,0.323,pre-control
50000.0,150.0,0.003,3.407057817223315,0.04093049555041399,0.323,pre-control
50000.0,150.0,0.003,3.4199996869832936,0.04146769504648334,0.323,pre-control
50000.0,150.0,0.003,3.4449631883481353,0.04253069582106757,0.323,pre-control
50000.0,150.0,0.003,3.4699266897129766,0.04362115923656998,0.323,pre-control
50000.0,150.0,0.003,3.478038188415467,0.043984630914963685,0.323,pre-control
50000.0,150.0,0.003,3.4948901910778183,0.04473975964229732,0.323,pre-control
50000.0,150.0,0.003,3.51985369244266,0.04588718271860663,0.323,pre-control
50000.0,150.0,0.003,3.5448171938075013,0.047064125476905395,0.323,pre-control
50000.0,150.0,0.003,3.5490185596076196,0.04726729273166695,0.323,pre-control
50000.0,150.0,0.003,3.569780695172343,0.04827129625965145,0.323,pre-control
50000.0,150.0,0.003,3.5947441965371842,0.049509414740352996,0.323,pre-control
50000.0,150.0,0.003,3.619707697902026,0.05077921192356867,0.323,pre-control
50000.0,150.0,0.003,3.619998930799772,0.05079440405469466,0.323,pre-control
50000.0,150.0,0.003,3.6446711992668677,0.05208143014490742,0.323,pre-control
50000.0,150.0,0.003,3.669634700631709,0.053416823071028574,0.323,pre-control
50000.0,150.0,0.003,3.6909793019919244,0.054587646773205684,0.323,pre-control
50000.0,150.0,0.003,3.6945982019965506,0.054786155699641896,0.323,pre-control
50000.0,150.0,0.003,3.7195617033613924,0.05619020435950746,0.323,pre-control
50000.0,150.0,0.003,3.7445252047262336,0.057629756710435756,0.323,pre-control
50000.0,150.0,0.003,3.7619596731840765,0.05866049144762467,0.323,pre-control
50000.0,150.0,0.003,3.7694887060910753,0.059105611743287656,0.323,pre-control
50000.0,150.0,0.003,3.794452207455917,0.060618579779974396,0.323,pre-control
50000.0,150.0,0.003,3.8194157088207583,0.06216948247345755,0.323,pre-control
50000.0,150.0,0.003,3.832940044376229,0.06303099687336519,0.323,pre-control
50000.0,150.0,0.003,3.8443792101856,0.063759683767245,0.323,pre-control
50000.0,150.0,0.003,3.8693427115504417,0.06539089311915107,0.323,pre-control
50000.0,150.0,0.003,3.894306212915283,0.06706403491346609,0.323,pre-control
50000.0,150.0,0.003,3.9039204155683818,0.06772493051467168,0.323,pre-control
50000.0,150.0,0.003,3.9192697142801247,0.06878006575221654,0.323,pre-control
50000.0,150.0,0.003,3.9442332156449664,0.07053998514788566,0.323,pre-control
50000.0,150.0,0.003,3.9691967170098077,0.07234483552341356,0.323,pre-control
50000.0,150.0,0.003,3.974900786760534,0.07276775186586971,0.323,pre-control
50000.0,150.0,0.003,3.9941602183746494,0.0741957022121973,0.323,pre-control
50000.0,150.0,0.003,4.019123719739491,0.07609371345809074,0.323,pre-control
50000.0,150.0,0.003,4.044087221104332,0.0780400404154047,0.323,pre-control
50000.0,150.0,0.003,4.045881157952686,0.07818346744857349,0.323,pre-control
50000.0,150.0,0.003,4.069050722469174,0.08003589714890677,0.323,pre-control
50000.0,150.0,0.003,4.094014223834016,0.08208254063382145,0.323,pre-control
50000.0,150.0,0.003,4.116861529144838,0.08400335803686751,0.323,pre-control
50000.0,150.0,0.003,4.1189777251988575,0.08418127075583014,0.323,pre-control
50000.0,150.0,0.003,4.143941226563698,0.08633343031107099,0.323,pre-control
50000.0,150.0,0.003,4.16890472792854,0.08854040500613929,0.323,pre-control
50000.0,150.0,0.003,4.187841900336991,0.09025726985599097,0.323,pre-control
50000.0,150.0,0.003,4.193868229293382,0.09080362345808696,0.323,pre-control
50000.0,150.0,0.003,4.2188317306582235,0.09312455719442284,0.323,pre-control
50000.0,150.0,0.003,4.243795232023065,0.09550472065311269,0.323,pre-control
50000.0,150.0,0.003,4.2588222715291435,0.09697407623358967,0.323,pre-control
50000.0,150.0,0.003,4.268758733387907,0.09794567118257912,0.323,pre-control
50000.0,150.0,0.003,4.293722234752748,0.10044900904170151,0.323,pre-control
50000.0,150.0,0.003,4.318685736117589,0.1030163773998164,0.323,pre-control
50000.0,150.0,0.003,4.329802642721296,0.10418895967885418,0.323,pre-control
50000.0,150.0,0.003,4.343649237482431,0.10564946233671693,0.323,pre-control
50000.0,150.0,0.003,4.368612738847273,0.1083499928426532,0.323,pre-control
50000.0,150.0,0.003,4.393576240212115,0.11111974081833217,0.323,pre-control
50000.0,150.0,0.003,4.400783013913449,0.11193985255447121,0.323,pre-control
50000.0,150.0,0.003,4.418539741576956,0.11396052107491766,0.323,pre-control
50000.0,150.0,0.003,4.443503242941797,0.11687419133403033,0.323,pre-control
50000.0,150.0,0.003,4.468466744306639,0.11986265222774795,0.323,pre-control
50000.0,150.0,0.003,4.471763385105601,0.12026743707662318,0.323,pre-control
50000.0,150.0,0.003,4.4934302456714805,0.12292784729860484,0.323,pre-control
50000.0,150.0,0.003,4.518393747036322,0.12607176299959238,0.323,pre-control
50000.0,150.0,0.003,4.542743756297753,0.129217180718851,0.323,pre-control
50000.0,150.0,0.003,4.543357248401164,0.12929642869415875,0.323,pre-control
50000.0,150.0,0.003,4.568320749766006,0.13260391665620902,0.323,pre-control
50000.0,150.0,0.003,4.5932842511308465,0.13599634207010505,0.323,pre-control
50000.0,150.0,0.003,4.613724127489905,0.13884534058129872,0.323,pre-control
50000.0,150.0,0.003,4.618247752495688,0.1394758630306658,0.323,pre-control
50000.0,150.0,0.003,4.64321125386053,0.14304468054316696,0.323,pre-control
50000.0,150.0,0.003,4.668174755225372,0.14670503852334105,0.323,pre-control
50000.0,150.0,0.003,4.684704498682057,0.14919089651905026,0.323,pre-control
50000.0,150.0,0.003,4.693138256590213,0.15045922379737747,0.323,pre-control
50000.0,150.0,0.003,4.718101757955055,0.15430956610192256,0.323,pre-control
50000.0,150.0,0.003,4.743065259319896,0.15825843808407933,0.323,pre-control
50000.0,150.0,0.003,4.7556848698742105,0.16030571163565036,0.323,pre-control
50000.0,150.0,0.003,4.768028760684738,0.16230825530140813,0.323,pre-control
50000.0,150.0,0.003,4.792992262049579,0.16646147622192575,0.323,pre-control
50000.0,150.0,0.003,4.817955763414421,0.17072060222410593,0.323,pre-control
50000.0,150.0,0.003,4.826665241066363,0.17224439888813942,0.323,pre-control
50000.0,150.0,0.003,4.842919264779263,0.17508817759687942,0.323,pre-control
50000.0,150.0,0.003,4.8678827661441035,0.17956678953963354,0.323,pre-control
50000.0,150.0,0.003,4.892846267508945,0.1841594539168449,0.323,pre-control
50000.0,150.0,0.003,4.897645612258515,0.18506508074437422,0.323,pre-control
50000.0,150.0,0.003,4.917809768873787,0.18887001707176163,0.323,pre-control
50000.0,150.0,0.003,4.942773270238629,0.19370134803000888,0.323,pre-control
50000.0,150.0,0.003,4.96773677160347,0.19865634922591785,0.323,pre-control
50000.0,150.0,0.003,4.968625983450668,0.198837361278723,0.323,pre-control
50000.0,150.0,0.003,4.992700272968312,0.20373803436258756,0.323,pre-control
50000.0,150.0,0.003,5.017663774333153,0.2089495284118849,0.323,pre-control
50000.0,150.0,0.003,5.03960635464282,0.21364730613770944,0.323,pre-control
50000.0,150.0,0.003,5.042627275697995,0.2142940676144452,0.323,pre-control
50000.0,150.0,0.003,5.067590777062836,0.2197749994796712,0.323,pre-control
50000.0,150.0,0.003,5.092554278427678,0.2253957827857337,0.323,pre-control
50000.0,150.0,0.003,5.110586725834972,0.22955957048004105,0.323,pre-control
50000.0,150.0,0.003,5.11751777979252,0.23115998757957149,0.323,pre-control
50000.0,150.0,0.003,5.1424812811573615,0.2370712951768913,0.323,pre-control
50000.0,150.0,0.003,5.167444782522202,0.24313349816216762,0.323,pre-control
50000.0,150.0,0.003,5.181567097027124,0.24665057132578022,0.323,pre-control
50000.0,150.0,0.003,5.192408283887044,0.24935050038864337,0.323,pre-control
50000.0,150.0,0.003,5.217371785251886,0.255726316978329,0.323,pre-control
50000.0,150.0,0.003,5.242335286616727,0.2622650743220029,0.323,pre-control
50000.0,150.0,0.003,5.2525474682192765,0.26500836873278183,0.323,pre-control
50000.0,150.0,0.003,5.267298787981569,0.26897101007921154,0.323,pre-control
50000.0,150.0,0.003,5.292262289346411,0.2758484731782692,0.323,pre-control
50000.0,150.0,0.003,5.317225790711252,0.2829019238162579,0.323,pre-control
50000.0,150.0,0.003,5.32352783941143,0.2847281532541886,0.323,pre-control
50000.0,150.0,0.003,5.342189292076093,0.29013593345902855,0.323,pre-control
50000.0,150.0,0.003,5.367152793440935,0.2975551848411989,0.323,pre-control
50000.0,150.0,0.003,5.392116294805777,0.3051644719661551,0.323,pre-control
50000.0,150.0,0.003,5.394508210603582,0.3059122459384305,0.323,pre-control
50000.0,150.0,0.003,5.4170797961706185,0.3129687001060512,0.323,pre-control
50000.0,150.0,0.003,5.44204329753546,0.32097288580180927,0.323,pre-control
50000.0,150.0,0.003,5.465488581795734,0.32868288973070997,0.323,pre-control
50000.0,150.0,0.003,5.467006798900301,0.3291821568631188,0.323,pre-control
50000.0,150.0,0.003,5.491970300265143,0.33760175236843826,0.323,pre-control
50000.0,150.0,0.003,5.5169338016299845,0.34623702266499323,0.323,pre-control
50000.0,150.0,0.003,5.536468952987887,0.3531675907338313,0.323,pre-control
50000.0,150.0,0.003,5.541897302994826,0.35509342936877747,0.323,pre-control
50000.0,150.0,0.003,5.566860804359668,0.3641765453645526,0.323,pre-control
50000.0,150.0,0.003,5.59182430572451,0.3734920548058482,0.323,pre-control
50000.0,150.0,0.003,5.607449324180039,0.3794718534813938,0.323,pre-control
50000.0,150.0,0.003,5.61678780708935,0.3830457531149615,0.323,pre-control
50000.0,150.0,0.003,5.641751308454192,0.39284354698295865,0.323,pre-control
50000.0,150.0,0.003,5.666714809819034,0.4028914543696729,0.323,pre-control
50000.0,150.0,0.003,5.678429695372191,0.40772699215839187,0.323,pre-control
50000.0,150.0,0.003,5.691678311183876,0.4131956057538829,0.323,pre-control
50000.0,150.0,0.003,5.716641812548717,0.42376328566107574,0.323,pre-control
50000.0,150.0,0.003,5.741605313913558,0.4346017863232764,0.323,pre-control
50000.0,150.0,0.003,5.7494100665643435,0.4380771430120884,0.323,pre-control
50000.0,150.0,0.003,5.7665688152784,0.4457177146974754,0.323,pre-control
50000.0,150.0,0.003,5.7915323166432415,0.4571179156222825,0.323,pre-control
50000.0,150.0,0.003,5.816495818008083,0.46880947181792804,0.323,pre-control
50000.0,150.0,0.003,5.820390437756496,0.4706800986149827,0.323,pre-control
50000.0,150.0,0.003,5.841459319372925,0.4807997038862627,0.323,pre-control
50000.0,150.0,0.003,5.866422820737767,0.49309617031075736,0.323,pre-control
50000.0,150.0,0.003,5.891370808948649,0.5056988308721688,0.323,pre-control
50000.0,150.0,0.003,5.8913863221026075,0.5057066674565028,0.323,pre-control
50000.0,150.0,0.003,5.916349823467449,0.5186392295702114,0.323,pre-control
50000.0,150.0,0.003,5.941313324832291,0.5319021287802143,0.323,pre-control
50000.0,150.0,0.003,5.962351180140801,0.54336492667712,0.323,pre-control
50000.0,150.0,0.003,5.966276826197133,0.5455038750964636,0.323,pre-control
50000.0,150.0,0.003,5.991240327561974,0.5594532164105317,0.323,pre-control
50000.0,150.0,0.003,6.016203828926816,0.573759138495611,0.323,pre-control
50000.0,150.0,0.003,6.033331551332953,0.5838255652850611,0.323,pre-control
50000.0,150.0,0.003,6.041167330291657,0.588430865006514,0.323,pre-control
50000.0,150.0,0.003,6.066130831656499,0.6034778574796744,0.323,pre-control
50000.0,150.0,0.003,6.09109433302134,0.6189098153331456,0.323,pre-control
50000.0,150.0,0.003,6.104311922525106,0.6272897674323006,0.323,pre-control
50000.0,150.0,0.003,6.116057834386182,0.6347366758666009,0.323,pre-control
50000.0,150.0,0.003,6.141021335751024,0.6509686142613343,0.323,pre-control
50000.0,150.0,0.003,6.165984837115865,0.66761604358026,0.323,pre-control
50000.0,150.0,0.003,6.175292293717258,0.673981798148795,0.323,pre-control
50000.0,150.0,0.003,6.190948338480706,0.684689614767912,0.323,pre-control
50000.0,150.0,0.003,6.215911839845548,0.702200216650446,0.323,pre-control
50000.0,150.0,0.003,6.24087534121039,0.7201589759356364,0.323,pre-control
50000.0,150.0,0.003,6.2462726649094105,0.7241411667581504,0.323,pre-control
50000.0,150.0,0.003,6.265838842575231,0.7385772572128787,0.323,pre-control
50000.0,150.0,0.003,6.290802343940073,0.7574666629531884,0.323,pre-control
50000.0,150.0,0.003,6.315765845304915,0.7768390335092012,0.323,pre-control
50000.0,150.0,0.003,6.317253036101563,0.7780226268776224,0.323,pre-control
50000.0,150.0,0.003,6.340729346669756,0.7967064471151727,0.323,pre-control
50000.0,150.0,0.003,6.365692848034597,0.8170812198869806,0.323,pre-control
50000.0,150.0,0.003,6.388233407293715,0.8359487092557956,0.323,pre-control
50000.0,150.0,0.003,6.390656349399439,0.8379768237269356,0.323,pre-control
50000.0,150.0,0.003,6.415619850764281,0.8594075048720634,0.323,pre-control
50000.0,150.0,0.003,6.4405833521291225,0.8813864916624258,0.323,pre-control
50000.0,150.0,0.003,6.459213778485868,0.898208955644718,0.323,pre-control
50000.0,150.0,0.003,6.465546853493963,0.903927446686243,0.323,pre-control
50000.0,150.0,0.003,6.490510354858805,0.9270444839351524,0.323,pre-control
50000.0,150.0,0.003,6.515473856223647,0.9507521688042029,0.323,pre-control
50000.0,150.0,0.003,6.53019414967802,0.9650890853746099,0.323,pre-control
50000.0,150.0,0.003,6.540437357588488,0.975065518091859,0.323,pre-control
50000.0,150.0,0.003,6.56540085895333,0.9999999999999998,0.323,pre-control
50000.0,150.0,0.003,6.590400199084493,1.0256094427279454,0.323,pre-control
50000.0,150.0,0.003,6.601174520870172,1.0369293256713807,0.323,pre-control
50000.0,150.0,0.003,6.615399539215656,1.051874632275563,0.323,pre-control
50000.0,150.0,0.003,6.640398879346819,1.078812656129633,0.323,pre-control
50000.0,150.0,0.003,6.665398219477981,1.106441246503285,0.323,pre-control
50000.0,150.0,0.003,6.672154892062325,1.1140998321842301,0.323,pre-control
50000.0,150.0,0.003,6.690397559609144,1.1347776185816412,0.323,pre-control
50000.0,150.0,0.003,6.715396899740307,1.1638395086532412,0.323,pre-control
50000.0,150.0,0.003,6.74039623987147,1.1936452252338388,0.323,pre-control
50000.0,150.0,0.003,6.743135263254477,1.1969944187413395,0.323,pre-control
50000.0,150.0,0.003,6.765395580002632,1.224213649066407,0.323,pre-control
50000.0,150.0,0.003,6.790394920133795,1.2555642331211359,0.323,pre-control
50000.0,150.0,0.003,6.81411563444663,1.2860725047420927,0.323,pre-control
50000.0,150.0,0.003,6.815394260264958,1.2877170025954325,0.323,pre-control
50000.0,150.0,0.003,6.840393600396121,1.3206925549139181,0.323,pre-control
50000.0,150.0,0.003,6.8653929405272835,1.354512059728434,0.323,pre-control
50000.0,150.0,0.003,6.885096005638782,1.3818489708009845,0.323,pre-control
50000.0,150.0,0.003,6.890392280658446,1.389197258918037,0.323,pre-control
50000.0,150.0,0.003,6.91539162078961,1.424770466589003,0.323,pre-control
50000.0,150.0,0.003,6.940390960920772,1.4612545690748202,0.323,pre-control
50000.0,150.0,0.003,6.956076376830934,1.4847321504758635,0.323,pre-control
50000.0,150.0,0.003,6.965390301051935,1.4986730249361977,0.323,pre-control
50000.0,150.0,0.003,6.990389641183098,1.537049864961062,0.323,pre-control
50000.0,150.0,0.003,7.015388981314261,1.576409692164552,0.323,pre-control
50000.0,150.0,0.003,7.027056748023087,1.5952503608770665,0.323,pre-control
50000.0,150.0,0.003,7.040388321445423,1.6167776817890278,0.323,pre-control
50000.0,150.0,0.003,7.065387661576586,1.658179581304065,0.323,pre-control
50000.0,150.0,0.003,7.090387001707749,1.7006417104064577,0.323,pre-control
50000.0,150.0,0.003,7.098037119215239,1.71396833754183,0.323,pre-control
50000.0,150.0,0.003,7.115386341838912,1.7441909610202124,0.323,pre-control
50000.0,150.0,0.003,7.140385681970074,1.788854797296557,0.323,pre-control
50000.0,150.0,0.003,7.165385022101237,1.8346615082173194,0.323,pre-control
50000.0,150.0,0.003,7.169017490407391,1.8414878632013252,0.323,pre-control
50000.0,150.0,0.003,7.1903843622324,1.881641786011372,0.323,pre-control
50000.0,150.0,0.003,7.215383702363563,1.929825362140478,0.323,pre-control
50000.0,150.0,0.003,7.239997861599544,1.97848102974775,0.323,pre-control
50000.0,150.0,0.003,7.2403830424947255,1.9792424302662455,0.323,pre-control
50000.0,150.0,0.003,7.265382382625889,2.029924144430767,0.323,pre-control
50000.0,150.0,0.003,7.2903817227570515,2.081902619056614,0.323,pre-control
50000.0,150.0,0.003,7.310978232791697,2.125822383891346,0.323,pre-control
50000.0,150.0,0.003,7.315381062888214,2.135210928946847,0.323,pre-control
50000.0,150.0,0.003,7.340380403019377,2.189883109285009,0.323,pre-control
50000.0,150.0,0.003,7.365379743150539,2.245954155635127,0.323,pre-control
50000.0,150.0,0.003,7.381958603983849,2.2840904337429264,0.323,pre-control
50000.0,150.0,0.003,7.390379083281703,2.3034600239417133,0.323,pre-control
50000.0,150.0,0.003,7.415378423412865,2.36243763052976,0.323,pre-control
50000.0,150.0,0.003,7.440377763544028,2.4229248521047477,0.323,pre-control
50000.0,150.0,0.003,7.452938975176001,2.454095403860705,0.323,pre-control
50000.0,150.0,0.003,7.465377103675191,2.484960525752642,0.323,pre-control
50000.0,150.0,0.003,7.490376443806354,2.5485844489398852,0.323,pre-control
50000.0,150.0,0.003,7.515375783937516,2.6138373795134116,0.323,pre-control
50000.0,150.0,0.003,7.523919346368153,2.6367086405835902,0.323,pre-control
50000.0,150.0,0.003,7.540375124068679,2.6807610357006357,0.323,pre-control
50000.0,150.0,0.003,7.565374464199842,2.7493980961094593,0.323,pre-control
50000.0,150.0,0.003,7.590373804331005,2.819792199728261,0.323,pre-control
50000.0,150.0,0.003,7.594899717560306,2.832862612031181,0.323,pre-control
50000.0,150.0,0.003,7.6153731444621675,2.891987945925912,0.323,pre-control
50000.0,150.0,0.003,7.64037248459333,2.9660308944517624,0.323,pre-control
50000.0,150.0,0.003,7.6653718247244935,3.04196857206405,0.323,pre-control
50000.0,150.0,0.003,7.665880088752458,3.043552013161569,0.323,pre-control
50000.0,150.0,0.003,7.690371164855656,3.119851287339127,0.323,pre-control
50000.0,150.0,0.003,7.715370504986819,3.1997277722129405,0.323,pre-control
50000.0,150.0,0.003,7.7368604599446105,3.2701482239577304,0.323,pre-control
50000.0,150.0,0.003,7.740369845117982,3.2816481312279264,0.323,pre-control
50000.0,150.0,0.003,7.765369185249145,3.365664043282761,0.323,pre-control
50000.0,150.0,0.003,7.790368525380307,3.4518287616323753,0.323,pre-control
50000.0,150.0,0.003,7.8078408311367635,3.5135903466063296,0.323,pre-control
50000.0,150.0,0.003,7.81536786551147,3.540197113887947,0.323,pre-control
50000.0,150.0,0.003,7.840367205642632,3.630825502016901,0.323,pre-control
50000.0,150.0,0.003,7.865366545773796,3.723771902342914,0.323,pre-control
50000.0,150.0,0.003,7.878821202328916,3.775075303938315,0.323,pre-control
50000.0,150.0,0.003,7.890365885904958,3.8190958655458997,0.323,pre-control
50000.0,150.0,0.003,7.915365226036121,3.916858516662031,0.323,pre-control
50000.0,150.0,0.003,7.940364566167284,4.017122555083727,0.323,pre-control
50000.0,150.0,0.003,7.949801573521068,4.055939764860075,0.323,pre-control
50000.0,150.0,0.003,7.965363906298447,4.119952254559648,0.323,pre-control
50000.0,150.0,0.003,7.9903632464296095,4.225413463194709,0.323,pre-control
50000.0,150.0,0.003,8.015362586560773,4.333573603450074,0.323,pre-control
50000.0,150.0,0.003,8.020781944713221,4.357620595500786,0.323,pre-control
50000.0,150.0,0.003,8.040361926691935,4.444501672143142,0.323,pre-control
50000.0,150.0,0.003,8.065361266823098,4.558268240447583,0.323,pre-control
50000.0,150.0,0.003,8.090360606954262,4.674945453893296,0.323,pre-control
50000.0,150.0,0.003,8.091762315905372,4.681654859212389,0.323,pre-control
50000.0,150.0,0.003,8.115359947085423,4.794607032366425,0.323,pre-control
50000.0,150.0,0.003,8.140359287216587,4.917328282966249,0.323,pre-control
50000.0,150.0,0.003,8.162742687097525,5.030019132070273,0.323,pre-control
50000.0,150.0,0.003,8.16535862734775,5.043189272869762,0.323,pre-control
50000.0,150.0,0.003,8.190357967478912,5.172271007448094,0.323,pre-control
50000.0,150.0,0.003,8.215357307610075,5.304654356284704,0.323,pre-control
50000.0,150.0,0.003,8.233723058289677,5.404396494484158,0.323,pre-control
50000.0,150.0,0.003,8.240356647741237,5.440422704758855,0.323,pre-control
50000.0,150.0,0.003,8.2653559878724,5.579661954045688,0.323,pre-control
50000.0,150.0,0.003,8.290355328003564,5.7224605211161625,0.323,pre-control
50000.0,150.0,0.003,8.30470342948183,5.8065132395308225,0.323,pre-control
50000.0,150.0,0.003,8.315354668134725,5.868909338737072,0.323,pre-control
50000.0,150.0,0.003,8.340354008265889,6.019101855471089,0.323,pre-control
50000.0,150.0,0.003,8.36535334839705,6.173134035676681,0.323,pre-control
50000.0,150.0,0.003,8.375683800673983,6.238411954331773,0.323,pre-control
50000.0,150.0,0.003,8.390352688528214,6.331104359508204,0.323,pre-control
50000.0,150.0,0.003,8.415352028659377,6.493113822915823,0.323,pre-control
50000.0,150.0,0.003,8.440351368790541,6.659265937645553,0.323,pre-control
50000.0,150.0,0.003,8.446664171866134,6.702295339551279,0.323,pre-control
50000.0,150.0,0.003,8.465350708921703,6.829666731239239,0.323,pre-control
50000.0,150.0,0.003,8.490350049052866,7.004424747034609,0.323,pre-control
50000.0,150.0,0.003,8.515349389184028,7.1836510441651775,0.323,pre-control
50000.0,150.0,0.003,8.517644543058287,7.200526209396418,0.323,pre-control
50000.0,150.0,0.003,8.540348729315191,7.367459197560354,0.323,pre-control
50000.0,150.0,0.003,8.565348069446355,7.555965297945352,0.323,pre-control
50000.0,150.0,0.003,8.58862491425044,7.735967975137679,0.323,pre-control
50000.0,150.0,0.003,8.590347409577516,7.749288241390886,0.323,pre-control
50000.0,150.0,0.003,8.61534674970868,7.947553722633041,0.323,pre-control
50000.0,150.0,0.003,8.640346089839841,8.150887308714948,0.323,pre-control
50000.0,150.0,0.003,8.659605285442591,8.311535879523937,0.323,pre-control
50000.0,150.0,0.003,8.665345429971005,8.359416696238577,0.323,pre-control
50000.0,150.0,0.003,8.690344770102168,8.5732734138679,0.323,pre-control
50000.0,150.0,0.003,8.715344110233332,8.792592822328949,0.323,pre-control
50000.0,150.0,0.003,8.730585656634744,8.929722374226301,0.323,pre-control
50000.0,150.0,0.003,8.740343450364493,9.017514114409781,0.323,pre-control
50000.0,150.0,0.003,8.765342790495657,9.248180314960551,0.323,pre-control
50000.0,150.0,0.003,8.790342130626819,9.484738280893394,0.323,pre-control
50000.0,150.0,0.003,8.801566027826897,9.593658042924519,0.323,pre-control
50000.0,150.0,0.003,8.815341470757982,9.727338701182553,0.323,pre-control
50000.0,150.0,0.003,8.840340810889145,9.976136096864272,0.323,pre-control
50000.0,150.0,0.003,8.865340151020307,10.23128882103683,0.323,pre-control
50000.0,150.0,0.003,8.872546399019049,10.30671723705719,0.323,pre-control
50000.0,150.0,0.003,8.89033949115147,10.492959058860615,0.323,pre-control
50000.0,150.0,0.003,8.915338831282632,10.76131282755798,0.323,pre-control
50000.0,150.0,0.003,8.940338171413796,11.036519976413404,0.323,pre-control
50000.0,150.0,0.003,8.943526770211202,11.072518193127081,0.323,pre-control
50000.0,150.0,0.003,8.96533751154496,11.318754186773347,0.323,pre-control
50000.0,150.0,0.003,8.990336851676123,11.608193216836103,0.323,pre-control
50000.0,150.0,0.003,9.014507141403353,11.895179544714702,0.323,pre-control
50000.0,150.0,0.003,9.015336191807284,11.905023288159054,0.323,pre-control
50000.0,150.0,0.003,9.040335531938448,12.209431891944053,0.323,pre-control
50000.0,150.0,0.003,9.06533487206961,12.52161001898844,0.323,pre-control
50000.0,150.0,0.003,9.085487512595506,12.779686896593455,0.323,pre-control
50000.0,150.0,0.003,9.090334212200773,12.841754251946188,0.323,pre-control
50000.0,150.0,0.003,9.115333552331936,13.170066765327753,0.323,pre-control
50000.0,150.0,0.003,9.140332892463098,13.50675532550013,0.323,pre-control
50000.0,150.0,0.003,9.15646788378766,13.729603486436448,0.323,pre-control
50000.0,150.0,0.003,9.165332232594261,13.852033290686936,0.323,pre-control
50000.0,150.0,0.003,9.190331572725423,14.206119610968239,0.323,pre-control
50000.0,150.0,0.003,9.215330912856587,14.569238828280746,0.323,pre-control
50000.0,150.0,0.003,9.22744825497981,14.749734916482094,0.323,pre-control
50000.0,150.0,0.003,9.24033025298775,14.94162107641764,0.323,pre-control
50000.0,150.0,0.003,9.265329593118912,15.323502081028648,0.323,pre-control
50000.0,150.0,0.003,9.290328933250075,15.715123159620124,0.323,pre-control
50000.0,150.0,0.003,9.298428626171964,15.845242673157655,0.323,pre-control
50000.0,150.0,0.003,9.315328273381237,16.116731221554854,0.323,pre-control
50000.0,150.0,0.003,9.3403276135124,16.528578768052288,0.323,pre-control
50000.0,150.0,0.003,9.365326953643564,16.950925481592368,0.323,pre-control
50000.0,150.0,0.003,9.369408997364115,17.02164713919048,0.323,pre-control
50000.0,150.0,0.003,9.390326293774727,17.384040581274892,0.323,pre-control
50000.0,150.0,0.003,9.415325633905889,17.828195000188618,0.323,pre-control
50000.0,150.0,0.003,9.440324974037052,18.28366702379153,0.323,pre-control
50000.0,150.0,0.003,9.440389368556268,18.284870140367637,0.323,pre-control
50000.0,150.0,0.003,9.465324314168214,18.75074280710231,0.323,pre-control
50000.0,150.0,0.003,9.490323654299377,19.229716374700594,0.323,pre-control
50000.0,150.0,0.003,9.511369739748421,19.643218253226753,0.323,pre-control
50000.0,150.0,0.003,9.51532299443054,19.720889620726744,0.323,pre-control
50000.0,150.0,0.003,9.540322334561703,20.224572308881953,0.323,pre-control
50000.0,150.0,0.003,9.565321674692866,20.741082072428338,0.323,pre-control
50000.0,150.0,0.003,9.582350110940572,21.101864451969405,0.323,pre-control
50000.0,150.0,0.003,9.590321014824028,21.270744414188695,0.323,pre-control
50000.0,150.0,0.003,9.615320354955191,21.813892706546795,0.323,pre-control
50000.0,150.0,0.003,9.640319695086355,22.370868191447137,0.323,pre-control
50000.0,150.0,0.003,9.653330482132725,22.668121409258738,0.323,pre-control
50000.0,150.0,0.003,9.665319035217518,22.942019980395056,0.323,pre-control
50000.0,150.0,0.003,9.69031837534868,23.52770520207659,0.323,pre-control
50000.0,150.0,0.003,9.715317715479843,24.128293984632187,0.323,pre-control
50000.0,150.0,0.003,9.724310853324878,24.34984333964108,0.323,pre-control
50000.0,150.0,0.003,9.740317055611005,24.744162191830245,0.323,pre-control
50000.0,150.0,0.003,9.765316395742168,25.37569339468807,0.323,pre-control
50000.0,150.0,0.003,9.790315735873332,26.023281898966744,0.323,pre-control
50000.0,150.0,0.003,9.79529122451703,26.155444485130772,0.323,pre-control
50000.0,150.0,0.003,9.815315076004493,26.687332745171254,0.323,pre-control
50000.0,150.0,0.003,9.840314416135657,27.368261708550627,0.323,pre-control
50000.0,150.0,0.003,9.865313756266819,28.06649529909761,0.323,pre-control
50000.0,150.0,0.003,9.866271595709183,28.09392760467459,0.323,pre-control
50000.0,150.0,0.003,9.890313096397982,28.782470761549046,0.323,pre-control
50000.0,150.0,0.003,9.915312436529145,29.516636075385538,0.323,pre-control
50000.0,150.0,0.003,9.937251966901336,30.177308832588654,0.323,pre-control
50000.0,150.0,0.003,9.940311776660309,30.269449954831643,0.323,pre-control
50000.0,150.0,0.003,9.96531111679147,31.04138184885577,0.323,pre-control
50000.0,150.0,0.003,9.990310456922634,31.832911941170394,0.323,pre-control
50000.0,150.0,0.003,10.008232338093487,32.41475853662015,0.323,pre-control
50000.0,150.0,0.003,10.015309797053796,32.644533266249994,0.323,pre-control
50000.0,150.0,0.003,10.040309137184959,33.476753535347164,0.323,pre-control
50000.0,150.0,0.003,10.065308477316123,34.33008748560978,0.323,pre-control
50000.0,150.0,0.003,10.07921270928564,34.81673520802976,0.323,pre-control
50000.0,150.0,0.003,10.090307817447284,35.205063677283206,0.323,pre-control
50000.0,150.0,0.003,10.115307157578448,36.102224913083596,0.323,pre-control
50000.0,150.0,0.003,10.14030649770961,37.02212823819749,0.323,pre-control
50000.0,150.0,0.003,10.150193080477791,37.39514568364073,0.323,pre-control
50000.0,150.0,0.003,10.165305837840773,37.96534494028231,0.323,pre-control
50000.0,150.0,0.003,10.190305177971936,38.93246054946591,0.323,pre-control
50000.0,150.0,0.003,10.2153045181031,39.92407483834683,0.323,pre-control
50000.0,150.0,0.003,10.221173451669944,40.162765263427566,0.323,pre-control
50000.0,150.0,0.003,10.240303858234261,40.9408018219942,0.323,pre-control
50000.0,150.0,0.003,10.265303198365425,41.983269757947944,0.323,pre-control
50000.0,150.0,0.003,10.290302538496586,43.05212115055794,0.323,pre-control
50000.0,150.0,0.003,10.292153822862097,43.13327591997947,0.323,pre-control
50000.0,150.0,0.003,10.31530187862775,44.14801744927431,0.323,pre-control
50000.0,150.0,0.003,10.340301218758913,45.27163414204533,0.323,pre-control
50000.0,150.0,0.003,10.363134194054249,46.32382914443322,0.323,pre-control
50000.0,150.0,0.003,10.365300558890075,46.423660122399156,0.323,pre-control
50000.0,150.0,0.003,10.390299899021239,47.60480270558327,0.323,pre-control
50000.0,150.0,0.003,10.4152992391524,48.81578762856387,0.323,pre-control
50000.0,150.0,0.003,10.434114565246402,49.750235139628074,0.323,pre-control
50000.0,150.0,0.003,10.440298579283564,50.05735905002654,0.323,pre-control
50000.0,150.0,0.003,10.465297919414727,51.3302795503757,0.323,pre-control
50000.0,150.0,0.003,10.490297259545889,52.63533013173478,0.323,pre-control
50000.0,150.0,0.003,10.505094936438553,53.42731091605559,0.323,pre-control
50000.0,150.0,0.003,10.515296599677052,53.97331021794659,0.323,pre-control
50000.0,150.0,0.003,10.540295939808214,55.34503765457258,0.323,pre-control
50000.0,150.0,0.003,10.565295279939377,56.75134872753124,0.323,pre-control
50000.0,150.0,0.003,10.576075307630706,57.3730512539388,0.323,pre-control
50000.0,150.0,0.003,10.59029462007054,58.193103179662,0.323,pre-control
50000.0,150.0,0.003,10.615293960201704,59.671178522320986,0.323,pre-control
50000.0,150.0,0.003,10.640293300332866,61.18647064896544,0.323,pre-control
50000.0,150.0,0.003,10.64705567882286,61.60667648143146,0.323,pre-control
50000.0,150.0,0.003,10.66529264046403,62.73989871373013,0.323,pre-control
50000.0,150.0,0.003,10.690291980595191,64.3324051314266,0.323,pre-control
50000.0,150.0,0.003,10.715291320726354,65.964955577544,0.323,pre-control
50000.0,150.0,0.003,10.71803605001501,66.14870176365406,0.323,pre-control
50000.0,150.0,0.003,10.740290660857518,67.63853898824843,0.323,pre-control
50000.0,150.0,0.003,10.765290000988681,69.35416756038322,0.323,pre-control
50000.0,150.0,0.003,10.789016421207164,71.0233265498155,0.323,pre-control
50000.0,150.0,0.003,10.790289341119843,71.1128767514688,0.323,pre-control
50000.0,150.0,0.003,10.815288681251005,72.91572527970308,0.323,pre-control
50000.0,150.0,0.003,10.840288021382168,74.7637973688287,0.323,pre-control
50000.0,150.0,0.003,10.859996792399317,76.25729430618107,0.323,pre-control
50000.0,150.0,0.003,10.865287361513332,76.65820457916345,0.323,pre-control
50000.0,150.0,0.003,10.890286701644495,78.6000787145443,0.323,pre-control
50000.0,150.0,0.003,10.915286041775657,80.59057980523427,0.323,pre-control
50000.0,150.0,0.003,10.930977163591468,81.8712079629504,0.323,pre-control
50000.0,150.0,0.003,10.940285381906818,82.63089656984116,0.323,pre-control
50000.0,150.0,0.003,10.965284722037982,84.72224641531717,0.323,pre-control
50000.0,150.0,0.003,10.990284062169145,86.86587543695869,0.323,pre-control
50000.0,150.0,0.003,11.001957534783621,87.89185273189345,0.323,pre-control
50000.0,150.0,0.003,11.015283402300309,89.06305841840668,0.323,pre-control
50000.0,150.0,0.003,11.040282742431472,91.31509883164654,0.323,pre-control
50000.0,150.0,0.003,11.065282082562634,93.62332883700795,0.323,pre-control
50000.0,150.0,0.003,11.072937905975774,94.3478288573571,0.323,pre-control
50000.0,150.0,0.003,11.090281422693796,95.98911256219884,0.323,pre-control
50000.0,150.0,0.003,11.115280762824959,98.41384491319488,0.323,pre-control
50000.0,150.0,0.003,11.140280102956122,100.89894807899977,0.323,pre-control
50000.0,150.0,0.003,11.143918277167925,101.26960495586096,0.323,pre-control
50000.0,150.0,0.003,11.165279443087286,103.44587870880494,0.323,pre-control
50000.0,150.0,0.003,11.190278783218448,106.0561280039775,0.323,pre-control
50000.0,150.0,0.003,11.214898648360078,108.69061539990109,0.323,pre-control
50000.0,150.0,0.003,11.21527812334961,108.7312217180607,0.323,pre-control
50000.0,150.0,0.003,11.240277463480773,111.47272015677362,0.323,pre-control
50000.0,150.0,0.003,11.265276803611936,114.28221817801072,0.323,pre-control
50000.0,150.0,0.003,11.28587901955223,116.65493666367,0.323,pre-control
50000.0,150.0,0.003,11.2902761437431,117.16134519184254,0.323,pre-control
50000.0,150.0,0.003,11.315275483874261,120.1117661640161,0.323,pre-control
50000.0,150.0,0.003,11.340274824005425,123.13518539350827,0.323,pre-control
50000.0,150.0,0.003,11.356859390744383,125.19050084701703,0.323,pre-control
50000.0,150.0,0.003,11.365274164136586,126.23333868915034,0.323,pre-control
50000.0,150.0,0.003,11.39027350426775,129.40800113282597,0.323,pre-control
50000.0,150.0,0.003,11.415272844398913,132.66098839824696,0.323,pre-control
50000.0,150.0,0.003,11.427839761936536,134.33653869708328,0.323,pre-control
50000.0,150.0,0.003,11.440272184530077,135.99415675095398,0.323,pre-control
50000.0,150.0,0.003,11.465271524661238,139.40940304831614,0.323,pre-control
50000.0,150.0,0.003,11.4902708647924,142.9086647395318,0.323,pre-control
50000.0,150.0,0.003,11.498820133128687,144.13474942681663,0.323,pre-control
50000.0,150.0,0.003,11.515270204923564,146.49391986562802,0.323,pre-control
50000.0,150.0,0.003,11.539131705312688,150.0,0.8445065639553809,threshold-control
50000.0,150.0,0.003,11.56980050432084,150.0,0.8443464985695015,threshold-control
50000.0,150.0,0.003,11.640780875512991,150.0,0.8439755049953142,threshold-control
50000.0,150.0,0.003,11.711761246705144,150.0,0.8436037626831282,threshold-control
50000.0,150.0,0.003,11.782741617897297,150.0,0.843231270767986,threshold-control
50000.0,150.0,0.003,11.853721989089449,150.0,0.8428580283870946,threshold-control
50000.0,150.0,0.003,11.924702360281602,150.0,0.8424840346798436,threshold-control
50000.0,150.0,0.003,11.995682731473755,150.0,0.8421092887878243,threshold-control
50000.0,150.0,0.003,12.0,150.0,0.8420864711776076,threshold-control
50000.0,150.0,0.003,12.066663102665906,150.0,0.8417337898548469,threshold-control
50000.0,150.0,0.003,12.13764347385806,150.0,0.8413575370269599,threshold-control
50000.0,150.0,0.003,12.208623845050212,150.0,0.8409805294524682,threshold-control
50000.0,150.0,0.003,12.279604216242364,150.0,0.840602766281951,threshold-control
50000.0,150.0,0.003,12.350584587434517,150.0,0.8402242466682812,threshold-control
50000.0,150.0,0.003,12.421564958626668,150.0,0.839844969766644,threshold-control
50000.0,150.0,0.003,12.492545329818821,150.0,0.8394649347345545,threshold-control
50000.0,150.0,0.003,12.563525701010974,150.0,0.8390841407318775,threshold-control
50000.0,150.0,0.003,12.634506072203125,150.0,0.8387025869208456,threshold-control
50000.0,150.0,0.003,12.705486443395278,150.0,0.8383202724660783,threshold-control
50000.0,150.0,0.003,12.77646681458743,150.0,0.8379371965346003,threshold-control
50000.0,150.0,0.003,12.847447185779583,150.0,0.8375533582958611,threshold-control
50000.0,150.0,0.003,12.918427556971736,150.0,0.8371687569217532,threshold-control
50000.0,150.0,0.003,12.989407928163887,150.0,0.8367833915866317,threshold-control
50000.0,150.0,0.003,13.0,150.0,0.8367258197458362,threshold-control
50000.0,150.0,0.003,13.06038829935604,150.0,0.8363972614673327,threshold-control
50000.0,150.0,0.003,13.131368670548193,150.0,0.8360103657431928,threshold-control
50000.0,150.0,0.003,13.202349041740344,150.0,0.8356227035960677,threshold-control
50000.0,150.0,0.003,13.273329412932497,150.0,0.835234274210352,threshold-control
50000.0,150.0,0.003,13.34430978412465,150.0,0.8348450767729977,threshold-control
50000.0,150.0,0.003,13.415290155316802,150.0,0.8344551104735338,threshold-control
50000.0,150.0,0.003,13.486270526508955,150.0,0.8340643745040854,threshold-control
50000.0,150.0,0.003,13.557250897701106,150.0,0.8336728680593933,threshold-control
50000.0,150.0,0.003,13.62823126889326,150.0,0.8332805903368329,threshold-control
50000.0,150.0,0.003,13.699211640085412,150.0,0.8328875405364339,threshold-control
50000.0,150.0,0.003,13.770192011277564,150.0,0.8324937178608995,threshold-control
50000.0,150.0,0.003,13.841172382469717,150.0,0.8320991215156265,threshold-control
50000.0,150.0,0.003,13.912152753661868,150.0,0.8317037507087237,threshold-control
50000.0,150.0,0.003,13.983133124854021,150.0,0.8313076046510324,threshold-control
50000.0,150.0,0.003,14.0,150.0,0.83121335544168,threshold-control
50000.0,150.0,0.003,14.054113496046174,150.0,0.830910682556146,threshold-control
50000.0,150.0,0.003,14.125093867238325,150.0,0.8305129836404287,threshold-control
50000.0,150.0,0.003,14.196074238430478,150.0,0.8301145071230365,threshold-control
50000.0,150.0,0.003,14.267054609622631,150.0,0.8297152522259357,threshold-control
50000.0,150.0,0.003,14.338034980814783,150.0,0.8293152181739237,threshold-control
50000.0,150.0,0.003,14.409015352006936,150.0,0.8289144041946481,threshold-control
50000.0,150.0,0.003,14.479995723199089,150.0,0.8285128095186266,threshold-control
50000.0,150.0,0.003,14.55097609439124,150.0,0.8281104333792676,threshold-control
50000.0,150.0,0.003,14.621956465583393,150.0,0.827707275012889,threshold-control
50000.0,150.0,0.003,14.692936836775544,150.0,0.8273033336587392,threshold-control
50000.0,150.0,0.003,14.763917207967697,150.0,0.8268986085590164,threshold-control
50000.0,150.0,0.003,14.83489757915985,150.0,0.8264930989588891,threshold-control
50000.0,150.0,0.003,14.905877950352002,150.0,0.8260868041065159,threshold-control
50000.0,150.0,0.003,14.976858321544155,150.0,0.8256797232530657,threshold-control
50000.0,150.0,0.003,15.0,150.0,0.8255468329516498,threshold-control
50000.0,150.0,0.003,15.047838692736306,150.0,0.825271855652738,threshold-control
50000.0,150.0,0.003,15.11881906392846,150.0,0.8248632005627828,threshold-control
50000.0,150.0,0.003,15.189799435120612,150.0,0.8244537572435213,threshold-control
50000.0,150.0,0.003,15.260779806312764,150.0,0.8240435249583655,threshold-control
50000.0,150.0,0.003,15.331760177504917,150.0,0.8236325029738392,threshold-control
50000.0,150.0,0.003,15.40274054869707,150.0,0.8232206905595977,threshold-control
50000.0,150.0,0.003,15.473720919889221,150.0,0.822808086988449,threshold-control
50000.0,150.0,0.003,15.544701291081374,150.0,0.8223946915363732,threshold-control
50000.0,150.0,0.003,15.615681662273527,150.0,0.8219805034825439,threshold-control
50000.0,150.0,0.003,15.686662033465678,150.0,0.8215655221093482,threshold-control
50000.0,150.0,0.003,15.757642404657831,150.0,0.8211497467024069,threshold-control
50000.0,150.0,0.003,15.828622775849983,150.0,0.8207331765505961,threshold-control
50000.0,150.0,0.003,15.899603147042136,150.0,0.8203158109460664,threshold-control
50000.0,150.0,0.003,15.970583518234289,150.0,0.819897649184265,threshold-control
50000.0,150.0,0.003,16.0,150.0,0.8197241163825052,threshold-control
50000.0,150.0,0.003,16.041563889426442,150.0,0.8194786905639552,threshold-control
50000.0,150.0,0.003,16.11254426061859,150.0,0.8190589343872374,threshold-control
50000.0,150.0,0.003,16.183524631810744,150.0,0.8186383799595702,threshold-control
50000.0,150.0,0.003,16.254505003002897,150.0,0.818217026589791,threshold-control
50000.0,150.0,0.003,16.32548537419505,150.0,0.8177948735901363,threshold-control
50000.0,150.0,0.003,16.396465745387204,150.0,0.817371920276263,threshold-control
50000.0,150.0,0.003,16.467446116579353,150.0,0.8169481659672697,threshold-control
50000.0,150.0,0.003,16.538426487771506,150.0,0.816523609985716,threshold-control
50000.0,150.0,0.003,16.60940685896366,150.0,0.8160982516576456,threshold-control
50000.0,150.0,0.003,16.680387230155812,150.0,0.8156720903126051,threshold-control
50000.0,150.0,0.003,16.751367601347965,150.0,0.8152451252836668,threshold-control
50000.0,150.0,0.003,16.82234797254012,150.0,0.8148173559074481,threshold-control
50000.0,150.0,0.003,16.893328343732268,150.0,0.8143887815241339,threshold-control
50000.0,150.0,0.003,16.96430871492442,150.0,0.8139594014774969,threshold-control
50000.0,150.0,0.003,17.0,150.0,0.813743190331961,threshold-control
50000.0,150.0,0.003,17.035289086116574,150.0,0.8135292151149186,threshold-control
50000.0,150.0,0.003,17.106269457308727,150.0,0.8130982217874112,threshold-control
50000.0,150.0,0.003,17.17724982850088,150.0,0.8126664208496377,threshold-control
50000.0,150.0,0.003,17.24823019969303,150.0,0.8122338116599339,threshold-control
50000.0,150.0,0.003,17.319210570885183,150.0,0.8118003935803292,threshold-control
50000.0,150.0,0.003,17.390190942077336,150.0,0.811366165976568,threshold-control
50000.0,150.0,0.003,17.46117131326949,150.0,0.8109311282181307,threshold-control
50000.0,150.0,0.003,17.532151684461642,150.0,0.8104952796782554,threshold-control
50000.0,150.0,0.003,17.603132055653795,150.0,0.8100586197339588,threshold-control
50000.0,150.0,0.003,17.674112426845944,150.0,0.8096211477660578,threshold-control
50000.0,150.0,0.003,17.745092798038097,150.0,0.8091828631591904,threshold-control
50000.0,150.0,0.003,17.81607316923025,150.0,0.8087437653018381,threshold-control
50000.0,150.0,0.003,17.887053540422404,150.0,0.8083038535863459,threshold-control
50000.0,150.0,0.003,17.958033911614557,150.0,0.8078631274089451,threshold-control
50000.0,150.0,0.003,18.0,150.0,0.8076021712495401,threshold-control
50000.0,150.0,0.003,18.029014282806706,150.0,0.8074215861697734,threshold-control
50000.0,150.0,0.003,18.09999465399886,150.0,0.8069792292728978,threshold-control
50000.0,150.0,0.003,18.170975025191012,150.0,0.8065360561263348,threshold-control
50000.0,150.0,0.003,18.241955396383165,150.0,0.8060920661420726,threshold-control
50000.0,150.0,0.003,18.31293576757532,150.0,0.8056472587360929,threshold-control
50000.0,150.0,0.003,18.383916138767468,150.0,0.8052016333283916,threshold-control
50000.0,150.0,0.003,18.45489650995962,150.0,0.8047551893430007,threshold-control
50000.0,150.0,0.003,18.525876881151774,150.0,0.8043079262080108,threshold-control
50000.0,150.0,0.003,18.596857252343927,150.0,0.8038598433555912,threshold-control
50000.0,150.0,0.003,18.66783762353608,150.0,0.8034109402220128,threshold-control
50000.0,150.0,0.003,18.73881799472823,150.0,0.8029612162476687,threshold-control
50000.0,150.0,0.003,18.809798365920383,150.0,0.8025106708770968,threshold-control
50000.0,150.0,0.003,18.880778737112536,150.0,0.8020593035590013,threshold-control
50000.0,150.0,0.003,18.95175910830469,150.0,0.8016071137462735,threshold-control
50000.0,150.0,0.003,19.0,150.0,0.8012993190519474,threshold-control
50000.0,150.0,0.003,19.022739479496842,150.0,0.8011541008960149,threshold-control
50000.0,150.0,0.003,19.093719850688995,150.0,0.8007002644695578,threshold-control
50000.0,150.0,0.003,19.164700221881144,150.0,0.8002456039324879,threshold-control
50000.0,150.0,0.003,19.235680593073297,150.0,0.7997901187546654,threshold-control
50000.0,150.0,0.003,19.30666096426545,150.0,0.7993338084102471,threshold-control
50000.0,150.0,0.003,19.377641335457604,150.0,0.7988766723777083,threshold-control
50000.0,150.0,0.003,19.448621706649757,150.0,0.7984187101398643,threshold-control
50000.0,150.0,0.003,19.519602077841906,150.0,0.7979599211838926,threshold-control
50000.0,150.0,0.003,19.59058244903406,150.0,0.7975003050013542,threshold-control
50000.0,150.0,0.003,19.661562820226212,150.0,0.7970398610882161,threshold-control
50000.0,150.0,0.003,19.732543191418365,150.0,0.7965785889448729,threshold-control
50000.0,150.0,0.003,19.80352356261052,150.0,0.7961164880761682,threshold-control
50000.0,150.0,0.003,19.87450393380267,150.0,0.7956535579914173,threshold-control
50000.0,150.0,0.003,19.94548430499482,150.0,0.7951897982044285,threshold-control
50000.0,150.0,0.003,20.0,150.0,0.7948330489525345,threshold-control
50000.0,150.0,0.003,20.016464676186974,150.0,0.7947252082335252,threshold-control
50000.0,150.0,0.003,20.087445047379127,150.0,0.7942597876015678,threshold-control
50000.0,150.0,0.003,20.15842541857128,150.0,0.7937935358359759,threshold-control
50000.0,150.0,0.003,20.229405789763433,150.0,0.7933264524687494,threshold-control
50000.0,150.0,0.003,20.300386160955583,150.0,0.7928585370364915,threshold-control
50000.0,150.0,0.003,20.371366532147736,150.0,0.7923897890804298,threshold-control
50000.0,150.0,0.003,20.44234690333989,150.0,0.7919202081464388,threshold-control
50000.0,150.0,0.003,20.513327274532042,150.0,0.7914497937850615,threshold-control
50000.0,150.0,0.003,20.584307645724195,150.0,0.7909785455515317,threshold-control
50000.0,150.0,0.003,20.655288016916344,150.0,0.7905064630057954,threshold-control
50000.0,150.0,0.003,20.726268388108497,150.0,0.7900335457125335,threshold-control
50000.0,150.0,0.003,20.79724875930065,150.0,0.7895597932411831,threshold-control
50000.0,150.0,0.003,20.868229130492804,150.0,0.7890852051659601,threshold-control
50000.0,150.0,0.003,20.939209501684957,150.0,0.7886097810658806,threshold-control
50000.0,150.0,0.003,21.0,150.0,0.7882019434595142,threshold-control
50000.0,150.0,0.003,21.010189872877106,150.0,0.7881335205247834,threshold-control
50000.0,150.0,0.003,21.08117024406926,150.0,0.7876564231313514,threshold-control
50000.0,150.0,0.003,21.152150615261412,150.0,0.7871784884791341,threshold-control
50000.0,150.0,0.003,21.223130986453565,150.0,0.7866997161665695,threshold-control
50000.0,150.0,0.003,21.29411135764572,150.0,0.786220105797006,threshold-control
50000.0,150.0,0.003,21.36509172883787,150.0,0.7857396569787238,threshold-control
50000.0,150.0,0.003,21.43607210003002,150.0,0.7852583693249585,threshold-control
50000.0,150.0,0.003,21.507052471222174,150.0,0.7847762424539211,threshold-control
50000.0,150.0,0.003,21.578032842414327,150.0,0.7842932759888213,threshold-control
50000.0,150.0,0.003,21.64901321360648,150.0,0.7838094695578888,threshold-control
50000.0,150.0,0.003,21.719993584798633,150.0,0.7833248227943963,threshold-control
50000.0,150.0,0.003,21.790973955990783,150.0,0.7828393353366799,threshold-control
50000.0,150.0,0.003,21.861954327182936,150.0,0.7823530068281622,threshold-control
50000.0,150.0,0.003,21.93293469837509,150.0,0.7818658369173742,threshold-control
50000.0,150.0,0.003,22.0,150.0,0.7814047644926096,threshold-control
50000.0,150.0,0.003,22.003915069567242,150.0,0.7813778252579765,threshold-control
50000.0,150.0,0.003,22.074895440759395,150.0,0.7808889715087822,threshold-control
50000.0,150.0,0.003,22.145875811951548,150.0,0.7803992753337783,threshold-control
50000.0,150.0,0.003,22.216856183143697,150.0,0.7799087364021473,threshold-control
50000.0,150.0,0.003,22.28783655433585,150.0,0.77941735438829,threshold-control
50000.0,150.0,0.003,22.358816925528004,150.0,0.7789251289718467,threshold-control
50000.0,150.0,0.003,22.429797296720157,150.0,0.7784320598377197,threshold-control
50000.0,150.0,0.003,22.50077766791231,150.0,0.7779381466760942,threshold-control
50000.0,150.0,0.003,22.57175803910446,150.0,0.7774433891824616,threshold-control
50000.0,150.0,0.003,22.642738410296612,150.0,0.7769477870576398,threshold-control
50000.0,150.0,0.003,22.713718781488765,150.0,0.7764513400077966,threshold-control
50000.0,150.0,0.003,22.78469915268092,150.0,0.7759540477444703,threshold-control
50000.0,150.0,0.003,22.85567952387307,150.0,0.7754559099845921,threshold-control
50000.0,150.0,0.003,22.92665989506522,150.0,0.774956926450508,threshold-control
50000.0,150.0,0.003,22.997640266257374,150.0,0.7744570968700003,threshold-control
50000.0,150.0,0.003,23.0,150.0,0.7744404655628336,threshold-control
50000.0,150.0,0.003,23.068620637449527,150.0,0.7739564209763096,threshold-control
50000.0,150.0,0.003,23.13960100864168,150.0,0.7734548985081565,threshold-control
50000.0,150.0,0.003,23.210581379833833,150.0,0.7729525292097634,threshold-control
50000.0,150.0,0.003,23.281561751025983,150.0,0.7724493128308761,threshold-control
50000.0,150.0,0.003,23.352542122218136,150.0,0.7719452491267857,threshold-control
50000.0,150.0,0.003,23.42352249341029,150.0,0.7714403378583501,threshold-control
50000.0,150.0,0.003,23.494502864602442,150.0,0.7709345787920159,threshold-control
50000.0,150.0,0.003,23.565483235794595,150.0,0.7704279716998399,threshold-control
50000.0,150.0,0.003,23.636463606986748,150.0,0.7699205163595109,threshold-control
50000.0,150.0,0.003,23.707443978178897,150.0,0.7694122125543711,threshold-control
50000.0,150.0,0.003,23.77842434937105,150.0,0.7689030600734378,threshold-control
50000.0,150.0,0.003,23.849404720563204,150.0,0.7683930587114249,threshold-control
50000.0,150.0,0.003,23.920385091755357,150.0,0.7678822082687651,threshold-control
50000.0,150.0,0.003,23.99136546294751,150.0,0.7673705085516298,threshold-control
50000.0,150.0,0.003,24.0,150.0,0.7673082039551459,threshold-control
50000.0,150.0,0.003,24.06234583413966,150.0,0.7668579593719529,threshold-control
50000.0,150.0,0.003,24.133326205331812,150.0,0.7663445605474499,threshold-control
50000.0,150.0,0.003,24.204306576523965,150.0,0.7658303119016414,threshold-control
50000.0,150.0,0.003,24.27528694771612,150.0,0.765315213263873,threshold-control
50000.0,150.0,0.003,24.34626731890827,150.0,0.7647992644693377,threshold-control
50000.0,150.0,0.003,24.417247690100425,150.0,0.7642824653590965,threshold-control
50000.0,150.0,0.003,24.488228061292574,150.0,0.7637648157801005,threshold-control
50000.0,150.0,0.003,24.559208432484727,150.0,0.7632463155852116,threshold-control
50000.0,150.0,0.003,24.63018880367688,150.0,0.7627269646332239,threshold-control
50000.0,150.0,0.003,24.701169174869033,150.0,0.7622067627888854,threshold-control
50000.0,150.0,0.003,24.772149546061186,150.0,0.7616857099229186,threshold-control
50000.0,150.0,0.003,24.843129917253336,150.0,0.7611638059120419,threshold-control
50000.0,150.0,0.003,24.91411028844549,150.0,0.7606410506389911,threshold-control
50000.0,150.0,0.003,24.985090659637642,150.0,0.7601174439925398,threshold-control
50000.0,150.0,0.003,25.0,150.0,0.7600073528488944,threshold-control
50000.0,150.0,0.003,25.056071030829795,150.0,0.7595929858675211,threshold-control
50000.0,150.0,0.003,25.127051402021948,150.0,0.7590676761648487,threshold-control
50000.0,150.0,0.003,25.198031773214097,150.0,0.7585415147915372,threshold-control
50000.0,150.0,0.003,25.26901214440625,150.0,0.7580145016607237,threshold-control
50000.0,150.0,0.003,25.339992515598404,150.0,0.7574866366916886,threshold-control
50000.0,150.0,0.003,25.410972886790557,150.0,0.7569579198098764,threshold-control
50000.0,150.0,0.003,25.48195325798271,150.0,0.7564283509469167,threshold-control
50000.0,150.0,0.003,25.55293362917486,150.0,0.755897930040645,threshold-control
50000.0,150.0,0.003,25.623914000367012,150.0,0.7553666570351231,threshold-control
50000.0,150.0,0.003,25.694894371559165,150.0,0.7548345318806602,threshold-control
50000.0,150.0,0.003,25.76587474275132,150.0,0.7543015545338339,threshold-control
50000.0,150.0,0.003,25.83685511394347,150.0,0.7537677249575102,threshold-control
50000.0,150.0,0.003,25.907835485135625,150.0,0.7532330431208645,threshold-control
50000.0,150.0,0.003,25.978815856327774,150.0,0.7526975089994017,threshold-control
50000.0,150.0,0.003,26.0,150.0,0.7525375133062644,threshold-control
50000.0,150.0,0.003,26.049796227519927,150.0,0.7521611225749778,threshold-control
50000.0,150.0,0.003,26.12077659871208,150.0,0.751623883835819,threshold-control
50000.0,150.0,0.003,26.191756969904233,150.0,0.7510857927765431,threshold-control
50000.0,150.0,0.003,26.262737341096386,150.0,0.7505468493981795,threshold-control
50000.0,150.0,0.003,26.333717712288536,150.0,0.7500070537081895,threshold-control
50000.0,150.0,0.003,26.40469808348069,150.0,0.749466405720487,threshold-control
50000.0,150.0,0.003,26.475678454672842,150.0,0.7489249054554576,threshold-control
50000.0,150.0,0.003,26.546658825864995,150.0,0.7483825529399808,threshold-control
50000.0,150.0,0.003,26.617639197057148,150.0,0.7478393482074477,threshold-control
50000.0,150.0,0.003,26.6886195682493,150.0,0.7472952912977833,threshold-control
50000.0,150.0,0.003,26.75959993944145,150.0,0.7467503822574647,threshold-control
50000.0,150.0,0.003,26.830580310633604,150.0,0.7462046211395426,threshold-control
50000.0,150.0,0.003,26.901560681825757,150.0,0.7456580080036599,threshold-control
50000.0,150.0,0.003,26.97254105301791,150.0,0.7451105429160727,threshold-control
50000.0,150.0,0.003,27.0,150.0,0.7448985260545293,threshold-control
50000.0,150.0,0.003,27.043521424210063,150.0,0.7445622259496691,threshold-control
50000.0,150.0,0.003,27.114501795402212,150.0,0.74401305718399,threshold-control
50000.0,150.0,0.003,27.185482166594365,150.0,0.7434630367052476,threshold-control
50000.0,150.0,0.003,27.25646253778652,150.0,0.7429121646063461,threshold-control
50000.0,150.0,0.003,27.32744290897867,150.0,0.7423604409869009,threshold-control
50000.0,150.0,0.003,27.398423280170825,150.0,0.7418078659532577,threshold-control
50000.0,150.0,0.003,27.469403651362974,150.0,0.7412544396185126,threshold-control
50000.0,150.0,0.003,27.540384022555127,150.0,0.7407001621025309,threshold-control
50000.0,150.0,0.003,27.61136439374728,150.0,0.7401450335319673,threshold-control
50000.0,150.0,0.003,27.682344764939433,150.0,0.7395890540402839,threshold-control
50000.0,150.0,0.003,27.753325136131586,150.0,0.7390322237677707,threshold-control
50000.0,150.0,0.003,27.824305507323736,150.0,0.738474542861564,threshold-control
50000.0,150.0,0.003,27.89528587851589,150.0,0.7379160114756655,threshold-control
50000.0,150.0,0.003,27.966266249708042,150.0,0.7373566297709615,threshold-control
50000.0,150.0,0.003,28.0,150.0,0.7370904829837712,threshold-control
50000.0,150.0,0.003,28.037246620900195,150.0,0.7367963979152419,threshold-control
50000.0,150.0,0.003,28.108226992092348,150.0,0.7362353160832188,threshold-control
50000.0,150.0,0.003,28.1792073632845,150.0,0.7356733844565456,threshold-control
50000.0,150.0,0.003,28.25018773447665,150.0,0.7351106032238356,threshold-control
50000.0,150.0,0.003,28.321168105668804,150.0,0.7345469725806806,threshold-control
50000.0,150.0,0.003,28.392148476860957,150.0,0.7339824927296695,threshold-control
50000.0,150.0,0.003,28.46312884805311,150.0,0.7334171638804072,threshold-control
50000.0,150.0,0.003,28.534109219245263,150.0,0.7328509862495325,threshold-control
50000.0,150.0,0.003,28.605089590437412,150.0,0.7322839600607367,threshold-control
50000.0,150.0,0.003,28.676069961629565,150.0,0.7317160855447821,threshold-control
50000.0,150.0,0.003,28.74705033282172,150.0,0.7311473629395198,threshold-control
50000.0,150.0,0.003,28.81803070401387,150.0,0.7305777924899084,threshold-control
50000.0,150.0,0.003,28.889011075206025,150.0,0.7300073744480317,threshold-control
50000.0,150.0,0.003,28.959991446398178,150.0,0.7294361090731165,threshold-control
50000.0,150.0,0.003,29.0,150.0,0.7291137382780174,threshold-control
50000.0,150.0,0.003,29.030971817590327,150.0,0.7288639966315513,threshold-control
50000.0,150.0,0.003,29.10195218878248,150.0,0.7282910373969034,threshold-control
50000.0,150.0,0.003,29.172932559974633,150.0,0.7277172316499365,threshold-control
50000.0,150.0,0.003,29.243912931166786,150.0,0.7271425796786295,threshold-control
50000.0,150.0,0.003,29.31489330235894,150.0,0.7265670817781931,threshold-control
50000.0,150.0,0.003,29.38587367355109,150.0,0.7259907382510873,threshold-control
50000.0,150.0,0.003,29.456854044743242,150.0,0.7254135494070395,threshold-control
50000.0,150.0,0.003,29.527834415935395,150.0,0.7248355155630615,threshold-control
50000.0,150.0,0.003,29.598814787127548,150.0,0.7242566370434662,threshold-control
50000.0,150.0,0.003,29.6697951583197,150.0,0.723676914179886,threshold-control
50000.0,150.0,0.003,29.74077552951185,150.0,0.7230963473112888,threshold-control
50000.0,150.0,0.003,29.811755900704004,150.0,0.7225149367839958,threshold-control
50000.0,150.0,0.003,29.882736271896157,150.0,0.7219326829516972,threshold-control
50000.0,150.0,0.003,29.95371664308831,150.0,0.721349586175471,threshold-control
50000.0,150.0,0.003,30.0,150.0,0.7209689190944848,threshold-control
50000.0,150.0,0.003,30.024697014280463,150.0,0.7207656468237975,threshold-control
50000.0,150.0,0.003,30.095677385472612,150.0,0.7201808652725779,threshold-control
50000.0,150.0,0.003,30.166657756664765,150.0,0.7195952419051491,threshold-control
50000.0,150.0,0.003,30.23763812785692,150.0,0.7190087771123019,threshold-control
50000.0,150.0,0.003,30.30861849904907,150.0,0.718421471292296,threshold-control
50000.0,150.0,0.003,30.379598870241225,150.0,0.7178333248508773,threshold-control
50000.0,150.0,0.003,30.450579241433378,150.0,0.7172443382012925,threshold-control
50000.0,150.0,0.003,30.521559612625527,150.0,0.7166545117643075,threshold-control
50000.0,150.0,0.003,30.59253998381768,150.0,0.7160638459682211,threshold-control
50000.0,150.0,0.003,30.663520355009833,150.0,0.7154723412488827,threshold-control
50000.0,150.0,0.003,30.734500726201986,150.0,0.7148799980497067,threshold-control
50000.0,150.0,0.003,30.80548109739414,150.0,0.7142868168216894,threshold-control
50000.0,150.0,0.003,30.87646146858629,150.0,0.7136927980234233,threshold-control
50000.0,150.0,0.003,30.947441839778442,150.0,0.7130979421211139,threshold-control
50000.0,150.0,0.003,31.0,150.0,0.7126569357029413,threshold-control
50000.0,150.0,0.003,31.018422210970595,150.0,0.7125022495885938,threshold-control
50000.0,150.0,0.003,31.089402582162748,150.0,0.7119057209073392,threshold-control
50000.0,150.0,0.003,31.1603829533549,150.0,0.7113083565664843,threshold-control
50000.0,150.0,0.003,31.231363324547054,150.0,0.7107101570628367,threshold-control
50000.0,150.0,0.003,31.302343695739204,150.0,0.7101111229008923,threshold-control
50000.0,150.0,0.003,31.373324066931357,150.0,0.7095112545928498,threshold-control
50000.0,150.0,0.003,31.44430443812351,150.0,0.7089105526586261,threshold-control
50000.0,150.0,0.003,31.515284809315663,150.0,0.7083090176258707,threshold-control
50000.0,150.0,0.003,31.586265180507816,150.0,0.7077066500299801,threshold-control
50000.0,150.0,0.003,31.657245551699965,150.0,0.7071034504141124,threshold-control
50000.0,150.0,0.003,31.72822592289212,150.0,0.7064994193292011,threshold-control
50000.0,150.0,0.003,31.79920629408427,150.0,0.7058945573339706,threshold-control
50000.0,150.0,0.003,31.870186665276425,150.0,0.7052888649949487,threshold-control
50000.0,150.0,0.003,31.941167036468578,150.0,0.7046823428864818,threshold-control
50000.0,150.0,0.003,32.0,150.0,0.7041789909951364,threshold-control
50000.0,150.0,0.003,32.01214740766073,150.0,0.7040749915907483,threshold-control
50000.0,150.0,0.003,32.083127778852884,150.0,0.7034668116977719,threshold-control
50000.0,150.0,0.003,32.15410815004503,150.0,0.7028578038054366,threshold-control
50000.0,150.0,0.003,32.22508852123718,150.0,0.7022479685194987,threshold-control
50000.0,150.0,0.003,32.29606889242934,150.0,0.701637306453601,threshold-control
50000.0,150.0,0.003,32.36704926362149,150.0,0.7010258182292862,threshold-control
50000.0,150.0,0.003,32.438029634813645,150.0,0.7004135044760097,threshold-control
50000.0,150.0,0.003,32.509010006005795,150.0,0.6998003658311529,threshold-control
50000.0,150.0,0.003,32.579990377197944,150.0,0.6991864029400359,threshold-control
50000.0,150.0,0.003,32.6509707483901,150.0,0.6985716164559306,threshold-control
50000.0,150.0,0.003,32.72195111958225,150.0,0.6979560070400734,threshold-control
50000.0,150.0,0.003,32.79293149077441,150.0,0.6973395753616772,threshold-control
50000.0,150.0,0.003,32.86391186196656,150.0,0.6967223220979448,threshold-control
50000.0,150.0,0.003,32.934892233158706,150.0,0.6961042479340805,threshold-control
50000.0,150.0,0.003,33.0,150.0,0.6955365892729375,threshold-control
50000.0,150.0,0.003,33.00587260435086,150.0,0.6954853535633024,threshold-control
50000.0,150.0,0.003,33.07685297554301,150.0,0.6948656396868549,threshold-control
50000.0,150.0,0.003,33.14783334673517,150.0,0.69424510701402,threshold-control
50000.0,150.0,0.003,33.21881371792732,150.0,0.6936237562621297,threshold-control
50000.0,150.0,0.003,33.289794089119475,150.0,0.6930015881565773,threshold-control
50000.0,150.0,0.003,33.360774460311625,150.0,0.6923786034308295,threshold-control
50000.0,150.0,0.003,33.431754831503774,150.0,0.6917548028264369,threshold-control
50000.0,150.0,0.003,33.50273520269593,150.0,0.691130187093046,threshold-control
50000.0,150.0,0.003,33.57371557388808,150.0,0.6905047569884109,threshold-control
50000.0,150.0,0.003,33.64469594508024,150.0,0.6898785132784027,threshold-control
50000.0,150.0,0.003,33.715676316272386,150.0,0.689251456737022,threshold-control
50000.0,150.0,0.003,33.786656687464536,150.0,0.6886235881464089,threshold-control
50000.0,150.0,0.003,33.85763705865669,150.0,0.6879949082968537,threshold-control
50000.0,150.0,0.003,33.92861742984884,150.0,0.6873654179868078,threshold-control
50000.0,150.0,0.003,33.999597801041,150.0,0.6867351180228933,threshold-control
50000.0,150.0,0.003,34.0,150.0,0.6867315442232813,threshold-control
50000.0,150.0,0.003,34.07057817223315,150.0,0.6861040092199141,threshold-control
50000.0,150.0,0.003,34.1415585434253,150.0,0.6854720924008654,threshold-control
50000.0,150.0,0.003,34.212538914617454,150.0,0.6848393683969437,threshold-control
50000.0,150.0,0.003,34.283519285809604,150.0,0.6842058380475573,threshold-control
50000.0,150.0,0.003,34.35449965700176,150.0,0.6835715022003347,threshold-control
50000.0,150.0,0.003,34.42548002819391,150.0,0.6829363617111355,threshold-control
50000.0,150.0,0.003,34.49646039938606,150.0,0.6823004174440588,threshold-control
50000.0,150.0,0.003,34.567440770578216,150.0,0.6816636702714527,threshold-control
50000.0,150.0,0.003,34.638421141770365,150.0,0.6810261210739239,threshold-control
50000.0,150.0,0.003,34.70940151296252,150.0,0.6803877707403461,threshold-control
50000.0,150.0,0.003,34.78038188415467,150.0,0.6797486201678687,threshold-control
50000.0,150.0,0.003,34.85136225534682,150.0,0.6791086702619263,threshold-control
50000.0,150.0,0.003,34.92234262653898,150.0,0.6784679219362463,threshold-control
50000.0,150.0,0.003,34.99332299773113,150.0,0.6778263761128578,threshold-control
50000.0,150.0,0.003,35.0,150.0,0.6777659859884043,threshold-control
50000.0,150.0,0.003,35.064303368923284,150.0,0.6771840337220993,threshold-control
50000.0,150.0,0.003,35.13528374011543,150.0,0.6765408957026281,threshold-control
50000.0,150.0,0.003,35.20626411130759,150.0,0.6758969630014264,threshold-control
50000.0,150.0,0.003,35.27724448249974,150.0,0.6752522365738104,threshold-control
50000.0,150.0,0.003,35.34822485369189,150.0,0.6746067173834374,threshold-control
50000.0,150.0,0.003,35.419205224884045,150.0,0.6739604064023134,threshold-control
50000.0,150.0,0.003,35.490185596076195,150.0,0.6733133046108005,threshold-control
50000.0,150.0,0.003,35.56116596726835,150.0,0.672665412997624,threshold-control
50000.0,150.0,0.003,35.6321463384605,150.0,0.6720167325598794,threshold-control
50000.0,150.0,0.003,35.70312670965265,150.0,0.6713672643030391,threshold-control
50000.0,150.0,0.003,35.77410708084481,150.0,0.6707170092409594,threshold-control
50000.0,150.0,0.003,35.84508745203696,150.0,0.6700659683958874,threshold-control
50000.0,150.0,0.003,35.91606782322911,150.0,0.6694141427984662,threshold-control
50000.0,150.0,0.003,35.98704819442126,150.0,0.6687615334877424,threshold-control
50000.0,150.0,0.003,36.0,150.0,0.6686423672411139,threshold-control
50000.0,150.0,0.003,36.05802856561341,150.0,0.6681081415111714,threshold-control
50000.0,150.0,0.003,36.12900893680557,150.0,0.6674539679246236,threshold-control
50000.0,150.0,0.003,36.19998930799772,150.0,0.6667990137923905,threshold-control
50000.0,150.0,0.003,36.270969679189875,150.0,0.6661432801871894,threshold-control
50000.0,150.0,0.003,36.341950050382025,150.0,0.6654867681901698,threshold-control
50000.0,150.0,0.003,36.412930421574174,150.0,0.6648294788909184,threshold-control
50000.0,150.0,0.003,36.48391079276633,150.0,0.6641714133874637,threshold-control
50000.0,150.0,0.003,36.55489116395848,150.0,0.6635125727862813,threshold-control
50000.0,150.0,0.003,36.62587153515064,150.0,0.6628529582022992,threshold-control
50000.0,150.0,0.003,36.696851906342786,150.0,0.6621925707589016,threshold-control
50000.0,150.0,0.003,36.767832277534936,150.0,0.661531411587934,threshold-control
50000.0,150.0,0.003,36.83881264872709,150.0,0.6608694818297071,threshold-control
50000.0,150.0,0.003,36.90979301991924,150.0,0.6602067826330009,threshold-control
50000.0,150.0,0.003,36.9807733911114,150.0,0.6595433151550688,threshold-control
50000.0,150.0,0.003,37.0,150.0,0.6593634681771561,threshold-control
50000.0,150.0,0.003,37.05175376230355,150.0,0.6588790805616418,threshold-control
50000.0,150.0,0.003,37.1227341334957,150.0,0.6582140800269314,threshold-control
50000.0,150.0,0.003,37.193714504687854,150.0,0.6575483147336334,threshold-control
50000.0,150.0,0.003,37.264694875880004,150.0,0.6568817858729314,threshold-control
50000.0,150.0,0.003,37.33567524707216,150.0,0.6562144946444994,threshold-control
50000.0,150.0,0.003,37.40665561826431,150.0,0.6555464422565054,threshold-control
50000.0,150.0,0.003,37.47763598945646,150.0,0.6548776299256133,threshold-control
50000.0,150.0,0.003,37.548616360648616,150.0,0.6542080588769864,threshold-control
50000.0,150.0,0.003,37.619596731840765,150.0,0.6535377303442893,threshold-control
50000.0,150.0,0.003,37.69057710303292,150.0,0.6528666455696905,threshold-control
50000.0,150.0,0.003,37.76155747422507,150.0,0.652194805803864,threshold-control
50000.0,150.0,0.003,37.83253784541723,150.0,0.6515222123059915,threshold-control
50000.0,150.0,0.003,37.90351821660938,150.0,0.6508488663437644,threshold-control
50000.0,150.0,0.003,37.97449858780153,150.0,0.6501747691933846,threshold-control
50000.0,150.0,0.003,38.0,150.0,0.6499324003400793,threshold-control
50000.0,150.0,0.003,38.045478958993684,150.0,0.6494999221395668,threshold-control
50000.0,150.0,0.003,38.11645933018583,150.0,0.6488243264755389,threshold-control
50000.0,150.0,0.003,38.18743970137799,150.0,0.6481479835030435,threshold-control
50000.0,150.0,0.003,38.25842007257014,150.0,0.6474708945323387,threshold-control
50000.0,150.0,0.003,38.32940044376229,150.0,0.6467930608821986,threshold-control
50000.0,150.0,0.003,38.400380814954445,150.0,0.6461144838799135,threshold-control
50000.0,150.0,0.003,38.471361186146595,150.0,0.6454351648612915,threshold-control
50000.0,150.0,0.003,38.54234155733875,150.0,0.6447551051706564,threshold-control
50000.0,150.0,0.003,38.6133219285309,150.0,0.6440743061608498,threshold-control
50000.0,150.0,0.003,38.68430229972305,150.0,0.6433927691932301,threshold-control
50000.0,150.0,0.003,38.75528267091521,150.0,0.642710495637671,threshold-control
50000.0,150.0,0.003,38.82626304210736,150.0,0.6420274868725632,threshold-control
50000.0,150.0,0.003,38.89724341329951,150.0,0.6413437442848111,threshold-control
50000.0,150.0,0.003,38.96822378449166,150.0,0.6406592692698336,threshold-control
50000.0,150.0,0.003,39.0,150.0,0.6403526091984237,threshold-control
50000.0,150.0,0.003,39.03920415568381,150.0,0.6399740632315624,threshold-control
50000.0,150.0,0.003,39.11018452687597,150.0,0.63928812758244,threshold-control
50000.0,150.0,0.003,39.18116489806812,150.0,0.6386014637434196,threshold-control
50000.0,150.0,0.003,39.252145269260275,150.0,0.6379140731439621,threshold-control
50000.0,150.0,0.003,39.323125640452425,150.0,0.6372259572220346,threshold-control
50000.0,150.0,0.003,39.394106011644574,150.0,0.6365371174241086,threshold-control
50000.0,150.0,0.003,39.46508638283673,150.0,0.6358475552051572,threshold-control
50000.0,150.0,0.003,39.53606675402888,150.0,0.6351572720286536,threshold-control
50000.0,150.0,0.003,39.60704712522104,150.0,0.6344662693665668,threshold-control
50000.0,150.0,0.003,39.678027496413186,150.0,0.6337745486993607,threshold-control
50000.0,150.0,0.003,39.74900786760534,150.0,0.6330821115159895,threshold-control
50000.0,150.0,0.003,39.81998823879749,150.0,0.6323889593138954,threshold-control
50000.0,150.0,0.003,39.89096860998964,150.0,0.6316950935990048,threshold-control
50000.0,150.0,0.003,39.9619489811818,150.0,0.6310005158857246,threshold-control
50000.0,150.0,0.003,40.0,150.0,0.6306278754005953,threshold-control
50000.0,150.0,0.003,40.03292935237395,150.0,0.6303052276969392,threshold-control
50000.0,150.0,0.003,40.103909723566105,150.0,0.6296092305640051,threshold-control
50000.0,150.0,0.003,40.174890094758254,150.0,0.6289125260267484,threshold-control
50000.0,150.0,0.003,40.245870465950404,150.0,0.6282151156334586,threshold-control
50000.0,150.0,0.003,40.31685083714256,150.0,0.6275170009408859,threshold-control
50000.0,150.0,0.003,40.38783120833471,150.0,0.6268181835142351,threshold-control
50000.0,150.0,0.003,40.458811579526866,150.0,0.6261186649271612,threshold-control
50000.0,150.0,0.003,40.529791950719016,150.0,0.6254184467617641,threshold-control
50000.0,150.0,0.003,40.600772321911165,150.0,0.6247175306085835,threshold-control
50000.0,150.0,0.003,40.67175269310332,150.0,0.624015918066593,threshold-control
50000.0,150.0,0.003,40.74273306429547,150.0,0.6233136107431947,threshold-control
50000.0,150.0,0.003,40.81371343548763,150.0,0.6226106102542128,threshold-control
50000.0,150.0,0.003,40.88469380667978,150.0,0.6219069182238888,threshold-control
50000.0,150.0,0.003,40.95567417787193,150.0,0.6212025362848729,threshold-control
50000.0,150.0,0.003,41.0,150.0,0.6207623146394228,threshold-control
50000.0,150.0,0.003,41.026654549064084,150.0,0.6204974660782195,threshold-control
50000.0,150.0,0.003,41.09763492025623,150.0,0.61979170925338,threshold-control
50000.0,150.0,0.003,41.16861529144839,150.0,0.619085267468195,threshold-control
50000.0,150.0,0.003,41.23959566264054,150.0,0.6183781423888888,threshold-control
50000.0,150.0,0.003,41.31057603383269,150.0,0.6176703356900599,threshold-control
50000.0,150.0,0.003,41.381556405024845,150.0,0.6169618490546758,threshold-control
50000.0,150.0,0.003,41.452536776216995,150.0,0.616252684174064,threshold-control
50000.0,150.0,0.003,41.52351714740915,150.0,0.6155428427479042,threshold-control
50000.0,150.0,0.003,41.5944975186013,150.0,0.6148323264842204,threshold-control
50000.0,150.0,0.003,41.66547788979345,150.0,0.6141211370993728,threshold-control
50000.0,150.0,0.003,41.73645826098561,150.0,0.6134092763180485,threshold-control
50000.0,150.0,0.003,41.80743863217776,150.0,0.6126967458732542,threshold-control
50000.0,150.0,0.003,41.87841900336991,150.0,0.6119835475063056,threshold-control
50000.0,150.0,0.003,41.94939937456206,150.0,0.6112696829668196,threshold-control
50000.0,150.0,0.003,42.0,150.0,0.61076037606614,threshold-control
50000.0,150.0,0.003,42.02037974575421,150.0,0.6105551540127047,threshold-control
50000.0,150.0,0.003,42.09136011694637,150.0,0.6098399624101509,threshold-control
50000.0,150.0,0.003,42.16234048813852,150.0,0.6091241099336208,threshold-control
50000.0,150.0,0.003,42.233320859330675,150.0,0.6084075983658392,threshold-control
50000.0,150.0,0.003,42.304301230522825,150.0,0.6076904294977833,threshold-control
50000.0,150.0,0.003,42.37528160171498,150.0,0.6069726051286719,threshold-control
50000.0,150.0,0.003,42.44626197290713,150.0,0.6062541270659555,threshold-control
50000.0,150.0,0.003,42.51724234409928,150.0,0.605534997125305,threshold-control
50000.0,150.0,0.003,42.58822271529144,150.0,0.6048152171306015,threshold-control
50000.0,150.0,0.003,42.659203086483586,150.0,0.6040947889139242,threshold-control
50000.0,150.0,0.003,42.73018345767574,150.0,0.60337371431554,threshold-control
50000.0,150.0,0.003,42.80116382886789,150.0,0.6026519951838917,threshold-control
50000.0,150.0,0.003,42.87214420006004,150.0,0.6019296333755857,threshold-control
50000.0,150.0,0.003,42.9431245712522,150.0,0.6012066307553807,threshold-control
50000.0,150.0,0.003,43.0,150.0,0.6006268392023366,threshold-control
50000.0,150.0,0.003,43.01410494244435,150.0,0.6004829891961756,threshold-control
50000.0,150.0,0.003,43.085085313636505,150.0,0.5997587105789968,threshold-control
50000.0,150.0,0.003,43.156065684828654,150.0,0.5990337967929856,threshold-control
50000.0,150.0,0.003,43.227046056020804,150.0,0.598308249735386,threshold-control
50000.0,150.0,0.003,43.29802642721296,150.0,0.5975820713115311,threshold-control
50000.0,150.0,0.003,43.36900679840511,150.0,0.5968552634348304,threshold-control
50000.0,150.0,0.003,43.439987169597266,150.0,0.5961278280267559,threshold-control
50000.0,150.0,0.003,43.510967540789416,150.0,0.5953997670168294,threshold-control
50000.0,150.0,0.003,43.581947911981565,150.0,0.5946710823426078,threshold-control
50000.0,150.0,0.003,43.65292828317372,150.0,0.5939417759496695,threshold-control
50000.0,150.0,0.003,43.72390865436587,150.0,0.5932118497916008,threshold-control
50000.0,150.0,0.003,43.79488902555803,150.0,0.5924813058299803,threshold-control
50000.0,150.0,0.003,43.86586939675018,150.0,0.5917501460343653,threshold-control
50000.0,150.0,0.003,43.93684976794233,150.0,0.5910183723822764,threshold-control
50000.0,150.0,0.003,44.0,150.0,0.5903668093082466,threshold-control
50000.0,150.0,0.003,44.007830139134484,150.0,0.590285986859183,threshold-control
50000.0,150.0,0.003,44.07881051032663,150.0,0.5895529914584878,threshold-control
50000.0,150.0,0.003,44.14979088151879,150.0,0.5888193881815115,threshold-control
50000.0,150.0,0.003,44.22077125271094,150.0,0.5880851790374768,threshold-control
50000.0,150.0,0.003,44.291751623903096,150.0,0.587350366043493,threshold-control
50000.0,150.0,0.003,44.362731995095245,150.0,0.5866149512245402,threshold-control
50000.0,150.0,0.003,44.433712366287395,150.0,0.585878936613452,threshold-control
50000.0,150.0,0.003,44.50469273747955,150.0,0.5851423242509006,threshold-control
50000.0,150.0,0.003,44.5756731086717,150.0,0.5844051161853789,threshold-control
50000.0,150.0,0.003,44.64665347986386,150.0,0.5836673144731837,threshold-control
50000.0,150.0,0.003,44.71763385105601,150.0,0.5829289211783998,threshold-control
50000.0,150.0,0.003,44.78861422224816,150.0,0.5821899383728815,threshold-control
50000.0,150.0,0.003,44.85959459344031,150.0,0.5814503681362356,threshold-control
50000.0,150.0,0.003,44.93057496463246,150.0,0.5807102125558039,threshold-control
50000.0,150.0,0.003,45.0,150.0,0.5799857111765163,threshold-control
50000.0,150.0,0.003,45.00155533582462,150.0,0.5799694737266449,threshold-control
50000.0,150.0,0.003,45.07253570701677,150.0,0.5792281537515162,threshold-control
50000.0,150.0,0.003,45.14351607820892,150.0,0.578486254740856,threshold-control
50000.0,150.0,0.003,45.214496449401075,150.0,0.5777437788127645,threshold-control
50000.0,150.0,0.003,45.285476820593225,150.0,0.5770007280929852,threshold-control
50000.0,150.0,0.003,45.35645719178538,150.0,0.5762571047148861,threshold-control
50000.0,150.0,0.003,45.42743756297753,150.0,0.575512910819441,threshold-control
50000.0,150.0,0.003,45.49841793416968,150.0,0.5747681485552094,threshold-control
50000.0,150.0,0.003,45.56939830536184,150.0,0.5740228200783177,threshold-control
50000.0,150.0,0.003,45.640378676553986,150.0,0.5732769275524389,threshold-control
50000.0,150.0,0.003,45.71135904774614,150.0,0.5725304731487729,threshold-control
50000.0,150.0,0.003,45.78233941893829,150.0,0.571783459046027,threshold-control
50000.0,150.0,0.003,45.85331979013044,150.0,0.5710358874303947,threshold-control
50000.0,150.0,0.003,45.9243001613226,150.0,0.5702877604955352,threshold-control
50000.0,150.0,0.003,45.99528053251475,150.0,0.5695390804425533,threshold-control
50000.0,150.0,0.003,46.0,150.0,0.5694892813322264,threshold-control
50000.0,150.0,0.003,46.066260903706905,150.0,0.5687898494799783,threshold-control
50000.0,150.0,0.003,46.137241274899054,150.0,0.5680400698237426,threshold-control
50000.0,150.0,0.003,46.208221646091204,150.0,0.5672897436971605,threshold-control
50000.0,150.0,0.003,46.27920201728336,150.0,0.5665388733309065,threshold-control
50000.0,150.0,0.003,46.35018238847551,150.0,0.5657874609629938,threshold-control
50000.0,150.0,0.003,46.421162759667666,150.0,0.5650355088387522,threshold-control
50000.0,150.0,0.003,46.492143130859816,150.0,0.5642830192108068,threshold-control
50000.0,150.0,0.003,46.563123502051965,150.0,0.5635299943390537,threshold-control
50000.0,150.0,0.003,46.63410387324412,150.0,0.5627764364906397,threshold-control
50000.0,150.0,0.003,46.70508424443627,150.0,0.5620223479399379,threshold-control
50000.0,150.0,0.003,46.77606461562843,150.0,0.5612677309685254,threshold-control
50000.0,150.0,0.003,46.84704498682058,150.0,0.5605125878651611,threshold-control
50000.0,150.0,0.003,46.918025358012734,150.0,0.5597569209257602,threshold-control
50000.0,150.0,0.003,46.989005729204884,150.0,0.5590007324533726,threshold-control
50000.0,150.0,0.003,47.0,150.0,0.5588835586323251,threshold-control
50000.0,150.0,0.003,47.05998610039703,150.0,0.558244024758158,threshold-control
50000.0,150.0,0.003,47.13096647158919,150.0,0.557486800157363,threshold-control
50000.0,150.0,0.003,47.20194684278134,150.0,0.5567290609752962,threshold-control
50000.0,150.0,0.003,47.272927213973496,150.0,0.5559708095433039,threshold-control
50000.0,150.0,0.003,47.343907585165645,150.0,0.5552120481997459,threshold-control
50000.0,150.0,0.003,47.414887956357795,150.0,0.5544527792899705,threshold-control
50000.0,150.0,0.003,47.48586832754995,150.0,0.5536930051662898,threshold-control
50000.0,150.0,0.003,47.5568486987421,150.0,0.5529327281879548,threshold-control
50000.0,150.0,0.003,47.62782906993426,150.0,0.5521719507211291,threshold-control
50000.0,150.0,0.003,47.69880944112641,150.0,0.5514106751388652,threshold-control
50000.0,150.0,0.003,47.76978981231856,150.0,0.5506489038210765,threshold-control
50000.0,150.0,0.003,47.84077018351071,150.0,0.5498866391545131,threshold-control
50000.0,150.0,0.003,47.91175055470286,150.0,0.5491238835327359,threshold-control
50000.0,150.0,0.003,47.98273092589502,150.0,0.5483606393560887,threshold-control
50000.0,150.0,0.003,48.0,150.0,0.548174873270639,threshold-control
50000.0,150.0,0.003,48.05371129708717,150.0,0.5475969090316732,threshold-control
50000.0,150.0,0.003,48.12469166827932,150.0,0.5468326949733218,threshold-control
50000.0,150.0,0.003,48.195672039471475,150.0,0.5460679996015702,threshold-control
50000.0,150.0,0.003,48.266652410663625,150.0,0.5453028253436321,threshold-control
50000.0,150.0,0.003,48.33763278185578,150.0,0.5445371746333698,threshold-control
50000.0,150.0,0.003,48.40861315304793,150.0,0.5437710499112682,threshold-control
50000.0,150.0,0.003,48.47959352424008,150.0,0.5430044536244067,threshold-control
50000.0,150.0,0.003,48.55057389543224,150.0,0.5422373882264313,threshold-control
50000.0,150.0,0.003,48.621554266624386,150.0,0.5414698561775273,threshold-control
50000.0,150.0,0.003,48.69253463781654,150.0,0.54070185994439,threshold-control
50000.0,150.0,0.003,48.76351500900869,150.0,0.5399334020001973,threshold-control
50000.0,150.0,0.003,48.83449538020085,150.0,0.5391644848245803,threshold-control
50000.0,150.0,0.003,48.905475751393,150.0,0.5383951109035958,threshold-control
50000.0,150.0,0.003,48.97645612258515,150.0,0.5376252827296961,threshold-control
50000.0,150.0,0.003,49.0,150.0,0.5373698342081175,threshold-control
50000.0,150.0,0.003,49.047436493777305,150.0,0.5368550028017006,threshold-control
50000.0,150.0,0.003,49.118416864969454,150.0,0.536084273624766,threshold-control
50000.0,150.0,0.003,49.18939723616161,150.0,0.5353130977103571,threshold-control
50000.0,150.0,0.003,49.26037760735376,150.0,0.5345414775762181,threshold-control
50000.0,150.0,0.003,49.33135797854591,150.0,0.5337694157463406,threshold-control
50000.0,150.0,0.003,49.402338349738066,150.0,0.5329969147509359,threshold-control
50000.0,150.0,0.003,49.473318720930216,150.0,0.5322239771264026,threshold-control
50000.0,150.0,0.003,49.54429909212237,150.0,0.5314506054152976,threshold-control
50000.0,150.0,0.003,49.61527946331452,150.0,0.5306768021663064,threshold-control
50000.0,150.0,0.003,49.68625983450667,150.0,0.5299025699342097,threshold-control
50000.0,150.0,0.003,49.75724020569883,150.0,0.5291279112798544,threshold-control
50000.0,150.0,0.003,49.82822057689098,150.0,0.5283528287701226,threshold-control
50000.0,150.0,0.003,49.899200948083134,150.0,0.5275773249778989,threshold-control
50000.0,150.0,0.003,49.970181319275284,150.0,0.5268014024820405,threshold-control
50000.0,150.0,0.003,50.0,150.0,0.5264753150617782,threshold-control
50000.0,150.0,0.003,50.04116169046743,150.0,0.5260250638673452,threshold-control
50000.0,150.0,0.003,50.11214206165959,150.0,0.5252483117245179,threshold-control
50000.0,150.0,0.003,50.18312243285174,150.0,0.5244711486501414,threshold-control
50000.0,150.0,0.003,50.254102804043896,150.0,0.523693577246642,threshold-control
50000.0,150.0,0.003,50.325083175236045,150.0,0.5229156001222586,threshold-control
50000.0,150.0,0.003,50.396063546428195,150.0,0.522137219891009,threshold-control
50000.0,150.0,0.003,50.46704391762035,150.0,0.5213584391726584,threshold-control
50000.0,150.0,0.003,50.5380242888125,150.0,0.5205792605926858,threshold-control
50000.0,150.0,0.003,50.60900466000466,150.0,0.5197996867822505,threshold-control
50000.0,150.0,0.003,50.67998503119681,150.0,0.5190197203781612,threshold-control
50000.0,150.0,0.003,50.75096540238896,150.0,0.5182393640228395,threshold-control
50000.0,150.0,0.003,50.82194577358111,150.0,0.5174586203642885,threshold-control
50000.0,150.0,0.003,50.89292614477326,150.0,0.5166774920560587,threshold-control
50000.0,150.0,0.003,50.96390651596542,150.0,0.5158959817572136,threshold-control
50000.0,150.0,0.003,51.0,150.0,0.5154984384997803,threshold-control
50000.0,150.0,0.003,51.03488688715757,150.0,0.5151140921322968,threshold-control
50000.0,150.0,0.003,51.10586725834972,150.0,0.5143318258512962,threshold-control
50000.0,150.0,0.003,51.176847629541875,150.0,0.5135491855896115,threshold-control
50000.0,150.0,0.003,51.247828000734025,150.0,0.5127661740280176,threshold-control
50000.0,150.0,0.003,51.31880837192618,150.0,0.5119827938526322,threshold-control
50000.0,150.0,0.003,51.38978874311833,150.0,0.5111990477548796,threshold-control
50000.0,150.0,0.003,51.46076911431049,150.0,0.5104149384314554,threshold-control
50000.0,150.0,0.003,51.53174948550264,150.0,0.5096304685842927,threshold-control
50000.0,150.0,0.003,51.602729856694786,150.0,0.5088456409205253,threshold-control
50000.0,150.0,0.003,51.67371022788694,150.0,0.5080604581524537,threshold-control
50000.0,150.0,0.003,51.74469059907909,150.0,0.5072749229975084,threshold-control
50000.0,150.0,0.003,51.81567097027125,150.0,0.5064890381782146,threshold-control
50000.0,150.0,0.003,51.8866513414634,150.0,0.5057028064221559,threshold-control
50000.0,150.0,0.003,51.95763171265555,150.0,0.5049162304619388,threshold-control
50000.0,150.0,0.003,52.0,150.0,0.5044465592039822,threshold-control
50000.0,150.0,0.003,52.028612083847705,150.0,0.5041293130351561,threshold-control
50000.0,150.0,0.003,52.099592455039854,150.0,0.5033420568843505,threshold-control
50000.0,150.0,0.003,52.17057282623201,150.0,0.5025544647569782,threshold-control
50000.0,150.0,0.003,52.24155319742416,150.0,0.5017665394053723,threshold-control
50000.0,150.0,0.003,52.31253356861631,150.0,0.5009782835867056,threshold-control
50000.0,150.0,0.003,52.383513939808466,150.0,0.5001897000629537,threshold-control
50000.0,150.0,0.003,52.454494311000616,150.0,0.4994007916008588,threshold-control
50000.0,150.0,0.003,52.52547468219277,150.0,0.49861156097189085,threshold-control
50000.0,150.0,0.003,52.59645505338492,150.0,0.4978220109522117,threshold-control
50000.0,150.0,0.003,52.66743542457707,150.0,0.49703214432263587,threshold-control
50000.0,150.0,0.003,52.73841579576923,150.0,0.4962419638685944,threshold-control
50000.0,150.0,0.003,52.80939616696138,150.0,0.4954514723800968,threshold-control
50000.0,150.0,0.003,52.880376538153534,150.0,0.4946606726516919,threshold-control
50000.0,150.0,0.003,52.951356909345684,150.0,0.4938695674824306,threshold-control
50000.0,150.0,0.003,53.0,150.0,0.4933272454750425,threshold-control
50000.0,150.0,0.003,53.02233728053783,150.0,0.4930781596758279,threshold-control
50000.0,150.0,0.003,53.09331765172999,150.0,0.4922864520398238,threshold-control
50000.0,150.0,0.003,53.16429802292214,150.0,0.4914944473867453,threshold-control
50000.0,150.0,0.003,53.235278394114296,150.0,0.49070214853326755,threshold-control
50000.0,150.0,0.003,53.306258765306445,150.0,0.4899095583003745,threshold-control
50000.0,150.0,0.003,53.3772391364986,150.0,0.48911667951332105,threshold-control
50000.0,150.0,0.003,53.44821950769075,150.0,0.48832351500159343,threshold-control
50000.0,150.0,0.003,53.5191998788829,150.0,0.48753006759886974,threshold-control
50000.0,150.0,0.003,53.59018025007506,150.0,0.48673634014298095,threshold-control
50000.0,150.0,0.003,53.66116062126721,150.0,0.4859423354758712,threshold-control
50000.0,150.0,0.003,53.732140992459364,150.0,0.48514805644355874,threshold-control
50000.0,150.0,0.003,53.80312136365151,150.0,0.48435350589609594,threshold-control
50000.0,150.0,0.003,53.87410173484366,150.0,0.4835586866875291,threshold-control
50000.0,150.0,0.003,53.94508210603582,150.0,0.48276360167585897,threshold-control
50000.0,150.0,0.003,54.0,150.0,0.48214825956841445,threshold-control
50000.0,150.0,0.003,54.01606247722797,150.0,0.48196825372300045,threshold-control
50000.0,150.0,0.003,54.087042848420126,150.0,0.48117264569474216,threshold-control
50000.0,150.0,0.003,54.158023219612275,150.0,0.4803767804607074,threshold-control
50000.0,150.0,0.003,54.229003590804425,150.0,0.4795806608943116,threshold-control
50000.0,150.0,0.003,54.29998396199658,150.0,0.4787842898727235,threshold-control
50000.0,150.0,0.003,54.37096433318873,150.0,0.47798767027682354,threshold-control
50000.0,150.0,0.003,54.44194470438089,150.0,0.4771908049911636,threshold-control
50000.0,150.0,0.003,54.51292507557304,150.0,0.4763936969039262,threshold-control
50000.0,150.0,0.003,54.583905446765186,150.0,0.4755963489068825,threshold-control
50000.0,150.0,0.003,54.65488581795734,150.0,0.47479876389535225,threshold-control
50000.0,150.0,0.003,54.72586618914949,150.0,0.47400094476816224,threshold-control
50000.0,150.0,0.003,54.79684656034165,150.0,0.47320289442760444,threshold-control
50000.0,150.0,0.003,54.8678269315338,150.0,0.47240461577939563,threshold-control
50000.0,150.0,0.003,54.93880730272595,150.0,0.47160611173263467,threshold-control
50000.0,150.0,0.003,55.0,150.0,0.4709175368622667,threshold-control
50000.0,150.0,0.003,55.009787673918105,150.0,0.4708073851997614,threshold-control
50000.0,150.0,0.003,55.080768045110254,150.0,0.4700084390965148,threshold-control
50000.0,150.0,0.003,55.15174841630241,150.0,0.46920927634189125,threshold-control
50000.0,150.0,0.003,55.22272878749456,150.0,0.46840989985810244,threshold-control
50000.0,150.0,0.003,55.29370915868671,150.0,0.4676103125705333,threshold-control
50000.0,150.0,0.003,55.364689529878866,150.0,0.4668105174076994,threshold-control
50000.0,150.0,0.003,55.435669901071016,150.0,0.46601051730120535,threshold-control
50000.0,150.0,0.003,55.50665027226317,150.0,0.4652103151857022,threshold-control
50000.0,150.0,0.003,55.57763064345532,150.0,0.4644099139988448,threshold-control
50000.0,150.0,0.003,55.64861101464747,150.0,0.4636093166812494,threshold-control
50000.0,150.0,0.003,55.71959138583963,150.0,0.46280852617645063,threshold-control
50000.0,150.0,0.003,55.79057175703178,150.0,0.46200754543085953,threshold-control
50000.0,150.0,0.003,55.861552128223934,150.0,0.4612063773937197,threshold-control
50000.0,150.0,0.003,55.932532499416084,150.0,0.4604050250170655,threshold-control
50000.0,150.0,0.003,56.0,150.0,0.4596431639702381,threshold-control
50000.0,150.0,0.003,56.00351287060824,150.0,0.4596034912556779,threshold-control
50000.0,150.0,0.003,56.07449324180039,150.0,0.4588017790670422,threshold-control
50000.0,150.0,0.003,56.14547361299254,150.0,0.45799989141130426,threshold-control
50000.0,150.0,0.003,56.216453984184696,150.0,0.4571978312512276,threshold-control
50000.0,150.0,0.003,56.287434355376845,150.0,0.45639560155215053,threshold-control
50000.0,150.0,0.003,56.358414726569,150.0,0.45559320528194114,threshold-control
50000.0,150.0,0.003,56.42939509776115,150.0,0.4547906454109555,threshold-control
50000.0,150.0,0.003,56.5003754689533,150.0,0.4539879249119928,threshold-control
50000.0,150.0,0.003,56.57135584014546,150.0,0.45318504676025273,threshold-control
50000.0,150.0,0.003,56.64233621133761,150.0,0.452382013933291,threshold-control
50000.0,150.0,0.003,56.713316582529764,150.0,0.4515788294109755,threshold-control
50000.0,150.0,0.003,56.78429695372191,150.0,0.450775496175443,threshold-control
50000.0,150.0,0.003,56.85527732491406,150.0,0.4499720172110546,threshold-control
50000.0,150.0,0.003,56.92625769610622,150.0,0.4491683955043516,threshold-control
50000.0,150.0,0.003,56.99723806729837,150.0,0.4483646340440123,threshold-control
50000.0,150.0,0.003,57.0,150.0,0.4483333559228454,threshold-control
50000.0,150.0,0.003,57.068218438490526,150.0,0.44756073582080713,threshold-control
50000.0,150.0,0.003,57.139198809682675,150.0,0.4467567038275537,threshold-control
50000.0,150.0,0.003,57.210179180874825,150.0,0.4459525410590741,threshold-control
50000.0,150.0,0.003,57.28115955206698,150.0,0.44514825051214924,threshold-control
50000.0,150.0,0.003,57.35213992325913,150.0,0.44434383518547516,threshold-control
50000.0,150.0,0.003,57.42312029445129,150.0,0.44353929807961834,threshold-control
50000.0,150.0,0.003,57.49410066564344,150.0,0.44273464219697056,threshold-control
50000.0,150.0,0.003,57.565081036835586,150.0,0.44192987054170496,threshold-control
50000.0,150.0,0.003,57.63606140802774,150.0,0.4411249861197315,threshold-control
50000.0,150.0,0.003,57.70704177921989,150.0,0.4403199919386517,threshold-control
50000.0,150.0,0.003,57.77802215041205,150.0,0.4395148910077139,threshold-control
50000.0,150.0,0.003,57.8490025216042,150.0,0.43870968633776897,threshold-control
50000.0,150.0,0.003,57.919982892796355,150.0,0.43790438094122464,threshold-control
50000.0,150.0,0.003,57.990963263988505,150.0,0.43709897783200147,threshold-control
50000.0,150.0,0.003,58.0,150.0,0.43699643255111154,threshold-control
50000.0,150.0,0.003,58.061943635180654,150.0,0.4362934800254872,threshold-control
50000.0,150.0,0.003,58.13292400637281,150.0,0.4354878905384916,threshold-control
50000.0,150.0,0.003,58.20390437756496,150.0,0.4346822123892021,threshold-control
50000.0,150.0,0.003,58.27488474875712,150.0,0.43387644859713803,threshold-control
50000.0,150.0,0.003,58.345865119949266,150.0,0.4330706021831061,threshold-control
50000.0,150.0,0.003,58.416845491141416,150.0,0.4322646761691544,threshold-control
50000.0,150.0,0.003,58.48782586233357,150.0,0.43145867357852774,threshold-control
50000.0,150.0,0.003,58.55880623352572,150.0,0.43065259743562245,threshold-control
50000.0,150.0,0.003,58.62978660471788,150.0,0.42984645076593986,threshold-control
50000.0,150.0,0.003,58.70076697591003,150.0,0.4290402365960435,threshold-control
50000.0,150.0,0.003,58.77174734710218,150.0,0.4282339579535107,threshold-control
50000.0,150.0,0.003,58.842727718294334,150.0,0.42742761786688954,threshold-control
50000.0,150.0,0.003,58.913708089486484,150.0,0.42662121936565145,threshold-control
50000.0,150.0,0.003,58.98468846067864,150.0,0.42581476548014785,threshold-control
50000.0,150.0,0.003,59.0,150.0,0.4256407942144267,threshold-control
50000.0,150.0,0.003,59.05566883187079,150.0,0.42500825924156305,threshold-control
50000.0,150.0,0.003,59.12664920306294,150.0,0.42420170368186894,threshold-control
50000.0,150.0,0.003,59.197629574255096,150.0,0.42339510183378015,threshold-control
50000.0,150.0,0.003,59.268609945447245,150.0,0.4225884567307079,threshold-control
50000.0,150.0,0.003,59.3395903166394,150.0,0.42178177140671413,threshold-control
50000.0,150.0,0.003,59.41057068783155,150.0,0.42097504889646675,threshold-control
50000.0,150.0,0.003,59.4815510590237,150.0,0.4201682922351936,threshold-control
50000.0,150.0,0.003,59.55253143021586,150.0,0.4193615044586362,threshold-control
50000.0,150.0,0.003,59.62351180140801,150.0,0.4185546886030047,threshold-control
50000.0,150.0,0.003,59.694492172600164,150.0,0.41774784770493223,threshold-control
50000.0,150.0,0.003,59.76547254379231,150.0,0.41694098480142927,threshold-control
50000.0,150.0,0.003,59.83645291498446,150.0,0.4161341029298371,threshold-control
50000.0,150.0,0.003,59.90743328617662,150.0,0.4153272051277829,threshold-control
50000.0,150.0,0.003,59.97841365736877,150.0,0.41452029443313376,threshold-control
50000.0,150.0,0.003,60.0,150.0,0.41427489702167286,threshold-control
50000.0,150.0,0.003,60.049394028560926,150.0,0.413713373883951,threshold-control
50000.0,150.0,0.003,60.120374399753075,150.0,0.41290644651844455,threshold-control
50000.0,150.0,0.003,60.191354770945225,150.0,0.4120995153749266,threshold-control
50000.0,150.0,0.003,60.20863372246026,150.0,0.4119030816278523,threshold-control
50000.0,150.0,0.003,60.26233514213738,150.0,0.41129258349176645,threshold-control
50000.0,150.0,0.003,60.33331551332953,150.0,0.4104856539073445,threshold-control
50000.0,150.0,0.003,60.40429588452169,150.0,0.4096787296600064,threshold-control
50000.0,150.0,0.003,60.47527625571384,150.0,0.40887181378801774,threshold-control
50000.0,150.0,0.003,60.54625662690599,150.0,0.4080649093295178,threshold-control
50000.0,150.0,0.003,60.61723699809814,150.0,0.40725801932247374,threshold-control
50000.0,150.0,0.003,60.68821736929029,150.0,0.4064511468046357,threshold-control
50000.0,150.0,0.003,60.75919774048245,150.0,0.4056442948134894,threshold-control
50000.0,150.0,0.003,60.8301781116746,150.0,0.40483746638621265,threshold-control
50000.0,150.0,0.003,60.901158482866755,150.0,0.40403066455962766,threshold-control
50000.0,150.0,0.003,60.972138854058905,150.0,0.4032238923701561,threshold-control
50000.0,150.0,0.003,61.0,150.0,0.4029072277000896,threshold-control
50000.0,150.0,0.003,61.043119225251054,150.0,0.40241715285377344,threshold-control
50000.0,150.0,0.003,61.11409959644321,150.0,0.40161044904596366,threshold-control
50000.0,150.0,0.003,61.18507996763536,150.0,0.4008037839816726,threshold-control
50000.0,150.0,0.003,61.25606033882752,150.0,0.3999971606952627,threshold-control
50000.0,150.0,0.003,61.327040710019666,150.0,0.39919058222046844,threshold-control
50000.0,150.0,0.003,61.398021081211816,150.0,0.39838405159034873,threshold-control
50000.0,150.0,0.003,61.46900145240397,150.0,0.39757757183724285,threshold-control
50000.0,150.0,0.003,61.53998182359612,150.0,0.39677114599272445,threshold-control
50000.0,150.0,0.003,61.61096219478828,150.0,0.39596477708755595,threshold-control
50000.0,150.0,0.003,61.68194256598043,150.0,0.3951584681516428,threshold-control
50000.0,150.0,0.003,61.75292293717258,150.0,0.3943522222139887,threshold-control
50000.0,150.0,0.003,61.823903308364734,150.0,0.3935460423026489,threshold-control
50000.0,150.0,0.003,61.894883679556884,150.0,0.39273993144468633,threshold-control
50000.0,150.0,0.003,61.96586405074904,150.0,0.3919338926661251,threshold-control
50000.0,150.0,0.003,62.0,150.0,0.3915462782701711,threshold-control
50000.0,150.0,0.003,62.03684442194119,150.0,0.3911279289919055,threshold-control
50000.0,150.0,0.003,62.10782479313334,150.0,0.3903220434458381,threshold-control
50000.0,150.0,0.003,62.178805164325496,150.0,0.38951623905055943,threshold-control
50000.0,150.0,0.003,62.249785535517645,150.0,0.38871051882748653,threshold-control
50000.0,150.0,0.003,62.3207659067098,150.0,0.38790488579677085,threshold-control
50000.0,150.0,0.003,62.39174627790195,150.0,0.3870993429772541,threshold-control
50000.0,150.0,0.003,62.46272664909411,150.0,0.38629389338642206,threshold-control
50000.0,150.0,0.003,62.53370702028626,150.0,0.38548854004036104,threshold-control
50000.0,150.0,0.003,62.60468739147841,150.0,0.38468328595371126,threshold-control
50000.0,150.0,0.003,62.675667762670564,150.0,0.3838781341396226,threshold-control
50000.0,150.0,0.003,62.74664813386271,150.0,0.38307308760970904,threshold-control
50000.0,150.0,0.003,62.81762850505487,150.0,0.38226814937400566,threshold-control
50000.0,150.0,0.003,62.88860887624702,150.0,0.38146332244092074,threshold-control
50000.0,150.0,0.003,62.95958924743917,150.0,0.38065860981719357,threshold-control
50000.0,150.0,0.003,63.0,150.0,0.3802005206869975,threshold-control
50000.0,150.0,0.003,63.030569618631326,150.0,0.3798540145078484,threshold-control
50000.0,150.0,0.003,63.101549989823475,150.0,0.37904953951614995,threshold-control
50000.0,150.0,0.003,63.17253036101563,150.0,0.37824518784355887,threshold-control
50000.0,150.0,0.003,63.24351073220778,150.0,0.3774409624896875,threshold-control
50000.0,150.0,0.003,63.31449110339993,150.0,0.3766368664522547,threshold-control
50000.0,150.0,0.003,63.38547147459209,150.0,0.3758329027270416,threshold-control
50000.0,150.0,0.003,63.45645184578424,150.0,0.3750290743078475,threshold-control
50000.0,150.0,0.003,63.52743221697639,150.0,0.3742253841864449,threshold-control
50000.0,150.0,0.003,63.59841258816854,150.0,0.3734218353525365,threshold-control
50000.0,150.0,0.003,63.66939295936069,150.0,0.3726184307937094,threshold-control
50000.0,150.0,0.003,63.74037333055285,150.0,0.3718151734953914,threshold-control
50000.0,150.0,0.003,63.811353701745,150.0,0.371012066440808,threshold-control
50000.0,150.0,0.003,63.882334072937155,150.0,0.3702091126109369,threshold-control
50000.0,150.0,0.003,63.953314444129305,150.0,0.36940631498446563,threshold-control
50000.0,150.0,0.003,64.0,150.0,0.36887838160875785,threshold-control
50000.0,150.0,0.003,64.02429481532145,150.0,0.36860367653774584,threshold-control
50000.0,150.0,0.003,64.0952751865136,150.0,0.36780120024475105,threshold-control
50000.0,150.0,0.003,64.16625555770577,150.0,0.36699888907703215,threshold-control
50000.0,150.0,0.003,64.23723592889792,150.0,0.36619674600367447,threshold-control
50000.0,150.0,0.003,64.30821630009007,150.0,0.3653947739912531,threshold-control
50000.0,150.0,0.003,64.37919667128222,150.0,0.3645929760037905,threshold-control
50000.0,150.0,0.003,64.45017704247437,150.0,0.3637913550027122,threshold-control
50000.0,150.0,0.003,64.52115741366653,150.0,0.36298991394680447,threshold-control
50000.0,150.0,0.003,64.59213778485868,150.0,0.3621886557921705,threshold-control
50000.0,150.0,0.003,64.66311815605083,150.0,0.361387583492187,threshold-control
50000.0,150.0,0.003,64.73409852724298,150.0,0.36058669999746173,threshold-control
50000.0,150.0,0.003,64.80507889843513,150.0,0.3597860082557902,threshold-control
50000.0,150.0,0.003,64.87605926962729,150.0,0.3589855112121124,threshold-control
50000.0,150.0,0.003,64.94703964081944,150.0,0.35818521180847174,threshold-control
50000.0,150.0,0.003,65.0,150.0,0.3575882174518503,threshold-control
50000.0,150.0,0.003,65.01802001201159,150.0,0.35738511298396924,threshold-control
50000.0,150.0,0.003,65.08900038320374,150.0,0.3565852176747242,threshold-control
50000.0,150.0,0.003,65.15998075439589,150.0,0.3557855288138294,threshold-control
50000.0,150.0,0.003,65.23096112558805,150.0,0.35498604933131006,threshold-control
50000.0,150.0,0.003,65.3019414967802,150.0,0.3541867821540803,threshold-control
50000.0,150.0,0.003,65.37292186797235,150.0,0.3533877302059022,threshold-control
50000.0,150.0,0.003,65.4439022391645,150.0,0.3525888964073426,threshold-control
50000.0,150.0,0.003,65.51488261035665,150.0,0.35179028367573184,threshold-control
50000.0,150.0,0.003,65.58586298154881,150.0,0.35099189492512073,threshold-control
50000.0,150.0,0.003,65.65684335274096,150.0,0.3501937330662407,threshold-control
50000.0,150.0,0.003,65.72782372393311,150.0,0.34939580100646006,threshold-control
50000.0,150.0,0.003,65.79880409512526,150.0,0.34859810164974314,threshold-control
50000.0,150.0,0.003,65.86978446631741,150.0,0.3478006378966092,threshold-control
50000.0,150.0,0.003,65.94076483750958,150.0,0.3470034126440903,threshold-control
50000.0,150.0,0.003,66.0,150.0,0.3463382898888301,threshold-control
50000.0,150.0,0.003,66.01174520870173,150.0,0.34620642878569086,threshold-control
50000.0,150.0,0.003,66.08272557989388,150.0,0.34540968921134574,threshold-control
50000.0,150.0,0.003,66.15370595108602,150.0,0.34461319680737945,threshold-control
50000.0,150.0,0.003,66.22468632227819,150.0,0.34381695445646465,threshold-control
50000.0,150.0,0.003,66.29566669347034,150.0,0.3430209650375824,threshold-control
50000.0,150.0,0.003,66.36664706466249,150.0,0.34222523142598127,threshold-control
50000.0,150.0,0.003,66.43762743585464,150.0,0.34142975649313523,threshold-control
50000.0,150.0,0.003,66.50860780704679,150.0,0.3406345431067047,threshold-control
50000.0,150.0,0.003,66.57958817823895,150.0,0.339839594130496,threshold-control
50000.0,150.0,0.003,66.6505685494311,150.0,0.3390449124244205,threshold-control
50000.0,150.0,0.003,66.72154892062325,150.0,0.33825050084445474,threshold-control
50000.0,150.0,0.003,66.7925292918154,150.0,0.337456362242601,threshold-control
50000.0,150.0,0.003,66.86350966300755,150.0,0.3366624994668458,threshold-control
50000.0,150.0,0.003,66.93449003419971,150.0,0.33586891536112196,threshold-control
50000.0,150.0,0.003,67.0,150.0,0.3351367419407064,threshold-control
50000.0,150.0,0.003,67.00547040539186,150.0,0.3350756127652684,threshold-control
50000.0,150.0,0.003,67.07645077658401,150.0,0.33428259451498976,threshold-control
50000.0,150.0,0.003,67.14743114777616,150.0,0.3334898634418182,threshold-control
50000.0,150.0,0.003,67.21841151896831,150.0,0.3326974223730734,threshold-control
50000.0,150.0,0.003,67.28939189016047,150.0,0.33190527413182325,threshold-control
50000.0,150.0,0.003,67.36037226135262,150.0,0.3311134215368464,threshold-control
50000.0,150.0,0.003,67.43135263254477,150.0,0.33032186740259095,threshold-control
50000.0,150.0,0.003,67.50233300373692,150.0,0.3295306145391378,threshold-control
50000.0,150.0,0.003,67.57331337492907,150.0,0.3287396657521612,threshold-control
50000.0,150.0,0.003,67.64429374612124,150.0,0.32794902384289004,threshold-control
50000.0,150.0,0.003,67.71527411731338,150.0,0.3271586916080703,threshold-control
50000.0,150.0,0.003,67.78625448850553,150.0,0.3263686718399259,threshold-control
50000.0,150.0,0.003,67.85723485969768,150.0,0.32557896732612157,threshold-control
50000.0,150.0,0.003,67.92821523088983,150.0,0.32478958084972476,threshold-control
50000.0,150.0,0.003,67.999195602082,150.0,0.3240005151891666,threshold-control
50000.0,150.0,0.003,68.0,150.0,0.3239915748087059,threshold-control
50000.0,150.0,0.003,68.07017597327415,150.0,0.3232117731182066,threshold-control
50000.0,150.0,0.003,68.0892388241298,150.0,0.32299999999999984,threshold-control
50000.0,150.0,0.003,68.1411563444663,149.9812655765431,0.323,post-control
50000.0,150.0,0.003,68.21213671565845,149.95565232840602,0.323,post-control
50000.0,150.0,0.003,68.2831170868506,149.93003908026893,0.323,post-control
50000.0,150.0,0.003,68.35409745804276,149.90442583213184,0.323,post-control
50000.0,150.0,0.003,68.42507782923491,149.87881258399474,0.323,post-control
50000.0,150.0,0.003,68.49605820042706,149.85319933585765,0.323,post-control
50000.0,150.0,0.003,68.56703857161921,149.82758608772056,0.323,post-control
50000.0,150.0,0.003,68.63801894281136,149.80197283958347,0.323,post-control
50000.0,150.0,0.003,68.70899931400352,149.77635959144638,0.323,post-control
50000.0,150.0,0.003,68.77997968519567,149.7507463433093,0.323,post-control
50000.0,150.0,0.003,68.85096005638782,149.7251330951722,0.323,post-control
50000.0,150.0,0.003,68.92194042757997,149.6995198470351,0.323,post-control
50000.0,150.0,0.003,68.99292079877212,149.67390659889804,0.323,post-control
50000.0,150.0,0.003,69.06390116996428,149.64829335076092,0.323,post-control
50000.0,150.0,0.003,69.0892388241298,149.639150264969,0.323,post-control
50000.0,150.0,0.003,69.13488154115643,149.59040852484702,0.323,post-control
50000.0,150.0,0.003,69.20586191234858,149.51460876900887,0.323,post-control
50000.0,150.0,0.003,69.27684228354073,149.43880901317073,0.323,post-control
50000.0,150.0,0.003,69.34782265473288,149.36300925733255,0.323,post-control
50000.0,150.0,0.003,69.41880302592504,149.2872095014944,0.323,post-control
50000.0,150.0,0.003,69.4897833971172,149.21140974565623,0.323,post-control
50000.0,150.0,0.003,69.56076376830934,149.13560998981808,0.323,post-control
50000.0,150.0,0.003,69.63174413950149,149.05981023397993,0.323,post-control
50000.0,150.0,0.003,69.70272451069364,148.98401047814178,0.323,post-control
50000.0,150.0,0.003,69.7737048818858,148.9082107223036,0.323,post-control
50000.0,150.0,0.003,69.84468525307796,148.83241096646543,0.323,post-control
50000.0,150.0,0.003,69.9156656242701,148.75661121062728,0.323,post-control
50000.0,150.0,0.003,69.98664599546225,148.68081145478914,0.323,post-control
50000.0,150.0,0.003,70.0576263666544,148.605011698951,0.323,post-control
50000.0,150.0,0.003,70.0892388241298,148.57125283691866,0.323,post-control
50000.0,150.0,0.003,70.12860673784657,148.50260958942397,0.323,post-control
50000.0,150.0,0.003,70.19958710903872,148.3788457745045,0.323,post-control
50000.0,150.0,0.003,70.27056748023087,148.25508195958503,0.323,post-control
50000.0,150.0,0.003,70.34154785142302,148.13131814466556,0.323,post-control
50000.0,150.0,0.003,70.41252822261518,148.00755432974606,0.323,post-control
50000.0,150.0,0.003,70.48350859380733,147.8837905148266,0.323,post-control
50000.0,150.0,0.003,70.55448896499948,147.76002669990712,0.323,post-control
50000.0,150.0,0.003,70.62546933619163,147.63626288498764,0.323,post-control
50000.0,150.0,0.003,70.69644970738378,147.51249907006817,0.323,post-control
50000.0,150.0,0.003,70.76743007857594,147.38873525514867,0.323,post-control
50000.0,150.0,0.003,70.83841044976809,147.2649714402292,0.323,post-control
50000.0,150.0,0.003,70.90939082096024,147.14120762530976,0.323,post-control
50000.0,150.0,0.003,70.98037119215239,147.0174438103903,0.323,post-control
50000.0,150.0,0.003,71.05135156334454,146.89367999547082,0.323,post-control
50000.0,150.0,0.003,71.0892388241298,146.82761846531992,0.323,post-control
50000.0,150.0,0.003,71.1223319345367,146.74895923635447,0.323,post-control
50000.0,150.0,0.003,71.19331230572885,146.58024553126583,0.323,post-control
50000.0,150.0,0.003,71.264292676921,146.4115318261772,0.323,post-control
50000.0,150.0,0.003,71.33527304811315,146.24281812108856,0.323,post-control
50000.0,150.0,0.003,71.4062534193053,146.07410441599993,0.323,post-control
50000.0,150.0,0.003,71.47723379049746,145.90539071091126,0.323,post-control
50000.0,150.0,0.003,71.54821416168961,145.73667700582263,0.323,post-control
50000.0,150.0,0.003,71.61919453288176,145.567963300734,0.323,post-control
50000.0,150.0,0.003,71.69017490407391,145.39924959564536,0.323,post-control
50000.0,150.0,0.003,71.76115527526606,145.23053589055675,0.323,post-control
50000.0,150.0,0.003,71.83213564645823,145.06182218546806,0.323,post-control
50000.0,150.0,0.003,71.90311601765038,144.89310848037945,0.323,post-control
50000.0,150.0,0.003,71.97409638884253,144.72439477529082,0.323,post-control
50000.0,150.0,0.003,72.04507676003468,144.55568107020218,0.323,post-control
50000.0,150.0,0.003,72.0892388241298,144.45071197335596,0.323,post-control
50000.0,150.0,0.003,72.11605713122682,144.3713719316664,0.323,post-control
50000.0,150.0,0.003,72.18703750241899,144.1613815848055,0.323,post-control
50000.0,150.0,0.003,72.25801787361114,143.95139123794465,0.323,post-control
50000.0,150.0,0.003,72.32899824480329,143.74140089108377,0.323,post-control
50000.0,150.0,0.003,72.39997861599544,143.53141054422292,0.323,post-control
50000.0,150.0,0.003,72.47095898718759,143.32142019736207,0.323,post-control
50000.0,150.0,0.003,72.54193935837975,143.11142985050117,0.323,post-control
50000.0,150.0,0.003,72.6129197295719,142.9014395036403,0.323,post-control
50000.0,150.0,0.003,72.68390010076405,142.69144915677944,0.323,post-control
50000.0,150.0,0.003,72.7548804719562,142.4814588099186,0.323,post-control
50000.0,150.0,0.003,72.82586084314835,142.27146846305772,0.323,post-control
50000.0,150.0,0.003,72.89684121434051,142.06147811619684,0.323,post-control
50000.0,150.0,0.003,72.96782158553266,141.85148776933596,0.323,post-control
50000.0,150.0,0.003,73.03880195672481,141.6414974224751,0.323,post-control
50000.0,150.0,0.003,73.0892388241298,141.4922835609094,0.323,post-control
50000.0,150.0,0.003,73.10978232791696,141.4207719639699,0.323,post-control
50000.0,150.0,0.003,73.18076269910911,141.1736904657067,0.323,post-control
50000.0,150.0,0.003,73.25174307030127,140.92660896744343,0.323,post-control
50000.0,150.0,0.003,73.32272344149342,140.67952746918021,0.323,post-control
50000.0,150.0,0.003,73.39370381268557,140.432445970917,0.323,post-control
50000.0,150.0,0.003,73.46468418387772,140.1853644726538,0.323,post-control
50000.0,150.0,0.003,73.53566455506987,139.93828297439057,0.323,post-control
50000.0,150.0,0.003,73.60664492626204,139.69120147612733,0.323,post-control
50000.0,150.0,0.003,73.67762529745418,139.44411997786412,0.323,post-control
50000.0,150.0,0.003,73.74860566864633,139.1970384796009,0.323,post-control
50000.0,150.0,0.003,73.81958603983848,138.9499569813377,0.323,post-control
50000.0,150.0,0.003,73.89056641103063,138.70287548307448,0.323,post-control
50000.0,150.0,0.003,73.9615467822228,138.4557939848112,0.323,post-control
50000.0,150.0,0.003,74.03252715341495,138.208712486548,0.323,post-control
50000.0,150.0,0.003,74.0892388241298,138.01130009867387,0.323,post-control
50000.0,150.0,0.003,74.1035075246071,137.95508854877346,0.323,post-control
50000.0,150.0,0.003,74.17448789579925,137.67546135472278,0.323,post-control
50000.0,150.0,0.003,74.2454682669914,137.3958341606721,0.323,post-control
50000.0,150.0,0.003,74.31644863818356,137.1162069666214,0.323,post-control
50000.0,150.0,0.003,74.38742900937571,136.83657977257073,0.323,post-control
50000.0,150.0,0.003,74.45840938056786,136.55695257852005,0.323,post-control
50000.0,150.0,0.003,74.52938975176001,136.27732538446938,0.323,post-control
50000.0,150.0,0.003,74.60037012295216,135.99769819041873,0.323,post-control
50000.0,150.0,0.003,74.67135049414432,135.718070996368,0.323,post-control
50000.0,150.0,0.003,74.74233086533647,135.43844380231732,0.323,post-control
50000.0,150.0,0.003,74.81331123652862,135.15881660826665,0.323,post-control
50000.0,150.0,0.003,74.88429160772077,134.87918941421597,0.323,post-control
50000.0,150.0,0.003,74.95527197891292,134.59956222016532,0.323,post-control
50000.0,150.0,0.003,75.02625235010508,134.3199350261146,0.323,post-control
50000.0,150.0,0.003,75.0892388241298,134.07179979240334,0.323,post-control
50000.0,150.0,0.003,75.09723272129723,134.0371781006331,0.323,post-control
50000.0,150.0,0.003,75.16821309248938,133.72976101961748,0.323,post-control
50000.0,150.0,0.003,75.23919346368153,133.42234393860187,0.323,post-control
50000.0,150.0,0.003,75.3101738348737,133.11492685758623,0.323,post-control
50000.0,150.0,0.003,75.38115420606584,132.8075097765706,0.323,post-control
50000.0,150.0,0.003,75.452134577258,132.500092695555,0.323,post-control
50000.0,150.0,0.003,75.52311494845014,132.1926756145394,0.323,post-control
50000.0,150.0,0.003,75.59409531964229,131.8852585335238,0.323,post-control
50000.0,150.0,0.003,75.66507569083446,131.57784145250812,0.323,post-control
50000.0,150.0,0.003,75.7360560620266,131.27042437149254,0.323,post-control
50000.0,150.0,0.003,75.80703643321876,130.96300729047692,0.323,post-control
50000.0,150.0,0.003,75.8780168044109,130.6555902094613,0.323,post-control
50000.0,150.0,0.003,75.94899717560305,130.34817312844572,0.323,post-control
50000.0,150.0,0.003,76.01997754679522,130.04075604743005,0.323,post-control
50000.0,150.0,0.003,76.0892388241298,129.74078438839254,0.323,post-control
50000.0,150.0,0.003,76.09095791798737,129.73278279869172,0.323,post-control
50000.0,150.0,0.003,76.16193828917952,129.40240188051834,0.323,post-control
50000.0,150.0,0.003,76.23291866037167,129.07202096234496,0.323,post-control
50000.0,150.0,0.003,76.30389903156382,128.74164004417156,0.323,post-control
50000.0,150.0,0.003,76.37487940275598,128.41125912599813,0.323,post-control
50000.0,150.0,0.003,76.44585977394813,128.08087820782472,0.323,post-control
50000.0,150.0,0.003,76.51684014514028,127.75049728965135,0.323,post-control
50000.0,150.0,0.003,76.58782051633243,127.42011637147796,0.323,post-control
50000.0,150.0,0.003,76.65880088752458,127.08973545330458,0.323,post-control
50000.0,150.0,0.003,76.72978125871674,126.75935453513112,0.323,post-control
50000.0,150.0,0.003,76.80076162990889,126.42897361695775,0.323,post-control
50000.0,150.0,0.003,76.87174200110104,126.09859269878436,0.323,post-control
50000.0,150.0,0.003,76.94272237229319,125.76821178061097,0.323,post-control
50000.0,150.0,0.003,77.01370274348534,125.4378308624376,0.323,post-control
50000.0,150.0,0.003,77.0846831146775,125.10744994426413,0.323,post-control
50000.0,150.0,0.003,77.0892388241298,125.08624521616115,0.323,post-control
50000.0,150.0,0.003,77.15566348586965,124.76004327945186,0.323,post-control
50000.0,150.0,0.003,77.2266438570618,124.41146891046373,0.323,post-control
50000.0,150.0,0.003,77.29762422825395,124.06289454147557,0.323,post-control
50000.0,150.0,0.003,77.3686045994461,123.71432017248742,0.323,post-control
50000.0,150.0,0.003,77.43958497063826,123.36574580349921,0.323,post-control
50000.0,150.0,0.003,77.51056534183041,123.01717143451106,0.323,post-control
50000.0,150.0,0.003,77.58154571302256,122.6685970655229,0.323,post-control
50000.0,150.0,0.003,77.65252608421471,122.32002269653475,0.323,post-control
50000.0,150.0,0.003,77.72350645540686,121.97144832754661,0.323,post-control
50000.0,150.0,0.003,77.79448682659903,121.62287395855839,0.323,post-control
50000.0,150.0,0.003,77.86546719779118,121.27429958957023,0.323,post-control
50000.0,150.0,0.003,77.93644756898333,120.9257252205821,0.323,post-control
50000.0,150.0,0.003,78.00742794017548,120.57715085159394,0.323,post-control
50000.0,150.0,0.003,78.07840831136762,120.22857648260579,0.323,post-control
50000.0,150.0,0.003,78.0892388241298,120.17538939597206,0.323,post-control
50000.0,150.0,0.003,78.14938868255979,119.86848877672243,0.323,post-control
50000.0,150.0,0.003,78.22036905375194,119.5063279929395,0.323,post-control
50000.0,150.0,0.003,78.29134942494409,119.14416720915656,0.323,post-control
50000.0,150.0,0.003,78.36232979613624,118.78200642537364,0.323,post-control
50000.0,150.0,0.003,78.43331016732839,118.4198456415907,0.323,post-control
50000.0,150.0,0.003,78.50429053852055,118.0576848578077,0.323,post-control
50000.0,150.0,0.003,78.5752709097127,117.69552407402476,0.323,post-control
50000.0,150.0,0.003,78.64625128090485,117.33336329024183,0.323,post-control
50000.0,150.0,0.003,78.717231652097,116.9712025064589,0.323,post-control
50000.0,150.0,0.003,78.78821202328915,116.60904172267597,0.323,post-control
50000.0,150.0,0.003,78.85919239448131,116.24688093889296,0.323,post-control
50000.0,150.0,0.003,78.93017276567346,115.88472015511003,0.323,post-control
50000.0,150.0,0.003,79.00115313686561,115.5225593713271,0.323,post-control
50000.0,150.0,0.003,79.07213350805776,115.16039858754417,0.323,post-control
50000.0,150.0,0.003,79.0892388241298,115.07312270307841,0.323,post-control
50000.0,150.0,0.003,79.14311387924991,114.79123219485577,0.323,post-control
50000.0,150.0,0.003,79.21409425044207,114.41984152315099,0.323,post-control
50000.0,150.0,0.003,79.28507462163422,114.04845085144629,0.323,post-control
50000.0,150.0,0.003,79.35605499282637,113.6770601797416,0.323,post-control
50000.0,150.0,0.003,79.42703536401852,113.3056695080369,0.323,post-control
50000.0,150.0,0.003,79.49801573521069,112.93427883633213,0.323,post-control
50000.0,150.0,0.003,79.56899610640284,112.56288816462744,0.323,post-control
50000.0,150.0,0.003,79.63997647759498,112.19149749292274,0.323,post-control
50000.0,150.0,0.003,79.71095684878713,111.82010682121803,0.323,post-control
50000.0,150.0,0.003,79.78193721997928,111.44871614951334,0.323,post-control
50000.0,150.0,0.003,79.85291759117145,111.07732547780857,0.323,post-control
50000.0,150.0,0.003,79.9238979623636,110.70593480610387,0.323,post-control
50000.0,150.0,0.003,79.99487833355575,110.33454413439918,0.323,post-control
50000.0,150.0,0.003,80.0658587047479,109.96315346269448,0.323,post-control
50000.0,150.0,0.003,80.0892388241298,109.84082163917847,0.323,post-control
50000.0,150.0,0.003,80.13683907594005,109.58828130508032,0.323,post-control
50000.0,150.0,0.003,80.20781944713221,109.21169912381926,0.323,post-control
50000.0,150.0,0.003,80.27879981832436,108.83511694255829,0.323,post-control
50000.0,150.0,0.003,80.34978018951651,108.4585347612973,0.323,post-control
50000.0,150.0,0.003,80.42076056070866,108.08195258003632,0.323,post-control
50000.0,150.0,0.003,80.49174093190081,107.70537039877534,0.323,post-control
50000.0,150.0,0.003,80.56272130309297,107.32878821751429,0.323,post-control
50000.0,150.0,0.003,80.63370167428512,106.9522060362533,0.323,post-control
50000.0,150.0,0.003,80.70468204547727,106.57562385499233,0.323,post-control
50000.0,150.0,0.003,80.77566241666942,106.19904167373134,0.323,post-control
50000.0,150.0,0.003,80.84664278786157,105.82245949247036,0.323,post-control
50000.0,150.0,0.003,80.91762315905373,105.4458773112093,0.323,post-control
50000.0,150.0,0.003,80.98860353024588,105.06929512994833,0.323,post-control
50000.0,150.0,0.003,81.05958390143803,104.69271294868734,0.323,post-control
50000.0,150.0,0.003,81.0892388241298,104.53538050191614,0.323,post-control
50000.0,150.0,0.003,81.13056427263018,104.31524665336654,0.323,post-control
50000.0,150.0,0.003,81.20154464382233,103.93714592248493,0.323,post-control
50000.0,150.0,0.003,81.2725250150145,103.55904519160325,0.323,post-control
50000.0,150.0,0.003,81.34350538620664,103.18094446072165,0.323,post-control
50000.0,150.0,0.003,81.4144857573988,102.80284372984003,0.323,post-control
50000.0,150.0,0.003,81.48546612859094,102.42474299895844,0.323,post-control
50000.0,150.0,0.003,81.55644649978309,102.04664226807682,0.323,post-control
50000.0,150.0,0.003,81.62742687097526,101.66854153719514,0.323,post-control
50000.0,150.0,0.003,81.6984072421674,101.29044080631354,0.323,post-control
50000.0,150.0,0.003,81.76938761335956,100.91234007543193,0.323,post-control
50000.0,150.0,0.003,81.8403679845517,100.53423934455031,0.323,post-control
50000.0,150.0,0.003,81.91134835574385,100.15613861366872,0.323,post-control
50000.0,150.0,0.003,81.98232872693602,99.77803788278703,0.323,post-control
50000.0,150.0,0.003,82.05330909812817,99.39993715190542,0.323,post-control
50000.0,150.0,0.003,82.0892388241298,99.20854542721558,0.323,post-control
50000.0,150.0,0.003,82.12428946932032,99.0227055292191,0.323,post-control
50000.0,150.0,0.003,82.19526984051247,98.64636481222514,0.323,post-control
50000.0,150.0,0.003,82.26625021170462,98.27002409523118,0.323,post-control
50000.0,150.0,0.003,82.33723058289678,97.89368337823716,0.323,post-control
50000.0,150.0,0.003,82.40821095408893,97.5173426612432,0.323,post-control
50000.0,150.0,0.003,82.47919132528108,97.14100194424925,0.323,post-control
50000.0,150.0,0.003,82.55017169647323,96.7646612272553,0.323,post-control
50000.0,150.0,0.003,82.62115206766538,96.38832051026134,0.323,post-control
50000.0,150.0,0.003,82.69213243885754,96.01197979326732,0.323,post-control
50000.0,150.0,0.003,82.76311281004969,95.63563907627336,0.323,post-control
50000.0,150.0,0.003,82.83409318124184,95.25929835927941,0.323,post-control
50000.0,150.0,0.003,82.90507355243399,94.88295764228545,0.323,post-control
50000.0,150.0,0.003,82.97605392362614,94.5066169252915,0.323,post-control
50000.0,150.0,0.003,83.0470342948183,94.13027620829747,0.323,post-control
50000.0,150.0,0.003,83.0892388241298,93.90650613560398,0.323,post-control
50000.0,150.0,0.003,83.11801466601045,93.75581290123286,0.323,post-control
50000.0,150.0,0.003,83.1889950372026,93.38410312620114,0.323,post-control
50000.0,150.0,0.003,83.25997540839475,93.01239335116942,0.323,post-control
50000.0,150.0,0.003,83.3309557795869,92.64068357613769,0.323,post-control
50000.0,150.0,0.003,83.40193615077906,92.2689738011059,0.323,post-control
50000.0,150.0,0.003,83.47291652197121,91.89726402607418,0.323,post-control
50000.0,150.0,0.003,83.54389689316336,91.52555425104246,0.323,post-control
50000.0,150.0,0.003,83.61487726435551,91.15384447601075,0.323,post-control
50000.0,150.0,0.003,83.68585763554766,90.78213470097903,0.323,post-control
50000.0,150.0,0.003,83.75683800673983,90.41042492594724,0.323,post-control
50000.0,150.0,0.003,83.82781837793198,90.03871515091552,0.323,post-control
50000.0,150.0,0.003,83.89879874912413,89.6670053758838,0.323,post-control
50000.0,150.0,0.003,83.96977912031628,89.29529560085209,0.323,post-control
50000.0,150.0,0.003,84.04075949150842,88.92358582582037,0.323,post-control
50000.0,150.0,0.003,84.0892388241298,88.66970941576899,0.323,post-control
50000.0,150.0,0.003,84.11173986270059,88.5541249494568,0.323,post-control
50000.0,150.0,0.003,84.18272023389274,88.18950940973085,0.323,post-control
50000.0,150.0,0.003,84.25370060508489,87.82489387000489,0.323,post-control
50000.0,150.0,0.003,84.32468097627704,87.46027833027891,0.323,post-control
50000.0,150.0,0.003,84.3956613474692,87.09566279055288,0.323,post-control
50000.0,150.0,0.003,84.46664171866135,86.7310472508269,0.323,post-control
50000.0,150.0,0.003,84.5376220898535,86.36643171110094,0.323,post-control
50000.0,150.0,0.003,84.60860246104565,86.00181617137497,0.323,post-control
50000.0,150.0,0.003,84.6795828322378,85.63720063164901,0.323,post-control
50000.0,150.0,0.003,84.75056320342996,85.27258509192296,0.323,post-control
50000.0,150.0,0.003,84.82154357462211,84.907969552197,0.323,post-control
50000.0,150.0,0.003,84.89252394581426,84.54335401247104,0.323,post-control
50000.0,150.0,0.003,84.96350431700641,84.17873847274507,0.323,post-control
50000.0,150.0,0.003,85.03448468819856,83.8141229330191,0.323,post-control
50000.0,150.0,0.003,85.0892388241298,83.5328591344578,0.323,post-control
50000.0,150.0,0.003,85.10546505939072,83.45160199451081,0.323,post-control
50000.0,150.0,0.003,85.17644543058287,83.0961491206494,0.323,post-control
50000.0,150.0,0.003,85.24742580177502,82.74069624678799,0.323,post-control
50000.0,150.0,0.003,85.31840617296717,82.38524337292658,0.323,post-control
50000.0,150.0,0.003,85.38938654415932,82.02979049906517,0.323,post-control
50000.0,150.0,0.003,85.46036691535149,81.67433762520369,0.323,post-control
50000.0,150.0,0.003,85.53134728654364,81.31888475134228,0.323,post-control
50000.0,150.0,0.003,85.60232765773578,80.96343187748087,0.323,post-control
50000.0,150.0,0.003,85.67330802892793,80.60797900361946,0.323,post-control
50000.0,150.0,0.003,85.74428840012008,80.25252612975805,0.323,post-control
50000.0,150.0,0.003,85.81526877131225,79.89707325589657,0.323,post-control
50000.0,150.0,0.003,85.8862491425044,79.54162038203516,0.323,post-control
50000.0,150.0,0.003,85.95722951369655,79.18616750817375,0.323,post-control
50000.0,150.0,0.003,86.0282098848887,78.83071463431234,0.323,post-control
50000.0,150.0,0.003,86.0892388241298,78.52509617279095,0.323,post-control
50000.0,150.0,0.003,86.09919025608085,78.47678348650679,0.323,post-control
50000.0,150.0,0.003,86.17017062727301,78.13218459635631,0.323,post-control
50000.0,150.0,0.003,86.24115099846516,77.7875857062059,0.323,post-control
50000.0,150.0,0.003,86.31213136965731,77.44298681605551,0.323,post-control
50000.0,150.0,0.003,86.38311174084946,77.0983879259051,0.323,post-control
50000.0,150.0,0.003,86.45409211204161,76.75378903575469,0.323,post-control
50000.0,150.0,0.003,86.52507248323377,76.40919014560421,0.323,post-control
50000.0,150.0,0.003,86.59605285442592,76.0645912554538,0.323,post-control
50000.0,150.0,0.003,86.66703322561807,75.71999236530341,0.323,post-control
50000.0,150.0,0.003,86.73801359681022,75.375393475153,0.323,post-control
50000.0,150.0,0.003,86.80899396800237,75.0307945850026,0.323,post-control
50000.0,150.0,0.003,86.87997433919453,74.68619569485212,0.323,post-control
50000.0,150.0,0.003,86.95095471038668,74.34159680470171,0.323,post-control
50000.0,150.0,0.003,87.02193508157883,73.9969979145513,0.323,post-control
50000.0,150.0,0.003,87.0892388241298,73.67024849641646,0.323,post-control
50000.0,150.0,0.003,87.09291545277098,73.65303077443306,0.323,post-control
50000.0,150.0,0.003,87.16389582396313,73.32062834363705,0.323,post-control
50000.0,150.0,0.003,87.2348761951553,72.98822591284099,0.323,post-control
50000.0,150.0,0.003,87.30585656634744,72.655823482045,0.323,post-control
50000.0,150.0,0.003,87.3768369375396,72.32342105124899,0.323,post-control
50000.0,150.0,0.003,87.44781730873174,71.99101862045298,0.323,post-control
50000.0,150.0,0.003,87.51879767992389,71.65861618965698,0.323,post-control
50000.0,150.0,0.003,87.58977805111606,71.32621375886092,0.323,post-control
50000.0,150.0,0.003,87.6607584223082,70.99381132806491,0.323,post-control
50000.0,150.0,0.003,87.73173879350036,70.6614088972689,0.323,post-control
50000.0,150.0,0.003,87.8027191646925,70.3290064664729,0.323,post-control
50000.0,150.0,0.003,87.87369953588465,69.9966040356769,0.323,post-control
50000.0,150.0,0.003,87.94467990707682,69.66420160488083,0.323,post-control
50000.0,150.0,0.003,88.01566027826897,69.33179917408482,0.323,post-control
50000.0,150.0,0.003,88.08664064946112,68.99939674328883,0.323,post-control
50000.0,150.0,0.003,88.0892388241298,68.98722944180821,0.323,post-control
50000.0,150.0,0.003,88.15762102065327,68.67972958794525,0.323,post-control
50000.0,150.0,0.003,88.22860139184542,68.36054630810963,0.323,post-control
50000.0,150.0,0.003,88.29958176303758,68.04136302827396,0.323,post-control
50000.0,150.0,0.003,88.37056213422973,67.72217974843835,0.323,post-control
50000.0,150.0,0.003,88.44154250542188,67.40299646860275,0.323,post-control
50000.0,150.0,0.003,88.51252287661403,67.08381318876714,0.323,post-control
50000.0,150.0,0.003,88.58350324780619,66.76462990893147,0.323,post-control
50000.0,150.0,0.003,88.65448361899834,66.44544662909585,0.323,post-control
50000.0,150.0,0.003,88.72546399019049,66.12626334926024,0.323,post-control
50000.0,150.0,0.003,88.79644436138264,65.80708006942464,0.323,post-control
50000.0,150.0,0.003,88.86742473257479,65.48789678958903,0.323,post-control
50000.0,150.0,0.003,88.93840510376695,65.16871350975336,0.323,post-control
50000.0,150.0,0.003,89.0093854749591,64.84953022991775,0.323,post-control
50000.0,150.0,0.003,89.08036584615125,64.53034695008215,0.323,post-control
50000.0,150.0,0.003,89.0892388241298,64.49044709938352,0.323,post-control
50000.0,150.0,0.003,89.1513462173434,64.22337158930935,0.323,post-control
50000.0,150.0,0.003,89.22232658853555,63.91814031392485,0.323,post-control
50000.0,150.0,0.003,89.29330695972772,63.61290903854029,0.323,post-control
50000.0,150.0,0.003,89.36428733091986,63.30767776315578,0.323,post-control
50000.0,150.0,0.003,89.43526770211201,63.00244648777127,0.323,post-control
50000.0,150.0,0.003,89.50624807330416,62.69721521238677,0.323,post-control
50000.0,150.0,0.003,89.57722844449631,62.391983937002266,0.323,post-control
50000.0,150.0,0.003,89.64820881568848,62.0867526616177,0.323,post-control
50000.0,150.0,0.003,89.71918918688063,61.781521386233194,0.323,post-control
50000.0,150.0,0.003,89.79016955807278,61.47629011084869,0.323,post-control
50000.0,150.0,0.003,89.86114992926493,61.17105883546419,0.323,post-control
50000.0,150.0,0.003,89.93213030045708,60.86582756007968,0.323,post-control
50000.0,150.0,0.003,90.00311067164924,60.560596284695116,0.323,post-control
50000.0,150.0,0.003,90.07409104284139,60.25536500931061,0.323,post-control
50000.0,150.0,0.003,90.0892388241298,60.19022620369083,0.323,post-control
50000.0,150.0,0.003,90.14507141403354,59.961487961257546,0.323,post-control
50000.0,150.0,0.003,90.21605178522569,59.67069139635263,0.323,post-control
50000.0,150.0,0.003,90.28703215641784,59.37989483144771,0.323,post-control
50000.0,150.0,0.003,90.35801252761,59.08909826654273,0.323,post-control
50000.0,150.0,0.003,90.42899289880215,58.798301701637804,0.323,post-control
50000.0,150.0,0.003,90.4999732699943,58.50750513673289,0.323,post-control
50000.0,150.0,0.003,90.57095364118645,58.216708571827965,0.323,post-control
50000.0,150.0,0.003,90.6419340123786,57.92591200692304,0.323,post-control
50000.0,150.0,0.003,90.71291438357076,57.63511544201806,0.323,post-control
50000.0,150.0,0.003,90.78389475476291,57.344318877113146,0.323,post-control
50000.0,150.0,0.003,90.85487512595506,57.05352231220822,0.323,post-control
50000.0,150.0,0.003,90.92585549714721,56.7627257473033,0.323,post-control
50000.0,150.0,0.003,90.99683586833936,56.471929182398384,0.323,post-control
50000.0,150.0,0.003,91.06781623953152,56.181132617493404,0.323,post-control
50000.0,150.0,0.003,91.0892388241298,56.093367311283636,0.323,post-control
50000.0,150.0,0.003,91.13879661072367,55.90059423188098,0.323,post-control
50000.0,150.0,0.003,91.20977698191582,55.62449019914873,0.323,post-control
50000.0,150.0,0.003,91.28075735310797,55.34838616641649,0.323,post-control
50000.0,150.0,0.003,91.35173772430012,55.07228213368424,0.323,post-control
50000.0,150.0,0.003,91.42271809549229,54.79617810095194,0.323,post-control
50000.0,150.0,0.003,91.49369846668444,54.5200740682197,0.323,post-control
50000.0,150.0,0.003,91.56467883787658,54.24397003548745,0.323,post-control
50000.0,150.0,0.003,91.63565920906873,53.9678660027552,0.323,post-control
50000.0,150.0,0.003,91.70663958026088,53.69176197002296,0.323,post-control
50000.0,150.0,0.003,91.77761995145305,53.41565793729066,0.323,post-control
50000.0,150.0,0.003,91.8486003226452,53.13955390455841,0.323,post-control
50000.0,150.0,0.003,91.91958069383735,52.86344987182617,0.323,post-control
50000.0,150.0,0.003,91.9905610650295,52.58734583909392,0.323,post-control
50000.0,150.0,0.003,92.06154143622165,52.31124180636168,0.323,post-control
50000.0,150.0,0.003,92.0892388241298,52.203502717805954,0.323,post-control
50000.0,150.0,0.003,92.13252180741381,52.044137336058796,0.323,post-control
50000.0,150.0,0.003,92.20350217860596,51.782791811944485,0.323,post-control
50000.0,150.0,0.003,92.27448254979811,51.52144628783018,0.323,post-control
50000.0,150.0,0.003,92.34546292099026,51.26010076371587,0.323,post-control
50000.0,150.0,0.003,92.41644329218241,50.99875523960156,0.323,post-control
50000.0,150.0,0.003,92.48742366337457,50.7374097154872,0.323,post-control
50000.0,150.0,0.003,92.55840403456672,50.47606419137289,0.323,post-control
50000.0,150.0,0.003,92.62938440575887,50.21471866725858,0.323,post-control
50000.0,150.0,0.003,92.70036477695102,49.953373143144276,0.323,post-control
50000.0,150.0,0.003,92.77134514814317,49.692027619029965,0.323,post-control
50000.0,150.0,0.003,92.84232551933533,49.4306820949156,0.323,post-control
50000.0,150.0,0.003,92.91330589052748,49.16933657080129,0.323,post-control
50000.0,150.0,0.003,92.98428626171963,48.90799104668699,0.323,post-control
50000.0,150.0,0.003,93.05526663291178,48.646645522572676,0.323,post-control
50000.0,150.0,0.003,93.0892388241298,48.52156192593794,0.323,post-control
50000.0,150.0,0.003,93.12624700410393,48.392949024479464,0.323,post-control
50000.0,150.0,0.003,93.1972273752961,48.14627405986344,0.323,post-control
50000.0,150.0,0.003,93.26820774648824,47.89959909524746,0.323,post-control
50000.0,150.0,0.003,93.3391881176804,47.65292413063148,0.323,post-control
50000.0,150.0,0.003,93.41016848887254,47.406249166015506,0.323,post-control
50000.0,150.0,0.003,93.4811488600647,47.15957420139948,0.323,post-control
50000.0,150.0,0.003,93.55212923125686,46.9128992367835,0.323,post-control
50000.0,150.0,0.003,93.623109602449,46.666224272167526,0.323,post-control
50000.0,150.0,0.003,93.69408997364116,46.41954930755154,0.323,post-control
50000.0,150.0,0.003,93.7650703448333,46.172874342935565,0.323,post-control
50000.0,150.0,0.003,93.83605071602547,45.92619937831954,0.323,post-control
50000.0,150.0,0.003,93.90703108721762,45.67952441370356,0.323,post-control
50000.0,150.0,0.003,93.97801145840977,45.432849449087584,0.323,post-control
50000.0,150.0,0.003,94.04899182960192,45.18617448447161,0.323,post-control
50000.0,150.0,0.003,94.0892388241298,45.04630587313133,0.323,post-control
50000.0,150.0,0.003,94.11997220079407,44.94575344170792,0.323,post-control
50000.0,150.0,0.003,94.19095257198623,44.71352224288215,0.323,post-control
50000.0,150.0,0.003,94.26193294317838,44.48129104405642,0.323,post-control
50000.0,150.0,0.003,94.33291331437053,44.24905984523069,0.323,post-control
50000.0,150.0,0.003,94.40389368556268,44.01682864640497,0.323,post-control
50000.0,150.0,0.003,94.47487405675483,43.78459744757924,0.323,post-control
50000.0,150.0,0.003,94.54585442794699,43.552366248753465,0.323,post-control
50000.0,150.0,0.003,94.61683479913914,43.320135049927735,0.323,post-control
50000.0,150.0,0.003,94.68781517033129,43.087903851102006,0.323,post-control
50000.0,150.0,0.003,94.75879554152344,42.855672652276276,0.323,post-control
50000.0,150.0,0.003,94.82977591271559,42.62344145345055,0.323,post-control
50000.0,150.0,0.003,94.90075628390775,42.391210254624774,0.323,post-control
50000.0,150.0,0.003,94.9717366550999,42.15897905579905,0.323,post-control
50000.0,150.0,0.003,95.04271702629205,41.92674785697332,0.323,post-control
50000.0,150.0,0.003,95.0892388241298,41.77453939846667,0.323,post-control
50000.0,150.0,0.003,95.1136973974842,41.699378462896306,0.323,post-control
50000.0,150.0,0.003,95.18467776867635,41.48125653776889,0.323,post-control
50000.0,150.0,0.003,95.25565813986852,41.26313461264143,0.323,post-control
50000.0,150.0,0.003,95.32663851106066,41.04501268751401,0.323,post-control
50000.0,150.0,0.003,95.39761888225281,40.8268907623866,0.323,post-control
50000.0,150.0,0.003,95.46859925344496,40.60876883725918,0.323,post-control
50000.0,150.0,0.003,95.53957962463711,40.390646912131764,0.323,post-control
50000.0,150.0,0.003,95.61055999582928,40.1725249870043,0.323,post-control
50000.0,150.0,0.003,95.68154036702143,39.95440306187688,0.323,post-control
50000.0,150.0,0.003,95.75252073821358,39.73628113674947,0.323,post-control
50000.0,150.0,0.003,95.82350110940573,39.51815921162205,0.323,post-control
50000.0,150.0,0.003,95.89448148059788,39.300037286494636,0.323,post-control
50000.0,150.0,0.003,95.96546185179004,39.08191536136717,0.323,post-control
50000.0,150.0,0.003,96.03644222298219,38.86379343623975,0.323,post-control
50000.0,150.0,0.003,96.0892388241298,38.701550042903236,0.323,post-control
50000.0,150.0,0.003,96.10742259417434,38.64917928921098,0.323,post-control
50000.0,150.0,0.003,96.17840296536649,38.444749980680186,0.323,post-control
50000.0,150.0,0.003,96.24938333655864,38.240320672149394,0.323,post-control
50000.0,150.0,0.003,96.3203637077508,38.03589136361857,0.323,post-control
50000.0,150.0,0.003,96.39134407894295,37.831462055087776,0.323,post-control
50000.0,150.0,0.003,96.4623244501351,37.627032746556985,0.323,post-control
50000.0,150.0,0.003,96.53330482132725,37.422603438026194,0.323,post-control
50000.0,150.0,0.003,96.6042851925194,37.21817412949541,0.323,post-control
50000.0,150.0,0.003,96.67526556371156,37.013744820964575,0.323,post-control
50000.0,150.0,0.003,96.74624593490371,36.809315512433784,0.323,post-control
50000.0,150.0,0.003,96.81722630609586,36.60488620390299,0.323,post-control
50000.0,150.0,0.003,96.88820667728801,36.4004568953722,0.323,post-control
50000.0,150.0,0.003,96.95918704848016,36.19602758684142,0.323,post-control
50000.0,150.0,0.003,97.03016741967232,35.99159827831058,0.323,post-control
50000.0,150.0,0.003,97.0892388241298,35.82146777371668,0.323,post-control
50000.0,150.0,0.003,97.10114779086447,35.78938491353583,0.323,post-control
50000.0,150.0,0.003,97.17212816205662,35.598163174884796,0.323,post-control
50000.0,150.0,0.003,97.24310853324877,35.406941436233765,0.323,post-control
50000.0,150.0,0.003,97.31408890444092,35.215719697582735,0.323,post-control
50000.0,150.0,0.003,97.38506927563309,35.02449795893167,0.323,post-control
50000.0,150.0,0.003,97.45604964682524,34.833276220280645,0.323,post-control
50000.0,150.0,0.003,97.52703001801738,34.642054481629614,0.323,post-control
50000.0,150.0,0.003,97.59801038920953,34.450832742978584,0.323,post-control
50000.0,150.0,0.003,97.6689907604017,34.25961100432752,0.323,post-control
50000.0,150.0,0.003,97.73997113159385,34.06838926567649,0.323,post-control
50000.0,150.0,0.003,97.810951502786,33.877167527025456,0.323,post-control
50000.0,150.0,0.003,97.88193187397815,33.68594578837443,0.323,post-control
50000.0,150.0,0.003,97.9529122451703,33.4947240497234,0.323,post-control
50000.0,150.0,0.003,98.02389261636246,33.303502311072336,0.323,post-control
50000.0,150.0,0.003,98.0892388241298,33.12745905779469,0.323,post-control
50000.0,150.0,0.003,98.09487298755461,33.11328644579124,0.323,post-control
50000.0,150.0,0.003,98.16585335874676,32.93473691058671,0.323,post-control
50000.0,150.0,0.003,98.23683372993891,32.756187375382176,0.323,post-control
50000.0,150.0,0.003,98.30781410113106,32.57763784017764,0.323,post-control
50000.0,150.0,0.003,98.37879447232322,32.39908830497307,0.323,post-control
50000.0,150.0,0.003,98.44977484351537,32.22053876976854,0.323,post-control
50000.0,150.0,0.003,98.52075521470752,32.04198923456401,0.323,post-control
50000.0,150.0,0.003,98.59173558589967,31.863439699359475,0.323,post-control
50000.0,150.0,0.003,98.66271595709182,31.684890164154943,0.323,post-control
50000.0,150.0,0.003,98.73369632828398,31.506340628950372,0.323,post-control
50000.0,150.0,0.003,98.80467669947613,31.32779109374584,0.323,post-control
50000.0,150.0,0.003,98.87565707066828,31.14924155854131,0.323,post-control
50000.0,150.0,0.003,98.94663744186043,30.970692023336774,0.323,post-control
50000.0,150.0,0.003,99.01761781305258,30.792142488132242,0.323,post-control
50000.0,150.0,0.003,99.08859818424474,30.613592952927675,0.323,post-control
50000.0,150.0,0.003,99.0892388241298,30.611981437634253,0.323,post-control
50000.0,150.0,0.003,99.1595785554369,30.447039934491926,0.323,post-control
50000.0,150.0,0.003,99.23055892662904,30.280596177877072,0.323,post-control
50000.0,150.0,0.003,99.3015392978212,30.114152421262215,0.323,post-control
50000.0,150.0,0.003,99.37251966901334,29.94770866464736,0.323,post-control
50000.0,150.0,0.003,99.4435000402055,29.781264908032473,0.323,post-control
50000.0,150.0,0.003,99.51448041139766,29.614821151417615,0.323,post-control
50000.0,150.0,0.003,99.5854607825898,29.448377394802762,0.323,post-control
50000.0,150.0,0.003,99.65644115378196,29.281933638187905,0.323,post-control
50000.0,150.0,0.003,99.7274215249741,29.11548988157305,0.323,post-control
50000.0,150.0,0.003,99.79840189616627,28.949046124958162,0.323,post-control
50000.0,150.0,0.003,99.86938226735842,28.782602368343305,0.323,post-control
50000.0,150.0,0.003,99.94036263855057,28.61615861172845,0.323,post-control
50000.0,150.0,0.003,100.01134300974272,28.449714855113594,0.323,post-control
50000.0,150.0,0.003,100.08232338093487,28.28327109849874,0.323,post-control
50000.0,150.0,0.003,100.0892388241298,28.267054892177356,0.323,post-control
50000.0,150.0,0.003,100.15330375212703,28.127222492655616,0.323,post-control
50000.0,150.0,0.003,100.22428412331918,27.972295983986623,0.323,post-control
50000.0,150.0,0.003,100.29526449451133,27.81736947531763,0.323,post-control
50000.0,150.0,0.003,100.36624486570348,27.66244296664864,0.323,post-control
50000.0,150.0,0.003,100.43722523689563,27.507516457979648,0.323,post-control
50000.0,150.0,0.003,100.50820560808779,27.352589949310623,0.323,post-control
50000.0,150.0,0.003,100.57918597927994,27.197663440641634,0.323,post-control
50000.0,150.0,0.003,100.65016635047209,27.04273693197264,0.323,post-control
50000.0,150.0,0.003,100.72114672166424,26.887810423303648,0.323,post-control
50000.0,150.0,0.003,100.79212709285639,26.73288391463466,0.323,post-control
50000.0,150.0,0.003,100.86310746404855,26.577957405965634,0.323,post-control
50000.0,150.0,0.003,100.9340878352407,26.423030897296645,0.323,post-control
50000.0,150.0,0.003,101.00506820643285,26.268104388627652,0.323,post-control
50000.0,150.0,0.003,101.076048577625,26.11317787995866,0.323,post-control
50000.0,150.0,0.003,101.0892388241298,26.084387965153358,0.323,post-control
50000.0,150.0,0.003,101.14702894881715,25.96713831421036,0.323,post-control
50000.0,150.0,0.003,101.21800932000932,25.823127139444605,0.323,post-control
50000.0,150.0,0.003,101.28898969120146,25.679115964678882,0.323,post-control
50000.0,150.0,0.003,101.35997006239361,25.53510478991316,0.323,post-control
50000.0,150.0,0.003,101.43095043358576,25.391093615147437,0.323,post-control
50000.0,150.0,0.003,101.50193080477791,25.24708244038171,0.323,post-control
50000.0,150.0,0.003,101.57291117597008,25.10307126561596,0.323,post-control
50000.0,150.0,0.003,101.64389154716223,24.959060090850237,0.323,post-control
50000.0,150.0,0.003,101.71487191835438,24.815048916084514,0.323,post-control
50000.0,150.0,0.003,101.78585228954653,24.671037741318788,0.323,post-control
50000.0,150.0,0.003,101.85683266073868,24.527026566553065,0.323,post-control
50000.0,150.0,0.003,101.92781303193084,24.383015391787314,0.323,post-control
50000.0,150.0,0.003,101.99879340312299,24.23900421702159,0.323,post-control
50000.0,150.0,0.003,102.06977377431514,24.094993042255865,0.323,post-control
50000.0,150.0,0.003,102.0892388241298,24.055500649590105,0.323,post-control
50000.0,150.0,0.003,102.14075414550729,23.958467733150584,0.323,post-control
50000.0,150.0,0.003,102.21173451669944,23.824770956297257,0.323,post-control
50000.0,150.0,0.003,102.2827148878916,23.691074179443905,0.323,post-control
50000.0,150.0,0.003,102.35369525908375,23.557377402590582,0.323,post-control
50000.0,150.0,0.003,102.4246756302759,23.423680625737255,0.323,post-control
50000.0,150.0,0.003,102.49565600146805,23.28998384888393,0.323,post-control
50000.0,150.0,0.003,102.56663637266021,23.15628707203058,0.323,post-control
50000.0,150.0,0.003,102.63761674385236,23.022590295177256,0.323,post-control
50000.0,150.0,0.003,102.70859711504451,22.88889351832393,0.323,post-control
50000.0,150.0,0.003,102.77957748623666,22.755196741470606,0.323,post-control
50000.0,150.0,0.003,102.85055785742881,22.62149996461728,0.323,post-control
50000.0,150.0,0.003,102.92153822862097,22.48780318776393,0.323,post-control
50000.0,150.0,0.003,102.99251859981312,22.354106410910603,0.323,post-control
50000.0,150.0,0.003,103.06349897100527,22.22040963405728,0.323,post-control
50000.0,150.0,0.003,103.0892388241298,22.171926717701286,0.323,post-control
50000.0,150.0,0.003,103.13447934219742,22.0929067705221,0.323,post-control
50000.0,150.0,0.003,103.20545971338957,21.968927969616725,0.323,post-control
50000.0,150.0,0.003,103.27644008458174,21.844949168711324,0.323,post-control
50000.0,150.0,0.003,103.34742045577389,21.72097036780595,0.323,post-control
50000.0,150.0,0.003,103.41840082696604,21.596991566900574,0.323,post-control
50000.0,150.0,0.003,103.48938119815818,21.473012765995197,0.323,post-control
50000.0,150.0,0.003,103.56036156935033,21.349033965089824,0.323,post-control
50000.0,150.0,0.003,103.6313419405425,21.225055164184422,0.323,post-control
50000.0,150.0,0.003,103.70232231173465,21.10107636327905,0.323,post-control
50000.0,150.0,0.003,103.7733026829268,20.97709756237367,0.323,post-control
50000.0,150.0,0.003,103.84428305411895,20.853118761468295,0.323,post-control
50000.0,150.0,0.003,103.9152634253111,20.72913996056292,0.323,post-control
50000.0,150.0,0.003,103.98624379650326,20.60516115965752,0.323,post-control
50000.0,150.0,0.003,104.05722416769541,20.481182358752147,0.323,post-control
50000.0,150.0,0.003,104.0892388241298,20.42526353711922,0.323,post-control
50000.0,150.0,0.003,104.12820453888756,20.3622157189569,0.323,post-control
50000.0,150.0,0.003,104.19918491007971,20.24736712542186,0.323,post-control
50000.0,150.0,0.003,104.27016528127186,20.132518531886824,0.323,post-control
50000.0,150.0,0.003,104.34114565246402,20.017669938351762,0.323,post-control
50000.0,150.0,0.003,104.41212602365617,19.902821344816722,0.323,post-control
50000.0,150.0,0.003,104.48310639484832,19.787972751281686,0.323,post-control
50000.0,150.0,0.003,104.55408676604047,19.67312415774665,0.323,post-control
50000.0,150.0,0.003,104.62506713723262,19.55827556421161,0.323,post-control
50000.0,150.0,0.003,104.69604750842478,19.443426970676548,0.323,post-control
50000.0,150.0,0.003,104.76702787961693,19.32857837714151,0.323,post-control
50000.0,150.0,0.003,104.83800825080908,19.213729783606475,0.323,post-control
50000.0,150.0,0.003,104.90898862200123,19.098881190071435,0.323,post-control
50000.0,150.0,0.003,104.97996899319338,18.984032596536398,0.323,post-control
50000.0,150.0,0.003,105.05094936438554,18.869184003001337,0.323,post-control
50000.0,150.0,0.003,105.0892388241298,18.80723038786823,0.323,post-control
50000.0,150.0,0.003,105.1219297355777,18.758278019266697,0.323,post-control
50000.0,150.0,0.003,105.19291010676984,18.651989844964515,0.323,post-control
50000.0,150.0,0.003,105.263890477962,18.545701670662332,0.323,post-control
50000.0,150.0,0.003,105.33487084915414,18.43941349636015,0.323,post-control
50000.0,150.0,0.003,105.4058512203463,18.333125322057946,0.323,post-control
50000.0,150.0,0.003,105.47683159153846,18.226837147755763,0.323,post-control
50000.0,150.0,0.003,105.5478119627306,18.12054897345358,0.323,post-control
50000.0,150.0,0.003,105.61879233392276,18.014260799151398,0.323,post-control
50000.0,150.0,0.003,105.6897727051149,17.907972624849215,0.323,post-control
50000.0,150.0,0.003,105.76075307630707,17.801684450547008,0.323,post-control
50000.0,150.0,0.003,105.83173344749922,17.695396276244825,0.323,post-control
50000.0,150.0,0.003,105.90271381869137,17.589108101942642,0.323,post-control
50000.0,150.0,0.003,105.97369418988352,17.48281992764046,0.323,post-control
50000.0,150.0,0.003,106.04467456107567,17.376531753338277,0.323,post-control
50000.0,150.0,0.003,106.0892388241298,17.30979986564044,0.323,post-control
50000.0,150.0,0.003,106.11565493226783,17.2732241666814,0.323,post-control
50000.0,150.0,0.003,106.18663530345998,17.17494486394843,0.323,post-control
50000.0,150.0,0.003,106.25761567465213,17.076665561215457,0.323,post-control
50000.0,150.0,0.003,106.32859604584428,16.978386258482487,0.323,post-control
50000.0,150.0,0.003,106.39957641703643,16.880106955749515,0.323,post-control
50000.0,150.0,0.003,106.47055678822859,16.781827653016524,0.323,post-control
50000.0,150.0,0.003,106.54153715942074,16.683548350283555,0.323,post-control
50000.0,150.0,0.003,106.61251753061289,16.585269047550582,0.323,post-control
50000.0,150.0,0.003,106.68349790180504,16.486989744817613,0.323,post-control
50000.0,150.0,0.003,106.7544782729972,16.388710442084623,0.323,post-control
50000.0,150.0,0.003,106.82545864418935,16.29043113935165,0.323,post-control
50000.0,150.0,0.003,106.8964390153815,16.19215183661868,0.323,post-control
50000.0,150.0,0.003,106.96741938657365,16.09387253388571,0.323,post-control
50000.0,150.0,0.003,107.0383997577658,15.99559323115274,0.323,post-control
50000.0,150.0,0.003,107.0892388241298,15.925201545255202,0.323,post-control
50000.0,150.0,0.003,107.10938012895797,15.899435555396135,0.323,post-control
50000.0,150.0,0.003,107.18036050015012,15.808633120304059,0.323,post-control
50000.0,150.0,0.003,107.25134087134226,15.717830685211982,0.323,post-control
50000.0,150.0,0.003,107.32232124253441,15.627028250119906,0.323,post-control
50000.0,150.0,0.003,107.39330161372656,15.53622581502783,0.323,post-control
50000.0,150.0,0.003,107.46428198491873,15.445423379935736,0.323,post-control
50000.0,150.0,0.003,107.53526235611088,15.35462094484366,0.323,post-control
50000.0,150.0,0.003,107.60624272730303,15.263818509751585,0.323,post-control
50000.0,150.0,0.003,107.67722309849518,15.17301607465951,0.323,post-control
50000.0,150.0,0.003,107.74820346968733,15.082213639567433,0.323,post-control
50000.0,150.0,0.003,107.81918384087949,14.99141120447534,0.323,post-control
50000.0,150.0,0.003,107.89016421207164,14.900608769383263,0.323,post-control
50000.0,150.0,0.003,107.96114458326379,14.809806334291187,0.323,post-control
50000.0,150.0,0.003,108.03212495445594,14.719003899199112,0.323,post-control
50000.0,150.0,0.003,108.0892388241298,14.645940341530775,0.323,post-control
50000.0,150.0,0.003,108.10310532564809,14.629563144824976,0.323,post-control
50000.0,150.0,0.003,108.17408569684025,14.54573093237174,0.323,post-control
50000.0,150.0,0.003,108.2450660680324,14.461898719918521,0.323,post-control
50000.0,150.0,0.003,108.31604643922455,14.378066507465302,0.323,post-control
50000.0,150.0,0.003,108.3870268104167,14.294234295012084,0.323,post-control
50000.0,150.0,0.003,108.45800718160885,14.210402082558865,0.323,post-control
50000.0,150.0,0.003,108.52898755280101,14.12656987010563,0.323,post-control
50000.0,150.0,0.003,108.59996792399316,14.042737657652411,0.323,post-control
50000.0,150.0,0.003,108.67094829518531,13.958905445199193,0.323,post-control
50000.0,150.0,0.003,108.74192866637746,13.875073232745974,0.323,post-control
50000.0,150.0,0.003,108.81290903756961,13.791241020292755,0.323,post-control
50000.0,150.0,0.003,108.88388940876177,13.70740880783952,0.323,post-control
50000.0,150.0,0.003,108.95486977995392,13.623576595386302,0.323,post-control
50000.0,150.0,0.003,109.02585015114607,13.539744382933083,0.323,post-control
50000.0,150.0,0.003,109.0892388241298,13.464878436031885,0.323,post-control
50000.0,150.0,0.003,109.09683052233822,13.45660605053755,0.323,post-control
50000.0,150.0,0.003,109.16781089353037,13.379261433179007,0.323,post-control
50000.0,150.0,0.003,109.23879126472254,13.30191681582045,0.323,post-control
50000.0,150.0,0.003,109.30977163591469,13.224572198461908,0.323,post-control
50000.0,150.0,0.003,109.38075200710684,13.147227581103365,0.323,post-control
50000.0,150.0,0.003,109.45173237829898,13.069882963744824,0.323,post-control
50000.0,150.0,0.003,109.52271274949113,12.992538346386283,0.323,post-control
50000.0,150.0,0.003,109.5936931206833,12.915193729027726,0.323,post-control
50000.0,150.0,0.003,109.66467349187545,12.837849111669183,0.323,post-control
50000.0,150.0,0.003,109.7356538630676,12.760504494310641,0.323,post-control
50000.0,150.0,0.003,109.80663423425975,12.6831598769521,0.323,post-control
50000.0,150.0,0.003,109.8776146054519,12.605815259593557,0.323,post-control
50000.0,150.0,0.003,109.94859497664406,12.528470642235,0.323,post-control
50000.0,150.0,0.003,110.01957534783621,12.451126024876459,0.323,post-control
50000.0,150.0,0.003,110.0892388241298,12.3752163779234,0.323,post-control
50000.0,150.0,0.003,110.09055571902836,12.37389324946526,0.323,post-control
50000.0,150.0,0.003,110.16153609022051,12.30257689066097,0.323,post-control
50000.0,150.0,0.003,110.23251646141266,12.231260531856678,0.323,post-control
50000.0,150.0,0.003,110.30349683260482,12.159944173052374,0.323,post-control
50000.0,150.0,0.003,110.37447720379697,12.088627814248083,0.323,post-control
50000.0,150.0,0.003,110.44545757498912,12.017311455443792,0.323,post-control
50000.0,150.0,0.003,110.51643794618127,11.945995096639502,0.323,post-control
50000.0,150.0,0.003,110.58741831737342,11.874678737835211,0.323,post-control
50000.0,150.0,0.003,110.65839868856558,11.803362379030906,0.323,post-control
50000.0,150.0,0.003,110.72937905975773,11.732046020226615,0.323,post-control
50000.0,150.0,0.003,110.80035943094988,11.660729661422325,0.323,post-control
50000.0,150.0,0.003,110.87133980214203,11.589413302618034,0.323,post-control
50000.0,150.0,0.003,110.94232017333418,11.518096943813743,0.323,post-control
50000.0,150.0,0.003,111.01330054452634,11.446780585009439,0.323,post-control
50000.0,150.0,0.003,111.0842809157185,11.375464226205148,0.323,post-control
50000.0,150.0,0.003,111.0892388241298,11.370482849392932,0.323,post-control
50000.0,150.0,0.003,111.15526128691064,11.30935275367246,0.323,post-control
50000.0,150.0,0.003,111.2262416581028,11.24363213825626,0.323,post-control
50000.0,150.0,0.003,111.29722202929494,11.17791152284006,0.323,post-control
50000.0,150.0,0.003,111.3682024004871,11.112190907423846,0.323,post-control
50000.0,150.0,0.003,111.43918277167926,11.046470292007644,0.323,post-control
50000.0,150.0,0.003,111.5101631428714,10.980749676591444,0.323,post-control
50000.0,150.0,0.003,111.58114351406356,10.915029061175243,0.323,post-control
50000.0,150.0,0.003,111.65212388525572,10.84930844575903,0.323,post-control
50000.0,150.0,0.003,111.72310425644787,10.78358783034283,0.323,post-control
50000.0,150.0,0.003,111.79408462764002,10.71786721492663,0.323,post-control
50000.0,150.0,0.003,111.86506499883217,10.652146599510427,0.323,post-control
50000.0,150.0,0.003,111.93604537002432,10.586425984094227,0.323,post-control
50000.0,150.0,0.003,112.00702574121648,10.520705368678014,0.323,post-control
50000.0,150.0,0.003,112.07800611240863,10.454984753261813,0.323,post-control
50000.0,150.0,0.003,112.0892388241298,10.444584402929618,0.323,post-control
50000.0,150.0,0.003,112.14898648360078,10.393631586792049,0.323,post-control
50000.0,150.0,0.003,112.21996685479293,10.333099511816188,0.323,post-control
50000.0,150.0,0.003,112.29094722598508,10.272567436840326,0.323,post-control
50000.0,150.0,0.003,112.36192759717724,10.212035361864453,0.323,post-control
50000.0,150.0,0.003,112.43290796836939,10.151503286888593,0.323,post-control
50000.0,150.0,0.003,112.50388833956154,10.09097121191273,0.323,post-control
50000.0,150.0,0.003,112.57486871075369,10.03043913693687,0.323,post-control
50000.0,150.0,0.003,112.64584908194584,9.969907061961008,0.323,post-control
50000.0,150.0,0.003,112.716829453138,9.909374986985135,0.323,post-control
50000.0,150.0,0.003,112.78780982433015,9.848842912009275,0.323,post-control
50000.0,150.0,0.003,112.8587901955223,9.788310837033412,0.323,post-control
50000.0,150.0,0.003,112.92977056671445,9.727778762057552,0.323,post-control
50000.0,150.0,0.003,113.0007509379066,9.66724668708169,0.323,post-control
50000.0,150.0,0.003,113.07173130909877,9.606714612105817,0.323,post-control
50000.0,150.0,0.003,113.0892388241298,9.591784199729833,0.323,post-control
50000.0,150.0,0.003,113.14271168029092,9.549801884237688,0.323,post-control
50000.0,150.0,0.003,113.21369205148306,9.494074164585696,0.323,post-control
50000.0,150.0,0.003,113.28467242267521,9.438346444933703,0.323,post-control
50000.0,150.0,0.003,113.35565279386736,9.38261872528171,0.323,post-control
50000.0,150.0,0.003,113.42663316505953,9.326891005629706,0.323,post-control
50000.0,150.0,0.003,113.49761353625168,9.271163285977712,0.323,post-control
50000.0,150.0,0.003,113.56859390744383,9.21543556632572,0.323,post-control
50000.0,150.0,0.003,113.63957427863598,9.159707846673726,0.323,post-control
50000.0,150.0,0.003,113.71055464982813,9.103980127021734,0.323,post-control
50000.0,150.0,0.003,113.78153502102029,9.048252407369729,0.323,post-control
50000.0,150.0,0.003,113.85251539221244,8.992524687717736,0.323,post-control
50000.0,150.0,0.003,113.92349576340459,8.936796968065742,0.323,post-control
50000.0,150.0,0.003,113.99447613459674,8.88106924841375,0.323,post-control
50000.0,150.0,0.003,114.06545650578889,8.825341528761758,0.323,post-control
50000.0,150.0,0.003,114.0892388241298,8.806669685449066,0.323,post-control
50000.0,150.0,0.003,114.13643687698105,8.772569490434186,0.323,post-control
50000.0,150.0,0.003,114.2074172481732,8.721286771049368,0.323,post-control
50000.0,150.0,0.003,114.27839761936535,8.670004051664549,0.323,post-control
50000.0,150.0,0.003,114.3493779905575,8.618721332279732,0.323,post-control
50000.0,150.0,0.003,114.42035836174965,8.567438612894913,0.323,post-control
50000.0,150.0,0.003,114.49133873294181,8.516155893510085,0.323,post-control
50000.0,150.0,0.003,114.56231910413396,8.464873174125266,0.323,post-control
50000.0,150.0,0.003,114.63329947532611,8.413590454740447,0.323,post-control
50000.0,150.0,0.003,114.70427984651826,8.36230773535563,0.323,post-control
50000.0,150.0,0.003,114.77526021771041,8.311025015970811,0.323,post-control
50000.0,150.0,0.003,114.84624058890257,8.259742296585983,0.323,post-control
50000.0,150.0,0.003,114.91722096009472,8.208459577201165,0.323,post-control
50000.0,150.0,0.003,114.98820133128687,8.157176857816346,0.323,post-control
50000.0,150.0,0.003,115.05918170247902,8.105894138431529,0.323,post-control
50000.0,150.0,0.003,115.0892388241298,8.084178121605424,0.323,post-control
50000.0,150.0,0.003,115.13016207367117,8.056981027438152,0.323,post-control
50000.0,150.0,0.003,115.20114244486334,8.009808335607087,0.323,post-control
50000.0,150.0,0.003,115.27212281605549,7.96263564377603,0.323,post-control
50000.0,150.0,0.003,115.34310318724764,7.915462951944975,0.323,post-control
50000.0,150.0,0.003,115.41408355843978,7.86829026011392,0.323,post-control
50000.0,150.0,0.003,115.48506392963193,7.8211175682828635,0.323,post-control
50000.0,150.0,0.003,115.5560443008241,7.773944876451798,0.323,post-control
50000.0,150.0,0.003,115.62702467201625,7.726772184620743,0.323,post-control
50000.0,150.0,0.003,115.6980050432084,7.679599492789688,0.323,post-control
50000.0,150.0,0.003,115.76898541440055,7.6324268009586325,0.323,post-control
50000.0,150.0,0.003,115.83996578559271,7.585254109127567,0.323,post-control
50000.0,150.0,0.003,115.91094615678486,7.538081417296511,0.323,post-control
50000.0,150.0,0.003,115.98192652797701,7.490908725465456,0.323,post-control
50000.0,150.0,0.003,116.05290689916916,7.4437360336344005,0.323,post-control
50000.0,150.0,0.003,116.0892388241298,7.419590277969676,0.323,post-control
50000.0,150.0,0.003,116.12388727036131,7.398416278375675,0.323,post-control
50000.0,150.0,0.003,116.19486764155347,7.355039489103145,0.323,post-control
50000.0,150.0,0.003,116.26584801274562,7.311662699830625,0.323,post-control
50000.0,150.0,0.003,116.33682838393777,7.268285910558104,0.323,post-control
50000.0,150.0,0.003,116.40780875512992,7.224909121285584,0.323,post-control
50000.0,150.0,0.003,116.47878912632207,7.181532332013063,0.323,post-control
50000.0,150.0,0.003,116.54976949751423,7.138155542740534,0.323,post-control
50000.0,150.0,0.003,116.62074986870638,7.094778753468013,0.323,post-control
50000.0,150.0,0.003,116.69173023989853,7.051401964195493,0.323,post-control
50000.0,150.0,0.003,116.76271061109068,7.008025174922972,0.323,post-control
50000.0,150.0,0.003,116.83369098228283,6.9646483856504515,0.323,post-control
50000.0,150.0,0.003,116.904671353475,6.921271596377923,0.323,post-control
50000.0,150.0,0.003,116.97565172466715,6.8778948071054025,0.323,post-control
50000.0,150.0,0.003,117.0466320958593,6.834518017832882,0.323,post-control
50000.0,150.0,0.003,117.0892388241298,6.808480635346139,0.323,post-control
50000.0,150.0,0.003,117.11761246705144,6.792541479475194,0.323,post-control
50000.0,150.0,0.003,117.1885928382436,6.752667600631601,0.323,post-control
50000.0,150.0,0.003,117.25957320943576,6.712793721788001,0.323,post-control
50000.0,150.0,0.003,117.3305535806279,6.67291984294441,0.323,post-control
50000.0,150.0,0.003,117.40153395182006,6.633045964100818,0.323,post-control
50000.0,150.0,0.003,117.4725143230122,6.593172085257226,0.323,post-control
50000.0,150.0,0.003,117.54349469420436,6.553298206413634,0.323,post-control
50000.0,150.0,0.003,117.61447506539652,6.513424327570034,0.323,post-control
50000.0,150.0,0.003,117.68545543658867,6.473550448726442,0.323,post-control
50000.0,150.0,0.003,117.75643580778082,6.43367656988285,0.323,post-control
50000.0,150.0,0.003,117.82741617897297,6.393802691039259,0.323,post-control
50000.0,150.0,0.003,117.89839655016512,6.353928812195666,0.323,post-control
50000.0,150.0,0.003,117.96937692135728,6.314054933352066,0.323,post-control
50000.0,150.0,0.003,118.04035729254943,6.274181054508475,0.323,post-control
50000.0,150.0,0.003,118.0892388241298,6.246721402844379,0.323,post-control
50000.0,150.0,0.003,118.11133766374158,6.2353134431188995,0.323,post-control
50000.0,150.0,0.003,118.18231803493373,6.198671645174552,0.323,post-control
50000.0,150.0,0.003,118.25329840612588,6.162029847230204,0.323,post-control
50000.0,150.0,0.003,118.32427877731804,6.125388049285848,0.323,post-control
50000.0,150.0,0.003,118.39525914851019,6.088746251341501,0.323,post-control
50000.0,150.0,0.003,118.46623951970234,6.052104453397153,0.323,post-control
50000.0,150.0,0.003,118.53721989089449,6.015462655452804,0.323,post-control
50000.0,150.0,0.003,118.60820026208664,5.978820857508457,0.323,post-control
50000.0,150.0,0.003,118.6791806332788,5.9421790595641015,0.323,post-control
50000.0,150.0,0.003,118.75016100447095,5.905537261619753,0.323,post-control
50000.0,150.0,0.003,118.8211413756631,5.868895463675405,0.323,post-control
50000.0,150.0,0.003,118.89212174685525,5.8322536657310575,0.323,post-control
50000.0,150.0,0.003,118.9631021180474,5.795611867786709,0.323,post-control
50000.0,150.0,0.003,119.03408248923957,5.758970069842354,0.323,post-control
50000.0,150.0,0.003,119.0892388241298,5.730497025189947,0.323,post-control
50000.0,150.0,0.003,119.10506286043172,5.722992518120213,0.323,post-control
50000.0,150.0,0.003,119.17604323162386,5.689330266134662,0.323,post-control
50000.0,150.0,0.003,119.24702360281601,5.655668014149111,0.323,post-control
50000.0,150.0,0.003,119.31800397400816,5.6220057621635595,0.323,post-control
50000.0,150.0,0.003,119.38898434520033,5.588343510178001,0.323,post-control
50000.0,150.0,0.003,119.45996471639248,5.55468125819245,0.323,post-control
50000.0,150.0,0.003,119.53094508758463,5.521019006206899,0.323,post-control
50000.0,150.0,0.003,119.60192545877678,5.487356754221348,0.323,post-control
50000.0,150.0,0.003,119.67290582996893,5.4536945022357965,0.323,post-control
50000.0,150.0,0.003,119.74388620116109,5.420032250250238,0.323,post-control
50000.0,150.0,0.003,119.81486657235324,5.386369998264687,0.323,post-control
50000.0,150.0,0.003,119.88584694354539,5.352707746279136,0.323,post-control
50000.0,150.0,0.003,119.95682731473754,5.319045494293585,0.323,post-control
50000.0,150.0,0.003,120.02780768592969,5.285383242308034,0.323,post-control
50000.0,150.0,0.003,120.0892388241298,5.2562496886351004,0.323,post-control
50000.0,150.0,0.003,120.09878805712185,5.252090190159573,0.323,post-control
50000.0,150.0,0.003,120.169768428314,5.221172236224248,0.323,post-control
50000.0,150.0,0.003,120.24074879950615,5.190254282288923,0.323,post-control
50000.0,150.0,0.003,120.3117291706983,5.159336328353599,0.323,post-control
50000.0,150.0,0.003,120.38270954189045,5.128418374418274,0.323,post-control
50000.0,150.0,0.003,120.45368991308261,5.097500420482944,0.323,post-control
50000.0,150.0,0.003,120.52467028427476,5.066582466547619,0.323,post-control
50000.0,150.0,0.003,120.59565065546691,5.0356645126122945,0.323,post-control
50000.0,150.0,0.003,120.66663102665906,5.0047465586769695,0.323,post-control
50000.0,150.0,0.003,120.73761139785123,4.973828604741638,0.323,post-control
50000.0,150.0,0.003,120.80859176904337,4.942910650806314,0.323,post-control
50000.0,150.0,0.003,120.87957214023552,4.911992696870989,0.323,post-control
50000.0,150.0,0.003,120.95055251142767,4.881074742935665,0.323,post-control
50000.0,150.0,0.003,121.02153288261982,4.85015678900034,0.323,post-control
50000.0,150.0,0.003,121.0892388241298,4.820665126085726,0.323,post-control
50000.0,150.0,0.003,121.09251325381199,4.8193554262359575,0.323,post-control
50000.0,150.0,0.003,121.16349362500414,4.790964839016329,0.323,post-control
50000.0,150.0,0.003,121.23447399619629,4.7625742517967,0.323,post-control
50000.0,150.0,0.003,121.30545436738844,4.734183664577071,0.323,post-control
50000.0,150.0,0.003,121.37643473858058,4.705793077357442,0.323,post-control
50000.0,150.0,0.003,121.44741510977275,4.677402490137808,0.323,post-control
50000.0,150.0,0.003,121.5183954809649,4.649011902918179,0.323,post-control
50000.0,150.0,0.003,121.58937585215705,4.620621315698551,0.323,post-control
50000.0,150.0,0.003,121.6603562233492,4.592230728478921,0.323,post-control
50000.0,150.0,0.003,121.73133659454135,4.563840141259293,0.323,post-control
50000.0,150.0,0.003,121.80231696573351,4.535449554039658,0.323,post-control
50000.0,150.0,0.003,121.87329733692566,4.507058966820029,0.323,post-control
50000.0,150.0,0.003,121.94427770811781,4.478668379600401,0.323,post-control
50000.0,150.0,0.003,122.01525807930996,4.450277792380772,0.323,post-control
50000.0,150.0,0.003,122.08623845050211,4.421887205161143,0.323,post-control
50000.0,150.0,0.003,122.0892388241298,4.4206871217051456,0.323,post-control
50000.0,150.0,0.003,122.15721882169427,4.395725302800714,0.323,post-control
50000.0,150.0,0.003,122.22819919288642,4.369661765952434,0.323,post-control
50000.0,150.0,0.003,122.29917956407857,4.343598229104154,0.323,post-control
50000.0,150.0,0.003,122.37015993527072,4.317534692255874,0.323,post-control
50000.0,150.0,0.003,122.44114030646287,4.291471155407594,0.323,post-control
50000.0,150.0,0.003,122.51212067765503,4.265407618559309,0.323,post-control
50000.0,150.0,0.003,122.58310104884718,4.239344081711029,0.323,post-control
50000.0,150.0,0.003,122.65408142003933,4.213280544862749,0.323,post-control
50000.0,150.0,0.003,122.72506179123148,4.187217008014469,0.323,post-control
50000.0,150.0,0.003,122.79604216242363,4.161153471166189,0.323,post-control
50000.0,150.0,0.003,122.8670225336158,4.135089934317904,0.323,post-control
50000.0,150.0,0.003,122.93800290480795,4.1090263974696235,0.323,post-control
50000.0,150.0,0.003,123.0089832760001,4.082962860621344,0.323,post-control
50000.0,150.0,0.003,123.07996364719224,4.056899323773064,0.323,post-control
50000.0,150.0,0.003,123.0892388241298,4.053493538316804,0.323,post-control
50000.0,150.0,0.003,123.1509440183844,4.032696680576759,0.323,post-control
50000.0,150.0,0.003,123.22192438957656,4.008773756423434,0.323,post-control
50000.0,150.0,0.003,123.2929047607687,3.9848508322701126,0.323,post-control
50000.0,150.0,0.003,123.36388513196086,3.960927908116792,0.323,post-control
50000.0,150.0,0.003,123.434865503153,3.937004983963471,0.323,post-control
50000.0,150.0,0.003,123.50584587434516,3.9130820598101503,0.323,post-control
50000.0,150.0,0.003,123.57682624553732,3.8891591356568247,0.323,post-control
50000.0,150.0,0.003,123.64780661672947,3.865236211503504,0.323,post-control
50000.0,150.0,0.003,123.71878698792162,3.841313287350183,0.323,post-control
50000.0,150.0,0.003,123.78976735911377,3.8173903631968624,0.323,post-control
50000.0,150.0,0.003,123.86074773030592,3.7934674390435417,0.323,post-control
50000.0,150.0,0.003,123.93172810149808,3.769544514890216,0.323,post-control
50000.0,150.0,0.003,124.00270847269023,3.7456215907368953,0.323,post-control
50000.0,150.0,0.003,124.07368884388238,3.7216986665835745,0.323,post-control
50000.0,150.0,0.003,124.0892388241298,3.7164577669968777,0.323,post-control
50000.0,150.0,0.003,124.14466921507453,3.699312640679889,0.323,post-control
50000.0,150.0,0.003,124.21564958626668,3.6773577634117585,0.323,post-control
50000.0,150.0,0.003,124.28662995745884,3.655402886143624,0.323,post-control
50000.0,150.0,0.003,124.35761032865099,3.6334480088754937,0.323,post-control
50000.0,150.0,0.003,124.42859069984314,3.611493131607363,0.323,post-control
50000.0,150.0,0.003,124.49957107103529,3.589538254339233,0.323,post-control
50000.0,150.0,0.003,124.57055144222744,3.5675833770711023,0.323,post-control
50000.0,150.0,0.003,124.6415318134196,3.5456284998029677,0.323,post-control
50000.0,150.0,0.003,124.71251218461175,3.5236736225348375,0.323,post-control
50000.0,150.0,0.003,124.7834925558039,3.501718745266707,0.323,post-control
50000.0,150.0,0.003,124.85447292699605,3.4797638679985767,0.323,post-control
50000.0,150.0,0.003,124.92545329818822,3.4578089907304417,0.323,post-control
50000.0,150.0,0.003,124.99643366938037,3.4358541134623115,0.323,post-control
50000.0,150.0,0.003,125.06741404057252,3.4138992361941813,0.323,post-control
50000.0,150.0,0.003,125.0892388241298,3.407148631254311,0.323,post-control
50000.0,150.0,0.003,125.13839441176466,3.393197892684705,0.323,post-control
50000.0,150.0,0.003,125.20937478295681,3.373053110581179,0.323,post-control
50000.0,150.0,0.003,125.28035515414898,3.352908328477649,0.323,post-control
50000.0,150.0,0.003,125.35133552534113,3.3327635463741228,0.323,post-control
50000.0,150.0,0.003,125.42231589653328,3.312618764270597,0.323,post-control
50000.0,150.0,0.003,125.49329626772543,3.292473982167071,0.323,post-control
50000.0,150.0,0.003,125.56427663891758,3.272329200063545,0.323,post-control
50000.0,150.0,0.003,125.63525701010974,3.252184417960015,0.323,post-control
50000.0,150.0,0.003,125.70623738130189,3.2320396358564887,0.323,post-control
50000.0,150.0,0.003,125.77721775249404,3.211894853752963,0.323,post-control
50000.0,150.0,0.003,125.84819812368619,3.191750071649437,0.323,post-control
50000.0,150.0,0.003,125.91917849487834,3.171605289545911,0.323,post-control
50000.0,150.0,0.003,125.9901588660705,3.1514605074423807,0.323,post-control
50000.0,150.0,0.003,126.06113923726265,3.1313157253388546,0.323,post-control
50000.0,150.0,0.003,126.0892388241298,3.123340843760604,0.323,post-control
50000.0,150.0,0.003,126.1321196084548,3.1121761929890255,0.323,post-control
50000.0,150.0,0.003,126.20309997964695,3.093695396322832,0.323,post-control
50000.0,150.0,0.003,126.2740803508391,3.075214599656639,0.323,post-control
50000.0,150.0,0.003,126.34506072203126,3.0567338029904416,0.323,post-control
50000.0,150.0,0.003,126.41604109322341,3.0382530063242483,0.323,post-control
50000.0,150.0,0.003,126.48702146441556,3.019772209658055,0.323,post-control
50000.0,150.0,0.003,126.55800183560771,3.0012914129918618,0.323,post-control
50000.0,150.0,0.003,126.62898220679986,2.9828106163256685,0.323,post-control
50000.0,150.0,0.003,126.69996257799203,2.964329819659471,0.323,post-control
50000.0,150.0,0.003,126.77094294918417,2.945849022993278,0.323,post-control
50000.0,150.0,0.003,126.84192332037632,2.9273682263270846,0.323,post-control
50000.0,150.0,0.003,126.91290369156847,2.908887429660891,0.323,post-control
50000.0,150.0,0.003,126.98388406276062,2.8904066329946976,0.323,post-control
50000.0,150.0,0.003,127.05486443395279,2.8719258363285007,0.323,post-control
50000.0,150.0,0.003,127.0892388241298,2.8629759519489735,0.323,post-control
50000.0,150.0,0.003,127.12584480514494,2.854233259804055,0.323,post-control
50000.0,150.0,0.003,127.19682517633709,2.837280851578516,0.323,post-control
50000.0,150.0,0.003,127.26780554752924,2.8203284433529774,0.323,post-control
50000.0,150.0,0.003,127.33878591872138,2.803376035127439,0.323,post-control
50000.0,150.0,0.003,127.40976628991355,2.7864236269018967,0.323,post-control
50000.0,150.0,0.003,127.4807466611057,2.7694712186763577,0.323,post-control
50000.0,150.0,0.003,127.55172703229785,2.752518810450819,0.323,post-control
50000.0,150.0,0.003,127.62270740349,2.73556640222528,0.323,post-control
50000.0,150.0,0.003,127.69368777468215,2.7186139939997416,0.323,post-control
50000.0,150.0,0.003,127.76466814587431,2.7016615857741995,0.323,post-control
50000.0,150.0,0.003,127.83564851706646,2.684709177548661,0.323,post-control
50000.0,150.0,0.003,127.90662888825861,2.667756769323122,0.323,post-control
50000.0,150.0,0.003,127.97760925945076,2.6508043610975833,0.323,post-control
50000.0,150.0,0.003,128.0485896306429,2.6338519528720448,0.323,post-control
50000.0,150.0,0.003,128.08923882412978,2.6241436108268488,0.323,post-control
50000.0,150.0,0.003,128.11957000183506,2.61749926330989,0.323,post-control
50000.0,150.0,0.003,128.1905503730272,2.601950303831099,0.323,post-control
50000.0,150.0,0.003,128.26153074421939,2.5864013443523017,0.323,post-control
50000.0,150.0,0.003,128.33251111541153,2.570852384873511,0.323,post-control
50000.0,150.0,0.003,128.40349148660368,2.55530342539472,0.323,post-control
50000.0,150.0,0.003,128.47447185779583,2.5397544659159292,0.323,post-control
50000.0,150.0,0.003,128.54545222898798,2.5242055064371383,0.323,post-control
50000.0,150.0,0.003,128.61643260018013,2.5086565469583477,0.323,post-control
50000.0,150.0,0.003,128.68741297137228,2.4931075874795567,0.323,post-control
50000.0,150.0,0.003,128.75839334256443,2.4775586280007658,0.323,post-control
50000.0,150.0,0.003,128.82937371375658,2.462009668521975,0.323,post-control
50000.0,150.0,0.003,128.90035408494873,2.4464607090431842,0.323,post-control
50000.0,150.0,0.003,128.9713344561409,2.430911749564387,0.323,post-control
50000.0,150.0,0.003,129.04231482733306,2.415362790085596,0.323,post-control
50000.0,150.0,0.003,129.08923882412978,2.405083619766805,0.323,post-control
50000.0,150.0,0.003,129.1132951985252,2.4002508971225507,0.323,post-control
50000.0,150.0,0.003,129.18427556971736,2.385991539435506,0.323,post-control
50000.0,150.0,0.003,129.2552559409095,2.3717321817484613,0.323,post-control
50000.0,150.0,0.003,129.32623631210166,2.357472824061417,0.323,post-control
50000.0,150.0,0.003,129.3972166832938,2.343213466374372,0.323,post-control
50000.0,150.0,0.003,129.46819705448596,2.3289541086873276,0.323,post-control
50000.0,150.0,0.003,129.5391774256781,2.314694751000283,0.323,post-control
50000.0,150.0,0.003,129.61015779687025,2.300435393313238,0.323,post-control
50000.0,150.0,0.003,129.68113816806243,2.286176035626188,0.323,post-control
50000.0,150.0,0.003,129.75211853925458,2.2719166779391435,0.323,post-control
50000.0,150.0,0.003,129.82309891044673,2.2576573202520986,0.323,post-control
50000.0,150.0,0.003,129.89407928163888,2.243397962565054,0.323,post-control
50000.0,150.0,0.003,129.96505965283103,2.2291386048780097,0.323,post-control
50000.0,150.0,0.003,130.03604002402318,2.214879247190965,0.323,post-control
50000.0,150.0,0.003,130.08923882412978,2.204192057105863,0.323,post-control
50000.0,150.0,0.003,130.10702039521533,2.200916561446896,0.323,post-control
50000.0,150.0,0.003,130.17800076640748,2.1878414570822025,0.323,post-control
50000.0,150.0,0.003,130.24898113759963,2.1747663527175094,0.323,post-control
50000.0,150.0,0.003,130.31996150879178,2.1616912483528163,0.323,post-control
50000.0,150.0,0.003,130.39094187998396,2.148616143988118,0.323,post-control
50000.0,150.0,0.003,130.4619222511761,2.1355410396234245,0.323,post-control
50000.0,150.0,0.003,130.53290262236825,2.1224659352587314,0.323,post-control
50000.0,150.0,0.003,130.6038829935604,2.1093908308940383,0.323,post-control
50000.0,150.0,0.003,130.67486336475255,2.096315726529345,0.323,post-control
50000.0,150.0,0.003,130.7458437359447,2.083240622164652,0.323,post-control
50000.0,150.0,0.003,130.81682410713685,2.0701655177999587,0.323,post-control
50000.0,150.0,0.003,130.887804478329,2.0570904134352657,0.323,post-control
50000.0,150.0,0.003,130.95878484952115,2.044015309070572,0.323,post-control
50000.0,150.0,0.003,131.0297652207133,2.030940204705879,0.323,post-control
50000.0,150.0,0.003,131.08923882412978,2.019984731262246,0.323,post-control
50000.0,150.0,0.003,131.10074559190548,2.018041257402727,0.323,post-control
50000.0,150.0,0.003,131.17172596309763,2.006052791254811,0.323,post-control
50000.0,150.0,0.003,131.24270633428978,1.9940643251068952,0.323,post-control
50000.0,150.0,0.003,131.31368670548193,1.9820758589589795,0.323,post-control
50000.0,150.0,0.003,131.38466707667408,1.9700873928110638,0.323,post-control
50000.0,150.0,0.003,131.45564744786623,1.958098926663148,0.323,post-control
50000.0,150.0,0.003,131.52662781905838,1.9461104605152322,0.323,post-control
50000.0,150.0,0.003,131.59760819025053,1.9341219943673165,0.323,post-control
50000.0,150.0,0.003,131.66858856144268,1.9221335282194008,0.323,post-control
50000.0,150.0,0.003,131.73956893263482,1.910145062071485,0.323,post-control
50000.0,150.0,0.003,131.810549303827,1.8981565959235644,0.323,post-control
50000.0,150.0,0.003,131.88152967501915,1.8861681297756487,0.323,post-control
50000.0,150.0,0.003,131.9525100462113,1.8741796636277328,0.323,post-control
50000.0,150.0,0.003,132.02349041740345,1.862191197479817,0.323,post-control
50000.0,150.0,0.003,132.08923882412978,1.8510864013921184,0.323,post-control
50000.0,150.0,0.003,132.0944707885956,1.8502762079086068,0.323,post-control
50000.0,150.0,0.003,132.16545115978775,1.83928457473281,0.323,post-control
50000.0,150.0,0.003,132.2364315309799,1.8282929415570128,0.323,post-control
50000.0,150.0,0.003,132.30741190217205,1.8173013083812157,0.323,post-control
50000.0,150.0,0.003,132.3783922733642,1.8063096752054186,0.323,post-control
50000.0,150.0,0.003,132.44937264455638,1.7953180420296173,0.323,post-control
50000.0,150.0,0.003,132.52035301574853,1.7843264088538202,0.323,post-control
50000.0,150.0,0.003,132.59133338694068,1.7733347756780231,0.323,post-control
50000.0,150.0,0.003,132.66231375813283,1.7623431425022262,0.323,post-control
50000.0,150.0,0.003,132.73329412932497,1.7513515093264291,0.323,post-control
50000.0,150.0,0.003,132.80427450051712,1.740359876150632,0.323,post-control
50000.0,150.0,0.003,132.87525487170927,1.729368242974835,0.323,post-control
50000.0,150.0,0.003,132.94623524290142,1.718376609799038,0.323,post-control
50000.0,150.0,0.003,133.01721561409357,1.707384976623241,0.323,post-control
50000.0,150.0,0.003,133.08819598528572,1.6963933434474439,0.323,post-control
50000.0,150.0,0.003,133.08923882412978,1.6962318551114035,0.323,post-control
50000.0,150.0,0.003,133.1591763564779,1.6863035892458562,0.323,post-control
50000.0,150.0,0.003,133.23015672767005,1.6762272829655158,0.323,post-control
50000.0,150.0,0.003,133.3011370988622,1.6661509766851752,0.323,post-control
50000.0,150.0,0.003,133.37211747005435,1.6560746704048346,0.323,post-control
50000.0,150.0,0.003,133.4430978412465,1.6459983641244942,0.323,post-control
50000.0,150.0,0.003,133.51407821243865,1.6359220578441536,0.323,post-control
50000.0,150.0,0.003,133.5850585836308,1.625845751563813,0.323,post-control
50000.0,150.0,0.003,133.65603895482295,1.6157694452834723,0.323,post-control
50000.0,150.0,0.003,133.7270193260151,1.605693139003132,0.323,post-control
50000.0,150.0,0.003,133.79799969720725,1.5956168327227913,0.323,post-control
50000.0,150.0,0.003,133.86898006839942,1.5855405264424467,0.323,post-control
50000.0,150.0,0.003,133.93996043959157,1.575464220162106,0.323,post-control
50000.0,150.0,0.003,134.01094081078372,1.5653879138817657,0.323,post-control
50000.0,150.0,0.003,134.08192118197587,1.555311607601425,0.323,post-control
50000.0,150.0,0.003,134.08923882412978,1.5542728020506187,0.323,post-control
50000.0,150.0,0.003,134.15290155316802,1.5459887890954065,0.323,post-control
50000.0,150.0,0.003,134.22388192436017,1.536752579410328,0.323,post-control
50000.0,150.0,0.003,134.29486229555232,1.5275163697252496,0.323,post-control
50000.0,150.0,0.003,134.36584266674447,1.5182801600401712,0.323,post-control
50000.0,150.0,0.003,134.43682303793662,1.5090439503550928,0.323,post-control
50000.0,150.0,0.003,134.50780340912877,1.4998077406700145,0.323,post-control
50000.0,150.0,0.003,134.57878378032095,1.4905715309849323,0.323,post-control
50000.0,150.0,0.003,134.6497641515131,1.481335321299854,0.323,post-control
50000.0,150.0,0.003,134.72074452270525,1.4720991116147755,0.323,post-control
50000.0,150.0,0.003,134.7917248938974,1.462862901929697,0.323,post-control
50000.0,150.0,0.003,134.86270526508955,1.4536266922446186,0.323,post-control
50000.0,150.0,0.003,134.9336856362817,1.4443904825595402,0.323,post-control
50000.0,150.0,0.003,135.00466600747384,1.4351542728744617,0.323,post-control
50000.0,150.0,0.003,135.075646378666,1.4259180631893833,0.323,post-control
50000.0,150.0,0.003,135.08923882412978,1.424149367501717,0.323,post-control
50000.0,150.0,0.003,135.14662674985814,1.4173046893242136,0.323,post-control
50000.0,150.0,0.003,135.2176071210503,1.4088388353738612,0.323,post-control
50000.0,150.0,0.003,135.28858749224247,1.4003729814235053,0.323,post-control
50000.0,150.0,0.003,135.35956786343462,1.391907127473153,0.323,post-control
50000.0,150.0,0.003,135.43054823462677,1.3834412735228006,0.323,post-control
50000.0,150.0,0.003,135.50152860581892,1.3749754195724482,0.323,post-control
50000.0,150.0,0.003,135.57250897701107,1.3665095656220958,0.323,post-control
50000.0,150.0,0.003,135.64348934820322,1.3580437116717434,0.323,post-control
50000.0,150.0,0.003,135.71446971939537,1.349577857721391,0.323,post-control
50000.0,150.0,0.003,135.78545009058752,1.3411120037710387,0.323,post-control
50000.0,150.0,0.003,135.85643046177967,1.3326461498206863,0.323,post-control
50000.0,150.0,0.003,135.92741083297182,1.324180295870334,0.323,post-control
50000.0,150.0,0.003,135.998391204164,1.3157144419199782,0.323,post-control
50000.0,150.0,0.003,136.06937157535614,1.3072485879696258,0.323,post-control
50000.0,150.0,0.003,136.08923882412978,1.3048790141890434,0.323,post-control
50000.0,150.0,0.003,136.1403519465483,1.2992912906139187,0.323,post-control
50000.0,150.0,0.003,136.21133231774044,1.2915316650086979,0.323,post-control
50000.0,150.0,0.003,136.2823126889326,1.283772039403477,0.323,post-control
50000.0,150.0,0.003,136.35329306012474,1.2760124137982563,0.323,post-control
50000.0,150.0,0.003,136.4242734313169,1.2682527881930354,0.323,post-control
50000.0,150.0,0.003,136.49525380250904,1.2604931625878146,0.323,post-control
50000.0,150.0,0.003,136.5662341737012,1.2527335369825938,0.323,post-control
50000.0,150.0,0.003,136.63721454489337,1.24497391137737,0.323,post-control
50000.0,150.0,0.003,136.70819491608552,1.237214285772149,0.323,post-control
50000.0,150.0,0.003,136.77917528727767,1.2294546601669283,0.323,post-control
50000.0,150.0,0.003,136.85015565846982,1.2216950345617077,0.323,post-control
50000.0,150.0,0.003,136.92113602966197,1.2139354089564869,0.323,post-control
50000.0,150.0,0.003,136.99211640085412,1.206175783351266,0.323,post-control
50000.0,150.0,0.003,137.06309677204626,1.1984161577460453,0.323,post-control
50000.0,150.0,0.003,137.08923882412978,1.1955582896719108,0.323,post-control
50000.0,150.0,0.003,137.13407714323841,1.1910658515621566,0.323,post-control
50000.0,150.0,0.003,137.20505751443056,1.1839541905782662,0.323,post-control
50000.0,150.0,0.003,137.2760378856227,1.1768425295943756,0.323,post-control
50000.0,150.0,0.003,137.3470182568149,1.1697308686104824,0.323,post-control
50000.0,150.0,0.003,137.41799862800704,1.162619207626592,0.323,post-control
50000.0,150.0,0.003,137.4889789991992,1.1555075466427016,0.323,post-control
50000.0,150.0,0.003,137.55995937039134,1.148395885658811,0.323,post-control
50000.0,150.0,0.003,137.6309397415835,1.1412842246749206,0.323,post-control
50000.0,150.0,0.003,137.70192011277564,1.1341725636910303,0.323,post-control
50000.0,150.0,0.003,137.7729004839678,1.1270609027071397,0.323,post-control
50000.0,150.0,0.003,137.84388085515994,1.1199492417232493,0.323,post-control
50000.0,150.0,0.003,137.9148612263521,1.1128375807393587,0.323,post-control
50000.0,150.0,0.003,137.98584159754424,1.1057259197554683,0.323,post-control
50000.0,150.0,0.003,138.05682196873641,1.098614258771575,0.323,post-control
50000.0,150.0,0.003,138.08923882412978,1.0953663511902336,0.323,post-control
50000.0,150.0,0.003,138.12780233992856,1.0918254422256397,0.323,post-control
50000.0,150.0,0.003,138.1987827111207,1.0853080117616773,0.323,post-control
50000.0,150.0,0.003,138.26976308231286,1.0787905812977152,0.323,post-control
50000.0,150.0,0.003,138.340743453505,1.072273150833753,0.323,post-control
50000.0,150.0,0.003,138.41172382469716,1.0657557203697907,0.323,post-control
50000.0,150.0,0.003,138.4827041958893,1.0592382899058286,0.323,post-control
50000.0,150.0,0.003,138.55368456708146,1.0527208594418664,0.323,post-control
50000.0,150.0,0.003,138.6246649382736,1.046203428977904,0.323,post-control
50000.0,150.0,0.003,138.69564530946576,1.039685998513942,0.323,post-control
50000.0,150.0,0.003,138.76662568065794,1.0331685680499771,0.323,post-control
50000.0,150.0,0.003,138.8376060518501,1.026651137586015,0.323,post-control
50000.0,150.0,0.003,138.90858642304224,1.0201337071220526,0.323,post-control
50000.0,150.0,0.003,138.9795667942344,1.0136162766580905,0.323,post-control
50000.0,150.0,0.003,139.05054716542654,1.0070988461941284,0.323,post-control
50000.0,150.0,0.003,139.08923882412978,1.003546171124973,0.323,post-control
50000.0,150.0,0.003,139.1215275366187,1.000713908160915,0.323,post-control
50000.0,150.0,0.003,139.1296181982273,1.0000042211073774,0.323,post-control
50000.0,150.0,0.003,139.19250790781084,,0.323,post-control
50000.0,150.0,0.003,139.26348827900298,,0.323,post-control
50000.0,150.0,0.003,139.33446865019513,,0.323,post-control
50000.0,150.0,0.003,139.40544902138728,,0.323,post-control
50000.0,150.0,0.003,139.47642939257946,,0.323,post-control
50000.0,150.0,0.003,139.5474097637716,,0.323,post-control
50000.0,150.0,0.003,139.61839013496376,,0.323,post-control
50000.0,150.0,0.003,139.6893705061559,,0.323,post-control
50000.0,150.0,0.003,139.76035087734806,,0.323,post-control
50000.0,150.0,0.003,139.8313312485402,,0.323,post-control
50000.0,150.0,0.003,139.90231161973236,,0.323,post-control
50000.0,150.0,0.003,139.9732919909245,,0.323,post-control
50000.0,150.0,0.003,140.04427236211666,,0.323,post-control
50000.0,150.0,0.003,140.1152527333088,,0.323,post-control
50000.0,150.0,0.003,140.18623310450099,,0.323,post-control
50000.0,150.0,0.003,140.25721347569313,,0.323,post-control
50000.0,150.0,0.003,140.32819384688528,,0.323,post-control
50000.0,150.0,0.003,140.39917421807743,,0.323,post-control
50000.0,150.0,0.003,140.47015458926958,,0.323,post-control
50000.0,150.0,0.003,140.54113496046173,,0.323,post-control
50000.0,150.0,0.003,140.61211533165388,,0.323,post-control
50000.0,150.0,0.003,140.68309570284603,,0.323,post-control
50000.0,150.0,0.003,140.75407607403818,,0.323,post-control
50000.0,150.0,0.003,140.82505644523036,,0.323,post-control
50000.0,150.0,0.003,140.8960368164225,,0.323,post-control
50000.0,150.0,0.003,140.96701718761466,,0.323,post-control
50000.0,150.0,0.003,141.0379975588068,,0.323,post-control
50000.0,150.0,0.003,141.10897792999896,,0.323,post-control
50000.0,150.0,0.003,141.1799583011911,,0.323,post-control
50000.0,150.0,0.003,141.25093867238326,,0.323,post-control
50000.0,150.0,0.003,141.3219190435754,,0.323,post-control
50000.0,150.0,0.003,141.39289941476756,,0.323,post-control
50000.0,150.0,0.003,141.4638797859597,,0.323,post-control
50000.0,150.0,0.003,141.53486015715188,,0.323,post-control
50000.0,150.0,0.003,141.60584052834403,,0.323,post-control
50000.0,150.0,0.003,141.67682089953618,,0.323,post-control
50000.0,150.0,0.003,141.74780127072833,,0.323,post-control
50000.0,150.0,0.003,141.81878164192048,,0.323,post-control
50000.0,150.0,0.003,141.88976201311263,,0.323,post-control
50000.0,150.0,0.003,141.96074238430478,,0.323,post-control
50000.0,150.0,0.003,142.03172275549693,,0.323,post-control
50000.0,150.0,0.003,142.10270312668908,,0.323,post-control
50000.0,150.0,0.003,142.17368349788123,,0.323,post-control
50000.0,150.0,0.003,142.2446638690734,,0.323,post-control
50000.0,150.0,0.003,142.31564424026556,,0.323,post-control
50000.0,150.0,0.003,142.3866246114577,,0.323,post-control
50000.0,150.0,0.003,142.45760498264985,,0.323,post-control
50000.0,150.0,0.003,142.528585353842,,0.323,post-control
50000.0,150.0,0.003,142.59956572503415,,0.323,post-control
50000.0,150.0,0.003,142.6705460962263,,0.323,post-control
50000.0,150.0,0.003,142.74152646741845,,0.323,post-control
50000.0,150.0,0.003,142.8125068386106,,0.323,post-control
50000.0,150.0,0.003,142.88348720980275,,0.323,post-control
50000.0,150.0,0.003,142.95446758099493,,0.323,post-control
50000.0,150.0,0.003,143.02544795218708,,0.323,post-control
50000.0,150.0,0.003,143.09642832337923,,0.323,post-control
50000.0,150.0,0.003,143.16740869457138,,0.323,post-control
50000.0,150.0,0.003,143.23838906576353,,0.323,post-control
50000.0,150.0,0.003,143.30936943695568,,0.323,post-control
50000.0,150.0,0.003,143.38034980814783,,0.323,post-control
50000.0,150.0,0.003,143.45133017933998,,0.323,post-control
50000.0,150.0,0.003,143.52231055053213,,0.323,post-control
50000.0,150.0,0.003,143.59329092172428,,0.323,post-control
50000.0,150.0,0.003,143.66427129291645,,0.323,post-control
50000.0,150.0,0.003,143.7352516641086,,0.323,post-control
50000.0,150.0,0.003,143.80623203530075,,0.323,post-control
50000.0,150.0,0.003,143.8772124064929,,0.323,post-control
50000.0,150.0,0.003,143.94819277768505,,0.323,post-control
50000.0,150.0,0.003,144.0191731488772,,0.323,post-control
50000.0,150.0,0.003,144.09015352006935,,0.323,post-control
50000.0,150.0,0.003,144.1611338912615,,0.323,post-control
50000.0,150.0,0.003,144.23211426245365,,0.323,post-control
50000.0,150.0,0.003,144.3030946336458,,0.323,post-control
50000.0,150.0,0.003,144.37407500483798,,0.323,post-control
50000.0,150.0,0.003,144.44505537603013,,0.323,post-control
50000.0,150.0,0.003,144.51603574722228,,0.323,post-control
50000.0,150.0,0.003,144.58701611841443,,0.323,post-control
50000.0,150.0,0.003,144.65799648960657,,0.323,post-control
50000.0,150.0,0.003,144.72897686079872,,0.323,post-control
50000.0,150.0,0.003,144.79995723199087,,0.323,post-control
50000.0,150.0,0.003,144.87093760318302,,0.323,post-control
50000.0,150.0,0.003,144.94191797437517,,0.323,post-control
50000.0,150.0,0.003,145.01289834556732,,0.323,post-control
50000.0,150.0,0.003,145.0838787167595,,0.323,post-control
50000.0,150.0,0.003,145.15485908795165,,0.323,post-control
50000.0,150.0,0.003,145.2258394591438,,0.323,post-control
50000.0,150.0,0.003,145.29681983033595,,0.323,post-control
50000.0,150.0,0.003,145.3678002015281,,0.323,post-control
50000.0,150.0,0.003,145.43878057272025,,0.323,post-control
50000.0,150.0,0.003,145.5097609439124,,0.323,post-control
50000.0,150.0,0.003,145.58074131510455,,0.323,post-control
50000.0,150.0,0.003,145.6517216862967,,0.323,post-control
50000.0,150.0,0.003,145.72270205748887,,0.323,post-control
50000.0,150.0,0.003,145.79368242868102,,0.323,post-control
50000.0,150.0,0.003,145.86466279987317,,0.323,post-control
50000.0,150.0,0.003,145.93564317106532,,0.323,post-control
50000.0,150.0,0.003,146.00662354225747,,0.323,post-control
50000.0,150.0,0.003,146.07760391344962,,0.323,post-control
50000.0,150.0,0.003,146.14858428464177,,0.323,post-control
50000.0,150.0,0.003,146.21956465583392,,0.323,post-control
50000.0,150.0,0.003,146.29054502702607,,0.323,post-control
50000.0,150.0,0.003,146.36152539821822,,0.323,post-control
50000.0,150.0,0.003,146.4325057694104,,0.323,post-control
50000.0,150.0,0.003,146.50348614060255,,0.323,post-control
50000.0,150.0,0.003,146.5744665117947,,0.323,post-control
50000.0,150.0,0.003,146.64544688298685,,0.323,post-control
50000.0,150.0,0.003,146.716427254179,,0.323,post-control
50000.0,150.0,0.003,146.78740762537115,,0.323,post-control
50000.0,150.0,0.003,146.8583879965633,,0.323,post-control
50000.0,150.0,0.003,146.92936836775544,,0.323,post-control
50000.0,150.0,0.003,147.0003487389476,,0.323,post-control
50000.0,150.0,0.003,147.07132911013974,,0.323,post-control
50000.0,150.0,0.003,147.14230948133192,,0.323,post-control
50000.0,150.0,0.003,147.21328985252407,,0.323,post-control
50000.0,150.0,0.003,147.28427022371622,,0.323,post-control
50000.0,150.0,0.003,147.35525059490837,,0.323,post-control
50000.0,150.0,0.003,147.42623096610052,,0.323,post-control
50000.0,150.0,0.003,147.49721133729267,,0.323,post-control
50000.0,150.0,0.003,147.56819170848482,,0.323,post-control
50000.0,150.0,0.003,147.63917207967697,,0.323,post-control
50000.0,150.0,0.003,147.71015245086912,,0.323,post-control
50000.0,150.0,0.003,147.78113282206127,,0.323,post-control
50000.0,150.0,0.003,147.85211319325344,,0.323,post-control
50000.0,150.0,0.003,147.9230935644456,,0.323,post-control
50000.0,150.0,0.003,147.99407393563774,,0.323,post-control
50000.0,150.0,0.003,148.0650543068299,,0.323,post-control
50000.0,150.0,0.003,148.13603467802204,,0.323,post-control
50000.0,150.0,0.003,148.2070150492142,,0.323,post-control
50000.0,150.0,0.003,148.27799542040634,,0.323,post-control
50000.0,150.0,0.003,148.3489757915985,,0.323,post-control
50000.0,150.0,0.003,148.41995616279064,,0.323,post-control
50000.0,150.0,0.003,148.4909365339828,,0.323,post-control
50000.0,150.0,0.003,148.56191690517497,,0.323,post-control
50000.0,150.0,0.003,148.63289727636712,,0.323,post-control
50000.0,150.0,0.003,148.70387764755927,,0.323,post-control
50000.0,150.0,0.003,148.77485801875142,,0.323,post-control
50000.0,150.0,0.003,148.84583838994357,,0.323,post-control
50000.0,150.0,0.003,148.91681876113572,,0.323,post-control
50000.0,150.0,0.003,148.98779913232786,,0.323,post-control
50000.0,150.0,0.003,149.05877950352001,,0.323,post-control
50000.0,150.0,0.003,149.12975987471216,,0.323,post-control
50000.0,150.0,0.003,149.2007402459043,,0.323,post-control
50000.0,150.0,0.003,149.2717206170965,,0.323,post-control
50000.0,150.0,0.003,149.34270098828864,,0.323,post-control
50000.0,150.0,0.003,149.4136813594808,,0.323,post-control
50000.0,150.0,0.003,149.48466173067294,,0.323,post-control
50000.0,150.0,0.003,149.5556421018651,,0.323,post-control
50000.0,150.0,0.003,149.62662247305724,,0.323,post-control
50000.0,150.0,0.003,149.6976028442494,,0.323,post-control
50000.0,150.0,0.003,149.76858321544154,,0.323,post-control
50000.0,150.0,0.003,149.8395635866337,,0.323,post-control
50000.0,150.0,0.003,149.91054395782584,,0.323,post-control
50000.0,150.0,0.003,149.98152432901801,,0.323,post-control
50000.0,150.0,0.003,150.05250470021016,,0.323,post-control
50000.0,150.0,0.003,150.1234850714023,,0.323,post-control
50000.0,150.0,0.003,150.19446544259446,,0.323,post-control
50000.0,150.0,0.003,150.2654458137866,,0.323,post-control
50000.0,150.0,0.003,150.33642618497876,,0.323,post-control
50000.0,150.0,0.003,150.4074065561709,,0.323,post-control
50000.0,150.0,0.003,150.47838692736306,,0.323,post-control
50000.0,150.0,0.003,150.5493672985552,,0.323,post-control
50000.0,150.0,0.003,150.6203476697474,,0.323,post-control
50000.0,150.0,0.003,150.69132804093954,,0.323,post-control
50000.0,150.0,0.003,150.7623084121317,,0.323,post-control
50000.0,150.0,0.003,150.83328878332384,,0.323,post-control
50000.0,150.0,0.003,150.904269154516,,0.323,post-control
50000.0,150.0,0.003,150.97524952570814,,0.323,post-control
50000.0,150.0,0.003,151.0462298969003,,0.323,post-control
50000.0,150.0,0.003,151.11721026809244,,0.323,post-control
50000.0,150.0,0.003,151.18819063928458,,0.323,post-control
50000.0,150.0,0.003,151.25917101047673,,0.323,post-control
50000.0,150.0,0.003,151.3301513816689,,0.323,post-control
50000.0,150.0,0.003,151.40113175286106,,0.323,post-control
50000.0,150.0,0.003,151.4721121240532,,0.323,post-control
50000.0,150.0,0.003,151.54309249524536,,0.323,post-control
50000.0,150.0,0.003,151.6140728664375,,0.323,post-control
50000.0,150.0,0.003,151.68505323762966,,0.323,post-control
50000.0,150.0,0.003,151.7560336088218,,0.323,post-control
50000.0,150.0,0.003,151.82701398001396,,0.323,post-control
50000.0,150.0,0.003,151.8979943512061,,0.323,post-control
50000.0,150.0,0.003,151.96897472239826,,0.323,post-control
50000.0,150.0,0.003,152.03995509359044,,0.323,post-control
50000.0,150.0,0.003,152.11093546478259,,0.323,post-control
50000.0,150.0,0.003,152.18191583597473,,0.323,post-control
50000.0,150.0,0.003,152.25289620716688,,0.323,post-control
50000.0,150.0,0.003,152.32387657835903,,0.323,post-control
50000.0,150.0,0.003,152.39485694955118,,0.323,post-control
50000.0,150.0,0.003,152.46583732074333,,0.323,post-control
50000.0,150.0,0.003,152.53681769193548,,0.323,post-control
50000.0,150.0,0.003,152.60779806312763,,0.323,post-control
50000.0,150.0,0.003,152.67877843431978,,0.323,post-control
50000.0,150.0,0.003,152.74975880551196,,0.323,post-control
50000.0,150.0,0.003,152.8207391767041,,0.323,post-control
50000.0,150.0,0.003,152.89171954789626,,0.323,post-control
50000.0,150.0,0.003,152.9626999190884,,0.323,post-control
50000.0,150.0,0.003,153.03368029028056,,0.323,post-control
50000.0,150.0,0.003,153.1046606614727,,0.323,post-control
50000.0,150.0,0.003,153.17564103266486,,0.323,post-control
50000.0,150.0,0.003,153.246621403857,,0.323,post-control
50000.0,150.0,0.003,153.31760177504916,,0.323,post-control
50000.0,150.0,0.003,153.3885821462413,,0.323,post-control
50000.0,150.0,0.003,153.45956251743348,,0.323,post-control
50000.0,150.0,0.003,153.53054288862563,,0.323,post-control
50000.0,150.0,0.003,153.60152325981778,,0.323,post-control
50000.0,150.0,0.003,153.67250363100993,,0.323,post-control
50000.0,150.0,0.003,153.74348400220208,,0.323,post-control
50000.0,150.0,0.003,153.81446437339423,,0.323,post-control
50000.0,150.0,0.003,153.88544474458638,,0.323,post-control
50000.0,150.0,0.003,153.95642511577853,,0.323,post-control
50000.0,150.0,0.003,154.02740548697068,,0.323,post-control
50000.0,150.0,0.003,154.09838585816283,,0.323,post-control
50000.0,150.0,0.003,154.169366229355,,0.323,post-control
50000.0,150.0,0.003,154.24034660054716,,0.323,post-control
50000.0,150.0,0.003,154.3113269717393,,0.323,post-control
50000.0,150.0,0.003,154.38230734293145,,0.323,post-control
50000.0,150.0,0.003,154.4532877141236,,0.323,post-control
50000.0,150.0,0.003,154.52426808531575,,0.323,post-control
50000.0,150.0,0.003,154.5952484565079,,0.323,post-control
50000.0,150.0,0.003,154.66622882770005,,0.323,post-control
50000.0,150.0,0.003,154.7372091988922,,0.323,post-control
50000.0,150.0,0.003,154.80818957008438,,0.323,post-control
50000.0,150.0,0.003,154.87916994127653,,0.323,post-control
50000.0,150.0,0.003,154.95015031246868,,0.323,post-control
50000.0,150.0,0.003,155.02113068366083,,0.323,post-control
50000.0,150.0,0.003,155.09211105485298,,0.323,post-control
50000.0,150.0,0.003,155.16309142604513,,0.323,post-control
50000.0,150.0,0.003,155.23407179723728,,0.323,post-control
50000.0,150.0,0.003,155.30505216842943,,0.323,post-control
50000.0,150.0,0.003,155.37603253962158,,0.323,post-control
50000.0,150.0,0.003,155.44701291081373,,0.323,post-control
50000.0,150.0,0.003,155.5179932820059,,0.323,post-control
50000.0,150.0,0.003,155.58897365319805,,0.323,post-control
50000.0,150.0,0.003,155.6599540243902,,0.323,post-control
50000.0,150.0,0.003,155.73093439558235,,0.323,post-control
50000.0,150.0,0.003,155.8019147667745,,0.323,post-control
50000.0,150.0,0.003,155.87289513796665,,0.323,post-control
50000.0,150.0,0.003,155.9438755091588,,0.323,post-control
50000.0,150.0,0.003,156.01485588035095,,0.323,post-control
50000.0,150.0,0.003,156.0858362515431,,0.323,post-control
50000.0,150.0,0.003,156.15681662273525,,0.323,post-control
50000.0,150.0,0.003,156.22779699392743,,0.323,post-control
50000.0,150.0,0.003,156.29877736511958,,0.323,post-control
50000.0,150.0,0.003,156.36975773631173,,0.323,post-control
50000.0,150.0,0.003,156.44073810750388,,0.323,post-control
50000.0,150.0,0.003,156.51171847869603,,0.323,post-control
50000.0,150.0,0.003,156.58269884988817,,0.323,post-control
50000.0,150.0,0.003,156.65367922108032,,0.323,post-control
50000.0,150.0,0.003,156.72465959227247,,0.323,post-control
50000.0,150.0,0.003,156.79563996346462,,0.323,post-control
50000.0,150.0,0.003,156.86662033465677,,0.323,post-control
50000.0,150.0,0.003,156.93760070584895,,0.323,post-control
50000.0,150.0,0.003,157.0085810770411,,0.323,post-control
50000.0,150.0,0.003,157.07956144823325,,0.323,post-control
50000.0,150.0,0.003,157.1505418194254,,0.323,post-control
50000.0,150.0,0.003,157.22152219061755,,0.323,post-control
50000.0,150.0,0.003,157.2925025618097,,0.323,post-control
50000.0,150.0,0.003,157.36348293300185,,0.323,post-control
50000.0,150.0,0.003,157.434463304194,,0.323,post-control
50000.0,150.0,0.003,157.50544367538615,,0.323,post-control
50000.0,150.0,0.003,157.5764240465783,,0.323,post-control
50000.0,150.0,0.003,157.64740441777047,,0.323,post-control
50000.0,150.0,0.003,157.71838478896262,,0.323,post-control
50000.0,150.0,0.003,157.78936516015477,,0.323,post-control
50000.0,150.0,0.003,157.86034553134692,,0.323,post-control
50000.0,150.0,0.003,157.93132590253907,,0.323,post-control
50000.0,150.0,0.003,158.00230627373122,,0.323,post-control
50000.0,150.0,0.003,158.07328664492337,,0.323,post-control
50000.0,150.0,0.003,158.14426701611552,,0.323,post-control
50000.0,150.0,0.003,158.21524738730767,,0.323,post-control
50000.0,150.0,0.003,158.28622775849982,,0.323,post-control
50000.0,150.0,0.003,158.357208129692,,0.323,post-control
50000.0,150.0,0.003,158.42818850088415,,0.323,post-control
50000.0,150.0,0.003,158.4991688720763,,0.323,post-control
50000.0,150.0,0.003,158.57014924326845,,0.323,post-control
50000.0,150.0,0.003,158.6411296144606,,0.323,post-control
50000.0,150.0,0.003,158.71210998565275,,0.323,post-control
50000.0,150.0,0.003,158.7830903568449,,0.323,post-control
50000.0,150.0,0.003,158.85407072803704,,0.323,post-control
50000.0,150.0,0.003,158.9250510992292,,0.323,post-control
50000.0,150.0,0.003,158.99603147042137,,0.323,post-control
50000.0,150.0,0.003,159.06701184161352,,0.323,post-control
50000.0,150.0,0.003,159.13799221280567,,0.323,post-control
50000.0,150.0,0.003,159.20897258399782,,0.323,post-control
50000.0,150.0,0.003,159.27995295518997,,0.323,post-control
50000.0,150.0,0.003,159.35093332638212,,0.323,post-control
50000.0,150.0,0.003,159.42191369757427,,0.323,post-control
50000.0,150.0,0.003,159.49289406876642,,0.323,post-control
50000.0,150.0,0.003,159.56387443995857,,0.323,post-control
50000.0,150.0,0.003,159.63485481115072,,0.323,post-control
50000.0,150.0,0.003,159.7058351823429,,0.323,post-control
50000.0,150.0,0.003,159.77681555353504,,0.323,post-control
50000.0,150.0,0.003,159.8477959247272,,0.323,post-control
50000.0,150.0,0.003,159.91877629591934,,0.323,post-control
50000.0,150.0,0.003,159.9897566671115,,0.323,post-control
50000.0,150.0,0.003,160.06073703830364,,0.323,post-control
50000.0,150.0,0.003,160.1317174094958,,0.323,post-control
50000.0,150.0,0.003,160.20269778068794,,0.323,post-control
50000.0,150.0,0.003,160.2736781518801,,0.323,post-control
50000.0,150.0,0.003,160.34465852307224,,0.323,post-control
50000.0,150.0,0.003,160.41563889426442,,0.323,post-control
50000.0,150.0,0.003,160.48661926545657,,0.323,post-control
50000.0,150.0,0.003,160.55759963664872,,0.323,post-control
50000.0,150.0,0.003,160.62858000784087,,0.323,post-control
50000.0,150.0,0.003,160.69956037903302,,0.323,post-control
50000.0,150.0,0.003,160.77054075022517,,0.323,post-control
50000.0,150.0,0.003,160.84152112141732,,0.323,post-control
50000.0,150.0,0.003,160.91250149260947,,0.323,post-control
50000.0,150.0,0.003,160.98348186380161,,0.323,post-control
50000.0,150.0,0.003,161.05446223499376,,0.323,post-control
50000.0,150.0,0.003,161.12544260618594,,0.323,post-control
50000.0,150.0,0.003,161.1964229773781,,0.323,post-control
50000.0,150.0,0.003,161.26740334857024,,0.323,post-control
50000.0,150.0,0.003,161.3383837197624,,0.323,post-control
50000.0,150.0,0.003,161.40936409095454,,0.323,post-control
50000.0,150.0,0.003,161.4803444621467,,0.323,post-control
50000.0,150.0,0.003,161.55132483333884,,0.323,post-control
50000.0,150.0,0.003,161.622305204531,,0.323,post-control
50000.0,150.0,0.003,161.69328557572314,,0.323,post-control
50000.0,150.0,0.003,161.7642659469153,,0.323,post-control
50000.0,150.0,0.003,161.83524631810747,,0.323,post-control
50000.0,150.0,0.003,161.90622668929961,,0.323,post-control
50000.0,150.0,0.003,161.97720706049176,,0.323,post-control
50000.0,150.0,0.003,162.0481874316839,,0.323,post-control
50000.0,150.0,0.003,162.11916780287606,,0.323,post-control
50000.0,150.0,0.003,162.1901481740682,,0.323,post-control
50000.0,150.0,0.003,162.26112854526036,,0.323,post-control
50000.0,150.0,0.003,162.3321089164525,,0.323,post-control
50000.0,150.0,0.003,162.40308928764466,,0.323,post-control
50000.0,150.0,0.003,162.4740696588368,,0.323,post-control
50000.0,150.0,0.003,162.545050030029,,0.323,post-control
50000.0,150.0,0.003,162.61603040122114,,0.323,post-control
50000.0,150.0,0.003,162.6870107724133,,0.323,post-control
50000.0,150.0,0.003,162.75799114360544,,0.323,post-control
50000.0,150.0,0.003,162.8289715147976,,0.323,post-control
50000.0,150.0,0.003,162.89995188598974,,0.323,post-control
50000.0,150.0,0.003,162.9709322571819,,0.323,post-control
50000.0,150.0,0.003,163.04191262837404,,0.323,post-control
50000.0,150.0,0.003,163.11289299956618,,0.323,post-control
50000.0,150.0,0.003,163.18387337075833,,0.323,post-control
50000.0,150.0,0.003,163.2548537419505,,0.323,post-control
50000.0,150.0,0.003,163.32583411314266,,0.323,post-control
50000.0,150.0,0.003,163.3968144843348,,0.323,post-control
50000.0,150.0,0.003,163.46779485552696,,0.323,post-control
50000.0,150.0,0.003,163.5387752267191,,0.323,post-control
50000.0,150.0,0.003,163.60975559791126,,0.323,post-control
50000.0,150.0,0.003,163.6807359691034,,0.323,post-control
50000.0,150.0,0.003,163.75171634029556,,0.323,post-control
50000.0,150.0,0.003,163.8226967114877,,0.323,post-control
50000.0,150.0,0.003,163.8936770826799,,0.323,post-control
50000.0,150.0,0.003,163.96465745387204,,0.323,post-control
50000.0,150.0,0.003,164.03563782506419,,0.323,post-control
50000.0,150.0,0.003,164.10661819625633,,0.323,post-control
50000.0,150.0,0.003,164.17759856744848,,0.323,post-control
50000.0,150.0,0.003,164.24857893864063,,0.323,post-control
50000.0,150.0,0.003,164.31955930983278,,0.323,post-control
50000.0,150.0,0.003,164.39053968102493,,0.323,post-control
50000.0,150.0,0.003,164.46152005221708,,0.323,post-control
50000.0,150.0,0.003,164.53250042340923,,0.323,post-control
50000.0,150.0,0.003,164.6034807946014,,0.323,post-control
50000.0,150.0,0.003,164.67446116579356,,0.323,post-control
50000.0,150.0,0.003,164.7454415369857,,0.323,post-control
50000.0,150.0,0.003,164.81642190817786,,0.323,post-control
50000.0,150.0,0.003,164.88740227937,,0.323,post-control
50000.0,150.0,0.003,164.95838265056216,,0.323,post-control
50000.0,150.0,0.003,165.0293630217543,,0.323,post-control
50000.0,150.0,0.003,165.10034339294646,,0.323,post-control
50000.0,150.0,0.003,165.1713237641386,,0.323,post-control
50000.0,150.0,0.003,165.24230413533076,,0.323,post-control
50000.0,150.0,0.003,165.31328450652293,,0.323,post-control
50000.0,150.0,0.003,165.38426487771508,,0.323,post-control
50000.0,150.0,0.003,165.45524524890723,,0.323,post-control
50000.0,150.0,0.003,165.52622562009938,,0.323,post-control
50000.0,150.0,0.003,165.59720599129153,,0.323,post-control
50000.0,150.0,0.003,165.66818636248368,,0.323,post-control
50000.0,150.0,0.003,165.73916673367583,,0.323,post-control
50000.0,150.0,0.003,165.81014710486798,,0.323,post-control
50000.0,150.0,0.003,165.88112747606013,,0.323,post-control
50000.0,150.0,0.003,165.95210784725228,,0.323,post-control
50000.0,150.0,0.003,166.02308821844446,,0.323,post-control
50000.0,150.0,0.003,166.0940685896366,,0.323,post-control
50000.0,150.0,0.003,166.16504896082876,,0.323,post-control
50000.0,150.0,0.003,166.2360293320209,,0.323,post-control
50000.0,150.0,0.003,166.30700970321305,,0.323,post-control
50000.0,150.0,0.003,166.3779900744052,,0.323,post-control
50000.0,150.0,0.003,166.44897044559735,,0.323,post-control
50000.0,150.0,0.003,166.5199508167895,,0.323,post-control
50000.0,150.0,0.003,166.59093118798165,,0.323,post-control
50000.0,150.0,0.003,166.6619115591738,,0.323,post-control
50000.0,150.0,0.003,166.73289193036598,,0.323,post-control
50000.0,150.0,0.003,166.80387230155813,,0.323,post-control
50000.0,150.0,0.003,166.87485267275028,,0.323,post-control
50000.0,150.0,0.003,166.94583304394243,,0.323,post-control
50000.0,150.0,0.003,167.01681341513458,,0.323,post-control
50000.0,150.0,0.003,167.08779378632673,,0.323,post-control
50000.0,150.0,0.003,167.15877415751888,,0.323,post-control
50000.0,150.0,0.003,167.22975452871103,,0.323,post-control
50000.0,150.0,0.003,167.30073489990318,,0.323,post-control
50000.0,150.0,0.003,167.37171527109533,,0.323,post-control
50000.0,150.0,0.003,167.4426956422875,,0.323,post-control
50000.0,150.0,0.003,167.51367601347965,,0.323,post-control
50000.0,150.0,0.003,167.5846563846718,,0.323,post-control
50000.0,150.0,0.003,167.65563675586395,,0.323,post-control
50000.0,150.0,0.003,167.7266171270561,,0.323,post-control
50000.0,150.0,0.003,167.79759749824825,,0.323,post-control
50000.0,150.0,0.003,167.8685778694404,,0.323,post-control
50000.0,150.0,0.003,167.93955824063255,,0.323,post-control
50000.0,150.0,0.003,168.0105386118247,,0.323,post-control
50000.0,150.0,0.003,168.08151898301685,,0.323,post-control
50000.0,150.0,0.003,168.15249935420903,,0.323,post-control
50000.0,150.0,0.003,168.22347972540118,,0.323,post-control
50000.0,150.0,0.003,168.29446009659333,,0.323,post-control
50000.0,150.0,0.003,168.36544046778548,,0.323,post-control
50000.0,150.0,0.003,168.43642083897763,,0.323,post-control
50000.0,150.0,0.003,168.50740121016977,,0.323,post-control
50000.0,150.0,0.003,168.57838158136192,,0.323,post-control
50000.0,150.0,0.003,168.64936195255407,,0.323,post-control
50000.0,150.0,0.003,168.72034232374622,,0.323,post-control
50000.0,150.0,0.003,168.7913226949384,,0.323,post-control
50000.0,150.0,0.003,168.86230306613055,,0.323,post-control
50000.0,150.0,0.003,168.9332834373227,,0.323,post-control
50000.0,150.0,0.003,169.00426380851485,,0.323,post-control
50000.0,150.0,0.003,169.075244179707,,0.323,post-control
50000.0,150.0,0.003,169.14622455089915,,0.323,post-control
50000.0,150.0,0.003,169.2172049220913,,0.323,post-control
50000.0,150.0,0.003,169.28818529328345,,0.323,post-control
50000.0,150.0,0.003,169.3591656644756,,0.323,post-control
50000.0,150.0,0.003,169.43014603566775,,0.323,post-control
50000.0,150.0,0.003,169.50112640685992,,0.323,post-control
50000.0,150.0,0.003,169.57210677805207,,0.323,post-control
50000.0,150.0,0.003,169.64308714924422,,0.323,post-control
50000.0,150.0,0.003,169.71406752043637,,0.323,post-control
50000.0,150.0,0.003,169.78504789162852,,0.323,post-control
50000.0,150.0,0.003,169.85602826282067,,0.323,post-control
50000.0,150.0,0.003,169.92700863401282,,0.323,post-control
50000.0,150.0,0.003,169.99798900520497,,0.323,post-control
50000.0,150.0,0.003,170.06896937639712,,0.323,post-control
50000.0,150.0,0.003,170.13994974758927,,0.323,post-control
50000.0,150.0,0.003,170.21093011878145,,0.323,post-control
50000.0,150.0,0.003,170.2819104899736,,0.323,post-control
50000.0,150.0,0.003,170.35289086116575,,0.323,post-control
50000.0,150.0,0.003,170.4238712323579,,0.323,post-control
50000.0,150.0,0.003,170.49485160355005,,0.323,post-control
50000.0,150.0,0.003,170.5658319747422,,0.323,post-control
50000.0,150.0,0.003,170.63681234593435,,0.323,post-control
50000.0,150.0,0.003,170.7077927171265,,0.323,post-control
50000.0,150.0,0.003,170.77877308831864,,0.323,post-control
50000.0,150.0,0.003,170.8497534595108,,0.323,post-control
50000.0,150.0,0.003,170.92073383070297,,0.323,post-control
50000.0,150.0,0.003,170.99171420189512,,0.323,post-control
50000.0,150.0,0.003,171.06269457308727,,0.323,post-control
50000.0,150.0,0.003,171.13367494427942,,0.323,post-control
50000.0,150.0,0.003,171.20465531547157,,0.323,post-control
50000.0,150.0,0.003,171.27563568666372,,0.323,post-control
50000.0,150.0,0.003,171.34661605785587,,0.323,post-control
50000.0,150.0,0.003,171.41759642904802,,0.323,post-control
50000.0,150.0,0.003,171.48857680024017,,0.323,post-control
50000.0,150.0,0.003,171.55955717143232,,0.323,post-control
50000.0,150.0,0.003,171.6305375426245,,0.323,post-control
50000.0,150.0,0.003,171.70151791381664,,0.323,post-control
50000.0,150.0,0.003,171.7724982850088,,0.323,post-control
50000.0,150.0,0.003,171.84347865620094,,0.323,post-control
50000.0,150.0,0.003,171.9144590273931,,0.323,post-control
50000.0,150.0,0.003,171.98543939858524,,0.323,post-control
50000.0,150.0,0.003,172.0564197697774,,0.323,post-control
50000.0,150.0,0.003,172.12740014096954,,0.323,post-control
50000.0,150.0,0.003,172.1983805121617,,0.323,post-control
50000.0,150.0,0.003,172.26936088335384,,0.323,post-control
50000.0,150.0,0.003,172.34034125454602,,0.323,post-control
50000.0,150.0,0.003,172.41132162573817,,0.323,post-control
50000.0,150.0,0.003,172.48230199693032,,0.323,post-control
50000.0,150.0,0.003,172.55328236812247,,0.323,post-control
50000.0,150.0,0.003,172.62426273931462,,0.323,post-control
50000.0,150.0,0.003,172.69524311050677,,0.323,post-control
50000.0,150.0,0.003,172.76622348169892,,0.323,post-control
50000.0,150.0,0.003,172.83720385289107,,0.323,post-control
50000.0,150.0,0.003,172.90818422408321,,0.323,post-control
50000.0,150.0,0.003,172.9791645952754,,0.323,post-control
50000.0,150.0,0.003,173.05014496646754,,0.323,post-control
50000.0,150.0,0.003,173.1211253376597,,0.323,post-control
50000.0,150.0,0.003,173.19210570885184,,0.323,post-control
50000.0,150.0,0.003,173.263086080044,,0.323,post-control
50000.0,150.0,0.003,173.33406645123614,,0.323,post-control
50000.0,150.0,0.003,173.4050468224283,,0.323,post-control
50000.0,150.0,0.003,173.47602719362044,,0.323,post-control
50000.0,150.0,0.003,173.5470075648126,,0.323,post-control
50000.0,150.0,0.003,173.61798793600474,,0.323,post-control
50000.0,150.0,0.003,173.68896830719692,,0.323,post-control
50000.0,150.0,0.003,173.75994867838907,,0.323,post-control
50000.0,150.0,0.003,173.83092904958121,,0.323,post-control
50000.0,150.0,0.003,173.90190942077336,,0.323,post-control
50000.0,150.0,0.003,173.9728897919655,,0.323,post-control
50000.0,150.0,0.003,174.04387016315766,,0.323,post-control
50000.0,150.0,0.003,174.1148505343498,,0.323,post-control
50000.0,150.0,0.003,174.18583090554196,,0.323,post-control
50000.0,150.0,0.003,174.2568112767341,,0.323,post-control
50000.0,150.0,0.003,174.32779164792626,,0.323,post-control
50000.0,150.0,0.003,174.39877201911844,,0.323,post-control
50000.0,150.0,0.003,174.4697523903106,,0.323,post-control
50000.0,150.0,0.003,174.54073276150274,,0.323,post-control
50000.0,150.0,0.003,174.6117131326949,,0.323,post-control
50000.0,150.0,0.003,174.68269350388704,,0.323,post-control
50000.0,150.0,0.003,174.7536738750792,,0.323,post-control
50000.0,150.0,0.003,174.82465424627134,,0.323,post-control
50000.0,150.0,0.003,174.8956346174635,,0.323,post-control
50000.0,150.0,0.003,174.96661498865564,,0.323,post-control
50000.0,150.0,0.003,175.03759535984778,,0.323,post-control
50000.0,150.0,0.003,175.10857573103996,,0.323,post-control
50000.0,150.0,0.003,175.1795561022321,,0.323,post-control
50000.0,150.0,0.003,175.25053647342426,,0.323,post-control
50000.0,150.0,0.003,175.3215168446164,,0.323,post-control
50000.0,150.0,0.003,175.39249721580856,,0.323,post-control
50000.0,150.0,0.003,175.4634775870007,,0.323,post-control
50000.0,150.0,0.003,175.53445795819286,,0.323,post-control
50000.0,150.0,0.003,175.605438329385,,0.323,post-control
50000.0,150.0,0.003,175.67641870057716,,0.323,post-control
50000.0,150.0,0.003,175.7473990717693,,0.323,post-control
50000.0,150.0,0.003,175.8183794429615,,0.323,post-control
50000.0,150.0,0.003,175.88935981415364,,0.323,post-control
50000.0,150.0,0.003,175.96034018534579,,0.323,post-control
50000.0,150.0,0.003,176.03132055653793,,0.323,post-control
50000.0,150.0,0.003,176.10230092773008,,0.323,post-control
50000.0,150.0,0.003,176.17328129892223,,0.323,post-control
50000.0,150.0,0.003,176.24426167011438,,0.323,post-control
50000.0,150.0,0.003,176.31524204130653,,0.323,post-control
50000.0,150.0,0.003,176.38622241249868,,0.323,post-control
50000.0,150.0,0.003,176.45720278369083,,0.323,post-control
50000.0,150.0,0.003,176.528183154883,,0.323,post-control
50000.0,150.0,0.003,176.59916352607516,,0.323,post-control
50000.0,150.0,0.003,176.6701438972673,,0.323,post-control
50000.0,150.0,0.003,176.74112426845946,,0.323,post-control
50000.0,150.0,0.003,176.8121046396516,,0.323,post-control
50000.0,150.0,0.003,176.88308501084376,,0.323,post-control
50000.0,150.0,0.003,176.9540653820359,,0.323,post-control
50000.0,150.0,0.003,177.02504575322806,,0.323,post-control
50000.0,150.0,0.003,177.0960261244202,,0.323,post-control
50000.0,150.0,0.003,177.16700649561238,,0.323,post-control
50000.0,150.0,0.003,177.23798686680453,,0.323,post-control
50000.0,150.0,0.003,177.30896723799668,,0.323,post-control
50000.0,150.0,0.003,177.37994760918883,,0.323,post-control
50000.0,150.0,0.003,177.45092798038098,,0.323,post-control
50000.0,150.0,0.003,177.52190835157313,,0.323,post-control
50000.0,150.0,0.003,177.59288872276528,,0.323,post-control
50000.0,150.0,0.003,177.66386909395743,,0.323,post-control
50000.0,150.0,0.003,177.73484946514958,,0.323,post-control
50000.0,150.0,0.003,177.80582983634173,,0.323,post-control
50000.0,150.0,0.003,177.8768102075339,,0.323,post-control
50000.0,150.0,0.003,177.94779057872606,,0.323,post-control
50000.0,150.0,0.003,178.0187709499182,,0.323,post-control
50000.0,150.0,0.003,178.08975132111036,,0.323,post-control
50000.0,150.0,0.003,178.1607316923025,,0.323,post-control
50000.0,150.0,0.003,178.23171206349465,,0.323,post-control
50000.0,150.0,0.003,178.3026924346868,,0.323,post-control
50000.0,150.0,0.003,178.37367280587895,,0.323,post-control
50000.0,150.0,0.003,178.4446531770711,,0.323,post-control
50000.0,150.0,0.003,178.51563354826325,,0.323,post-control
50000.0,150.0,0.003,178.58661391945543,,0.323,post-control
50000.0,150.0,0.003,178.65759429064758,,0.323,post-control
50000.0,150.0,0.003,178.72857466183973,,0.323,post-control
50000.0,150.0,0.003,178.79955503303188,,0.323,post-control
50000.0,150.0,0.003,178.87053540422403,,0.323,post-control
50000.0,150.0,0.003,178.94151577541618,,0.323,post-control
50000.0,150.0,0.003,179.01249614660833,,0.323,post-control
50000.0,150.0,0.003,179.08347651780048,,0.323,post-control
50000.0,150.0,0.003,179.15445688899263,,0.323,post-control
50000.0,150.0,0.003,179.22543726018478,,0.323,post-control
50000.0,150.0,0.003,179.29641763137695,,0.323,post-control
50000.0,150.0,0.003,179.3673980025691,,0.323,post-control
50000.0,150.0,0.003,179.43837837376125,,0.323,post-control
50000.0,150.0,0.003,179.5093587449534,,0.323,post-control
50000.0,150.0,0.003,179.58033911614555,,0.323,post-control
50000.0,150.0,0.003,179.6513194873377,,0.323,post-control
50000.0,150.0,0.003,179.72229985852985,,0.323,post-control
50000.0,150.0,0.003,179.793280229722,,0.323,post-control
50000.0,150.0,0.003,179.86426060091415,,0.323,post-control
50000.0,150.0,0.003,179.9352409721063,,0.323,post-control
50000.0,150.0,0.003,180.00622134329848,,0.323,post-control
50000.0,150.0,0.003,180.07720171449063,,0.323,post-control
50000.0,150.0,0.003,180.14818208568278,,0.323,post-control
50000.0,150.0,0.003,180.21916245687493,,0.323,post-control
50000.0,150.0,0.003,180.29014282806708,,0.323,post-control
50000.0,150.0,0.003,180.36112319925923,,0.323,post-control
50000.0,150.0,0.003,180.43210357045137,,0.323,post-control
50000.0,150.0,0.003,180.50308394164352,,0.323,post-control
50000.0,150.0,0.003,180.57406431283567,,0.323,post-control
50000.0,150.0,0.003,180.64504468402782,,0.323,post-control
50000.0,150.0,0.003,180.71602505522,,0.323,post-control
50000.0,150.0,0.003,180.78700542641215,,0.323,post-control
50000.0,150.0,0.003,180.8579857976043,,0.323,post-control
50000.0,150.0,0.003,180.92896616879645,,0.323,post-control
50000.0,150.0,0.003,180.9999465399886,,0.323,post-control
50000.0,150.0,0.003,181.07092691118075,,0.323,post-control
50000.0,150.0,0.003,181.1419072823729,,0.323,post-control
50000.0,150.0,0.003,181.21288765356505,,0.323,post-control
50000.0,150.0,0.003,181.2838680247572,,0.323,post-control
50000.0,150.0,0.003,181.35484839594935,,0.323,post-control
50000.0,150.0,0.003,181.42582876714152,,0.323,post-control
50000.0,150.0,0.003,181.49680913833367,,0.323,post-control
50000.0,150.0,0.003,181.56778950952582,,0.323,post-control
50000.0,150.0,0.003,181.63876988071797,,0.323,post-control
50000.0,150.0,0.003,181.70975025191012,,0.323,post-control
50000.0,150.0,0.003,181.78073062310227,,0.323,post-control
50000.0,150.0,0.003,181.85171099429442,,0.323,post-control
50000.0,150.0,0.003,181.92269136548657,,0.323,post-control
50000.0,150.0,0.003,181.99367173667872,,0.323,post-control
50000.0,150.0,0.003,182.0646521078709,,0.323,post-control
50000.0,150.0,0.003,182.13563247906305,,0.323,post-control
50000.0,150.0,0.003,182.2066128502552,,0.323,post-control
50000.0,150.0,0.003,182.27759322144735,,0.323,post-control
50000.0,150.0,0.003,182.3485735926395,,0.323,post-control
50000.0,150.0,0.003,182.41955396383165,,0.323,post-control
50000.0,150.0,0.003,182.4905343350238,,0.323,post-control
50000.0,150.0,0.003,182.56151470621595,,0.323,post-control
50000.0,150.0,0.003,182.6324950774081,,0.323,post-control
50000.0,150.0,0.003,182.70347544860024,,0.323,post-control
50000.0,150.0,0.003,182.77445581979242,,0.323,post-control
50000.0,150.0,0.003,182.84543619098457,,0.323,post-control
50000.0,150.0,0.003,182.91641656217672,,0.323,post-control
50000.0,150.0,0.003,182.98739693336887,,0.323,post-control
50000.0,150.0,0.003,183.05837730456102,,0.323,post-control
50000.0,150.0,0.003,183.12935767575317,,0.323,post-control
50000.0,150.0,0.003,183.20033804694532,,0.323,post-control
50000.0,150.0,0.003,183.27131841813747,,0.323,post-control
50000.0,150.0,0.003,183.34229878932962,,0.323,post-control
50000.0,150.0,0.003,183.41327916052177,,0.323,post-control
50000.0,150.0,0.003,183.48425953171395,,0.323,post-control
50000.0,150.0,0.003,183.5552399029061,,0.323,post-control
50000.0,150.0,0.003,183.62622027409824,,0.323,post-control
50000.0,150.0,0.003,183.6972006452904,,0.323,post-control
50000.0,150.0,0.003,183.76818101648254,,0.323,post-control
50000.0,150.0,0.003,183.8391613876747,,0.323,post-control
50000.0,150.0,0.003,183.91014175886684,,0.323,post-control
50000.0,150.0,0.003,183.981122130059,,0.323,post-control
50000.0,150.0,0.003,184.05210250125114,,0.323,post-control
50000.0,150.0,0.003,184.1230828724433,,0.323,post-control
50000.0,150.0,0.003,184.19406324363547,,0.323,post-control
50000.0,150.0,0.003,184.26504361482762,,0.323,post-control
50000.0,150.0,0.003,184.33602398601977,,0.323,post-control
50000.0,150.0,0.003,184.40700435721192,,0.323,post-control
50000.0,150.0,0.003,184.47798472840407,,0.323,post-control
50000.0,150.0,0.003,184.54896509959622,,0.323,post-control
50000.0,150.0,0.003,184.61994547078837,,0.323,post-control
50000.0,150.0,0.003,184.69092584198052,,0.323,post-control
50000.0,150.0,0.003,184.76190621317267,,0.323,post-control
50000.0,150.0,0.003,184.83288658436481,,0.323,post-control
50000.0,150.0,0.003,184.903866955557,,0.323,post-control
50000.0,150.0,0.003,184.97484732674914,,0.323,post-control
50000.0,150.0,0.003,185.0458276979413,,0.323,post-control
50000.0,150.0,0.003,185.11680806913344,,0.323,post-control
50000.0,150.0,0.003,185.1877884403256,,0.323,post-control
50000.0,150.0,0.003,185.25876881151774,,0.323,post-control
50000.0,150.0,0.003,185.3297491827099,,0.323,post-control
50000.0,150.0,0.003,185.40072955390204,,0.323,post-control
50000.0,150.0,0.003,185.4717099250942,,0.323,post-control
50000.0,150.0,0.003,185.54269029628634,,0.323,post-control
50000.0,150.0,0.003,185.61367066747852,,0.323,post-control
50000.0,150.0,0.003,185.68465103867067,,0.323,post-control
50000.0,150.0,0.003,185.75563140986281,,0.323,post-control
50000.0,150.0,0.003,185.82661178105496,,0.323,post-control
50000.0,150.0,0.003,185.8975921522471,,0.323,post-control
50000.0,150.0,0.003,185.96857252343926,,0.323,post-control
50000.0,150.0,0.003,186.0395528946314,,0.323,post-control
50000.0,150.0,0.003,186.11053326582356,,0.323,post-control
50000.0,150.0,0.003,186.1815136370157,,0.323,post-control
50000.0,150.0,0.003,186.25249400820786,,0.323,post-control
50000.0,150.0,0.003,186.32347437940004,,0.323,post-control
50000.0,150.0,0.003,186.3944547505922,,0.323,post-control
50000.0,150.0,0.003,186.46543512178434,,0.323,post-control
50000.0,150.0,0.003,186.5364154929765,,0.323,post-control
50000.0,150.0,0.003,186.60739586416864,,0.323,post-control
50000.0,150.0,0.003,186.6783762353608,,0.323,post-control
50000.0,150.0,0.003,186.74935660655294,,0.323,post-control
50000.0,150.0,0.003,186.8203369777451,,0.323,post-control
50000.0,150.0,0.003,186.89131734893724,,0.323,post-control
50000.0,150.0,0.003,186.9622977201294,,0.323,post-control
50000.0,150.0,0.003,187.03327809132156,,0.323,post-control
50000.0,150.0,0.003,187.1042584625137,,0.323,post-control
50000.0,150.0,0.003,187.17523883370586,,0.323,post-control
50000.0,150.0,0.003,187.246219204898,,0.323,post-control
50000.0,150.0,0.003,187.31719957609016,,0.323,post-control
50000.0,150.0,0.003,187.3881799472823,,0.323,post-control
50000.0,150.0,0.003,187.45916031847446,,0.323,post-control
50000.0,150.0,0.003,187.5301406896666,,0.323,post-control
50000.0,150.0,0.003,187.60112106085876,,0.323,post-control
50000.0,150.0,0.003,187.67210143205094,,0.323,post-control
50000.0,150.0,0.003,187.7430818032431,,0.323,post-control
50000.0,150.0,0.003,187.81406217443524,,0.323,post-control
50000.0,150.0,0.003,187.88504254562739,,0.323,post-control
50000.0,150.0,0.003,187.95602291681953,,0.323,post-control
50000.0,150.0,0.003,188.02700328801168,,0.323,post-control
50000.0,150.0,0.003,188.09798365920383,,0.323,post-control
50000.0,150.0,0.003,188.16896403039598,,0.323,post-control
50000.0,150.0,0.003,188.23994440158813,,0.323,post-control
50000.0,150.0,0.003,188.31092477278028,,0.323,post-control
50000.0,150.0,0.003,188.38190514397246,,0.323,post-control
50000.0,150.0,0.003,188.4528855151646,,0.323,post-control
50000.0,150.0,0.003,188.52386588635676,,0.323,post-control
50000.0,150.0,0.003,188.5948462575489,,0.323,post-control
50000.0,150.0,0.003,188.66582662874106,,0.323,post-control
50000.0,150.0,0.003,188.7368069999332,,0.323,post-control
50000.0,150.0,0.003,188.80778737112536,,0.323,post-control
50000.0,150.0,0.003,188.8787677423175,,0.323,post-control
50000.0,150.0,0.003,188.94974811350966,,0.323,post-control
50000.0,150.0,0.003,189.0207284847018,,0.323,post-control
50000.0,150.0,0.003,189.09170885589398,,0.323,post-control
50000.0,150.0,0.003,189.16268922708613,,0.323,post-control
50000.0,150.0,0.003,189.23366959827828,,0.323,post-control
50000.0,150.0,0.003,189.30464996947043,,0.323,post-control
50000.0,150.0,0.003,189.37563034066258,,0.323,post-control
50000.0,150.0,0.003,189.44661071185473,,0.323,post-control
50000.0,150.0,0.003,189.51759108304688,,0.323,post-control
50000.0,150.0,0.003,189.58857145423903,,0.323,post-control
50000.0,150.0,0.003,189.65955182543118,,0.323,post-control
50000.0,150.0,0.003,189.73053219662333,,0.323,post-control
50000.0,150.0,0.003,189.8015125678155,,0.323,post-control
50000.0,150.0,0.003,189.87249293900766,,0.323,post-control
50000.0,150.0,0.003,189.9434733101998,,0.323,post-control
50000.0,150.0,0.003,190.01445368139196,,0.323,post-control
50000.0,150.0,0.003,190.0854340525841,,0.323,post-control
50000.0,150.0,0.003,190.15641442377625,,0.323,post-control
50000.0,150.0,0.003,190.2273947949684,,0.323,post-control
50000.0,150.0,0.003,190.29837516616055,,0.323,post-control
50000.0,150.0,0.003,190.3693555373527,,0.323,post-control
50000.0,150.0,0.003,190.44033590854485,,0.323,post-control
50000.0,150.0,0.003,190.51131627973703,,0.323,post-control
50000.0,150.0,0.003,190.58229665092918,,0.323,post-control
50000.0,150.0,0.003,190.65327702212133,,0.323,post-control
50000.0,150.0,0.003,190.72425739331348,,0.323,post-control
50000.0,150.0,0.003,190.79523776450563,,0.323,post-control
50000.0,150.0,0.003,190.86621813569778,,0.323,post-control
50000.0,150.0,0.003,190.93719850688993,,0.323,post-control
50000.0,150.0,0.003,191.00817887808208,,0.323,post-control
50000.0,150.0,0.003,191.07915924927423,,0.323,post-control
50000.0,150.0,0.003,191.1501396204664,,0.323,post-control
50000.0,150.0,0.003,191.22111999165855,,0.323,post-control
50000.0,150.0,0.003,191.2921003628507,,0.323,post-control
50000.0,150.0,0.003,191.36308073404285,,0.323,post-control
50000.0,150.0,0.003,191.434061105235,,0.323,post-control
50000.0,150.0,0.003,191.50504147642715,,0.323,post-control
50000.0,150.0,0.003,191.5760218476193,,0.323,post-control
50000.0,150.0,0.003,191.64700221881145,,0.323,post-control
50000.0,150.0,0.003,191.7179825900036,,0.323,post-control
50000.0,150.0,0.003,191.78896296119575,,0.323,post-control
50000.0,150.0,0.003,191.85994333238793,,0.323,post-control
50000.0,150.0,0.003,191.93092370358008,,0.323,post-control
50000.0,150.0,0.003,192.00190407477223,,0.323,post-control
50000.0,150.0,0.003,192.07288444596438,,0.323,post-control
50000.0,150.0,0.003,192.14386481715653,,0.323,post-control
50000.0,150.0,0.003,192.21484518834868,,0.323,post-control
50000.0,150.0,0.003,192.28582555954083,,0.323,post-control
50000.0,150.0,0.003,192.35680593073297,,0.323,post-control
50000.0,150.0,0.003,192.42778630192512,,0.323,post-control
50000.0,150.0,0.003,192.49876667311727,,0.323,post-control
50000.0,150.0,0.003,192.56974704430945,,0.323,post-control
50000.0,150.0,0.003,192.6407274155016,,0.323,post-control
50000.0,150.0,0.003,192.71170778669375,,0.323,post-control
50000.0,150.0,0.003,192.7826881578859,,0.323,post-control
50000.0,150.0,0.003,192.85366852907805,,0.323,post-control
50000.0,150.0,0.003,192.9246489002702,,0.323,post-control
50000.0,150.0,0.003,192.99562927146235,,0.323,post-control
50000.0,150.0,0.003,193.0666096426545,,0.323,post-control
50000.0,150.0,0.003,193.13759001384665,,0.323,post-control
50000.0,150.0,0.003,193.2085703850388,,0.323,post-control
50000.0,150.0,0.003,193.27955075623098,,0.323,post-control
50000.0,150.0,0.003,193.35053112742312,,0.323,post-control
50000.0,150.0,0.003,193.42151149861527,,0.323,post-control
50000.0,150.0,0.003,193.49249186980742,,0.323,post-control
50000.0,150.0,0.003,193.56347224099957,,0.323,post-control
50000.0,150.0,0.003,193.63445261219172,,0.323,post-control
50000.0,150.0,0.003,193.70543298338387,,0.323,post-control
50000.0,150.0,0.003,193.77641335457602,,0.323,post-control
50000.0,150.0,0.003,193.84739372576817,,0.323,post-control
50000.0,150.0,0.003,193.91837409696032,,0.323,post-control
50000.0,150.0,0.003,193.9893544681525,,0.323,post-control
50000.0,150.0,0.003,194.06033483934465,,0.323,post-control
50000.0,150.0,0.003,194.1313152105368,,0.323,post-control
50000.0,150.0,0.003,194.20229558172895,,0.323,post-control
50000.0,150.0,0.003,194.2732759529211,,0.323,post-control
50000.0,150.0,0.003,194.34425632411325,,0.323,post-control
50000.0,150.0,0.003,194.4152366953054,,0.323,post-control
50000.0,150.0,0.003,194.48621706649755,,0.323,post-control
50000.0,150.0,0.003,194.5571974376897,,0.323,post-control
50000.0,150.0,0.003,194.62817780888184,,0.323,post-control
50000.0,150.0,0.003,194.69915818007402,,0.323,post-control
50000.0,150.0,0.003,194.77013855126617,,0.323,post-control
50000.0,150.0,0.003,194.84111892245832,,0.323,post-control
50000.0,150.0,0.003,194.91209929365047,,0.323,post-control
50000.0,150.0,0.003,194.98307966484262,,0.323,post-control
50000.0,150.0,0.003,195.05406003603477,,0.323,post-control
50000.0,150.0,0.003,195.12504040722692,,0.323,post-control
50000.0,150.0,0.003,195.19602077841907,,0.323,post-control
50000.0,150.0,0.003,195.26700114961122,,0.323,post-control
50000.0,150.0,0.003,195.3379815208034,,0.323,post-control
50000.0,150.0,0.003,195.40896189199555,,0.323,post-control
50000.0,150.0,0.003,195.4799422631877,,0.323,post-control
50000.0,150.0,0.003,195.55092263437984,,0.323,post-control
50000.0,150.0,0.003,195.621903005572,,0.323,post-control
50000.0,150.0,0.003,195.69288337676414,,0.323,post-control
50000.0,150.0,0.003,195.7638637479563,,0.323,post-control
50000.0,150.0,0.003,195.83484411914844,,0.323,post-control
50000.0,150.0,0.003,195.9058244903406,,0.323,post-control
50000.0,150.0,0.003,195.97680486153274,,0.323,post-control
50000.0,150.0,0.003,196.04778523272492,,0.323,post-control
50000.0,150.0,0.003,196.11876560391707,,0.323,post-control
50000.0,150.0,0.003,196.18974597510922,,0.323,post-control
50000.0,150.0,0.003,196.26072634630137,,0.323,post-control
50000.0,150.0,0.003,196.33170671749352,,0.323,post-control
50000.0,150.0,0.003,196.40268708868567,,0.323,post-control
50000.0,150.0,0.003,196.47366745987782,,0.323,post-control
50000.0,150.0,0.003,196.54464783106997,,0.323,post-control
50000.0,150.0,0.003,196.61562820226212,,0.323,post-control
50000.0,150.0,0.003,196.68660857345427,,0.323,post-control
50000.0,150.0,0.003,196.75758894464644,,0.323,post-control
50000.0,150.0,0.003,196.8285693158386,,0.323,post-control
50000.0,150.0,0.003,196.89954968703074,,0.323,post-control
50000.0,150.0,0.003,196.9705300582229,,0.323,post-control
50000.0,150.0,0.003,197.04151042941504,,0.323,post-control
50000.0,150.0,0.003,197.1124908006072,,0.323,post-control
50000.0,150.0,0.003,197.18347117179934,,0.323,post-control
50000.0,150.0,0.003,197.2544515429915,,0.323,post-control
50000.0,150.0,0.003,197.32543191418364,,0.323,post-control
50000.0,150.0,0.003,197.3964122853758,,0.323,post-control
50000.0,150.0,0.003,197.46739265656797,,0.323,post-control
50000.0,150.0,0.003,197.53837302776012,,0.323,post-control
50000.0,150.0,0.003,197.60935339895227,,0.323,post-control
50000.0,150.0,0.003,197.68033377014441,,0.323,post-control
50000.0,150.0,0.003,197.75131414133656,,0.323,post-control
50000.0,150.0,0.003,197.8222945125287,,0.323,post-control
50000.0,150.0,0.003,197.89327488372086,,0.323,post-control
50000.0,150.0,0.003,197.964255254913,,0.323,post-control
50000.0,150.0,0.003,198.03523562610516,,0.323,post-control
50000.0,150.0,0.003,198.1062159972973,,0.323,post-control
50000.0,150.0,0.003,198.1771963684895,,0.323,post-control
50000.0,150.0,0.003,198.24817673968164,,0.323,post-control
50000.0,150.0,0.003,198.3191571108738,,0.323,post-control
50000.0,150.0,0.003,198.39013748206594,,0.323,post-control
50000.0,150.0,0.003,198.4611178532581,,0.323,post-control
50000.0,150.0,0.003,198.53209822445024,,0.323,post-control
50000.0,150.0,0.003,198.6030785956424,,0.323,post-control
50000.0,150.0,0.003,198.67405896683454,,0.323,post-control
50000.0,150.0,0.003,198.7450393380267,,0.323,post-control
50000.0,150.0,0.003,198.81601970921884,,0.323,post-control
50000.0,150.0,0.003,198.887000080411,,0.323,post-control
50000.0,150.0,0.003,198.95798045160316,,0.323,post-control
50000.0,150.0,0.003,199.0289608227953,,0.323,post-control
50000.0,150.0,0.003,199.09994119398746,,0.323,post-control
50000.0,150.0,0.003,199.1709215651796,,0.323,post-control
50000.0,150.0,0.003,199.24190193637176,,0.323,post-control
50000.0,150.0,0.003,199.3128823075639,,0.323,post-control
50000.0,150.0,0.003,199.38386267875606,,0.323,post-control
50000.0,150.0,0.003,199.4548430499482,,0.323,post-control
50000.0,150.0,0.003,199.52582342114036,,0.323,post-control
50000.0,150.0,0.003,199.59680379233254,,0.323,post-control
50000.0,150.0,0.003,199.6677841635247,,0.323,post-control
50000.0,150.0,0.003,199.73876453471684,,0.323,post-control
50000.0,150.0,0.003,199.80974490590899,,0.323,post-control
50000.0,150.0,0.003,199.88072527710113,,0.323,post-control
50000.0,150.0,0.003,199.95170564829328,,0.323,post-control
50000.0,150.0,0.003,200.02268601948543,,0.323,post-control
50000.0,150.0,0.003,200.09366639067758,,0.323,post-control
50000.0,150.0,0.003,200.16464676186973,,0.323,post-control
50000.0,150.0,0.003,200.2356271330619,,0.323,post-control
50000.0,150.0,0.003,200.30660750425406,,0.323,post-control
50000.0,150.0,0.003,200.3775878754462,,0.323,post-control
50000.0,150.0,0.003,200.44856824663836,,0.323,post-control
50000.0,150.0,0.003,200.5195486178305,,0.323,post-control
50000.0,150.0,0.003,200.59052898902266,,0.323,post-control
50000.0,150.0,0.003,200.6615093602148,,0.323,post-control
50000.0,150.0,0.003,200.73248973140696,,0.323,post-control
50000.0,150.0,0.003,200.8034701025991,,0.323,post-control
50000.0,150.0,0.003,200.87445047379126,,0.323,post-control
50000.0,150.0,0.003,200.94543084498343,,0.323,post-control
50000.0,150.0,0.003,201.01641121617558,,0.323,post-control
50000.0,150.0,0.003,201.08739158736773,,0.323,post-control
50000.0,150.0,0.003,201.15837195855988,,0.323,post-control
50000.0,150.0,0.003,201.22935232975203,,0.323,post-control
50000.0,150.0,0.003,201.30033270094418,,0.323,post-control
50000.0,150.0,0.003,201.37131307213633,,0.323,post-control
50000.0,150.0,0.003,201.44229344332848,,0.323,post-control
50000.0,150.0,0.003,201.51327381452063,,0.323,post-control
50000.0,150.0,0.003,201.58425418571278,,0.323,post-control
50000.0,150.0,0.003,201.65523455690496,,0.323,post-control
50000.0,150.0,0.003,201.7262149280971,,0.323,post-control
50000.0,150.0,0.003,201.79719529928926,,0.323,post-control
50000.0,150.0,0.003,201.8681756704814,,0.323,post-control
50000.0,150.0,0.003,201.93915604167356,,0.323,post-control
50000.0,150.0,0.003,202.0101364128657,,0.323,post-control
50000.0,150.0,0.003,202.08111678405785,,0.323,post-control
50000.0,150.0,0.003,202.15209715525,,0.323,post-control
50000.0,150.0,0.003,202.22307752644215,,0.323,post-control
50000.0,150.0,0.003,202.2940578976343,,0.323,post-control
50000.0,150.0,0.003,202.36503826882648,,0.323,post-control
50000.0,150.0,0.003,202.43601864001863,,0.323,post-control
50000.0,150.0,0.003,202.50699901121078,,0.323,post-control
50000.0,150.0,0.003,202.57797938240293,,0.323,post-control
50000.0,150.0,0.003,202.64895975359508,,0.323,post-control
50000.0,150.0,0.003,202.71994012478723,,0.323,post-control
50000.0,150.0,0.003,202.79092049597938,,0.323,post-control
50000.0,150.0,0.003,202.86190086717153,,0.323,post-control
50000.0,150.0,0.003,202.93288123836368,,0.323,post-control
50000.0,150.0,0.003,203.00386160955583,,0.323,post-control
50000.0,150.0,0.003,203.074841980748,,0.323,post-control
50000.0,150.0,0.003,203.14582235194015,,0.323,post-control
50000.0,150.0,0.003,203.2168027231323,,0.323,post-control
50000.0,150.0,0.003,203.28778309432445,,0.323,post-control
50000.0,150.0,0.003,203.3587634655166,,0.323,post-control
50000.0,150.0,0.003,203.42974383670875,,0.323,post-control
50000.0,150.0,0.003,203.5007242079009,,0.323,post-control
50000.0,150.0,0.003,203.57170457909305,,0.323,post-control
50000.0,150.0,0.003,203.6426849502852,,0.323,post-control
50000.0,150.0,0.003,203.71366532147735,,0.323,post-control
50000.0,150.0,0.003,203.78464569266953,,0.323,post-control
50000.0,150.0,0.003,203.85562606386168,,0.323,post-control
50000.0,150.0,0.003,203.92660643505383,,0.323,post-control
50000.0,150.0,0.003,203.99758680624598,,0.323,post-control
50000.0,150.0,0.003,204.06856717743813,,0.323,post-control
50000.0,150.0,0.003,204.13954754863028,,0.323,post-control
50000.0,150.0,0.003,204.21052791982243,,0.323,post-control
50000.0,150.0,0.003,204.28150829101457,,0.323,post-control
50000.0,150.0,0.003,204.35248866220672,,0.323,post-control
50000.0,150.0,0.003,204.42346903339887,,0.323,post-control
50000.0,150.0,0.003,204.49444940459105,,0.323,post-control
50000.0,150.0,0.003,204.5654297757832,,0.323,post-control
50000.0,150.0,0.003,204.63641014697535,,0.323,post-control
50000.0,150.0,0.003,204.7073905181675,,0.323,post-control
50000.0,150.0,0.003,204.77837088935965,,0.323,post-control
50000.0,150.0,0.003,204.8493512605518,,0.323,post-control
50000.0,150.0,0.003,204.92033163174395,,0.323,post-control
50000.0,150.0,0.003,204.9913120029361,,0.323,post-control
50000.0,150.0,0.003,205.06229237412825,,0.323,post-control
50000.0,150.0,0.003,205.13327274532043,,0.323,post-control
50000.0,150.0,0.003,205.20425311651258,,0.323,post-control
50000.0,150.0,0.003,205.27523348770472,,0.323,post-control
50000.0,150.0,0.003,205.34621385889687,,0.323,post-control
50000.0,150.0,0.003,205.41719423008902,,0.323,post-control
50000.0,150.0,0.003,205.48817460128117,,0.323,post-control
50000.0,150.0,0.003,205.55915497247332,,0.323,post-control
50000.0,150.0,0.003,205.63013534366547,,0.323,post-control
50000.0,150.0,0.003,205.70111571485762,,0.323,post-control
50000.0,150.0,0.003,205.77209608604977,,0.323,post-control
50000.0,150.0,0.003,205.84307645724195,,0.323,post-control
50000.0,150.0,0.003,205.9140568284341,,0.323,post-control
50000.0,150.0,0.003,205.98503719962625,,0.323,post-control
50000.0,150.0,0.003,206.0560175708184,,0.323,post-control
50000.0,150.0,0.003,206.12699794201055,,0.323,post-control
50000.0,150.0,0.003,206.1979783132027,,0.323,post-control
50000.0,150.0,0.003,206.26895868439485,,0.323,post-control
50000.0,150.0,0.003,206.339939055587,,0.323,post-control
50000.0,150.0,0.003,206.41091942677915,,0.323,post-control
50000.0,150.0,0.003,206.4818997979713,,0.323,post-control
50000.0,150.0,0.003,206.55288016916347,,0.323,post-control
50000.0,150.0,0.003,206.62386054035562,,0.323,post-control
50000.0,150.0,0.003,206.69484091154777,,0.323,post-control
50000.0,150.0,0.003,206.76582128273992,,0.323,post-control
50000.0,150.0,0.003,206.83680165393207,,0.323,post-control
50000.0,150.0,0.003,206.90778202512422,,0.323,post-control
50000.0,150.0,0.003,206.97876239631637,,0.323,post-control
50000.0,150.0,0.003,207.04974276750852,,0.323,post-control
50000.0,150.0,0.003,207.12072313870067,,0.323,post-control
50000.0,150.0,0.003,207.19170350989282,,0.323,post-control
50000.0,150.0,0.003,207.262683881085,,0.323,post-control
50000.0,150.0,0.003,207.33366425227715,,0.323,post-control
50000.0,150.0,0.003,207.4046446234693,,0.323,post-control
50000.0,150.0,0.003,207.47562499466144,,0.323,post-control
50000.0,150.0,0.003,207.5466053658536,,0.323,post-control
50000.0,150.0,0.003,207.61758573704574,,0.323,post-control
50000.0,150.0,0.003,207.6885661082379,,0.323,post-control
50000.0,150.0,0.003,207.75954647943004,,0.323,post-control
50000.0,150.0,0.003,207.8305268506222,,0.323,post-control
50000.0,150.0,0.003,207.90150722181434,,0.323,post-control
50000.0,150.0,0.003,207.97248759300652,,0.323,post-control
50000.0,150.0,0.003,208.04346796419867,,0.323,post-control
50000.0,150.0,0.003,208.11444833539082,,0.323,post-control
50000.0,150.0,0.003,208.18542870658297,,0.323,post-control
50000.0,150.0,0.003,208.25640907777512,,0.323,post-control
50000.0,150.0,0.003,208.32738944896727,,0.323,post-control
50000.0,150.0,0.003,208.39836982015942,,0.323,post-control
50000.0,150.0,0.003,208.46935019135157,,0.323,post-control
50000.0,150.0,0.003,208.54033056254372,,0.323,post-control
50000.0,150.0,0.003,208.61131093373587,,0.323,post-control
50000.0,150.0,0.003,208.68229130492804,,0.323,post-control
50000.0,150.0,0.003,208.7532716761202,,0.323,post-control
50000.0,150.0,0.003,208.82425204731234,,0.323,post-control
50000.0,150.0,0.003,208.8952324185045,,0.323,post-control
50000.0,150.0,0.003,208.96621278969664,,0.323,post-control
50000.0,150.0,0.003,209.0371931608888,,0.323,post-control
50000.0,150.0,0.003,209.10817353208094,,0.323,post-control
50000.0,150.0,0.003,209.1791539032731,,0.323,post-control
50000.0,150.0,0.003,209.25013427446524,,0.323,post-control
50000.0,150.0,0.003,209.32111464565742,,0.323,post-control
50000.0,150.0,0.003,209.39209501684957,,0.323,post-control
50000.0,150.0,0.003,209.46307538804172,,0.323,post-control
50000.0,150.0,0.003,209.53405575923387,,0.323,post-control
50000.0,150.0,0.003,209.60503613042602,,0.323,post-control
50000.0,150.0,0.003,209.67601650161816,,0.323,post-control
50000.0,150.0,0.003,209.7469968728103,,0.323,post-control
50000.0,150.0,0.003,209.81797724400246,,0.323,post-control
50000.0,150.0,0.003,209.8889576151946,,0.323,post-control
50000.0,150.0,0.003,209.95993798638676,,0.323,post-control
50000.0,150.0,0.003,210.03091835757894,,0.323,post-control
50000.0,150.0,0.003,210.1018987287711,,0.323,post-control
50000.0,150.0,0.003,210.17287909996324,,0.323,post-control
50000.0,150.0,0.003,210.2438594711554,,0.323,post-control
50000.0,150.0,0.003,210.31483984234754,,0.323,post-control
50000.0,150.0,0.003,210.3858202135397,,0.323,post-control
50000.0,150.0,0.003,210.45680058473184,,0.323,post-control
50000.0,150.0,0.003,210.527780955924,,0.323,post-control
50000.0,150.0,0.003,210.59876132711614,,0.323,post-control
50000.0,150.0,0.003,210.6697416983083,,0.323,post-control
50000.0,150.0,0.003,210.74072206950046,,0.323,post-control
50000.0,150.0,0.003,210.8117024406926,,0.323,post-control
50000.0,150.0,0.003,210.88268281188476,,0.323,post-control
50000.0,150.0,0.003,210.9536631830769,,0.323,post-control
50000.0,150.0,0.003,211.02464355426906,,0.323,post-control
50000.0,150.0,0.003,211.0956239254612,,0.323,post-control
50000.0,150.0,0.003,211.16660429665336,,0.323,post-control
50000.0,150.0,0.003,211.2375846678455,,0.323,post-control
50000.0,150.0,0.003,211.30856503903766,,0.323,post-control
50000.0,150.0,0.003,211.3795454102298,,0.323,post-control
50000.0,150.0,0.003,211.450525781422,,0.323,post-control
50000.0,150.0,0.003,211.52150615261414,,0.323,post-control
50000.0,150.0,0.003,211.5924865238063,,0.323,post-control
50000.0,150.0,0.003,211.66346689499844,,0.323,post-control
50000.0,150.0,0.003,211.73444726619059,,0.323,post-control
50000.0,150.0,0.003,211.80542763738273,,0.323,post-control
50000.0,150.0,0.003,211.87640800857488,,0.323,post-control
50000.0,150.0,0.003,211.94738837976703,,0.323,post-control
50000.0,150.0,0.003,212.01836875095918,,0.323,post-control
50000.0,150.0,0.003,212.08934912215133,,0.323,post-control
50000.0,150.0,0.003,212.1603294933435,,0.323,post-control
50000.0,150.0,0.003,212.23130986453566,,0.323,post-control
50000.0,150.0,0.003,212.3022902357278,,0.323,post-control
50000.0,150.0,0.003,212.37327060691996,,0.323,post-control
50000.0,150.0,0.003,212.4442509781121,,0.323,post-control
50000.0,150.0,0.003,212.51523134930426,,0.323,post-control
50000.0,150.0,0.003,212.5862117204964,,0.323,post-control
50000.0,150.0,0.003,212.65719209168856,,0.323,post-control
50000.0,150.0,0.003,212.7281724628807,,0.323,post-control
50000.0,150.0,0.003,212.79915283407286,,0.323,post-control
50000.0,150.0,0.003,212.870133205265,,0.323,post-control
