N_eff,eta,eta_fraction,t,I,q,phase
40000.0,100.0,0.0025,0.0,0.0014045524933739035,0.323,pre-control
40000.0,100.0,0.0025,0.02498133459843536,0.001440501251435286,0.323,pre-control
40000.0,100.0,0.0025,0.04996266919687072,0.0014773701187864893,0.323,pre-control
40000.0,100.0,0.0025,0.07017573570210162,0.001507965200139892,0.323,pre-control
40000.0,100.0,0.0025,0.07494400379530608,0.001515182588465838,0.323,pre-control
40000.0,100.0,0.0025,0.09992533839374144,0.0015539627997947748,0.323,pre-control
40000.0,100.0,0.0025,0.12490667299217681,0.0015937355383778614,0.323,pre-control
40000.0,100.0,0.0025,0.14035147140420323,0.0016189545314210393,0.323,pre-control
40000.0,100.0,0.0025,0.14988800759061216,0.0016345262361027778,0.323,pre-control
40000.0,100.0,0.0025,0.17486934218904754,0.001676360971140322,0.323,pre-control
40000.0,100.0,0.0025,0.1998506767874829,0.0017192664679444112,0.323,pre-control
40000.0,100.0,0.0025,0.21052720710630485,0.0017380798360520891,0.323,pre-control
40000.0,100.0,0.0025,0.22483201138591824,0.0017632866720357057,0.323,pre-control
40000.0,100.0,0.0025,0.24981334598435362,0.0018085219379730597,0.323,pre-control
40000.0,100.0,0.0025,0.274794680582789,0.0018549926322785101,0.323,pre-control
40000.0,100.0,0.0025,0.28070294280840646,0.0018662780525077755,0.323,pre-control
40000.0,100.0,0.0025,0.2997760151812243,0.001902709684783194,0.323,pre-control
40000.0,100.0,0.0025,0.3247573497796597,0.0019516859860143948,0.323,pre-control
40000.0,100.0,0.0025,0.3497386843780951,0.0020019363871955414,0.323,pre-control
40000.0,100.0,0.0025,0.3508786785105081,0.002004288415035491,0.323,pre-control
40000.0,100.0,0.0025,0.3747200189765304,0.0020534777002462093,0.323,pre-control
40000.0,100.0,0.0025,0.3997013535749658,0.0021063286977821187,0.323,pre-control
40000.0,100.0,0.0025,0.4210544142126097,0.002152640837050761,0.323,pre-control
40000.0,100.0,0.0025,0.42468268817340116,0.002160510113115136,0.323,pre-control
40000.0,100.0,0.0025,0.4496640227718365,0.002216044640253275,0.323,pre-control
40000.0,100.0,0.0025,0.47464535737027186,0.002272956933900693,0.323,pre-control
40000.0,100.0,0.0025,0.4912301499147113,0.002311672638307247,0.323,pre-control
40000.0,100.0,0.0025,0.49962669196870724,0.0023312736094576944,0.323,pre-control
40000.0,100.0,0.0025,0.5246080265671426,0.002391023243020729,0.323,pre-control
40000.0,100.0,0.0025,0.549589361165578,0.0024522363713823936,0.323,pre-control
40000.0,100.0,0.0025,0.5614058856168129,0.002481898672031102,0.323,pre-control
40000.0,100.0,0.0025,0.5745706957640133,0.0025149454920314293,0.323,pre-control
40000.0,100.0,0.0025,0.5995520303624486,0.0025791850631527234,0.323,pre-control
40000.0,100.0,0.0025,0.6245333649608841,0.002644991503627311,0.323,pre-control
40000.0,100.0,0.0025,0.6315816213189145,0.002664011098700688,0.323,pre-control
40000.0,100.0,0.0025,0.6495146995593194,0.00271240319303237,0.323,pre-control
40000.0,100.0,0.0025,0.6744960341577547,0.002781460471641226,0.323,pre-control
40000.0,100.0,0.0025,0.6994773687561902,0.0028522056404233502,0.323,pre-control
40000.0,100.0,0.0025,0.7017573570210162,0.002858820476785707,0.323,pre-control
40000.0,100.0,0.0025,0.7244587033546255,0.002924682961044359,0.323,pre-control
40000.0,100.0,0.0025,0.7494400379530608,0.0029989386558660165,0.323,pre-control
40000.0,100.0,0.0025,0.7719330927231178,0.0030674426926029785,0.323,pre-control
40000.0,100.0,0.0025,0.7744213725514962,0.0030750209079462316,0.323,pre-control
40000.0,100.0,0.0025,0.7994027071499316,0.0031529798610390567,0.323,pre-control
40000.0,100.0,0.0025,0.8243840417483669,0.0032328676195946936,0.323,pre-control
40000.0,100.0,0.0025,0.8421088284252194,0.0032909565672178745,0.323,pre-control
40000.0,100.0,0.0025,0.8493653763468023,0.0033147382487594876,0.323,pre-control
40000.0,100.0,0.0025,0.8743467109452376,0.0033986477743759326,0.323,pre-control
40000.0,100.0,0.0025,0.899328045543673,0.0034846541829826644,0.323,pre-control
40000.0,100.0,0.0025,0.912284564127321,0.00353037986820648,0.323,pre-control
40000.0,100.0,0.0025,0.9243093801421084,0.0035728174218144686,0.323,pre-control
40000.0,100.0,0.0025,0.9492907147405437,0.003663199398802275,0.323,pre-control
40000.0,100.0,0.0025,0.974272049338979,0.003755863982573157,0.323,pre-control
40000.0,100.0,0.0025,0.9824602998294226,0.003787006850602977,0.323,pre-control
40000.0,100.0,0.0025,0.9992533839374145,0.003850877002450337,0.323,pre-control
40000.0,100.0,0.0025,1.0242347185358498,0.003948306248453184,0.323,pre-control
40000.0,100.0,0.0025,1.0492160531342851,0.004048221471297207,0.323,pre-control
40000.0,100.0,0.0025,1.0526360355315243,0.004062250167432884,0.323,pre-control
40000.0,100.0,0.0025,1.0741973877327204,0.00415069438239407,0.323,pre-control
40000.0,100.0,0.0025,1.099178722331156,0.004255798653851577,0.323,pre-control
40000.0,100.0,0.0025,1.1228117712336259,0.0043577911586559735,0.323,pre-control
40000.0,100.0,0.0025,1.1241600569295913,0.004363609918473675,0.323,pre-control
40000.0,100.0,0.0025,1.1491413915280266,0.004474205769760462,0.323,pre-control
40000.0,100.0,0.0025,1.174122726126462,0.004587665761908183,0.323,pre-control
40000.0,100.0,0.0025,1.1929875069357274,0.0046755700739840944,0.323,pre-control
40000.0,100.0,0.0025,1.1991040607248973,0.004704071409809222,0.323,pre-control
40000.0,100.0,0.0025,1.2240853953233326,0.004823506189052117,0.323,pre-control
40000.0,100.0,0.0025,1.2490667299217681,0.004946055535921548,0.323,pre-control
40000.0,100.0,0.0025,1.263163242637829,0.005017014713635172,0.323,pre-control
40000.0,100.0,0.0025,1.2740480645202035,0.005071806847398337,0.323,pre-control
40000.0,100.0,0.0025,1.2990293991186388,0.00520084948115946,0.323,pre-control
40000.0,100.0,0.0025,1.3240107337170741,0.0053332747555780305,0.323,pre-control
40000.0,100.0,0.0025,1.3333389783399308,0.0053840214271992076,0.323,pre-control
40000.0,100.0,0.0025,1.3489920683155094,0.0054691759497233145,0.323,pre-control
40000.0,100.0,0.0025,1.3739734029139448,0.005608648303360721,0.323,pre-control
40000.0,100.0,0.0025,1.3989547375123803,0.005751789016951806,0.323,pre-control
40000.0,100.0,0.0025,1.4035147140420323,0.005778604962257538,0.323,pre-control
40000.0,100.0,0.0025,1.4239360721108156,0.005898697251654267,0.323,pre-control
40000.0,100.0,0.0025,1.448917406709251,0.006049474129321954,0.323,pre-control
40000.0,100.0,0.0025,1.4736904497441339,0.006202932456023133,0.323,pre-control
40000.0,100.0,0.0025,1.4738987413076863,0.00620422273250486,0.323,pre-control
40000.0,100.0,0.0025,1.4988800759061216,0.006363048104449121,0.323,pre-control
40000.0,100.0,0.0025,1.523861410504557,0.006526057249097023,0.323,pre-control
40000.0,100.0,0.0025,1.5438661854462357,0.006660030735715243,0.323,pre-control
40000.0,100.0,0.0025,1.5488427451029925,0.006693359131087,0.323,pre-control
40000.0,100.0,0.0025,1.5738240797014278,0.0068650646757536194,0.323,pre-control
40000.0,100.0,0.0025,1.5988054142998631,0.007041286769127611,0.323,pre-control
40000.0,100.0,0.0025,1.6140419211483372,0.007151592141722461,0.323,pre-control
40000.0,100.0,0.0025,1.6237867488982984,0.00722214025793584,0.323,pre-control
40000.0,100.0,0.0025,1.6487680834967338,0.007407741949601318,0.323,pre-control
40000.0,100.0,0.0025,1.6737494180951693,0.00759821061224321,0.323,pre-control
40000.0,100.0,0.0025,1.6842176568504388,0.007680115118190607,0.323,pre-control
40000.0,100.0,0.0025,1.6987307526936046,0.007793666974676814,0.323,pre-control
40000.0,100.0,0.0025,1.72371208729204,0.007994233726413585,0.323,pre-control
40000.0,100.0,0.0025,1.7486934218904753,0.008200035517661122,0.323,pre-control
40000.0,100.0,0.0025,1.7543933925525403,0.008248216507256838,0.323,pre-control
40000.0,100.0,0.0025,1.7736747564889106,0.008411198959323166,0.323,pre-control
40000.0,100.0,0.0025,1.798656091087346,0.008627852622999605,0.323,pre-control
40000.0,100.0,0.0025,1.8236374256857815,0.008850127040986477,0.323,pre-control
40000.0,100.0,0.0025,1.824569128254642,0.00885863154904966,0.323,pre-control
40000.0,100.0,0.0025,1.8486187602842168,0.00907815470627596,0.323,pre-control
40000.0,100.0,0.0025,1.8736000948826521,0.009312070072556381,0.323,pre-control
40000.0,100.0,0.0025,1.8947448639567437,0.009515160300237312,0.323,pre-control
40000.0,100.0,0.0025,1.8985814294810874,0.009552009554212211,0.323,pre-control
40000.0,100.0,0.0025,1.9235627640795228,0.009798111526324071,0.323,pre-control
40000.0,100.0,0.0025,1.948544098677958,0.010050516324668721,0.323,pre-control
40000.0,100.0,0.0025,1.9649205996588452,0.010220205256590283,0.323,pre-control
40000.0,100.0,0.0025,1.9735254332763936,0.010309366245719076,0.323,pre-control
40000.0,100.0,0.0025,1.998506767874829,0.010574805546644191,0.323,pre-control
40000.0,100.0,0.0025,2.023488102473264,0.010846980445309259,0.323,pre-control
40000.0,100.0,0.0025,2.035096335360947,0.010976652383995065,0.323,pre-control
40000.0,100.0,0.0025,2.0484694370716996,0.011126039120275641,0.323,pre-control
40000.0,100.0,0.0025,2.073450771670135,0.011412131710800822,0.323,pre-control
40000.0,100.0,0.0025,2.0984321062685702,0.011705410316838437,0.323,pre-control
40000.0,100.0,0.0025,2.1052720710630486,0.011787720619144631,0.323,pre-control
40000.0,100.0,0.0025,2.123413440867006,0.012006028999038281,0.323,pre-control
40000.0,100.0,0.0025,2.148394775465441,0.012314143778746277,0.323,pre-control
40000.0,100.0,0.0025,2.1733761100638764,0.01262991263800451,0.323,pre-control
40000.0,100.0,0.0025,2.17544780676515,0.012656747296723298,0.323,pre-control
40000.0,100.0,0.0025,2.198357444662312,0.012953495519551198,0.323,pre-control
40000.0,100.0,0.0025,2.223338779260747,0.013285113749009881,0.323,pre-control
40000.0,100.0,0.0025,2.2456235424672517,0.013588671229752727,0.323,pre-control
40000.0,100.0,0.0025,2.2483201138591826,0.013625403252022493,0.323,pre-control
40000.0,100.0,0.0025,2.2733014484576177,0.013974615160963974,0.323,pre-control
40000.0,100.0,0.0025,2.2982827830560533,0.014332905332107692,0.323,pre-control
40000.0,100.0,0.0025,2.3157992781693535,0.014590615386592575,0.323,pre-control
40000.0,100.0,0.0025,2.3232641176544884,0.014700441249471634,0.323,pre-control
40000.0,100.0,0.0025,2.348245452252924,0.01507740202481847,0.323,pre-control
40000.0,100.0,0.0025,2.3732267868513595,0.0154639783976555,0.323,pre-control
40000.0,100.0,0.0025,2.385975013871455,0.01566626242635812,0.323,pre-control
40000.0,100.0,0.0025,2.3982081214497946,0.015860372735234673,0.323,pre-control
40000.0,100.0,0.0025,2.42318945604823,0.016266799032552612,0.323,pre-control
40000.0,100.0,0.0025,2.448170790646665,0.016683482912350563,0.323,pre-control
40000.0,100.0,0.0025,2.4561507495735566,0.01681993953634981,0.323,pre-control
40000.0,100.0,0.0025,2.4731521252451008,0.017110661625114446,0.323,pre-control
40000.0,100.0,0.0025,2.4981334598435363,0.01754858404907482,0.323,pre-control
40000.0,100.0,0.0025,2.5231147944419714,0.01799751069020689,0.323,pre-control
40000.0,100.0,0.0025,2.526326485275658,0.018056676053261993,0.323,pre-control
40000.0,100.0,0.0025,2.548096129040407,0.018457713682230533,0.323,pre-control
40000.0,100.0,0.0025,2.573077463638842,0.01892947678661025,0.323,pre-control
40000.0,100.0,0.0025,2.5965022209777597,0.01938296130498967,0.323,pre-control
40000.0,100.0,0.0025,2.5980587982372776,0.019413095392555223,0.323,pre-control
40000.0,100.0,0.0025,2.623040132835713,0.01990887651701926,0.323,pre-control
40000.0,100.0,0.0025,2.6480214674341482,0.02041713880470082,0.323,pre-control
40000.0,100.0,0.0025,2.6666779566798615,0.020806285600579642,0.323,pre-control
40000.0,100.0,0.0025,2.673002802032584,0.02093821252804304,0.323,pre-control
40000.0,100.0,0.0025,2.697984136631019,0.021472439587233674,0.323,pre-control
40000.0,100.0,0.0025,2.7229654712294544,0.022020173510205163,0.323,pre-control
40000.0,100.0,0.0025,2.736853692381963,0.02233239492088636,0.323,pre-control
40000.0,100.0,0.0025,2.7479468058278895,0.022581779452634558,0.323,pre-control
40000.0,100.0,0.0025,2.772928140426325,0.023157634197943602,0.323,pre-control
40000.0,100.0,0.0025,2.7979094750247606,0.02374812615729866,0.323,pre-control
40000.0,100.0,0.0025,2.8070294280840646,0.023969187124660653,0.323,pre-control
40000.0,100.0,0.0025,2.8228908096231957,0.024353655369610754,0.323,pre-control
40000.0,100.0,0.0025,2.8478721442216313,0.024974633501535573,0.323,pre-control
40000.0,100.0,0.0025,2.8728534788200664,0.02561148384747343,0.323,pre-control
40000.0,100.0,0.0025,2.8772051637861664,0.025725262220047264,0.323,pre-control
40000.0,100.0,0.0025,2.897834813418502,0.02626464132956932,0.323,pre-control
40000.0,100.0,0.0025,2.9228161480169375,0.02693455249771287,0.323,pre-control
40000.0,100.0,0.0025,2.9473808994882678,0.027610217220128352,0.323,pre-control
40000.0,100.0,0.0025,2.9477974826153726,0.027621675529538352,0.323,pre-control
40000.0,100.0,0.0025,2.972778817213808,0.028326480230424708,0.323,pre-control
40000.0,100.0,0.0025,2.997760151812243,0.029049448033495514,0.323,pre-control
40000.0,100.0,0.0025,3.0175566351903695,0.029637148680966268,0.323,pre-control
40000.0,100.0,0.0025,3.0227414864106787,0.02979107199961902,0.323,pre-control
40000.0,100.0,0.0025,3.047722821009114,0.030551856817408088,0.323,pre-control
40000.0,100.0,0.0025,3.0727041556075494,0.03133231880322028,0.323,pre-control
40000.0,100.0,0.0025,3.0877323708924713,0.03181398232171428,0.323,pre-control
40000.0,100.0,0.0025,3.097685490205985,0.032132985901157776,0.323,pre-control
40000.0,100.0,0.0025,3.12266682480442,0.032954397683067405,0.323,pre-control
40000.0,100.0,0.0025,3.1476481594028556,0.03379710534854067,0.323,pre-control
40000.0,100.0,0.0025,3.1579081065945727,0.03415218667257358,0.323,pre-control
40000.0,100.0,0.0025,3.1726294940012907,0.034661671724913704,0.323,pre-control
40000.0,100.0,0.0025,3.1976108285997262,0.03554867126726731,0.323,pre-control
40000.0,100.0,0.0025,3.2225921631981618,0.03645869005842693,0.323,pre-control
40000.0,100.0,0.0025,3.2280838422966744,0.03666393241313933,0.323,pre-control
40000.0,100.0,0.0025,3.247573497796597,0.03739232580896263,0.323,pre-control
40000.0,100.0,0.0025,3.2725548323950324,0.0383501878571892,0.323,pre-control
40000.0,100.0,0.0025,3.2975361669934675,0.03933289716916601,0.323,pre-control
40000.0,100.0,0.0025,3.298259577998776,0.039362092372400556,0.323,pre-control
40000.0,100.0,0.0025,3.322517501591903,0.040341086338697124,0.323,pre-control
40000.0,100.0,0.0025,3.3474988361903386,0.041375399587331246,0.323,pre-control
40000.0,100.0,0.0025,3.3684353137008776,0.04226468568011173,0.323,pre-control
40000.0,100.0,0.0025,3.3724801707887737,0.04243649276436169,0.323,pre-control
40000.0,100.0,0.0025,3.3974615053872093,0.043525033346826496,0.323,pre-control
40000.0,100.0,0.0025,3.4224428399856444,0.04464170043950828,0.323,pre-control
40000.0,100.0,0.0025,3.4386110494029793,0.04538307118359199,0.323,pre-control
40000.0,100.0,0.0025,3.44742417458408,0.0457871847749344,0.323,pre-control
40000.0,100.0,0.0025,3.472405509182515,0.046962188713376755,0.323,pre-control
40000.0,100.0,0.0025,3.4973868437809505,0.048167426242852,0.323,pre-control
40000.0,100.0,0.0025,3.5087867851050807,0.04873155023722957,0.323,pre-control
40000.0,100.0,0.0025,3.522368178379386,0.04940362297912137,0.323,pre-control
40000.0,100.0,0.0025,3.547349512977821,0.05067151616569074,0.323,pre-control
40000.0,100.0,0.0025,3.5723308475762567,0.051971854673810734,0.323,pre-control
40000.0,100.0,0.0025,3.5789625208071825,0.05232586419207,0.323,pre-control
40000.0,100.0,0.0025,3.597312182174692,0.053305399002476495,0.323,pre-control
40000.0,100.0,0.0025,3.6222935167731274,0.054672921278427954,0.323,pre-control
40000.0,100.0,0.0025,3.647274851371563,0.05607520525614959,0.323,pre-control
40000.0,100.0,0.0025,3.649138256509284,0.05618245654855271,0.323,pre-control
40000.0,100.0,0.0025,3.672256185969998,0.057513046317870534,0.323,pre-control
40000.0,100.0,0.0025,3.6972375205684336,0.058987251473564664,0.323,pre-control
40000.0,100.0,0.0025,3.7193139922113856,0.06032289315859546,0.323,pre-control
40000.0,100.0,0.0025,3.7222188551668687,0.06049863936095038,0.323,pre-control
40000.0,100.0,0.0025,3.7472001897653042,0.062048040245490876,0.323,pre-control
40000.0,100.0,0.0025,3.7721815243637393,0.06363635014130897,0.323,pre-control
40000.0,100.0,0.0025,3.7894897279134874,0.06476502170711448,0.323,pre-control
40000.0,100.0,0.0025,3.797162858962175,0.06526538818422811,0.323,pre-control
40000.0,100.0,0.0025,3.8221441935606104,0.06693640939963152,0.323,pre-control
40000.0,100.0,0.0025,3.8471255281590455,0.06865036102720111,0.323,pre-control
40000.0,100.0,0.0025,3.8596654636155887,0.06953276427047858,0.323,pre-control
40000.0,100.0,0.0025,3.872106862757481,0.07040823376486,0.323,pre-control
40000.0,100.0,0.0025,3.897088197355916,0.07221106176877241,0.323,pre-control
40000.0,100.0,0.0025,3.9220695319543517,0.07405992265334385,0.323,pre-control
40000.0,100.0,0.0025,3.9298411993176905,0.07464977090896338,0.323,pre-control
40000.0,100.0,0.0025,3.9470508665527873,0.07595593749122088,0.323,pre-control
40000.0,100.0,0.0025,3.9720322011512224,0.07790027081329129,0.323,pre-control
40000.0,100.0,0.0025,3.997013535749658,0.07989413060868408,0.323,pre-control
40000.0,100.0,0.0025,4.000016935019792,0.08013994867736979,0.323,pre-control
40000.0,100.0,0.0025,4.021994870348093,0.0819387683247694,0.323,pre-control
40000.0,100.0,0.0025,4.046976204946528,0.08403547886715848,0.323,pre-control
40000.0,100.0,0.0025,4.070192670721894,0.08603369987572052,0.323,pre-control
40000.0,100.0,0.0025,4.071957539544964,0.08618560059970395,0.323,pre-control
40000.0,100.0,0.0025,4.096938874143399,0.0883905153444994,0.323,pre-control
40000.0,100.0,0.0025,4.121920208741835,0.09065164838187972,0.323,pre-control
40000.0,100.0,0.0025,4.140368406423995,0.09236404892818552,0.323,pre-control
40000.0,100.0,0.0025,4.14690154334027,0.0929704684504209,0.323,pre-control
40000.0,100.0,0.0025,4.171882877938705,0.09534848774694005,0.323,pre-control
40000.0,100.0,0.0025,4.1968642125371405,0.09778726192649571,0.323,pre-control
40000.0,100.0,0.0025,4.210544142126097,0.0991568948099725,0.323,pre-control
40000.0,100.0,0.0025,4.221845547135576,0.10028839010238738,0.323,pre-control
40000.0,100.0,0.0025,4.246826881734012,0.10285351484615574,0.323,pre-control
40000.0,100.0,0.0025,4.271808216332447,0.1054843221875827,0.323,pre-control
40000.0,100.0,0.0025,4.280719877828199,0.10644686556495533,0.323,pre-control
40000.0,100.0,0.0025,4.296789550930882,0.10818254161469126,0.323,pre-control
40000.0,100.0,0.0025,4.321770885529317,0.11094994607374589,0.323,pre-control
40000.0,100.0,0.0025,4.346752220127753,0.11378835196925184,0.323,pre-control
40000.0,100.0,0.0025,4.3508956135303,0.11427121349292493,0.323,pre-control
40000.0,100.0,0.0025,4.371733554726188,0.11669961916395578,0.323,pre-control
40000.0,100.0,0.0025,4.396714889324624,0.11968565097884545,0.323,pre-control
40000.0,100.0,0.0025,4.421071349232402,0.12267178376583013,0.323,pre-control
40000.0,100.0,0.0025,4.421696223923059,0.12274839419314973,0.323,pre-control
40000.0,100.0,0.0025,4.446677558521494,0.12588983904433892,0.323,pre-control
40000.0,100.0,0.0025,4.47165889311993,0.12911201922812432,0.323,pre-control
40000.0,100.0,0.0025,4.491247084934503,0.13170350728962749,0.323,pre-control
40000.0,100.0,0.0025,4.496640227718365,0.13241701189845828,0.323,pre-control
40000.0,100.0,0.0025,4.521621562316801,0.13580693766753454,0.323,pre-control
40000.0,100.0,0.0025,4.5466028969152354,0.1392839606057878,0.323,pre-control
40000.0,100.0,0.0025,4.561422820636605,0.1413996483535441,0.323,pre-control
40000.0,100.0,0.0025,4.571584231513671,0.14285028824189427,0.323,pre-control
40000.0,100.0,0.0025,4.5965655661121065,0.14650817156277107,0.323,pre-control
40000.0,100.0,0.0025,4.621546900710542,0.15025990501357656,0.323,pre-control
40000.0,100.0,0.0025,4.631598556338707,0.15180818024644385,0.323,pre-control
40000.0,100.0,0.0025,4.646528235308977,0.15410782649771004,0.323,pre-control
40000.0,100.0,0.0025,4.671509569907412,0.15805431737681264,0.323,pre-control
40000.0,100.0,0.0025,4.696490904505848,0.162101802470766,0.323,pre-control
40000.0,100.0,0.0025,4.701774292040808,0.16297970051310745,0.323,pre-control
40000.0,100.0,0.0025,4.721472239104283,0.1662527500576932,0.323,pre-control
40000.0,100.0,0.0025,4.746453573702719,0.17050967187395855,0.323,pre-control
40000.0,100.0,0.0025,4.771434908301154,0.17487512311416722,0.323,pre-control
40000.0,100.0,0.0025,4.77195002774291,0.17496743095423328,0.323,pre-control
40000.0,100.0,0.0025,4.796416242899589,0.1793517024311662,0.323,pre-control
40000.0,100.0,0.0025,4.821397577498025,0.18394217524905956,0.323,pre-control
40000.0,100.0,0.0025,4.842125763445011,0.18784882834823644,0.323,pre-control
40000.0,100.0,0.0025,4.84637891209646,0.18865042171501428,0.323,pre-control
40000.0,100.0,0.0025,4.871360246694896,0.19347952332810855,0.323,pre-control
40000.0,100.0,0.0025,4.89634158129333,0.1984323755596843,0.323,pre-control
40000.0,100.0,0.0025,4.912301499147113,0.20167760511006216,0.323,pre-control
40000.0,100.0,0.0025,4.921322915891766,0.20351198599311174,0.323,pre-control
40000.0,100.0,0.0025,4.9463042504902015,0.2087214743237886,0.323,pre-control
40000.0,100.0,0.0025,4.971285585088637,0.21406407235914063,0.323,pre-control
40000.0,100.0,0.0025,4.982477234849215,0.2165186901038973,0.323,pre-control
40000.0,100.0,0.0025,4.996266919687073,0.21954312401862153,0.323,pre-control
40000.0,100.0,0.0025,5.021248254285507,0.22516208533371268,0.323,pre-control
40000.0,100.0,0.0025,5.046229588883943,0.2309245244479239,0.323,pre-control
40000.0,100.0,0.0025,5.052652970551316,0.2324440428694276,0.323,pre-control
40000.0,100.0,0.0025,5.071210923482378,0.23683412161679251,0.323,pre-control
40000.0,100.0,0.0025,5.096192258080814,0.24289466920788377,0.323,pre-control
40000.0,100.0,0.0025,5.121173592679249,0.24911007170079086,0.323,pre-control
40000.0,100.0,0.0025,5.122828706253418,0.2495323929085988,0.323,pre-control
40000.0,100.0,0.0025,5.146154927277684,0.2554843456871348,0.323,pre-control
40000.0,100.0,0.0025,5.17113626187612,0.26202161987056494,0.323,pre-control
40000.0,100.0,0.0025,5.1930044419555195,0.26789062358922966,0.323,pre-control
40000.0,100.0,0.0025,5.196117596474555,0.26872613506675813,0.323,pre-control
40000.0,100.0,0.0025,5.221098931072991,0.27560224420341917,0.323,pre-control
40000.0,100.0,0.0025,5.246080265671426,0.2826544123202809,0.323,pre-control
40000.0,100.0,0.0025,5.263180177657621,0.2876053213912476,0.323,pre-control
40000.0,100.0,0.0025,5.271061600269861,0.2898872165691036,0.323,pre-control
40000.0,100.0,0.0025,5.2960429348682965,0.2973053462136765,0.323,pre-control
40000.0,100.0,0.0025,5.321024269466732,0.30491360262981587,0.323,pre-control
40000.0,100.0,0.0025,5.333355913359723,0.308765577607977,0.323,pre-control
40000.0,100.0,0.0025,5.346005604065168,0.31271689930536606,0.323,pre-control
40000.0,100.0,0.0025,5.370986938663602,0.32072026184019903,0.323,pre-control
40000.0,100.0,0.0025,5.395968273262038,0.3289288279462157,0.323,pre-control
40000.0,100.0,0.0025,5.403531649061825,0.331477779368401,0.323,pre-control
40000.0,100.0,0.0025,5.420949607860473,0.337347847447344,0.323,pre-control
40000.0,100.0,0.0025,5.445930942458909,0.34598268227953977,0.323,pre-control
40000.0,100.0,0.0025,5.470912277057344,0.35483880649078714,0.323,pre-control
40000.0,100.0,0.0025,5.473707384763926,0.35585508376376196,0.323,pre-control
40000.0,100.0,0.0025,5.495893611655779,0.36392180624109755,0.323,pre-control
40000.0,100.0,0.0025,5.520874946254215,0.3732373798025115,0.323,pre-control
40000.0,100.0,0.0025,5.5438831204660275,0.3820367145061734,0.323,pre-control
40000.0,100.0,0.0025,5.54585628085265,0.3827913375590963,0.323,pre-control
40000.0,100.0,0.0025,5.570837615451086,0.3925896020069476,0.323,pre-control
40000.0,100.0,0.0025,5.595818950049521,0.40263820775418885,0.323,pre-control
40000.0,100.0,0.0025,5.614058856168129,0.4101623831383711,0.323,pre-control
40000.0,100.0,0.0025,5.620800284647956,0.4129433015209712,0.323,pre-control
40000.0,100.0,0.0025,5.645781619246391,0.423511908634794,0.323,pre-control
40000.0,100.0,0.0025,5.670762953844827,0.43435158472146906,0.323,pre-control
40000.0,100.0,0.0025,5.684234591870231,0.44034682580179163,0.323,pre-control
40000.0,100.0,0.0025,5.6957442884432625,0.4454689501927947,0.323,pre-control
40000.0,100.0,0.0025,5.720725623041698,0.45687085237525915,0.323,pre-control
40000.0,100.0,0.0025,5.745706957640133,0.46856437759153413,0.323,pre-control
40000.0,100.0,0.0025,5.754410327572333,0.47274249439555677,0.323,pre-control
40000.0,100.0,0.0025,5.770688292238568,0.4805568511604763,0.323,pre-control
40000.0,100.0,0.0025,5.795669626837004,0.49285583739712463,0.323,pre-control
40000.0,100.0,0.0025,5.820650961435439,0.5054691396127023,0.323,pre-control
40000.0,100.0,0.0025,5.824586063274434,0.5075067866098678,0.323,pre-control
40000.0,100.0,0.0025,5.845632296033875,0.5184048001146164,0.323,pre-control
40000.0,100.0,0.0025,5.87061363063231,0.531671100206457,0.323,pre-control
40000.0,100.0,0.0025,5.8947617989765355,0.5448227969959267,0.323,pre-control
40000.0,100.0,0.0025,5.895594965230745,0.5452765601879993,0.323,pre-control
40000.0,100.0,0.0025,5.920576299829181,0.5592299393552009,0.323,pre-control
40000.0,100.0,0.0025,5.945557634427616,0.5735402360002035,0.323,pre-control
40000.0,100.0,0.0025,5.964937534678637,0.5849258632678698,0.323,pre-control
40000.0,100.0,0.0025,5.970538969026052,0.5882166874113327,0.323,pre-control
40000.0,100.0,0.0025,5.995520303624486,0.603268769873097,0.323,pre-control
40000.0,100.0,0.0025,6.020501638222922,0.6187061986661903,0.323,pre-control
40000.0,100.0,0.0025,6.035113270380739,0.6279667934976816,0.323,pre-control
40000.0,100.0,0.0025,6.0454829728213575,0.6345389280674887,0.323,pre-control
40000.0,100.0,0.0025,6.070464307419793,0.6507771513500525,0.323,pre-control
40000.0,100.0,0.0025,6.095445642018228,0.6674313007831252,0.323,pre-control
40000.0,100.0,0.0025,6.105289006082841,0.6741616061264126,0.323,pre-control
40000.0,100.0,0.0025,6.120426976616663,0.6845120476321356,0.323,pre-control
40000.0,100.0,0.0025,6.145408311215099,0.7020303021586943,0.323,pre-control
40000.0,100.0,0.0025,6.170389645813534,0.7199972136205968,0.323,pre-control
40000.0,100.0,0.0025,6.175464741784943,0.7237407515447797,0.323,pre-control
40000.0,100.0,0.0025,6.19537098041197,0.7384241702718217,0.323,pre-control
40000.0,100.0,0.0025,6.2203523150104045,0.757322799362531,0.323,pre-control
40000.0,100.0,0.0025,6.24533364960884,0.7767049671390722,0.323,pre-control
40000.0,100.0,0.0025,6.2456404774870435,0.7769491120931663,0.323,pre-control
40000.0,100.0,0.0025,6.270314984207276,0.7965827788439748,0.323,pre-control
40000.0,100.0,0.0025,6.295296318805711,0.816968578715952,0.323,pre-control
40000.0,100.0,0.0025,6.315816213189145,0.834141934759111,0.323,pre-control
40000.0,100.0,0.0025,6.320277653404147,0.8378757698289124,0.323,pre-control
40000.0,100.0,0.0025,6.345258988002581,0.8593186926025972,0.323,pre-control
40000.0,100.0,0.0025,6.370240322601017,0.8813106124831472,0.323,pre-control
40000.0,100.0,0.0025,6.385991948891247,0.8955320972352538,0.323,pre-control
40000.0,100.0,0.0025,6.3952216571994525,0.9038652149434201,0.323,pre-control
40000.0,100.0,0.0025,6.420202991797888,0.9269966380265908,0.323,pre-control
40000.0,100.0,0.0025,6.4451843263963235,0.9507194723461521,0.323,pre-control
40000.0,100.0,0.0025,6.456167684593349,0.96141615037409,0.323,pre-control
40000.0,100.0,0.0025,6.470165660994758,0.9750487610859123,0.323,pre-control
40000.0,100.0,0.0025,6.495146995593194,0.9999999999999998,0.323,pre-control
40000.0,100.0,0.0025,6.520133862509015,1.0255955873354505,0.323,pre-control
40000.0,100.0,0.0025,6.526343420295451,1.0321191992264038,0.323,pre-control
40000.0,100.0,0.0025,6.545120729424835,1.0518461880603165,0.323,pre-control
40000.0,100.0,0.0025,6.570107596340656,1.078768860171091,0.323,pre-control
40000.0,100.0,0.0025,6.595094463256477,1.1063812970495932,0.323,pre-control
40000.0,100.0,0.0025,6.596519155997552,1.1079960023107716,0.323,pre-control
40000.0,100.0,0.0025,6.620081330172298,1.1347006843154492,0.323,pre-control
40000.0,100.0,0.0025,6.6450681970881185,1.1637447284984728,0.323,pre-control
40000.0,100.0,0.0025,6.666694891699653,1.189526027003176,0.323,pre-control
40000.0,100.0,0.0025,6.6700550640039395,1.193531706408194,0.323,pre-control
40000.0,100.0,0.0025,6.695041930919761,1.2240804651338526,0.323,pre-control
40000.0,100.0,0.0025,6.720028797835582,1.2554104220444018,0.323,pre-control
40000.0,100.0,0.0025,6.736870627401755,1.2770676883069427,0.323,pre-control
40000.0,100.0,0.0025,6.745015664751402,1.287541564788506,0.323,pre-control
40000.0,100.0,0.0025,6.770002531667223,1.3204944512945465,0.323,pre-control
40000.0,100.0,0.0025,6.794989398583044,1.354290209770613,0.323,pre-control
40000.0,100.0,0.0025,6.807046363103857,1.3710149299063372,0.323,pre-control
40000.0,100.0,0.0025,6.819976265498864,1.3889505387045082,0.323,pre-control
40000.0,100.0,0.0025,6.844963132414685,1.424497706863751,0.323,pre-control
40000.0,100.0,0.0025,6.869949999330506,1.4609545532955694,0.323,pre-control
40000.0,100.0,0.0025,6.877222098805959,1.4718364025715307,0.323,pre-control
40000.0,100.0,0.0025,6.8949368662463275,1.498344487326905,0.323,pre-control
40000.0,100.0,0.0025,6.919923733162148,1.536691488564411,0.323,pre-control
40000.0,100.0,0.0025,6.944910600077969,1.5760201068944573,0.323,pre-control
40000.0,100.0,0.0025,6.94739783450806,1.5800351555001133,0.323,pre-control
40000.0,100.0,0.0025,6.96989746699379,1.616355462483122,0.323,pre-control
40000.0,100.0,0.0025,6.99488433390961,1.6577232457761963,0.323,pre-control
40000.0,100.0,0.0025,7.017573570210161,1.6962484536609872,0.323,pre-control
40000.0,100.0,0.0025,7.019871200825431,1.7001497174991878,0.323,pre-control
40000.0,100.0,0.0025,7.044858067741252,1.743661708657313,0.323,pre-control
40000.0,100.0,0.0025,7.069844934657073,1.788286620535502,0.323,pre-control
40000.0,100.0,0.0025,7.087749305912263,1.821080378596058,0.323,pre-control
40000.0,100.0,0.0025,7.094831801572894,1.8340527218215905,0.323,pre-control
40000.0,100.0,0.0025,7.119818668488715,1.8809906280718576,0.323,pre-control
40000.0,100.0,0.0025,7.144805535404536,1.9291299482153654,0.323,pre-control
40000.0,100.0,0.0025,7.157925041614365,1.9550524227457988,0.323,pre-control
40000.0,100.0,0.0025,7.169792402320357,1.9785008171231768,0.323,pre-control
40000.0,100.0,0.0025,7.194779269236177,2.029134325267422,0.323,pre-control
40000.0,100.0,0.0025,7.219766136151998,2.081062518721304,0.323,pre-control
40000.0,100.0,0.0025,7.228100777316467,2.098826596740454,0.323,pre-control
40000.0,100.0,0.0025,7.244753003067819,2.1343183991590866,0.323,pre-control
40000.0,100.0,0.0025,7.26973986998364,2.1889359238561044,0.323,pre-control
40000.0,100.0,0.0025,7.29472673689946,2.2449500056887555,0.323,pre-control
40000.0,100.0,0.0025,7.298276513018568,2.25311118255595,0.323,pre-control
40000.0,100.0,0.0025,7.3197136038152815,2.302396513134512,0.323,pre-control
40000.0,100.0,0.0025,7.3447004707311025,2.361312270271908,0.323,pre-control
40000.0,100.0,0.0025,7.368452248720669,2.418748387232832,0.323,pre-control
40000.0,100.0,0.0025,7.369687337646923,2.421735056780543,0.323,pre-control
40000.0,100.0,0.0025,7.394674204562744,2.483703607941091,0.323,pre-control
40000.0,100.0,0.0025,7.419661071478565,2.5472576146352877,0.323,pre-control
40000.0,100.0,0.0025,7.438627984422771,2.596734223758539,0.323,pre-control
40000.0,100.0,0.0025,7.444647938394386,2.6124377233459364,0.323,pre-control
40000.0,100.0,0.0025,7.469634805310206,2.679285536156907,0.323,pre-control
40000.0,100.0,0.0025,7.494621672226027,2.7478436107531423,0.323,pre-control
40000.0,100.0,0.0025,7.508803720124873,2.787751215944316,0.323,pre-control
40000.0,100.0,0.0025,7.519608539141848,2.8181554604206465,0.323,pre-control
40000.0,100.0,0.0025,7.5445954060576685,2.8902655540464894,0.323,pre-control
40000.0,100.0,0.0025,7.56958227297349,2.9642193161188173,0.323,pre-control
40000.0,100.0,0.0025,7.578979455826975,2.992743473428355,0.323,pre-control
40000.0,100.0,0.0025,7.594569139889311,3.0400643149542965,0.323,pre-control
40000.0,100.0,0.0025,7.619556006805132,3.1178505509580248,0.323,pre-control
40000.0,100.0,0.0025,7.644542873720953,3.197626567696344,0.323,pre-control
40000.0,100.0,0.0025,7.6491551915290765,3.21272891695693,0.323,pre-control
40000.0,100.0,0.0025,7.669529740636773,3.279442350300453,0.323,pre-control
40000.0,100.0,0.0025,7.694516607552594,3.363349447635681,0.323,pre-control
40000.0,100.0,0.0025,7.719330927231177,3.4488067420247694,0.323,pre-control
40000.0,100.0,0.0025,7.719503474468414,3.4494009723014636,0.323,pre-control
40000.0,100.0,0.0025,7.744490341384235,3.5376516006313707,0.323,pre-control
40000.0,100.0,0.0025,7.7694772083000565,3.628157572693083,0.323,pre-control
40000.0,100.0,0.0025,7.789506662933279,3.702561312517422,0.323,pre-control
40000.0,100.0,0.0025,7.794464075215878,3.720976692288403,0.323,pre-control
40000.0,100.0,0.0025,7.819450942131699,3.816168326953255,0.323,pre-control
40000.0,100.0,0.0025,7.844437809047519,3.9137934079576793,0.323,pre-control
40000.0,100.0,0.0025,7.859682398635381,3.974877652731424,0.323,pre-control
40000.0,100.0,0.0025,7.86942467596334,4.013914430305848,0.323,pre-control
40000.0,100.0,0.0025,7.894411542879161,4.116595452736041,0.323,pre-control
40000.0,100.0,0.0025,7.919398409794981,4.22190209772066,0.323,pre-control
40000.0,100.0,0.0025,7.929858134337483,4.26711162882054,0.323,pre-control
40000.0,100.0,0.0025,7.944385276710802,4.329901551466238,0.323,pre-control
40000.0,100.0,0.0025,7.969372143626623,4.440662563913416,0.323,pre-control
40000.0,100.0,0.0025,7.9943590105424445,4.55425544873696,0.323,pre-control
40000.0,100.0,0.0025,8.000033870039584,4.580713429064053,0.323,pre-control
40000.0,100.0,0.0025,8.019345877458266,4.670752083345755,0.323,pre-control
40000.0,100.0,0.0025,8.044332744374085,4.7902259088828005,0.323,pre-control
40000.0,100.0,0.0025,8.069319611289906,4.912752002503548,0.323,pre-control
40000.0,100.0,0.0025,8.070209605741686,4.917227767714423,0.323,pre-control
40000.0,100.0,0.0025,8.094306478205727,5.038410482111917,0.323,pre-control
40000.0,100.0,0.0025,8.119293345121548,5.167281588991195,0.323,pre-control
40000.0,100.0,0.0025,8.140385341443787,5.2788446035398415,0.323,pre-control
40000.0,100.0,0.0025,8.14428021203737,5.299445949095678,0.323,pre-control
40000.0,100.0,0.0025,8.16926707895319,5.4349866819108685,0.323,pre-control
40000.0,100.0,0.0025,8.194253945869011,5.5739894004534785,0.323,pre-control
40000.0,100.0,0.0025,8.21056107714589,5.667023369367138,0.323,pre-control
40000.0,100.0,0.0025,8.219240812784832,5.716542211271423,0.323,pre-control
40000.0,100.0,0.0025,8.244227679700652,5.862735714443815,0.323,pre-control
40000.0,100.0,0.0025,8.269214546616473,6.012663003581005,0.323,pre-control
40000.0,100.0,0.0025,8.28073681284799,6.083565258081652,0.323,pre-control
40000.0,100.0,0.0025,8.294201413532294,6.1664196658245185,0.323,pre-control
40000.0,100.0,0.0025,8.319188280448115,6.324103781847098,0.323,pre-control
40000.0,100.0,0.0025,8.344175147363936,6.485815925852694,0.323,pre-control
40000.0,100.0,0.0025,8.350912548550092,6.530533514648242,0.323,pre-control
40000.0,100.0,0.0025,8.369162014279757,6.651659165576459,0.323,pre-control
40000.0,100.0,0.0025,8.394148881195578,6.821739062284758,0.323,pre-control
40000.0,100.0,0.0025,8.419135748111398,6.996163670775144,0.323,pre-control
40000.0,100.0,0.0025,8.421088284252194,7.010141790140074,0.323,pre-control
40000.0,100.0,0.0025,8.444122615027219,7.175043539376419,0.323,pre-control
40000.0,100.0,0.0025,8.46910948194304,7.3584917099485505,0.323,pre-control
40000.0,100.0,0.0025,8.491264019954295,7.525298446261399,0.323,pre-control
40000.0,100.0,0.0025,8.49409634885886,7.54662371788273,0.323,pre-control
40000.0,100.0,0.0025,8.519083215774682,7.739558130497025,0.323,pre-control
40000.0,100.0,0.0025,8.544070082690503,7.937420169875211,0.323,pre-control
40000.0,100.0,0.0025,8.561439755656398,8.078476420152803,0.323,pre-control
40000.0,100.0,0.0025,8.569056949606324,8.14033439631179,0.323,pre-control
40000.0,100.0,0.0025,8.594043816522145,8.348427985585307,0.323,pre-control
40000.0,100.0,0.0025,8.619030683437966,8.561831902348038,0.323,pre-control
40000.0,100.0,0.0025,8.631615491358499,8.672056710040629,0.323,pre-control
40000.0,100.0,0.0025,8.644017550353785,8.780680900125985,0.323,pre-control
40000.0,100.0,0.0025,8.669004417269607,9.005113521318929,0.323,pre-control
40000.0,100.0,0.0025,8.693991284185428,9.235272097200342,0.323,pre-control
40000.0,100.0,0.0025,8.7017912270606,9.308951826579195,0.323,pre-control
40000.0,100.0,0.0025,8.718978151101249,9.471302747917447,0.323,pre-control
40000.0,100.0,0.0025,8.74396501801707,9.713355382491201,0.323,pre-control
40000.0,100.0,0.0025,8.76895188493289,9.961583698816284,0.323,pre-control
40000.0,100.0,0.0025,8.771966962762702,9.992300742768448,0.323,pre-control
40000.0,100.0,0.0025,8.79393875184871,10.21614518366116,0.323,pre-control
40000.0,100.0,0.0025,8.818925618764531,10.477201112667977,0.323,pre-control
40000.0,100.0,0.0025,8.842142698464803,10.725954614844053,0.323,pre-control
40000.0,100.0,0.0025,8.843912485680352,10.74491655035264,0.323,pre-control
40000.0,100.0,0.0025,8.868899352596173,11.019460350104785,0.323,pre-control
40000.0,100.0,0.0025,8.893886219511995,11.301005154187784,0.323,pre-control
40000.0,100.0,0.0025,8.912318434166906,11.513989035553069,0.323,pre-control
40000.0,100.0,0.0025,8.918873086427816,11.589727914774306,0.323,pre-control
40000.0,100.0,0.0025,8.943859953343637,11.88581392264631,0.323,pre-control
40000.0,100.0,0.0025,8.968846820259458,12.189449024226533,0.323,pre-control
40000.0,100.0,0.0025,8.982494169869007,12.359515640508302,0.323,pre-control
40000.0,100.0,0.0025,8.993833687175277,12.500823175943356,0.323,pre-control
40000.0,100.0,0.0025,9.018820554091098,12.820131846911082,0.323,pre-control
40000.0,100.0,0.0025,9.04380742100692,13.147576018929813,0.323,pre-control
40000.0,100.0,0.0025,9.052669905571108,13.26667457325662,0.323,pre-control
40000.0,100.0,0.0025,9.06879428792274,13.483362186485532,0.323,pre-control
40000.0,100.0,0.0025,9.093781154838561,13.827702356750086,0.323,pre-control
40000.0,100.0,0.0025,9.118768021754383,14.180814049581175,0.323,pre-control
40000.0,100.0,0.0025,9.12284564127321,14.239906352328408,0.323,pre-control
40000.0,100.0,0.0025,9.143754888670202,14.54292029752234,0.323,pre-control
40000.0,100.0,0.0025,9.168741755586023,14.91424964580306,0.323,pre-control
40000.0,100.0,0.0025,9.193021376975311,15.284258108247732,0.323,pre-control
40000.0,100.0,0.0025,9.193728622501844,15.295036152338596,0.323,pre-control
40000.0,100.0,0.0025,9.218715489417665,15.685519387730093,0.323,pre-control
40000.0,100.0,0.0025,9.243702356333486,16.085944435264565,0.323,pre-control
40000.0,100.0,0.0025,9.263197112677414,16.406308219785217,0.323,pre-control
40000.0,100.0,0.0025,9.268689223249307,16.496561890914872,0.323,pre-control
40000.0,100.0,0.0025,9.293676090165128,16.91763009679932,0.323,pre-control
40000.0,100.0,0.0025,9.31866295708095,17.349415701703148,0.323,pre-control
40000.0,100.0,0.0025,9.333372848379515,17.610077599904916,0.323,pre-control
40000.0,100.0,0.0025,9.34364982399677,17.79218744135754,0.323,pre-control
40000.0,100.0,0.0025,9.36863669091259,18.246221581659164,0.323,pre-control
40000.0,100.0,0.0025,9.39362355782841,18.71180211870951,0.323,pre-control
40000.0,100.0,0.0025,9.403548584081616,18.901437447991782,0.323,pre-control
40000.0,100.0,0.0025,9.418610424744232,19.189220778814708,0.323,pre-control
40000.0,100.0,0.0025,9.443597291660053,19.67877701848565,0.323,pre-control
40000.0,100.0,0.0025,9.468584158575874,20.180778024437963,0.323,pre-control
40000.0,100.0,0.0025,9.473724319783718,20.286671769925416,0.323,pre-control
40000.0,100.0,0.0025,9.493571025491693,20.695538713591965,0.323,pre-control
40000.0,100.0,0.0025,9.518557892407514,21.223381733072817,0.323,pre-control
40000.0,100.0,0.0025,9.543544759323336,21.76463746021031,0.323,pre-control
40000.0,100.0,0.0025,9.54390005548582,21.77252927375008,0.323,pre-control
40000.0,100.0,0.0025,9.568531626239157,22.319644002538993,0.323,pre-control
40000.0,100.0,0.0025,9.593518493154978,22.88874719779816,0.323,pre-control
40000.0,100.0,0.0025,9.614075791187922,23.368851004956525,0.323,pre-control
40000.0,100.0,0.0025,9.618505360070799,23.47230102457152,0.323,pre-control
40000.0,100.0,0.0025,9.64349222698662,24.070672372986188,0.323,pre-control
40000.0,100.0,0.0025,9.668479093902441,24.684232773105236,0.323,pre-control
40000.0,100.0,0.0025,9.684251526890023,25.08135747743353,0.323,pre-control
40000.0,100.0,0.0025,9.693465960818262,25.31336222598346,0.323,pre-control
40000.0,100.0,0.0025,9.718452827734081,25.958451229742757,0.323,pre-control
40000.0,100.0,0.0025,9.743439694649902,26.619900779572315,0.323,pre-control
40000.0,100.0,0.0025,9.754427262592124,26.918137681575704,0.323,pre-control
40000.0,100.0,0.0025,9.768426561565724,27.29812236772833,0.323,pre-control
40000.0,100.0,0.0025,9.793413428481545,27.99353798353419,0.323,pre-control
40000.0,100.0,0.0025,9.818400295397366,28.706580113380433,0.323,pre-control
40000.0,100.0,0.0025,9.824602998294226,28.888070182709047,0.323,pre-control
40000.0,100.0,0.0025,9.843387162313187,29.437691740724752,0.323,pre-control
40000.0,100.0,0.0025,9.868374029229006,30.18732634609192,0.323,pre-control
40000.0,100.0,0.0025,9.893360896144827,30.955947907074037,0.323,pre-control
40000.0,100.0,0.0025,9.894778733996327,31.000666354524483,0.323,pre-control
40000.0,100.0,0.0025,9.918347763060648,31.74403089833018,0.323,pre-control
40000.0,100.0,0.0025,9.94333462997647,32.55206310972213,0.323,pre-control
40000.0,100.0,0.0025,9.96495446969843,33.26890579778214,0.323,pre-control
40000.0,100.0,0.0025,9.96832149689229,33.38054533144466,0.323,pre-control
40000.0,100.0,0.0025,9.993308363808111,34.229985921933526,0.323,pre-control
40000.0,100.0,0.0025,10.018295230723933,35.10090695580889,0.323,pre-control
40000.0,100.0,0.0025,10.035130205400531,35.70252614084908,0.323,pre-control
40000.0,100.0,0.0025,10.043282097639754,35.99384435544159,0.323,pre-control
40000.0,100.0,0.0025,10.068268964555575,36.90934789095313,0.323,pre-control
40000.0,100.0,0.0025,10.093255831471394,37.84798118021564,0.323,pre-control
40000.0,100.0,0.0025,10.105305941102632,38.31207732603167,0.323,pre-control
40000.0,100.0,0.0025,10.118242698387215,38.81032168885211,0.323,pre-control
40000.0,100.0,0.0025,10.143229565303036,39.79696073023603,0.323,pre-control
40000.0,100.0,0.0025,10.168216432218857,40.808503465491604,0.323,pre-control
40000.0,100.0,0.0025,10.175481676804734,41.11004323372379,0.323,pre-control
40000.0,100.0,0.0025,10.193203299134678,41.84556890349372,0.323,pre-control
40000.0,100.0,0.0025,10.2181901660505,42.908789997623,0.323,pre-control
40000.0,100.0,0.0025,10.243177032966319,43.99881868523395,0.323,pre-control
40000.0,100.0,0.0025,10.245657412506835,44.10974996371074,0.323,pre-control
40000.0,100.0,0.0025,10.26816389988214,45.116319070487144,0.323,pre-control
40000.0,100.0,0.0025,10.293150766797961,46.26196944100229,0.323,pre-control
40000.0,100.0,0.0025,10.315833148208938,47.3281445628753,0.323,pre-control
40000.0,100.0,0.0025,10.318137633713782,47.436465866069355,0.323,pre-control
40000.0,100.0,0.0025,10.343124500629603,48.64052219664845,0.323,pre-control
40000.0,100.0,0.0025,10.368111367545424,49.87487006536989,0.323,pre-control
40000.0,100.0,0.0025,10.386008883911039,50.78123888751755,0.323,pre-control
40000.0,100.0,0.0025,10.393098234461245,51.14025888653414,0.323,pre-control
40000.0,100.0,0.0025,10.418085101377066,52.43745585611187,0.323,pre-control
40000.0,100.0,0.0025,10.443071968292887,53.76724595174389,0.323,pre-control
40000.0,100.0,0.0025,10.456184619613142,54.48262105314,0.323,pre-control
40000.0,100.0,0.0025,10.468058835208707,55.13043193274112,0.323,pre-control
40000.0,100.0,0.0025,10.493045702124528,56.527834460313045,0.323,pre-control
40000.0,100.0,0.0025,10.518032569040349,57.960297175443664,0.323,pre-control
40000.0,100.0,0.0025,10.526360355315243,58.44968929060271,0.323,pre-control
40000.0,100.0,0.0025,10.54301943595617,59.428679678005864,0.323,pre-control
40000.0,100.0,0.0025,10.56800630287199,60.93386027584101,0.323,pre-control
40000.0,100.0,0.0025,10.59299316978781,62.47673952254381,0.323,pre-control
40000.0,100.0,0.0025,10.596536091017343,62.70098261814367,0.323,pre-control
40000.0,100.0,0.0025,10.617980036703631,64.05824021746159,0.323,pre-control
40000.0,100.0,0.0025,10.642966903619453,65.67930740569483,0.323,pre-control
40000.0,100.0,0.0025,10.666711826719446,67.25832039061537,0.323,pre-control
40000.0,100.0,0.0025,10.667953770535274,67.34090837809696,0.323,pre-control
40000.0,100.0,0.0025,10.692940637451095,69.04403267127441,0.323,pre-control
40000.0,100.0,0.0025,10.717927504366916,70.7896920675866,0.323,pre-control
40000.0,100.0,0.0025,10.736887562421547,72.14736035268268,0.323,pre-control
40000.0,100.0,0.0025,10.742914371282737,72.57892059514592,0.323,pre-control
40000.0,100.0,0.0025,10.767901238198558,74.41277703595286,0.323,pre-control
40000.0,100.0,0.0025,10.792888105114379,76.29234529117261,0.323,pre-control
40000.0,100.0,0.0025,10.80706329812365,77.3851939232528,0.323,pre-control
40000.0,100.0,0.0025,10.8178749720302,78.21872917258193,0.323,pre-control
40000.0,100.0,0.0025,10.84286183894602,80.19305938386344,0.323,pre-control
40000.0,100.0,0.0025,10.86784870586184,82.21649374176444,0.323,pre-control
40000.0,100.0,0.0025,10.87723903382575,82.9958208667066,0.323,pre-control
40000.0,100.0,0.0025,10.892835572777662,84.29021717609598,0.323,pre-control
40000.0,100.0,0.0025,10.917822439693483,86.41544172973349,0.323,pre-control
40000.0,100.0,0.0025,10.942809306609302,88.59340655861646,0.323,pre-control
40000.0,100.0,0.0025,10.947414769527851,89.00479312536196,0.323,pre-control
40000.0,100.0,0.0025,10.967796173525123,90.82537793174907,0.323,pre-control
40000.0,100.0,0.0025,10.992783040440944,93.11264923119926,0.323,pre-control
40000.0,100.0,0.0025,11.017590505229954,95.43971530218506,0.323,pre-control
40000.0,100.0,0.0025,11.017769907356765,95.4565441319714,0.323,pre-control
40000.0,100.0,0.0025,11.042756774272586,97.85841451112715,0.323,pre-control
40000.0,100.0,0.0025,11.064498603517958,100.0,0.8449345707826241,threshold-control
40000.0,100.0,0.0025,11.087766240932055,100.0,0.8448336252356065,threshold-control
40000.0,100.0,0.0025,11.157941976634158,100.0,0.8445288335808459,threshold-control
40000.0,100.0,0.0025,11.228117712336259,100.0,0.8442235345696015,threshold-control
40000.0,100.0,0.0025,11.29829344803836,100.0,0.843917727716257,threshold-control
40000.0,100.0,0.0025,11.368469183740462,100.0,0.8436114125361796,threshold-control
40000.0,100.0,0.0025,11.438644919442563,100.0,0.8433045885457267,threshold-control
40000.0,100.0,0.0025,11.508820655144666,100.0,0.8429972552622528,threshold-control
40000.0,100.0,0.0025,11.578996390846767,100.0,0.8426894122041168,threshold-control
40000.0,100.0,0.0025,11.649172126548867,100.0,0.8423810588906884,threshold-control
40000.0,100.0,0.0025,11.71934786225097,100.0,0.8420721948423554,threshold-control
40000.0,100.0,0.0025,11.789523597953071,100.0,0.8417628195805306,threshold-control
40000.0,100.0,0.0025,11.859699333655174,100.0,0.8414529326276585,threshold-control
40000.0,100.0,0.0025,11.929875069357275,100.0,0.841142533507223,threshold-control
40000.0,100.0,0.0025,12.0,100.0,0.8408318470197906,threshold-control
40000.0,100.0,0.0025,12.000050805059375,100.0,0.8408316217437536,threshold-control
40000.0,100.0,0.0025,12.070226540761478,100.0,0.840520196862833,threshold-control
40000.0,100.0,0.0025,12.140402276463579,100.0,0.8402082583911038,threshold-control
40000.0,100.0,0.0025,12.210578012165682,100.0,0.8398958058562759,threshold-control
40000.0,100.0,0.0025,12.280753747867783,100.0,0.8395828387871332,threshold-control
40000.0,100.0,0.0025,12.350929483569885,100.0,0.8392693567135411,threshold-control
40000.0,100.0,0.0025,12.421105219271986,100.0,0.8389553591664531,threshold-control
40000.0,100.0,0.0025,12.491280954974087,100.0,0.8386408456779184,threshold-control
40000.0,100.0,0.0025,12.56145669067619,100.0,0.8383258157810887,threshold-control
40000.0,100.0,0.0025,12.63163242637829,100.0,0.8380102690102256,threshold-control
40000.0,100.0,0.0025,12.701808162080393,100.0,0.8376942049007075,threshold-control
40000.0,100.0,0.0025,12.771983897782494,100.0,0.837377622989037,threshold-control
40000.0,100.0,0.0025,12.842159633484595,100.0,0.8370605228128478,threshold-control
40000.0,100.0,0.0025,12.912335369186698,100.0,0.8367429039109125,threshold-control
40000.0,100.0,0.0025,12.982511104888799,100.0,0.8364247658231493,threshold-control
40000.0,100.0,0.0025,13.0,100.0,0.8363453999457093,threshold-control
40000.0,100.0,0.0025,13.052686840590901,100.0,0.8361061080906288,threshold-control
40000.0,100.0,0.0025,13.122862576293002,100.0,0.8357869302555825,threshold-control
40000.0,100.0,0.0025,13.193038311995103,100.0,0.835467231861409,threshold-control
40000.0,100.0,0.0025,13.263214047697206,100.0,0.8351470124526817,threshold-control
40000.0,100.0,0.0025,13.333389783399307,100.0,0.8348262715751561,threshold-control
40000.0,100.0,0.0025,13.40356551910141,100.0,0.8345050087757768,threshold-control
40000.0,100.0,0.0025,13.47374125480351,100.0,0.8341832236026852,threshold-control
40000.0,100.0,0.0025,13.543916990505611,100.0,0.8338609156052266,threshold-control
40000.0,100.0,0.0025,13.614092726207714,100.0,0.8335380843339575,threshold-control
40000.0,100.0,0.0025,13.684268461909815,100.0,0.8332147293406533,threshold-control
40000.0,100.0,0.0025,13.754444197611917,100.0,0.8328908501783152,threshold-control
40000.0,100.0,0.0025,13.824619933314018,100.0,0.8325664464011779,threshold-control
40000.0,100.0,0.0025,13.89479566901612,100.0,0.8322415175647166,threshold-control
40000.0,100.0,0.0025,13.964971404718222,100.0,0.8319160632256555,threshold-control
40000.0,100.0,0.0025,14.0,100.0,0.8317534141871676,threshold-control
40000.0,100.0,0.0025,14.035147140420323,100.0,0.8315900829419732,threshold-control
40000.0,100.0,0.0025,14.105322876122425,100.0,0.8312635762729126,threshold-control
40000.0,100.0,0.0025,14.175498611824526,100.0,0.8309365427789862,threshold-control
40000.0,100.0,0.0025,14.245674347526627,100.0,0.830608982021985,threshold-control
40000.0,100.0,0.0025,14.31585008322873,100.0,0.830280893564985,threshold-control
40000.0,100.0,0.0025,14.38602581893083,100.0,0.8299522769723556,threshold-control
40000.0,100.0,0.0025,14.456201554632933,100.0,0.8296231318097663,threshold-control
40000.0,100.0,0.0025,14.526377290335034,100.0,0.8292934576441946,threshold-control
40000.0,100.0,0.0025,14.596553026037135,100.0,0.8289632540439336,threshold-control
40000.0,100.0,0.0025,14.666728761739238,100.0,0.8286325205785989,threshold-control
40000.0,100.0,0.0025,14.736904497441339,100.0,0.8283012568191374,threshold-control
40000.0,100.0,0.0025,14.807080233143441,100.0,0.8279694623378335,threshold-control
40000.0,100.0,0.0025,14.877255968845542,100.0,0.8276371367083175,threshold-control
40000.0,100.0,0.0025,14.947431704547645,100.0,0.8273042795055732,threshold-control
40000.0,100.0,0.0025,15.0,100.0,0.8270545893281818,threshold-control
40000.0,100.0,0.0025,15.017607440249746,100.0,0.8269708903059446,threshold-control
40000.0,100.0,0.0025,15.087783175951847,100.0,0.8266369686871449,threshold-control
40000.0,100.0,0.0025,15.15795891165395,100.0,0.826302514228263,threshold-control
40000.0,100.0,0.0025,15.22813464735605,100.0,0.8259675265097715,threshold-control
40000.0,100.0,0.0025,15.298310383058153,100.0,0.8256320051135345,threshold-control
40000.0,100.0,0.0025,15.368486118760254,100.0,0.8252959496228154,threshold-control
40000.0,100.0,0.0025,15.438661854462355,100.0,0.8249593596222837,threshold-control
40000.0,100.0,0.0025,15.508837590164458,100.0,0.8246222346980236,threshold-control
40000.0,100.0,0.0025,15.579013325866558,100.0,0.8242845744375417,threshold-control
40000.0,100.0,0.0025,15.649189061568661,100.0,0.8239463784297738,threshold-control
40000.0,100.0,0.0025,15.719364797270762,100.0,0.8236076462650934,threshold-control
40000.0,100.0,0.0025,15.789540532972863,100.0,0.8232683775353196,threshold-control
40000.0,100.0,0.0025,15.859716268674966,100.0,0.8229285718337238,threshold-control
40000.0,100.0,0.0025,15.929892004377066,100.0,0.8225882287550387,threshold-control
40000.0,100.0,0.0025,16.0,100.0,0.8222476772044827,threshold-control
40000.0,100.0,0.0025,16.000067740079167,100.0,0.8222473478954653,threshold-control
40000.0,100.0,0.0025,16.07024347578127,100.0,0.8219059288526804,threshold-control
40000.0,100.0,0.0025,16.140419211483373,100.0,0.8215639712258458,threshold-control
40000.0,100.0,0.0025,16.210594947185474,100.0,0.8212214746156141,threshold-control
40000.0,100.0,0.0025,16.280770682887574,100.0,0.8208784386241382,threshold-control
40000.0,100.0,0.0025,16.350946418589675,100.0,0.8205348628550782,threshold-control
40000.0,100.0,0.0025,16.42112215429178,100.0,0.8201907469136093,threshold-control
40000.0,100.0,0.0025,16.49129788999388,100.0,0.8198460904064302,threshold-control
40000.0,100.0,0.0025,16.56147362569598,100.0,0.8195008929417702,threshold-control
40000.0,100.0,0.0025,16.631649361398082,100.0,0.8191551541293978,threshold-control
40000.0,100.0,0.0025,16.701825097100183,100.0,0.8188088735806278,threshold-control
40000.0,100.0,0.0025,16.772000832802288,100.0,0.8184620509083297,threshold-control
40000.0,100.0,0.0025,16.84217656850439,100.0,0.8181146857269355,threshold-control
40000.0,100.0,0.0025,16.91235230420649,100.0,0.8177667776524473,threshold-control
40000.0,100.0,0.0025,16.98252803990859,100.0,0.8174183263024459,threshold-control
40000.0,100.0,0.0025,17.0,100.0,0.8173314863309808,threshold-control
40000.0,100.0,0.0025,17.05270377561069,100.0,0.8170693312960977,threshold-control
40000.0,100.0,0.0025,17.122879511312796,100.0,0.8167197922541639,threshold-control
40000.0,100.0,0.0025,17.193055247014897,100.0,0.8163697087990069,threshold-control
40000.0,100.0,0.0025,17.263230982716998,100.0,0.8160190805545999,threshold-control
40000.0,100.0,0.0025,17.3334067184191,100.0,0.8156679071465334,threshold-control
40000.0,100.0,0.0025,17.4035824541212,100.0,0.8153161882020239,threshold-control
40000.0,100.0,0.0025,17.473758189823304,100.0,0.8149639233499223,threshold-control
40000.0,100.0,0.0025,17.543933925525405,100.0,0.8146111122207207,threshold-control
40000.0,100.0,0.0025,17.614109661227506,100.0,0.8142577544465613,threshold-control
40000.0,100.0,0.0025,17.684285396929607,100.0,0.8139038496612443,threshold-control
40000.0,100.0,0.0025,17.754461132631707,100.0,0.8135493975002356,threshold-control
40000.0,100.0,0.0025,17.824636868333812,100.0,0.8131943976006749,threshold-control
40000.0,100.0,0.0025,17.894812604035913,100.0,0.812838849601384,threshold-control
40000.0,100.0,0.0025,17.964988339738014,100.0,0.8124827531428745,threshold-control
40000.0,100.0,0.0025,18.0,100.0,0.8123048864293988,threshold-control
40000.0,100.0,0.0025,18.035164075440115,100.0,0.8121261078673561,threshold-control
40000.0,100.0,0.0025,18.105339811142215,100.0,0.8117689134187445,threshold-control
40000.0,100.0,0.0025,18.17551554684432,100.0,0.8114111694426694,threshold-control
40000.0,100.0,0.0025,18.24569128254642,100.0,0.8110528755864829,threshold-control
40000.0,100.0,0.0025,18.31586701824852,100.0,0.810694031499267,threshold-control
40000.0,100.0,0.0025,18.386042753950623,100.0,0.8103346368318425,threshold-control
40000.0,100.0,0.0025,18.456218489652723,100.0,0.8099746912367761,threshold-control
40000.0,100.0,0.0025,18.526394225354828,100.0,0.8096141943683896,threshold-control
40000.0,100.0,0.0025,18.59656996105693,100.0,0.809253145882767,threshold-control
40000.0,100.0,0.0025,18.66674569675903,100.0,0.8088915454377631,threshold-control
40000.0,100.0,0.0025,18.73692143246113,100.0,0.8085293926930118,threshold-control
40000.0,100.0,0.0025,18.80709716816323,100.0,0.8081666873099339,threshold-control
40000.0,100.0,0.0025,18.877272903865336,100.0,0.8078034289517453,threshold-control
40000.0,100.0,0.0025,18.947448639567437,100.0,0.8074396172834652,threshold-control
40000.0,100.0,0.0025,19.0,100.0,0.8071668130465909,threshold-control
40000.0,100.0,0.0025,19.017624375269538,100.0,0.8070752519719244,threshold-control
40000.0,100.0,0.0025,19.08780011097164,100.0,0.8067103326857732,threshold-control
40000.0,100.0,0.0025,19.15797584667374,100.0,0.8063448590954894,threshold-control
40000.0,100.0,0.0025,19.228151582375844,100.0,0.8059788308733871,threshold-control
40000.0,100.0,0.0025,19.298327318077945,100.0,0.8056122476936245,threshold-control
40000.0,100.0,0.0025,19.368503053780046,100.0,0.805245109232212,threshold-control
40000.0,100.0,0.0025,19.438678789482147,100.0,0.8048774151670206,threshold-control
40000.0,100.0,0.0025,19.508854525184248,100.0,0.8045091651777898,threshold-control
40000.0,100.0,0.0025,19.579030260886352,100.0,0.804140358946136,threshold-control
40000.0,100.0,0.0025,19.649205996588453,100.0,0.8037709961555611,threshold-control
40000.0,100.0,0.0025,19.719381732290554,100.0,0.8034010764914599,threshold-control
40000.0,100.0,0.0025,19.789557467992655,100.0,0.8030305996411289,threshold-control
40000.0,100.0,0.0025,19.859733203694756,100.0,0.8026595652937745,threshold-control
40000.0,100.0,0.0025,19.92990893939686,100.0,0.8022879731405208,threshold-control
40000.0,100.0,0.0025,20.0,100.0,0.801916272252961,threshold-control
40000.0,100.0,0.0025,20.00008467509896,100.0,0.8019158228744183,threshold-control
40000.0,100.0,0.0025,20.070260410801062,100.0,0.8015431141904524,threshold-control
40000.0,100.0,0.0025,20.140436146503163,100.0,0.8011698467855505,threshold-control
40000.0,100.0,0.0025,20.210611882205264,100.0,0.8007960203585914,threshold-control
40000.0,100.0,0.0025,20.280787617907368,100.0,0.8004216346104132,threshold-control
40000.0,100.0,0.0025,20.35096335360947,100.0,0.8000466892438213,threshold-control
40000.0,100.0,0.0025,20.42113908931157,100.0,0.7996711839635969,threshold-control
40000.0,100.0,0.0025,20.49131482501367,100.0,0.7992951184765056,threshold-control
40000.0,100.0,0.0025,20.561490560715775,100.0,0.7989184924913049,threshold-control
40000.0,100.0,0.0025,20.631666296417876,100.0,0.7985413057187529,threshold-control
40000.0,100.0,0.0025,20.701842032119977,100.0,0.7981635578716171,threshold-control
40000.0,100.0,0.0025,20.772017767822078,100.0,0.7977852486646815,threshold-control
40000.0,100.0,0.0025,20.84219350352418,100.0,0.797406377814756,threshold-control
40000.0,100.0,0.0025,20.912369239226283,100.0,0.7970269450406842,threshold-control
40000.0,100.0,0.0025,20.982544974928384,100.0,0.7966469500633518,threshold-control
40000.0,100.0,0.0025,21.0,100.0,0.7965523454092631,threshold-control
40000.0,100.0,0.0025,21.052720710630485,100.0,0.7962663926056948,threshold-control
40000.0,100.0,0.0025,21.122896446332586,100.0,0.7958852723927078,threshold-control
40000.0,100.0,0.0025,21.193072182034687,100.0,0.7955035891514526,threshold-control
40000.0,100.0,0.0025,21.26324791773679,100.0,0.7951213426110659,threshold-control
40000.0,100.0,0.0025,21.333423653438892,100.0,0.7947385325027686,threshold-control
40000.0,100.0,0.0025,21.403599389140993,100.0,0.7943551585598732,threshold-control
40000.0,100.0,0.0025,21.473775124843094,100.0,0.7939712205177922,threshold-control
40000.0,100.0,0.0025,21.543950860545195,100.0,0.7935867181140474,threshold-control
40000.0,100.0,0.0025,21.6141265962473,100.0,0.7932016510882767,threshold-control
40000.0,100.0,0.0025,21.6843023319494,100.0,0.7928160191822438,threshold-control
40000.0,100.0,0.0025,21.7544780676515,100.0,0.7924298221398457,threshold-control
40000.0,100.0,0.0025,21.824653803353602,100.0,0.7920430597071213,threshold-control
40000.0,100.0,0.0025,21.894829539055703,100.0,0.79165573163226,threshold-control
40000.0,100.0,0.0025,21.965005274757807,100.0,0.7912678376656095,threshold-control
40000.0,100.0,0.0025,22.0,100.0,0.7910741939889187,threshold-control
40000.0,100.0,0.0025,22.035181010459908,100.0,0.7908793775596843,threshold-control
40000.0,100.0,0.0025,22.10535674616201,100.0,0.7904903510691746,threshold-control
40000.0,100.0,0.0025,22.17553248186411,100.0,0.7901007579509538,threshold-control
40000.0,100.0,0.0025,22.24570821756621,100.0,0.7897105979640873,threshold-control
40000.0,100.0,0.0025,22.315883953268315,100.0,0.7893198708698408,threshold-control
40000.0,100.0,0.0025,22.386059688970416,100.0,0.7889285764316888,threshold-control
40000.0,100.0,0.0025,22.456235424672517,100.0,0.7885367144153224,threshold-control
40000.0,100.0,0.0025,22.526411160374618,100.0,0.7881442845886583,threshold-control
40000.0,100.0,0.0025,22.59658689607672,100.0,0.7877512867218467,threshold-control
40000.0,100.0,0.0025,22.666762631778823,100.0,0.7873577205872799,threshold-control
40000.0,100.0,0.0025,22.736938367480924,100.0,0.7869635859596004,threshold-control
40000.0,100.0,0.0025,22.807114103183025,100.0,0.7865688826157096,threshold-control
40000.0,100.0,0.0025,22.877289838885126,100.0,0.7861736103347755,threshold-control
40000.0,100.0,0.0025,22.947465574587227,100.0,0.7857777688982421,threshold-control
40000.0,100.0,0.0025,23.0,100.0,0.7854810644418297,threshold-control
40000.0,100.0,0.0025,23.01764131028933,100.0,0.7853813580898368,threshold-control
40000.0,100.0,0.0025,23.087817045991432,100.0,0.7849843776955788,threshold-control
40000.0,100.0,0.0025,23.157992781693533,100.0,0.7845868275037882,threshold-control
40000.0,100.0,0.0025,23.228168517395634,100.0,0.7841887073050936,threshold-control
40000.0,100.0,0.0025,23.298344253097735,100.0,0.7837900168924407,threshold-control
40000.0,100.0,0.0025,23.36851998879984,100.0,0.7833907560611006,threshold-control
40000.0,100.0,0.0025,23.43869572450194,100.0,0.7829909246086784,threshold-control
40000.0,100.0,0.0025,23.50887146020404,100.0,0.7825905223351209,threshold-control
40000.0,100.0,0.0025,23.579047195906142,100.0,0.7821895490427259,threshold-control
40000.0,100.0,0.0025,23.649222931608243,100.0,0.7817880045361494,threshold-control
40000.0,100.0,0.0025,23.719398667310347,100.0,0.7813858886224149,threshold-control
40000.0,100.0,0.0025,23.78957440301245,100.0,0.7809832011109212,threshold-control
40000.0,100.0,0.0025,23.85975013871455,100.0,0.780579941813451,threshold-control
40000.0,100.0,0.0025,23.92992587441665,100.0,0.7801761105441789,threshold-control
40000.0,100.0,0.0025,24.0,100.0,0.7797722930845012,threshold-control
40000.0,100.0,0.0025,24.00010161011875,100.0,0.7797717071196801,threshold-control
40000.0,100.0,0.0025,24.070277345820855,100.0,0.7793667313589384,threshold-control
40000.0,100.0,0.0025,24.140453081522956,100.0,0.7789611830833547,threshold-control
40000.0,100.0,0.0025,24.210628817225057,100.0,0.7785550621167552,threshold-control
40000.0,100.0,0.0025,24.280804552927158,100.0,0.7781483682854001,threshold-control
40000.0,100.0,0.0025,24.35098028862926,100.0,0.7777411014179911,threshold-control
40000.0,100.0,0.0025,24.421156024331363,100.0,0.7773332613456806,threshold-control
40000.0,100.0,0.0025,24.491331760033464,100.0,0.7769248479020793,threshold-control
40000.0,100.0,0.0025,24.561507495735565,100.0,0.776515860923265,threshold-control
40000.0,100.0,0.0025,24.631683231437666,100.0,0.7761063002477905,threshold-control
40000.0,100.0,0.0025,24.70185896713977,100.0,0.7756961657166922,threshold-control
40000.0,100.0,0.0025,24.77203470284187,100.0,0.7752854571734982,threshold-control
40000.0,100.0,0.0025,24.842210438543972,100.0,0.7748741744642366,threshold-control
40000.0,100.0,0.0025,24.912386174246073,100.0,0.7744623174374439,threshold-control
40000.0,100.0,0.0025,24.982561909948174,100.0,0.774049885944173,threshold-control
40000.0,100.0,0.0025,25.0,100.0,0.7739473110001329,threshold-control
40000.0,100.0,0.0025,25.05273764565028,100.0,0.7736368798380018,threshold-control
40000.0,100.0,0.0025,25.12291338135238,100.0,0.7732232989750412,threshold-control
40000.0,100.0,0.0025,25.19308911705448,100.0,0.7728091432139435,threshold-control
40000.0,100.0,0.0025,25.26326485275658,100.0,0.7723944124159103,threshold-control
40000.0,100.0,0.0025,25.333440588458682,100.0,0.7719791064447017,threshold-control
40000.0,100.0,0.0025,25.403616324160787,100.0,0.7715632251666432,threshold-control
40000.0,100.0,0.0025,25.473792059862888,100.0,0.7711467684506351,threshold-control
40000.0,100.0,0.0025,25.54396779556499,100.0,0.7707297361681598,threshold-control
40000.0,100.0,0.0025,25.61414353126709,100.0,0.7703121281932906,threshold-control
40000.0,100.0,0.0025,25.68431926696919,100.0,0.7698939444027,threshold-control
40000.0,100.0,0.0025,25.754495002671295,100.0,0.7694751846756672,threshold-control
40000.0,100.0,0.0025,25.824670738373396,100.0,0.7690558488940873,threshold-control
40000.0,100.0,0.0025,25.894846474075496,100.0,0.7686359369424784,threshold-control
40000.0,100.0,0.0025,25.965022209777597,100.0,0.7682154487079907,threshold-control
40000.0,100.0,0.0025,26.0,100.0,0.7680056489311997,threshold-control
40000.0,100.0,0.0025,26.0351979454797,100.0,0.7677943840804141,threshold-control
40000.0,100.0,0.0025,26.105373681181803,100.0,0.7673727429521868,threshold-control
40000.0,100.0,0.0025,26.175549416883904,100.0,0.766950525218403,threshold-control
40000.0,100.0,0.0025,26.245725152586004,100.0,0.7665277307768212,threshold-control
40000.0,100.0,0.0025,26.315900888288105,100.0,0.7661043595278729,threshold-control
40000.0,100.0,0.0025,26.386076623990206,100.0,0.7656804113746698,threshold-control
40000.0,100.0,0.0025,26.45625235969231,100.0,0.7652558862230125,threshold-control
40000.0,100.0,0.0025,26.52642809539441,100.0,0.7648307839813986,threshold-control
40000.0,100.0,0.0025,26.596603831096512,100.0,0.7644051045610305,threshold-control
40000.0,100.0,0.0025,26.666779566798613,100.0,0.7639788478758243,threshold-control
40000.0,100.0,0.0025,26.736955302500714,100.0,0.7635520138424163,threshold-control
40000.0,100.0,0.0025,26.80713103820282,100.0,0.7631246023801731,threshold-control
40000.0,100.0,0.0025,26.87730677390492,100.0,0.7626966134111981,threshold-control
40000.0,100.0,0.0025,26.94748250960702,100.0,0.7622680468603402,threshold-control
40000.0,100.0,0.0025,27.0,100.0,0.7619469421459245,threshold-control
40000.0,100.0,0.0025,27.01765824530912,100.0,0.7618389026552019,threshold-control
40000.0,100.0,0.0025,27.087833981011222,100.0,0.761409180726147,threshold-control
40000.0,100.0,0.0025,27.158009716713327,100.0,0.7609788810063092,threshold-control
40000.0,100.0,0.0025,27.228185452415428,100.0,0.7605480034315992,threshold-control
40000.0,100.0,0.0025,27.29836118811753,100.0,0.760116547940714,threshold-control
40000.0,100.0,0.0025,27.36853692381963,100.0,0.7596845144751435,threshold-control
40000.0,100.0,0.0025,27.43871265952173,100.0,0.7592519029791797,threshold-control
40000.0,100.0,0.0025,27.508888395223835,100.0,0.7588187133999236,threshold-control
40000.0,100.0,0.0025,27.579064130925936,100.0,0.7583849456872941,threshold-control
40000.0,100.0,0.0025,27.649239866628037,100.0,0.7579505997940357,threshold-control
40000.0,100.0,0.0025,27.719415602330137,100.0,0.7575156756757258,threshold-control
40000.0,100.0,0.0025,27.78959133803224,100.0,0.7570801732907834,threshold-control
40000.0,100.0,0.0025,27.859767073734343,100.0,0.7566440926004767,threshold-control
40000.0,100.0,0.0025,27.929942809436444,100.0,0.7562074335689314,threshold-control
40000.0,100.0,0.0025,28.0,100.0,0.7557709352589712,threshold-control
40000.0,100.0,0.0025,28.000118545138545,100.0,0.7557701961631376,threshold-control
40000.0,100.0,0.0025,28.070294280840645,100.0,0.7553323803529588,threshold-control
40000.0,100.0,0.0025,28.140470016542746,100.0,0.754893986111139,threshold-control
40000.0,100.0,0.0025,28.21064575224485,100.0,0.7544550134133112,threshold-control
40000.0,100.0,0.0025,28.28082148794695,100.0,0.7540154622380045,threshold-control
40000.0,100.0,0.0025,28.350997223649053,100.0,0.7535753325666527,threshold-control
40000.0,100.0,0.0025,28.421172959351154,100.0,0.7531346243836012,threshold-control
40000.0,100.0,0.0025,28.491348695053254,100.0,0.7526933376761159,threshold-control
40000.0,100.0,0.0025,28.56152443075536,100.0,0.75225147243439,threshold-control
40000.0,100.0,0.0025,28.63170016645746,100.0,0.7518090286515522,threshold-control
40000.0,100.0,0.0025,28.70187590215956,100.0,0.7513660063236748,threshold-control
40000.0,100.0,0.0025,28.77205163786166,100.0,0.7509224054497807,threshold-control
40000.0,100.0,0.0025,28.842227373563762,100.0,0.7504782260318515,threshold-control
40000.0,100.0,0.0025,28.912403109265867,100.0,0.7500334680748355,threshold-control
40000.0,100.0,0.0025,28.982578844967968,100.0,0.7495881315866548,threshold-control
40000.0,100.0,0.0025,29.0,100.0,0.7494774869856548,threshold-control
40000.0,100.0,0.0025,29.05275458067007,100.0,0.7491422165782134,threshold-control
40000.0,100.0,0.0025,29.12293031637217,100.0,0.7486957230634048,threshold-control
40000.0,100.0,0.0025,29.19310605207427,100.0,0.7482486510591195,threshold-control
40000.0,100.0,0.0025,29.263281787776375,100.0,0.7478010005852529,threshold-control
40000.0,100.0,0.0025,29.333457523478476,100.0,0.7473527716647124,threshold-control
40000.0,100.0,0.0025,29.403633259180577,100.0,0.7469039643234258,threshold-control
40000.0,100.0,0.0025,29.473808994882678,100.0,0.746454578590348,threshold-control
40000.0,100.0,0.0025,29.543984730584782,100.0,0.7460046144974692,threshold-control
40000.0,100.0,0.0025,29.614160466286883,100.0,0.7455540720798224,threshold-control
40000.0,100.0,0.0025,29.684336201988984,100.0,0.7451029513754903,threshold-control
40000.0,100.0,0.0025,29.754511937691085,100.0,0.7446512524256137,threshold-control
40000.0,100.0,0.0025,29.824687673393186,100.0,0.7441989752743985,threshold-control
40000.0,100.0,0.0025,29.89486340909529,100.0,0.7437461199691231,threshold-control
40000.0,100.0,0.0025,29.96503914479739,100.0,0.7432926865601461,threshold-control
40000.0,100.0,0.0025,30.0,100.0,0.7430665748079986,threshold-control
40000.0,100.0,0.0025,30.035214880499492,100.0,0.7428386751009137,threshold-control
40000.0,100.0,0.0025,30.105390616201593,100.0,0.7423840856479671,threshold-control
40000.0,100.0,0.0025,30.175566351903694,100.0,0.7419289182609496,threshold-control
40000.0,100.0,0.0025,30.245742087605798,100.0,0.7414731730026147,threshold-control
40000.0,100.0,0.0025,30.3159178233079,100.0,0.7410168499388329,threshold-control
40000.0,100.0,0.0025,30.38609355901,100.0,0.7405599491385988,threshold-control
40000.0,100.0,0.0025,30.4562692947121,100.0,0.7401024706740393,threshold-control
40000.0,100.0,0.0025,30.5264450304142,100.0,0.7396444146204203,threshold-control
40000.0,100.0,0.0025,30.596620766116306,100.0,0.7391857810561537,threshold-control
40000.0,100.0,0.0025,30.666796501818407,100.0,0.7387265700628056,threshold-control
40000.0,100.0,0.0025,30.736972237520508,100.0,0.738266781725103,threshold-control
40000.0,100.0,0.0025,30.80714797322261,100.0,0.7378064161309403,threshold-control
40000.0,100.0,0.0025,30.87732370892471,100.0,0.7373454733713882,threshold-control
40000.0,100.0,0.0025,30.947499444626814,100.0,0.7368839535406992,threshold-control
40000.0,100.0,0.0025,31.0,100.0,0.7365382995300755,threshold-control
40000.0,100.0,0.0025,31.017675180328915,100.0,0.7364218567363161,threshold-control
40000.0,100.0,0.0025,31.087850916031016,100.0,0.735959183058878,threshold-control
40000.0,100.0,0.0025,31.158026651733117,100.0,0.7354959326122281,threshold-control
40000.0,100.0,0.0025,31.228202387435218,100.0,0.7350321055034208,threshold-control
40000.0,100.0,0.0025,31.298378123137322,100.0,0.7345677018427283,threshold-control
40000.0,100.0,0.0025,31.368553858839423,100.0,0.7341027217436487,threshold-control
40000.0,100.0,0.0025,31.438729594541524,100.0,0.7336371653229113,threshold-control
40000.0,100.0,0.0025,31.508905330243625,100.0,0.7331710327004854,threshold-control
40000.0,100.0,0.0025,31.579081065945726,100.0,0.7327043239995861,threshold-control
40000.0,100.0,0.0025,31.64925680164783,100.0,0.7322370393466815,threshold-control
40000.0,100.0,0.0025,31.71943253734993,100.0,0.7317691788715006,threshold-control
40000.0,100.0,0.0025,31.789608273052032,100.0,0.7313007427070384,threshold-control
40000.0,100.0,0.0025,31.859784008754133,100.0,0.7308317309895644,threshold-control
40000.0,100.0,0.0025,31.929959744456234,100.0,0.730362143858629,threshold-control
40000.0,100.0,0.0025,32.0,100.0,0.7298928896992571,threshold-control
40000.0,100.0,0.0025,32.000135480158335,100.0,0.7298919814570695,threshold-control
40000.0,100.0,0.0025,32.070311215860436,100.0,0.7294212439310184,threshold-control
40000.0,100.0,0.0025,32.14048695156254,100.0,0.728949931429909,threshold-control
40000.0,100.0,0.0025,32.210662687264644,100.0,0.7284780441064828,threshold-control
40000.0,100.0,0.0025,32.280838422966745,100.0,0.7280055821167959,threshold-control
40000.0,100.0,0.0025,32.351014158668846,100.0,0.7275325456202257,threshold-control
40000.0,100.0,0.0025,32.42118989437095,100.0,0.7270589347794781,threshold-control
40000.0,100.0,0.0025,32.49136563007305,100.0,0.7265847497605938,threshold-control
40000.0,100.0,0.0025,32.56154136577515,100.0,0.7261099907329547,threshold-control
40000.0,100.0,0.0025,32.63171710147725,100.0,0.7256346578692909,threshold-control
40000.0,100.0,0.0025,32.70189283717935,100.0,0.725158751345687,threshold-control
40000.0,100.0,0.0025,32.77206857288145,100.0,0.7246822713415892,threshold-control
40000.0,100.0,0.0025,32.84224430858356,100.0,0.7242052180398111,threshold-control
40000.0,100.0,0.0025,32.91242004428566,100.0,0.7237275916265409,threshold-control
40000.0,100.0,0.0025,32.98259577998776,100.0,0.7232493922913472,threshold-control
40000.0,100.0,0.0025,33.0,100.0,0.7231307058692951,threshold-control
40000.0,100.0,0.0025,33.05277151568986,100.0,0.7227706202271862,threshold-control
40000.0,100.0,0.0025,33.12294725139196,100.0,0.7222912756304072,threshold-control
40000.0,100.0,0.0025,33.193122987094064,100.0,0.72181135870076,threshold-control
40000.0,100.0,0.0025,33.263298722796165,100.0,0.7213308696414007,threshold-control
40000.0,100.0,0.0025,33.333474458498266,100.0,0.720849808658898,threshold-control
40000.0,100.0,0.0025,33.40365019420037,100.0,0.7203681759632399,threshold-control
40000.0,100.0,0.0025,33.47382592990247,100.0,0.7198859717678394,threshold-control
40000.0,100.0,0.0025,33.544001665604576,100.0,0.7194031962895415,threshold-control
40000.0,100.0,0.0025,33.61417740130668,100.0,0.7189198497486289,threshold-control
40000.0,100.0,0.0025,33.68435313700878,100.0,0.718435932368828,threshold-control
40000.0,100.0,0.0025,33.75452887271088,100.0,0.7179514443773158,threshold-control
40000.0,100.0,0.0025,33.82470460841298,100.0,0.7174663860047257,threshold-control
40000.0,100.0,0.0025,33.89488034411508,100.0,0.7169807574851529,threshold-control
40000.0,100.0,0.0025,33.96505607981718,100.0,0.716494559056162,threshold-control
40000.0,100.0,0.0025,34.0,100.0,0.716252244680558,threshold-control
40000.0,100.0,0.0025,34.03523181551928,100.0,0.7160077909587915,threshold-control
40000.0,100.0,0.0025,34.10540755122138,100.0,0.715520453437561,threshold-control
40000.0,100.0,0.0025,34.175583286923484,100.0,0.7150325467404761,threshold-control
40000.0,100.0,0.0025,34.24575902262559,100.0,0.7145440711190354,threshold-control
40000.0,100.0,0.0025,34.31593475832769,100.0,0.7140550268282357,threshold-control
40000.0,100.0,0.0025,34.38611049402979,100.0,0.7135654141265785,threshold-control
40000.0,100.0,0.0025,34.456286229731894,100.0,0.713075233276075,threshold-control
40000.0,100.0,0.0025,34.526461965433995,100.0,0.712584484542253,threshold-control
40000.0,100.0,0.0025,34.596637701136096,100.0,0.7120931681941616,threshold-control
40000.0,100.0,0.0025,34.6668134368382,100.0,0.7116012845043778,threshold-control
40000.0,100.0,0.0025,34.7369891725403,100.0,0.7111088337490119,threshold-control
40000.0,100.0,0.0025,34.8071649082424,100.0,0.7106158162077134,threshold-control
40000.0,100.0,0.0025,34.8773406439445,100.0,0.7101222321636762,threshold-control
40000.0,100.0,0.0025,34.94751637964661,100.0,0.7096280819036445,threshold-control
40000.0,100.0,0.0025,35.0,100.0,0.7092581427322843,threshold-control
40000.0,100.0,0.0025,35.01769211534871,100.0,0.7091333657179187,threshold-control
40000.0,100.0,0.0025,35.08786785105081,100.0,0.7086380839003608,threshold-control
40000.0,100.0,0.0025,35.15804358675291,100.0,0.7081422367483994,threshold-control
40000.0,100.0,0.0025,35.22821932245501,100.0,0.707645824563036,threshold-control
40000.0,100.0,0.0025,35.29839505815711,100.0,0.70714884764885,threshold-control
40000.0,100.0,0.0025,35.36857079385921,100.0,0.7066513063140041,threshold-control
40000.0,100.0,0.0025,35.438746529561314,100.0,0.7061532008702498,threshold-control
40000.0,100.0,0.0025,35.508922265263415,100.0,0.7056545316329332,threshold-control
40000.0,100.0,0.0025,35.579098000965516,100.0,0.7051552989209995,threshold-control
40000.0,100.0,0.0025,35.649273736667624,100.0,0.7046555030569985,threshold-control
40000.0,100.0,0.0025,35.719449472369725,100.0,0.7041551443670908,threshold-control
40000.0,100.0,0.0025,35.789625208071826,100.0,0.7036542231810518,threshold-control
40000.0,100.0,0.0025,35.85980094377393,100.0,0.703152739832277,threshold-control
40000.0,100.0,0.0025,35.92997667947603,100.0,0.7026506946577882,threshold-control
40000.0,100.0,0.0025,36.0,100.0,0.702149180221381,threshold-control
40000.0,100.0,0.0025,36.00015241517813,100.0,0.7021480879982375,threshold-control
40000.0,100.0,0.0025,36.07032815088023,100.0,0.7016449201979128,threshold-control
40000.0,100.0,0.0025,36.14050388658233,100.0,0.701141191604743,threshold-control
40000.0,100.0,0.0025,36.21067962228443,100.0,0.7006369025703025,threshold-control
40000.0,100.0,0.0025,36.28085535798654,100.0,0.7001320534498168,threshold-control
40000.0,100.0,0.0025,36.35103109368864,100.0,0.6996266446021671,threshold-control
40000.0,100.0,0.0025,36.42120682939074,100.0,0.6991206763898947,threshold-control
40000.0,100.0,0.0025,36.49138256509284,100.0,0.6986141491792072,threshold-control
40000.0,100.0,0.0025,36.56155830079494,100.0,0.6981070633399814,threshold-control
40000.0,100.0,0.0025,36.63173403649704,100.0,0.69759941924577,threshold-control
40000.0,100.0,0.0025,36.701909772199144,100.0,0.6970912172738051,threshold-control
40000.0,100.0,0.0025,36.772085507901245,100.0,0.696582457805003,threshold-control
40000.0,100.0,0.0025,36.842261243603346,100.0,0.6960731412239698,threshold-control
40000.0,100.0,0.0025,36.91243697930545,100.0,0.6955632679190046,threshold-control
40000.0,100.0,0.0025,36.982612715007555,100.0,0.695052838282105,threshold-control
40000.0,100.0,0.0025,37.0,100.0,0.69492628432213,threshold-control
40000.0,100.0,0.0025,37.052788450709656,100.0,0.6945418527089717,threshold-control
40000.0,100.0,0.0025,37.12296418641176,100.0,0.6940303115990125,threshold-control
40000.0,100.0,0.0025,37.19313992211386,100.0,0.6935182153553472,threshold-control
40000.0,100.0,0.0025,37.26331565781596,100.0,0.6930055643848112,threshold-control
40000.0,100.0,0.0025,37.33349139351806,100.0,0.6924923590979615,threshold-control
40000.0,100.0,0.0025,37.40366712922016,100.0,0.6919785999090791,threshold-control
40000.0,100.0,0.0025,37.47384286492226,100.0,0.6914642872361745,threshold-control
40000.0,100.0,0.0025,37.54401860062436,100.0,0.6909494215009921,threshold-control
40000.0,100.0,0.0025,37.61419433632646,100.0,0.6904340031290135,threshold-control
40000.0,100.0,0.0025,37.68437007202857,100.0,0.689918032549462,threshold-control
40000.0,100.0,0.0025,37.75454580773067,100.0,0.6894015101953077,threshold-control
40000.0,100.0,0.0025,37.82472154343277,100.0,0.68888443650327,threshold-control
40000.0,100.0,0.0025,37.894897279134874,100.0,0.6883668119138228,threshold-control
40000.0,100.0,0.0025,37.965073014836975,100.0,0.6878486368711977,threshold-control
40000.0,100.0,0.0025,38.0,100.0,0.6875905322811487,threshold-control
40000.0,100.0,0.0025,38.035248750539076,100.0,0.6873299118233892,threshold-control
40000.0,100.0,0.0025,38.105424486241176,100.0,0.6868106372221569,threshold-control
40000.0,100.0,0.0025,38.17560022194328,100.0,0.6862908135230309,threshold-control
40000.0,100.0,0.0025,38.24577595764538,100.0,0.6857704411853147,threshold-control
40000.0,100.0,0.0025,38.31595169334748,100.0,0.6852495206720897,threshold-control
40000.0,100.0,0.0025,38.38612742904959,100.0,0.684728052450218,threshold-control
40000.0,100.0,0.0025,38.45630316475169,100.0,0.6842060369903469,threshold-control
40000.0,100.0,0.0025,38.52647890045379,100.0,0.6836834747669125,threshold-control
40000.0,100.0,0.0025,38.59665463615589,100.0,0.6831603662581429,threshold-control
40000.0,100.0,0.0025,38.66683037185799,100.0,0.6826367119460623,threshold-control
40000.0,100.0,0.0025,38.73700610756009,100.0,0.6821125123164936,threshold-control
40000.0,100.0,0.0025,38.80718184326219,100.0,0.6815877678590633,threshold-control
40000.0,100.0,0.0025,38.87735757896429,100.0,0.6810624790672034,threshold-control
40000.0,100.0,0.0025,38.947533314666394,100.0,0.680536646438156,threshold-control
40000.0,100.0,0.0025,39.0,100.0,0.6801431542021206,threshold-control
40000.0,100.0,0.0025,39.017709050368495,100.0,0.6800102704729761,threshold-control
40000.0,100.0,0.0025,39.0878847860706,100.0,0.6794833516765348,threshold-control
40000.0,100.0,0.0025,39.158060521772704,100.0,0.678955890557523,threshold-control
40000.0,100.0,0.0025,39.228236257474805,100.0,0.678427887628454,threshold-control
40000.0,100.0,0.0025,39.298411993176906,100.0,0.6778993434056673,threshold-control
40000.0,100.0,0.0025,39.36858772887901,100.0,0.6773702584093313,threshold-control
40000.0,100.0,0.0025,39.43876346458111,100.0,0.6768406331634464,threshold-control
40000.0,100.0,0.0025,39.50893920028321,100.0,0.6763104681958483,threshold-control
40000.0,100.0,0.0025,39.57911493598531,100.0,0.6757797640382104,threshold-control
40000.0,100.0,0.0025,39.64929067168741,100.0,0.6752485212260477,threshold-control
40000.0,100.0,0.0025,39.71946640738951,100.0,0.6747167402987188,threshold-control
40000.0,100.0,0.0025,39.78964214309162,100.0,0.6741844217994286,threshold-control
40000.0,100.0,0.0025,39.85981787879372,100.0,0.6736515662752323,threshold-control
40000.0,100.0,0.0025,39.92999361449582,100.0,0.6731181742770367,threshold-control
40000.0,100.0,0.0025,40.0,100.0,0.672585535495168,threshold-control
40000.0,100.0,0.0025,40.00016935019792,100.0,0.6725842463596039,threshold-control
40000.0,100.0,0.0025,40.07034508590002,100.0,0.6720497830815535,threshold-control
40000.0,100.0,0.0025,40.140520821602124,100.0,0.6715147850053653,threshold-control
40000.0,100.0,0.0025,40.210696557304225,100.0,0.6709792526973817,threshold-control
40000.0,100.0,0.0025,40.280872293006325,100.0,0.6704431867278102,threshold-control
40000.0,100.0,0.0025,40.351048028708426,100.0,0.6699065876707266,threshold-control
40000.0,100.0,0.0025,40.42122376441053,100.0,0.6693694561040762,threshold-control
40000.0,100.0,0.0025,40.491399500112635,100.0,0.6688317926096763,threshold-control
40000.0,100.0,0.0025,40.561575235814736,100.0,0.6682935977732202,threshold-control
40000.0,100.0,0.0025,40.63175097151684,100.0,0.667754872184277,threshold-control
40000.0,100.0,0.0025,40.70192670721894,100.0,0.6672156164362955,threshold-control
40000.0,100.0,0.0025,40.77210244292104,100.0,0.6666758311266056,threshold-control
40000.0,100.0,0.0025,40.84227817862314,100.0,0.6661355168564206,threshold-control
40000.0,100.0,0.0025,40.91245391432524,100.0,0.6655946742308395,threshold-control
40000.0,100.0,0.0025,40.98262965002734,100.0,0.6650533038588485,threshold-control
40000.0,100.0,0.0025,41.0,100.0,0.6649192189662874,threshold-control
40000.0,100.0,0.0025,41.05280538572944,100.0,0.6645114063533235,threshold-control
40000.0,100.0,0.0025,41.12298112143155,100.0,0.6639689823310311,threshold-control
40000.0,100.0,0.0025,41.19315685713365,100.0,0.6634260324126319,threshold-control
40000.0,100.0,0.0025,41.26333259283575,100.0,0.6628825572226806,threshold-control
40000.0,100.0,0.0025,41.33350832853785,100.0,0.6623385573896292,threshold-control
40000.0,100.0,0.0025,41.403684064239954,100.0,0.6617940335458279,threshold-control
40000.0,100.0,0.0025,41.473859799942055,100.0,0.6612489863275267,threshold-control
40000.0,100.0,0.0025,41.544035535644156,100.0,0.6607034163748774,threshold-control
40000.0,100.0,0.0025,41.61421127134626,100.0,0.6601573243319349,threshold-control
40000.0,100.0,0.0025,41.68438700704836,100.0,0.6596107108466587,threshold-control
40000.0,100.0,0.0025,41.75456274275046,100.0,0.6590635765709143,threshold-control
40000.0,100.0,0.0025,41.824738478452566,100.0,0.6585159221604746,threshold-control
40000.0,100.0,0.0025,41.89491421415467,100.0,0.6579677482750215,threshold-control
40000.0,100.0,0.0025,41.96508994985677,100.0,0.6574190555781465,threshold-control
40000.0,100.0,0.0025,42.0,100.0,0.6571459065230172,threshold-control
40000.0,100.0,0.0025,42.03526568555887,100.0,0.6568698447373529,threshold-control
40000.0,100.0,0.0025,42.10544142126097,100.0,0.6563201164240557,threshold-control
40000.0,100.0,0.0025,42.17561715696307,100.0,0.6557698713135842,threshold-control
40000.0,100.0,0.0025,42.24579289266517,100.0,0.6552191100851815,threshold-control
40000.0,100.0,0.0025,42.31596862836727,100.0,0.6546678334220069,threshold-control
40000.0,100.0,0.0025,42.386144364069374,100.0,0.6541160420111354,threshold-control
40000.0,100.0,0.0025,42.456320099771474,100.0,0.6535637365435607,threshold-control
40000.0,100.0,0.0025,42.52649583547358,100.0,0.6530109177141935,threshold-control
40000.0,100.0,0.0025,42.59667157117568,100.0,0.6524575862218643,threshold-control
40000.0,100.0,0.0025,42.666847306877784,100.0,0.6519037427693232,threshold-control
40000.0,100.0,0.0025,42.737023042579885,100.0,0.6513493880632404,threshold-control
40000.0,100.0,0.0025,42.807198778281986,100.0,0.6507945228142077,threshold-control
40000.0,100.0,0.0025,42.87737451398409,100.0,0.6502391477367382,threshold-control
40000.0,100.0,0.0025,42.94755024968619,100.0,0.6496832635492673,threshold-control
40000.0,100.0,0.0025,43.0,100.0,0.6492674604734752,threshold-control
40000.0,100.0,0.0025,43.01772598538829,100.0,0.6491268709741532,threshold-control
40000.0,100.0,0.0025,43.08790172109039,100.0,0.6485699707376766,threshold-control
40000.0,100.0,0.0025,43.15807745679249,100.0,0.6480125635700419,threshold-control
40000.0,100.0,0.0025,43.2282531924946,100.0,0.6474546502053768,threshold-control
40000.0,100.0,0.0025,43.2984289281967,100.0,0.6468962313817339,threshold-control
40000.0,100.0,0.0025,43.3686046638988,100.0,0.6463373078410883,threshold-control
40000.0,100.0,0.0025,43.4387803996009,100.0,0.6457778803293406,threshold-control
40000.0,100.0,0.0025,43.508956135303,100.0,0.6452179495963148,threshold-control
40000.0,100.0,0.0025,43.5791318710051,100.0,0.6446575163957597,threshold-control
40000.0,100.0,0.0025,43.649307606707204,100.0,0.6440965814853479,threshold-control
40000.0,100.0,0.0025,43.719483342409305,100.0,0.6435351456266764,threshold-control
40000.0,100.0,0.0025,43.789659078111406,100.0,0.6429732095852655,threshold-control
40000.0,100.0,0.0025,43.85983481381351,100.0,0.6424107741305602,threshold-control
40000.0,100.0,0.0025,43.930010549515615,100.0,0.6418478400359282,threshold-control
40000.0,100.0,0.0025,44.0,100.0,0.6412859043970764,threshold-control
40000.0,100.0,0.0025,44.000186285217715,100.0,0.6412844080786604,threshold-control
40000.0,100.0,0.0025,44.070362020919816,100.0,0.6407204790399705,threshold-control
40000.0,100.0,0.0025,44.14053775662192,100.0,0.6401560537049942,threshold-control
40000.0,100.0,0.0025,44.21071349232402,100.0,0.6395911328627895,threshold-control
40000.0,100.0,0.0025,44.28088922802612,100.0,0.6390257173063351,threshold-control
40000.0,100.0,0.0025,44.35106496372822,100.0,0.6384598078325301,threshold-control
40000.0,100.0,0.0025,44.42124069943032,100.0,0.637893405242194,threshold-control
40000.0,100.0,0.0025,44.49141643513242,100.0,0.6373265103400649,threshold-control
40000.0,100.0,0.0025,44.56159217083452,100.0,0.6367591239347995,threshold-control
40000.0,100.0,0.0025,44.63176790653663,100.0,0.6361912468389719,threshold-control
40000.0,100.0,0.0025,44.70194364223873,100.0,0.6356228798690728,threshold-control
40000.0,100.0,0.0025,44.77211937794083,100.0,0.6350540238455082,threshold-control
40000.0,100.0,0.0025,44.84229511364293,100.0,0.6344846795925989,threshold-control
40000.0,100.0,0.0025,44.912470849345034,100.0,0.6339148479385791,threshold-control
40000.0,100.0,0.0025,44.982646585047135,100.0,0.6333445297155952,threshold-control
40000.0,100.0,0.0025,45.0,100.0,0.6332034235666306,threshold-control
40000.0,100.0,0.0025,45.052822320749236,100.0,0.6327737257597046,threshold-control
40000.0,100.0,0.0025,45.12299805645134,100.0,0.6322024369108745,threshold-control
40000.0,100.0,0.0025,45.19317379215344,100.0,0.631630664012981,threshold-control
40000.0,100.0,0.0025,45.263349527855546,100.0,0.6310584079138062,threshold-control
40000.0,100.0,0.0025,45.33352526355765,100.0,0.6304856694650391,threshold-control
40000.0,100.0,0.0025,45.40370099925975,100.0,0.6299124495222721,threshold-control
40000.0,100.0,0.0025,45.47387673496185,100.0,0.6293387489450001,threshold-control
40000.0,100.0,0.0025,45.54405247066395,100.0,0.6287645685966188,threshold-control
40000.0,100.0,0.0025,45.61422820636605,100.0,0.6281899093444238,threshold-control
40000.0,100.0,0.0025,45.68440394206815,100.0,0.627614772059607,threshold-control
40000.0,100.0,0.0025,45.75457967777025,100.0,0.6270391576172571,threshold-control
40000.0,100.0,0.0025,45.82475541347235,100.0,0.6264630668963561,threshold-control
40000.0,100.0,0.0025,45.894931149174454,100.0,0.6258865007797774,threshold-control
40000.0,100.0,0.0025,45.96510688487656,100.0,0.6253094601542846,threshold-control
40000.0,100.0,0.0025,46.0,100.0,0.6250223649031255,threshold-control
40000.0,100.0,0.0025,46.03528262057866,100.0,0.6247319459105293,threshold-control
40000.0,100.0,0.0025,46.105458356280764,100.0,0.6241539589430484,threshold-control
40000.0,100.0,0.0025,46.175634091982865,100.0,0.6235755001502623,threshold-control
40000.0,100.0,0.0025,46.245809827684965,100.0,0.6229965704344729,threshold-control
40000.0,100.0,0.0025,46.315985563387066,100.0,0.6224171707018604,threshold-control
40000.0,100.0,0.0025,46.38616129908917,100.0,0.6218373018624825,threshold-control
40000.0,100.0,0.0025,46.45633703479127,100.0,0.6212569648302702,threshold-control
40000.0,100.0,0.0025,46.52651277049337,100.0,0.6206761605230269,threshold-control
40000.0,100.0,0.0025,46.59668850619547,100.0,0.6200948898624241,threshold-control
40000.0,100.0,0.0025,46.66686424189758,100.0,0.6195131537740006,threshold-control
40000.0,100.0,0.0025,46.73703997759968,100.0,0.6189309531871592,threshold-control
40000.0,100.0,0.0025,46.80721571330178,100.0,0.6183482890351628,threshold-control
40000.0,100.0,0.0025,46.87739144900388,100.0,0.6177651622551337,threshold-control
40000.0,100.0,0.0025,46.94756718470598,100.0,0.6171815737880487,threshold-control
40000.0,100.0,0.0025,47.0,100.0,0.6167452364463231,threshold-control
40000.0,100.0,0.0025,47.01774292040808,100.0,0.6165975245787378,threshold-control
40000.0,100.0,0.0025,47.08791865611018,100.0,0.6160130155758803,threshold-control
40000.0,100.0,0.0025,47.158094391812284,100.0,0.6154280477320018,threshold-control
40000.0,100.0,0.0025,47.228270127514385,100.0,0.6148426220034714,threshold-control
40000.0,100.0,0.0025,47.298445863216486,100.0,0.6142567393504987,threshold-control
40000.0,100.0,0.0025,47.368621598918594,100.0,0.6136704007371299,threshold-control
40000.0,100.0,0.0025,47.438797334620695,100.0,0.6130836071312449,threshold-control
40000.0,100.0,0.0025,47.508973070322796,100.0,0.6124963595045543,threshold-control
40000.0,100.0,0.0025,47.5791488060249,100.0,0.611908658832595,threshold-control
40000.0,100.0,0.0025,47.649324541727,100.0,0.6113205060947282,threshold-control
40000.0,100.0,0.0025,47.7195002774291,100.0,0.610731902274134,threshold-control
40000.0,100.0,0.0025,47.7896760131312,100.0,0.6101428483578093,threshold-control
40000.0,100.0,0.0025,47.8598517488333,100.0,0.6095533453365636,threshold-control
40000.0,100.0,0.0025,47.9300274845354,100.0,0.6089633942050152,threshold-control
40000.0,100.0,0.0025,48.0,100.0,0.6083747063263174,threshold-control
40000.0,100.0,0.0025,48.0002032202375,100.0,0.6083729959615873,threshold-control
40000.0,100.0,0.0025,48.07037895593961,100.0,0.6077821516085045,threshold-control
40000.0,100.0,0.0025,48.14055469164171,100.0,0.6071908621517887,threshold-control
40000.0,100.0,0.0025,48.21073042734381,100.0,0.606599128601255,threshold-control
40000.0,100.0,0.0025,48.28090616304591,100.0,0.6060069519705078,threshold-control
40000.0,100.0,0.0025,48.35108189874801,100.0,0.6054143332769362,threshold-control
40000.0,100.0,0.0025,48.421257634450114,100.0,0.604821273541711,threshold-control
40000.0,100.0,0.0025,48.491433370152215,100.0,0.6042277737897791,threshold-control
40000.0,100.0,0.0025,48.561609105854316,100.0,0.6036338350498601,threshold-control
40000.0,100.0,0.0025,48.63178484155642,100.0,0.6030394583544414,threshold-control
40000.0,100.0,0.0025,48.70196057725852,100.0,0.6024446447397744,threshold-control
40000.0,100.0,0.0025,48.772136312960626,100.0,0.601849395245869,threshold-control
40000.0,100.0,0.0025,48.84231204866273,100.0,0.60125371091649,threshold-control
40000.0,100.0,0.0025,48.91248778436483,100.0,0.6006575927991524,threshold-control
40000.0,100.0,0.0025,48.98266352006693,100.0,0.6000610419451156,threshold-control
40000.0,100.0,0.0025,49.0,100.0,0.5999136012234285,threshold-control
40000.0,100.0,0.0025,49.05283925576903,100.0,0.5994640594093805,threshold-control
40000.0,100.0,0.0025,49.12301499147113,100.0,0.5988666462506826,threshold-control
40000.0,100.0,0.0025,49.19319072717323,100.0,0.598268803531489,threshold-control
40000.0,100.0,0.0025,49.26336646287533,100.0,0.5976705323179923,threshold-control
40000.0,100.0,0.0025,49.33354219857743,100.0,0.5970718336801061,threshold-control
40000.0,100.0,0.0025,49.40371793427954,100.0,0.5964727086914593,threshold-control
40000.0,100.0,0.0025,49.47389366998164,100.0,0.5958731584293921,threshold-control
40000.0,100.0,0.0025,49.54406940568374,100.0,0.5952731839749494,threshold-control
40000.0,100.0,0.0025,49.614245141385844,100.0,0.594672786412877,threshold-control
40000.0,100.0,0.0025,49.684420877087945,100.0,0.5940719668316151,threshold-control
40000.0,100.0,0.0025,49.754596612790046,100.0,0.5934707263232932,threshold-control
40000.0,100.0,0.0025,49.82477234849215,100.0,0.592869065983725,threshold-control
40000.0,100.0,0.0025,49.89494808419425,100.0,0.5922669869124029,threshold-control
40000.0,100.0,0.0025,49.96512381989635,100.0,0.5916644902124918,threshold-control
40000.0,100.0,0.0025,50.0,100.0,0.5913649043062246,threshold-control
40000.0,100.0,0.0025,50.03529955559845,100.0,0.5910615769908238,threshold-control
40000.0,100.0,0.0025,50.10547529130056,100.0,0.5904582483578928,threshold-control
40000.0,100.0,0.0025,50.17565102700266,100.0,0.5898545054278488,threshold-control
40000.0,100.0,0.0025,50.24582676270476,100.0,0.5892503493184904,threshold-control
40000.0,100.0,0.0025,50.31600249840686,100.0,0.5886457811512618,threshold-control
40000.0,100.0,0.0025,50.38617823410896,100.0,0.588040802051244,threshold-control
40000.0,100.0,0.0025,50.45635396981106,100.0,0.5874354131471508,threshold-control
40000.0,100.0,0.0025,50.52652970551316,100.0,0.5868296155713211,threshold-control
40000.0,100.0,0.0025,50.59670544121526,100.0,0.5862234104597146,threshold-control
40000.0,100.0,0.0025,50.666881176917364,100.0,0.5856167989519034,threshold-control
40000.0,100.0,0.0025,50.737056912619465,100.0,0.585009782191068,threshold-control
40000.0,100.0,0.0025,50.80723264832157,100.0,0.5844023613239885,threshold-control
40000.0,100.0,0.0025,50.877408384023674,100.0,0.5837945375010404,threshold-control
40000.0,100.0,0.0025,50.947584119725775,100.0,0.5831863118761869,threshold-control
40000.0,100.0,0.0025,51.0,100.0,0.5827317526400526,threshold-control
40000.0,100.0,0.0025,51.017759855427876,100.0,0.5825776856069725,threshold-control
40000.0,100.0,0.0025,51.08793559112998,100.0,0.5819686598545166,threshold-control
40000.0,100.0,0.0025,51.15811132683208,100.0,0.5813592357835069,threshold-control
40000.0,100.0,0.0025,51.22828706253418,100.0,0.5807494145621923,threshold-control
40000.0,100.0,0.0025,51.29846279823628,100.0,0.5801391973623762,threshold-control
40000.0,100.0,0.0025,51.36863853393838,100.0,0.5795285853594101,threshold-control
40000.0,100.0,0.0025,51.43881426964048,100.0,0.5789175797321862,threshold-control
40000.0,100.0,0.0025,51.50899000534259,100.0,0.5783061816631302,threshold-control
40000.0,100.0,0.0025,51.57916574104469,100.0,0.5776943923381951,threshold-control
40000.0,100.0,0.0025,51.64934147674679,100.0,0.5770822129468529,threshold-control
40000.0,100.0,0.0025,51.71951721244889,100.0,0.5764696446820887,threshold-control
40000.0,100.0,0.0025,51.78969294815099,100.0,0.5758566887403922,threshold-control
40000.0,100.0,0.0025,51.859868683853094,100.0,0.5752433463217517,threshold-control
40000.0,100.0,0.0025,51.930044419555195,100.0,0.5746296186296451,threshold-control
40000.0,100.0,0.0025,52.0,100.0,0.5740174340612093,threshold-control
40000.0,100.0,0.0025,52.000220155257296,100.0,0.5740155068710342,threshold-control
40000.0,100.0,0.0025,52.0703958909594,100.0,0.5734010122563559,threshold-control
40000.0,100.0,0.0025,52.1405716266615,100.0,0.5727861359995154,threshold-control
40000.0,100.0,0.0025,52.210747362363605,100.0,0.5721708793178779,threshold-control
40000.0,100.0,0.0025,52.280923098065706,100.0,0.5715552434322617,threshold-control
40000.0,100.0,0.0025,52.35109883376781,100.0,0.5709392295669298,threshold-control
40000.0,100.0,0.0025,52.42127456946991,100.0,0.5703228389495821,threshold-control
40000.0,100.0,0.0025,52.49145030517201,100.0,0.5697060728113483,threshold-control
40000.0,100.0,0.0025,52.56162604087411,100.0,0.5690889323867787,threshold-control
40000.0,100.0,0.0025,52.63180177657621,100.0,0.5684714189138373,threshold-control
40000.0,100.0,0.0025,52.70197751227831,100.0,0.567853533633893,threshold-control
40000.0,100.0,0.0025,52.77215324798041,100.0,0.567235277791712,threshold-control
40000.0,100.0,0.0025,52.84232898368251,100.0,0.5666166526354491,threshold-control
40000.0,100.0,0.0025,52.91250471938462,100.0,0.56599765941664,threshold-control
40000.0,100.0,0.0025,52.98268045508672,100.0,0.5653782993901924,threshold-control
40000.0,100.0,0.0025,53.0,100.0,0.565225383514782,threshold-control
40000.0,100.0,0.0025,53.05285619078882,100.0,0.5647585738143777,threshold-control
40000.0,100.0,0.0025,53.123031926490924,100.0,0.5641384839508234,threshold-control
40000.0,100.0,0.0025,53.193207662193025,100.0,0.5635180310645029,threshold-control
40000.0,100.0,0.0025,53.263383397895126,100.0,0.5628972164237291,threshold-control
40000.0,100.0,0.0025,53.33355913359723,100.0,0.5622760413001435,threshold-control
40000.0,100.0,0.0025,53.40373486929933,100.0,0.5616545069687093,threshold-control
40000.0,100.0,0.0025,53.47391060500143,100.0,0.5610326147077014,threshold-control
40000.0,100.0,0.0025,53.54408634070353,100.0,0.5604103657986985,threshold-control
40000.0,100.0,0.0025,53.61426207640564,100.0,0.5597877615265736,threshold-control
40000.0,100.0,0.0025,53.68443781210774,100.0,0.5591648031794855,threshold-control
40000.0,100.0,0.0025,53.75461354780984,100.0,0.5585414920488692,threshold-control
40000.0,100.0,0.0025,53.82478928351194,100.0,0.5579178294294271,threshold-control
40000.0,100.0,0.0025,53.89496501921404,100.0,0.5572938166191208,threshold-control
40000.0,100.0,0.0025,53.96514075491614,100.0,0.5566694549191595,threshold-control
40000.0,100.0,0.0025,54.0,100.0,0.5563591788572007,threshold-control
40000.0,100.0,0.0025,54.03531649061824,100.0,0.556044745633994,threshold-control
40000.0,100.0,0.0025,54.105492226320344,100.0,0.5554196900713042,threshold-control
40000.0,100.0,0.0025,54.175667962022445,100.0,0.5547942895419921,threshold-control
40000.0,100.0,0.0025,54.24584369772455,100.0,0.5541685453601709,threshold-control
40000.0,100.0,0.0025,54.31601943342665,100.0,0.5535424588431563,threshold-control
40000.0,100.0,0.0025,54.386195169128754,100.0,0.5529160313114566,threshold-control
40000.0,100.0,0.0025,54.456370904830855,100.0,0.5522892640887631,threshold-control
40000.0,100.0,0.0025,54.526546640532956,100.0,0.5516621585019401,threshold-control
40000.0,100.0,0.0025,54.59672237623506,100.0,0.5510347158810163,threshold-control
40000.0,100.0,0.0025,54.66689811193716,100.0,0.5504069375591736,threshold-control
40000.0,100.0,0.0025,54.73707384763926,100.0,0.5497788248727373,threshold-control
40000.0,100.0,0.0025,54.80724958334136,100.0,0.549150379161168,threshold-control
40000.0,100.0,0.0025,54.87742531904346,100.0,0.5485216017670491,threshold-control
40000.0,100.0,0.0025,54.94760105474557,100.0,0.5478924940360788,threshold-control
40000.0,100.0,0.0025,55.0,100.0,0.5474225361276592,threshold-control
40000.0,100.0,0.0025,55.01777679044767,100.0,0.5472630573170583,threshold-control
40000.0,100.0,0.0025,55.08795252614977,100.0,0.5466332929618827,threshold-control
40000.0,100.0,0.0025,55.15812826185187,100.0,0.5460032023255313,threshold-control
40000.0,100.0,0.0025,55.22830399755397,100.0,0.5453727867660554,threshold-control
40000.0,100.0,0.0025,55.29847973325607,100.0,0.5447420476445698,threshold-control
40000.0,100.0,0.0025,55.368655468958174,100.0,0.5441109863252411,threshold-control
40000.0,100.0,0.0025,55.438831204660275,100.0,0.5434796041752789,threshold-control
40000.0,100.0,0.0025,55.509006940362376,100.0,0.5428479025649223,threshold-control
40000.0,100.0,0.0025,55.57918267606448,100.0,0.5422158828674333,threshold-control
40000.0,100.0,0.0025,55.649358411766585,100.0,0.5415835464590821,threshold-control
40000.0,100.0,0.0025,55.719534147468686,100.0,0.5409508947191399,threshold-control
40000.0,100.0,0.0025,55.78970988317079,100.0,0.5403179290298659,threshold-control
40000.0,100.0,0.0025,55.85988561887289,100.0,0.5396846507764967,threshold-control
40000.0,100.0,0.0025,55.93006135457499,100.0,0.5390510613472367,threshold-control
40000.0,100.0,0.0025,56.0,100.0,0.5384193042957557,threshold-control
40000.0,100.0,0.0025,56.00023709027709,100.0,0.5384171621332456,threshold-control
40000.0,100.0,0.0025,56.07041282597919,100.0,0.5377829545286289,threshold-control
40000.0,100.0,0.0025,56.14058856168129,100.0,0.5371484399304253,threshold-control
40000.0,100.0,0.0025,56.21076429738339,100.0,0.5365136197385967,threshold-control
40000.0,100.0,0.0025,56.28094003308549,100.0,0.5358784953560167,threshold-control
40000.0,100.0,0.0025,56.3511157687876,100.0,0.5352430681884595,threshold-control
40000.0,100.0,0.0025,56.4212915044897,100.0,0.5346073396445881,threshold-control
40000.0,100.0,0.0025,56.4914672401918,100.0,0.5339713111359436,threshold-control
40000.0,100.0,0.0025,56.5616429758939,100.0,0.5333349840769337,threshold-control
40000.0,100.0,0.0025,56.631818711596004,100.0,0.5326983598848207,threshold-control
40000.0,100.0,0.0025,56.701994447298105,100.0,0.5320614399797106,threshold-control
40000.0,100.0,0.0025,56.772170183000206,100.0,0.5314242257845412,threshold-control
40000.0,100.0,0.0025,56.84234591870231,100.0,0.5307867187250705,threshold-control
40000.0,100.0,0.0025,56.91252165440441,100.0,0.5301489202298655,threshold-control
40000.0,100.0,0.0025,56.98269739010651,100.0,0.5295108317302899,threshold-control
40000.0,100.0,0.0025,57.0,100.0,0.529353459495929,threshold-control
40000.0,100.0,0.0025,57.05287312580862,100.0,0.5288724546604917,threshold-control
40000.0,100.0,0.0025,57.12304886151072,100.0,0.5282337904573935,threshold-control
40000.0,100.0,0.0025,57.19322459721282,100.0,0.5275948405606781,threshold-control
40000.0,100.0,0.0025,57.26340033291492,100.0,0.526955606412778,threshold-control
40000.0,100.0,0.0025,57.33357606861702,100.0,0.5263160894588637,threshold-control
40000.0,100.0,0.0025,57.40375180431912,100.0,0.5256762911468298,threshold-control
40000.0,100.0,0.0025,57.47392754002122,100.0,0.5250362129272849,threshold-control
40000.0,100.0,0.0025,57.54410327572332,100.0,0.5243958562535381,threshold-control
40000.0,100.0,0.0025,57.614279011425424,100.0,0.5237552225815879,threshold-control
40000.0,100.0,0.0025,57.684454747127525,100.0,0.5231143133701086,threshold-control
40000.0,100.0,0.0025,57.75463048282963,100.0,0.5224731300804388,threshold-control
40000.0,100.0,0.0025,57.824806218531734,100.0,0.5218316741765696,threshold-control
40000.0,100.0,0.0025,57.894981954233835,100.0,0.5211899471251298,threshold-control
40000.0,100.0,0.0025,57.965157689935936,100.0,0.5205479503953766,threshold-control
40000.0,100.0,0.0025,58.0,100.0,0.5202290987625313,threshold-control
40000.0,100.0,0.0025,58.035333425638036,100.0,0.5199056854591804,threshold-control
40000.0,100.0,0.0025,58.10550916134014,100.0,0.519263153791014,threshold-control
40000.0,100.0,0.0025,58.17568489704224,100.0,0.5186203568679382,threshold-control
40000.0,100.0,0.0025,58.24586063274434,100.0,0.5179772961695912,threshold-control
40000.0,100.0,0.0025,58.31603636844644,100.0,0.5173339731781738,threshold-control
40000.0,100.0,0.0025,58.38621210414854,100.0,0.5166903893784383,threshold-control
40000.0,100.0,0.0025,58.45638783985065,100.0,0.5160465462576738,threshold-control
40000.0,100.0,0.0025,58.52656357555275,100.0,0.5154024453056955,threshold-control
40000.0,100.0,0.0025,58.59673931125485,100.0,0.5147580880148296,threshold-control
40000.0,100.0,0.0025,58.66691504695695,100.0,0.5141134758799017,threshold-control
40000.0,100.0,0.0025,58.73709078265905,100.0,0.5134686103982234,threshold-control
40000.0,100.0,0.0025,58.80726651836115,100.0,0.5128234930695785,threshold-control
40000.0,100.0,0.0025,58.877442254063254,100.0,0.5121781253962108,threshold-control
40000.0,100.0,0.0025,58.947617989765355,100.0,0.51153250888281,threshold-control
40000.0,100.0,0.0025,59.0,100.0,0.5110504332826098,threshold-control
40000.0,100.0,0.0025,59.017793725467456,100.0,0.5108866450364997,threshold-control
40000.0,100.0,0.0025,59.087969461169564,100.0,0.5102405353668225,threshold-control
40000.0,100.0,0.0025,59.158145196871665,100.0,0.5095941813857272,threshold-control
40000.0,100.0,0.0025,59.228320932573766,100.0,0.5089475846075567,threshold-control
40000.0,100.0,0.0025,59.29849666827587,100.0,0.5083007465490321,threshold-control
40000.0,100.0,0.0025,59.36867240397797,100.0,0.5076536687292417,threshold-control
40000.0,100.0,0.0025,59.43884813968007,100.0,0.5070063526696249,threshold-control
40000.0,100.0,0.0025,59.50902387538217,100.0,0.506358799893961,threshold-control
40000.0,100.0,0.0025,59.57919961108427,100.0,0.5057110119283539,threshold-control
40000.0,100.0,0.0025,59.64937534678637,100.0,0.5050629903012192,threshold-control
40000.0,100.0,0.0025,59.71955108248847,100.0,0.5044147365432693,threshold-control
40000.0,100.0,0.0025,59.78972681819058,100.0,0.5037662521875019,threshold-control
40000.0,100.0,0.0025,59.85990255389268,100.0,0.503117538769184,threshold-control
40000.0,100.0,0.0025,59.93007828959478,100.0,0.5024685978258383,threshold-control
40000.0,100.0,0.0025,60.0,100.0,0.5018217811866771,threshold-control
40000.0,100.0,0.0025,60.00025402529688,100.0,0.5018194308972304,threshold-control
40000.0,100.0,0.0025,60.070429760998984,100.0,0.5011700395253533,threshold-control
40000.0,100.0,0.0025,60.140605496701085,100.0,0.5005204252544151,threshold-control
40000.0,100.0,0.0025,60.210781232403185,100.0,0.4998705896308231,threshold-control
40000.0,100.0,0.0025,60.280956968105286,100.0,0.4992205342031709,threshold-control
40000.0,100.0,0.0025,60.35113270380739,100.0,0.498570260522224,threshold-control
40000.0,100.0,0.0025,60.42130843950949,100.0,0.49791977014090505,threshold-control
40000.0,100.0,0.0025,60.491484175211596,100.0,0.49726906461428,threshold-control
40000.0,100.0,0.0025,60.5616599109137,100.0,0.4966181454995443,threshold-control
40000.0,100.0,0.0025,60.6318356466158,100.0,0.49596701435600743,threshold-control
40000.0,100.0,0.0025,60.7020113823179,100.0,0.49531567274507915,threshold-control
40000.0,100.0,0.0025,60.77218711802,100.0,0.49466412223025535,threshold-control
40000.0,100.0,0.0025,60.8423628537221,100.0,0.4940123643771027,threshold-control
40000.0,100.0,0.0025,60.9125385894242,100.0,0.49336040075324517,threshold-control
40000.0,100.0,0.0025,60.9827143251263,100.0,0.4927082329283483,threshold-control
40000.0,100.0,0.0025,61.0,100.0,0.4925475599008653,threshold-control
40000.0,100.0,0.0025,61.0528900608284,100.0,0.49205586247410593,threshold-control
40000.0,100.0,0.0025,61.123065796530504,100.0,0.4914032909642242,threshold-control
40000.0,100.0,0.0025,61.19324153223261,100.0,0.49075051997440744,threshold-control
40000.0,100.0,0.0025,61.26341726793471,100.0,0.4900975510823443,threshold-control
40000.0,100.0,0.0025,61.333593003636814,100.0,0.48944438586769123,threshold-control
40000.0,100.0,0.0025,61.403768739338915,100.0,0.4887910259120588,threshold-control
40000.0,100.0,0.0025,61.473944475041016,100.0,0.4881374727989969,threshold-control
40000.0,100.0,0.0025,61.54412021074312,100.0,0.487483728113979,threshold-control
40000.0,100.0,0.0025,61.61429594644522,100.0,0.48682979344438826,threshold-control
40000.0,100.0,0.0025,61.68447168214732,100.0,0.48617567037950193,threshold-control
40000.0,100.0,0.0025,61.75464741784942,100.0,0.48552136051047623,threshold-control
40000.0,100.0,0.0025,61.82482315355152,100.0,0.4848668654303314,threshold-control
40000.0,100.0,0.0025,61.89499888925363,100.0,0.48421218673393707,threshold-control
40000.0,100.0,0.0025,61.96517462495573,100.0,0.4835573260179964,threshold-control
40000.0,100.0,0.0025,62.0,100.0,0.48323227808689206,threshold-control
40000.0,100.0,0.0025,62.03535036065783,100.0,0.4829022848810314,threshold-control
40000.0,100.0,0.0025,62.10552609635993,100.0,0.48224706492336733,threshold-control
40000.0,100.0,0.0025,62.17570183206203,100.0,0.4815916677471179,threshold-control
40000.0,100.0,0.0025,62.24587756776413,100.0,0.48093609495616985,threshold-control
40000.0,100.0,0.0025,62.316053303466234,100.0,0.48028034815616716,threshold-control
40000.0,100.0,0.0025,62.386229039168335,100.0,0.47962442895449586,threshold-control
40000.0,100.0,0.0025,62.456404774870435,100.0,0.4789683389602696,threshold-control
40000.0,100.0,0.0025,62.526580510572536,100.0,0.4783120797843122,threshold-control
40000.0,100.0,0.0025,62.596756246274644,100.0,0.4776556530391448,threshold-control
40000.0,100.0,0.0025,62.666931981976745,100.0,0.4769990603389678,threshold-control
40000.0,100.0,0.0025,62.737107717678846,100.0,0.4763423032996469,threshold-control
40000.0,100.0,0.0025,62.80728345338095,100.0,0.4756853835386968,threshold-control
40000.0,100.0,0.0025,62.87745918908305,100.0,0.4750283026752662,threshold-control
40000.0,100.0,0.0025,62.94763492478515,100.0,0.47437106233012116,threshold-control
40000.0,100.0,0.0025,63.0,100.0,0.47388052719913576,threshold-control
40000.0,100.0,0.0025,63.01781066048725,100.0,0.4737136641256309,threshold-control
40000.0,100.0,0.0025,63.08798639618935,100.0,0.4730561096857503,threshold-control
40000.0,100.0,0.0025,63.15816213189145,100.0,0.4723984006360057,threshold-control
40000.0,100.0,0.0025,63.22833786759356,100.0,0.4717405386034781,threshold-control
40000.0,100.0,0.0025,63.29851360329566,100.0,0.47108252521678795,threshold-control
40000.0,100.0,0.0025,63.36868933899776,100.0,0.47042436210607885,threshold-control
40000.0,100.0,0.0025,63.43886507469986,100.0,0.46976605090300194,threshold-control
40000.0,100.0,0.0025,63.50904081040196,100.0,0.4691075932406996,threshold-control
40000.0,100.0,0.0025,63.579216546104064,100.0,0.46844899075379043,threshold-control
40000.0,100.0,0.0025,63.649392281806165,100.0,0.4677902450783519,threshold-control
40000.0,100.0,0.0025,63.719568017508266,100.0,0.46713135785190585,threshold-control
40000.0,100.0,0.0025,63.78974375321037,100.0,0.466472330713401,threshold-control
40000.0,100.0,0.0025,63.85991948891247,100.0,0.46581316530319783,threshold-control
40000.0,100.0,0.0025,63.930095224614575,100.0,0.46515386326305186,threshold-control
40000.0,100.0,0.0025,64.0,100.0,0.46449697269084744,threshold-control
40000.0,100.0,0.0025,64.00027096031667,100.0,0.4644944262360987,threshold-control
40000.0,100.0,0.0025,64.07044669601878,100.0,0.4638348558668359,threshold-control
40000.0,100.0,0.0025,64.14062243172087,100.0,0.46317515380110885,threshold-control
40000.0,100.0,0.0025,64.21079816742298,100.0,0.4625153216860929,threshold-control
40000.0,100.0,0.0025,64.28097390312509,100.0,0.46185536117027826,threshold-control
40000.0,100.0,0.0025,64.35114963882718,100.0,0.46119527390345283,threshold-control
40000.0,100.0,0.0025,64.42132537452929,100.0,0.46053506153668666,threshold-control
40000.0,100.0,0.0025,64.49150111023138,100.0,0.45987472572231547,threshold-control
40000.0,100.0,0.0025,64.56167684593349,100.0,0.4592142681139233,threshold-control
40000.0,100.0,0.0025,64.63185258163558,100.0,0.458553690366328,threshold-control
40000.0,100.0,0.0025,64.70202831733769,100.0,0.45789299413556284,threshold-control
40000.0,100.0,0.0025,64.77220405303979,100.0,0.45723218107886143,threshold-control
40000.0,100.0,0.0025,64.8423797887419,100.0,0.45657125285464073,threshold-control
40000.0,100.0,0.0025,64.91255552444399,100.0,0.45591021112248453,threshold-control
40000.0,100.0,0.0025,64.9827312601461,100.0,0.45524905754312694,threshold-control
40000.0,100.0,0.0025,65.0,100.0,0.45508634490404143,threshold-control
40000.0,100.0,0.0025,65.0529069958482,100.0,0.4545877937784363,threshold-control
40000.0,100.0,0.0025,65.1230827315503,100.0,0.45392642149139806,threshold-control
40000.0,100.0,0.0025,65.1932584672524,100.0,0.45326494234609804,threshold-control
40000.0,100.0,0.0025,65.2634342029545,100.0,0.4526033580077068,threshold-control
40000.0,100.0,0.0025,65.33360993865661,100.0,0.4519416701424618,threshold-control
40000.0,100.0,0.0025,65.4037856743587,100.0,0.45127988041765166,threshold-control
40000.0,100.0,0.0025,65.47396141006081,100.0,0.4506179905015989,threshold-control
40000.0,100.0,0.0025,65.5441371457629,100.0,0.4499560020636436,threshold-control
40000.0,100.0,0.0025,65.61431288146501,100.0,0.44929391677412656,threshold-control
40000.0,100.0,0.0025,65.68448861716712,100.0,0.44863173630437203,threshold-control
40000.0,100.0,0.0025,65.75466435286921,100.0,0.4479694623266728,threshold-control
40000.0,100.0,0.0025,65.82484008857132,100.0,0.44730709651427003,threshold-control
40000.0,100.0,0.0025,65.89501582427341,100.0,0.4466446405413401,threshold-control
40000.0,100.0,0.0025,65.96519155997552,100.0,0.44598209608297557,threshold-control
40000.0,100.0,0.0025,66.0,100.0,0.4456534296799076,threshold-control
40000.0,100.0,0.0025,66.03536729567762,100.0,0.4453194648151687,threshold-control
40000.0,100.0,0.0025,66.10554303137972,100.0,0.44465674841479497,threshold-control
40000.0,100.0,0.0025,66.17571876708182,100.0,0.44399394855959595,threshold-control
40000.0,100.0,0.0025,66.24589450278393,100.0,0.4433310669281628,threshold-control
40000.0,100.0,0.0025,66.31607023848602,100.0,0.4426681051999184,threshold-control
40000.0,100.0,0.0025,66.38624597418813,100.0,0.4420050650551012,threshold-control
40000.0,100.0,0.0025,66.45642170989024,100.0,0.44134194817474826,threshold-control
40000.0,100.0,0.0025,66.52659744559233,100.0,0.440678756240678,threshold-control
40000.0,100.0,0.0025,66.59677318129444,100.0,0.440015490935473,threshold-control
40000.0,100.0,0.0025,66.66694891699653,100.0,0.4393521539424635,threshold-control
40000.0,100.0,0.0025,66.73712465269864,100.0,0.43868874694571014,threshold-control
40000.0,100.0,0.0025,66.80730038840073,100.0,0.4380252716299867,threshold-control
40000.0,100.0,0.0025,66.87747612410284,100.0,0.4373617296807636,threshold-control
40000.0,100.0,0.0025,66.94765185980494,100.0,0.43669812278418996,threshold-control
40000.0,100.0,0.0025,67.0,100.0,0.4362030587286416,threshold-control
40000.0,100.0,0.0025,67.01782759550704,100.0,0.4360344526270775,threshold-control
40000.0,100.0,0.0025,67.08800333120915,100.0,0.43537072089688267,threshold-control
40000.0,100.0,0.0025,67.15817906691125,100.0,0.4347069292816901,threshold-control
40000.0,100.0,0.0025,67.22835480261335,100.0,0.43404307947019494,threshold-control
40000.0,100.0,0.0025,67.29853053831545,100.0,0.43337917315168606,threshold-control
40000.0,100.0,0.0025,67.36870627401755,100.0,0.4327152120160287,threshold-control
40000.0,100.0,0.0025,67.43888200971965,100.0,0.43205119775364753,threshold-control
40000.0,100.0,0.0025,67.50905774542176,100.0,0.4313871320555094,threshold-control
40000.0,100.0,0.0025,67.57923348112385,100.0,0.4307230166131061,threshold-control
40000.0,100.0,0.0025,67.64940921682596,100.0,0.4300588531184365,threshold-control
40000.0,100.0,0.0025,67.71958495252807,100.0,0.4293946432639909,threshold-control
40000.0,100.0,0.0025,67.78976068823016,100.0,0.42873038874273284,threshold-control
40000.0,100.0,0.0025,67.85993642393227,100.0,0.4280660912480809,threshold-control
40000.0,100.0,0.0025,67.93011215963436,100.0,0.42740175247389356,threshold-control
40000.0,100.0,0.0025,68.0,100.0,0.42674009979937,threshold-control
40000.0,100.0,0.0025,68.00028789533647,100.0,0.42673737411445023,threshold-control
40000.0,100.0,0.0025,68.07046363103856,100.0,0.4260729578644349,threshold-control
40000.0,100.0,0.0025,68.14063936674067,100.0,0.42540850541891817,threshold-control
40000.0,100.0,0.0025,68.21081510244277,100.0,0.42474401847334087,threshold-control
40000.0,100.0,0.0025,68.28099083814487,100.0,0.42407949872349604,threshold-control
40000.0,100.0,0.0025,68.35116657384697,100.0,0.4234149478655118,threshold-control
40000.0,100.0,0.0025,68.42134230954908,100.0,0.42275036759583406,threshold-control
40000.0,100.0,0.0025,68.49151804525118,100.0,0.422085759611209,threshold-control
40000.0,100.0,0.0025,68.56169378095328,100.0,0.4214211256086672,threshold-control
40000.0,100.0,0.0025,68.63186951665539,100.0,0.42075646728550364,threshold-control
40000.0,100.0,0.0025,68.70204525235748,100.0,0.42009178633926236,threshold-control
40000.0,100.0,0.0025,68.77222098805959,100.0,0.4194270844677188,threshold-control
40000.0,100.0,0.0025,68.84239672376168,100.0,0.4187623633688625,threshold-control
40000.0,100.0,0.0025,68.91257245946379,100.0,0.41809762474087875,threshold-control
40000.0,100.0,0.0025,68.98274819516588,100.0,0.4174328702821327,threshold-control
40000.0,100.0,0.0025,69.0,100.0,0.41726944669233135,threshold-control
40000.0,100.0,0.0025,69.05292393086799,100.0,0.41676810169115086,threshold-control
40000.0,100.0,0.0025,69.1230996665701,100.0,0.4161033206666046,threshold-control
40000.0,100.0,0.0025,69.19327540227219,100.0,0.41543852890729216,threshold-control
40000.0,100.0,0.0025,69.2634511379743,100.0,0.41477372811212143,threshold-control
40000.0,100.0,0.0025,69.3336268736764,100.0,0.4141089199800929,threshold-control
40000.0,100.0,0.0025,69.4038026093785,100.0,0.41344410621028205,threshold-control
40000.0,100.0,0.0025,69.4739783450806,100.0,0.4127792885018218,threshold-control
40000.0,100.0,0.0025,69.5441540807827,100.0,0.41211446855388545,threshold-control
40000.0,100.0,0.0025,69.56646721905983,100.0,0.4119030816278524,threshold-control
40000.0,100.0,0.0025,69.6143298164848,100.0,0.4114496480656691,threshold-control
40000.0,100.0,0.0025,69.6845055521869,100.0,0.41078482873637456,threshold-control
40000.0,100.0,0.0025,69.754681287889,100.0,0.410120012265192,threshold-control
40000.0,100.0,0.0025,69.82485702359111,100.0,0.40945520035128136,threshold-control
40000.0,100.0,0.0025,69.89503275929322,100.0,0.40879039469375733,threshold-control
40000.0,100.0,0.0025,69.96520849499531,100.0,0.40812559699166984,threshold-control
40000.0,100.0,0.0025,70.0,100.0,0.4077960091566646,threshold-control
40000.0,100.0,0.0025,70.03538423069742,100.0,0.4074608089439876,threshold-control
40000.0,100.0,0.0025,70.10555996639951,100.0,0.4067960322495807,threshold-control
40000.0,100.0,0.0025,70.17573570210162,100.0,0.4061312686072033,threshold-control
40000.0,100.0,0.0025,70.24591143780371,100.0,0.40546651971547554,threshold-control
40000.0,100.0,0.0025,70.31608717350582,100.0,0.40480178727286775,threshold-control
40000.0,100.0,0.0025,70.38626290920791,100.0,0.4041370729776813,threshold-control
40000.0,100.0,0.0025,70.45643864491002,100.0,0.4034723785280325,threshold-control
40000.0,100.0,0.0025,70.52661438061213,100.0,0.40280770562183477,threshold-control
40000.0,100.0,0.0025,70.59679011631422,100.0,0.402143055956781,threshold-control
40000.0,100.0,0.0025,70.66696585201633,100.0,0.401478431230327,threshold-control
40000.0,100.0,0.0025,70.73714158771843,100.0,0.40081383313967356,threshold-control
40000.0,100.0,0.0025,70.80731732342053,100.0,0.4001492633817493,threshold-control
40000.0,100.0,0.0025,70.87749305912263,100.0,0.3994847236531932,threshold-control
40000.0,100.0,0.0025,70.94766879482474,100.0,0.39882021565033776,threshold-control
40000.0,100.0,0.0025,71.0,100.0,0.39832470271801057,threshold-control
40000.0,100.0,0.0025,71.01784453052683,100.0,0.39815574106919094,threshold-control
40000.0,100.0,0.0025,71.08802026622894,100.0,0.39749130160541946,threshold-control
40000.0,100.0,0.0025,71.15819600193103,100.0,0.39682689895433143,threshold-control
40000.0,100.0,0.0025,71.22837173763314,100.0,0.3961625348108586,threshold-control
40000.0,100.0,0.0025,71.29854747333525,100.0,0.39549821086953996,threshold-control
40000.0,100.0,0.0025,71.36872320903734,100.0,0.3948339288245035,threshold-control
40000.0,100.0,0.0025,71.43889894473945,100.0,0.39416969036944915,threshold-control
40000.0,100.0,0.0025,71.50907468044154,100.0,0.3935054971976326,threshold-control
40000.0,100.0,0.0025,71.57925041614365,100.0,0.39284135100184636,threshold-control
40000.0,100.0,0.0025,71.64942615184574,100.0,0.39217725347440424,threshold-control
40000.0,100.0,0.0025,71.71960188754785,100.0,0.39151320630712216,threshold-control
40000.0,100.0,0.0025,71.78977762324995,100.0,0.3908492111913032,threshold-control
40000.0,100.0,0.0025,71.85995335895205,100.0,0.3901852698177184,threshold-control
40000.0,100.0,0.0025,71.93012909465416,100.0,0.38952138387659085,threshold-control
40000.0,100.0,0.0025,72.0,100.0,0.3888604384806644,threshold-control
40000.0,100.0,0.0025,72.00030483035626,100.0,0.38885755505757824,threshold-control
40000.0,100.0,0.0025,72.07048056605836,100.0,0.38819378504975477,threshold-control
40000.0,100.0,0.0025,72.14065630176046,100.0,0.3875300755415959,threshold-control
40000.0,100.0,0.0025,72.21083203746257,100.0,0.38686642822095896,threshold-control
40000.0,100.0,0.0025,72.28100777316466,100.0,0.3862028447750677,threshold-control
40000.0,100.0,0.0025,72.35118350886677,100.0,0.38553932689049497,threshold-control
40000.0,100.0,0.0025,72.42135924456886,100.0,0.3848758762531447,threshold-control
40000.0,100.0,0.0025,72.49153498027097,100.0,0.38421249454823514,threshold-control
40000.0,100.0,0.0025,72.56171071597308,100.0,0.3835491834602829,threshold-control
40000.0,100.0,0.0025,72.63188645167517,100.0,0.38288594467308457,threshold-control
40000.0,100.0,0.0025,72.70206218737728,100.0,0.3822227798697001,threshold-control
40000.0,100.0,0.0025,72.77223792307937,100.0,0.3815596907324359,threshold-control
40000.0,100.0,0.0025,72.84241365878148,100.0,0.38089667894282797,threshold-control
40000.0,100.0,0.0025,72.91258939448358,100.0,0.3802337461816242,threshold-control
40000.0,100.0,0.0025,72.98276513018568,100.0,0.3795708941287683,threshold-control
40000.0,100.0,0.0025,73.0,100.0,0.3794081129492073,threshold-control
40000.0,100.0,0.0025,73.05294086588778,100.0,0.3789081244633825,threshold-control
40000.0,100.0,0.0025,73.12311660158989,100.0,0.37824543886375017,threshold-control
40000.0,100.0,0.0025,73.19329233729198,100.0,0.37758283900729994,threshold-control
40000.0,100.0,0.0025,73.26346807299409,100.0,0.37692032657058727,threshold-control
40000.0,100.0,0.0025,73.3336438086962,100.0,0.3762579032292792,threshold-control
40000.0,100.0,0.0025,73.40381954439829,100.0,0.3755955706581364,threshold-control
40000.0,100.0,0.0025,73.4739952801004,100.0,0.37493333053099687,threshold-control
40000.0,100.0,0.0025,73.54417101580249,100.0,0.3742711845207587,threshold-control
40000.0,100.0,0.0025,73.6143467515046,100.0,0.37360913429936327,threshold-control
40000.0,100.0,0.0025,73.68452248720669,100.0,0.3729471815377793,threshold-control
40000.0,100.0,0.0025,73.7546982229088,100.0,0.372285327905985,threshold-control
40000.0,100.0,0.0025,73.8248739586109,100.0,0.37162357507295174,threshold-control
40000.0,100.0,0.0025,73.895049694313,100.0,0.3709619247066279,threshold-control
40000.0,100.0,0.0025,73.96522543001511,100.0,0.37030037847392105,threshold-control
40000.0,100.0,0.0025,74.0,100.0,0.36997259791440207,threshold-control
40000.0,100.0,0.0025,74.0354011657172,100.0,0.3696389380406824,threshold-control
40000.0,100.0,0.0025,74.10557690141931,100.0,0.3689776050716892,threshold-control
40000.0,100.0,0.0025,74.1757526371214,100.0,0.36831638123062893,threshold-control
40000.0,100.0,0.0025,74.24592837282351,100.0,0.3676552681800819,threshold-control
40000.0,100.0,0.0025,74.31610410852561,100.0,0.36699426758150566,threshold-control
40000.0,100.0,0.0025,74.38627984422772,100.0,0.3663333810952172,threshold-control
40000.0,100.0,0.0025,74.45645557992981,100.0,0.3656726103803778,threshold-control
40000.0,100.0,0.0025,74.52663131563192,100.0,0.3650119570949748,threshold-control
40000.0,100.0,0.0025,74.59680705133401,100.0,0.36435142289580735,threshold-control
40000.0,100.0,0.0025,74.66698278703612,100.0,0.3636910094384681,threshold-control
40000.0,100.0,0.0025,74.73715852273823,100.0,0.36303071837732703,threshold-control
40000.0,100.0,0.0025,74.80733425844032,100.0,0.3623705513655161,threshold-control
40000.0,100.0,0.0025,74.87750999414243,100.0,0.36171051005491195,threshold-control
40000.0,100.0,0.0025,74.94768572984452,100.0,0.3610505960961198,threshold-control
40000.0,100.0,0.0025,75.0,100.0,0.3605587304476484,threshold-control
40000.0,100.0,0.0025,75.01786146554663,100.0,0.3603908111384567,threshold-control
40000.0,100.0,0.0025,75.08803720124872,100.0,0.3597311568299363,threshold-control
40000.0,100.0,0.0025,75.15821293695083,100.0,0.35907163481725146,threshold-control
40000.0,100.0,0.0025,75.22838867265293,100.0,0.35841224674575944,threshold-control
40000.0,100.0,0.0025,75.29856440835503,100.0,0.3577529942594626,threshold-control
40000.0,100.0,0.0025,75.36874014405714,100.0,0.35709387900099654,threshold-control
40000.0,100.0,0.0025,75.43891587975924,100.0,0.35643490261161104,threshold-control
40000.0,100.0,0.0025,75.50909161546134,100.0,0.3557760667311539,threshold-control
40000.0,100.0,0.0025,75.57926735116344,100.0,0.3551173729980568,threshold-control
40000.0,100.0,0.0025,75.64944308686555,100.0,0.35445882304931686,threshold-control
40000.0,100.0,0.0025,75.71961882256764,100.0,0.35380041852048305,threshold-control
40000.0,100.0,0.0025,75.78979455826975,100.0,0.35314216104563745,threshold-control
40000.0,100.0,0.0025,75.85997029397184,100.0,0.3524840522573822,threshold-control
40000.0,100.0,0.0025,75.93014602967395,100.0,0.35182609378682106,threshold-control
40000.0,100.0,0.0025,76.0,100.0,0.3511713030474788,threshold-control
40000.0,100.0,0.0025,76.00032176537604,100.0,0.351168287263545,threshold-control
40000.0,100.0,0.0025,76.07049750107815,100.0,0.3505106343156156,threshold-control
40000.0,100.0,0.0025,76.14067323678026,100.0,0.34985313656954986,threshold-control
40000.0,100.0,0.0025,76.21084897248235,100.0,0.3491957956503039,threshold-control
40000.0,100.0,0.0025,76.28102470818446,100.0,0.3485386131812568,threshold-control
40000.0,100.0,0.0025,76.35120044388655,100.0,0.3478815907841962,threshold-control
40000.0,100.0,0.0025,76.42137617958866,100.0,0.3472247300793011,threshold-control
40000.0,100.0,0.0025,76.49155191529076,100.0,0.34656803268512704,threshold-control
40000.0,100.0,0.0025,76.56172765099286,100.0,0.3459115002185901,threshold-control
40000.0,100.0,0.0025,76.63190338669496,100.0,0.3452551342949516,threshold-control
40000.0,100.0,0.0025,76.70207912239707,100.0,0.3445989365278024,threshold-control
40000.0,100.0,0.0025,76.77225485809917,100.0,0.3439429085290475,threshold-control
40000.0,100.0,0.0025,76.84243059380127,100.0,0.34328705190888975,threshold-control
40000.0,100.0,0.0025,76.91260632950338,100.0,0.3426313682758151,threshold-control
40000.0,100.0,0.0025,76.98278206520547,100.0,0.34197585923657825,threshold-control
40000.0,100.0,0.0025,77.0,100.0,0.3418150539804332,threshold-control
40000.0,100.0,0.0025,77.05295780090758,100.0,0.3413205263961845,threshold-control
40000.0,100.0,0.0025,77.12313353660967,100.0,0.34066537135787656,threshold-control
40000.0,100.0,0.0025,77.19330927231178,100.0,0.3400103957231194,threshold-control
40000.0,100.0,0.0025,77.26348500801387,100.0,0.33935560109158325,threshold-control
40000.0,100.0,0.0025,77.33366074371598,100.0,0.33870098906112933,threshold-control
40000.0,100.0,0.0025,77.40383647941809,100.0,0.33804656122779575,threshold-control
40000.0,100.0,0.0025,77.47401221512018,100.0,0.33739231918577994,threshold-control
40000.0,100.0,0.0025,77.54418795082229,100.0,0.3367382645274255,threshold-control
40000.0,100.0,0.0025,77.61436368652438,100.0,0.3360843988432065,threshold-control
40000.0,100.0,0.0025,77.68453942222649,100.0,0.3354307237217119,threshold-control
40000.0,100.0,0.0025,77.75471515792859,100.0,0.33477724074963144,threshold-control
40000.0,100.0,0.0025,77.8248908936307,100.0,0.33412395151174,threshold-control
40000.0,100.0,0.0025,77.89506662933279,100.0,0.33347085759088335,threshold-control
40000.0,100.0,0.0025,77.9652423650349,100.0,0.3328179605679621,threshold-control
40000.0,100.0,0.0025,78.0,100.0,0.33249465785720955,threshold-control
40000.0,100.0,0.0025,78.03541810073699,100.0,0.3321652620219182,threshold-control
40000.0,100.0,0.0025,78.1055938364391,100.0,0.33151276352971915,threshold-control
40000.0,100.0,0.0025,78.1757695721412,100.0,0.3308604666663437,threshold-control
40000.0,100.0,0.0025,78.2459453078433,100.0,0.33020837300476735,threshold-control
40000.0,100.0,0.0025,78.31612104354541,100.0,0.32955648411594674,threshold-control
40000.0,100.0,0.0025,78.3862967792475,100.0,0.3289048015688061,threshold-control
40000.0,100.0,0.0025,78.45647251494961,100.0,0.3282533269302218,threshold-control
40000.0,100.0,0.0025,78.5266482506517,100.0,0.3276020617650084,threshold-control
40000.0,100.0,0.0025,78.59682398635381,100.0,0.326951007635904,threshold-control
40000.0,100.0,0.0025,78.6669997220559,100.0,0.3263001661035554,threshold-control
40000.0,100.0,0.0025,78.73717545775801,100.0,0.32564953872650393,threshold-control
40000.0,100.0,0.0025,78.80735119346012,100.0,0.3249991270611715,threshold-control
40000.0,100.0,0.0025,78.87752692916222,100.0,0.32434893266184517,threshold-control
40000.0,100.0,0.0025,78.94770266486432,100.0,0.3236989570806642,threshold-control
40000.0,100.0,0.0025,79.0,100.0,0.3232147164832293,threshold-control
40000.0,100.0,0.0025,79.01787840056642,100.0,0.3230492018676049,threshold-control
40000.0,100.0,0.0025,79.02319334106328,100.0,0.32300000000000006,threshold-control
40000.0,100.0,0.0025,79.08805413626852,99.98698193625432,0.323,post-control
40000.0,100.0,0.0025,79.15822987197062,99.97289712280302,0.323,post-control
40000.0,100.0,0.0025,79.22840560767273,99.95881230935171,0.323,post-control
40000.0,100.0,0.0025,79.29858134337482,99.94472749590041,0.323,post-control
40000.0,100.0,0.0025,79.36875707907693,99.9306426824491,0.323,post-control
40000.0,100.0,0.0025,79.43893281477902,99.9165578689978,0.323,post-control
40000.0,100.0,0.0025,79.50910855048113,99.9024730555465,0.323,post-control
40000.0,100.0,0.0025,79.57928428618324,99.88838824209517,0.323,post-control
40000.0,100.0,0.0025,79.64946002188533,99.87430342864387,0.323,post-control
40000.0,100.0,0.0025,79.71963575758744,99.86021861519257,0.323,post-control
40000.0,100.0,0.0025,79.78981149328953,99.84613380174126,0.323,post-control
40000.0,100.0,0.0025,79.85998722899164,99.83204898828996,0.323,post-control
40000.0,100.0,0.0025,79.93016296469374,99.81796417483865,0.323,post-control
40000.0,100.0,0.0025,80.00033870039584,99.80387936138735,0.323,post-control
40000.0,100.0,0.0025,80.02319334106328,99.79929225806627,0.323,post-control
40000.0,100.0,0.0025,80.07051443609794,99.77112134921782,0.323,post-control
40000.0,100.0,0.0025,80.14069017180005,99.72934475354968,0.323,post-control
40000.0,100.0,0.0025,80.21086590750215,99.68756815788153,0.323,post-control
40000.0,100.0,0.0025,80.28104164320425,99.64579156221339,0.323,post-control
40000.0,100.0,0.0025,80.35121737890636,99.60401496654524,0.323,post-control
40000.0,100.0,0.0025,80.42139311460845,99.5622383708771,0.323,post-control
40000.0,100.0,0.0025,80.49156885031056,99.52046177520896,0.323,post-control
40000.0,100.0,0.0025,80.56174458601265,99.47868517954082,0.323,post-control
40000.0,100.0,0.0025,80.63192032171476,99.43690858387266,0.323,post-control
40000.0,100.0,0.0025,80.70209605741685,99.39513198820453,0.323,post-control
40000.0,100.0,0.0025,80.77227179311896,99.35335539253639,0.323,post-control
40000.0,100.0,0.0025,80.84244752882105,99.31157879686825,0.323,post-control
40000.0,100.0,0.0025,80.91262326452316,99.2698022012001,0.323,post-control
40000.0,100.0,0.0025,80.98279900022527,99.22802560553194,0.323,post-control
40000.0,100.0,0.0025,81.02319334106328,99.20397829020868,0.323,post-control
40000.0,100.0,0.0025,81.05297473592736,99.17493267652364,0.323,post-control
40000.0,100.0,0.0025,81.12315047162947,99.10649070734897,0.323,post-control
40000.0,100.0,0.0025,81.19332620733157,99.0380487381743,0.323,post-control
40000.0,100.0,0.0025,81.26350194303367,98.96960676899963,0.323,post-control
40000.0,100.0,0.0025,81.33367767873577,98.90116479982495,0.323,post-control
40000.0,100.0,0.0025,81.40385341443788,98.83272283065028,0.323,post-control
40000.0,100.0,0.0025,81.47402915013997,98.76428086147561,0.323,post-control
40000.0,100.0,0.0025,81.54420488584208,98.69583889230094,0.323,post-control
40000.0,100.0,0.0025,81.61438062154419,98.62739692312626,0.323,post-control
40000.0,100.0,0.0025,81.68455635724628,98.5589549539516,0.323,post-control
40000.0,100.0,0.0025,81.75473209294839,98.49051298477691,0.323,post-control
40000.0,100.0,0.0025,81.82490782865048,98.42207101560226,0.323,post-control
40000.0,100.0,0.0025,81.89508356435259,98.35362904642757,0.323,post-control
40000.0,100.0,0.0025,81.96525930005468,98.28518707725291,0.323,post-control
40000.0,100.0,0.0025,82.02319334106328,98.22868435862512,0.323,post-control
40000.0,100.0,0.0025,82.03543503575679,98.21233835538973,0.323,post-control
40000.0,100.0,0.0025,82.10561077145888,98.11863459691918,0.323,post-control
40000.0,100.0,0.0025,82.17578650716099,98.02493083844861,0.323,post-control
40000.0,100.0,0.0025,82.2459622428631,97.93122707997803,0.323,post-control
40000.0,100.0,0.0025,82.3161379785652,97.83752332150748,0.323,post-control
40000.0,100.0,0.0025,82.3863137142673,97.74381956303691,0.323,post-control
40000.0,100.0,0.0025,82.4564894499694,97.65011580456634,0.323,post-control
40000.0,100.0,0.0025,82.5266651856715,97.55641204609577,0.323,post-control
40000.0,100.0,0.0025,82.5968409213736,97.46270828762522,0.323,post-control
40000.0,100.0,0.0025,82.6670166570757,97.36900452915464,0.323,post-control
40000.0,100.0,0.0025,82.7371923927778,97.27530077068408,0.323,post-control
40000.0,100.0,0.0025,82.80736812847991,97.1815970122135,0.323,post-control
40000.0,100.0,0.0025,82.877543864182,97.08789325374295,0.323,post-control
40000.0,100.0,0.0025,82.94771959988411,96.99418949527238,0.323,post-control
40000.0,100.0,0.0025,83.01789533558622,96.9004857368018,0.323,post-control
40000.0,100.0,0.0025,83.02319334106328,96.89341145363781,0.323,post-control
40000.0,100.0,0.0025,83.08807107128831,96.78502520617546,0.323,post-control
40000.0,100.0,0.0025,83.15824680699042,96.66778798734431,0.323,post-control
40000.0,100.0,0.0025,83.22842254269251,96.55055076851318,0.323,post-control
40000.0,100.0,0.0025,83.29859827839462,96.43331354968203,0.323,post-control
40000.0,100.0,0.0025,83.36877401409672,96.31607633085089,0.323,post-control
40000.0,100.0,0.0025,83.43894974979882,96.19883911201974,0.323,post-control
40000.0,100.0,0.0025,83.50912548550092,96.08160189318862,0.323,post-control
40000.0,100.0,0.0025,83.57930122120302,95.96436467435745,0.323,post-control
40000.0,100.0,0.0025,83.64947695690513,95.8471274555263,0.323,post-control
40000.0,100.0,0.0025,83.71965269260723,95.72989023669518,0.323,post-control
40000.0,100.0,0.0025,83.78982842830933,95.61265301786402,0.323,post-control
40000.0,100.0,0.0025,83.86000416401143,95.4954157990329,0.323,post-control
40000.0,100.0,0.0025,83.93017989971354,95.37817858020175,0.323,post-control
40000.0,100.0,0.0025,84.00035563541563,95.26094136137061,0.323,post-control
40000.0,100.0,0.0025,84.02319334106328,95.22278815830367,0.323,post-control
40000.0,100.0,0.0025,84.07053137111774,95.12917429668992,0.323,post-control
40000.0,100.0,0.0025,84.14070710681983,94.99039746962085,0.323,post-control
40000.0,100.0,0.0025,84.21088284252194,94.85162064255175,0.323,post-control
40000.0,100.0,0.0025,84.28105857822403,94.71284381548267,0.323,post-control
40000.0,100.0,0.0025,84.35123431392614,94.57406698841358,0.323,post-control
40000.0,100.0,0.0025,84.42141004962825,94.43529016134447,0.323,post-control
40000.0,100.0,0.0025,84.49158578533034,94.29651333427539,0.323,post-control
40000.0,100.0,0.0025,84.56176152103245,94.1577365072063,0.323,post-control
40000.0,100.0,0.0025,84.63193725673455,94.01895968013721,0.323,post-control
40000.0,100.0,0.0025,84.70211299243665,93.88018285306812,0.323,post-control
40000.0,100.0,0.0025,84.77228872813875,93.74140602599904,0.323,post-control
40000.0,100.0,0.0025,84.84246446384086,93.60262919892995,0.323,post-control
40000.0,100.0,0.0025,84.91264019954295,93.46385237186087,0.323,post-control
40000.0,100.0,0.0025,84.98281593524506,93.32507554479176,0.323,post-control
40000.0,100.0,0.0025,85.02319334106328,93.24522674507956,0.323,post-control
40000.0,100.0,0.0025,85.05299167094716,93.17808515380099,0.323,post-control
40000.0,100.0,0.0025,85.12316740664926,93.0199651993424,0.323,post-control
40000.0,100.0,0.0025,85.19334314235137,92.86184524488377,0.323,post-control
40000.0,100.0,0.0025,85.26351887805346,92.70372529042515,0.323,post-control
40000.0,100.0,0.0025,85.33369461375557,92.54560533596653,0.323,post-control
40000.0,100.0,0.0025,85.40387034945766,92.38748538150793,0.323,post-control
40000.0,100.0,0.0025,85.47404608515977,92.22936542704929,0.323,post-control
40000.0,100.0,0.0025,85.54422182086186,92.07124547259069,0.323,post-control
40000.0,100.0,0.0025,85.61439755656397,91.91312551813206,0.323,post-control
40000.0,100.0,0.0025,85.68457329226608,91.75500556367342,0.323,post-control
40000.0,100.0,0.0025,85.75474902796817,91.59688560921482,0.323,post-control
40000.0,100.0,0.0025,85.82492476367028,91.4387656547562,0.323,post-control
40000.0,100.0,0.0025,85.89510049937238,91.2806457002976,0.323,post-control
40000.0,100.0,0.0025,85.96527623507448,91.12252574583896,0.323,post-control
40000.0,100.0,0.0025,86.02319334106328,90.9920269335401,0.323,post-control
40000.0,100.0,0.0025,86.03545197077658,90.96143479675318,0.323,post-control
40000.0,100.0,0.0025,86.10562770647869,90.78630709031854,0.323,post-control
40000.0,100.0,0.0025,86.17580344218078,90.61117938388394,0.323,post-control
40000.0,100.0,0.0025,86.24597917788289,90.4360516774493,0.323,post-control
40000.0,100.0,0.0025,86.31615491358498,90.26092397101469,0.323,post-control
40000.0,100.0,0.0025,86.38633064928709,90.08579626458005,0.323,post-control
40000.0,100.0,0.0025,86.4565063849892,89.9106685581454,0.323,post-control
40000.0,100.0,0.0025,86.52668212069129,89.73554085171081,0.323,post-control
40000.0,100.0,0.0025,86.5968578563934,89.56041314527616,0.323,post-control
40000.0,100.0,0.0025,86.66703359209549,89.38528543884156,0.323,post-control
40000.0,100.0,0.0025,86.7372093277976,89.21015773240691,0.323,post-control
40000.0,100.0,0.0025,86.8073850634997,89.03503002597232,0.323,post-control
40000.0,100.0,0.0025,86.8775607992018,88.85990231953767,0.323,post-control
40000.0,100.0,0.0025,86.9477365349039,88.68477461310307,0.323,post-control
40000.0,100.0,0.0025,87.017912270606,88.50964690666842,0.323,post-control
40000.0,100.0,0.0025,87.02319334106328,88.49646768243304,0.323,post-control
40000.0,100.0,0.0025,87.08808800630811,88.32102229241494,0.323,post-control
40000.0,100.0,0.0025,87.1582637420102,88.13129931174142,0.323,post-control
40000.0,100.0,0.0025,87.22843947771231,87.94157633106786,0.323,post-control
40000.0,100.0,0.0025,87.29861521341441,87.75185335039434,0.323,post-control
40000.0,100.0,0.0025,87.36879094911652,87.56213036972078,0.323,post-control
40000.0,100.0,0.0025,87.43896668481861,87.37240738904725,0.323,post-control
40000.0,100.0,0.0025,87.50914242052072,87.18268440837369,0.323,post-control
40000.0,100.0,0.0025,87.57931815622281,86.99296142770017,0.323,post-control
40000.0,100.0,0.0025,87.64949389192492,86.80323844702662,0.323,post-control
40000.0,100.0,0.0025,87.71966962762701,86.61351546635309,0.323,post-control
40000.0,100.0,0.0025,87.78984536332912,86.42379248567953,0.323,post-control
40000.0,100.0,0.0025,87.86002109903123,86.23406950500596,0.323,post-control
40000.0,100.0,0.0025,87.93019683473332,86.04434652433244,0.323,post-control
40000.0,100.0,0.0025,88.00037257043543,85.85462354365889,0.323,post-control
40000.0,100.0,0.0025,88.02319334106328,85.79292665396525,0.323,post-control
40000.0,100.0,0.0025,88.07054830613752,85.656692772814,0.323,post-control
40000.0,100.0,0.0025,88.14072404183963,85.45480659630951,0.323,post-control
40000.0,100.0,0.0025,88.21089977754173,85.25292041980506,0.323,post-control
40000.0,100.0,0.0025,88.28107551324383,85.05103424330058,0.323,post-control
40000.0,100.0,0.0025,88.35125124894593,84.84914806679613,0.323,post-control
40000.0,100.0,0.0025,88.42142698464804,84.64726189029165,0.323,post-control
40000.0,100.0,0.0025,88.49160272035014,84.44537571378717,0.323,post-control
40000.0,100.0,0.0025,88.56177845605224,84.24348953728273,0.323,post-control
40000.0,100.0,0.0025,88.63195419175435,84.04160336077824,0.323,post-control
40000.0,100.0,0.0025,88.70212992745644,83.8397171842738,0.323,post-control
40000.0,100.0,0.0025,88.77230566315855,83.63783100776931,0.323,post-control
40000.0,100.0,0.0025,88.84248139886064,83.43594483126486,0.323,post-control
40000.0,100.0,0.0025,88.91265713456275,83.23405865476037,0.323,post-control
40000.0,100.0,0.0025,88.98283287026484,83.03217247825594,0.323,post-control
40000.0,100.0,0.0025,89.02319334106328,82.91606081872158,0.323,post-control
40000.0,100.0,0.0025,89.05300860596695,82.82613821439662,0.323,post-control
40000.0,100.0,0.0025,89.12318434166905,82.61448874775128,0.323,post-control
40000.0,100.0,0.0025,89.19336007737115,82.4028392811059,0.323,post-control
40000.0,100.0,0.0025,89.26353581307326,82.19118981446051,0.323,post-control
40000.0,100.0,0.0025,89.33371154877536,81.97954034781517,0.323,post-control
40000.0,100.0,0.0025,89.40388728447746,81.76789088116979,0.323,post-control
40000.0,100.0,0.0025,89.47406302017956,81.55624141452445,0.323,post-control
40000.0,100.0,0.0025,89.54423875588166,81.34459194787907,0.323,post-control
40000.0,100.0,0.0025,89.61441449158376,81.13294248123373,0.323,post-control
40000.0,100.0,0.0025,89.68459022728587,80.92129301458834,0.323,post-control
40000.0,100.0,0.0025,89.75476596298796,80.709643547943,0.323,post-control
40000.0,100.0,0.0025,89.82494169869007,80.49799408129762,0.323,post-control
40000.0,100.0,0.0025,89.89511743439218,80.28634461465224,0.323,post-control
40000.0,100.0,0.0025,89.96529317009427,80.0746951480069,0.323,post-control
40000.0,100.0,0.0025,90.02319334106328,79.90006868799675,0.323,post-control
40000.0,100.0,0.0025,90.03546890579638,79.86174409332672,0.323,post-control
40000.0,100.0,0.0025,90.10564464149847,79.6426538367945,0.323,post-control
40000.0,100.0,0.0025,90.17582037720058,79.42356358026221,0.323,post-control
40000.0,100.0,0.0025,90.24599611290267,79.20447332372997,0.323,post-control
40000.0,100.0,0.0025,90.31617184860478,78.98538306719769,0.323,post-control
40000.0,100.0,0.0025,90.38634758430688,78.76629281066545,0.323,post-control
40000.0,100.0,0.0025,90.45652332000898,78.54720255413316,0.323,post-control
40000.0,100.0,0.0025,90.52669905571109,78.32811229760087,0.323,post-control
40000.0,100.0,0.0025,90.59687479141319,78.10902204106864,0.323,post-control
40000.0,100.0,0.0025,90.6670505271153,77.88993178453634,0.323,post-control
40000.0,100.0,0.0025,90.73722626281739,77.67084152800412,0.323,post-control
40000.0,100.0,0.0025,90.8074019985195,77.45175127147184,0.323,post-control
40000.0,100.0,0.0025,90.87757773422159,77.2326610149396,0.323,post-control
40000.0,100.0,0.0025,90.9477534699237,77.01357075840731,0.323,post-control
40000.0,100.0,0.0025,91.01792920562579,76.79448050187507,0.323,post-control
40000.0,100.0,0.0025,91.02319334106328,76.77804575029205,0.323,post-control
40000.0,100.0,0.0025,91.0881049413279,76.5705506674089,0.323,post-control
40000.0,100.0,0.0025,91.15828067702999,76.34622835773648,0.323,post-control
40000.0,100.0,0.0025,91.2284564127321,76.12190604806403,0.323,post-control
40000.0,100.0,0.0025,91.29863214843421,75.89758373839157,0.323,post-control
40000.0,100.0,0.0025,91.3688078841363,75.67326142871916,0.323,post-control
40000.0,100.0,0.0025,91.43898361983841,75.44893911904671,0.323,post-control
40000.0,100.0,0.0025,91.5091593555405,75.2246168093743,0.323,post-control
40000.0,100.0,0.0025,91.57933509124261,75.00029449970184,0.323,post-control
40000.0,100.0,0.0025,91.6495108269447,74.77597219002944,0.323,post-control
40000.0,100.0,0.0025,91.71968656264681,74.55164988035698,0.323,post-control
40000.0,100.0,0.0025,91.78986229834891,74.32732757068456,0.323,post-control
40000.0,100.0,0.0025,91.86003803405102,74.10300526101211,0.323,post-control
40000.0,100.0,0.0025,91.93021376975312,73.87868295133966,0.323,post-control
40000.0,100.0,0.0025,92.00038950545522,73.65436064166724,0.323,post-control
40000.0,100.0,0.0025,92.02319334106328,73.58146637099361,0.323,post-control
40000.0,100.0,0.0025,92.07056524115733,73.42790030816805,0.323,post-control
40000.0,100.0,0.0025,92.14074097685942,73.20041077500042,0.323,post-control
40000.0,100.0,0.0025,92.21091671256153,72.97292124183276,0.323,post-control
40000.0,100.0,0.0025,92.28109244826362,72.74543170866515,0.323,post-control
40000.0,100.0,0.0025,92.35126818396573,72.51794217549748,0.323,post-control
40000.0,100.0,0.0025,92.42144391966782,72.29045264232987,0.323,post-control
40000.0,100.0,0.0025,92.49161965536993,72.0629631091622,0.323,post-control
40000.0,100.0,0.0025,92.56179539107202,71.83547357599458,0.323,post-control
40000.0,100.0,0.0025,92.63197112677413,71.60798404282693,0.323,post-control
40000.0,100.0,0.0025,92.70214686247624,71.38049450965926,0.323,post-control
40000.0,100.0,0.0025,92.77232259817833,71.15300497649164,0.323,post-control
40000.0,100.0,0.0025,92.84249833388044,70.92551544332399,0.323,post-control
40000.0,100.0,0.0025,92.91267406958254,70.69802591015636,0.323,post-control
40000.0,100.0,0.0025,92.98284980528464,70.4705363769887,0.323,post-control
40000.0,100.0,0.0025,93.02319334106328,70.33975424796945,0.323,post-control
40000.0,100.0,0.0025,93.05302554098674,70.24250818870604,0.323,post-control
40000.0,100.0,0.0025,93.12320127668885,70.01375155089691,0.323,post-control
40000.0,100.0,0.0025,93.19337701239094,69.78499491308783,0.323,post-control
40000.0,100.0,0.0025,93.26355274809305,69.5562382752787,0.323,post-control
40000.0,100.0,0.0025,93.33372848379516,69.32748163746957,0.323,post-control
40000.0,100.0,0.0025,93.40390421949725,69.0987249996605,0.323,post-control
40000.0,100.0,0.0025,93.47407995519936,68.86996836185138,0.323,post-control
40000.0,100.0,0.0025,93.54425569090145,68.6412117240423,0.323,post-control
40000.0,100.0,0.0025,93.61443142660356,68.41245508623317,0.323,post-control
40000.0,100.0,0.0025,93.68460716230565,68.18369844842408,0.323,post-control
40000.0,100.0,0.0025,93.75478289800776,67.95494181061495,0.323,post-control
40000.0,100.0,0.0025,93.82495863370985,67.72618517280588,0.323,post-control
40000.0,100.0,0.0025,93.89513436941196,67.49742853499676,0.323,post-control
40000.0,100.0,0.0025,93.96531010511406,67.26867189718767,0.323,post-control
40000.0,100.0,0.0025,94.02319334106328,67.07998596024981,0.323,post-control
40000.0,100.0,0.0025,94.03548584081616,67.03999466815122,0.323,post-control
40000.0,100.0,0.0025,94.10566157651827,66.81169136116621,0.323,post-control
40000.0,100.0,0.0025,94.17583731222037,66.58338805418124,0.323,post-control
40000.0,100.0,0.0025,94.24601304792247,66.35508474719623,0.323,post-control
40000.0,100.0,0.0025,94.31618878362457,66.12678144021126,0.323,post-control
40000.0,100.0,0.0025,94.38636451932668,65.89847813322625,0.323,post-control
40000.0,100.0,0.0025,94.45654025502877,65.67017482624128,0.323,post-control
40000.0,100.0,0.0025,94.52671599073088,65.44187151925627,0.323,post-control
40000.0,100.0,0.0025,94.59689172643297,65.2135682122713,0.323,post-control
40000.0,100.0,0.0025,94.66706746213508,64.98526490528629,0.323,post-control
40000.0,100.0,0.0025,94.73724319783719,64.75696159830127,0.323,post-control
40000.0,100.0,0.0025,94.80741893353928,64.5286582913163,0.323,post-control
40000.0,100.0,0.0025,94.87759466924139,64.30035498433129,0.323,post-control
40000.0,100.0,0.0025,94.94777040494348,64.07205167734632,0.323,post-control
40000.0,100.0,0.0025,95.01794614064559,63.843748370361304,0.323,post-control
40000.0,100.0,0.0025,95.02319334106328,63.826677609423996,0.323,post-control
40000.0,100.0,0.0025,95.08812187634769,63.617283089561134,0.323,post-control
40000.0,100.0,0.0025,95.1582976120498,63.39096634887078,0.323,post-control
40000.0,100.0,0.0025,95.22847334775189,63.16464960818048,0.323,post-control
40000.0,100.0,0.0025,95.298649083454,62.93833286749013,0.323,post-control
40000.0,100.0,0.0025,95.3688248191561,62.71201612679978,0.323,post-control
40000.0,100.0,0.0025,95.4390005548582,62.485699386109474,0.323,post-control
40000.0,100.0,0.0025,95.5091762905603,62.25938264541912,0.323,post-control
40000.0,100.0,0.0025,95.5793520262624,62.03306590472882,0.323,post-control
40000.0,100.0,0.0025,95.6495277619645,61.80674916403847,0.323,post-control
40000.0,100.0,0.0025,95.7197034976666,61.580432423348164,0.323,post-control
40000.0,100.0,0.0025,95.78987923336871,61.35411568265781,0.323,post-control
40000.0,100.0,0.0025,95.8600549690708,61.12779894196751,0.323,post-control
40000.0,100.0,0.0025,95.93023070477291,60.90148220127716,0.323,post-control
40000.0,100.0,0.0025,96.000406440475,60.675165460586854,0.323,post-control
40000.0,100.0,0.0025,96.02319334106328,60.60167770844608,0.323,post-control
40000.0,100.0,0.0025,96.07058217617711,60.45109769768795,0.323,post-control
40000.0,100.0,0.0025,96.14075791187922,60.228111354774065,0.323,post-control
40000.0,100.0,0.0025,96.21093364758131,60.00512501186022,0.323,post-control
40000.0,100.0,0.0025,96.28110938328342,59.78213866894634,0.323,post-control
40000.0,100.0,0.0025,96.35128511898552,59.559152326032496,0.323,post-control
40000.0,100.0,0.0025,96.42146085468762,59.33616598311861,0.323,post-control
40000.0,100.0,0.0025,96.49163659038972,59.11317964020478,0.323,post-control
40000.0,100.0,0.0025,96.56181232609183,58.890193297290885,0.323,post-control
40000.0,100.0,0.0025,96.63198806179392,58.66720695437705,0.323,post-control
40000.0,100.0,0.0025,96.70216379749603,58.444220611463166,0.323,post-control
40000.0,100.0,0.0025,96.77233953319814,58.221234268549274,0.323,post-control
40000.0,100.0,0.0025,96.84251526890023,57.99824792563544,0.323,post-control
40000.0,100.0,0.0025,96.91269100460234,57.775261582721555,0.323,post-control
40000.0,100.0,0.0025,96.98286674030443,57.55227523980771,0.323,post-control
40000.0,100.0,0.0025,97.02319334106328,57.42413577485739,0.323,post-control
40000.0,100.0,0.0025,97.05304247600654,57.3311973312275,0.323,post-control
40000.0,100.0,0.0025,97.12321821170863,57.11269774425012,0.323,post-control
40000.0,100.0,0.0025,97.19339394741074,56.8941981572727,0.323,post-control
40000.0,100.0,0.0025,97.26356968311283,56.67569857029532,0.323,post-control
40000.0,100.0,0.0025,97.33374541881494,56.45719898331789,0.323,post-control
40000.0,100.0,0.0025,97.40392115451704,56.23869939634051,0.323,post-control
40000.0,100.0,0.0025,97.47409689021914,56.020199809363085,0.323,post-control
40000.0,100.0,0.0025,97.54427262592125,55.80170022238566,0.323,post-control
40000.0,100.0,0.0025,97.61444836162335,55.583200635408275,0.323,post-control
40000.0,100.0,0.0025,97.68462409732545,55.36470104843085,0.323,post-control
40000.0,100.0,0.0025,97.75479983302755,55.14620146145347,0.323,post-control
40000.0,100.0,0.0025,97.82497556872966,54.92770187447605,0.323,post-control
40000.0,100.0,0.0025,97.89515130443175,54.70920228749867,0.323,post-control
40000.0,100.0,0.0025,97.96532704013386,54.49070270052124,0.323,post-control
40000.0,100.0,0.0025,98.02319334106328,54.31052984267389,0.323,post-control
40000.0,100.0,0.0025,98.03550277583595,54.27316141283271,0.323,post-control
40000.0,100.0,0.0025,98.10567851153806,54.06012506270244,0.323,post-control
40000.0,100.0,0.0025,98.17585424724017,53.84708871257217,0.323,post-control
40000.0,100.0,0.0025,98.24602998294226,53.63405236244195,0.323,post-control
40000.0,100.0,0.0025,98.31620571864437,53.42101601231168,0.323,post-control
40000.0,100.0,0.0025,98.38638145434646,53.20797966218146,0.323,post-control
40000.0,100.0,0.0025,98.45655719004857,52.99494331205119,0.323,post-control
40000.0,100.0,0.0025,98.52673292575066,52.781906961920974,0.323,post-control
40000.0,100.0,0.0025,98.59690866145277,52.56887061179071,0.323,post-control
40000.0,100.0,0.0025,98.66708439715487,52.35583426166048,0.323,post-control
40000.0,100.0,0.0025,98.73726013285697,52.14279791153022,0.323,post-control
40000.0,100.0,0.0025,98.80743586855908,51.92976156139995,0.323,post-control
40000.0,100.0,0.0025,98.87761160426118,51.716725211269726,0.323,post-control
40000.0,100.0,0.0025,98.94778733996328,51.50368886113946,0.323,post-control
40000.0,100.0,0.0025,99.01796307566538,51.290652511009235,0.323,post-control
40000.0,100.0,0.0025,99.02319334106328,51.27477470596119,0.323,post-control
40000.0,100.0,0.0025,99.08813881136749,51.08341724715929,0.323,post-control
40000.0,100.0,0.0025,99.15831454706958,50.876649163248196,0.323,post-control
40000.0,100.0,0.0025,99.22849028277169,50.66988107933706,0.323,post-control
40000.0,100.0,0.0025,99.29866601847378,50.46311299542596,0.323,post-control
40000.0,100.0,0.0025,99.36884175417589,50.25634491151482,0.323,post-control
40000.0,100.0,0.0025,99.43901748987798,50.04957682760372,0.323,post-control
40000.0,100.0,0.0025,99.50919322558009,49.842808743692586,0.323,post-control
40000.0,100.0,0.0025,99.5793689612822,49.63604065978145,0.323,post-control
40000.0,100.0,0.0025,99.6495446969843,49.42927257587035,0.323,post-control
40000.0,100.0,0.0025,99.7197204326864,49.222504491959214,0.323,post-control
40000.0,100.0,0.0025,99.7898961683885,49.01573640804812,0.323,post-control
40000.0,100.0,0.0025,99.8600719040906,48.80896832413698,0.323,post-control
40000.0,100.0,0.0025,99.9302476397927,48.60220024022588,0.323,post-control
40000.0,100.0,0.0025,100.0004233754948,48.39543215631475,0.323,post-control
40000.0,100.0,0.0025,100.02319334106328,48.32834198470185,0.323,post-control
40000.0,100.0,0.0025,100.0705991111969,48.19333362508194,0.323,post-control
40000.0,100.0,0.0025,100.140774846899,47.99347797595828,0.323,post-control
40000.0,100.0,0.0025,100.21095058260111,47.79362232683462,0.323,post-control
40000.0,100.0,0.0025,100.28112631830321,47.593766677711,0.323,post-control
40000.0,100.0,0.0025,100.35130205400532,47.39391102858734,0.323,post-control
40000.0,100.0,0.0025,100.42147778970741,47.19405537946373,0.323,post-control
40000.0,100.0,0.0025,100.49165352540952,46.994199730340064,0.323,post-control
40000.0,100.0,0.0025,100.56182926111161,46.794344081216444,0.323,post-control
40000.0,100.0,0.0025,100.63200499681372,46.59448843209279,0.323,post-control
40000.0,100.0,0.0025,100.70218073251581,46.39463278296917,0.323,post-control
40000.0,100.0,0.0025,100.77235646821792,46.194777133845506,0.323,post-control
40000.0,100.0,0.0025,100.84253220392002,45.99492148472189,0.323,post-control
40000.0,100.0,0.0025,100.91270793962212,45.79506583559823,0.323,post-control
40000.0,100.0,0.0025,100.98288367532423,45.595210186474574,0.323,post-control
40000.0,100.0,0.0025,101.02319334106328,45.480411042131685,0.323,post-control
40000.0,100.0,0.0025,101.05305941102633,45.398509101165324,0.323,post-control
40000.0,100.0,0.0025,101.12323514672843,45.20606567054805,0.323,post-control
40000.0,100.0,0.0025,101.19341088243053,45.01362223993081,0.323,post-control
40000.0,100.0,0.0025,101.26358661813263,44.82117880931353,0.323,post-control
40000.0,100.0,0.0025,101.33376235383473,44.62873537869629,0.323,post-control
40000.0,100.0,0.0025,101.40393808953684,44.43629194807901,0.323,post-control
40000.0,100.0,0.0025,101.47411382523893,44.24384851746177,0.323,post-control
40000.0,100.0,0.0025,101.54428956094104,44.0514050868445,0.323,post-control
40000.0,100.0,0.0025,101.61446529664315,43.858961656227216,0.323,post-control
40000.0,100.0,0.0025,101.68464103234524,43.66651822560998,0.323,post-control
40000.0,100.0,0.0025,101.75481676804735,43.474074794992696,0.323,post-control
40000.0,100.0,0.0025,101.82499250374944,43.28163136437546,0.323,post-control
40000.0,100.0,0.0025,101.89516823945155,43.089187933758176,0.323,post-control
40000.0,100.0,0.0025,101.96534397515364,42.89674450314094,0.323,post-control
40000.0,100.0,0.0025,102.02319334106328,42.73810376609271,0.323,post-control
40000.0,100.0,0.0025,102.03551971085575,42.70566719770005,0.323,post-control
40000.0,100.0,0.0025,102.10569544655785,42.521001307504584,0.323,post-control
40000.0,100.0,0.0025,102.17587118225995,42.33633541730908,0.323,post-control
40000.0,100.0,0.0025,102.24604691796205,42.151669527113604,0.323,post-control
40000.0,100.0,0.0025,102.31622265366416,41.9670036369181,0.323,post-control
40000.0,100.0,0.0025,102.38639838936626,41.78233774672259,0.323,post-control
40000.0,100.0,0.0025,102.45657412506836,41.59767185652712,0.323,post-control
40000.0,100.0,0.0025,102.52674986077047,41.41300596633161,0.323,post-control
40000.0,100.0,0.0025,102.59692559647256,41.22834007613614,0.323,post-control
40000.0,100.0,0.0025,102.66710133217467,41.04367418594063,0.323,post-control
40000.0,100.0,0.0025,102.73727706787676,40.85900829574516,0.323,post-control
40000.0,100.0,0.0025,102.80745280357887,40.67434240554965,0.323,post-control
40000.0,100.0,0.0025,102.87762853928096,40.48967651535418,0.323,post-control
40000.0,100.0,0.0025,102.94780427498307,40.30501062515867,0.323,post-control
40000.0,100.0,0.0025,103.01798001068518,40.12034473496317,0.323,post-control
40000.0,100.0,0.0025,103.02319334106328,40.106625971839094,0.323,post-control
40000.0,100.0,0.0025,103.08815574638727,39.94310561178003,0.323,post-control
40000.0,100.0,0.0025,103.15833148208938,39.76646249777914,0.323,post-control
40000.0,100.0,0.0025,103.22850721779147,39.589819383778284,0.323,post-control
40000.0,100.0,0.0025,103.29868295349358,39.413176269777395,0.323,post-control
40000.0,100.0,0.0025,103.36885868919568,39.23653315577654,0.323,post-control
40000.0,100.0,0.0025,103.43903442489778,39.05989004177565,0.323,post-control
40000.0,100.0,0.0025,103.50921016059988,38.8832469277748,0.323,post-control
40000.0,100.0,0.0025,103.57938589630199,38.70660381377391,0.323,post-control
40000.0,100.0,0.0025,103.6495616320041,38.52996069977302,0.323,post-control
40000.0,100.0,0.0025,103.71973736770619,38.35331758577217,0.323,post-control
40000.0,100.0,0.0025,103.7899131034083,38.17667447177128,0.323,post-control
40000.0,100.0,0.0025,103.86008883911039,38.000031357770425,0.323,post-control
40000.0,100.0,0.0025,103.9302645748125,37.823388243769536,0.323,post-control
40000.0,100.0,0.0025,104.00044031051459,37.64674512976868,0.323,post-control
40000.0,100.0,0.0025,104.02319334106328,37.58947225433866,0.323,post-control
40000.0,100.0,0.0025,104.0706160462167,37.47562065224896,0.323,post-control
40000.0,100.0,0.0025,104.1407917819188,37.30714397189809,0.323,post-control
40000.0,100.0,0.0025,104.2109675176209,37.13866729154719,0.323,post-control
40000.0,100.0,0.0025,104.281143253323,36.97019061119633,0.323,post-control
40000.0,100.0,0.0025,104.3513189890251,36.80171393084542,0.323,post-control
40000.0,100.0,0.0025,104.42149472472721,36.633237250494524,0.323,post-control
40000.0,100.0,0.0025,104.4916704604293,36.46476057014366,0.323,post-control
40000.0,100.0,0.0025,104.56184619613141,36.296283889792754,0.323,post-control
40000.0,100.0,0.0025,104.6320219318335,36.12780720944189,0.323,post-control
40000.0,100.0,0.0025,104.70219766753561,35.95933052909099,0.323,post-control
40000.0,100.0,0.0025,104.77237340323771,35.79085384874012,0.323,post-control
40000.0,100.0,0.0025,104.84254913893982,35.62237716838922,0.323,post-control
40000.0,100.0,0.0025,104.91272487464191,35.45390048803836,0.323,post-control
40000.0,100.0,0.0025,104.98290061034402,35.28542380768745,0.323,post-control
40000.0,100.0,0.0025,105.02319334106328,35.18868972366346,0.323,post-control
40000.0,100.0,0.0025,105.05307634604613,35.120446321626055,0.323,post-control
40000.0,100.0,0.0025,105.12325208174822,34.96018697195432,0.323,post-control
40000.0,100.0,0.0025,105.19342781745033,34.79992762228255,0.323,post-control
40000.0,100.0,0.0025,105.26360355315242,34.63966827261082,0.323,post-control
40000.0,100.0,0.0025,105.33377928885453,34.47940892293905,0.323,post-control
40000.0,100.0,0.0025,105.40395502455662,34.31914957326732,0.323,post-control
40000.0,100.0,0.0025,105.47413076025873,34.15889022359555,0.323,post-control
40000.0,100.0,0.0025,105.54430649596083,33.998630873923815,0.323,post-control
40000.0,100.0,0.0025,105.61448223166293,33.838371524252054,0.323,post-control
40000.0,100.0,0.0025,105.68465796736503,33.67811217458031,0.323,post-control
40000.0,100.0,0.0025,105.75483370306713,33.51785282490855,0.323,post-control
40000.0,100.0,0.0025,105.82500943876924,33.35759347523678,0.323,post-control
40000.0,100.0,0.0025,105.89518517447134,33.19733412556505,0.323,post-control
40000.0,100.0,0.0025,105.96536091017344,33.03707477589328,0.323,post-control
40000.0,100.0,0.0025,106.02319334106328,32.905003659408166,0.323,post-control
40000.0,100.0,0.0025,106.03553664587554,32.878255683830155,0.323,post-control
40000.0,100.0,0.0025,106.10571238157765,32.726184670979166,0.323,post-control
40000.0,100.0,0.0025,106.17588811727974,32.57411365812821,0.323,post-control
40000.0,100.0,0.0025,106.24606385298185,32.42204264527723,0.323,post-control
40000.0,100.0,0.0025,106.31623958868394,32.26997163242628,0.323,post-control
40000.0,100.0,0.0025,106.38641532438605,32.117900619575295,0.323,post-control
40000.0,100.0,0.0025,106.45659106008816,31.96582960672431,0.323,post-control
40000.0,100.0,0.0025,106.52676679579025,31.813758593873356,0.323,post-control
40000.0,100.0,0.0025,106.59694253149236,31.661687581022374,0.323,post-control
40000.0,100.0,0.0025,106.66711826719445,31.50961656817142,0.323,post-control
40000.0,100.0,0.0025,106.73729400289656,31.357545555320435,0.323,post-control
40000.0,100.0,0.0025,106.80746973859866,31.20547454246948,0.323,post-control
40000.0,100.0,0.0025,106.87764547430076,31.0534035296185,0.323,post-control
40000.0,100.0,0.0025,106.94782121000286,30.901332516767546,0.323,post-control
40000.0,100.0,0.0025,107.01799694570497,30.74926150391656,0.323,post-control
40000.0,100.0,0.0025,107.02319334106328,30.738000900840493,0.323,post-control
40000.0,100.0,0.0025,107.08817268140706,30.60468506169789,0.323,post-control
40000.0,100.0,0.0025,107.15834841710917,30.460707960005575,0.323,post-control
40000.0,100.0,0.0025,107.22852415281127,30.31673085831326,0.323,post-control
40000.0,100.0,0.0025,107.29869988851337,30.172753756620978,0.323,post-control
40000.0,100.0,0.0025,107.36887562421548,30.028776654928663,0.323,post-control
40000.0,100.0,0.0025,107.43905135991757,29.88479955323638,0.323,post-control
40000.0,100.0,0.0025,107.50922709561968,29.740822451544066,0.323,post-control
40000.0,100.0,0.0025,107.57940283132177,29.59684534985178,0.323,post-control
40000.0,100.0,0.0025,107.64957856702388,29.45286824815947,0.323,post-control
40000.0,100.0,0.0025,107.71975430272597,29.308891146467182,0.323,post-control
40000.0,100.0,0.0025,107.78993003842808,29.16491404477487,0.323,post-control
40000.0,100.0,0.0025,107.86010577413019,29.020936943082557,0.323,post-control
40000.0,100.0,0.0025,107.93028150983228,28.87695984139027,0.323,post-control
40000.0,100.0,0.0025,108.00045724553439,28.73298273969796,0.323,post-control
40000.0,100.0,0.0025,108.02319334106328,28.686335887972113,0.323,post-control
40000.0,100.0,0.0025,108.07063298123649,28.594378463302213,0.323,post-control
40000.0,100.0,0.0025,108.1408087169386,28.458349186816978,0.323,post-control
40000.0,100.0,0.0025,108.21098445264069,28.322319910331775,0.323,post-control
40000.0,100.0,0.0025,108.2811601883428,28.18629063384654,0.323,post-control
40000.0,100.0,0.0025,108.35133592404489,28.050261357361336,0.323,post-control
40000.0,100.0,0.0025,108.421511659747,27.9142320808761,0.323,post-control
40000.0,100.0,0.0025,108.4916873954491,27.77820280439087,0.323,post-control
40000.0,100.0,0.0025,108.5618631311512,27.642173527905662,0.323,post-control
40000.0,100.0,0.0025,108.6320388668533,27.50614425142043,0.323,post-control
40000.0,100.0,0.0025,108.7022146025554,27.370114974935223,0.323,post-control
40000.0,100.0,0.0025,108.77239033825751,27.23408569844999,0.323,post-control
40000.0,100.0,0.0025,108.8425660739596,27.098056421964785,0.323,post-control
40000.0,100.0,0.0025,108.91274180966171,26.962027145479553,0.323,post-control
40000.0,100.0,0.0025,108.9829175453638,26.825997868994346,0.323,post-control
40000.0,100.0,0.0025,109.02319334106328,26.74792690480634,0.323,post-control
40000.0,100.0,0.0025,109.05309328106591,26.693271664025332,0.323,post-control
40000.0,100.0,0.0025,109.123269016768,26.564994760076893,0.323,post-control
40000.0,100.0,0.0025,109.19344475247011,26.436717856128425,0.323,post-control
40000.0,100.0,0.0025,109.26362048817222,26.308440952179957,0.323,post-control
40000.0,100.0,0.0025,109.33379622387432,26.180164048231514,0.323,post-control
40000.0,100.0,0.0025,109.40397195957642,26.051887144283047,0.323,post-control
40000.0,100.0,0.0025,109.47414769527852,25.923610240334607,0.323,post-control
40000.0,100.0,0.0025,109.54432343098063,25.79533333638614,0.323,post-control
40000.0,100.0,0.0025,109.61449916668272,25.667056432437697,0.323,post-control
40000.0,100.0,0.0025,109.68467490238483,25.53877952848923,0.323,post-control
40000.0,100.0,0.0025,109.75485063808692,25.410502624540786,0.323,post-control
40000.0,100.0,0.0025,109.82502637378903,25.28222572059232,0.323,post-control
40000.0,100.0,0.0025,109.89520210949114,25.153948816643855,0.323,post-control
40000.0,100.0,0.0025,109.96537784519323,25.02567191269541,0.323,post-control
40000.0,100.0,0.0025,110.02319334106328,24.919988762583,0.323,post-control
40000.0,100.0,0.0025,110.03555358089534,24.898719749231216,0.323,post-control
40000.0,100.0,0.0025,110.10572931659743,24.777964110190354,0.323,post-control
40000.0,100.0,0.0025,110.17590505229954,24.657208471149463,0.323,post-control
40000.0,100.0,0.0025,110.24608078800163,24.5364528321086,0.323,post-control
40000.0,100.0,0.0025,110.31625652370374,24.41569719306771,0.323,post-control
40000.0,100.0,0.0025,110.38643225940584,24.29494155402685,0.323,post-control
40000.0,100.0,0.0025,110.45660799510794,24.17418591498596,0.323,post-control
40000.0,100.0,0.0025,110.52678373081004,24.053430275945097,0.323,post-control
40000.0,100.0,0.0025,110.59695946651215,23.932674636904206,0.323,post-control
40000.0,100.0,0.0025,110.66713520221425,23.81191899786332,0.323,post-control
40000.0,100.0,0.0025,110.73731093791635,23.691163358822454,0.323,post-control
40000.0,100.0,0.0025,110.80748667361846,23.570407719781567,0.323,post-control
40000.0,100.0,0.0025,110.87766240932055,23.4496520807407,0.323,post-control
40000.0,100.0,0.0025,110.94783814502266,23.328896441699815,0.323,post-control
40000.0,100.0,0.0025,111.01801388072475,23.208140802658953,0.323,post-control
40000.0,100.0,0.0025,111.02319334106328,23.19922819152908,0.323,post-control
40000.0,100.0,0.0025,111.08818961642686,23.094112808802024,0.323,post-control
40000.0,100.0,0.0025,111.15836535212895,22.98062093137959,0.323,post-control
40000.0,100.0,0.0025,111.22854108783106,22.867129053957136,0.323,post-control
40000.0,100.0,0.0025,111.29871682353317,22.753637176534678,0.323,post-control
40000.0,100.0,0.0025,111.36889255923526,22.64014529911225,0.323,post-control
40000.0,100.0,0.0025,111.43906829493737,22.52665342168979,0.323,post-control
40000.0,100.0,0.0025,111.50924403063946,22.41316154426736,0.323,post-control
40000.0,100.0,0.0025,111.57941976634157,22.299669666844903,0.323,post-control
40000.0,100.0,0.0025,111.64959550204367,22.186177789422473,0.323,post-control
40000.0,100.0,0.0025,111.71977123774577,22.072685912000015,0.323,post-control
40000.0,100.0,0.0025,111.78994697344787,21.959194034577585,0.323,post-control
40000.0,100.0,0.0025,111.86012270914998,21.845702157155127,0.323,post-control
40000.0,100.0,0.0025,111.93029844485207,21.732210279732698,0.323,post-control
40000.0,100.0,0.0025,112.00047418055418,21.61871840231024,0.323,post-control
40000.0,100.0,0.0025,112.02319334106328,21.581975785309616,0.323,post-control
40000.0,100.0,0.0025,112.07064991625629,21.509951342864024,0.323,post-control
40000.0,100.0,0.0025,112.14082565195838,21.403446222833853,0.323,post-control
40000.0,100.0,0.0025,112.21100138766049,21.29694110280366,0.323,post-control
40000.0,100.0,0.0025,112.28117712336258,21.19043598277349,0.323,post-control
40000.0,100.0,0.0025,112.35135285906469,21.083930862743294,0.323,post-control
40000.0,100.0,0.0025,112.42152859476678,20.977425742713123,0.323,post-control
40000.0,100.0,0.0025,112.49170433046889,20.87092062268293,0.323,post-control
40000.0,100.0,0.0025,112.56188006617099,20.764415502652756,0.323,post-control
40000.0,100.0,0.0025,112.6320558018731,20.657910382622564,0.323,post-control
40000.0,100.0,0.0025,112.7022315375752,20.55140526259237,0.323,post-control
40000.0,100.0,0.0025,112.7724072732773,20.4449001425622,0.323,post-control
40000.0,100.0,0.0025,112.8425830089794,20.338395022532005,0.323,post-control
40000.0,100.0,0.0025,112.9127587446815,20.231889902501834,0.323,post-control
40000.0,100.0,0.0025,112.9829344803836,20.12538478247164,0.323,post-control
40000.0,100.0,0.0025,113.02319334106328,20.064284250413543,0.323,post-control
40000.0,100.0,0.0025,113.0531102160857,20.02173253654348,0.323,post-control
40000.0,100.0,0.0025,113.1232859517878,19.921919376780664,0.323,post-control
40000.0,100.0,0.0025,113.1934616874899,19.822106217017872,0.323,post-control
40000.0,100.0,0.0025,113.26363742319201,19.722293057255058,0.323,post-control
40000.0,100.0,0.0025,113.33381315889412,19.622479897492244,0.323,post-control
40000.0,100.0,0.0025,113.40398889459621,19.52266673772945,0.323,post-control
40000.0,100.0,0.0025,113.47416463029832,19.422853577966634,0.323,post-control
40000.0,100.0,0.0025,113.54434036600041,19.32304041820384,0.323,post-control
40000.0,100.0,0.0025,113.61451610170252,19.223227258441025,0.323,post-control
40000.0,100.0,0.0025,113.68469183740461,19.123414098678232,0.323,post-control
40000.0,100.0,0.0025,113.75486757310672,19.023600938915415,0.323,post-control
40000.0,100.0,0.0025,113.82504330880882,18.923787779152622,0.323,post-control
40000.0,100.0,0.0025,113.89521904451092,18.82397461938981,0.323,post-control
40000.0,100.0,0.0025,113.96539478021302,18.724161459627013,0.323,post-control
40000.0,100.0,0.0025,114.02319334106328,18.641952745596612,0.323,post-control
40000.0,100.0,0.0025,114.03557051591513,18.62547509055522,0.323,post-control
40000.0,100.0,0.0025,114.10574625161723,18.532050574943522,0.323,post-control
40000.0,100.0,0.0025,114.17592198731933,18.438626059331842,0.323,post-control
40000.0,100.0,0.0025,114.24609772302144,18.345201543720144,0.323,post-control
40000.0,100.0,0.0025,114.31627345872353,18.251777028108467,0.323,post-control
40000.0,100.0,0.0025,114.38644919442564,18.15835251249677,0.323,post-control
40000.0,100.0,0.0025,114.45662493012773,18.06492799688509,0.323,post-control
40000.0,100.0,0.0025,114.52680066582984,17.971503481273395,0.323,post-control
40000.0,100.0,0.0025,114.59697640153193,17.878078965661715,0.323,post-control
40000.0,100.0,0.0025,114.66715213723404,17.784654450050017,0.323,post-control
40000.0,100.0,0.0025,114.73732787293615,17.69122993443832,0.323,post-control
40000.0,100.0,0.0025,114.80750360863824,17.597805418826642,0.323,post-control
40000.0,100.0,0.0025,114.87767934434035,17.504380903214944,0.323,post-control
40000.0,100.0,0.0025,114.94785508004244,17.410956387603264,0.323,post-control
40000.0,100.0,0.0025,115.01803081574455,17.31753187199157,0.323,post-control
40000.0,100.0,0.0025,115.02319334106328,17.31065903450138,0.323,post-control
40000.0,100.0,0.0025,115.08820655144665,17.229741820645117,0.323,post-control
40000.0,100.0,0.0025,115.15838228714875,17.142399187050447,0.323,post-control
40000.0,100.0,0.0025,115.22855802285085,17.055056553455792,0.323,post-control
40000.0,100.0,0.0025,115.29873375855296,16.96771391986112,0.323,post-control
40000.0,100.0,0.0025,115.36890949425505,16.880371286266463,0.323,post-control
40000.0,100.0,0.0025,115.43908522995716,16.793028652671794,0.323,post-control
40000.0,100.0,0.0025,115.50926096565927,16.70568601907712,0.323,post-control
40000.0,100.0,0.0025,115.57943670136136,16.618343385482465,0.323,post-control
40000.0,100.0,0.0025,115.64961243706347,16.531000751887795,0.323,post-control
40000.0,100.0,0.0025,115.71978817276556,16.44365811829314,0.323,post-control
40000.0,100.0,0.0025,115.78996390846767,16.356315484698467,0.323,post-control
40000.0,100.0,0.0025,115.86013964416976,16.26897285110381,0.323,post-control
40000.0,100.0,0.0025,115.93031537987187,16.18163021750914,0.323,post-control
40000.0,100.0,0.0025,116.00049111557396,16.094287583914486,0.323,post-control
40000.0,100.0,0.0025,116.02319334106328,16.066031775224232,0.323,post-control
40000.0,100.0,0.0025,116.07066685127607,16.01085079980066,0.323,post-control
40000.0,100.0,0.0025,116.14084258697818,15.929281825234604,0.323,post-control
40000.0,100.0,0.0025,116.21101832268027,15.847712850668563,0.323,post-control
40000.0,100.0,0.0025,116.28119405838238,15.766143876102506,0.323,post-control
40000.0,100.0,0.0025,116.35136979408448,15.684574901536466,0.323,post-control
40000.0,100.0,0.0025,116.42154552978658,15.60300592697041,0.323,post-control
40000.0,100.0,0.0025,116.49172126548868,15.521436952404368,0.323,post-control
40000.0,100.0,0.0025,116.56189700119079,15.439867977838311,0.323,post-control
40000.0,100.0,0.0025,116.63207273689288,15.35829900327227,0.323,post-control
40000.0,100.0,0.0025,116.70224847259499,15.276730028706213,0.323,post-control
40000.0,100.0,0.0025,116.77242420829708,15.195161054140174,0.323,post-control
40000.0,100.0,0.0025,116.84259994399919,15.113592079574117,0.323,post-control
40000.0,100.0,0.0025,116.9127756797013,15.03202310500806,0.323,post-control
40000.0,100.0,0.0025,116.98295141540339,14.950454130442019,0.323,post-control
40000.0,100.0,0.0025,117.02319334106328,14.903678808775648,0.323,post-control
40000.0,100.0,0.0025,117.0531271511055,14.871216628825094,0.323,post-control
40000.0,100.0,0.0025,117.1233028868076,14.79511347465559,0.323,post-control
40000.0,100.0,0.0025,117.1934786225097,14.71901032048607,0.323,post-control
40000.0,100.0,0.0025,117.2636543582118,14.642907166316567,0.323,post-control
40000.0,100.0,0.0025,117.3338300939139,14.566804012147047,0.323,post-control
40000.0,100.0,0.0025,117.404005829616,14.490700857977544,0.323,post-control
40000.0,100.0,0.0025,117.4741815653181,14.414597703808024,0.323,post-control
40000.0,100.0,0.0025,117.54435730102021,14.338494549638506,0.323,post-control
40000.0,100.0,0.0025,117.6145330367223,14.262391395469002,0.323,post-control
40000.0,100.0,0.0025,117.68470877242441,14.186288241299483,0.323,post-control
40000.0,100.0,0.0025,117.75488450812651,14.11018508712998,0.323,post-control
40000.0,100.0,0.0025,117.82506024382862,14.03408193296046,0.323,post-control
40000.0,100.0,0.0025,117.89523597953071,13.957978778790956,0.323,post-control
40000.0,100.0,0.0025,117.96541171523282,13.881875624621436,0.323,post-control
40000.0,100.0,0.0025,118.02319334106328,13.819213453220664,0.323,post-control
40000.0,100.0,0.0025,118.03558745093491,13.806684574254575,0.323,post-control
40000.0,100.0,0.0025,118.10576318663702,13.735745772834065,0.323,post-control
40000.0,100.0,0.0025,118.17593892233913,13.664806971413554,0.323,post-control
40000.0,100.0,0.0025,118.24611465804122,13.59386816999306,0.323,post-control
40000.0,100.0,0.0025,118.31629039374333,13.52292936857255,0.323,post-control
40000.0,100.0,0.0025,118.38646612944542,13.451990567152054,0.323,post-control
40000.0,100.0,0.0025,118.45664186514753,13.381051765731543,0.323,post-control
40000.0,100.0,0.0025,118.52681760084963,13.310112964311047,0.323,post-control
40000.0,100.0,0.0025,118.59699333655173,13.239174162890537,0.323,post-control
40000.0,100.0,0.0025,118.66716907225383,13.168235361470042,0.323,post-control
40000.0,100.0,0.0025,118.73734480795594,13.097296560049532,0.323,post-control
40000.0,100.0,0.0025,118.80752054365803,13.026357758629036,0.323,post-control
40000.0,100.0,0.0025,118.87769627936014,12.955418957208526,0.323,post-control
40000.0,100.0,0.0025,118.94787201506225,12.884480155788015,0.323,post-control
40000.0,100.0,0.0025,119.01804775076434,12.813541354367521,0.323,post-control
40000.0,100.0,0.0025,119.02319334106328,12.808339812769765,0.323,post-control
40000.0,100.0,0.0025,119.08822348646645,12.747115256898118,0.323,post-control
40000.0,100.0,0.0025,119.15839922216854,12.681046232683432,0.323,post-control
40000.0,100.0,0.0025,119.22857495787065,12.614977208468732,0.323,post-control
40000.0,100.0,0.0025,119.29875069357274,12.548908184254044,0.323,post-control
40000.0,100.0,0.0025,119.36892642927485,12.482839160039344,0.323,post-control
40000.0,100.0,0.0025,119.43910216497694,12.416770135824658,0.323,post-control
40000.0,100.0,0.0025,119.50927790067905,12.350701111609958,0.323,post-control
40000.0,100.0,0.0025,119.57945363638116,12.284632087395256,0.323,post-control
40000.0,100.0,0.0025,119.64962937208325,12.21856306318057,0.323,post-control
40000.0,100.0,0.0025,119.71980510778536,12.15249403896587,0.323,post-control
40000.0,100.0,0.0025,119.78998084348746,12.086425014751182,0.323,post-control
40000.0,100.0,0.0025,119.86015657918956,12.020355990536482,0.323,post-control
40000.0,100.0,0.0025,119.93033231489166,11.954286966321796,0.323,post-control
40000.0,100.0,0.0025,120.00050805059377,11.888217942107094,0.323,post-control
40000.0,100.0,0.0025,120.02319334106328,11.866860203704324,0.323,post-control
40000.0,100.0,0.0025,120.07068378629586,11.825250036844135,0.323,post-control
40000.0,100.0,0.0025,120.14085952199797,11.763763477646796,0.323,post-control
40000.0,100.0,0.0025,120.21103525770006,11.70227691844947,0.323,post-control
40000.0,100.0,0.0025,120.28121099340217,11.640790359252131,0.323,post-control
40000.0,100.0,0.0025,120.35138672910428,11.579303800054792,0.323,post-control
40000.0,100.0,0.0025,120.42156246480637,11.517817240857465,0.323,post-control
40000.0,100.0,0.0025,120.49173820050848,11.456330681660127,0.323,post-control
40000.0,100.0,0.0025,120.56191393621057,11.3948441224628,0.323,post-control
40000.0,100.0,0.0025,120.63208967191268,11.33335756326546,0.323,post-control
40000.0,100.0,0.0025,120.70226540761477,11.271871004068135,0.323,post-control
40000.0,100.0,0.0025,120.77244114331688,11.210384444870796,0.323,post-control
40000.0,100.0,0.0025,120.84261687901898,11.148897885673469,0.323,post-control
40000.0,100.0,0.0025,120.91279261472108,11.087411326476131,0.323,post-control
40000.0,100.0,0.0025,120.98296835042319,11.025924767278791,0.323,post-control
40000.0,100.0,0.0025,121.02319334106328,10.990680444672714,0.323,post-control
40000.0,100.0,0.0025,121.05314408612529,10.966275463149572,0.323,post-control
40000.0,100.0,0.0025,121.1233198218274,10.90909366250865,0.323,post-control
40000.0,100.0,0.0025,121.19349555752949,10.85191186186774,0.323,post-control
40000.0,100.0,0.0025,121.2636712932316,10.794730061226817,0.323,post-control
40000.0,100.0,0.0025,121.33384702893369,10.737548260585907,0.323,post-control
40000.0,100.0,0.0025,121.4040227646358,10.680366459944986,0.323,post-control
40000.0,100.0,0.0025,121.47419850033789,10.623184659304076,0.323,post-control
40000.0,100.0,0.0025,121.54437423604,10.566002858663154,0.323,post-control
40000.0,100.0,0.0025,121.61454997174211,10.508821058022233,0.323,post-control
40000.0,100.0,0.0025,121.6847257074442,10.451639257381323,0.323,post-control
40000.0,100.0,0.0025,121.75490144314631,10.394457456740401,0.323,post-control
40000.0,100.0,0.0025,121.8250771788484,10.337275656099491,0.323,post-control
40000.0,100.0,0.0025,121.89525291455051,10.280093855458569,0.323,post-control
40000.0,100.0,0.0025,121.9654286502526,10.222912054817659,0.323,post-control
40000.0,100.0,0.0025,122.02319334106328,10.175843235360722,0.323,post-control
40000.0,100.0,0.0025,122.03560438595471,10.166444561695798,0.323,post-control
40000.0,100.0,0.0025,122.1057801216568,10.113301668020899,0.323,post-control
40000.0,100.0,0.0025,122.17595585735891,10.060158774345991,0.323,post-control
40000.0,100.0,0.0025,122.24613159306101,10.007015880671094,0.323,post-control
40000.0,100.0,0.0025,122.31630732876312,9.953872986996187,0.323,post-control
40000.0,100.0,0.0025,122.38648306446522,9.900730093321279,0.323,post-control
40000.0,100.0,0.0025,122.45665880016732,9.847587199646382,0.323,post-control
40000.0,100.0,0.0025,122.52683453586943,9.794444305971473,0.323,post-control
40000.0,100.0,0.0025,122.59701027157152,9.741301412296576,0.323,post-control
40000.0,100.0,0.0025,122.66718600727363,9.688158518621668,0.323,post-control
40000.0,100.0,0.0025,122.73736174297572,9.63501562494677,0.323,post-control
40000.0,100.0,0.0025,122.80753747867783,9.581872731271863,0.323,post-control
40000.0,100.0,0.0025,122.87771321437992,9.528729837596966,0.323,post-control
40000.0,100.0,0.0025,122.94788895008203,9.475586943922057,0.323,post-control
40000.0,100.0,0.0025,123.01806468578414,9.42244405024715,0.323,post-control
40000.0,100.0,0.0025,123.02319334106328,9.418560206644122,0.323,post-control
40000.0,100.0,0.0025,123.08824042148623,9.372808201956088,0.323,post-control
40000.0,100.0,0.0025,123.15841615718834,9.323448867640817,0.323,post-control
40000.0,100.0,0.0025,123.22859189289044,9.274089533325558,0.323,post-control
40000.0,100.0,0.0025,123.29876762859254,9.224730199010287,0.323,post-control
40000.0,100.0,0.0025,123.36894336429464,9.175370864695026,0.323,post-control
40000.0,100.0,0.0025,123.43911909999674,9.126011530379756,0.323,post-control
40000.0,100.0,0.0025,123.50929483569884,9.076652196064495,0.323,post-control
40000.0,100.0,0.0025,123.57947057140095,9.027292861749224,0.323,post-control
40000.0,100.0,0.0025,123.64964630710304,8.977933527433963,0.323,post-control
40000.0,100.0,0.0025,123.71982204280515,8.928574193118694,0.323,post-control
40000.0,100.0,0.0025,123.78999777850726,8.879214858803422,0.323,post-control
40000.0,100.0,0.0025,123.86017351420935,8.829855524488162,0.323,post-control
40000.0,100.0,0.0025,123.93034924991146,8.780496190172892,0.323,post-control
40000.0,100.0,0.0025,124.00052498561355,8.731136855857631,0.323,post-control
40000.0,100.0,0.0025,124.02319334106328,8.715192670537366,0.323,post-control
40000.0,100.0,0.0025,124.07070072131566,8.684173292372387,0.323,post-control
40000.0,100.0,0.0025,124.14087645701775,8.638352881476553,0.323,post-control
40000.0,100.0,0.0025,124.21105219271986,8.59253247058071,0.323,post-control
40000.0,100.0,0.0025,124.28122792842196,8.546712059684877,0.323,post-control
40000.0,100.0,0.0025,124.35140366412406,8.500891648789034,0.323,post-control
40000.0,100.0,0.0025,124.42157939982617,8.45507123789319,0.323,post-control
40000.0,100.0,0.0025,124.49175513552827,8.409250826997358,0.323,post-control
40000.0,100.0,0.0025,124.56193087123037,8.363430416101513,0.323,post-control
40000.0,100.0,0.0025,124.63210660693247,8.31761000520568,0.323,post-control
40000.0,100.0,0.0025,124.70228234263458,8.271789594309837,0.323,post-control
40000.0,100.0,0.0025,124.77245807833667,8.225969183414003,0.323,post-control
40000.0,100.0,0.0025,124.84263381403878,8.18014877251816,0.323,post-control
40000.0,100.0,0.0025,124.91280954974087,8.134328361622327,0.323,post-control
40000.0,100.0,0.0025,124.98298528544298,8.088507950726484,0.323,post-control
40000.0,100.0,0.0025,125.02319334106328,8.062254579651535,0.323,post-control
40000.0,100.0,0.0025,125.05316102114507,8.044099867051276,0.323,post-control
40000.0,100.0,0.0025,125.12333675684718,8.00158672256675,0.323,post-control
40000.0,100.0,0.0025,125.19351249254929,7.959073578082221,0.323,post-control
40000.0,100.0,0.0025,125.26368822825138,7.916560433597702,0.323,post-control
40000.0,100.0,0.0025,125.33386396395349,7.874047289113175,0.323,post-control
40000.0,100.0,0.0025,125.40403969965558,7.831534144628656,0.323,post-control
40000.0,100.0,0.0025,125.47421543535769,7.789021000144128,0.323,post-control
40000.0,100.0,0.0025,125.54439117105979,7.74650785565961,0.323,post-control
40000.0,100.0,0.0025,125.6145669067619,7.703994711175082,0.323,post-control
40000.0,100.0,0.0025,125.68474264246399,7.661481566690563,0.323,post-control
40000.0,100.0,0.0025,125.7549183781661,7.618968422206036,0.323,post-control
40000.0,100.0,0.0025,125.8250941138682,7.576455277721508,0.323,post-control
40000.0,100.0,0.0025,125.8952698495703,7.53394213323699,0.323,post-control
40000.0,100.0,0.0025,125.9654455852724,7.491428988752462,0.323,post-control
40000.0,100.0,0.0025,126.02319334106328,7.456444835597075,0.323,post-control
40000.0,100.0,0.0025,126.0356213209745,7.4494626763972365,0.323,post-control
40000.0,100.0,0.0025,126.10579705667661,7.410037270004727,0.323,post-control
40000.0,100.0,0.0025,126.1759727923787,7.3706118636122255,0.323,post-control
40000.0,100.0,0.0025,126.24614852808081,7.331186457219716,0.323,post-control
40000.0,100.0,0.0025,126.3163242637829,7.291761050827215,0.323,post-control
40000.0,100.0,0.0025,126.38649999948501,7.252335644434705,0.323,post-control
40000.0,100.0,0.0025,126.45667573518712,7.212910238042196,0.323,post-control
40000.0,100.0,0.0025,126.52685147088921,7.173484831649694,0.323,post-control
40000.0,100.0,0.0025,126.59702720659132,7.134059425257184,0.323,post-control
40000.0,100.0,0.0025,126.66720294229341,7.094634018864682,0.323,post-control
40000.0,100.0,0.0025,126.73737867799552,7.055208612472173,0.323,post-control
40000.0,100.0,0.0025,126.80755441369762,7.015783206079671,0.323,post-control
40000.0,100.0,0.0025,126.87773014939972,6.976357799687162,0.323,post-control
40000.0,100.0,0.0025,126.94790588510182,6.9369323932946605,0.323,post-control
40000.0,100.0,0.0025,127.01808162080393,6.897506986902151,0.323,post-control
40000.0,100.0,0.0025,127.02319334106328,6.894635173068304,0.323,post-control
40000.0,100.0,0.0025,127.08825735650602,6.860750979619909,0.323,post-control
40000.0,100.0,0.0025,127.15843309220813,6.8242046922791575,0.323,post-control
40000.0,100.0,0.0025,127.22860882791024,6.787658404938406,0.323,post-control
40000.0,100.0,0.0025,127.29878456361233,6.751112117597661,0.323,post-control
40000.0,100.0,0.0025,127.36896029931444,6.71456583025691,0.323,post-control
40000.0,100.0,0.0025,127.43913603501653,6.678019542916165,0.323,post-control
40000.0,100.0,0.0025,127.50931177071864,6.641473255575413,0.323,post-control
40000.0,100.0,0.0025,127.57948750642073,6.604926968234668,0.323,post-control
40000.0,100.0,0.0025,127.64966324212284,6.568380680893917,0.323,post-control
40000.0,100.0,0.0025,127.71983897782494,6.531834393553172,0.323,post-control
40000.0,100.0,0.0025,127.79001471352704,6.495288106212421,0.323,post-control
40000.0,100.0,0.0025,127.86019044922915,6.458741818871669,0.323,post-control
40000.0,100.0,0.0025,127.93036618493124,6.4221955315309245,0.323,post-control
40000.0,100.0,0.0025,128.00054192063334,6.38564924419018,0.323,post-control
40000.0,100.0,0.0025,128.0231933410633,6.373852783327649,0.323,post-control
40000.0,100.0,0.0025,128.07071765633546,6.350919186382255,0.323,post-control
40000.0,100.0,0.0025,128.14089339203755,6.317054794465791,0.323,post-control
40000.0,100.0,0.0025,128.21106912773965,6.283190402549327,0.323,post-control
40000.0,100.0,0.0025,128.28124486344174,6.2493260106328625,0.323,post-control
40000.0,100.0,0.0025,128.35142059914386,6.215461618716385,0.323,post-control
40000.0,100.0,0.0025,128.42159633484596,6.181597226799921,0.323,post-control
40000.0,100.0,0.0025,128.49177207054805,6.147732834883458,0.323,post-control
40000.0,100.0,0.0025,128.56194780625017,6.11386844296698,0.323,post-control
40000.0,100.0,0.0025,128.63212354195227,6.0800040510505164,0.323,post-control
40000.0,100.0,0.0025,128.70229927765436,6.046139659134052,0.323,post-control
40000.0,100.0,0.0025,128.77247501335646,6.012275267217588,0.323,post-control
40000.0,100.0,0.0025,128.84265074905858,5.978410875301111,0.323,post-control
40000.0,100.0,0.0025,128.91282648476067,5.944546483384647,0.323,post-control
40000.0,100.0,0.0025,128.98300222046277,5.910682091468183,0.323,post-control
40000.0,100.0,0.0025,129.0231933410633,5.891287241582235,0.323,post-control
40000.0,100.0,0.0025,129.05317795616486,5.877884760105038,0.323,post-control
40000.0,100.0,0.0025,129.12335369186698,5.846517707544567,0.323,post-control
40000.0,100.0,0.0025,129.19352942756908,5.81515065498411,0.323,post-control
40000.0,100.0,0.0025,129.26370516327117,5.783783602423651,0.323,post-control
40000.0,100.0,0.0025,129.3338808989733,5.752416549863181,0.323,post-control
40000.0,100.0,0.0025,129.40405663467538,5.721049497302723,0.323,post-control
40000.0,100.0,0.0025,129.47423237037748,5.689682444742265,0.323,post-control
40000.0,100.0,0.0025,129.54440810607957,5.658315392181807,0.323,post-control
40000.0,100.0,0.0025,129.6145838417817,5.626948339621336,0.323,post-control
40000.0,100.0,0.0025,129.6847595774838,5.595581287060878,0.323,post-control
40000.0,100.0,0.0025,129.75493531318588,5.564214234500421,0.323,post-control
40000.0,100.0,0.0025,129.82511104888798,5.532847181939962,0.323,post-control
40000.0,100.0,0.0025,129.8952867845901,5.501480129379492,0.323,post-control
40000.0,100.0,0.0025,129.9654625202922,5.470113076819034,0.323,post-control
40000.0,100.0,0.0025,130.0231933410633,5.444308634993547,0.323,post-control
40000.0,100.0,0.0025,130.0356382559943,5.439158042602094,0.323,post-control
40000.0,100.0,0.0025,130.1058139916964,5.410114323751776,0.323,post-control
40000.0,100.0,0.0025,130.1759897273985,5.381070604901469,0.323,post-control
40000.0,100.0,0.0025,130.2461654631006,5.352026886051162,0.323,post-control
40000.0,100.0,0.0025,130.3163411988027,5.322983167200855,0.323,post-control
40000.0,100.0,0.0025,130.3865169345048,5.293939448350536,0.323,post-control
40000.0,100.0,0.0025,130.4566926702069,5.264895729500229,0.323,post-control
40000.0,100.0,0.0025,130.526868405909,5.235852010649922,0.323,post-control
40000.0,100.0,0.0025,130.59704414161112,5.206808291799603,0.323,post-control
40000.0,100.0,0.0025,130.66721987731322,5.177764572949297,0.323,post-control
40000.0,100.0,0.0025,130.7373956130153,5.14872085409899,0.323,post-control
40000.0,100.0,0.0025,130.8075713487174,5.119677135248683,0.323,post-control
40000.0,100.0,0.0025,130.87774708441952,5.090633416398363,0.323,post-control
40000.0,100.0,0.0025,130.94792282012162,5.061589697548056,0.323,post-control
40000.0,100.0,0.0025,131.0180985558237,5.032545978697749,0.323,post-control
40000.0,100.0,0.0025,131.0231933410633,5.030437393606043,0.323,post-control
40000.0,100.0,0.0025,131.0882742915258,5.005504746709047,0.323,post-control
40000.0,100.0,0.0025,131.15845002722793,4.978620277036072,0.323,post-control
40000.0,100.0,0.0025,131.22862576293002,4.951735807363107,0.323,post-control
40000.0,100.0,0.0025,131.29880149863212,4.924851337690143,0.323,post-control
40000.0,100.0,0.0025,131.36897723433424,4.897966868017168,0.323,post-control
40000.0,100.0,0.0025,131.43915297003633,4.871082398344203,0.323,post-control
40000.0,100.0,0.0025,131.50932870573843,4.844197928671239,0.323,post-control
40000.0,100.0,0.0025,131.57950444144052,4.8173134589982745,0.323,post-control
40000.0,100.0,0.0025,131.64968017714264,4.790428989325299,0.323,post-control
40000.0,100.0,0.0025,131.71985591284474,4.763544519652335,0.323,post-control
40000.0,100.0,0.0025,131.79003164854683,4.7366600499793705,0.323,post-control
40000.0,100.0,0.0025,131.86020738424892,4.709775580306406,0.323,post-control
40000.0,100.0,0.0025,131.93038311995105,4.682891110633431,0.323,post-control
40000.0,100.0,0.0025,132.00055885565314,4.656006640960467,0.323,post-control
40000.0,100.0,0.0025,132.0231933410633,4.647335322726546,0.323,post-control
40000.0,100.0,0.0025,132.07073459135523,4.630480915879319,0.323,post-control
40000.0,100.0,0.0025,132.14091032705736,4.605602091846214,0.323,post-control
40000.0,100.0,0.0025,132.21108606275945,4.58072326781312,0.323,post-control
40000.0,100.0,0.0025,132.28126179846154,4.555844443780026,0.323,post-control
40000.0,100.0,0.0025,132.35143753416364,4.53096561974693,0.323,post-control
40000.0,100.0,0.0025,132.42161326986576,4.506086795713826,0.323,post-control
40000.0,100.0,0.0025,132.49178900556785,4.481207971680731,0.323,post-control
40000.0,100.0,0.0025,132.56196474126995,4.4563291476476365,0.323,post-control
40000.0,100.0,0.0025,132.63214047697204,4.431450323614542,0.323,post-control
40000.0,100.0,0.0025,132.70231621267416,4.406571499581437,0.323,post-control
40000.0,100.0,0.0025,132.77249194837626,4.381692675548343,0.323,post-control
40000.0,100.0,0.0025,132.84266768407835,4.356813851515248,0.323,post-control
40000.0,100.0,0.0025,132.91284341978047,4.331935027482143,0.323,post-control
40000.0,100.0,0.0025,132.98301915548257,4.307056203449049,0.323,post-control
40000.0,100.0,0.0025,133.0231933410633,4.292813581213085,0.323,post-control
40000.0,100.0,0.0025,133.05319489118466,4.282973779403486,0.323,post-control
40000.0,100.0,0.0025,133.12337062688675,4.259957790950955,0.323,post-control
40000.0,100.0,0.0025,133.19354636258888,4.236941802498416,0.323,post-control
40000.0,100.0,0.0025,133.26372209829097,4.2139258140458855,0.323,post-control
40000.0,100.0,0.0025,133.33389783399306,4.190909825593355,0.323,post-control
40000.0,100.0,0.0025,133.40407356969519,4.167893837140815,0.323,post-control
40000.0,100.0,0.0025,133.47424930539728,4.144877848688285,0.323,post-control
40000.0,100.0,0.0025,133.54442504109937,4.121861860235755,0.323,post-control
40000.0,100.0,0.0025,133.61460077680147,4.098845871783224,0.323,post-control
40000.0,100.0,0.0025,133.6847765125036,4.075829883330684,0.323,post-control
40000.0,100.0,0.0025,133.75495224820568,4.052813894878154,0.323,post-control
40000.0,100.0,0.0025,133.82512798390778,4.029797906425624,0.323,post-control
40000.0,100.0,0.0025,133.89530371960987,4.006781917973093,0.323,post-control
40000.0,100.0,0.0025,133.965479455312,3.9837659295205534,0.323,post-control
40000.0,100.0,0.0025,134.0231933410633,3.9648371343363955,0.323,post-control
40000.0,100.0,0.0025,134.0356551910141,3.9610569211975193,0.323,post-control
40000.0,100.0,0.0025,134.10583092671618,3.9397696131992057,0.323,post-control
40000.0,100.0,0.0025,134.1760066624183,3.918482305200884,0.323,post-control
40000.0,100.0,0.0025,134.2461823981204,3.8971949972025706,0.323,post-control
40000.0,100.0,0.0025,134.3163581338225,3.8759076892042574,0.323,post-control
40000.0,100.0,0.0025,134.38653386952458,3.854620381205944,0.323,post-control
40000.0,100.0,0.0025,134.4567096052267,3.833333073207622,0.323,post-control
40000.0,100.0,0.0025,134.5268853409288,3.8120457652093087,0.323,post-control
40000.0,100.0,0.0025,134.5970610766309,3.790758457210995,0.323,post-control
40000.0,100.0,0.0025,134.667236812333,3.769471149212682,0.323,post-control
40000.0,100.0,0.0025,134.7374125480351,3.74818384121436,0.323,post-control
40000.0,100.0,0.0025,134.8075882837372,3.7268965332160464,0.323,post-control
40000.0,100.0,0.0025,134.8777640194393,3.7056092252177333,0.323,post-control
40000.0,100.0,0.0025,134.94793975514142,3.6843219172194113,0.323,post-control
40000.0,100.0,0.0025,135.0181154908435,3.663034609221098,0.323,post-control
40000.0,100.0,0.0025,135.0231933410633,3.6614942796397085,0.323,post-control
40000.0,100.0,0.0025,135.0882912265456,3.6432341751077875,0.323,post-control
40000.0,100.0,0.0025,135.1584669622477,3.6235497220717083,0.323,post-control
40000.0,100.0,0.0025,135.22864269794982,3.6038652690356217,0.323,post-control
40000.0,100.0,0.0025,135.29881843365192,3.5841808159995425,0.323,post-control
40000.0,100.0,0.0025,135.368994169354,3.564496362963464,0.323,post-control
40000.0,100.0,0.0025,135.43916990505613,3.5448119099273767,0.323,post-control
40000.0,100.0,0.0025,135.50934564075823,3.525127456891298,0.323,post-control
40000.0,100.0,0.0025,135.57952137646032,3.505443003855219,0.323,post-control
40000.0,100.0,0.0025,135.64969711216241,3.48575855081914,0.323,post-control
40000.0,100.0,0.0025,135.71987284786454,3.466074097783053,0.323,post-control
40000.0,100.0,0.0025,135.79004858356663,3.4463896447469744,0.323,post-control
40000.0,100.0,0.0025,135.86022431926872,3.4267051917108953,0.323,post-control
40000.0,100.0,0.0025,135.93040005497082,3.4070207386748166,0.323,post-control
40000.0,100.0,0.0025,136.00057579067294,3.38733628563873,0.323,post-control
40000.0,100.0,0.0025,136.0231933410633,3.3809920114534187,0.323,post-control
40000.0,100.0,0.0025,136.07075152637503,3.368658757394467,0.323,post-control
40000.0,100.0,0.0025,136.14092726207713,3.350460098814153,0.323,post-control
40000.0,100.0,0.0025,136.21110299777925,3.3322614402338306,0.323,post-control
40000.0,100.0,0.0025,136.28127873348134,3.314062781653516,0.323,post-control
40000.0,100.0,0.0025,136.35145446918344,3.2958641230732018,0.323,post-control
40000.0,100.0,0.0025,136.42163020488553,3.277665464492887,0.323,post-control
40000.0,100.0,0.0025,136.49180594058765,3.2594668059125653,0.323,post-control
40000.0,100.0,0.0025,136.56198167628975,3.2412681473322507,0.323,post-control
40000.0,100.0,0.0025,136.63215741199184,3.223069488751936,0.323,post-control
40000.0,100.0,0.0025,136.70233314769393,3.2048708301716213,0.323,post-control
40000.0,100.0,0.0025,136.77250888339606,3.1866721715912996,0.323,post-control
40000.0,100.0,0.0025,136.84268461909815,3.168473513010985,0.323,post-control
40000.0,100.0,0.0025,136.91286035480024,3.1502748544306702,0.323,post-control
40000.0,100.0,0.0025,136.98303609050237,3.1320761958503485,0.323,post-control
40000.0,100.0,0.0025,137.0231933410633,3.1216622246226753,0.323,post-control
40000.0,100.0,0.0025,137.05321182620446,3.1144667797467,0.323,post-control
40000.0,100.0,0.0025,137.12338756190655,3.0976456231992993,0.323,post-control
40000.0,100.0,0.0025,137.19356329760865,3.080824466651899,0.323,post-control
40000.0,100.0,0.0025,137.26373903331077,3.0640033101044915,0.323,post-control
40000.0,100.0,0.0025,137.33391476901286,3.0471821535570913,0.323,post-control
40000.0,100.0,0.0025,137.40409050471496,3.0303609970096907,0.323,post-control
40000.0,100.0,0.0025,137.47426624041705,3.01353984046229,0.323,post-control
40000.0,100.0,0.0025,137.54444197611917,2.996718683914883,0.323,post-control
40000.0,100.0,0.0025,137.61461771182127,2.9798975273674824,0.323,post-control
40000.0,100.0,0.0025,137.68479344752336,2.9630763708200822,0.323,post-control
40000.0,100.0,0.0025,137.75496918322548,2.946255214272675,0.323,post-control
40000.0,100.0,0.0025,137.82514491892758,2.9294340577252744,0.323,post-control
40000.0,100.0,0.0025,137.89532065462967,2.912612901177874,0.323,post-control
40000.0,100.0,0.0025,137.96549639033177,2.8957917446304733,0.323,post-control
40000.0,100.0,0.0025,138.0231933410633,2.8819617586552257,0.323,post-control
40000.0,100.0,0.0025,138.0356721260339,2.8791975001735377,0.323,post-control
40000.0,100.0,0.0025,138.10584786173598,2.8636524071953113,0.323,post-control
40000.0,100.0,0.0025,138.17602359743807,2.8481073142170845,0.323,post-control
40000.0,100.0,0.0025,138.2461993331402,2.832562221238852,0.323,post-control
40000.0,100.0,0.0025,138.3163750688423,2.8170171282606256,0.323,post-control
40000.0,100.0,0.0025,138.38655080454438,2.801472035282399,0.323,post-control
40000.0,100.0,0.0025,138.45672654024648,2.785926942304173,0.323,post-control
40000.0,100.0,0.0025,138.5269022759486,2.77038184932594,0.323,post-control
40000.0,100.0,0.0025,138.5970780116507,2.7548367563477134,0.323,post-control
40000.0,100.0,0.0025,138.6672537473528,2.739291663369487,0.323,post-control
40000.0,100.0,0.0025,138.73742948305488,2.7237465703912607,0.323,post-control
40000.0,100.0,0.0025,138.807605218757,2.7082014774130276,0.323,post-control
40000.0,100.0,0.0025,138.8777809544591,2.6926563844348013,0.323,post-control
40000.0,100.0,0.0025,138.9479566901612,2.677111291456575,0.323,post-control
40000.0,100.0,0.0025,139.0181324258633,2.6615661984783423,0.323,post-control
40000.0,100.0,0.0025,139.0231933410633,2.6604451215626326,0.323,post-control
40000.0,100.0,0.0025,139.0883081615654,2.6471171482552247,0.323,post-control
40000.0,100.0,0.0025,139.1584838972675,2.632753285695935,0.323,post-control
40000.0,100.0,0.0025,139.2286596329696,2.618389423136646,0.323,post-control
40000.0,100.0,0.0025,139.29883536867172,2.6040255605773504,0.323,post-control
40000.0,100.0,0.0025,139.3690111043738,2.5896616980180607,0.323,post-control
40000.0,100.0,0.0025,139.4391868400759,2.5752978354587714,0.323,post-control
40000.0,100.0,0.0025,139.509362575778,2.5609339728994818,0.323,post-control
40000.0,100.0,0.0025,139.57953831148012,2.5465701103401863,0.323,post-control
40000.0,100.0,0.0025,139.64971404718221,2.532206247780897,0.323,post-control
40000.0,100.0,0.0025,139.7198897828843,2.5178423852216074,0.323,post-control
40000.0,100.0,0.0025,139.79006551858643,2.503478522662312,0.323,post-control
40000.0,100.0,0.0025,139.86024125428852,2.4891146601030227,0.323,post-control
40000.0,100.0,0.0025,139.93041698999062,2.474750797543733,0.323,post-control
40000.0,100.0,0.0025,140.0005927256927,2.4603869349844434,0.323,post-control
40000.0,100.0,0.0025,140.0231933410633,2.4557609466753725,0.323,post-control
40000.0,100.0,0.0025,140.07076846139483,2.446764207324446,0.323,post-control
40000.0,100.0,0.0025,140.14094419709693,2.433493556646709,0.323,post-control
40000.0,100.0,0.0025,140.21111993279902,2.4202229059689717,0.323,post-control
40000.0,100.0,0.0025,140.28129566850114,2.4069522552912295,0.323,post-control
40000.0,100.0,0.0025,140.35147140420324,2.393681604613492,0.323,post-control
40000.0,100.0,0.0025,140.42164713990533,2.380410953935755,0.323,post-control
40000.0,100.0,0.0025,140.49182287560743,2.367140303258018,0.323,post-control
40000.0,100.0,0.0025,140.56199861130955,2.3538696525802756,0.323,post-control
40000.0,100.0,0.0025,140.63217434701164,2.3405990019025382,0.323,post-control
40000.0,100.0,0.0025,140.70235008271374,2.3273283512248013,0.323,post-control
40000.0,100.0,0.0025,140.77252581841583,2.314057700547064,0.323,post-control
40000.0,100.0,0.0025,140.84270155411795,2.3007870498693217,0.323,post-control
40000.0,100.0,0.0025,140.91287728982005,2.2875163991915843,0.323,post-control
40000.0,100.0,0.0025,140.98305302552214,2.2742457485138474,0.323,post-control
40000.0,100.0,0.0025,141.0231933410633,2.26665497514594,0.323,post-control
40000.0,100.0,0.0025,141.05322876122426,2.2614083481188083,0.323,post-control
40000.0,100.0,0.0025,141.12340449692636,2.24914995753828,0.323,post-control
40000.0,100.0,0.0025,141.19358023262845,2.2368915669577514,0.323,post-control
40000.0,100.0,0.0025,141.26375596833054,2.224633176377223,0.323,post-control
40000.0,100.0,0.0025,141.33393170403266,2.2123747857966896,0.323,post-control
40000.0,100.0,0.0025,141.40410743973476,2.200116395216161,0.323,post-control
40000.0,100.0,0.0025,141.47428317543685,2.1878580046356326,0.323,post-control
40000.0,100.0,0.0025,141.54445891113895,2.175599614055104,0.323,post-control
40000.0,100.0,0.0025,141.61463464684107,2.163341223474571,0.323,post-control
40000.0,100.0,0.0025,141.68481038254316,2.1510828328940423,0.323,post-control
40000.0,100.0,0.0025,141.75498611824526,2.1388244423135143,0.323,post-control
40000.0,100.0,0.0025,141.82516185394738,2.1265660517329805,0.323,post-control
40000.0,100.0,0.0025,141.89533758964947,2.114307661152452,0.323,post-control
40000.0,100.0,0.0025,141.96551332535157,2.102049270571924,0.323,post-control
40000.0,100.0,0.0025,142.0231933410633,2.0919736489313197,0.323,post-control
40000.0,100.0,0.0025,142.03568906105366,2.0899576645760014,0.323,post-control
40000.0,100.0,0.0025,142.10586479675578,2.0786359331825746,0.323,post-control
40000.0,100.0,0.0025,142.17604053245788,2.067314201789152,0.323,post-control
40000.0,100.0,0.0025,142.24621626815997,2.05599247039573,0.323,post-control
40000.0,100.0,0.0025,142.31639200386206,2.044670739002308,0.323,post-control
40000.0,100.0,0.0025,142.38656773956419,2.033349007608881,0.323,post-control
40000.0,100.0,0.0025,142.45674347526628,2.0220272762154585,0.323,post-control
40000.0,100.0,0.0025,142.52691921096837,2.0107055448220366,0.323,post-control
40000.0,100.0,0.0025,142.5970949466705,1.9993838134286097,0.323,post-control
40000.0,100.0,0.0025,142.6672706823726,1.9880620820351873,0.323,post-control
40000.0,100.0,0.0025,142.73744641807468,1.9767403506417651,0.323,post-control
40000.0,100.0,0.0025,142.80762215377678,1.965418619248343,0.323,post-control
40000.0,100.0,0.0025,142.8777978894789,1.954096887854916,0.323,post-control
40000.0,100.0,0.0025,142.947973625181,1.9427751564614937,0.323,post-control
40000.0,100.0,0.0025,143.0181493608831,1.9314534250680715,0.323,post-control
40000.0,100.0,0.0025,143.0231933410633,1.9306396596236102,0.323,post-control
40000.0,100.0,0.0025,143.0883250965852,1.9209355049355785,0.323,post-control
40000.0,100.0,0.0025,143.1585008322873,1.9104798341319509,0.323,post-control
40000.0,100.0,0.0025,143.2286765679894,1.9000241633283232,0.323,post-control
40000.0,100.0,0.0025,143.2988523036915,1.8895684925246954,0.323,post-control
40000.0,100.0,0.0025,143.3690280393936,1.8791128217210635,0.323,post-control
40000.0,100.0,0.0025,143.4392037750957,1.8686571509174357,0.323,post-control
40000.0,100.0,0.0025,143.5093795107978,1.858201480113808,0.323,post-control
40000.0,100.0,0.0025,143.5795552464999,1.8477458093101804,0.323,post-control
40000.0,100.0,0.0025,143.64973098220202,1.8372901385065483,0.323,post-control
40000.0,100.0,0.0025,143.7199067179041,1.8268344677029207,0.323,post-control
40000.0,100.0,0.0025,143.7900824536062,1.8163787968992928,0.323,post-control
40000.0,100.0,0.0025,143.86025818930833,1.805923126095661,0.323,post-control
40000.0,100.0,0.0025,143.93043392501042,1.795467455292033,0.323,post-control
40000.0,100.0,0.0025,144.0006096607125,1.7850117844884055,0.323,post-control
40000.0,100.0,0.0025,144.0231933410633,1.7816469814703868,0.323,post-control
40000.0,100.0,0.0025,144.0707853964146,1.7750989911778714,0.323,post-control
40000.0,100.0,0.0025,144.14096113211673,1.7654438074974104,0.323,post-control
40000.0,100.0,0.0025,144.21113686781882,1.7557886238169533,0.323,post-control
40000.0,100.0,0.0025,144.28131260352092,1.7461334401364963,0.323,post-control
40000.0,100.0,0.0025,144.351488339223,1.736478256456039,0.323,post-control
40000.0,100.0,0.0025,144.42166407492513,1.7268230727755782,0.323,post-control
40000.0,100.0,0.0025,144.49183981062723,1.717167889095121,0.323,post-control
40000.0,100.0,0.0025,144.56201554632932,1.707512705414664,0.323,post-control
40000.0,100.0,0.0025,144.63219128203144,1.697857521734203,0.323,post-control
40000.0,100.0,0.0025,144.70236701773354,1.6882023380537459,0.323,post-control
40000.0,100.0,0.0025,144.77254275343563,1.6785471543732888,0.323,post-control
40000.0,100.0,0.0025,144.84271848913772,1.6688919706928318,0.323,post-control
40000.0,100.0,0.0025,144.91289422483985,1.6592367870123708,0.323,post-control
40000.0,100.0,0.0025,144.98306996054194,1.6495816033319137,0.323,post-control
40000.0,100.0,0.0025,145.0231933410633,1.6440611965283558,0.323,post-control
40000.0,100.0,0.0025,145.05324569624403,1.6402434928427192,0.323,post-control
40000.0,100.0,0.0025,145.12342143194616,1.6313287118473205,0.323,post-control
40000.0,100.0,0.0025,145.19359716764825,1.6224139308519256,0.323,post-control
40000.0,100.0,0.0025,145.26377290335034,1.6134991498565308,0.323,post-control
40000.0,100.0,0.0025,145.33394863905244,1.6045843688611359,0.323,post-control
40000.0,100.0,0.0025,145.40412437475456,1.5956695878657374,0.323,post-control
40000.0,100.0,0.0025,145.47430011045665,1.5867548068703423,0.323,post-control
40000.0,100.0,0.0025,145.54447584615875,1.5778400258749474,0.323,post-control
40000.0,100.0,0.0025,145.61465158186084,1.5689252448795525,0.323,post-control
40000.0,100.0,0.0025,145.68482731756296,1.560010463884154,0.323,post-control
40000.0,100.0,0.0025,145.75500305326506,1.551095682888759,0.323,post-control
40000.0,100.0,0.0025,145.82517878896715,1.542180901893364,0.323,post-control
40000.0,100.0,0.0025,145.89535452466927,1.5332661208979657,0.323,post-control
40000.0,100.0,0.0025,145.96553026037137,1.5243513399025708,0.323,post-control
40000.0,100.0,0.0025,146.0231933410633,1.5170261051794105,0.323,post-control
40000.0,100.0,0.0025,146.03570599607346,1.5155586492835098,0.323,post-control
40000.0,100.0,0.0025,146.10588173177555,1.5073285976260866,0.323,post-control
40000.0,100.0,0.0025,146.17605746747768,1.49909854596866,0.323,post-control
40000.0,100.0,0.0025,146.24623320317977,1.4908684943112371,0.323,post-control
40000.0,100.0,0.0025,146.31640893888186,1.482638442653814,0.323,post-control
40000.0,100.0,0.0025,146.38658467458396,1.474408390996391,0.323,post-control
40000.0,100.0,0.0025,146.45676041028608,1.4661783393389645,0.323,post-control
40000.0,100.0,0.0025,146.52693614598817,1.4579482876815413,0.323,post-control
40000.0,100.0,0.0025,146.59711188169027,1.4497182360241183,0.323,post-control
40000.0,100.0,0.0025,146.6672876173924,1.4414881843666918,0.323,post-control
40000.0,100.0,0.0025,146.73746335309448,1.4332581327092688,0.323,post-control
40000.0,100.0,0.0025,146.80763908879658,1.4250280810518456,0.323,post-control
40000.0,100.0,0.0025,146.87781482449867,1.4167980293944225,0.323,post-control
40000.0,100.0,0.0025,146.9479905602008,1.4085679777369962,0.323,post-control
40000.0,100.0,0.0025,147.0181662959029,1.400337926079573,0.323,post-control
40000.0,100.0,0.0025,147.0231933410633,1.3997483655863285,0.323,post-control
40000.0,100.0,0.0025,147.08834203160498,1.3926952466667204,0.323,post-control
40000.0,100.0,0.0025,147.15851776730707,1.385097890448776,0.323,post-control
40000.0,100.0,0.0025,147.2286935030092,1.3775005342308284,0.323,post-control
40000.0,100.0,0.0025,147.2988692387113,1.369903178012884,0.323,post-control
40000.0,100.0,0.0025,147.36904497441338,1.3623058217949395,0.323,post-control
40000.0,100.0,0.0025,147.4392207101155,1.3547084655769919,0.323,post-control
40000.0,100.0,0.0025,147.5093964458176,1.3471111093590475,0.323,post-control
40000.0,100.0,0.0025,147.5795721815197,1.339513753141103,0.323,post-control
40000.0,100.0,0.0025,147.6497479172218,1.3319163969231584,0.323,post-control
40000.0,100.0,0.0025,147.7199236529239,1.324319040705211,0.323,post-control
40000.0,100.0,0.0025,147.790099388626,1.3167216844872665,0.323,post-control
40000.0,100.0,0.0025,147.8602751243281,1.3091243282693221,0.323,post-control
40000.0,100.0,0.0025,147.93045086003022,1.3015269720513745,0.323,post-control
40000.0,100.0,0.0025,148.0006265957323,1.29392961583343,0.323,post-control
40000.0,100.0,0.0025,148.0231933410633,1.291486497834826,0.323,post-control
40000.0,100.0,0.0025,148.0708023314344,1.2867286669670273,0.323,post-control
40000.0,100.0,0.0025,148.1409780671365,1.2797156158837921,0.323,post-control
40000.0,100.0,0.0025,148.21115380283862,1.272702564800554,0.323,post-control
40000.0,100.0,0.0025,148.28132953854072,1.2656895137173187,0.323,post-control
40000.0,100.0,0.0025,148.3515052742428,1.2586764626340836,0.323,post-control
40000.0,100.0,0.0025,148.4216810099449,1.2516634115508483,0.323,post-control
40000.0,100.0,0.0025,148.49185674564703,1.2446503604676102,0.323,post-control
40000.0,100.0,0.0025,148.56203248134912,1.237637309384375,0.323,post-control
40000.0,100.0,0.0025,148.63220821705121,1.2306242583011398,0.323,post-control
40000.0,100.0,0.0025,148.70238395275334,1.2236112072179017,0.323,post-control
40000.0,100.0,0.0025,148.77255968845543,1.2165981561346664,0.323,post-control
40000.0,100.0,0.0025,148.84273542415752,1.2095851050514312,0.323,post-control
40000.0,100.0,0.0025,148.91291115985962,1.2025720539681959,0.323,post-control
40000.0,100.0,0.0025,148.98308689556174,1.1955590028849579,0.323,post-control
40000.0,100.0,0.0025,149.0231933410633,1.1915509430013624,0.323,post-control
40000.0,100.0,0.0025,149.05326263126383,1.188777280040322,0.323,post-control
40000.0,100.0,0.0025,149.12343836696593,1.1823041030021377,0.323,post-control
40000.0,100.0,0.0025,149.19361410266802,1.1758309259639532,0.323,post-control
40000.0,100.0,0.0025,149.26378983837014,1.1693577489257663,0.323,post-control
40000.0,100.0,0.0025,149.33396557407224,1.162884571887582,0.323,post-control
40000.0,100.0,0.0025,149.40414130977433,1.1564113948493975,0.323,post-control
40000.0,100.0,0.0025,149.47431704547645,1.1499382178112105,0.323,post-control
40000.0,100.0,0.0025,149.54449278117855,1.1434650407730262,0.323,post-control
40000.0,100.0,0.0025,149.61466851688064,1.1369918637348417,0.323,post-control
40000.0,100.0,0.0025,149.68484425258274,1.1305186866966574,0.323,post-control
40000.0,100.0,0.0025,149.75501998828486,1.1240455096584705,0.323,post-control
40000.0,100.0,0.0025,149.82519572398695,1.1175723326202862,0.323,post-control
40000.0,100.0,0.0025,149.89537145968904,1.1110991555821017,0.323,post-control
40000.0,100.0,0.0025,149.96554719539117,1.1046259785439148,0.323,post-control
40000.0,100.0,0.0025,150.0231933410633,1.0993085607388673,0.323,post-control
40000.0,100.0,0.0025,150.03572293109326,1.0982418653746213,0.323,post-control
40000.0,100.0,0.0025,150.10589866679535,1.092267517309208,0.323,post-control
40000.0,100.0,0.0025,150.17607440249745,1.0862931692437945,0.323,post-control
40000.0,100.0,0.0025,150.24625013819957,1.0803188211783787,0.323,post-control
40000.0,100.0,0.0025,150.31642587390166,1.0743444731129654,0.323,post-control
40000.0,100.0,0.0025,150.38660160960376,1.0683701250475521,0.323,post-control
40000.0,100.0,0.0025,150.45677734530585,1.0623957769821386,0.323,post-control
40000.0,100.0,0.0025,150.52695308100797,1.0564214289167229,0.323,post-control
40000.0,100.0,0.0025,150.59712881671007,1.0504470808513096,0.323,post-control
40000.0,100.0,0.0025,150.66730455241216,1.0444727327858963,0.323,post-control
40000.0,100.0,0.0025,150.73748028811428,1.0384983847204803,0.323,post-control
40000.0,100.0,0.0025,150.80765602381638,1.032524036655067,0.323,post-control
40000.0,100.0,0.0025,150.87783175951847,1.0265496885896537,0.323,post-control
40000.0,100.0,0.0025,150.94800749522057,1.0205753405242404,0.323,post-control
40000.0,100.0,0.0025,151.0181832309227,1.0146009924588244,0.323,post-control
40000.0,100.0,0.0025,151.0231933410633,1.0141744612436323,0.323,post-control
40000.0,100.0,0.0025,151.08835896662478,1.0088833622918736,0.323,post-control
40000.0,100.0,0.0025,151.15853470232688,1.0031854692936413,0.323,post-control
40000.0,100.0,0.0025,151.19772412397774,1.0000034986453086,0.323,post-control
40000.0,100.0,0.0025,151.22871043802897,,0.323,post-control
40000.0,100.0,0.0025,151.2988861737311,,0.323,post-control
40000.0,100.0,0.0025,151.36906190943319,,0.323,post-control
40000.0,100.0,0.0025,151.43923764513528,,0.323,post-control
40000.0,100.0,0.0025,151.5094133808374,,0.323,post-control
40000.0,100.0,0.0025,151.5795891165395,,0.323,post-control
40000.0,100.0,0.0025,151.6497648522416,,0.323,post-control
40000.0,100.0,0.0025,151.71994058794368,,0.323,post-control
40000.0,100.0,0.0025,151.7901163236458,,0.323,post-control
40000.0,100.0,0.0025,151.8602920593479,,0.323,post-control
40000.0,100.0,0.0025,151.93046779505,,0.323,post-control
40000.0,100.0,0.0025,152.0006435307521,,0.323,post-control
40000.0,100.0,0.0025,152.0708192664542,,0.323,post-control
40000.0,100.0,0.0025,152.1409950021563,,0.323,post-control
40000.0,100.0,0.0025,152.2111707378584,,0.323,post-control
40000.0,100.0,0.0025,152.28134647356052,,0.323,post-control
40000.0,100.0,0.0025,152.3515222092626,,0.323,post-control
40000.0,100.0,0.0025,152.4216979449647,,0.323,post-control
40000.0,100.0,0.0025,152.4918736806668,,0.323,post-control
40000.0,100.0,0.0025,152.56204941636892,,0.323,post-control
40000.0,100.0,0.0025,152.63222515207102,,0.323,post-control
40000.0,100.0,0.0025,152.7024008877731,,0.323,post-control
40000.0,100.0,0.0025,152.77257662347523,,0.323,post-control
40000.0,100.0,0.0025,152.84275235917733,,0.323,post-control
40000.0,100.0,0.0025,152.91292809487942,,0.323,post-control
40000.0,100.0,0.0025,152.9831038305815,,0.323,post-control
40000.0,100.0,0.0025,153.05327956628363,,0.323,post-control
40000.0,100.0,0.0025,153.12345530198573,,0.323,post-control
40000.0,100.0,0.0025,153.19363103768782,,0.323,post-control
40000.0,100.0,0.0025,153.26380677338992,,0.323,post-control
40000.0,100.0,0.0025,153.33398250909204,,0.323,post-control
40000.0,100.0,0.0025,153.40415824479413,,0.323,post-control
40000.0,100.0,0.0025,153.47433398049623,,0.323,post-control
40000.0,100.0,0.0025,153.54450971619835,,0.323,post-control
40000.0,100.0,0.0025,153.61468545190044,,0.323,post-control
40000.0,100.0,0.0025,153.68486118760254,,0.323,post-control
40000.0,100.0,0.0025,153.75503692330463,,0.323,post-control
40000.0,100.0,0.0025,153.82521265900675,,0.323,post-control
40000.0,100.0,0.0025,153.89538839470885,,0.323,post-control
40000.0,100.0,0.0025,153.96556413041094,,0.323,post-control
40000.0,100.0,0.0025,154.03573986611303,,0.323,post-control
40000.0,100.0,0.0025,154.10591560181516,,0.323,post-control
40000.0,100.0,0.0025,154.17609133751725,,0.323,post-control
40000.0,100.0,0.0025,154.24626707321934,,0.323,post-control
40000.0,100.0,0.0025,154.31644280892147,,0.323,post-control
40000.0,100.0,0.0025,154.38661854462356,,0.323,post-control
40000.0,100.0,0.0025,154.45679428032565,,0.323,post-control
40000.0,100.0,0.0025,154.52697001602775,,0.323,post-control
40000.0,100.0,0.0025,154.59714575172987,,0.323,post-control
40000.0,100.0,0.0025,154.66732148743196,,0.323,post-control
40000.0,100.0,0.0025,154.73749722313406,,0.323,post-control
40000.0,100.0,0.0025,154.80767295883618,,0.323,post-control
40000.0,100.0,0.0025,154.87784869453827,,0.323,post-control
40000.0,100.0,0.0025,154.94802443024037,,0.323,post-control
40000.0,100.0,0.0025,155.01820016594246,,0.323,post-control
40000.0,100.0,0.0025,155.08837590164458,,0.323,post-control
40000.0,100.0,0.0025,155.15855163734668,,0.323,post-control
40000.0,100.0,0.0025,155.22872737304877,,0.323,post-control
40000.0,100.0,0.0025,155.29890310875086,,0.323,post-control
40000.0,100.0,0.0025,155.36907884445299,,0.323,post-control
40000.0,100.0,0.0025,155.43925458015508,,0.323,post-control
40000.0,100.0,0.0025,155.50943031585717,,0.323,post-control
40000.0,100.0,0.0025,155.5796060515593,,0.323,post-control
40000.0,100.0,0.0025,155.6497817872614,,0.323,post-control
40000.0,100.0,0.0025,155.71995752296348,,0.323,post-control
40000.0,100.0,0.0025,155.79013325866558,,0.323,post-control
40000.0,100.0,0.0025,155.8603089943677,,0.323,post-control
40000.0,100.0,0.0025,155.9304847300698,,0.323,post-control
40000.0,100.0,0.0025,156.0006604657719,,0.323,post-control
40000.0,100.0,0.0025,156.07083620147398,,0.323,post-control
40000.0,100.0,0.0025,156.1410119371761,,0.323,post-control
40000.0,100.0,0.0025,156.2111876728782,,0.323,post-control
40000.0,100.0,0.0025,156.2813634085803,,0.323,post-control
40000.0,100.0,0.0025,156.3515391442824,,0.323,post-control
40000.0,100.0,0.0025,156.4217148799845,,0.323,post-control
40000.0,100.0,0.0025,156.4918906156866,,0.323,post-control
40000.0,100.0,0.0025,156.5620663513887,,0.323,post-control
40000.0,100.0,0.0025,156.63224208709082,,0.323,post-control
40000.0,100.0,0.0025,156.7024178227929,,0.323,post-control
40000.0,100.0,0.0025,156.772593558495,,0.323,post-control
40000.0,100.0,0.0025,156.8427692941971,,0.323,post-control
40000.0,100.0,0.0025,156.91294502989922,,0.323,post-control
40000.0,100.0,0.0025,156.9831207656013,,0.323,post-control
40000.0,100.0,0.0025,157.0532965013034,,0.323,post-control
40000.0,100.0,0.0025,157.12347223700553,,0.323,post-control
40000.0,100.0,0.0025,157.19364797270762,,0.323,post-control
40000.0,100.0,0.0025,157.26382370840972,,0.323,post-control
40000.0,100.0,0.0025,157.3339994441118,,0.323,post-control
40000.0,100.0,0.0025,157.40417517981393,,0.323,post-control
40000.0,100.0,0.0025,157.47435091551603,,0.323,post-control
40000.0,100.0,0.0025,157.54452665121812,,0.323,post-control
40000.0,100.0,0.0025,157.61470238692024,,0.323,post-control
40000.0,100.0,0.0025,157.68487812262234,,0.323,post-control
40000.0,100.0,0.0025,157.75505385832443,,0.323,post-control
40000.0,100.0,0.0025,157.82522959402652,,0.323,post-control
40000.0,100.0,0.0025,157.89540532972865,,0.323,post-control
40000.0,100.0,0.0025,157.96558106543074,,0.323,post-control
40000.0,100.0,0.0025,158.03575680113283,,0.323,post-control
40000.0,100.0,0.0025,158.10593253683493,,0.323,post-control
40000.0,100.0,0.0025,158.17610827253705,,0.323,post-control
40000.0,100.0,0.0025,158.24628400823914,,0.323,post-control
40000.0,100.0,0.0025,158.31645974394124,,0.323,post-control
40000.0,100.0,0.0025,158.38663547964336,,0.323,post-control
40000.0,100.0,0.0025,158.45681121534545,,0.323,post-control
40000.0,100.0,0.0025,158.52698695104755,,0.323,post-control
40000.0,100.0,0.0025,158.59716268674964,,0.323,post-control
40000.0,100.0,0.0025,158.66733842245176,,0.323,post-control
40000.0,100.0,0.0025,158.73751415815386,,0.323,post-control
40000.0,100.0,0.0025,158.80768989385595,,0.323,post-control
40000.0,100.0,0.0025,158.87786562955804,,0.323,post-control
40000.0,100.0,0.0025,158.94804136526017,,0.323,post-control
40000.0,100.0,0.0025,159.01821710096226,,0.323,post-control
40000.0,100.0,0.0025,159.08839283666435,,0.323,post-control
40000.0,100.0,0.0025,159.15856857236648,,0.323,post-control
40000.0,100.0,0.0025,159.22874430806857,,0.323,post-control
40000.0,100.0,0.0025,159.29892004377066,,0.323,post-control
40000.0,100.0,0.0025,159.36909577947276,,0.323,post-control
40000.0,100.0,0.0025,159.43927151517488,,0.323,post-control
40000.0,100.0,0.0025,159.50944725087697,,0.323,post-control
40000.0,100.0,0.0025,159.57962298657907,,0.323,post-control
40000.0,100.0,0.0025,159.6497987222812,,0.323,post-control
40000.0,100.0,0.0025,159.71997445798328,,0.323,post-control
40000.0,100.0,0.0025,159.79015019368538,,0.323,post-control
40000.0,100.0,0.0025,159.86032592938747,,0.323,post-control
40000.0,100.0,0.0025,159.9305016650896,,0.323,post-control
40000.0,100.0,0.0025,160.0006774007917,,0.323,post-control
40000.0,100.0,0.0025,160.07085313649378,,0.323,post-control
40000.0,100.0,0.0025,160.14102887219588,,0.323,post-control
40000.0,100.0,0.0025,160.211204607898,,0.323,post-control
40000.0,100.0,0.0025,160.2813803436001,,0.323,post-control
40000.0,100.0,0.0025,160.35155607930218,,0.323,post-control
40000.0,100.0,0.0025,160.4217318150043,,0.323,post-control
40000.0,100.0,0.0025,160.4919075507064,,0.323,post-control
40000.0,100.0,0.0025,160.5620832864085,,0.323,post-control
40000.0,100.0,0.0025,160.6322590221106,,0.323,post-control
40000.0,100.0,0.0025,160.7024347578127,,0.323,post-control
40000.0,100.0,0.0025,160.7726104935148,,0.323,post-control
40000.0,100.0,0.0025,160.8427862292169,,0.323,post-control
40000.0,100.0,0.0025,160.912961964919,,0.323,post-control
40000.0,100.0,0.0025,160.9831377006211,,0.323,post-control
40000.0,100.0,0.0025,161.0533134363232,,0.323,post-control
40000.0,100.0,0.0025,161.1234891720253,,0.323,post-control
40000.0,100.0,0.0025,161.19366490772742,,0.323,post-control
40000.0,100.0,0.0025,161.26384064342952,,0.323,post-control
40000.0,100.0,0.0025,161.3340163791316,,0.323,post-control
40000.0,100.0,0.0025,161.4041921148337,,0.323,post-control
40000.0,100.0,0.0025,161.47436785053583,,0.323,post-control
40000.0,100.0,0.0025,161.54454358623792,,0.323,post-control
40000.0,100.0,0.0025,161.61471932194002,,0.323,post-control
40000.0,100.0,0.0025,161.6848950576421,,0.323,post-control
40000.0,100.0,0.0025,161.75507079334423,,0.323,post-control
40000.0,100.0,0.0025,161.82524652904632,,0.323,post-control
40000.0,100.0,0.0025,161.89542226474842,,0.323,post-control
40000.0,100.0,0.0025,161.96559800045054,,0.323,post-control
40000.0,100.0,0.0025,162.03577373615263,,0.323,post-control
40000.0,100.0,0.0025,162.10594947185473,,0.323,post-control
40000.0,100.0,0.0025,162.17612520755682,,0.323,post-control
40000.0,100.0,0.0025,162.24630094325894,,0.323,post-control
40000.0,100.0,0.0025,162.31647667896104,,0.323,post-control
40000.0,100.0,0.0025,162.38665241466313,,0.323,post-control
40000.0,100.0,0.0025,162.45682815036525,,0.323,post-control
40000.0,100.0,0.0025,162.52700388606735,,0.323,post-control
40000.0,100.0,0.0025,162.59717962176944,,0.323,post-control
40000.0,100.0,0.0025,162.66735535747154,,0.323,post-control
40000.0,100.0,0.0025,162.73753109317366,,0.323,post-control
40000.0,100.0,0.0025,162.80770682887575,,0.323,post-control
40000.0,100.0,0.0025,162.87788256457785,,0.323,post-control
40000.0,100.0,0.0025,162.94805830027994,,0.323,post-control
40000.0,100.0,0.0025,163.01823403598206,,0.323,post-control
40000.0,100.0,0.0025,163.08840977168416,,0.323,post-control
40000.0,100.0,0.0025,163.15858550738625,,0.323,post-control
40000.0,100.0,0.0025,163.22876124308837,,0.323,post-control
40000.0,100.0,0.0025,163.29893697879046,,0.323,post-control
40000.0,100.0,0.0025,163.36911271449256,,0.323,post-control
40000.0,100.0,0.0025,163.43928845019465,,0.323,post-control
40000.0,100.0,0.0025,163.50946418589677,,0.323,post-control
40000.0,100.0,0.0025,163.57963992159887,,0.323,post-control
40000.0,100.0,0.0025,163.64981565730096,,0.323,post-control
40000.0,100.0,0.0025,163.71999139300306,,0.323,post-control
40000.0,100.0,0.0025,163.79016712870518,,0.323,post-control
40000.0,100.0,0.0025,163.86034286440727,,0.323,post-control
40000.0,100.0,0.0025,163.93051860010937,,0.323,post-control
40000.0,100.0,0.0025,164.0006943358115,,0.323,post-control
40000.0,100.0,0.0025,164.07087007151358,,0.323,post-control
40000.0,100.0,0.0025,164.14104580721568,,0.323,post-control
40000.0,100.0,0.0025,164.21122154291777,,0.323,post-control
40000.0,100.0,0.0025,164.2813972786199,,0.323,post-control
40000.0,100.0,0.0025,164.35157301432199,,0.323,post-control
40000.0,100.0,0.0025,164.42174875002408,,0.323,post-control
40000.0,100.0,0.0025,164.4919244857262,,0.323,post-control
40000.0,100.0,0.0025,164.5621002214283,,0.323,post-control
40000.0,100.0,0.0025,164.6322759571304,,0.323,post-control
40000.0,100.0,0.0025,164.70245169283248,,0.323,post-control
40000.0,100.0,0.0025,164.7726274285346,,0.323,post-control
40000.0,100.0,0.0025,164.8428031642367,,0.323,post-control
40000.0,100.0,0.0025,164.9129788999388,,0.323,post-control
40000.0,100.0,0.0025,164.9831546356409,,0.323,post-control
40000.0,100.0,0.0025,165.053330371343,,0.323,post-control
40000.0,100.0,0.0025,165.1235061070451,,0.323,post-control
40000.0,100.0,0.0025,165.1936818427472,,0.323,post-control
40000.0,100.0,0.0025,165.26385757844932,,0.323,post-control
40000.0,100.0,0.0025,165.3340333141514,,0.323,post-control
40000.0,100.0,0.0025,165.4042090498535,,0.323,post-control
40000.0,100.0,0.0025,165.4743847855556,,0.323,post-control
40000.0,100.0,0.0025,165.54456052125772,,0.323,post-control
40000.0,100.0,0.0025,165.61473625695982,,0.323,post-control
40000.0,100.0,0.0025,165.6849119926619,,0.323,post-control
40000.0,100.0,0.0025,165.755087728364,,0.323,post-control
40000.0,100.0,0.0025,165.82526346406613,,0.323,post-control
40000.0,100.0,0.0025,165.89543919976822,,0.323,post-control
40000.0,100.0,0.0025,165.9656149354703,,0.323,post-control
40000.0,100.0,0.0025,166.03579067117244,,0.323,post-control
40000.0,100.0,0.0025,166.10596640687453,,0.323,post-control
40000.0,100.0,0.0025,166.17614214257662,,0.323,post-control
40000.0,100.0,0.0025,166.24631787827872,,0.323,post-control
40000.0,100.0,0.0025,166.31649361398084,,0.323,post-control
40000.0,100.0,0.0025,166.38666934968293,,0.323,post-control
40000.0,100.0,0.0025,166.45684508538503,,0.323,post-control
40000.0,100.0,0.0025,166.52702082108715,,0.323,post-control
40000.0,100.0,0.0025,166.59719655678924,,0.323,post-control
40000.0,100.0,0.0025,166.66737229249134,,0.323,post-control
40000.0,100.0,0.0025,166.73754802819343,,0.323,post-control
40000.0,100.0,0.0025,166.80772376389555,,0.323,post-control
40000.0,100.0,0.0025,166.87789949959765,,0.323,post-control
40000.0,100.0,0.0025,166.94807523529974,,0.323,post-control
40000.0,100.0,0.0025,167.01825097100183,,0.323,post-control
40000.0,100.0,0.0025,167.08842670670396,,0.323,post-control
40000.0,100.0,0.0025,167.15860244240605,,0.323,post-control
40000.0,100.0,0.0025,167.22877817810814,,0.323,post-control
40000.0,100.0,0.0025,167.29895391381027,,0.323,post-control
40000.0,100.0,0.0025,167.36912964951236,,0.323,post-control
40000.0,100.0,0.0025,167.43930538521445,,0.323,post-control
40000.0,100.0,0.0025,167.50948112091655,,0.323,post-control
40000.0,100.0,0.0025,167.57965685661867,,0.323,post-control
40000.0,100.0,0.0025,167.64983259232076,,0.323,post-control
40000.0,100.0,0.0025,167.72000832802286,,0.323,post-control
40000.0,100.0,0.0025,167.79018406372495,,0.323,post-control
40000.0,100.0,0.0025,167.86035979942707,,0.323,post-control
40000.0,100.0,0.0025,167.93053553512917,,0.323,post-control
40000.0,100.0,0.0025,168.00071127083126,,0.323,post-control
40000.0,100.0,0.0025,168.07088700653338,,0.323,post-control
40000.0,100.0,0.0025,168.14106274223548,,0.323,post-control
40000.0,100.0,0.0025,168.21123847793757,,0.323,post-control
40000.0,100.0,0.0025,168.28141421363966,,0.323,post-control
40000.0,100.0,0.0025,168.3515899493418,,0.323,post-control
40000.0,100.0,0.0025,168.42176568504388,,0.323,post-control
40000.0,100.0,0.0025,168.49194142074597,,0.323,post-control
40000.0,100.0,0.0025,168.56211715644807,,0.323,post-control
40000.0,100.0,0.0025,168.6322928921502,,0.323,post-control
40000.0,100.0,0.0025,168.70246862785228,,0.323,post-control
40000.0,100.0,0.0025,168.77264436355438,,0.323,post-control
40000.0,100.0,0.0025,168.8428200992565,,0.323,post-control
40000.0,100.0,0.0025,168.9129958349586,,0.323,post-control
40000.0,100.0,0.0025,168.9831715706607,,0.323,post-control
40000.0,100.0,0.0025,169.05334730636278,,0.323,post-control
40000.0,100.0,0.0025,169.1235230420649,,0.323,post-control
40000.0,100.0,0.0025,169.193698777767,,0.323,post-control
40000.0,100.0,0.0025,169.2638745134691,,0.323,post-control
40000.0,100.0,0.0025,169.3340502491712,,0.323,post-control
40000.0,100.0,0.0025,169.4042259848733,,0.323,post-control
40000.0,100.0,0.0025,169.4744017205754,,0.323,post-control
40000.0,100.0,0.0025,169.5445774562775,,0.323,post-control
40000.0,100.0,0.0025,169.61475319197962,,0.323,post-control
40000.0,100.0,0.0025,169.6849289276817,,0.323,post-control
40000.0,100.0,0.0025,169.7551046633838,,0.323,post-control
40000.0,100.0,0.0025,169.8252803990859,,0.323,post-control
40000.0,100.0,0.0025,169.89545613478802,,0.323,post-control
40000.0,100.0,0.0025,169.9656318704901,,0.323,post-control
40000.0,100.0,0.0025,170.0358076061922,,0.323,post-control
40000.0,100.0,0.0025,170.10598334189433,,0.323,post-control
40000.0,100.0,0.0025,170.17615907759642,,0.323,post-control
40000.0,100.0,0.0025,170.24633481329852,,0.323,post-control
40000.0,100.0,0.0025,170.3165105490006,,0.323,post-control
40000.0,100.0,0.0025,170.38668628470273,,0.323,post-control
40000.0,100.0,0.0025,170.45686202040483,,0.323,post-control
40000.0,100.0,0.0025,170.52703775610692,,0.323,post-control
40000.0,100.0,0.0025,170.59721349180901,,0.323,post-control
40000.0,100.0,0.0025,170.66738922751114,,0.323,post-control
40000.0,100.0,0.0025,170.73756496321323,,0.323,post-control
40000.0,100.0,0.0025,170.80774069891532,,0.323,post-control
40000.0,100.0,0.0025,170.87791643461745,,0.323,post-control
40000.0,100.0,0.0025,170.94809217031954,,0.323,post-control
40000.0,100.0,0.0025,171.01826790602163,,0.323,post-control
40000.0,100.0,0.0025,171.08844364172373,,0.323,post-control
40000.0,100.0,0.0025,171.15861937742585,,0.323,post-control
40000.0,100.0,0.0025,171.22879511312794,,0.323,post-control
40000.0,100.0,0.0025,171.29897084883004,,0.323,post-control
40000.0,100.0,0.0025,171.36914658453216,,0.323,post-control
40000.0,100.0,0.0025,171.43932232023425,,0.323,post-control
40000.0,100.0,0.0025,171.50949805593635,,0.323,post-control
40000.0,100.0,0.0025,171.57967379163844,,0.323,post-control
40000.0,100.0,0.0025,171.64984952734056,,0.323,post-control
40000.0,100.0,0.0025,171.72002526304266,,0.323,post-control
40000.0,100.0,0.0025,171.79020099874475,,0.323,post-control
40000.0,100.0,0.0025,171.86037673444685,,0.323,post-control
40000.0,100.0,0.0025,171.93055247014897,,0.323,post-control
40000.0,100.0,0.0025,172.00072820585106,,0.323,post-control
40000.0,100.0,0.0025,172.07090394155315,,0.323,post-control
40000.0,100.0,0.0025,172.14107967725528,,0.323,post-control
40000.0,100.0,0.0025,172.21125541295737,,0.323,post-control
40000.0,100.0,0.0025,172.28143114865946,,0.323,post-control
40000.0,100.0,0.0025,172.35160688436156,,0.323,post-control
40000.0,100.0,0.0025,172.42178262006368,,0.323,post-control
40000.0,100.0,0.0025,172.49195835576577,,0.323,post-control
40000.0,100.0,0.0025,172.56213409146787,,0.323,post-control
40000.0,100.0,0.0025,172.63230982716996,,0.323,post-control
40000.0,100.0,0.0025,172.70248556287208,,0.323,post-control
40000.0,100.0,0.0025,172.77266129857418,,0.323,post-control
40000.0,100.0,0.0025,172.84283703427627,,0.323,post-control
40000.0,100.0,0.0025,172.9130127699784,,0.323,post-control
40000.0,100.0,0.0025,172.9831885056805,,0.323,post-control
40000.0,100.0,0.0025,173.05336424138258,,0.323,post-control
40000.0,100.0,0.0025,173.12353997708468,,0.323,post-control
40000.0,100.0,0.0025,173.1937157127868,,0.323,post-control
40000.0,100.0,0.0025,173.2638914484889,,0.323,post-control
40000.0,100.0,0.0025,173.33406718419099,,0.323,post-control
40000.0,100.0,0.0025,173.40424291989308,,0.323,post-control
40000.0,100.0,0.0025,173.4744186555952,,0.323,post-control
40000.0,100.0,0.0025,173.5445943912973,,0.323,post-control
40000.0,100.0,0.0025,173.6147701269994,,0.323,post-control
40000.0,100.0,0.0025,173.6849458627015,,0.323,post-control
40000.0,100.0,0.0025,173.7551215984036,,0.323,post-control
40000.0,100.0,0.0025,173.8252973341057,,0.323,post-control
40000.0,100.0,0.0025,173.8954730698078,,0.323,post-control
40000.0,100.0,0.0025,173.96564880550991,,0.323,post-control
40000.0,100.0,0.0025,174.035824541212,,0.323,post-control
40000.0,100.0,0.0025,174.1060002769141,,0.323,post-control
40000.0,100.0,0.0025,174.17617601261622,,0.323,post-control
40000.0,100.0,0.0025,174.24635174831832,,0.323,post-control
40000.0,100.0,0.0025,174.3165274840204,,0.323,post-control
40000.0,100.0,0.0025,174.3867032197225,,0.323,post-control
40000.0,100.0,0.0025,174.45687895542463,,0.323,post-control
40000.0,100.0,0.0025,174.52705469112672,,0.323,post-control
40000.0,100.0,0.0025,174.59723042682882,,0.323,post-control
40000.0,100.0,0.0025,174.6674061625309,,0.323,post-control
40000.0,100.0,0.0025,174.73758189823303,,0.323,post-control
40000.0,100.0,0.0025,174.80775763393513,,0.323,post-control
40000.0,100.0,0.0025,174.87793336963722,,0.323,post-control
40000.0,100.0,0.0025,174.94810910533934,,0.323,post-control
40000.0,100.0,0.0025,175.01828484104144,,0.323,post-control
40000.0,100.0,0.0025,175.08846057674353,,0.323,post-control
40000.0,100.0,0.0025,175.15863631244562,,0.323,post-control
40000.0,100.0,0.0025,175.22881204814774,,0.323,post-control
40000.0,100.0,0.0025,175.29898778384984,,0.323,post-control
40000.0,100.0,0.0025,175.36916351955193,,0.323,post-control
40000.0,100.0,0.0025,175.43933925525403,,0.323,post-control
40000.0,100.0,0.0025,175.50951499095615,,0.323,post-control
40000.0,100.0,0.0025,175.57969072665824,,0.323,post-control
40000.0,100.0,0.0025,175.64986646236034,,0.323,post-control
40000.0,100.0,0.0025,175.72004219806246,,0.323,post-control
40000.0,100.0,0.0025,175.79021793376455,,0.323,post-control
40000.0,100.0,0.0025,175.86039366946665,,0.323,post-control
40000.0,100.0,0.0025,175.93056940516874,,0.323,post-control
40000.0,100.0,0.0025,176.00074514087086,,0.323,post-control
40000.0,100.0,0.0025,176.07092087657296,,0.323,post-control
40000.0,100.0,0.0025,176.14109661227505,,0.323,post-control
40000.0,100.0,0.0025,176.21127234797717,,0.323,post-control
40000.0,100.0,0.0025,176.28144808367927,,0.323,post-control
40000.0,100.0,0.0025,176.35162381938136,,0.323,post-control
40000.0,100.0,0.0025,176.42179955508345,,0.323,post-control
40000.0,100.0,0.0025,176.49197529078558,,0.323,post-control
40000.0,100.0,0.0025,176.56215102648767,,0.323,post-control
40000.0,100.0,0.0025,176.63232676218976,,0.323,post-control
40000.0,100.0,0.0025,176.70250249789186,,0.323,post-control
40000.0,100.0,0.0025,176.77267823359398,,0.323,post-control
40000.0,100.0,0.0025,176.84285396929607,,0.323,post-control
40000.0,100.0,0.0025,176.91302970499817,,0.323,post-control
40000.0,100.0,0.0025,176.9832054407003,,0.323,post-control
40000.0,100.0,0.0025,177.05338117640238,,0.323,post-control
40000.0,100.0,0.0025,177.12355691210448,,0.323,post-control
40000.0,100.0,0.0025,177.19373264780657,,0.323,post-control
40000.0,100.0,0.0025,177.2639083835087,,0.323,post-control
40000.0,100.0,0.0025,177.3340841192108,,0.323,post-control
40000.0,100.0,0.0025,177.40425985491288,,0.323,post-control
40000.0,100.0,0.0025,177.47443559061497,,0.323,post-control
40000.0,100.0,0.0025,177.5446113263171,,0.323,post-control
40000.0,100.0,0.0025,177.6147870620192,,0.323,post-control
40000.0,100.0,0.0025,177.68496279772128,,0.323,post-control
40000.0,100.0,0.0025,177.7551385334234,,0.323,post-control
40000.0,100.0,0.0025,177.8253142691255,,0.323,post-control
40000.0,100.0,0.0025,177.8954900048276,,0.323,post-control
40000.0,100.0,0.0025,177.9656657405297,,0.323,post-control
40000.0,100.0,0.0025,178.0358414762318,,0.323,post-control
40000.0,100.0,0.0025,178.1060172119339,,0.323,post-control
40000.0,100.0,0.0025,178.176192947636,,0.323,post-control
40000.0,100.0,0.0025,178.2463686833381,,0.323,post-control
40000.0,100.0,0.0025,178.3165444190402,,0.323,post-control
40000.0,100.0,0.0025,178.3867201547423,,0.323,post-control
40000.0,100.0,0.0025,178.4568958904444,,0.323,post-control
40000.0,100.0,0.0025,178.52707162614652,,0.323,post-control
40000.0,100.0,0.0025,178.59724736184862,,0.323,post-control
40000.0,100.0,0.0025,178.6674230975507,,0.323,post-control
40000.0,100.0,0.0025,178.7375988332528,,0.323,post-control
40000.0,100.0,0.0025,178.80777456895493,,0.323,post-control
40000.0,100.0,0.0025,178.87795030465702,,0.323,post-control
40000.0,100.0,0.0025,178.9481260403591,,0.323,post-control
40000.0,100.0,0.0025,179.01830177606124,,0.323,post-control
40000.0,100.0,0.0025,179.08847751176333,,0.323,post-control
40000.0,100.0,0.0025,179.15865324746542,,0.323,post-control
40000.0,100.0,0.0025,179.22882898316752,,0.323,post-control
40000.0,100.0,0.0025,179.29900471886964,,0.323,post-control
40000.0,100.0,0.0025,179.36918045457173,,0.323,post-control
40000.0,100.0,0.0025,179.43935619027383,,0.323,post-control
40000.0,100.0,0.0025,179.50953192597592,,0.323,post-control
40000.0,100.0,0.0025,179.57970766167804,,0.323,post-control
40000.0,100.0,0.0025,179.64988339738014,,0.323,post-control
40000.0,100.0,0.0025,179.72005913308223,,0.323,post-control
40000.0,100.0,0.0025,179.79023486878435,,0.323,post-control
40000.0,100.0,0.0025,179.86041060448645,,0.323,post-control
40000.0,100.0,0.0025,179.93058634018854,,0.323,post-control
40000.0,100.0,0.0025,180.00076207589063,,0.323,post-control
40000.0,100.0,0.0025,180.07093781159276,,0.323,post-control
40000.0,100.0,0.0025,180.14111354729485,,0.323,post-control
40000.0,100.0,0.0025,180.21128928299694,,0.323,post-control
40000.0,100.0,0.0025,180.28146501869904,,0.323,post-control
40000.0,100.0,0.0025,180.35164075440116,,0.323,post-control
40000.0,100.0,0.0025,180.42181649010325,,0.323,post-control
40000.0,100.0,0.0025,180.49199222580535,,0.323,post-control
40000.0,100.0,0.0025,180.56216796150747,,0.323,post-control
40000.0,100.0,0.0025,180.63234369720956,,0.323,post-control
40000.0,100.0,0.0025,180.70251943291166,,0.323,post-control
40000.0,100.0,0.0025,180.77269516861375,,0.323,post-control
40000.0,100.0,0.0025,180.84287090431587,,0.323,post-control
40000.0,100.0,0.0025,180.91304664001797,,0.323,post-control
40000.0,100.0,0.0025,180.98322237572006,,0.323,post-control
40000.0,100.0,0.0025,181.05339811142218,,0.323,post-control
40000.0,100.0,0.0025,181.12357384712428,,0.323,post-control
40000.0,100.0,0.0025,181.19374958282637,,0.323,post-control
40000.0,100.0,0.0025,181.26392531852846,,0.323,post-control
40000.0,100.0,0.0025,181.3341010542306,,0.323,post-control
40000.0,100.0,0.0025,181.40427678993268,,0.323,post-control
40000.0,100.0,0.0025,181.47445252563477,,0.323,post-control
40000.0,100.0,0.0025,181.54462826133687,,0.323,post-control
40000.0,100.0,0.0025,181.614803997039,,0.323,post-control
40000.0,100.0,0.0025,181.68497973274108,,0.323,post-control
40000.0,100.0,0.0025,181.75515546844318,,0.323,post-control
40000.0,100.0,0.0025,181.8253312041453,,0.323,post-control
40000.0,100.0,0.0025,181.8955069398474,,0.323,post-control
40000.0,100.0,0.0025,181.9656826755495,,0.323,post-control
40000.0,100.0,0.0025,182.03585841125158,,0.323,post-control
40000.0,100.0,0.0025,182.1060341469537,,0.323,post-control
40000.0,100.0,0.0025,182.1762098826558,,0.323,post-control
40000.0,100.0,0.0025,182.2463856183579,,0.323,post-control
40000.0,100.0,0.0025,182.31656135405998,,0.323,post-control
40000.0,100.0,0.0025,182.3867370897621,,0.323,post-control
40000.0,100.0,0.0025,182.4569128254642,,0.323,post-control
40000.0,100.0,0.0025,182.5270885611663,,0.323,post-control
40000.0,100.0,0.0025,182.59726429686842,,0.323,post-control
40000.0,100.0,0.0025,182.6674400325705,,0.323,post-control
40000.0,100.0,0.0025,182.7376157682726,,0.323,post-control
40000.0,100.0,0.0025,182.8077915039747,,0.323,post-control
40000.0,100.0,0.0025,182.87796723967682,,0.323,post-control
40000.0,100.0,0.0025,182.94814297537891,,0.323,post-control
40000.0,100.0,0.0025,183.018318711081,,0.323,post-control
40000.0,100.0,0.0025,183.0884944467831,,0.323,post-control
40000.0,100.0,0.0025,183.15867018248522,,0.323,post-control
40000.0,100.0,0.0025,183.22884591818732,,0.323,post-control
40000.0,100.0,0.0025,183.2990216538894,,0.323,post-control
40000.0,100.0,0.0025,183.36919738959153,,0.323,post-control
40000.0,100.0,0.0025,183.43937312529363,,0.323,post-control
40000.0,100.0,0.0025,183.50954886099572,,0.323,post-control
40000.0,100.0,0.0025,183.57972459669782,,0.323,post-control
40000.0,100.0,0.0025,183.64990033239994,,0.323,post-control
40000.0,100.0,0.0025,183.72007606810203,,0.323,post-control
40000.0,100.0,0.0025,183.79025180380413,,0.323,post-control
40000.0,100.0,0.0025,183.86042753950625,,0.323,post-control
40000.0,100.0,0.0025,183.93060327520834,,0.323,post-control
40000.0,100.0,0.0025,184.00077901091043,,0.323,post-control
40000.0,100.0,0.0025,184.07095474661253,,0.323,post-control
40000.0,100.0,0.0025,184.14113048231465,,0.323,post-control
40000.0,100.0,0.0025,184.21130621801674,,0.323,post-control
40000.0,100.0,0.0025,184.28148195371884,,0.323,post-control
40000.0,100.0,0.0025,184.35165768942093,,0.323,post-control
40000.0,100.0,0.0025,184.42183342512305,,0.323,post-control
40000.0,100.0,0.0025,184.49200916082515,,0.323,post-control
40000.0,100.0,0.0025,184.56218489652724,,0.323,post-control
40000.0,100.0,0.0025,184.63236063222936,,0.323,post-control
40000.0,100.0,0.0025,184.70253636793146,,0.323,post-control
40000.0,100.0,0.0025,184.77271210363355,,0.323,post-control
40000.0,100.0,0.0025,184.84288783933565,,0.323,post-control
40000.0,100.0,0.0025,184.91306357503777,,0.323,post-control
40000.0,100.0,0.0025,184.98323931073986,,0.323,post-control
40000.0,100.0,0.0025,185.05341504644196,,0.323,post-control
40000.0,100.0,0.0025,185.12359078214405,,0.323,post-control
40000.0,100.0,0.0025,185.19376651784617,,0.323,post-control
40000.0,100.0,0.0025,185.26394225354827,,0.323,post-control
40000.0,100.0,0.0025,185.33411798925036,,0.323,post-control
40000.0,100.0,0.0025,185.40429372495248,,0.323,post-control
40000.0,100.0,0.0025,185.47446946065457,,0.323,post-control
40000.0,100.0,0.0025,185.54464519635667,,0.323,post-control
40000.0,100.0,0.0025,185.61482093205876,,0.323,post-control
40000.0,100.0,0.0025,185.68499666776088,,0.323,post-control
40000.0,100.0,0.0025,185.75517240346298,,0.323,post-control
40000.0,100.0,0.0025,185.82534813916507,,0.323,post-control
40000.0,100.0,0.0025,185.8955238748672,,0.323,post-control
40000.0,100.0,0.0025,185.9656996105693,,0.323,post-control
40000.0,100.0,0.0025,186.03587534627138,,0.323,post-control
40000.0,100.0,0.0025,186.10605108197348,,0.323,post-control
40000.0,100.0,0.0025,186.1762268176756,,0.323,post-control
40000.0,100.0,0.0025,186.2464025533777,,0.323,post-control
40000.0,100.0,0.0025,186.31657828907979,,0.323,post-control
40000.0,100.0,0.0025,186.38675402478188,,0.323,post-control
40000.0,100.0,0.0025,186.456929760484,,0.323,post-control
40000.0,100.0,0.0025,186.5271054961861,,0.323,post-control
40000.0,100.0,0.0025,186.5972812318882,,0.323,post-control
40000.0,100.0,0.0025,186.6674569675903,,0.323,post-control
40000.0,100.0,0.0025,186.7376327032924,,0.323,post-control
40000.0,100.0,0.0025,186.8078084389945,,0.323,post-control
40000.0,100.0,0.0025,186.8779841746966,,0.323,post-control
40000.0,100.0,0.0025,186.94815991039872,,0.323,post-control
40000.0,100.0,0.0025,187.0183356461008,,0.323,post-control
40000.0,100.0,0.0025,187.0885113818029,,0.323,post-control
40000.0,100.0,0.0025,187.158687117505,,0.323,post-control
40000.0,100.0,0.0025,187.22886285320712,,0.323,post-control
40000.0,100.0,0.0025,187.2990385889092,,0.323,post-control
40000.0,100.0,0.0025,187.3692143246113,,0.323,post-control
40000.0,100.0,0.0025,187.43939006031343,,0.323,post-control
40000.0,100.0,0.0025,187.50956579601552,,0.323,post-control
40000.0,100.0,0.0025,187.57974153171762,,0.323,post-control
40000.0,100.0,0.0025,187.6499172674197,,0.323,post-control
40000.0,100.0,0.0025,187.72009300312183,,0.323,post-control
40000.0,100.0,0.0025,187.79026873882393,,0.323,post-control
40000.0,100.0,0.0025,187.86044447452602,,0.323,post-control
40000.0,100.0,0.0025,187.9306202102281,,0.323,post-control
40000.0,100.0,0.0025,188.00079594593024,,0.323,post-control
40000.0,100.0,0.0025,188.07097168163233,,0.323,post-control
40000.0,100.0,0.0025,188.14114741733442,,0.323,post-control
40000.0,100.0,0.0025,188.21132315303655,,0.323,post-control
40000.0,100.0,0.0025,188.28149888873864,,0.323,post-control
40000.0,100.0,0.0025,188.35167462444073,,0.323,post-control
40000.0,100.0,0.0025,188.42185036014283,,0.323,post-control
40000.0,100.0,0.0025,188.49202609584495,,0.323,post-control
40000.0,100.0,0.0025,188.56220183154704,,0.323,post-control
40000.0,100.0,0.0025,188.63237756724914,,0.323,post-control
40000.0,100.0,0.0025,188.70255330295126,,0.323,post-control
40000.0,100.0,0.0025,188.77272903865335,,0.323,post-control
40000.0,100.0,0.0025,188.84290477435545,,0.323,post-control
40000.0,100.0,0.0025,188.91308051005754,,0.323,post-control
40000.0,100.0,0.0025,188.98325624575966,,0.323,post-control
40000.0,100.0,0.0025,189.05343198146176,,0.323,post-control
40000.0,100.0,0.0025,189.12360771716385,,0.323,post-control
40000.0,100.0,0.0025,189.19378345286594,,0.323,post-control
40000.0,100.0,0.0025,189.26395918856807,,0.323,post-control
40000.0,100.0,0.0025,189.33413492427016,,0.323,post-control
40000.0,100.0,0.0025,189.40431065997225,,0.323,post-control
40000.0,100.0,0.0025,189.47448639567438,,0.323,post-control
40000.0,100.0,0.0025,189.54466213137647,,0.323,post-control
40000.0,100.0,0.0025,189.61483786707856,,0.323,post-control
40000.0,100.0,0.0025,189.68501360278066,,0.323,post-control
40000.0,100.0,0.0025,189.75518933848278,,0.323,post-control
40000.0,100.0,0.0025,189.82536507418487,,0.323,post-control
40000.0,100.0,0.0025,189.89554080988697,,0.323,post-control
40000.0,100.0,0.0025,189.96571654558906,,0.323,post-control
40000.0,100.0,0.0025,190.03589228129118,,0.323,post-control
40000.0,100.0,0.0025,190.10606801699328,,0.323,post-control
40000.0,100.0,0.0025,190.17624375269537,,0.323,post-control
40000.0,100.0,0.0025,190.2464194883975,,0.323,post-control
40000.0,100.0,0.0025,190.3165952240996,,0.323,post-control
40000.0,100.0,0.0025,190.38677095980168,,0.323,post-control
40000.0,100.0,0.0025,190.45694669550377,,0.323,post-control
40000.0,100.0,0.0025,190.5271224312059,,0.323,post-control
40000.0,100.0,0.0025,190.597298166908,,0.323,post-control
40000.0,100.0,0.0025,190.66747390261008,,0.323,post-control
40000.0,100.0,0.0025,190.7376496383122,,0.323,post-control
40000.0,100.0,0.0025,190.8078253740143,,0.323,post-control
40000.0,100.0,0.0025,190.8780011097164,,0.323,post-control
40000.0,100.0,0.0025,190.9481768454185,,0.323,post-control
40000.0,100.0,0.0025,191.0183525811206,,0.323,post-control
40000.0,100.0,0.0025,191.0885283168227,,0.323,post-control
40000.0,100.0,0.0025,191.1587040525248,,0.323,post-control
40000.0,100.0,0.0025,191.2288797882269,,0.323,post-control
40000.0,100.0,0.0025,191.299055523929,,0.323,post-control
40000.0,100.0,0.0025,191.3692312596311,,0.323,post-control
40000.0,100.0,0.0025,191.4394069953332,,0.323,post-control
40000.0,100.0,0.0025,191.50958273103532,,0.323,post-control
40000.0,100.0,0.0025,191.57975846673742,,0.323,post-control
40000.0,100.0,0.0025,191.6499342024395,,0.323,post-control
40000.0,100.0,0.0025,191.7201099381416,,0.323,post-control
40000.0,100.0,0.0025,191.79028567384373,,0.323,post-control
40000.0,100.0,0.0025,191.86046140954582,,0.323,post-control
40000.0,100.0,0.0025,191.9306371452479,,0.323,post-control
40000.0,100.0,0.0025,192.00081288095,,0.323,post-control
40000.0,100.0,0.0025,192.07098861665213,,0.323,post-control
40000.0,100.0,0.0025,192.14116435235422,,0.323,post-control
40000.0,100.0,0.0025,192.21134008805632,,0.323,post-control
40000.0,100.0,0.0025,192.28151582375844,,0.323,post-control
40000.0,100.0,0.0025,192.35169155946053,,0.323,post-control
40000.0,100.0,0.0025,192.42186729516263,,0.323,post-control
40000.0,100.0,0.0025,192.49204303086472,,0.323,post-control
40000.0,100.0,0.0025,192.56221876656684,,0.323,post-control
40000.0,100.0,0.0025,192.63239450226894,,0.323,post-control
40000.0,100.0,0.0025,192.70257023797103,,0.323,post-control
40000.0,100.0,0.0025,192.77274597367312,,0.323,post-control
40000.0,100.0,0.0025,192.84292170937525,,0.323,post-control
40000.0,100.0,0.0025,192.91309744507734,,0.323,post-control
40000.0,100.0,0.0025,192.98327318077943,,0.323,post-control
40000.0,100.0,0.0025,193.05344891648156,,0.323,post-control
40000.0,100.0,0.0025,193.12362465218365,,0.323,post-control
40000.0,100.0,0.0025,193.19380038788574,,0.323,post-control
40000.0,100.0,0.0025,193.26397612358784,,0.323,post-control
40000.0,100.0,0.0025,193.33415185928996,,0.323,post-control
40000.0,100.0,0.0025,193.40432759499205,,0.323,post-control
40000.0,100.0,0.0025,193.47450333069415,,0.323,post-control
40000.0,100.0,0.0025,193.54467906639627,,0.323,post-control
40000.0,100.0,0.0025,193.61485480209836,,0.323,post-control
40000.0,100.0,0.0025,193.68503053780046,,0.323,post-control
40000.0,100.0,0.0025,193.75520627350255,,0.323,post-control
40000.0,100.0,0.0025,193.82538200920467,,0.323,post-control
40000.0,100.0,0.0025,193.89555774490677,,0.323,post-control
40000.0,100.0,0.0025,193.96573348060886,,0.323,post-control
40000.0,100.0,0.0025,194.03590921631096,,0.323,post-control
40000.0,100.0,0.0025,194.10608495201308,,0.323,post-control
40000.0,100.0,0.0025,194.17626068771517,,0.323,post-control
40000.0,100.0,0.0025,194.24643642341726,,0.323,post-control
40000.0,100.0,0.0025,194.3166121591194,,0.323,post-control
40000.0,100.0,0.0025,194.38678789482148,,0.323,post-control
40000.0,100.0,0.0025,194.45696363052357,,0.323,post-control
40000.0,100.0,0.0025,194.52713936622567,,0.323,post-control
40000.0,100.0,0.0025,194.5973151019278,,0.323,post-control
40000.0,100.0,0.0025,194.66749083762988,,0.323,post-control
40000.0,100.0,0.0025,194.73766657333198,,0.323,post-control
40000.0,100.0,0.0025,194.80784230903407,,0.323,post-control
40000.0,100.0,0.0025,194.8780180447362,,0.323,post-control
40000.0,100.0,0.0025,194.9481937804383,,0.323,post-control
40000.0,100.0,0.0025,195.01836951614038,,0.323,post-control
40000.0,100.0,0.0025,195.0885452518425,,0.323,post-control
40000.0,100.0,0.0025,195.1587209875446,,0.323,post-control
40000.0,100.0,0.0025,195.2288967232467,,0.323,post-control
40000.0,100.0,0.0025,195.29907245894879,,0.323,post-control
40000.0,100.0,0.0025,195.3692481946509,,0.323,post-control
40000.0,100.0,0.0025,195.439423930353,,0.323,post-control
40000.0,100.0,0.0025,195.5095996660551,,0.323,post-control
40000.0,100.0,0.0025,195.57977540175722,,0.323,post-control
40000.0,100.0,0.0025,195.6499511374593,,0.323,post-control
40000.0,100.0,0.0025,195.7201268731614,,0.323,post-control
40000.0,100.0,0.0025,195.7903026088635,,0.323,post-control
40000.0,100.0,0.0025,195.86047834456562,,0.323,post-control
40000.0,100.0,0.0025,195.93065408026771,,0.323,post-control
40000.0,100.0,0.0025,196.0008298159698,,0.323,post-control
40000.0,100.0,0.0025,196.0710055516719,,0.323,post-control
40000.0,100.0,0.0025,196.14118128737402,,0.323,post-control
40000.0,100.0,0.0025,196.21135702307612,,0.323,post-control
40000.0,100.0,0.0025,196.2815327587782,,0.323,post-control
40000.0,100.0,0.0025,196.35170849448033,,0.323,post-control
40000.0,100.0,0.0025,196.42188423018243,,0.323,post-control
40000.0,100.0,0.0025,196.49205996588452,,0.323,post-control
40000.0,100.0,0.0025,196.56223570158662,,0.323,post-control
40000.0,100.0,0.0025,196.63241143728874,,0.323,post-control
40000.0,100.0,0.0025,196.70258717299083,,0.323,post-control
40000.0,100.0,0.0025,196.77276290869293,,0.323,post-control
40000.0,100.0,0.0025,196.84293864439502,,0.323,post-control
40000.0,100.0,0.0025,196.91311438009714,,0.323,post-control
40000.0,100.0,0.0025,196.98329011579924,,0.323,post-control
40000.0,100.0,0.0025,197.05346585150133,,0.323,post-control
40000.0,100.0,0.0025,197.12364158720345,,0.323,post-control
40000.0,100.0,0.0025,197.19381732290555,,0.323,post-control
40000.0,100.0,0.0025,197.26399305860764,,0.323,post-control
40000.0,100.0,0.0025,197.33416879430973,,0.323,post-control
40000.0,100.0,0.0025,197.40434453001185,,0.323,post-control
40000.0,100.0,0.0025,197.47452026571395,,0.323,post-control
40000.0,100.0,0.0025,197.54469600141604,,0.323,post-control
40000.0,100.0,0.0025,197.61487173711816,,0.323,post-control
40000.0,100.0,0.0025,197.68504747282026,,0.323,post-control
40000.0,100.0,0.0025,197.75522320852235,,0.323,post-control
40000.0,100.0,0.0025,197.82539894422445,,0.323,post-control
40000.0,100.0,0.0025,197.89557467992657,,0.323,post-control
40000.0,100.0,0.0025,197.96575041562866,,0.323,post-control
40000.0,100.0,0.0025,198.03592615133076,,0.323,post-control
40000.0,100.0,0.0025,198.10610188703285,,0.323,post-control
40000.0,100.0,0.0025,198.17627762273497,,0.323,post-control
40000.0,100.0,0.0025,198.24645335843707,,0.323,post-control
40000.0,100.0,0.0025,198.31662909413916,,0.323,post-control
40000.0,100.0,0.0025,198.38680482984128,,0.323,post-control
40000.0,100.0,0.0025,198.45698056554338,,0.323,post-control
40000.0,100.0,0.0025,198.52715630124547,,0.323,post-control
40000.0,100.0,0.0025,198.59733203694756,,0.323,post-control
40000.0,100.0,0.0025,198.66750777264969,,0.323,post-control
40000.0,100.0,0.0025,198.73768350835178,,0.323,post-control
40000.0,100.0,0.0025,198.80785924405387,,0.323,post-control
40000.0,100.0,0.0025,198.87803497975597,,0.323,post-control
40000.0,100.0,0.0025,198.9482107154581,,0.323,post-control
40000.0,100.0,0.0025,199.01838645116018,,0.323,post-control
40000.0,100.0,0.0025,199.08856218686228,,0.323,post-control
40000.0,100.0,0.0025,199.1587379225644,,0.323,post-control
40000.0,100.0,0.0025,199.2289136582665,,0.323,post-control
40000.0,100.0,0.0025,199.2990893939686,,0.323,post-control
40000.0,100.0,0.0025,199.36926512967068,,0.323,post-control
40000.0,100.0,0.0025,199.4394408653728,,0.323,post-control
40000.0,100.0,0.0025,199.5096166010749,,0.323,post-control
40000.0,100.0,0.0025,199.579792336777,,0.323,post-control
40000.0,100.0,0.0025,199.64996807247908,,0.323,post-control
40000.0,100.0,0.0025,199.7201438081812,,0.323,post-control
40000.0,100.0,0.0025,199.7903195438833,,0.323,post-control
40000.0,100.0,0.0025,199.8604952795854,,0.323,post-control
40000.0,100.0,0.0025,199.93067101528752,,0.323,post-control
40000.0,100.0,0.0025,200.0008467509896,,0.323,post-control
40000.0,100.0,0.0025,200.0710224866917,,0.323,post-control
40000.0,100.0,0.0025,200.1411982223938,,0.323,post-control
40000.0,100.0,0.0025,200.21137395809592,,0.323,post-control
40000.0,100.0,0.0025,200.281549693798,,0.323,post-control
40000.0,100.0,0.0025,200.3517254295001,,0.323,post-control
40000.0,100.0,0.0025,200.42190116520223,,0.323,post-control
40000.0,100.0,0.0025,200.49207690090432,,0.323,post-control
40000.0,100.0,0.0025,200.56225263660642,,0.323,post-control
40000.0,100.0,0.0025,200.6324283723085,,0.323,post-control
40000.0,100.0,0.0025,200.70260410801063,,0.323,post-control
40000.0,100.0,0.0025,200.77277984371273,,0.323,post-control
40000.0,100.0,0.0025,200.84295557941482,,0.323,post-control
40000.0,100.0,0.0025,200.9131313151169,,0.323,post-control
40000.0,100.0,0.0025,200.98330705081904,,0.323,post-control
40000.0,100.0,0.0025,201.05348278652113,,0.323,post-control
40000.0,100.0,0.0025,201.12365852222322,,0.323,post-control
40000.0,100.0,0.0025,201.19383425792535,,0.323,post-control
40000.0,100.0,0.0025,201.26400999362744,,0.323,post-control
40000.0,100.0,0.0025,201.33418572932953,,0.323,post-control
40000.0,100.0,0.0025,201.40436146503163,,0.323,post-control
40000.0,100.0,0.0025,201.47453720073375,,0.323,post-control
40000.0,100.0,0.0025,201.54471293643584,,0.323,post-control
40000.0,100.0,0.0025,201.61488867213794,,0.323,post-control
40000.0,100.0,0.0025,201.68506440784003,,0.323,post-control
40000.0,100.0,0.0025,201.75524014354215,,0.323,post-control
40000.0,100.0,0.0025,201.82541587924425,,0.323,post-control
40000.0,100.0,0.0025,201.89559161494634,,0.323,post-control
40000.0,100.0,0.0025,201.96576735064846,,0.323,post-control
40000.0,100.0,0.0025,202.03594308635056,,0.323,post-control
40000.0,100.0,0.0025,202.10611882205265,,0.323,post-control
40000.0,100.0,0.0025,202.17629455775474,,0.323,post-control
40000.0,100.0,0.0025,202.24647029345687,,0.323,post-control
40000.0,100.0,0.0025,202.31664602915896,,0.323,post-control
40000.0,100.0,0.0025,202.38682176486105,,0.323,post-control
40000.0,100.0,0.0025,202.45699750056318,,0.323,post-control
40000.0,100.0,0.0025,202.52717323626527,,0.323,post-control
40000.0,100.0,0.0025,202.59734897196736,,0.323,post-control
40000.0,100.0,0.0025,202.66752470766946,,0.323,post-control
40000.0,100.0,0.0025,202.73770044337158,,0.323,post-control
40000.0,100.0,0.0025,202.80787617907367,,0.323,post-control
40000.0,100.0,0.0025,202.87805191477577,,0.323,post-control
40000.0,100.0,0.0025,202.94822765047786,,0.323,post-control
40000.0,100.0,0.0025,203.01840338617998,,0.323,post-control
40000.0,100.0,0.0025,203.08857912188208,,0.323,post-control
40000.0,100.0,0.0025,203.15875485758417,,0.323,post-control
40000.0,100.0,0.0025,203.2289305932863,,0.323,post-control
40000.0,100.0,0.0025,203.2991063289884,,0.323,post-control
40000.0,100.0,0.0025,203.36928206469048,,0.323,post-control
40000.0,100.0,0.0025,203.43945780039257,,0.323,post-control
40000.0,100.0,0.0025,203.5096335360947,,0.323,post-control
40000.0,100.0,0.0025,203.5798092717968,,0.323,post-control
40000.0,100.0,0.0025,203.64998500749888,,0.323,post-control
40000.0,100.0,0.0025,203.72016074320098,,0.323,post-control
40000.0,100.0,0.0025,203.7903364789031,,0.323,post-control
40000.0,100.0,0.0025,203.8605122146052,,0.323,post-control
40000.0,100.0,0.0025,203.9306879503073,,0.323,post-control
40000.0,100.0,0.0025,204.0008636860094,,0.323,post-control
40000.0,100.0,0.0025,204.0710394217115,,0.323,post-control
40000.0,100.0,0.0025,204.1412151574136,,0.323,post-control
40000.0,100.0,0.0025,204.2113908931157,,0.323,post-control
40000.0,100.0,0.0025,204.2815666288178,,0.323,post-control
40000.0,100.0,0.0025,204.3517423645199,,0.323,post-control
40000.0,100.0,0.0025,204.421918100222,,0.323,post-control
40000.0,100.0,0.0025,204.4920938359241,,0.323,post-control
40000.0,100.0,0.0025,204.56226957162622,,0.323,post-control
40000.0,100.0,0.0025,204.6324453073283,,0.323,post-control
40000.0,100.0,0.0025,204.7026210430304,,0.323,post-control
40000.0,100.0,0.0025,204.77279677873253,,0.323,post-control
40000.0,100.0,0.0025,204.84297251443462,,0.323,post-control
40000.0,100.0,0.0025,204.91314825013671,,0.323,post-control
40000.0,100.0,0.0025,204.9833239858388,,0.323,post-control
40000.0,100.0,0.0025,205.05349972154093,,0.323,post-control
40000.0,100.0,0.0025,205.12367545724302,,0.323,post-control
40000.0,100.0,0.0025,205.19385119294512,,0.323,post-control
40000.0,100.0,0.0025,205.26402692864724,,0.323,post-control
40000.0,100.0,0.0025,205.33420266434933,,0.323,post-control
40000.0,100.0,0.0025,205.40437840005143,,0.323,post-control
40000.0,100.0,0.0025,205.47455413575352,,0.323,post-control
40000.0,100.0,0.0025,205.54472987145564,,0.323,post-control
40000.0,100.0,0.0025,205.61490560715774,,0.323,post-control
40000.0,100.0,0.0025,205.68508134285983,,0.323,post-control
40000.0,100.0,0.0025,205.75525707856193,,0.323,post-control
40000.0,100.0,0.0025,205.82543281426405,,0.323,post-control
40000.0,100.0,0.0025,205.89560854996614,,0.323,post-control
40000.0,100.0,0.0025,205.96578428566824,,0.323,post-control
40000.0,100.0,0.0025,206.03596002137036,,0.323,post-control
40000.0,100.0,0.0025,206.10613575707245,,0.323,post-control
40000.0,100.0,0.0025,206.17631149277454,,0.323,post-control
40000.0,100.0,0.0025,206.24648722847664,,0.323,post-control
40000.0,100.0,0.0025,206.31666296417876,,0.323,post-control
40000.0,100.0,0.0025,206.38683869988085,,0.323,post-control
40000.0,100.0,0.0025,206.45701443558295,,0.323,post-control
40000.0,100.0,0.0025,206.52719017128504,,0.323,post-control
40000.0,100.0,0.0025,206.59736590698716,,0.323,post-control
40000.0,100.0,0.0025,206.66754164268926,,0.323,post-control
40000.0,100.0,0.0025,206.73771737839135,,0.323,post-control
40000.0,100.0,0.0025,206.80789311409347,,0.323,post-control
40000.0,100.0,0.0025,206.87806884979557,,0.323,post-control
40000.0,100.0,0.0025,206.94824458549766,,0.323,post-control
40000.0,100.0,0.0025,207.01842032119976,,0.323,post-control
40000.0,100.0,0.0025,207.08859605690188,,0.323,post-control
40000.0,100.0,0.0025,207.15877179260397,,0.323,post-control
40000.0,100.0,0.0025,207.22894752830607,,0.323,post-control
40000.0,100.0,0.0025,207.2991232640082,,0.323,post-control
40000.0,100.0,0.0025,207.36929899971028,,0.323,post-control
40000.0,100.0,0.0025,207.43947473541238,,0.323,post-control
40000.0,100.0,0.0025,207.50965047111447,,0.323,post-control
40000.0,100.0,0.0025,207.5798262068166,,0.323,post-control
40000.0,100.0,0.0025,207.65000194251868,,0.323,post-control
40000.0,100.0,0.0025,207.72017767822078,,0.323,post-control
40000.0,100.0,0.0025,207.79035341392287,,0.323,post-control
40000.0,100.0,0.0025,207.860529149625,,0.323,post-control
40000.0,100.0,0.0025,207.9307048853271,,0.323,post-control
40000.0,100.0,0.0025,208.00088062102918,,0.323,post-control
40000.0,100.0,0.0025,208.0710563567313,,0.323,post-control
40000.0,100.0,0.0025,208.1412320924334,,0.323,post-control
40000.0,100.0,0.0025,208.2114078281355,,0.323,post-control
40000.0,100.0,0.0025,208.2815835638376,,0.323,post-control
40000.0,100.0,0.0025,208.3517592995397,,0.323,post-control
40000.0,100.0,0.0025,208.4219350352418,,0.323,post-control
40000.0,100.0,0.0025,208.4921107709439,,0.323,post-control
40000.0,100.0,0.0025,208.562286506646,,0.323,post-control
40000.0,100.0,0.0025,208.6324622423481,,0.323,post-control
40000.0,100.0,0.0025,208.7026379780502,,0.323,post-control
40000.0,100.0,0.0025,208.7728137137523,,0.323,post-control
40000.0,100.0,0.0025,208.84298944945442,,0.323,post-control
40000.0,100.0,0.0025,208.91316518515652,,0.323,post-control
40000.0,100.0,0.0025,208.9833409208586,,0.323,post-control
40000.0,100.0,0.0025,209.0535166565607,,0.323,post-control
40000.0,100.0,0.0025,209.12369239226283,,0.323,post-control
40000.0,100.0,0.0025,209.19386812796492,,0.323,post-control
40000.0,100.0,0.0025,209.264043863667,,0.323,post-control
40000.0,100.0,0.0025,209.3342195993691,,0.323,post-control
40000.0,100.0,0.0025,209.40439533507123,,0.323,post-control
40000.0,100.0,0.0025,209.47457107077332,,0.323,post-control
40000.0,100.0,0.0025,209.54474680647542,,0.323,post-control
40000.0,100.0,0.0025,209.61492254217754,,0.323,post-control
40000.0,100.0,0.0025,209.68509827787963,,0.323,post-control
40000.0,100.0,0.0025,209.75527401358173,,0.323,post-control
40000.0,100.0,0.0025,209.82544974928382,,0.323,post-control
40000.0,100.0,0.0025,209.89562548498594,,0.323,post-control
40000.0,100.0,0.0025,209.96580122068804,,0.323,post-control
40000.0,100.0,0.0025,210.03597695639013,,0.323,post-control
40000.0,100.0,0.0025,210.10615269209225,,0.323,post-control
40000.0,100.0,0.0025,210.17632842779435,,0.323,post-control
40000.0,100.0,0.0025,210.24650416349644,,0.323,post-control
40000.0,100.0,0.0025,210.31667989919853,,0.323,post-control
40000.0,100.0,0.0025,210.38685563490066,,0.323,post-control
40000.0,100.0,0.0025,210.45703137060275,,0.323,post-control
50000.0,100.0,0.002,0.0,0.0013085564730700168,0.323,pre-control
50000.0,100.0,0.002,0.02496350136484156,0.0013420240560798608,0.323,pre-control
50000.0,100.0,0.002,0.04992700272968312,0.0013763476255439484,0.323,pre-control
50000.0,100.0,0.002,0.07017573570210162,0.0014049006557640257,0.323,pre-control
50000.0,100.0,0.002,0.07489050409452468,0.0014115490186306255,0.323,pre-control
50000.0,100.0,0.002,0.09985400545936624,0.0014476506740158852,0.323,pre-control
50000.0,100.0,0.002,0.1248175068242078,0.0014846756318833683,0.323,pre-control
50000.0,100.0,0.002,0.14035147140420323,0.0015083042956961536,0.323,pre-control
50000.0,100.0,0.002,0.14978100818904935,0.0015226475339243618,0.323,pre-control
50000.0,100.0,0.002,0.17474450955389093,0.0015615906233378005,0.323,pre-control
50000.0,100.0,0.002,0.19970801091873247,0.001601529744830266,0.323,pre-control
50000.0,100.0,0.002,0.21052720710630485,0.0016192860463269353,0.323,pre-control
50000.0,100.0,0.002,0.22467151228357402,0.0016424994665140077,0.323,pre-control
50000.0,100.0,0.002,0.2496350136484156,0.0016845999669302246,0.323,pre-control
50000.0,100.0,0.002,0.27459851501325716,0.0017278585717672953,0.323,pre-control
50000.0,100.0,0.002,0.28070294280840646,0.0017387221686788552,0.323,pre-control
50000.0,100.0,0.002,0.2995620163780987,0.0017722842616811492,0.323,pre-control
50000.0,100.0,0.002,0.32452551774294025,0.001817887879826975,0.323,pre-control
50000.0,100.0,0.002,0.34948901910778185,0.0018646821318592192,0.323,pre-control
50000.0,100.0,0.002,0.3508786785105081,0.0018673541485648298,0.323,pre-control
50000.0,100.0,0.002,0.3744525204726234,0.0019126815859315859,0.323,pre-control
50000.0,100.0,0.002,0.39941602183746494,0.001961902672697038,0.323,pre-control
50000.0,100.0,0.002,0.4210544142126097,0.0020056423378409884,0.323,pre-control
50000.0,100.0,0.002,0.4243795232023065,0.0020123636853077963,0.323,pre-control
50000.0,100.0,0.002,0.44934302456714803,0.0020640847794153394,0.323,pre-control
50000.0,100.0,0.002,0.47430652593198963,0.002117087973170405,0.323,pre-control
50000.0,100.0,0.002,0.4912301499147113,0.0021539060471675313,0.323,pre-control
50000.0,100.0,0.002,0.4992700272968312,0.002171397147222988,0.323,pre-control
50000.0,100.0,0.002,0.5242335286616727,0.002227038044722342,0.323,pre-control
50000.0,100.0,0.002,0.5491970300265143,0.002284038271316978,0.323,pre-control
50000.0,100.0,0.002,0.5614058856168129,0.0023125944882384088,0.323,pre-control
50000.0,100.0,0.002,0.5741605313913558,0.0023424272951546666,0.323,pre-control
50000.0,100.0,0.002,0.5991240327561974,0.002402236446882435,0.323,pre-control
50000.0,100.0,0.002,0.624087534121039,0.0024634989196465687,0.323,pre-control
50000.0,100.0,0.002,0.6315816213189145,0.002482336835474824,0.323,pre-control
50000.0,100.0,0.002,0.6490510354858805,0.002526249769092613,0.323,pre-control
50000.0,100.0,0.002,0.6740145368507221,0.0025905259133653692,0.323,pre-control
50000.0,100.0,0.002,0.6989780382155637,0.002656366133108898,0.323,pre-control
50000.0,100.0,0.002,0.7017573570210162,0.002663875135262495,0.323,pre-control
50000.0,100.0,0.002,0.7239415395804052,0.002723811071466517,0.323,pre-control
50000.0,100.0,0.002,0.7489050409452468,0.0027929032340808057,0.323,pre-control
50000.0,100.0,0.002,0.7719330927231178,0.0028581990414134413,0.323,pre-control
50000.0,100.0,0.002,0.7738685423100883,0.002863686989093596,0.323,pre-control
50000.0,100.0,0.002,0.7988320436749299,0.0029362085671459817,0.323,pre-control
50000.0,100.0,0.002,0.8237955450397715,0.003010516061378315,0.323,pre-control
50000.0,100.0,0.002,0.8421088284252194,0.0030663750140168277,0.323,pre-control
50000.0,100.0,0.002,0.848759046404613,0.0030866594274302035,0.323,pre-control
50000.0,100.0,0.002,0.8737225477694546,0.003164690483440516,0.323,pre-control
50000.0,100.0,0.002,0.8986860491342961,0.003244662910047377,0.323,pre-control
50000.0,100.0,0.002,0.912284564127321,0.0032893145511493954,0.323,pre-control
50000.0,100.0,0.002,0.9236495504991377,0.0033266322503881715,0.323,pre-control
50000.0,100.0,0.002,0.9486130518639793,0.00341065591009954,0.323,pre-control
50000.0,100.0,0.002,0.9735765532288208,0.003496793157317383,0.323,pre-control
50000.0,100.0,0.002,0.9824602998294226,0.003528220684673768,0.323,pre-control
50000.0,100.0,0.002,0.9985400545936624,0.00358510512267686,0.323,pre-control
50000.0,100.0,0.002,1.023503555958504,0.003675654799312384,0.323,pre-control
50000.0,100.0,0.002,1.0484670573233454,0.0037685070428576323,0.323,pre-control
50000.0,100.0,0.002,1.0526360355315243,0.003784409318417084,0.323,pre-control
50000.0,100.0,0.002,1.073430558688187,0.003863728571445536,0.323,pre-control
50000.0,100.0,0.002,1.0983940600530286,0.003961387965708288,0.323,pre-control
50000.0,100.0,0.002,1.1228117712336259,0.004059365649504223,0.323,pre-control
50000.0,100.0,0.002,1.1233575614178701,0.004061555668777335,0.323,pre-control
50000.0,100.0,0.002,1.1483210627827116,0.004164303986283383,0.323,pre-control
50000.0,100.0,0.002,1.1732845641475533,0.004269707086356401,0.323,pre-control
50000.0,100.0,0.002,1.1929875069357274,0.004355053940368045,0.323,pre-control
50000.0,100.0,0.002,1.1982480655123948,0.00437784099962561,0.323,pre-control
50000.0,100.0,0.002,1.2232115668772363,0.00448878361921949,0.323,pre-control
50000.0,100.0,0.002,1.248175068242078,0.004602614700765782,0.323,pre-control
50000.0,100.0,0.002,1.263163242637829,0.0046727425307719495,0.323,pre-control
50000.0,100.0,0.002,1.2731385696069195,0.004719415862391485,0.323,pre-control
50000.0,100.0,0.002,1.298102070971761,0.004839270584722853,0.323,pre-control
50000.0,100.0,0.002,1.3230655723366027,0.004962264210885401,0.323,pre-control
50000.0,100.0,0.002,1.3333389783399308,0.005014208310019982,0.323,pre-control
50000.0,100.0,0.002,1.3480290737014442,0.005088483946503901,0.323,pre-control
50000.0,100.0,0.002,1.3729925750662857,0.005218018859702382,0.323,pre-control
50000.0,100.0,0.002,1.3979560764311274,0.005350959881104136,0.323,pre-control
50000.0,100.0,0.002,1.4035147140420323,0.005381341039380698,0.323,pre-control
50000.0,100.0,0.002,1.422919577795969,0.005487399803831704,0.323,pre-control
50000.0,100.0,0.002,1.4478830791608104,0.005627433283506895,0.323,pre-control
50000.0,100.0,0.002,1.4728465805256519,0.005771156838250772,0.323,pre-control
50000.0,100.0,0.002,1.4736904497441339,0.005776143352087169,0.323,pre-control
50000.0,100.0,0.002,1.4978100818904936,0.0059186688486836565,0.323,pre-control
50000.0,100.0,0.002,1.522773583255335,0.006070069557925124,0.323,pre-control
50000.0,100.0,0.002,1.5438661854462357,0.0062013656983886545,0.323,pre-control
50000.0,100.0,0.002,1.5477370846201766,0.006225461071594013,0.323,pre-control
50000.0,100.0,0.002,1.5727005859850183,0.006384947357808422,0.323,pre-control
50000.0,100.0,0.002,1.5976640873498598,0.006548634247185702,0.323,pre-control
50000.0,100.0,0.002,1.6140419211483372,0.0066588510468813525,0.323,pre-control
50000.0,100.0,0.002,1.6226275887147013,0.006716629432842465,0.323,pre-control
50000.0,100.0,0.002,1.647591090079543,0.0068890424703945815,0.323,pre-control
50000.0,100.0,0.002,1.6725545914443845,0.007065984777957178,0.323,pre-control
50000.0,100.0,0.002,1.6842176568504388,0.007150822078896551,0.323,pre-control
50000.0,100.0,0.002,1.697518092809226,0.007247569636144643,0.323,pre-control
50000.0,100.0,0.002,1.7224815941740677,0.007433912188070621,0.323,pre-control
50000.0,100.0,0.002,1.7474450955389091,0.007625129439348012,0.323,pre-control
50000.0,100.0,0.002,1.7543933925525403,0.007679742413144232,0.323,pre-control
50000.0,100.0,0.002,1.7724085969037506,0.007821340258088977,0.323,pre-control
50000.0,100.0,0.002,1.7973720982685921,0.008022665374904935,0.323,pre-control
50000.0,100.0,0.002,1.8223355996334338,0.008229227382906566,0.323,pre-control
50000.0,100.0,0.002,1.824569128254642,0.008248188540298882,0.323,pre-control
50000.0,100.0,0.002,1.8472991009982753,0.0084411507377038,0.323,pre-control
50000.0,100.0,0.002,1.8722626023631168,0.008658561757405836,0.323,pre-control
50000.0,100.0,0.002,1.8947448639567437,0.00885942093388492,0.323,pre-control
50000.0,100.0,0.002,1.8972261037279585,0.008881588622621122,0.323,pre-control
50000.0,100.0,0.002,1.9221896050928,0.009110361376457366,0.323,pre-control
50000.0,100.0,0.002,1.9471531064576415,0.009345011924521538,0.323,pre-control
50000.0,100.0,0.002,1.9649205996588452,0.009516300492891672,0.323,pre-control
50000.0,100.0,0.002,1.9721166078224832,0.009585674034919865,0.323,pre-control
50000.0,100.0,0.002,1.9970801091873247,0.009832483338257826,0.323,pre-control
50000.0,100.0,0.002,2.022043610552166,0.010085577327640167,0.323,pre-control
50000.0,100.0,0.002,2.035096335360947,0.010221272132325354,0.323,pre-control
50000.0,100.0,0.002,2.047007111917008,0.010345095358670888,0.323,pre-control
50000.0,100.0,0.002,2.071970613281849,0.010611178649453245,0.323,pre-control
50000.0,100.0,0.002,2.096934114646691,0.01088397028058976,0.323,pre-control
50000.0,100.0,0.002,2.1052720710630486,0.010977373328337372,0.323,pre-control
50000.0,100.0,0.002,2.1218976160115326,0.011163615195182204,0.323,pre-control
50000.0,100.0,0.002,2.146861117376374,0.011450260198831604,0.323,pre-control
50000.0,100.0,0.002,2.1718246187412156,0.011744053959638262,0.323,pre-control
50000.0,100.0,0.002,2.17544780676515,0.011787754429043626,0.323,pre-control
50000.0,100.0,0.002,2.1967881201060573,0.012045147008201723,0.323,pre-control
50000.0,100.0,0.002,2.2217516214708986,0.012353691737620786,0.323,pre-control
50000.0,100.0,0.002,2.2456235424672517,0.0126560180663019,0.323,pre-control
50000.0,100.0,0.002,2.2467151228357403,0.012669842403493529,0.323,pre-control
50000.0,100.0,0.002,2.271678624200582,0.012994006269126987,0.323,pre-control
50000.0,100.0,0.002,2.2966421255654232,0.013326715314697552,0.323,pre-control
50000.0,100.0,0.002,2.3157992781693535,0.013588708256807629,0.323,pre-control
50000.0,100.0,0.002,2.321605626930265,0.013668115798535739,0.323,pre-control
50000.0,100.0,0.002,2.3465691282951067,0.014018360841630892,0.323,pre-control
50000.0,100.0,0.002,2.371532629659948,0.014377614896022727,0.323,pre-control
50000.0,100.0,0.002,2.385975013871455,0.014590771509541715,0.323,pre-control
50000.0,100.0,0.002,2.3964961310247896,0.01474605374480136,0.323,pre-control
50000.0,100.0,0.002,2.4214596323896314,0.015123864502107263,0.323,pre-control
50000.0,100.0,0.002,2.4464231337544726,0.015511245613131285,0.323,pre-control
50000.0,100.0,0.002,2.4561507495735566,0.01566600883781091,0.323,pre-control
50000.0,100.0,0.002,2.4713866351193143,0.015908406854114678,0.323,pre-control
50000.0,100.0,0.002,2.496350136484156,0.016315569332349043,0.323,pre-control
50000.0,100.0,0.002,2.5213136378489973,0.016732965486176362,0.323,pre-control
50000.0,100.0,0.002,2.526326485275658,0.01681888552749576,0.323,pre-control
50000.0,100.0,0.002,2.546277139213839,0.017160839084989016,0.323,pre-control
50000.0,100.0,0.002,2.5712406405786807,0.017599445229229745,0.323,pre-control
50000.0,100.0,0.002,2.596204141943522,0.018049050350391657,0.323,pre-control
50000.0,100.0,0.002,2.5965022209777597,0.01805455355356438,0.323,pre-control
50000.0,100.0,0.002,2.6211676433083637,0.018509932211018272,0.323,pre-control
50000.0,100.0,0.002,2.6461311446732054,0.018982379904703455,0.323,pre-control
50000.0,100.0,0.002,2.6666779566798615,0.019381006185766138,0.323,pre-control
50000.0,100.0,0.002,2.6710946460380467,0.019466693856091448,0.323,pre-control
50000.0,100.0,0.002,2.6960581474028884,0.019963185820876903,0.323,pre-control
50000.0,100.0,0.002,2.72102164876773,0.02047217888580482,0.323,pre-control
50000.0,100.0,0.002,2.736853692381963,0.0208031265666746,0.323,pre-control
50000.0,100.0,0.002,2.7459851501325714,0.02099400746867057,0.323,pre-control
50000.0,100.0,0.002,2.770948651497413,0.021529017318319944,0.323,pre-control
50000.0,100.0,0.002,2.795912152862255,0.022077565514649063,0.323,pre-control
50000.0,100.0,0.002,2.8070294280840646,0.022328049869051327,0.323,pre-control
50000.0,100.0,0.002,2.820875654227096,0.02264002046860444,0.323,pre-control
50000.0,100.0,0.002,2.845839155591938,0.023216761922182992,0.323,pre-control
50000.0,100.0,0.002,2.870802656956779,0.023808180948431963,0.323,pre-control
50000.0,100.0,0.002,2.8772051637861664,0.023963732605712794,0.323,pre-control
50000.0,100.0,0.002,2.8957661583216208,0.024414679951449036,0.323,pre-control
50000.0,100.0,0.002,2.9207296596864625,0.025036672666382216,0.323,pre-control
50000.0,100.0,0.002,2.9456931610513037,0.0256745841594299,0.323,pre-control
50000.0,100.0,0.002,2.9473808994882678,0.025718817978563013,0.323,pre-control
50000.0,100.0,0.002,2.9706566624161455,0.0263288508278409,0.323,pre-control
50000.0,100.0,0.002,2.995620163780987,0.02699992039991436,0.323,pre-control
50000.0,100.0,0.002,3.0175566351903695,0.027604786072357425,0.323,pre-control
50000.0,100.0,0.002,3.0205836651458284,0.0276882519349998,0.323,pre-control
50000.0,100.0,0.002,3.04554716651067,0.028394315823497156,0.323,pre-control
50000.0,100.0,0.002,3.070510667875512,0.029118593786856724,0.323,pre-control
50000.0,100.0,0.002,3.0877323708924713,0.029631160849923906,0.323,pre-control
50000.0,100.0,0.002,3.095474169240353,0.029861578877579148,0.323,pre-control
50000.0,100.0,0.002,3.120437670605195,0.0306237754792155,0.323,pre-control
50000.0,100.0,0.002,3.1454011719700365,0.03140569930636719,0.323,pre-control
50000.0,100.0,0.002,3.1579081065945727,0.031807597617276355,0.323,pre-control
50000.0,100.0,0.002,3.170364673334878,0.032207877404686024,0.323,pre-control
50000.0,100.0,0.002,3.1953281746997195,0.033030848150874176,0.323,pre-control
50000.0,100.0,0.002,3.2202916760645612,0.033875161252684215,0.323,pre-control
50000.0,100.0,0.002,3.2280838422966744,0.03414554411416721,0.323,pre-control
50000.0,100.0,0.002,3.2452551774294025,0.03474137774891904,0.323,pre-control
50000.0,100.0,0.002,3.270218678794244,0.03563007000943202,0.323,pre-control
50000.0,100.0,0.002,3.295182180159086,0.0365418217351268,0.323,pre-control
50000.0,100.0,0.002,3.298259577998776,0.03665713476943639,0.323,pre-control
50000.0,100.0,0.002,3.320145681523927,0.03747722795795744,0.323,pre-control
50000.0,100.0,0.002,3.345109182888769,0.03843689504092841,0.323,pre-control
50000.0,100.0,0.002,3.3684353137008776,0.039356863757951915,0.323,pre-control
50000.0,100.0,0.002,3.3700726842536106,0.039421440678094534,0.323,pre-control
50000.0,100.0,0.002,3.395036185618452,0.04043149389456096,0.323,pre-control
50000.0,100.0,0.002,3.4199996869832936,0.04146769504648334,0.323,pre-control
50000.0,100.0,0.002,3.4386110494029793,0.042260207778533704,0.323,pre-control
50000.0,100.0,0.002,3.4449631883481353,0.04253069582106757,0.323,pre-control
50000.0,100.0,0.002,3.4699266897129766,0.04362115923656998,0.323,pre-control
50000.0,100.0,0.002,3.4948901910778183,0.04473975964229732,0.323,pre-control
50000.0,100.0,0.002,3.5087867851050807,0.04537850307960376,0.323,pre-control
50000.0,100.0,0.002,3.51985369244266,0.04588718271860663,0.323,pre-control
50000.0,100.0,0.002,3.5448171938075013,0.047064125476905395,0.323,pre-control
50000.0,100.0,0.002,3.569780695172343,0.04827129625965145,0.323,pre-control
50000.0,100.0,0.002,3.5789625208071825,0.04872668862785045,0.323,pre-control
50000.0,100.0,0.002,3.5947441965371842,0.049509414740352996,0.323,pre-control
50000.0,100.0,0.002,3.619707697902026,0.05077921192356867,0.323,pre-control
50000.0,100.0,0.002,3.6446711992668677,0.05208143014490742,0.323,pre-control
50000.0,100.0,0.002,3.649138256509284,0.0523203900790496,0.323,pre-control
50000.0,100.0,0.002,3.669634700631709,0.053416823071028574,0.323,pre-control
50000.0,100.0,0.002,3.6945982019965506,0.054786155699641896,0.323,pre-control
50000.0,100.0,0.002,3.7193139922113856,0.05617627207881022,0.323,pre-control
50000.0,100.0,0.002,3.7195617033613924,0.05619020435950746,0.323,pre-control
50000.0,100.0,0.002,3.7445252047262336,0.057629756710435756,0.323,pre-control
50000.0,100.0,0.002,3.7694887060910753,0.059105611743287656,0.323,pre-control
50000.0,100.0,0.002,3.7894897279134874,0.06031781776663831,0.323,pre-control
50000.0,100.0,0.002,3.794452207455917,0.060618579779974396,0.323,pre-control
50000.0,100.0,0.002,3.8194157088207583,0.06216948247345755,0.323,pre-control
50000.0,100.0,0.002,3.8443792101856,0.063759683767245,0.323,pre-control
50000.0,100.0,0.002,3.8596654636155887,0.06475854523247687,0.323,pre-control
50000.0,100.0,0.002,3.8693427115504417,0.06539089311915107,0.323,pre-control
50000.0,100.0,0.002,3.894306212915283,0.06706403491346609,0.323,pre-control
50000.0,100.0,0.002,3.9192697142801247,0.06878006575221654,0.323,pre-control
50000.0,100.0,0.002,3.9298411993176905,0.06952535229222254,0.323,pre-control
50000.0,100.0,0.002,3.9442332156449664,0.07053998514788566,0.323,pre-control
50000.0,100.0,0.002,3.9691967170098077,0.07234483552341356,0.323,pre-control
50000.0,100.0,0.002,3.9941602183746494,0.0741957022121973,0.323,pre-control
50000.0,100.0,0.002,4.000016935019792,0.07464099688036223,0.323,pre-control
50000.0,100.0,0.002,4.019123719739491,0.07609371345809074,0.323,pre-control
50000.0,100.0,0.002,4.044087221104332,0.0780400404154047,0.323,pre-control
50000.0,100.0,0.002,4.069050722469174,0.08003589714890677,0.323,pre-control
50000.0,100.0,0.002,4.070192670721894,0.08012952027161623,0.323,pre-control
50000.0,100.0,0.002,4.094014223834016,0.08208254063382145,0.323,pre-control
50000.0,100.0,0.002,4.1189777251988575,0.08418127075583014,0.323,pre-control
50000.0,100.0,0.002,4.140368406423995,0.08602540945732776,0.323,pre-control
50000.0,100.0,0.002,4.143941226563698,0.08633343031107099,0.323,pre-control
50000.0,100.0,0.002,4.16890472792854,0.08854040500613929,0.323,pre-control
50000.0,100.0,0.002,4.193868229293382,0.09080362345808696,0.323,pre-control
50000.0,100.0,0.002,4.210544142126097,0.09235403452070157,0.323,pre-control
50000.0,100.0,0.002,4.2188317306582235,0.09312455719442284,0.323,pre-control
50000.0,100.0,0.002,4.243795232023065,0.09550472065311269,0.323,pre-control
50000.0,100.0,0.002,4.268758733387907,0.09794567118257912,0.323,pre-control
50000.0,100.0,0.002,4.280719877828199,0.09914513376109331,0.323,pre-control
50000.0,100.0,0.002,4.293722234752748,0.10044900904170151,0.323,pre-control
50000.0,100.0,0.002,4.318685736117589,0.1030163773998164,0.323,pre-control
50000.0,100.0,0.002,4.343649237482431,0.10564946233671693,0.323,pre-control
50000.0,100.0,0.002,4.3508956135303,0.1064333691809033,0.323,pre-control
50000.0,100.0,0.002,4.368612738847273,0.1083499928426532,0.323,pre-control
50000.0,100.0,0.002,4.393576240212115,0.11111974081833217,0.323,pre-control
50000.0,100.0,0.002,4.418539741576956,0.11396052107491766,0.323,pre-control
50000.0,100.0,0.002,4.421071349232402,0.11425600326011313,0.323,pre-control
50000.0,100.0,0.002,4.443503242941797,0.11687419133403033,0.323,pre-control
50000.0,100.0,0.002,4.468466744306639,0.11986265222774795,0.323,pre-control
50000.0,100.0,0.002,4.491247084934503,0.12265978339875082,0.323,pre-control
50000.0,100.0,0.002,4.4934302456714805,0.12292784729860484,0.323,pre-control
50000.0,100.0,0.002,4.518393747036322,0.12607176299959238,0.323,pre-control
50000.0,100.0,0.002,4.543357248401164,0.12929642869415875,0.323,pre-control
50000.0,100.0,0.002,4.561422820636605,0.1316899896703616,0.323,pre-control
50000.0,100.0,0.002,4.568320749766006,0.13260391665620902,0.323,pre-control
50000.0,100.0,0.002,4.5932842511308465,0.13599634207010505,0.323,pre-control
50000.0,100.0,0.002,4.618247752495688,0.1394758630306658,0.323,pre-control
50000.0,100.0,0.002,4.631598556338707,0.14138451285765033,0.323,pre-control
50000.0,100.0,0.002,4.64321125386053,0.14304468054316696,0.323,pre-control
50000.0,100.0,0.002,4.668174755225372,0.14670503852334105,0.323,pre-control
50000.0,100.0,0.002,4.693138256590213,0.15045922379737747,0.323,pre-control
50000.0,100.0,0.002,4.701774292040808,0.15179123616827855,0.323,pre-control
50000.0,100.0,0.002,4.718101757955055,0.15430956610192256,0.323,pre-control
50000.0,100.0,0.002,4.743065259319896,0.15825843808407933,0.323,pre-control
50000.0,100.0,0.002,4.768028760684738,0.16230825530140813,0.323,pre-control
50000.0,100.0,0.002,4.77195002774291,0.16296064328748902,0.323,pre-control
50000.0,100.0,0.002,4.792992262049579,0.16646147622192575,0.323,pre-control
50000.0,100.0,0.002,4.817955763414421,0.17072060222410593,0.323,pre-control
50000.0,100.0,0.002,4.842125763445011,0.1749493478375805,0.323,pre-control
50000.0,100.0,0.002,4.842919264779263,0.17508817759687942,0.323,pre-control
50000.0,100.0,0.002,4.8678827661441035,0.17956678953963354,0.323,pre-control
50000.0,100.0,0.002,4.892846267508945,0.1841594539168449,0.323,pre-control
50000.0,100.0,0.002,4.912301499147113,0.18783061750827107,0.323,pre-control
50000.0,100.0,0.002,4.917809768873787,0.18887001707176163,0.323,pre-control
50000.0,100.0,0.002,4.942773270238629,0.19370134803000888,0.323,pre-control
50000.0,100.0,0.002,4.96773677160347,0.19865634922591785,0.323,pre-control
50000.0,100.0,0.002,4.982477234849215,0.20165698571071095,0.323,pre-control
50000.0,100.0,0.002,4.992700272968312,0.20373803436258756,0.323,pre-control
50000.0,100.0,0.002,5.017663774333153,0.2089495284118849,0.323,pre-control
50000.0,100.0,0.002,5.042627275697995,0.2142940676144452,0.323,pre-control
50000.0,100.0,0.002,5.052652970551316,0.2164952872907039,0.323,pre-control
50000.0,100.0,0.002,5.067590777062836,0.2197749994796712,0.323,pre-control
50000.0,100.0,0.002,5.092554278427678,0.2253957827857337,0.323,pre-control
50000.0,100.0,0.002,5.11751777979252,0.23115998757957149,0.323,pre-control
50000.0,100.0,0.002,5.122828706253418,0.23241760442899823,0.323,pre-control
50000.0,100.0,0.002,5.1424812811573615,0.2370712951768913,0.323,pre-control
50000.0,100.0,0.002,5.167444782522202,0.24313349816216762,0.323,pre-control
50000.0,100.0,0.002,5.192408283887044,0.24935050038864337,0.323,pre-control
50000.0,100.0,0.002,5.1930044419555195,0.24950276246308192,0.323,pre-control
50000.0,100.0,0.002,5.217371785251886,0.255726316978329,0.323,pre-control
50000.0,100.0,0.002,5.242335286616727,0.2622650743220029,0.323,pre-control
50000.0,100.0,0.002,5.263180177657621,0.2678646293741287,0.323,pre-control
50000.0,100.0,0.002,5.267298787981569,0.26897101007921154,0.323,pre-control
50000.0,100.0,0.002,5.292262289346411,0.2758484731782692,0.323,pre-control
50000.0,100.0,0.002,5.317225790711252,0.2829019238162579,0.323,pre-control
50000.0,100.0,0.002,5.333355913359723,0.2875761664664678,0.323,pre-control
50000.0,100.0,0.002,5.342189292076093,0.29013593345902855,0.323,pre-control
50000.0,100.0,0.002,5.367152793440935,0.2975551848411989,0.323,pre-control
50000.0,100.0,0.002,5.392116294805777,0.3051644719661551,0.323,pre-control
50000.0,100.0,0.002,5.403531649061825,0.30873320327551396,0.323,pre-control
50000.0,100.0,0.002,5.4170797961706185,0.3129687001060512,0.323,pre-control
50000.0,100.0,0.002,5.44204329753546,0.32097288580180927,0.323,pre-control
50000.0,100.0,0.002,5.467006798900301,0.3291821568631188,0.323,pre-control
50000.0,100.0,0.002,5.473707384763926,0.3314421051690819,0.323,pre-control
50000.0,100.0,0.002,5.491970300265143,0.33760175236843826,0.323,pre-control
50000.0,100.0,0.002,5.5169338016299845,0.34623702266499323,0.323,pre-control
50000.0,100.0,0.002,5.541897302994826,0.35509342936877747,0.323,pre-control
50000.0,100.0,0.002,5.5438831204660275,0.35581598067172737,0.323,pre-control
50000.0,100.0,0.002,5.566860804359668,0.3641765453645526,0.323,pre-control
50000.0,100.0,0.002,5.59182430572451,0.3734920548058482,0.323,pre-control
50000.0,100.0,0.002,5.614058856168129,0.38200136541386587,0.323,pre-control
50000.0,100.0,0.002,5.61678780708935,0.3830457531149615,0.323,pre-control
50000.0,100.0,0.002,5.641751308454192,0.39284354698295865,0.323,pre-control
50000.0,100.0,0.002,5.666714809819034,0.4028914543696729,0.323,pre-control
50000.0,100.0,0.002,5.684234591870231,0.4101230715949774,0.323,pre-control
50000.0,100.0,0.002,5.691678311183876,0.4131956057538829,0.323,pre-control
50000.0,100.0,0.002,5.716641812548717,0.42376328566107574,0.323,pre-control
50000.0,100.0,0.002,5.741605313913558,0.4346017863232764,0.323,pre-control
50000.0,100.0,0.002,5.754410327572333,0.4403036953856826,0.323,pre-control
50000.0,100.0,0.002,5.7665688152784,0.4457177146974754,0.323,pre-control
50000.0,100.0,0.002,5.7915323166432415,0.4571179156222825,0.323,pre-control
50000.0,100.0,0.002,5.816495818008083,0.46880947181792804,0.323,pre-control
50000.0,100.0,0.002,5.824586063274434,0.47269530164666784,0.323,pre-control
50000.0,100.0,0.002,5.841459319372925,0.4807997038862627,0.323,pre-control
50000.0,100.0,0.002,5.866422820737767,0.49309617031075736,0.323,pre-control
50000.0,100.0,0.002,5.8913863221026075,0.5057066674565028,0.323,pre-control
50000.0,100.0,0.002,5.8947617989765355,0.5074553630299908,0.323,pre-control
50000.0,100.0,0.002,5.916349823467449,0.5186392295702114,0.323,pre-control
50000.0,100.0,0.002,5.941313324832291,0.5319021287802143,0.323,pre-control
50000.0,100.0,0.002,5.964937534678637,0.5447741415862544,0.323,pre-control
50000.0,100.0,0.002,5.966276826197133,0.5455038750964636,0.323,pre-control
50000.0,100.0,0.002,5.991240327561974,0.5594532164105317,0.323,pre-control
50000.0,100.0,0.002,6.016203828926816,0.573759138495611,0.323,pre-control
50000.0,100.0,0.002,6.035113270380739,0.5848727298717245,0.323,pre-control
50000.0,100.0,0.002,6.041167330291657,0.588430865006514,0.323,pre-control
50000.0,100.0,0.002,6.066130831656499,0.6034778574796744,0.323,pre-control
50000.0,100.0,0.002,6.09109433302134,0.6189098153331456,0.323,pre-control
50000.0,100.0,0.002,6.105289006082841,0.627909238434056,0.323,pre-control
50000.0,100.0,0.002,6.116057834386182,0.6347366758666009,0.323,pre-control
50000.0,100.0,0.002,6.141021335751024,0.6509686142613343,0.323,pre-control
50000.0,100.0,0.002,6.165984837115865,0.66761604358026,0.323,pre-control
50000.0,100.0,0.002,6.175464741784943,0.6740997425155226,0.323,pre-control
50000.0,100.0,0.002,6.190948338480706,0.684689614767912,0.323,pre-control
50000.0,100.0,0.002,6.215911839845548,0.702200216650446,0.323,pre-control
50000.0,100.0,0.002,6.24087534121039,0.7201589759356364,0.323,pre-control
50000.0,100.0,0.002,6.2456404774870435,0.7236747335605427,0.323,pre-control
50000.0,100.0,0.002,6.265838842575231,0.7385772572128787,0.323,pre-control
50000.0,100.0,0.002,6.290802343940073,0.7574666629531884,0.323,pre-control
50000.0,100.0,0.002,6.315765845304915,0.7768390335092012,0.323,pre-control
50000.0,100.0,0.002,6.315816213189145,0.7768791192156829,0.323,pre-control
50000.0,100.0,0.002,6.340729346669756,0.7967064471151727,0.323,pre-control
50000.0,100.0,0.002,6.365692848034597,0.8170812198869806,0.323,pre-control
50000.0,100.0,0.002,6.385991948891247,0.8340725050279837,0.323,pre-control
50000.0,100.0,0.002,6.390656349399439,0.8379768237269356,0.323,pre-control
50000.0,100.0,0.002,6.415619850764281,0.8594075048720634,0.323,pre-control
50000.0,100.0,0.002,6.4405833521291225,0.8813864916624258,0.323,pre-control
50000.0,100.0,0.002,6.456167684593349,0.8954584654620267,0.323,pre-control
50000.0,100.0,0.002,6.465546853493963,0.903927446686243,0.323,pre-control
50000.0,100.0,0.002,6.490510354858805,0.9270444839351524,0.323,pre-control
50000.0,100.0,0.002,6.515473856223647,0.9507521688042029,0.323,pre-control
50000.0,100.0,0.002,6.526343420295451,0.9613386447964901,0.323,pre-control
50000.0,100.0,0.002,6.540437357588488,0.975065518091859,0.323,pre-control
50000.0,100.0,0.002,6.56540085895333,0.9999999999999998,0.323,pre-control
50000.0,100.0,0.002,6.590400199084493,1.0256094427279454,0.323,pre-control
50000.0,100.0,0.002,6.596519155997552,1.0320382349405388,0.323,pre-control
50000.0,100.0,0.002,6.615399539215656,1.051874632275563,0.323,pre-control
50000.0,100.0,0.002,6.640398879346819,1.078812656129633,0.323,pre-control
50000.0,100.0,0.002,6.665398219477981,1.106441246503285,0.323,pre-control
50000.0,100.0,0.002,6.666694891699653,1.1079110047586704,0.323,pre-control
50000.0,100.0,0.002,6.690397559609144,1.1347776185816412,0.323,pre-control
50000.0,100.0,0.002,6.715396899740307,1.1638395086532412,0.323,pre-control
50000.0,100.0,0.002,6.736870627401755,1.1894417780430728,0.323,pre-control
50000.0,100.0,0.002,6.74039623987147,1.1936452252338388,0.323,pre-control
50000.0,100.0,0.002,6.765395580002632,1.224213649066407,0.323,pre-control
50000.0,100.0,0.002,6.790394920133795,1.2555642331211359,0.323,pre-control
50000.0,100.0,0.002,6.807046363103857,1.276980398684778,0.323,pre-control
50000.0,100.0,0.002,6.815394260264958,1.2877170025954325,0.323,pre-control
50000.0,100.0,0.002,6.840393600396121,1.3206925549139181,0.323,pre-control
50000.0,100.0,0.002,6.8653929405272835,1.354512059728434,0.323,pre-control
50000.0,100.0,0.002,6.877222098805959,1.3709243613727378,0.323,pre-control
50000.0,100.0,0.002,6.890392280658446,1.389197258918037,0.323,pre-control
50000.0,100.0,0.002,6.91539162078961,1.424770466589003,0.323,pre-control
50000.0,100.0,0.002,6.940390960920772,1.4612545690748202,0.323,pre-control
50000.0,100.0,0.002,6.94739783450806,1.4717423014980189,0.323,pre-control
50000.0,100.0,0.002,6.965390301051935,1.4986730249361977,0.323,pre-control
50000.0,100.0,0.002,6.990389641183098,1.537049864961062,0.323,pre-control
50000.0,100.0,0.002,7.015388981314261,1.576409692164552,0.323,pre-control
50000.0,100.0,0.002,7.017573570210161,1.579937283749801,0.323,pre-control
50000.0,100.0,0.002,7.040388321445423,1.6167776817890278,0.323,pre-control
50000.0,100.0,0.002,7.065387661576586,1.658179581304065,0.323,pre-control
50000.0,100.0,0.002,7.087749305912263,1.696161504976509,0.323,pre-control
50000.0,100.0,0.002,7.090387001707749,1.7006417104064577,0.323,pre-control
50000.0,100.0,0.002,7.115386341838912,1.7441909610202124,0.323,pre-control
50000.0,100.0,0.002,7.140385681970074,1.788854797296557,0.323,pre-control
50000.0,100.0,0.002,7.157925041614365,1.820992460640711,0.323,pre-control
50000.0,100.0,0.002,7.165385022101237,1.8346615082173194,0.323,pre-control
50000.0,100.0,0.002,7.1903843622324,1.881641786011372,0.323,pre-control
50000.0,100.0,0.002,7.215383702363563,1.929825362140478,0.323,pre-control
50000.0,100.0,0.002,7.228100777316467,1.9549636480316628,0.323,pre-control
50000.0,100.0,0.002,7.2403830424947255,1.9792424302662455,0.323,pre-control
50000.0,100.0,0.002,7.265382382625889,2.029924144430767,0.323,pre-control
50000.0,100.0,0.002,7.2903817227570515,2.081902619056614,0.323,pre-control
50000.0,100.0,0.002,7.298276513018568,2.0987373804371625,0.323,pre-control
50000.0,100.0,0.002,7.315381062888214,2.135210928946847,0.323,pre-control
50000.0,100.0,0.002,7.340380403019377,2.189883109285009,0.323,pre-control
50000.0,100.0,0.002,7.365379743150539,2.245954155635127,0.323,pre-control
50000.0,100.0,0.002,7.368452248720669,2.2530218262120356,0.323,pre-control
50000.0,100.0,0.002,7.390379083281703,2.3034600239417133,0.323,pre-control
50000.0,100.0,0.002,7.415378423412865,2.36243763052976,0.323,pre-control
50000.0,100.0,0.002,7.438627984422771,2.4186911692611432,0.323,pre-control
50000.0,100.0,0.002,7.440377763544028,2.4229248521047477,0.323,pre-control
50000.0,100.0,0.002,7.465377103675191,2.484960525752642,0.323,pre-control
50000.0,100.0,0.002,7.490376443806354,2.5485844489398852,0.323,pre-control
50000.0,100.0,0.002,7.508803720124873,2.5966830697819865,0.323,pre-control
50000.0,100.0,0.002,7.515375783937516,2.6138373795134116,0.323,pre-control
50000.0,100.0,0.002,7.540375124068679,2.6807610357006357,0.323,pre-control
50000.0,100.0,0.002,7.565374464199842,2.7493980961094593,0.323,pre-control
50000.0,100.0,0.002,7.578979455826975,2.787707554891512,0.323,pre-control
50000.0,100.0,0.002,7.590373804331005,2.819792199728261,0.323,pre-control
50000.0,100.0,0.002,7.6153731444621675,2.891987945925912,0.323,pre-control
50000.0,100.0,0.002,7.64037248459333,2.9660308944517624,0.323,pre-control
50000.0,100.0,0.002,7.6491551915290765,2.992709133331297,0.323,pre-control
50000.0,100.0,0.002,7.6653718247244935,3.04196857206405,0.323,pre-control
50000.0,100.0,0.002,7.690371164855656,3.119851287339127,0.323,pre-control
50000.0,100.0,0.002,7.715370504986819,3.1997277722129405,0.323,pre-control
50000.0,100.0,0.002,7.719330927231177,3.212705683246055,0.323,pre-control
50000.0,100.0,0.002,7.740369845117982,3.2816481312279264,0.323,pre-control
50000.0,100.0,0.002,7.765369185249145,3.365664043282761,0.323,pre-control
50000.0,100.0,0.002,7.789506662933279,3.448858197824905,0.323,pre-control
50000.0,100.0,0.002,7.790368525380307,3.4518287616323753,0.323,pre-control
50000.0,100.0,0.002,7.81536786551147,3.540197113887947,0.323,pre-control
50000.0,100.0,0.002,7.840367205642632,3.630825502016901,0.323,pre-control
50000.0,100.0,0.002,7.859682398635381,3.70263850391451,0.323,pre-control
50000.0,100.0,0.002,7.865366545773796,3.723771902342914,0.323,pre-control
50000.0,100.0,0.002,7.890365885904958,3.8190958655458997,0.323,pre-control
50000.0,100.0,0.002,7.915365226036121,3.916858516662031,0.323,pre-control
50000.0,100.0,0.002,7.929858134337483,3.9749847514804633,0.323,pre-control
50000.0,100.0,0.002,7.940364566167284,4.017122555083727,0.323,pre-control
50000.0,100.0,0.002,7.965363906298447,4.119952254559648,0.323,pre-control
50000.0,100.0,0.002,7.9903632464296095,4.225413463194709,0.323,pre-control
50000.0,100.0,0.002,8.000033870039584,4.267253607795476,0.323,pre-control
50000.0,100.0,0.002,8.015362586560773,4.333573603450074,0.323,pre-control
50000.0,100.0,0.002,8.040361926691935,4.444501672143142,0.323,pre-control
50000.0,100.0,0.002,8.065361266823098,4.558268240447583,0.323,pre-control
50000.0,100.0,0.002,8.070209605741686,4.5808964647084345,0.323,pre-control
50000.0,100.0,0.002,8.090360606954262,4.674945453893296,0.323,pre-control
50000.0,100.0,0.002,8.115359947085423,4.794607032366425,0.323,pre-control
50000.0,100.0,0.002,8.140359287216587,4.917328282966249,0.323,pre-control
50000.0,100.0,0.002,8.140385341443787,4.917459454861564,0.323,pre-control
50000.0,100.0,0.002,8.16535862734775,5.043189272869762,0.323,pre-control
50000.0,100.0,0.002,8.190357967478912,5.172271007448094,0.323,pre-control
50000.0,100.0,0.002,8.21056107714589,5.2792560438768685,0.323,pre-control
50000.0,100.0,0.002,8.215357307610075,5.304654356284704,0.323,pre-control
50000.0,100.0,0.002,8.240356647741237,5.440422704758855,0.323,pre-control
50000.0,100.0,0.002,8.2653559878724,5.579661954045688,0.323,pre-control
50000.0,100.0,0.002,8.28073681284799,5.667518663676923,0.323,pre-control
50000.0,100.0,0.002,8.290355328003564,5.7224605211161625,0.323,pre-control
50000.0,100.0,0.002,8.315354668134725,5.868909338737072,0.323,pre-control
50000.0,100.0,0.002,8.340354008265889,6.019101855471089,0.323,pre-control
50000.0,100.0,0.002,8.350912548550092,6.084157771796539,0.323,pre-control
50000.0,100.0,0.002,8.36535334839705,6.173134035676681,0.323,pre-control
50000.0,100.0,0.002,8.390352688528214,6.331104359508204,0.323,pre-control
50000.0,100.0,0.002,8.415352028659377,6.493113822915823,0.323,pre-control
50000.0,100.0,0.002,8.421088284252194,6.53123846910153,0.323,pre-control
50000.0,100.0,0.002,8.440351368790541,6.659265937645553,0.323,pre-control
50000.0,100.0,0.002,8.465350708921703,6.829666731239239,0.323,pre-control
50000.0,100.0,0.002,8.490350049052866,7.004424747034609,0.323,pre-control
50000.0,100.0,0.002,8.491264019954295,7.010977224799574,0.323,pre-control
50000.0,100.0,0.002,8.515349389184028,7.1836510441651775,0.323,pre-control
50000.0,100.0,0.002,8.540348729315191,7.367459197560354,0.323,pre-control
50000.0,100.0,0.002,8.561439755656398,7.526494880415921,0.323,pre-control
50000.0,100.0,0.002,8.565348069446355,7.555965297945352,0.323,pre-control
50000.0,100.0,0.002,8.590347409577516,7.749288241390886,0.323,pre-control
50000.0,100.0,0.002,8.61534674970868,7.947553722633041,0.323,pre-control
50000.0,100.0,0.002,8.631615491358499,8.07987647848748,0.323,pre-control
50000.0,100.0,0.002,8.640346089839841,8.150887308714948,0.323,pre-control
50000.0,100.0,0.002,8.665345429971005,8.359416696238577,0.323,pre-control
50000.0,100.0,0.002,8.690344770102168,8.5732734138679,0.323,pre-control
50000.0,100.0,0.002,8.7017912270606,8.673693271189197,0.323,pre-control
50000.0,100.0,0.002,8.715344110233332,8.792592822328949,0.323,pre-control
50000.0,100.0,0.002,8.740343450364493,9.017514114409781,0.323,pre-control
50000.0,100.0,0.002,8.765342790495657,9.248180314960551,0.323,pre-control
50000.0,100.0,0.002,8.771966962762702,9.31086199812737,0.323,pre-control
50000.0,100.0,0.002,8.790342130626819,9.484738280893394,0.323,pre-control
50000.0,100.0,0.002,8.815341470757982,9.727338701182553,0.323,pre-control
50000.0,100.0,0.002,8.840340810889145,9.976136096864272,0.323,pre-control
50000.0,100.0,0.002,8.842142698464803,9.99452684322676,0.323,pre-control
50000.0,100.0,0.002,8.865340151020307,10.23128882103683,0.323,pre-control
50000.0,100.0,0.002,8.89033949115147,10.492959058860615,0.323,pre-control
50000.0,100.0,0.002,8.912318434166906,10.728890573821872,0.323,pre-control
50000.0,100.0,0.002,8.915338831282632,10.76131282755798,0.323,pre-control
50000.0,100.0,0.002,8.940338171413796,11.036519976413404,0.323,pre-control
50000.0,100.0,0.002,8.96533751154496,11.318754186773347,0.323,pre-control
50000.0,100.0,0.002,8.982494169869007,11.517391691538533,0.323,pre-control
50000.0,100.0,0.002,8.990336851676123,11.608193216836103,0.323,pre-control
50000.0,100.0,0.002,9.015336191807284,11.905023288159054,0.323,pre-control
50000.0,100.0,0.002,9.040335531938448,12.209431891944053,0.323,pre-control
50000.0,100.0,0.002,9.052669905571108,12.363456823750544,0.323,pre-control
50000.0,100.0,0.002,9.06533487206961,12.52161001898844,0.323,pre-control
50000.0,100.0,0.002,9.090334212200773,12.841754251946188,0.323,pre-control
50000.0,100.0,0.002,9.115333552331936,13.170066765327753,0.323,pre-control
50000.0,100.0,0.002,9.12284564127321,13.27123881211997,0.323,pre-control
50000.0,100.0,0.002,9.140332892463098,13.50675532550013,0.323,pre-control
50000.0,100.0,0.002,9.165332232594261,13.852033290686936,0.323,pre-control
50000.0,100.0,0.002,9.190331572725423,14.206119610968239,0.323,pre-control
50000.0,100.0,0.002,9.193021376975311,14.245189426764124,0.323,pre-control
50000.0,100.0,0.002,9.215330912856587,14.569238828280746,0.323,pre-control
50000.0,100.0,0.002,9.24033025298775,14.94162107641764,0.323,pre-control
50000.0,100.0,0.002,9.263197112677414,15.29092707028677,0.323,pre-control
50000.0,100.0,0.002,9.265329593118912,15.323502081028648,0.323,pre-control
50000.0,100.0,0.002,9.290328933250075,15.715123159620124,0.323,pre-control
50000.0,100.0,0.002,9.315328273381237,16.116731221554854,0.323,pre-control
50000.0,100.0,0.002,9.333372848379515,16.414003625611862,0.323,pre-control
50000.0,100.0,0.002,9.3403276135124,16.528578768052288,0.323,pre-control
50000.0,100.0,0.002,9.365326953643564,16.950925481592368,0.323,pre-control
50000.0,100.0,0.002,9.390326293774727,17.384040581274892,0.323,pre-control
50000.0,100.0,0.002,9.403548584081616,17.61895632853673,0.323,pre-control
50000.0,100.0,0.002,9.415325633905889,17.828195000188618,0.323,pre-control
50000.0,100.0,0.002,9.440324974037052,18.28366702379153,0.323,pre-control
50000.0,100.0,0.002,9.465324314168214,18.75074280710231,0.323,pre-control
50000.0,100.0,0.002,9.473724319783718,18.911682281360207,0.323,pre-control
50000.0,100.0,0.002,9.490323654299377,19.229716374700594,0.323,pre-control
50000.0,100.0,0.002,9.51532299443054,19.720889620726744,0.323,pre-control
50000.0,100.0,0.002,9.540322334561703,20.224572308881953,0.323,pre-control
50000.0,100.0,0.002,9.54390005548582,20.29849137149941,0.323,pre-control
50000.0,100.0,0.002,9.565321674692866,20.741082072428338,0.323,pre-control
50000.0,100.0,0.002,9.590321014824028,21.270744414188695,0.323,pre-control
50000.0,100.0,0.002,9.614075791187922,21.786852685435186,0.323,pre-control
50000.0,100.0,0.002,9.615320354955191,21.813892706546795,0.323,pre-control
50000.0,100.0,0.002,9.640319695086355,22.370868191447137,0.323,pre-control
50000.0,100.0,0.002,9.665319035217518,22.942019980395056,0.323,pre-control
50000.0,100.0,0.002,9.684251526890023,23.385570911100345,0.323,pre-control
50000.0,100.0,0.002,9.69031837534868,23.52770520207659,0.323,pre-control
50000.0,100.0,0.002,9.715317715479843,24.128293984632187,0.323,pre-control
50000.0,100.0,0.002,9.740317055611005,24.744162191830245,0.323,pre-control
50000.0,100.0,0.002,9.754427262592124,25.100613039756855,0.323,pre-control
50000.0,100.0,0.002,9.765316395742168,25.37569339468807,0.323,pre-control
50000.0,100.0,0.002,9.790315735873332,26.023281898966744,0.323,pre-control
50000.0,100.0,0.002,9.815315076004493,26.687332745171254,0.323,pre-control
50000.0,100.0,0.002,9.824602998294226,26.940316034470648,0.323,pre-control
50000.0,100.0,0.002,9.840314416135657,27.368261708550627,0.323,pre-control
50000.0,100.0,0.002,9.865313756266819,28.06649529909761,0.323,pre-control
50000.0,100.0,0.002,9.890313096397982,28.782470761549046,0.323,pre-control
50000.0,100.0,0.002,9.894778733996327,28.913614872220286,0.323,pre-control
50000.0,100.0,0.002,9.915312436529145,29.516636075385538,0.323,pre-control
50000.0,100.0,0.002,9.940311776660309,30.269449954831643,0.323,pre-control
50000.0,100.0,0.002,9.96495446969843,31.030369267540244,0.323,pre-control
50000.0,100.0,0.002,9.96531111679147,31.04138184885577,0.323,pre-control
50000.0,100.0,0.002,9.990310456922634,31.832911941170394,0.323,pre-control
50000.0,100.0,0.002,10.015309797053796,32.644533266249994,0.323,pre-control
50000.0,100.0,0.002,10.035130205400531,33.304348504627974,0.323,pre-control
50000.0,100.0,0.002,10.040309137184959,33.476753535347164,0.323,pre-control
50000.0,100.0,0.002,10.065308477316123,34.33008748560978,0.323,pre-control
50000.0,100.0,0.002,10.090307817447284,35.205063677283206,0.323,pre-control
50000.0,100.0,0.002,10.105305941102632,35.74330729022342,0.323,pre-control
50000.0,100.0,0.002,10.115307157578448,36.102224913083596,0.323,pre-control
50000.0,100.0,0.002,10.14030649770961,37.02212823819749,0.323,pre-control
50000.0,100.0,0.002,10.165305837840773,37.96534494028231,0.323,pre-control
50000.0,100.0,0.002,10.175481676804734,38.35900383875532,0.323,pre-control
50000.0,100.0,0.002,10.190305177971936,38.93246054946591,0.323,pre-control
50000.0,100.0,0.002,10.2153045181031,39.92407483834683,0.323,pre-control
50000.0,100.0,0.002,10.240303858234261,40.9408018219942,0.323,pre-control
50000.0,100.0,0.002,10.245657412506835,41.164044061319935,0.323,pre-control
50000.0,100.0,0.002,10.265303198365425,41.983269757947944,0.323,pre-control
50000.0,100.0,0.002,10.290302538496586,43.05212115055794,0.323,pre-control
50000.0,100.0,0.002,10.31530187862775,44.14801744927431,0.323,pre-control
50000.0,100.0,0.002,10.315833148208938,44.17189581432925,0.323,pre-control
50000.0,100.0,0.002,10.340301218758913,45.27163414204533,0.323,pre-control
50000.0,100.0,0.002,10.365300558890075,46.423660122399156,0.323,pre-control
50000.0,100.0,0.002,10.386008883911039,47.40206532751043,0.323,pre-control
50000.0,100.0,0.002,10.390299899021239,47.60480270558327,0.323,pre-control
50000.0,100.0,0.002,10.4152992391524,48.81578762856387,0.323,pre-control
50000.0,100.0,0.002,10.440298579283564,50.05735905002654,0.323,pre-control
50000.0,100.0,0.002,10.456184619613142,50.86624705662179,0.323,pre-control
50000.0,100.0,0.002,10.465297919414727,51.3302795503757,0.323,pre-control
50000.0,100.0,0.002,10.490297259545889,52.63533013173478,0.323,pre-control
50000.0,100.0,0.002,10.515296599677052,53.97331021794659,0.323,pre-control
50000.0,100.0,0.002,10.526360355315243,54.580384527964625,0.323,pre-control
50000.0,100.0,0.002,10.540295939808214,55.34503765457258,0.323,pre-control
50000.0,100.0,0.002,10.565295279939377,56.75134872753124,0.323,pre-control
50000.0,100.0,0.002,10.59029462007054,58.193103179662,0.323,pre-control
50000.0,100.0,0.002,10.596536091017343,58.56212749230341,0.323,pre-control
50000.0,100.0,0.002,10.615293960201704,59.671178522320986,0.323,pre-control
50000.0,100.0,0.002,10.640293300332866,61.18647064896544,0.323,pre-control
50000.0,100.0,0.002,10.66529264046403,62.73989871373013,0.323,pre-control
50000.0,100.0,0.002,10.666711826719446,62.83030362873188,0.323,pre-control
50000.0,100.0,0.002,10.690291980595191,64.3324051314266,0.323,pre-control
50000.0,100.0,0.002,10.715291320726354,65.964955577544,0.323,pre-control
50000.0,100.0,0.002,10.736887562421547,67.41071821147779,0.323,pre-control
50000.0,100.0,0.002,10.740290660857518,67.63853898824843,0.323,pre-control
50000.0,100.0,0.002,10.765290000988681,69.35416756038322,0.323,pre-control
50000.0,100.0,0.002,10.790289341119843,71.1128767514688,0.323,pre-control
50000.0,100.0,0.002,10.80706329812365,72.32254482823866,0.323,pre-control
50000.0,100.0,0.002,10.815288681251005,72.91572527970308,0.323,pre-control
50000.0,100.0,0.002,10.840288021382168,74.7637973688287,0.323,pre-control
50000.0,100.0,0.002,10.865287361513332,76.65820457916345,0.323,pre-control
50000.0,100.0,0.002,10.87723903382575,77.58657481678834,0.323,pre-control
50000.0,100.0,0.002,10.890286701644495,78.6000787145443,0.323,pre-control
50000.0,100.0,0.002,10.915286041775657,80.59057980523427,0.323,pre-control
50000.0,100.0,0.002,10.940285381906818,82.63089656984116,0.323,pre-control
50000.0,100.0,0.002,10.947414769527851,83.22731406011721,0.323,pre-control
50000.0,100.0,0.002,10.965284722037982,84.72224641531717,0.323,pre-control
50000.0,100.0,0.002,10.990284062169145,86.86587543695869,0.323,pre-control
50000.0,100.0,0.002,11.015283402300309,89.06305841840668,0.323,pre-control
50000.0,100.0,0.002,11.017590505229954,89.27089146551134,0.323,pre-control
50000.0,100.0,0.002,11.040282742431472,91.31509883164654,0.323,pre-control
50000.0,100.0,0.002,11.065282082562634,93.62332883700795,0.323,pre-control
50000.0,100.0,0.002,11.087766240932055,95.7510912365717,0.323,pre-control
50000.0,100.0,0.002,11.090281422693796,95.98911256219884,0.323,pre-control
50000.0,100.0,0.002,11.115280762824959,98.41384491319488,0.323,pre-control
50000.0,100.0,0.002,11.131236973843254,100.0,0.8453598686198525,threshold-control
50000.0,100.0,0.002,11.157941976634158,100.0,0.8452673996829064,threshold-control
50000.0,100.0,0.002,11.228117712336259,100.0,0.8450241850194656,threshold-control
50000.0,100.0,0.002,11.29829344803836,100.0,0.8447806461545593,threshold-control
50000.0,100.0,0.002,11.368469183740462,100.0,0.8445367828386908,threshold-control
50000.0,100.0,0.002,11.438644919442563,100.0,0.8442925948227615,threshold-control
50000.0,100.0,0.002,11.508820655144666,100.0,0.8440480818580727,threshold-control
50000.0,100.0,0.002,11.578996390846767,100.0,0.8438032436963273,threshold-control
50000.0,100.0,0.002,11.649172126548867,100.0,0.8435580800896332,threshold-control
50000.0,100.0,0.002,11.71934786225097,100.0,0.8433125907905048,threshold-control
50000.0,100.0,0.002,11.789523597953071,100.0,0.8430667755518653,threshold-control
50000.0,100.0,0.002,11.859699333655174,100.0,0.8428206341270492,threshold-control
50000.0,100.0,0.002,11.929875069357275,100.0,0.8425741662698045,threshold-control
50000.0,100.0,0.002,12.0,100.0,0.8423275505241218,threshold-control
50000.0,100.0,0.002,12.000050805059375,100.0,0.842327371734295,threshold-control
50000.0,100.0,0.002,12.070226540761478,100.0,0.8420802502751025,threshold-control
50000.0,100.0,0.002,12.140402276463579,100.0,0.841832801647229,threshold-control
50000.0,100.0,0.002,12.210578012165682,100.0,0.8415850256060992,threshold-control
50000.0,100.0,0.002,12.280753747867783,100.0,0.8413369219075628,threshold-control
50000.0,100.0,0.002,12.350929483569885,100.0,0.8410884903078968,threshold-control
50000.0,100.0,0.002,12.421105219271986,100.0,0.8408397305638073,threshold-control
50000.0,100.0,0.002,12.491280954974087,100.0,0.8405906424324325,threshold-control
50000.0,100.0,0.002,12.56145669067619,100.0,0.8403412256713447,threshold-control
50000.0,100.0,0.002,12.63163242637829,100.0,0.8400914800385528,threshold-control
50000.0,100.0,0.002,12.701808162080393,100.0,0.839841405292504,threshold-control
50000.0,100.0,0.002,12.771983897782494,100.0,0.8395910011920868,threshold-control
50000.0,100.0,0.002,12.842159633484595,100.0,0.8393402674966335,threshold-control
50000.0,100.0,0.002,12.912335369186698,100.0,0.8390892039659215,threshold-control
50000.0,100.0,0.002,12.982511104888799,100.0,0.8388378103601764,threshold-control
50000.0,100.0,0.002,13.0,100.0,0.8387751077185832,threshold-control
50000.0,100.0,0.002,13.052686840590901,100.0,0.8385860864400744,threshold-control
50000.0,100.0,0.002,13.122862576293002,100.0,0.8383340319667444,threshold-control
50000.0,100.0,0.002,13.193038311995103,100.0,0.8380816467017702,threshold-control
50000.0,100.0,0.002,13.263214047697206,100.0,0.8378289304071931,threshold-control
50000.0,100.0,0.002,13.333389783399307,100.0,0.8375758828455143,threshold-control
50000.0,100.0,0.002,13.40356551910141,100.0,0.837322503779697,threshold-control
50000.0,100.0,0.002,13.47374125480351,100.0,0.8370687929731686,threshold-control
50000.0,100.0,0.002,13.543916990505611,100.0,0.836814750189824,threshold-control
50000.0,100.0,0.002,13.614092726207714,100.0,0.8365603751940268,threshold-control
50000.0,100.0,0.002,13.684268461909815,100.0,0.8363056677506123,threshold-control
50000.0,100.0,0.002,13.754444197611917,100.0,0.8360506276248898,threshold-control
50000.0,100.0,0.002,13.824619933314018,100.0,0.8357952545826448,threshold-control
50000.0,100.0,0.002,13.89479566901612,100.0,0.8355395483901417,threshold-control
50000.0,100.0,0.002,13.964971404718222,100.0,0.8352835088141257,threshold-control
50000.0,100.0,0.002,14.0,100.0,0.8351555804750403,threshold-control
50000.0,100.0,0.002,14.035147140420323,100.0,0.8350271356218261,threshold-control
50000.0,100.0,0.002,14.105322876122425,100.0,0.8347704285809572,threshold-control
50000.0,100.0,0.002,14.175498611824526,100.0,0.834513387459722,threshold-control
50000.0,100.0,0.002,14.245674347526627,100.0,0.8342560120268144,threshold-control
50000.0,100.0,0.002,14.31585008322873,100.0,0.8339983020514211,threshold-control
50000.0,100.0,0.002,14.38602581893083,100.0,0.8337402573032241,threshold-control
50000.0,100.0,0.002,14.456201554632933,100.0,0.8334818775524034,threshold-control
50000.0,100.0,0.002,14.526377290335034,100.0,0.8332231625696397,threshold-control
50000.0,100.0,0.002,14.596553026037135,100.0,0.8329641121261157,threshold-control
50000.0,100.0,0.002,14.666728761739238,100.0,0.8327047259935195,threshold-control
50000.0,100.0,0.002,14.736904497441339,100.0,0.8324450039440472,threshold-control
50000.0,100.0,0.002,14.807080233143441,100.0,0.8321849457504041,threshold-control
50000.0,100.0,0.002,14.877255968845542,100.0,0.8319245511858084,threshold-control
50000.0,100.0,0.002,14.947431704547645,100.0,0.8316638200239931,threshold-control
50000.0,100.0,0.002,15.0,100.0,0.8314682869573924,threshold-control
50000.0,100.0,0.002,15.017607440249746,100.0,0.8314027520392082,threshold-control
50000.0,100.0,0.002,15.087783175951847,100.0,0.8311413470062239,threshold-control
50000.0,100.0,0.002,15.15795891165395,100.0,0.8308796047003317,threshold-control
50000.0,100.0,0.002,15.22813464735605,100.0,0.8306175248973486,threshold-control
50000.0,100.0,0.002,15.298310383058153,100.0,0.8303551073736184,threshold-control
50000.0,100.0,0.002,15.368486118760254,100.0,0.8300923519060139,threshold-control
50000.0,100.0,0.002,15.438661854462355,100.0,0.8298292582719404,threshold-control
50000.0,100.0,0.002,15.508837590164458,100.0,0.8295658262493376,threshold-control
50000.0,100.0,0.002,15.579013325866558,100.0,0.8293020556166818,threshold-control
50000.0,100.0,0.002,15.649189061568661,100.0,0.8290379461529886,threshold-control
50000.0,100.0,0.002,15.719364797270762,100.0,0.828773497637816,threshold-control
50000.0,100.0,0.002,15.789540532972863,100.0,0.8285087098512656,threshold-control
50000.0,100.0,0.002,15.859716268674966,100.0,0.8282435825739861,threshold-control
50000.0,100.0,0.002,15.929892004377066,100.0,0.8279781155871755,threshold-control
50000.0,100.0,0.002,16.0,100.0,0.8277125654178589,threshold-control
50000.0,100.0,0.002,16.000067740079167,100.0,0.8277123086725833,threshold-control
50000.0,100.0,0.002,16.07024347578127,100.0,0.8274461616125134,threshold-control
50000.0,100.0,0.002,16.140419211483373,100.0,0.8271796741898263,threshold-control
50000.0,100.0,0.002,16.210594947185474,100.0,0.8269128461879419,threshold-control
50000.0,100.0,0.002,16.280770682887574,100.0,0.8266456773908415,threshold-control
50000.0,100.0,0.002,16.350946418589675,100.0,0.8263781675830708,threshold-control
50000.0,100.0,0.002,16.42112215429178,100.0,0.826110316549742,threshold-control
50000.0,100.0,0.002,16.49129788999388,100.0,0.8258421240765369,threshold-control
50000.0,100.0,0.002,16.56147362569598,100.0,0.8255735899497084,threshold-control
50000.0,100.0,0.002,16.631649361398082,100.0,0.8253047139560842,threshold-control
50000.0,100.0,0.002,16.701825097100183,100.0,0.8250354958830683,threshold-control
50000.0,100.0,0.002,16.772000832802288,100.0,0.8247659355186443,threshold-control
50000.0,100.0,0.002,16.84217656850439,100.0,0.8244960326513773,threshold-control
50000.0,100.0,0.002,16.91235230420649,100.0,0.8242257870704168,threshold-control
50000.0,100.0,0.002,16.98252803990859,100.0,0.8239551985654991,threshold-control
50000.0,100.0,0.002,17.0,100.0,0.8238877756182903,threshold-control
50000.0,100.0,0.002,17.05270377561069,100.0,0.82368426692695,threshold-control
50000.0,100.0,0.002,17.122879511312796,100.0,0.8234129919456867,threshold-control
50000.0,100.0,0.002,17.193055247014897,100.0,0.8231413734132216,threshold-control
50000.0,100.0,0.002,17.263230982716998,100.0,0.8228694111216633,threshold-control
50000.0,100.0,0.002,17.3334067184191,100.0,0.8225971048637204,threshold-control
50000.0,100.0,0.002,17.4035824541212,100.0,0.8223244544327033,threshold-control
50000.0,100.0,0.002,17.473758189823304,100.0,0.822051459622527,threshold-control
50000.0,100.0,0.002,17.543933925525405,100.0,0.8217781202277138,threshold-control
50000.0,100.0,0.002,17.614109661227506,100.0,0.8215044360433954,threshold-control
50000.0,100.0,0.002,17.684285396929607,100.0,0.821230406865316,threshold-control
50000.0,100.0,0.002,17.754461132631707,100.0,0.8209560324898346,threshold-control
50000.0,100.0,0.002,17.824636868333812,100.0,0.8206813127139273,threshold-control
50000.0,100.0,0.002,17.894812604035913,100.0,0.8204062473351904,threshold-control
50000.0,100.0,0.002,17.964988339738014,100.0,0.8201308361518428,threshold-control
50000.0,100.0,0.002,18.0,100.0,0.8199933002798384,threshold-control
50000.0,100.0,0.002,18.035164075440115,100.0,0.819855078962728,threshold-control
50000.0,100.0,0.002,18.105339811142215,100.0,0.8195789755673175,threshold-control
50000.0,100.0,0.002,18.17551554684432,100.0,0.819302525765713,threshold-control
50000.0,100.0,0.002,18.24569128254642,100.0,0.8190257293586489,threshold-control
50000.0,100.0,0.002,18.31586701824852,100.0,0.818748586147495,threshold-control
50000.0,100.0,0.002,18.386042753950623,100.0,0.818471095934259,threshold-control
50000.0,100.0,0.002,18.456218489652723,100.0,0.8181932585215892,threshold-control
50000.0,100.0,0.002,18.526394225354828,100.0,0.817915073712777,threshold-control
50000.0,100.0,0.002,18.59656996105693,100.0,0.8176365413117597,threshold-control
50000.0,100.0,0.002,18.66674569675903,100.0,0.8173576611231224,threshold-control
50000.0,100.0,0.002,18.73692143246113,100.0,0.8170784329521017,threshold-control
50000.0,100.0,0.002,18.80709716816323,100.0,0.8167988566045874,threshold-control
50000.0,100.0,0.002,18.877272903865336,100.0,0.8165189318871254,threshold-control
50000.0,100.0,0.002,18.947448639567437,100.0,0.8162386586069205,threshold-control
50000.0,100.0,0.002,19.0,100.0,0.816028546559233,threshold-control
50000.0,100.0,0.002,19.017624375269538,100.0,0.8159580365718386,threshold-control
50000.0,100.0,0.002,19.08780011097164,100.0,0.8156770655904095,threshold-control
50000.0,100.0,0.002,19.15797584667374,100.0,0.8153957454718299,threshold-control
50000.0,100.0,0.002,19.228151582375844,100.0,0.8151140760259653,threshold-control
50000.0,100.0,0.002,19.298327318077945,100.0,0.814832057063353,threshold-control
50000.0,100.0,0.002,19.368503053780046,100.0,0.8145496883952048,threshold-control
50000.0,100.0,0.002,19.438678789482147,100.0,0.8142669698334093,threshold-control
50000.0,100.0,0.002,19.508854525184248,100.0,0.8139839011905352,threshold-control
50000.0,100.0,0.002,19.579030260886352,100.0,0.8137004822798328,threshold-control
50000.0,100.0,0.002,19.649205996588453,100.0,0.8134167129152376,threshold-control
50000.0,100.0,0.002,19.719381732290554,100.0,0.813132592911373,threshold-control
50000.0,100.0,0.002,19.789557467992655,100.0,0.8128481220835517,threshold-control
50000.0,100.0,0.002,19.859733203694756,100.0,0.8125633002477799,threshold-control
50000.0,100.0,0.002,19.92990893939686,100.0,0.8122781272207588,threshold-control
50000.0,100.0,0.002,20.0,100.0,0.8119929475497313,threshold-control
50000.0,100.0,0.002,20.00008467509896,100.0,0.8119926028198878,threshold-control
50000.0,100.0,0.002,20.070260410801062,100.0,0.811706726863267,threshold-control
50000.0,100.0,0.002,20.140436146503163,100.0,0.8114204991696997,threshold-control
50000.0,100.0,0.002,20.210611882205264,100.0,0.8111339195586955,threshold-control
50000.0,100.0,0.002,20.280787617907368,100.0,0.8108469878504723,threshold-control
50000.0,100.0,0.002,20.35096335360947,100.0,0.8105597038659592,threshold-control
50000.0,100.0,0.002,20.42113908931157,100.0,0.8102720674267996,threshold-control
50000.0,100.0,0.002,20.49131482501367,100.0,0.8099840783553534,threshold-control
50000.0,100.0,0.002,20.561490560715775,100.0,0.8096957364746992,threshold-control
50000.0,100.0,0.002,20.631666296417876,100.0,0.8094070416086383,threshold-control
50000.0,100.0,0.002,20.701842032119977,100.0,0.8091179935816959,threshold-control
50000.0,100.0,0.002,20.772017767822078,100.0,0.8088285922191247,threshold-control
50000.0,100.0,0.002,20.84219350352418,100.0,0.8085388373469076,threshold-control
50000.0,100.0,0.002,20.912369239226283,100.0,0.808248728791759,threshold-control
50000.0,100.0,0.002,20.982544974928384,100.0,0.8079582663811298,threshold-control
50000.0,100.0,0.002,21.0,100.0,0.807885963804622,threshold-control
50000.0,100.0,0.002,21.052720710630485,100.0,0.8076674499432077,threshold-control
50000.0,100.0,0.002,21.122896446332586,100.0,0.8073762793069217,threshold-control
50000.0,100.0,0.002,21.193072182034687,100.0,0.8070847543019436,threshold-control
50000.0,100.0,0.002,21.26324791773679,100.0,0.8067928747586911,threshold-control
50000.0,100.0,0.002,21.333423653438892,100.0,0.8065006405083308,threshold-control
50000.0,100.0,0.002,21.403599389140993,100.0,0.8062080513827803,threshold-control
50000.0,100.0,0.002,21.473775124843094,100.0,0.8059151072147109,threshold-control
50000.0,100.0,0.002,21.543950860545195,100.0,0.805621807837551,threshold-control
50000.0,100.0,0.002,21.6141265962473,100.0,0.8053281530854879,threshold-control
50000.0,100.0,0.002,21.6843023319494,100.0,0.8050341427934711,threshold-control
50000.0,100.0,0.002,21.7544780676515,100.0,0.8047397767972145,threshold-control
50000.0,100.0,0.002,21.824653803353602,100.0,0.8044450549331998,threshold-control
50000.0,100.0,0.002,21.894829539055703,100.0,0.8041499770386782,threshold-control
50000.0,100.0,0.002,21.965005274757807,100.0,0.803854542951674,threshold-control
50000.0,100.0,0.002,22.0,100.0,0.8037070848809802,threshold-control
50000.0,100.0,0.002,22.035181010459908,100.0,0.8035587525109867,threshold-control
50000.0,100.0,0.002,22.10535674616201,100.0,0.8032626055561942,threshold-control
50000.0,100.0,0.002,22.17553248186411,100.0,0.8029661019276547,threshold-control
50000.0,100.0,0.002,22.24570821756621,100.0,0.8026692414665106,threshold-control
50000.0,100.0,0.002,22.315883953268315,100.0,0.8023720240146898,threshold-control
50000.0,100.0,0.002,22.386059688970416,100.0,0.8020744494149096,threshold-control
50000.0,100.0,0.002,22.456235424672517,100.0,0.8017765175106787,threshold-control
50000.0,100.0,0.002,22.526411160374618,100.0,0.8014782281463,threshold-control
50000.0,100.0,0.002,22.59658689607672,100.0,0.8011795811668738,threshold-control
50000.0,100.0,0.002,22.666762631778823,100.0,0.8008805764182996,threshold-control
50000.0,100.0,0.002,22.736938367480924,100.0,0.8005812137472796,threshold-control
50000.0,100.0,0.002,22.807114103183025,100.0,0.8002814930013213,threshold-control
50000.0,100.0,0.002,22.877289838885126,100.0,0.7999814140287398,threshold-control
50000.0,100.0,0.002,22.947465574587227,100.0,0.7996809766786606,threshold-control
50000.0,100.0,0.002,23.0,100.0,0.7994558309011774,threshold-control
50000.0,100.0,0.002,23.01764131028933,100.0,0.7993801808010227,threshold-control
50000.0,100.0,0.002,23.087817045991432,100.0,0.799079026246581,threshold-control
50000.0,100.0,0.002,23.157992781693533,100.0,0.7987775128669091,threshold-control
50000.0,100.0,0.002,23.228168517395634,100.0,0.7984756405144021,threshold-control
50000.0,100.0,0.002,23.298344253097735,100.0,0.798173409042279,threshold-control
50000.0,100.0,0.002,23.36851998879984,100.0,0.7978708183045857,threshold-control
50000.0,100.0,0.002,23.43869572450194,100.0,0.7975678681561976,threshold-control
50000.0,100.0,0.002,23.50887146020404,100.0,0.7972645584528226,threshold-control
50000.0,100.0,0.002,23.579047195906142,100.0,0.7969608890510033,threshold-control
50000.0,100.0,0.002,23.649222931608243,100.0,0.7966568598081201,threshold-control
50000.0,100.0,0.002,23.719398667310347,100.0,0.7963524705823938,threshold-control
50000.0,100.0,0.002,23.78957440301245,100.0,0.7960477212328885,threshold-control
50000.0,100.0,0.002,23.85975013871455,100.0,0.795742611619514,threshold-control
50000.0,100.0,0.002,23.92992587441665,100.0,0.7954371416030287,threshold-control
50000.0,100.0,0.002,24.0,100.0,0.7951317541294571,threshold-control
50000.0,100.0,0.002,24.00010161011875,100.0,0.7951313110450424,threshold-control
50000.0,100.0,0.002,24.070277345820855,100.0,0.794825119808019,threshold-control
50000.0,100.0,0.002,24.140453081522956,100.0,0.7945185677552788,threshold-control
50000.0,100.0,0.002,24.210628817225057,100.0,0.7942116547510023,threshold-control
50000.0,100.0,0.002,24.280804552927158,100.0,0.7939043806602313,threshold-control
50000.0,100.0,0.002,24.35098028862926,100.0,0.7935967453488733,threshold-control
50000.0,100.0,0.002,24.421156024331363,100.0,0.7932887486837031,threshold-control
50000.0,100.0,0.002,24.491331760033464,100.0,0.7929803905323662,threshold-control
50000.0,100.0,0.002,24.561507495735565,100.0,0.7926716707633809,threshold-control
50000.0,100.0,0.002,24.631683231437666,100.0,0.7923625892461416,threshold-control
50000.0,100.0,0.002,24.70185896713977,100.0,0.792053145850921,threshold-control
50000.0,100.0,0.002,24.77203470284187,100.0,0.7917433404488738,threshold-control
50000.0,100.0,0.002,24.842210438543972,100.0,0.7914331729120379,threshold-control
50000.0,100.0,0.002,24.912386174246073,100.0,0.7911226431133386,threshold-control
50000.0,100.0,0.002,24.982561909948174,100.0,0.7908117509265905,threshold-control
50000.0,100.0,0.002,25.0,100.0,0.7907344405606962,threshold-control
50000.0,100.0,0.002,25.05273764565028,100.0,0.7905004962265005,threshold-control
50000.0,100.0,0.002,25.12291338135238,100.0,0.7901888788886704,threshold-control
50000.0,100.0,0.002,25.19308911705448,100.0,0.7898768987896,threshold-control
50000.0,100.0,0.002,25.26326485275658,100.0,0.7895645558066893,threshold-control
50000.0,100.0,0.002,25.333440588458682,100.0,0.7892518498182413,threshold-control
50000.0,100.0,0.002,25.403616324160787,100.0,0.7889387807034655,threshold-control
50000.0,100.0,0.002,25.473792059862888,100.0,0.7886253483424795,threshold-control
50000.0,100.0,0.002,25.54396779556499,100.0,0.7883115526163128,threshold-control
50000.0,100.0,0.002,25.61414353126709,100.0,0.7879973934069087,threshold-control
50000.0,100.0,0.002,25.68431926696919,100.0,0.7876828705971273,threshold-control
50000.0,100.0,0.002,25.754495002671295,100.0,0.7873679840707484,threshold-control
50000.0,100.0,0.002,25.824670738373396,100.0,0.7870527337124744,threshold-control
50000.0,100.0,0.002,25.894846474075496,100.0,0.7867371194079325,threshold-control
50000.0,100.0,0.002,25.965022209777597,100.0,0.7864211410436776,threshold-control
50000.0,100.0,0.002,26.0,100.0,0.786263511518271,threshold-control
50000.0,100.0,0.002,26.0351979454797,100.0,0.7861047985071954,threshold-control
50000.0,100.0,0.002,26.105373681181803,100.0,0.7857880916869047,threshold-control
50000.0,100.0,0.002,26.175549416883904,100.0,0.7854710204721603,threshold-control
50000.0,100.0,0.002,26.245725152586004,100.0,0.7851535847532559,threshold-control
50000.0,100.0,0.002,26.315900888288105,100.0,0.7848357844214267,threshold-control
50000.0,100.0,0.002,26.386076623990206,100.0,0.7845176193688518,threshold-control
50000.0,100.0,0.002,26.45625235969231,100.0,0.7841990894886574,threshold-control
50000.0,100.0,0.002,26.52642809539441,100.0,0.7838801946749195,threshold-control
50000.0,100.0,0.002,26.596603831096512,100.0,0.7835609348226664,threshold-control
50000.0,100.0,0.002,26.666779566798613,100.0,0.7832413098278816,threshold-control
50000.0,100.0,0.002,26.736955302500714,100.0,0.7829213195875064,threshold-control
50000.0,100.0,0.002,26.80713103820282,100.0,0.7826009639994428,threshold-control
50000.0,100.0,0.002,26.87730677390492,100.0,0.7822802429625559,threshold-control
50000.0,100.0,0.002,26.94748250960702,100.0,0.7819591563766772,threshold-control
50000.0,100.0,0.002,27.0,100.0,0.7817186252577585,threshold-control
50000.0,100.0,0.002,27.01765824530912,100.0,0.7816377041426069,threshold-control
50000.0,100.0,0.002,27.087833981011222,100.0,0.7813158861621166,threshold-control
50000.0,100.0,0.002,27.158009716713327,100.0,0.780993702337952,threshold-control
50000.0,100.0,0.002,27.228185452415428,100.0,0.7806711525738363,threshold-control
50000.0,100.0,0.002,27.29836118811753,100.0,0.7803482367744721,threshold-control
50000.0,100.0,0.002,27.36853692381963,100.0,0.7800249548455445,threshold-control
50000.0,100.0,0.002,27.43871265952173,100.0,0.7797013066937235,threshold-control
50000.0,100.0,0.002,27.508888395223835,100.0,0.7793772922266673,threshold-control
50000.0,100.0,0.002,27.579064130925936,100.0,0.7790529113530248,threshold-control
50000.0,100.0,0.002,27.649239866628037,100.0,0.778728163982438,threshold-control
50000.0,100.0,0.002,27.719415602330137,100.0,0.7784030500255452,threshold-control
50000.0,100.0,0.002,27.78959133803224,100.0,0.778077569393983,threshold-control
50000.0,100.0,0.002,27.859767073734343,100.0,0.7777517220003902,threshold-control
50000.0,100.0,0.002,27.929942809436444,100.0,0.7774255077584092,threshold-control
50000.0,100.0,0.002,28.0,100.0,0.7770994785730044,threshold-control
50000.0,100.0,0.002,28.000118545138545,100.0,0.77709892658269,threshold-control
50000.0,100.0,0.002,28.070294280840645,100.0,0.7767719783888916,threshold-control
50000.0,100.0,0.002,28.140470016542746,100.0,0.7764446630936855,threshold-control
50000.0,100.0,0.002,28.21064575224485,100.0,0.776116980614759,threshold-control
50000.0,100.0,0.002,28.28082148794695,100.0,0.7757889308708165,threshold-control
50000.0,100.0,0.002,28.350997223649053,100.0,0.7754605137815829,threshold-control
50000.0,100.0,0.002,28.421172959351154,100.0,0.7751317292678069,threshold-control
50000.0,100.0,0.002,28.491348695053254,100.0,0.7748025772512627,threshold-control
50000.0,100.0,0.002,28.56152443075536,100.0,0.7744730576547534,threshold-control
50000.0,100.0,0.002,28.63170016645746,100.0,0.7741431704021131,threshold-control
50000.0,100.0,0.002,28.70187590215956,100.0,0.7738129154182107,threshold-control
50000.0,100.0,0.002,28.77205163786166,100.0,0.7734822926289511,threshold-control
50000.0,100.0,0.002,28.842227373563762,100.0,0.7731513019612792,threshold-control
50000.0,100.0,0.002,28.912403109265867,100.0,0.7728199433431819,threshold-control
50000.0,100.0,0.002,28.982578844967968,100.0,0.772488216703691,threshold-control
50000.0,100.0,0.002,29.0,100.0,0.7724058084009027,threshold-control
50000.0,100.0,0.002,29.05275458067007,100.0,0.7721561219728863,threshold-control
50000.0,100.0,0.002,29.12293031637217,100.0,0.7718236590818971,threshold-control
50000.0,100.0,0.002,29.19310605207427,100.0,0.7714908279629064,threshold-control
50000.0,100.0,0.002,29.263281787776375,100.0,0.7711576285491525,threshold-control
50000.0,100.0,0.002,29.333457523478476,100.0,0.7708240607749324,threshold-control
50000.0,100.0,0.002,29.403633259180577,100.0,0.770490124575604,threshold-control
50000.0,100.0,0.002,29.473808994882678,100.0,0.7701558198875887,threshold-control
50000.0,100.0,0.002,29.543984730584782,100.0,0.7698211466483751,threshold-control
50000.0,100.0,0.002,29.614160466286883,100.0,0.7694861047965201,threshold-control
50000.0,100.0,0.002,29.684336201988984,100.0,0.7691506942716531,threshold-control
50000.0,100.0,0.002,29.754511937691085,100.0,0.7688149150144776,threshold-control
50000.0,100.0,0.002,29.824687673393186,100.0,0.7684787669667745,threshold-control
50000.0,100.0,0.002,29.89486340909529,100.0,0.7681422500714045,threshold-control
50000.0,100.0,0.002,29.96503914479739,100.0,0.7678053642723108,threshold-control
50000.0,100.0,0.002,30.0,100.0,0.7676373934210388,threshold-control
50000.0,100.0,0.002,30.035214880499492,100.0,0.7674681095145222,threshold-control
50000.0,100.0,0.002,30.105390616201593,100.0,0.7671304857441548,threshold-control
50000.0,100.0,0.002,30.175566351903694,100.0,0.7667924929084157,threshold-control
50000.0,100.0,0.002,30.245742087605798,100.0,0.7664541309556051,threshold-control
50000.0,100.0,0.002,30.3159178233079,100.0,0.7661153998351193,threshold-control
50000.0,100.0,0.002,30.38609355901,100.0,0.7657762994974529,threshold-control
50000.0,100.0,0.002,30.4562692947121,100.0,0.7654368298942018,threshold-control
50000.0,100.0,0.002,30.5264450304142,100.0,0.765096990978066,threshold-control
50000.0,100.0,0.002,30.596620766116306,100.0,0.7647567827028519,threshold-control
50000.0,100.0,0.002,30.666796501818407,100.0,0.7644162050234751,threshold-control
50000.0,100.0,0.002,30.736972237520508,100.0,0.7640752578959633,threshold-control
50000.0,100.0,0.002,30.80714797322261,100.0,0.7637339412774582,threshold-control
50000.0,100.0,0.002,30.87732370892471,100.0,0.7633922551262193,threshold-control
50000.0,100.0,0.002,30.947499444626814,100.0,0.7630501994016254,threshold-control
50000.0,100.0,0.002,31.0,100.0,0.7627940556461698,threshold-control
50000.0,100.0,0.002,31.017675180328915,100.0,0.7627077740641782,threshold-control
50000.0,100.0,0.002,31.087850916031016,100.0,0.7623649790755042,threshold-control
50000.0,100.0,0.002,31.158026651733117,100.0,0.7620218143983575,threshold-control
50000.0,100.0,0.002,31.228202387435218,100.0,0.7616782799966231,threshold-control
50000.0,100.0,0.002,31.298378123137322,100.0,0.7613343758353184,threshold-control
50000.0,100.0,0.002,31.368553858839423,100.0,0.7609901018805969,threshold-control
50000.0,100.0,0.002,31.438729594541524,100.0,0.7606454580997501,threshold-control
50000.0,100.0,0.002,31.508905330243625,100.0,0.7603004444612106,threshold-control
50000.0,100.0,0.002,31.579081065945726,100.0,0.7599550609345542,threshold-control
50000.0,100.0,0.002,31.64925680164783,100.0,0.759609307490503,threshold-control
50000.0,100.0,0.002,31.71943253734993,100.0,0.7592631841009281,threshold-control
50000.0,100.0,0.002,31.789608273052032,100.0,0.7589166907388515,threshold-control
50000.0,100.0,0.002,31.859784008754133,100.0,0.7585698273784494,threshold-control
50000.0,100.0,0.002,31.929959744456234,100.0,0.7582225939950544,threshold-control
50000.0,100.0,0.002,32.0,100.0,0.7578756619993353,threshold-control
50000.0,100.0,0.002,32.000135480158335,100.0,0.7578749905651586,threshold-control
50000.0,100.0,0.002,32.070311215860436,100.0,0.7575270170664158,threshold-control
50000.0,100.0,0.002,32.14048695156254,100.0,0.7571786734776438,threshold-control
50000.0,100.0,0.002,32.210662687264644,100.0,0.7568299597788277,threshold-control
50000.0,100.0,0.002,32.280838422966745,100.0,0.7564808759511223,threshold-control
50000.0,100.0,0.002,32.351014158668846,100.0,0.756131421976854,threshold-control
50000.0,100.0,0.002,32.42118989437095,100.0,0.7557815978395247,threshold-control
50000.0,100.0,0.002,32.49136563007305,100.0,0.7554314035238127,threshold-control
50000.0,100.0,0.002,32.56154136577515,100.0,0.755080839015577,threshold-control
50000.0,100.0,0.002,32.63171710147725,100.0,0.7547299043018585,threshold-control
50000.0,100.0,0.002,32.70189283717935,100.0,0.7543785993708836,threshold-control
50000.0,100.0,0.002,32.77206857288145,100.0,0.7540269242120659,threshold-control
50000.0,100.0,0.002,32.84224430858356,100.0,0.7536748788160093,threshold-control
50000.0,100.0,0.002,32.91242004428566,100.0,0.7533224631745105,threshold-control
50000.0,100.0,0.002,32.98259577998776,100.0,0.7529696772805615,threshold-control
50000.0,100.0,0.002,33.0,100.0,0.7528821258732209,threshold-control
50000.0,100.0,0.002,33.05277151568986,100.0,0.752616521128352,threshold-control
50000.0,100.0,0.002,33.12294725139196,100.0,0.7522629947132721,threshold-control
50000.0,100.0,0.002,33.193122987094064,100.0,0.7519090980319147,threshold-control
50000.0,100.0,0.002,33.263298722796165,100.0,0.7515548310820788,threshold-control
50000.0,100.0,0.002,33.333474458498266,100.0,0.7512001938627704,threshold-control
50000.0,100.0,0.002,33.40365019420037,100.0,0.7508451863742069,threshold-control
50000.0,100.0,0.002,33.47382592990247,100.0,0.7504898086178183,threshold-control
50000.0,100.0,0.002,33.544001665604576,100.0,0.7501340605962503,threshold-control
50000.0,100.0,0.002,33.61417740130668,100.0,0.7497779423133668,threshold-control
50000.0,100.0,0.002,33.68435313700878,100.0,0.7494214537742522,threshold-control
50000.0,100.0,0.002,33.75452887271088,100.0,0.7490645949852142,threshold-control
50000.0,100.0,0.002,33.82470460841298,100.0,0.7487073659537857,threshold-control
50000.0,100.0,0.002,33.89488034411508,100.0,0.7483497666887287,threshold-control
50000.0,100.0,0.002,33.96505607981718,100.0,0.7479917972000346,threshold-control
50000.0,100.0,0.002,34.0,100.0,0.7478134086672366,threshold-control
50000.0,100.0,0.002,34.03523181551928,100.0,0.7476334574989291,threshold-control
50000.0,100.0,0.002,34.10540755122138,100.0,0.7472747475978727,threshold-control
50000.0,100.0,0.002,34.175583286923484,100.0,0.7469156675105647,threshold-control
50000.0,100.0,0.002,34.24575902262559,100.0,0.7465562172519445,threshold-control
50000.0,100.0,0.002,34.31593475832769,100.0,0.7461963968381949,threshold-control
50000.0,100.0,0.002,34.38611049402979,100.0,0.7458362062867441,threshold-control
50000.0,100.0,0.002,34.456286229731894,100.0,0.7454756456162683,threshold-control
50000.0,100.0,0.002,34.526461965433995,100.0,0.7451147148466946,threshold-control
50000.0,100.0,0.002,34.596637701136096,100.0,0.7447534139992023,threshold-control
50000.0,100.0,0.002,34.6668134368382,100.0,0.7443917430962269,threshold-control
50000.0,100.0,0.002,34.7369891725403,100.0,0.7440297021614614,threshold-control
50000.0,100.0,0.002,34.8071649082424,100.0,0.743667291219859,threshold-control
50000.0,100.0,0.002,34.8773406439445,100.0,0.7433045102976359,threshold-control
50000.0,100.0,0.002,34.94751637964661,100.0,0.7429413594222735,threshold-control
50000.0,100.0,0.002,35.0,100.0,0.7426695212976195,threshold-control
50000.0,100.0,0.002,35.01769211534871,100.0,0.7425778386225206,threshold-control
50000.0,100.0,0.002,35.08786785105081,100.0,0.7422139479283962,threshold-control
50000.0,100.0,0.002,35.15804358675291,100.0,0.7418496873711917,threshold-control
50000.0,100.0,0.002,35.22821932245501,100.0,0.7414850569834737,threshold-control
50000.0,100.0,0.002,35.29839505815711,100.0,0.7411200567990855,threshold-control
50000.0,100.0,0.002,35.36857079385921,100.0,0.7407546868531507,threshold-control
50000.0,100.0,0.002,35.438746529561314,100.0,0.7403889471820746,threshold-control
50000.0,100.0,0.002,35.508922265263415,100.0,0.7400228378235472,threshold-control
50000.0,100.0,0.002,35.579098000965516,100.0,0.7396563588165455,threshold-control
50000.0,100.0,0.002,35.649273736667624,100.0,0.7392895102013353,threshold-control
50000.0,100.0,0.002,35.719449472369725,100.0,0.7389222920194748,threshold-control
50000.0,100.0,0.002,35.789625208071826,100.0,0.7385547043138156,threshold-control
50000.0,100.0,0.002,35.85980094377393,100.0,0.7381867471285063,threshold-control
50000.0,100.0,0.002,35.92997667947603,100.0,0.7378184205089935,threshold-control
50000.0,100.0,0.002,36.0,100.0,0.7374505256757302,threshold-control
50000.0,100.0,0.002,36.00015241517813,100.0,0.7374497245020257,threshold-control
50000.0,100.0,0.002,36.07032815088023,100.0,0.7370806591556542,threshold-control
50000.0,100.0,0.002,36.14050388658233,100.0,0.7367112245192369,threshold-control
50000.0,100.0,0.002,36.21067962228443,100.0,0.7363414206434392,threshold-control
50000.0,100.0,0.002,36.28085535798654,100.0,0.7359712475802372,threshold-control
50000.0,100.0,0.002,36.35103109368864,100.0,0.7356007053829203,threshold-control
50000.0,100.0,0.002,36.42120682939074,100.0,0.7352297941060923,threshold-control
50000.0,100.0,0.002,36.49138256509284,100.0,0.7348585138056751,threshold-control
50000.0,100.0,0.002,36.56155830079494,100.0,0.73448686453891,threshold-control
50000.0,100.0,0.002,36.63173403649704,100.0,0.7341148463643608,threshold-control
50000.0,100.0,0.002,36.701909772199144,100.0,0.7337424593419153,threshold-control
50000.0,100.0,0.002,36.772085507901245,100.0,0.7333697035327884,threshold-control
50000.0,100.0,0.002,36.842261243603346,100.0,0.7329965789995236,threshold-control
50000.0,100.0,0.002,36.91243697930545,100.0,0.732623085805996,threshold-control
50000.0,100.0,0.002,36.982612715007555,100.0,0.7322492240174141,threshold-control
50000.0,100.0,0.002,37.0,100.0,0.7321565361495785,threshold-control
50000.0,100.0,0.002,37.052788450709656,100.0,0.7318749937003224,threshold-control
50000.0,100.0,0.002,37.12296418641176,100.0,0.7315003949226031,threshold-control
50000.0,100.0,0.002,37.19313992211386,100.0,0.7311254277534793,threshold-control
50000.0,100.0,0.002,37.26331565781596,100.0,0.7307500922635163,threshold-control
50000.0,100.0,0.002,37.33349139351806,100.0,0.7303743885246243,threshold-control
50000.0,100.0,0.002,37.40366712922016,100.0,0.7299983166100608,threshold-control
50000.0,100.0,0.002,37.47384286492226,100.0,0.7296218765944325,threshold-control
50000.0,100.0,0.002,37.54401860062436,100.0,0.7292450685536975,threshold-control
50000.0,100.0,0.002,37.61419433632646,100.0,0.7288678925651679,threshold-control
50000.0,100.0,0.002,37.68437007202857,100.0,0.7284903487075117,threshold-control
50000.0,100.0,0.002,37.75454580773067,100.0,0.7281124370607552,threshold-control
50000.0,100.0,0.002,37.82472154343277,100.0,0.727734157706285,threshold-control
50000.0,100.0,0.002,37.894897279134874,100.0,0.7273555107268503,threshold-control
50000.0,100.0,0.002,37.965073014836975,100.0,0.7269764962065651,threshold-control
50000.0,100.0,0.002,38.0,100.0,0.7267877209035096,threshold-control
50000.0,100.0,0.002,38.035248750539076,100.0,0.7265971142309102,threshold-control
50000.0,100.0,0.002,38.105424486241176,100.0,0.7262173648867358,threshold-control
50000.0,100.0,0.002,38.17560022194328,100.0,0.7258372482622633,threshold-control
50000.0,100.0,0.002,38.24577595764538,100.0,0.7254567644470873,threshold-control
50000.0,100.0,0.002,38.31595169334748,100.0,0.7250759135321785,threshold-control
50000.0,100.0,0.002,38.38612742904959,100.0,0.724694695609885,threshold-control
50000.0,100.0,0.002,38.45630316475169,100.0,0.724313110773935,threshold-control
50000.0,100.0,0.002,38.52647890045379,100.0,0.7239311591194386,threshold-control
50000.0,100.0,0.002,38.59665463615589,100.0,0.7235488407428903,threshold-control
50000.0,100.0,0.002,38.66683037185799,100.0,0.7231661557421702,threshold-control
50000.0,100.0,0.002,38.73700610756009,100.0,0.7227831042165478,threshold-control
50000.0,100.0,0.002,38.80718184326219,100.0,0.7223996862666823,threshold-control
50000.0,100.0,0.002,38.87735757896429,100.0,0.7220159019946257,threshold-control
50000.0,100.0,0.002,38.947533314666394,100.0,0.7216317515038249,threshold-control
50000.0,100.0,0.002,39.0,100.0,0.7213443033108757,threshold-control
50000.0,100.0,0.002,39.017709050368495,100.0,0.7212472348991231,threshold-control
50000.0,100.0,0.002,39.0878847860706,100.0,0.7208623522867629,threshold-control
50000.0,100.0,0.002,39.158060521772704,100.0,0.7204771037743873,threshold-control
50000.0,100.0,0.002,39.228236257474805,100.0,0.7200914894710426,threshold-control
50000.0,100.0,0.002,39.298411993176906,100.0,0.7197055094871799,threshold-control
50000.0,100.0,0.002,39.36858772887901,100.0,0.7193191639346574,threshold-control
50000.0,100.0,0.002,39.43876346458111,100.0,0.7189324529267426,threshold-control
50000.0,100.0,0.002,39.50893920028321,100.0,0.7185453765781137,threshold-control
50000.0,100.0,0.002,39.57911493598531,100.0,0.7181579350048621,threshold-control
50000.0,100.0,0.002,39.64929067168741,100.0,0.7177701283244949,threshold-control
50000.0,100.0,0.002,39.71946640738951,100.0,0.7173819566559358,threshold-control
50000.0,100.0,0.002,39.78964214309162,100.0,0.7169934201195276,threshold-control
50000.0,100.0,0.002,39.85981787879372,100.0,0.7166045188370348,threshold-control
50000.0,100.0,0.002,39.92999361449582,100.0,0.7162152529316445,threshold-control
50000.0,100.0,0.002,40.0,100.0,0.7158265632344354,threshold-control
50000.0,100.0,0.002,40.00016935019792,100.0,0.715825622527969,threshold-control
50000.0,100.0,0.002,40.07034508590002,100.0,0.7154356277520478,threshold-control
50000.0,100.0,0.002,40.140520821602124,100.0,0.7150452687313494,threshold-control
50000.0,100.0,0.002,40.210696557304225,100.0,0.7146545455947731,threshold-control
50000.0,100.0,0.002,40.280872293006325,100.0,0.7142634584726514,threshold-control
50000.0,100.0,0.002,40.351048028708426,100.0,0.7138720074967512,threshold-control
50000.0,100.0,0.002,40.42122376441053,100.0,0.7134801928002765,threshold-control
50000.0,100.0,0.002,40.491399500112635,100.0,0.71308801451787,threshold-control
50000.0,100.0,0.002,40.561575235814736,100.0,0.7126954727856147,threshold-control
50000.0,100.0,0.002,40.63175097151684,100.0,0.7123025677410365,threshold-control
50000.0,100.0,0.002,40.70192670721894,100.0,0.7119092995231052,threshold-control
50000.0,100.0,0.002,40.77210244292104,100.0,0.7115156682722372,threshold-control
50000.0,100.0,0.002,40.84227817862314,100.0,0.711121674130297,threshold-control
50000.0,100.0,0.002,40.91245391432524,100.0,0.710727317240599,threshold-control
50000.0,100.0,0.002,40.98262965002734,100.0,0.7103325977479092,threshold-control
50000.0,100.0,0.002,41.0,100.0,0.7102348382691684,threshold-control
50000.0,100.0,0.002,41.05280538572944,100.0,0.709937515798448,threshold-control
50000.0,100.0,0.002,41.12298112143155,100.0,0.7095420715398904,threshold-control
50000.0,100.0,0.002,41.19315685713365,100.0,0.7091462651213698,threshold-control
50000.0,100.0,0.002,41.26333259283575,100.0,0.7087500966934779,threshold-control
50000.0,100.0,0.002,41.33350832853785,100.0,0.7083535664082679,threshold-control
50000.0,100.0,0.002,41.403684064239954,100.0,0.7079566744192556,threshold-control
50000.0,100.0,0.002,41.473859799942055,100.0,0.7075594208814214,threshold-control
50000.0,100.0,0.002,41.544035535644156,100.0,0.7071618059512124,threshold-control
50000.0,100.0,0.002,41.61421127134626,100.0,0.7067638297865433,threshold-control
50000.0,100.0,0.002,41.68438700704836,100.0,0.706365492546799,threshold-control
50000.0,100.0,0.002,41.75456274275046,100.0,0.7059667943928365,threshold-control
50000.0,100.0,0.002,41.824738478452566,100.0,0.7055677354869854,threshold-control
50000.0,100.0,0.002,41.89491421415467,100.0,0.7051683159930512,threshold-control
50000.0,100.0,0.002,41.96508994985677,100.0,0.7047685360763158,threshold-control
50000.0,100.0,0.002,42.0,100.0,0.7045695249221402,threshold-control
50000.0,100.0,0.002,42.03526568555887,100.0,0.7043683959035401,threshold-control
50000.0,100.0,0.002,42.10544142126097,100.0,0.7039678956429651,threshold-control
50000.0,100.0,0.002,42.17561715696307,100.0,0.7035670354643139,threshold-control
50000.0,100.0,0.002,42.24579289266517,100.0,0.7031658155387932,threshold-control
50000.0,100.0,0.002,42.31596862836727,100.0,0.7027642360390955,threshold-control
50000.0,100.0,0.002,42.386144364069374,100.0,0.7023622971393999,threshold-control
50000.0,100.0,0.002,42.456320099771474,100.0,0.7019599990153745,threshold-control
50000.0,100.0,0.002,42.52649583547358,100.0,0.7015573418441778,threshold-control
50000.0,100.0,0.002,42.59667157117568,100.0,0.7011543258044605,threshold-control
50000.0,100.0,0.002,42.666847306877784,100.0,0.7007509510763665,threshold-control
50000.0,100.0,0.002,42.737023042579885,100.0,0.7003472178415354,threshold-control
50000.0,100.0,0.002,42.807198778281986,100.0,0.6999431262831037,threshold-control
50000.0,100.0,0.002,42.87737451398409,100.0,0.6995386765857065,threshold-control
50000.0,100.0,0.002,42.94755024968619,100.0,0.6991338689354785,threshold-control
50000.0,100.0,0.002,43.0,100.0,0.698831079724033,threshold-control
50000.0,100.0,0.002,43.01772598538829,100.0,0.6987287035200567,threshold-control
50000.0,100.0,0.002,43.08790172109039,100.0,0.6983231805285812,threshold-control
50000.0,100.0,0.002,43.15807745679249,100.0,0.6979173001516968,threshold-control
50000.0,100.0,0.002,43.2282531924946,100.0,0.6975110625815548,threshold-control
50000.0,100.0,0.002,43.2984289281967,100.0,0.6971044680118148,threshold-control
50000.0,100.0,0.002,43.3686046638988,100.0,0.6966975166376452,threshold-control
50000.0,100.0,0.002,43.4387803996009,100.0,0.6962902086557259,threshold-control
50000.0,100.0,0.002,43.508956135303,100.0,0.6958825442642489,threshold-control
50000.0,100.0,0.002,43.5791318710051,100.0,0.695474523662921,threshold-control
50000.0,100.0,0.002,43.649307606707204,100.0,0.6950661470529637,threshold-control
50000.0,100.0,0.002,43.719483342409305,100.0,0.6946574146371158,threshold-control
50000.0,100.0,0.002,43.789659078111406,100.0,0.6942483266196349,threshold-control
50000.0,100.0,0.002,43.85983481381351,100.0,0.693838883206298,threshold-control
50000.0,100.0,0.002,43.930010549515615,100.0,0.6934290846044038,threshold-control
50000.0,100.0,0.002,44.0,100.0,0.6930200202669614,threshold-control
50000.0,100.0,0.002,44.000186285217715,100.0,0.6930189310227737,threshold-control
50000.0,100.0,0.002,44.070362020919816,100.0,0.6926084226717536,threshold-control
50000.0,100.0,0.002,44.14053775662192,100.0,0.6921975597632148,threshold-control
50000.0,100.0,0.002,44.21071349232402,100.0,0.6917863425105559,threshold-control
50000.0,100.0,0.002,44.28088922802612,100.0,0.6913747711287038,threshold-control
50000.0,100.0,0.002,44.35106496372822,100.0,0.6909628458341155,threshold-control
50000.0,100.0,0.002,44.42124069943032,100.0,0.6905505668447791,threshold-control
50000.0,100.0,0.002,44.49141643513242,100.0,0.6901379343802154,threshold-control
50000.0,100.0,0.002,44.56159217083452,100.0,0.6897249486614789,threshold-control
50000.0,100.0,0.002,44.63176790653663,100.0,0.6893116099111598,threshold-control
50000.0,100.0,0.002,44.70194364223873,100.0,0.6888979183533851,threshold-control
50000.0,100.0,0.002,44.77211937794083,100.0,0.6884838742138191,threshold-control
50000.0,100.0,0.002,44.84229511364293,100.0,0.688069477719666,threshold-control
50000.0,100.0,0.002,44.912470849345034,100.0,0.6876547290996702,threshold-control
50000.0,100.0,0.002,44.982646585047135,100.0,0.6872396285841182,threshold-control
50000.0,100.0,0.002,45.0,100.0,0.6871369261632103,threshold-control
50000.0,100.0,0.002,45.052822320749236,100.0,0.6868241764048397,threshold-control
50000.0,100.0,0.002,45.12299805645134,100.0,0.6864083727952088,threshold-control
50000.0,100.0,0.002,45.19317379215344,100.0,0.685992217990145,threshold-control
50000.0,100.0,0.002,45.263349527855546,100.0,0.6855757122261146,threshold-control
50000.0,100.0,0.002,45.33352526355765,100.0,0.6851588557411331,threshold-control
50000.0,100.0,0.002,45.40370099925975,100.0,0.6847416487747641,threshold-control
50000.0,100.0,0.002,45.47387673496185,100.0,0.6843240915681226,threshold-control
50000.0,100.0,0.002,45.54405247066395,100.0,0.6839061843638747,threshold-control
50000.0,100.0,0.002,45.61422820636605,100.0,0.6834879274062404,threshold-control
50000.0,100.0,0.002,45.68440394206815,100.0,0.6830693209409928,threshold-control
50000.0,100.0,0.002,45.75457967777025,100.0,0.6826503652154612,threshold-control
50000.0,100.0,0.002,45.82475541347235,100.0,0.6822310604785305,threshold-control
50000.0,100.0,0.002,45.894931149174454,100.0,0.681811406980644,threshold-control
50000.0,100.0,0.002,45.96510688487656,100.0,0.6813914049738033,threshold-control
50000.0,100.0,0.002,46.0,100.0,0.6811824399195838,threshold-control
50000.0,100.0,0.002,46.03528262057866,100.0,0.6809710547115698,threshold-control
50000.0,100.0,0.002,46.105458356280764,100.0,0.680550356449066,threshold-control
50000.0,100.0,0.002,46.175634091982865,100.0,0.6801293104429764,threshold-control
50000.0,100.0,0.002,46.245809827684965,100.0,0.6797079169515485,threshold-control
50000.0,100.0,0.002,46.315985563387066,100.0,0.6792861762345943,threshold-control
50000.0,100.0,0.002,46.38616129908917,100.0,0.6788640885534905,threshold-control
50000.0,100.0,0.002,46.45633703479127,100.0,0.6784416541711804,threshold-control
50000.0,100.0,0.002,46.52651277049337,100.0,0.6780188733521748,threshold-control
50000.0,100.0,0.002,46.59668850619547,100.0,0.6775957463625524,threshold-control
50000.0,100.0,0.002,46.66686424189758,100.0,0.6771722734699617,threshold-control
50000.0,100.0,0.002,46.73703997759968,100.0,0.676748454943621,threshold-control
50000.0,100.0,0.002,46.80721571330178,100.0,0.6763242910543205,threshold-control
50000.0,100.0,0.002,46.87739144900388,100.0,0.6758997820744224,threshold-control
50000.0,100.0,0.002,46.94756718470598,100.0,0.6754749282778618,threshold-control
50000.0,100.0,0.002,47.0,100.0,0.6751572677221289,threshold-control
50000.0,100.0,0.002,47.01774292040808,100.0,0.6750497299401489,threshold-control
50000.0,100.0,0.002,47.08791865611018,100.0,0.674624187338368,threshold-control
50000.0,100.0,0.002,47.158094391812284,100.0,0.6741983007511803,threshold-control
50000.0,100.0,0.002,47.228270127514385,100.0,0.6737720704588233,threshold-control
50000.0,100.0,0.002,47.298445863216486,100.0,0.6733454967431127,threshold-control
50000.0,100.0,0.002,47.368621598918594,100.0,0.6729185798874431,threshold-control
50000.0,100.0,0.002,47.438797334620695,100.0,0.6724913201767881,threshold-control
50000.0,100.0,0.002,47.508973070322796,100.0,0.6720637178977026,threshold-control
50000.0,100.0,0.002,47.5791488060249,100.0,0.671635773338322,threshold-control
50000.0,100.0,0.002,47.649324541727,100.0,0.6712074867883644,threshold-control
50000.0,100.0,0.002,47.7195002774291,100.0,0.6707788585391306,threshold-control
50000.0,100.0,0.002,47.7896760131312,100.0,0.6703498888835052,threshold-control
50000.0,100.0,0.002,47.8598517488333,100.0,0.6699205781159575,threshold-control
50000.0,100.0,0.002,47.9300274845354,100.0,0.6694909265325422,threshold-control
50000.0,100.0,0.002,48.0,100.0,0.6690621801260945,threshold-control
50000.0,100.0,0.002,48.0002032202375,100.0,0.6690609344308996,threshold-control
50000.0,100.0,0.002,48.07037895593961,100.0,0.6686306021102575,threshold-control
50000.0,100.0,0.002,48.14055469164171,100.0,0.6681999298714312,threshold-control
50000.0,100.0,0.002,48.21073042734381,100.0,0.6677689180168238,threshold-control
50000.0,100.0,0.002,48.28090616304591,100.0,0.6673375668504283,threshold-control
50000.0,100.0,0.002,48.35108189874801,100.0,0.6669058766778266,threshold-control
50000.0,100.0,0.002,48.421257634450114,100.0,0.666473847806192,threshold-control
50000.0,100.0,0.002,48.491433370152215,100.0,0.6660414805442879,threshold-control
50000.0,100.0,0.002,48.561609105854316,100.0,0.6656087752024703,threshold-control
50000.0,100.0,0.002,48.63178484155642,100.0,0.6651757320926873,threshold-control
50000.0,100.0,0.002,48.70196057725852,100.0,0.6647423515284802,threshold-control
50000.0,100.0,0.002,48.772136312960626,100.0,0.6643086338249836,threshold-control
50000.0,100.0,0.002,48.84231204866273,100.0,0.6638745792989271,threshold-control
50000.0,100.0,0.002,48.91248778436483,100.0,0.6634401882686347,threshold-control
50000.0,100.0,0.002,48.98266352006693,100.0,0.6630054610540262,threshold-control
50000.0,100.0,0.002,49.0,100.0,0.6628980126461204,threshold-control
50000.0,100.0,0.002,49.05283925576903,100.0,0.6625703979766173,threshold-control
50000.0,100.0,0.002,49.12301499147113,100.0,0.66213499935952,threshold-control
50000.0,100.0,0.002,49.19319072717323,100.0,0.6616992655274442,threshold-control
50000.0,100.0,0.002,49.26336646287533,100.0,0.6612631968066969,threshold-control
50000.0,100.0,0.002,49.33354219857743,100.0,0.6608267935251835,threshold-control
50000.0,100.0,0.002,49.40371793427954,100.0,0.6603900560124082,threshold-control
50000.0,100.0,0.002,49.47389366998164,100.0,0.6599529845994743,threshold-control
50000.0,100.0,0.002,49.54406940568374,100.0,0.6595155796190846,threshold-control
50000.0,100.0,0.002,49.614245141385844,100.0,0.6590778414055423,threshold-control
50000.0,100.0,0.002,49.684420877087945,100.0,0.6586397702947512,threshold-control
50000.0,100.0,0.002,49.754596612790046,100.0,0.6582013666242157,threshold-control
50000.0,100.0,0.002,49.82477234849215,100.0,0.6577626307330424,threshold-control
50000.0,100.0,0.002,49.89494808419425,100.0,0.6573235629619387,threshold-control
50000.0,100.0,0.002,49.96512381989635,100.0,0.6568841636532154,threshold-control
50000.0,100.0,0.002,50.0,100.0,0.6566656662418009,threshold-control
50000.0,100.0,0.002,50.03529955559845,100.0,0.6564444331507846,threshold-control
50000.0,100.0,0.002,50.10547529130056,100.0,0.6560043718001625,threshold-control
50000.0,100.0,0.002,50.17565102700266,100.0,0.655563979948468,threshold-control
50000.0,100.0,0.002,50.24582676270476,100.0,0.6551232579444239,threshold-control
50000.0,100.0,0.002,50.31600249840686,100.0,0.6546822061383568,threshold-control
50000.0,100.0,0.002,50.38617823410896,100.0,0.6542408248821976,threshold-control
50000.0,100.0,0.002,50.45635396981106,100.0,0.653799114529482,threshold-control
50000.0,100.0,0.002,50.52652970551316,100.0,0.65335707543535,threshold-control
50000.0,100.0,0.002,50.59670544121526,100.0,0.6529147079565475,threshold-control
50000.0,100.0,0.002,50.666881176917364,100.0,0.6524720124514249,threshold-control
50000.0,100.0,0.002,50.737056912619465,100.0,0.6520289892799391,threshold-control
50000.0,100.0,0.002,50.80723264832157,100.0,0.6515856388036518,threshold-control
50000.0,100.0,0.002,50.877408384023674,100.0,0.6511419613857315,threshold-control
50000.0,100.0,0.002,50.947584119725775,100.0,0.6506979573909528,threshold-control
50000.0,100.0,0.002,51.0,100.0,0.6503661076939599,threshold-control
50000.0,100.0,0.002,51.017759855427876,100.0,0.6502536271856962,threshold-control
50000.0,100.0,0.002,51.08793559112998,100.0,0.6498089711379494,threshold-control
50000.0,100.0,0.002,51.15811132683208,100.0,0.6493639896173063,threshold-control
50000.0,100.0,0.002,51.22828706253418,100.0,0.648918682994968,threshold-control
50000.0,100.0,0.002,51.29846279823628,100.0,0.648473051643742,threshold-control
50000.0,100.0,0.002,51.36863853393838,100.0,0.6480270959380436,threshold-control
50000.0,100.0,0.002,51.43881426964048,100.0,0.6475808162538947,threshold-control
50000.0,100.0,0.002,51.50899000534259,100.0,0.6471342129689245,threshold-control
50000.0,100.0,0.002,51.57916574104469,100.0,0.6466872864623698,threshold-control
50000.0,100.0,0.002,51.64934147674679,100.0,0.6462400371150743,threshold-control
50000.0,100.0,0.002,51.71951721244889,100.0,0.6457924653094893,threshold-control
50000.0,100.0,0.002,51.78969294815099,100.0,0.6453445714296733,threshold-control
50000.0,100.0,0.002,51.859868683853094,100.0,0.6448963558612923,threshold-control
50000.0,100.0,0.002,51.930044419555195,100.0,0.6444478189916198,threshold-control
50000.0,100.0,0.002,52.0,100.0,0.6440003698671799,threshold-control
50000.0,100.0,0.002,52.000220155257296,100.0,0.6439989612095365,threshold-control
50000.0,100.0,0.002,52.0703958909594,100.0,0.6435497829055301,threshold-control
50000.0,100.0,0.002,52.1405716266615,100.0,0.6431002844716961,threshold-control
50000.0,100.0,0.002,52.210747362363605,100.0,0.6426504663017365,threshold-control
50000.0,100.0,0.002,52.280923098065706,100.0,0.6422003287909607,threshold-control
50000.0,100.0,0.002,52.35109883376781,100.0,0.6417498723362853,threshold-control
50000.0,100.0,0.002,52.42127456946991,100.0,0.6412990973362334,threshold-control
50000.0,100.0,0.002,52.49145030517201,100.0,0.6408480041909348,threshold-control
50000.0,100.0,0.002,52.56162604087411,100.0,0.6403965933021261,threshold-control
50000.0,100.0,0.002,52.63180177657621,100.0,0.6399448650731501,threshold-control
50000.0,100.0,0.002,52.70197751227831,100.0,0.6394928199089557,threshold-control
50000.0,100.0,0.002,52.77215324798041,100.0,0.6390404582160981,threshold-control
50000.0,100.0,0.002,52.84232898368251,100.0,0.6385877804027383,threshold-control
50000.0,100.0,0.002,52.91250471938462,100.0,0.6381347868786427,threshold-control
50000.0,100.0,0.002,52.98268045508672,100.0,0.6376814780551829,threshold-control
50000.0,100.0,0.002,53.0,100.0,0.6375695518543779,threshold-control
50000.0,100.0,0.002,53.05285619078882,100.0,0.6372278543453361,threshold-control
50000.0,100.0,0.002,53.123031926490924,100.0,0.6367739161636841,threshold-control
50000.0,100.0,0.002,53.193207662193025,100.0,0.6363196639264125,threshold-control
50000.0,100.0,0.002,53.263383397895126,100.0,0.6358650980513125,threshold-control
50000.0,100.0,0.002,53.33355913359723,100.0,0.635410218957778,threshold-control
50000.0,100.0,0.002,53.40373486929933,100.0,0.6349550270668073,threshold-control
50000.0,100.0,0.002,53.47391060500143,100.0,0.6344995228010012,threshold-control
50000.0,100.0,0.002,53.54408634070353,100.0,0.634043706584564,threshold-control
50000.0,100.0,0.002,53.61426207640564,100.0,0.6335875788433021,threshold-control
50000.0,100.0,0.002,53.68443781210774,100.0,0.6331311400046241,threshold-control
50000.0,100.0,0.002,53.75461354780984,100.0,0.6326743904975405,threshold-control
50000.0,100.0,0.002,53.82478928351194,100.0,0.6322173307526624,threshold-control
50000.0,100.0,0.002,53.89496501921404,100.0,0.6317599612022026,threshold-control
50000.0,100.0,0.002,53.96514075491614,100.0,0.6313022822799734,threshold-control
50000.0,100.0,0.002,54.0,100.0,0.6310748189994881,threshold-control
50000.0,100.0,0.002,54.03531649061824,100.0,0.6308442944213877,threshold-control
50000.0,100.0,0.002,54.105492226320344,100.0,0.6303859980634572,threshold-control
50000.0,100.0,0.002,54.175667962022445,100.0,0.6299273936447927,threshold-control
50000.0,100.0,0.002,54.24584369772455,100.0,0.6294684816056035,threshold-control
50000.0,100.0,0.002,54.31601943342665,100.0,0.6290092623876967,threshold-control
50000.0,100.0,0.002,54.386195169128754,100.0,0.6285497364344766,threshold-control
50000.0,100.0,0.002,54.456370904830855,100.0,0.628089904190944,threshold-control
50000.0,100.0,0.002,54.526546640532956,100.0,0.6276297661036963,threshold-control
50000.0,100.0,0.002,54.59672237623506,100.0,0.6271693226209256,threshold-control
50000.0,100.0,0.002,54.66689811193716,100.0,0.6267085741924201,threshold-control
50000.0,100.0,0.002,54.73707384763926,100.0,0.6262475212695611,threshold-control
50000.0,100.0,0.002,54.80724958334136,100.0,0.6257861643053242,threshold-control
50000.0,100.0,0.002,54.87742531904346,100.0,0.625324503754278,threshold-control
50000.0,100.0,0.002,54.94760105474557,100.0,0.6248625400725829,threshold-control
50000.0,100.0,0.002,55.0,100.0,0.6245174027946117,threshold-control
50000.0,100.0,0.002,55.01777679044767,100.0,0.6244002737179912,threshold-control
50000.0,100.0,0.002,55.08795252614977,100.0,0.6239377051498463,threshold-control
50000.0,100.0,0.002,55.15812826185187,100.0,0.6234748348290813,threshold-control
50000.0,100.0,0.002,55.22830399755397,100.0,0.6230116632182188,threshold-control
50000.0,100.0,0.002,55.29847973325607,100.0,0.6225481907813701,threshold-control
50000.0,100.0,0.002,55.368655468958174,100.0,0.6220844179842347,threshold-control
50000.0,100.0,0.002,55.438831204660275,100.0,0.6216203452940987,threshold-control
50000.0,100.0,0.002,55.509006940362376,100.0,0.6211559731798346,threshold-control
50000.0,100.0,0.002,55.57918267606448,100.0,0.6206913021119005,threshold-control
50000.0,100.0,0.002,55.649358411766585,100.0,0.620226332562339,threshold-control
50000.0,100.0,0.002,55.719534147468686,100.0,0.6197610650047762,threshold-control
50000.0,100.0,0.002,55.78970988317079,100.0,0.6192954999144216,threshold-control
50000.0,100.0,0.002,55.85988561887289,100.0,0.6188296377680662,threshold-control
50000.0,100.0,0.002,55.93006135457499,100.0,0.6183634790440826,threshold-control
50000.0,100.0,0.002,56.0,100.0,0.6178986006483245,threshold-control
50000.0,100.0,0.002,56.00023709027709,100.0,0.6178970242224228,threshold-control
50000.0,100.0,0.002,56.07041282597919,100.0,0.6174302737846186,threshold-control
50000.0,100.0,0.002,56.14058856168129,100.0,0.6169632282137798,threshold-control
50000.0,100.0,0.002,56.21076429738339,100.0,0.6164958879945941,threshold-control
50000.0,100.0,0.002,56.28094003308549,100.0,0.6160282536133244,threshold-control
50000.0,100.0,0.002,56.3511157687876,100.0,0.6155603255578097,threshold-control
50000.0,100.0,0.002,56.4212915044897,100.0,0.6150921043174635,threshold-control
50000.0,100.0,0.002,56.4914672401918,100.0,0.6146235903832716,threshold-control
50000.0,100.0,0.002,56.5616429758939,100.0,0.6141547842477929,threshold-control
50000.0,100.0,0.002,56.631818711596004,100.0,0.613685686405157,threshold-control
50000.0,100.0,0.002,56.701994447298105,100.0,0.6132162973510633,threshold-control
50000.0,100.0,0.002,56.772170183000206,100.0,0.6127466175827809,threshold-control
50000.0,100.0,0.002,56.84234591870231,100.0,0.612276647599146,threshold-control
50000.0,100.0,0.002,56.91252165440441,100.0,0.6118063879005617,threshold-control
50000.0,100.0,0.002,56.98269739010651,100.0,0.6113358389889971,threshold-control
50000.0,100.0,0.002,57.0,100.0,0.6112197755221895,threshold-control
50000.0,100.0,0.002,57.05287312580862,100.0,0.6108650013679848,threshold-control
50000.0,100.0,0.002,57.12304886151072,100.0,0.6103938755426213,threshold-control
50000.0,100.0,0.002,57.19322459721282,100.0,0.6099224620195649,threshold-control
50000.0,100.0,0.002,57.26340033291492,100.0,0.6094507613070343,threshold-control
50000.0,100.0,0.002,57.33357606861702,100.0,0.6089787739148083,threshold-control
50000.0,100.0,0.002,57.40375180431912,100.0,0.6085065003542235,threshold-control
50000.0,100.0,0.002,57.47392754002122,100.0,0.6080339411381741,threshold-control
50000.0,100.0,0.002,57.54410327572332,100.0,0.6075610967811089,threshold-control
50000.0,100.0,0.002,57.614279011425424,100.0,0.6070879677990328,threshold-control
50000.0,100.0,0.002,57.684454747127525,100.0,0.6066145547095023,threshold-control
50000.0,100.0,0.002,57.75463048282963,100.0,0.6061408580316265,threshold-control
50000.0,100.0,0.002,57.824806218531734,100.0,0.6056668782860648,threshold-control
50000.0,100.0,0.002,57.894981954233835,100.0,0.6051926159950252,threshold-control
50000.0,100.0,0.002,57.965157689935936,100.0,0.6047180716822643,threshold-control
50000.0,100.0,0.002,58.0,100.0,0.6044823554328979,threshold-control
50000.0,100.0,0.002,58.035333425638036,100.0,0.604243245873084,threshold-control
50000.0,100.0,0.002,58.10550916134014,100.0,0.6037681390943317,threshold-control
50000.0,100.0,0.002,58.17568489704224,100.0,0.603292751874398,threshold-control
50000.0,100.0,0.002,58.24586063274434,100.0,0.6028170847432157,threshold-control
50000.0,100.0,0.002,58.31603636844644,100.0,0.6023411382322577,threshold-control
50000.0,100.0,0.002,58.38621210414854,100.0,0.6018649128745363,threshold-control
50000.0,100.0,0.002,58.45638783985065,100.0,0.6013884092046009,threshold-control
50000.0,100.0,0.002,58.52656357555275,100.0,0.6009116277585377,threshold-control
50000.0,100.0,0.002,58.59673931125485,100.0,0.6004345690739666,threshold-control
50000.0,100.0,0.002,58.66691504695695,100.0,0.599957233690041,threshold-control
50000.0,100.0,0.002,58.73709078265905,100.0,0.5994796221474451,threshold-control
50000.0,100.0,0.002,58.80726651836115,100.0,0.5990017349883934,threshold-control
50000.0,100.0,0.002,58.877442254063254,100.0,0.598523572756628,threshold-control
50000.0,100.0,0.002,58.947617989765355,100.0,0.5980451359974185,threshold-control
50000.0,100.0,0.002,59.0,100.0,0.5976878328178756,threshold-control
50000.0,100.0,0.002,59.017793725467456,100.0,0.5975664252575585,threshold-control
50000.0,100.0,0.002,59.087969461169564,100.0,0.5970874410853653,threshold-control
50000.0,100.0,0.002,59.158145196871665,100.0,0.5966081840306774,threshold-control
50000.0,100.0,0.002,59.228320932573766,100.0,0.5961286546448542,threshold-control
50000.0,100.0,0.002,59.29849666827587,100.0,0.5956488534807723,threshold-control
50000.0,100.0,0.002,59.36867240397797,100.0,0.5951687810928254,threshold-control
50000.0,100.0,0.002,59.43884813968007,100.0,0.5946884380369217,threshold-control
50000.0,100.0,0.002,59.50902387538217,100.0,0.5942078248704826,threshold-control
50000.0,100.0,0.002,59.57919961108427,100.0,0.5937269421524405,threshold-control
50000.0,100.0,0.002,59.64937534678637,100.0,0.5932457904432374,threshold-control
50000.0,100.0,0.002,59.71955108248847,100.0,0.5927643703048233,threshold-control
50000.0,100.0,0.002,59.78972681819058,100.0,0.5922826823006532,threshold-control
50000.0,100.0,0.002,59.85990255389268,100.0,0.5918007269956874,threshold-control
50000.0,100.0,0.002,59.93007828959478,100.0,0.5913185049563869,threshold-control
50000.0,100.0,0.002,60.0,100.0,0.5908377637626218,threshold-control
50000.0,100.0,0.002,60.00025402529688,100.0,0.5908360167507143,threshold-control
50000.0,100.0,0.002,60.070429760998984,100.0,0.5903532629481295,threshold-control
50000.0,100.0,0.002,60.140605496701085,100.0,0.5898702441195899,threshold-control
50000.0,100.0,0.002,60.210781232403185,100.0,0.5893869608375467,threshold-control
50000.0,100.0,0.002,60.280956968105286,100.0,0.5889034136759441,threshold-control
50000.0,100.0,0.002,60.35113270380739,100.0,0.5884196032102171,threshold-control
50000.0,100.0,0.002,60.42130843950949,100.0,0.5879355300172893,threshold-control
50000.0,100.0,0.002,60.491484175211596,100.0,0.5874511946755706,threshold-control
50000.0,100.0,0.002,60.5616599109137,100.0,0.5869665977649565,threshold-control
50000.0,100.0,0.002,60.6318356466158,100.0,0.5864817398668245,threshold-control
50000.0,100.0,0.002,60.7020113823179,100.0,0.5859966215640331,threshold-control
50000.0,100.0,0.002,60.77218711802,100.0,0.5855112434409195,threshold-control
50000.0,100.0,0.002,60.8423628537221,100.0,0.5850256060832972,threshold-control
50000.0,100.0,0.002,60.9125385894242,100.0,0.5845397100784542,threshold-control
50000.0,100.0,0.002,60.9827143251263,100.0,0.584053556015151,threshold-control
50000.0,100.0,0.002,61.0,100.0,0.5839337670884956,threshold-control
50000.0,100.0,0.002,61.0528900608284,100.0,0.5835671444836183,threshold-control
50000.0,100.0,0.002,61.123065796530504,100.0,0.5830804760755548,threshold-control
50000.0,100.0,0.002,61.19324153223261,100.0,0.5825935513841254,threshold-control
50000.0,100.0,0.002,61.26341726793471,100.0,0.5821063710039585,threshold-control
50000.0,100.0,0.002,61.333593003636814,100.0,0.5816189355311439,threshold-control
50000.0,100.0,0.002,61.403768739338915,100.0,0.5811312455632314,threshold-control
50000.0,100.0,0.002,61.473944475041016,100.0,0.5806433016992276,threshold-control
50000.0,100.0,0.002,61.54412021074312,100.0,0.5801551045395938,threshold-control
50000.0,100.0,0.002,61.61429594644522,100.0,0.5796666546862446,threshold-control
50000.0,100.0,0.002,61.68447168214732,100.0,0.5791779527425442,threshold-control
50000.0,100.0,0.002,61.75464741784942,100.0,0.5786889993133054,threshold-control
50000.0,100.0,0.002,61.82482315355152,100.0,0.5781997950047869,threshold-control
50000.0,100.0,0.002,61.89499888925363,100.0,0.5777103404246904,threshold-control
50000.0,100.0,0.002,61.96517462495573,100.0,0.577220636182159,threshold-control
50000.0,100.0,0.002,62.0,100.0,0.5769775233001471,threshold-control
50000.0,100.0,0.002,62.03535036065783,100.0,0.5767306828877747,threshold-control
50000.0,100.0,0.002,62.10552609635993,100.0,0.576240481153556,threshold-control
50000.0,100.0,0.002,62.17570183206203,100.0,0.5757500315929549,threshold-control
50000.0,100.0,0.002,62.24587756776413,100.0,0.5752593348208552,threshold-control
50000.0,100.0,0.002,62.316053303466234,100.0,0.5747683914535704,threshold-control
50000.0,100.0,0.002,62.386229039168335,100.0,0.57427720210884,threshold-control
50000.0,100.0,0.002,62.456404774870435,100.0,0.5737857674058284,threshold-control
50000.0,100.0,0.002,62.526580510572536,100.0,0.5732940879651214,threshold-control
50000.0,100.0,0.002,62.596756246274644,100.0,0.5728021644087242,threshold-control
50000.0,100.0,0.002,62.666931981976745,100.0,0.5723099973600592,threshold-control
50000.0,100.0,0.002,62.737107717678846,100.0,0.5718175874439627,threshold-control
50000.0,100.0,0.002,62.80728345338095,100.0,0.5713249352866828,threshold-control
50000.0,100.0,0.002,62.87745918908305,100.0,0.570832041515877,threshold-control
50000.0,100.0,0.002,62.94763492478515,100.0,0.5703389067606093,threshold-control
50000.0,100.0,0.002,63.0,100.0,0.5699707733922712,threshold-control
50000.0,100.0,0.002,63.01781066048725,100.0,0.5698455316513475,threshold-control
50000.0,100.0,0.002,63.08798639618935,100.0,0.5693519168199614,threshold-control
50000.0,100.0,0.002,63.15816213189145,100.0,0.5688580628997195,threshold-control
50000.0,100.0,0.002,63.22833786759356,100.0,0.5683639705252856,threshold-control
50000.0,100.0,0.002,63.29851360329566,100.0,0.5678696403327185,threshold-control
50000.0,100.0,0.002,63.36868933899776,100.0,0.5673750729594664,threshold-control
50000.0,100.0,0.002,63.43886507469986,100.0,0.5668802690443668,threshold-control
50000.0,100.0,0.002,63.50904081040196,100.0,0.5663852292276419,threshold-control
50000.0,100.0,0.002,63.579216546104064,100.0,0.565889954150897,threshold-control
50000.0,100.0,0.002,63.649392281806165,100.0,0.5653944444571175,threshold-control
50000.0,100.0,0.002,63.719568017508266,100.0,0.5648987007906655,threshold-control
50000.0,100.0,0.002,63.78974375321037,100.0,0.5644027237972781,threshold-control
50000.0,100.0,0.002,63.85991948891247,100.0,0.563906514124064,threshold-control
50000.0,100.0,0.002,63.930095224614575,100.0,0.5634100724195004,threshold-control
50000.0,100.0,0.002,64.0,100.0,0.5629153175158832,threshold-control
50000.0,100.0,0.002,64.00027096031667,100.0,0.562913399333431,threshold-control
50000.0,100.0,0.002,64.07044669601878,100.0,0.5624164955170624,threshold-control
50000.0,100.0,0.002,64.14062243172087,100.0,0.5619193616229621,threshold-control
50000.0,100.0,0.002,64.21079816742298,100.0,0.5614219983050543,threshold-control
50000.0,100.0,0.002,64.28097390312509,100.0,0.5609244062186185,threshold-control
50000.0,100.0,0.002,64.35114963882718,100.0,0.5604265860202859,threshold-control
50000.0,100.0,0.002,64.42132537452929,100.0,0.5599285383680356,threshold-control
50000.0,100.0,0.002,64.49150111023138,100.0,0.5594302639211938,threshold-control
50000.0,100.0,0.002,64.56167684593349,100.0,0.5589317633404286,threshold-control
50000.0,100.0,0.002,64.63185258163558,100.0,0.558433037287749,threshold-control
50000.0,100.0,0.002,64.70202831733769,100.0,0.5579340864264997,threshold-control
50000.0,100.0,0.002,64.77220405303979,100.0,0.5574349114213606,threshold-control
50000.0,100.0,0.002,64.8423797887419,100.0,0.556935512938342,threshold-control
50000.0,100.0,0.002,64.91255552444399,100.0,0.556435891644782,threshold-control
50000.0,100.0,0.002,64.9827312601461,100.0,0.5559360482093436,threshold-control
50000.0,100.0,0.002,65.0,100.0,0.5558130135048225,threshold-control
50000.0,100.0,0.002,65.0529069958482,100.0,0.5554359833020118,threshold-control
50000.0,100.0,0.002,65.1230827315503,100.0,0.5549356975940906,threshold-control
50000.0,100.0,0.002,65.1932584672524,100.0,0.5544351917581987,threshold-control
50000.0,100.0,0.002,65.2634342029545,100.0,0.553934466468268,threshold-control
50000.0,100.0,0.002,65.33360993865661,100.0,0.5534335223995397,threshold-control
50000.0,100.0,0.002,65.4037856743587,100.0,0.5529323602285614,threshold-control
50000.0,100.0,0.002,65.47396141006081,100.0,0.5524309806331833,threshold-control
50000.0,100.0,0.002,65.5441371457629,100.0,0.5519293842925559,threshold-control
50000.0,100.0,0.002,65.61431288146501,100.0,0.5514275718871262,threshold-control
50000.0,100.0,0.002,65.68448861716712,100.0,0.5509255440986347,threshold-control
50000.0,100.0,0.002,65.75466435286921,100.0,0.5504233016101125,threshold-control
50000.0,100.0,0.002,65.82484008857132,100.0,0.5499208451058774,threshold-control
50000.0,100.0,0.002,65.89501582427341,100.0,0.549418175271531,threshold-control
50000.0,100.0,0.002,65.96519155997552,100.0,0.5489152927939557,threshold-control
50000.0,100.0,0.002,66.0,100.0,0.548665775263733,threshold-control
50000.0,100.0,0.002,66.03536729567762,100.0,0.5484121983613106,threshold-control
50000.0,100.0,0.002,66.10554303137972,100.0,0.5479088926630293,threshold-control
50000.0,100.0,0.002,66.17571876708182,100.0,0.5474053763898159,threshold-control
50000.0,100.0,0.002,66.24589450278393,100.0,0.546901650233641,threshold-control
50000.0,100.0,0.002,66.31607023848602,100.0,0.5463977148877405,threshold-control
50000.0,100.0,0.002,66.38624597418813,100.0,0.5458935710466095,threshold-control
50000.0,100.0,0.002,66.45642170989024,100.0,0.5453892194060012,threshold-control
50000.0,100.0,0.002,66.52659744559233,100.0,0.5448846606629221,threshold-control
50000.0,100.0,0.002,66.59677318129444,100.0,0.5443798955156292,threshold-control
50000.0,100.0,0.002,66.66694891699653,100.0,0.5438749246636265,threshold-control
50000.0,100.0,0.002,66.73712465269864,100.0,0.5433697488076614,threshold-control
50000.0,100.0,0.002,66.80730038840073,100.0,0.5428643686497212,threshold-control
50000.0,100.0,0.002,66.87747612410284,100.0,0.5423587848930302,threshold-control
50000.0,100.0,0.002,66.94765185980494,100.0,0.5418529982420452,threshold-control
50000.0,100.0,0.002,67.0,100.0,0.5414755710193018,threshold-control
50000.0,100.0,0.002,67.01782759550704,100.0,0.5413470094024531,threshold-control
50000.0,100.0,0.002,67.08800333120915,100.0,0.5408408190811663,threshold-control
50000.0,100.0,0.002,67.15817906691125,100.0,0.5403344279863203,threshold-control
50000.0,100.0,0.002,67.22835480261335,100.0,0.5398278368272688,threshold-control
50000.0,100.0,0.002,67.29853053831545,100.0,0.5393210463145817,threshold-control
50000.0,100.0,0.002,67.36870627401755,100.0,0.53881405716004,threshold-control
50000.0,100.0,0.002,67.43888200971965,100.0,0.5383068700766336,threshold-control
50000.0,100.0,0.002,67.50905774542176,100.0,0.5377994857785564,threshold-control
50000.0,100.0,0.002,67.57923348112385,100.0,0.5372919049812034,threshold-control
50000.0,100.0,0.002,67.64940921682596,100.0,0.5367841284011672,threshold-control
50000.0,100.0,0.002,67.71958495252807,100.0,0.5362761567562336,threshold-control
50000.0,100.0,0.002,67.78976068823016,100.0,0.5357679907653792,threshold-control
50000.0,100.0,0.002,67.85993642393227,100.0,0.5352596311487658,threshold-control
50000.0,100.0,0.002,67.93011215963436,100.0,0.5347510786277387,threshold-control
50000.0,100.0,0.002,68.0,100.0,0.5342444214370878,threshold-control
50000.0,100.0,0.002,68.00028789533647,100.0,0.5342423339248216,threshold-control
50000.0,100.0,0.002,68.07046363103856,100.0,0.5337333977637138,threshold-control
50000.0,100.0,0.002,68.14063936674067,100.0,0.5332242708692851,threshold-control
50000.0,100.0,0.002,68.21081510244277,100.0,0.5327149539675743,threshold-control
50000.0,100.0,0.002,68.28099083814487,100.0,0.5322054477857827,threshold-control
50000.0,100.0,0.002,68.35116657384697,100.0,0.5316957530522728,threshold-control
50000.0,100.0,0.002,68.42134230954908,100.0,0.5311858704965625,threshold-control
50000.0,100.0,0.002,68.49151804525118,100.0,0.5306758008493226,threshold-control
50000.0,100.0,0.002,68.56169378095328,100.0,0.5301655448423727,threshold-control
50000.0,100.0,0.002,68.63186951665539,100.0,0.5296551032086764,threshold-control
50000.0,100.0,0.002,68.70204525235748,100.0,0.529144476682339,threshold-control
50000.0,100.0,0.002,68.77222098805959,100.0,0.5286336659986023,threshold-control
50000.0,100.0,0.002,68.84239672376168,100.0,0.5281226718938417,threshold-control
50000.0,100.0,0.002,68.91257245946379,100.0,0.5276114951055608,threshold-control
50000.0,100.0,0.002,68.98274819516588,100.0,0.5271001363723901,threshold-control
50000.0,100.0,0.002,69.0,100.0,0.5269743976068133,threshold-control
50000.0,100.0,0.002,69.05292393086799,100.0,0.52658859643408,threshold-control
50000.0,100.0,0.002,69.1230996665701,100.0,0.5260768760314987,threshold-control
50000.0,100.0,0.002,69.19327540227219,100.0,0.5255649759066284,threshold-control
50000.0,100.0,0.002,69.2634511379743,100.0,0.5250528968025601,threshold-control
50000.0,100.0,0.002,69.3336268736764,100.0,0.5245406394634904,threshold-control
50000.0,100.0,0.002,69.4038026093785,100.0,0.5240282046347176,threshold-control
50000.0,100.0,0.002,69.4739783450806,100.0,0.5235155930626372,threshold-control
50000.0,100.0,0.002,69.5441540807827,100.0,0.523002805494738,threshold-control
50000.0,100.0,0.002,69.6143298164848,100.0,0.5224898426795983,threshold-control
50000.0,100.0,0.002,69.6845055521869,100.0,0.5219767053668816,threshold-control
50000.0,100.0,0.002,69.754681287889,100.0,0.5214633943073328,threshold-control
50000.0,100.0,0.002,69.82485702359111,100.0,0.5209499102527735,threshold-control
50000.0,100.0,0.002,69.89503275929322,100.0,0.5204362539560985,threshold-control
50000.0,100.0,0.002,69.96520849499531,100.0,0.5199224261712716,threshold-control
50000.0,100.0,0.002,70.0,100.0,0.519667618899539,threshold-control
50000.0,100.0,0.002,70.03538423069742,100.0,0.5194084276533212,threshold-control
50000.0,100.0,0.002,70.10555996639951,100.0,0.5188942591583363,threshold-control
50000.0,100.0,0.002,70.17573570210162,100.0,0.5183799214434621,threshold-control
50000.0,100.0,0.002,70.24591143780371,100.0,0.5178654152668964,threshold-control
50000.0,100.0,0.002,70.31608717350582,100.0,0.5173507413878848,threshold-control
50000.0,100.0,0.002,70.38626290920791,100.0,0.5168359005667171,threshold-control
50000.0,100.0,0.002,70.45643864491002,100.0,0.5163208935647221,threshold-control
50000.0,100.0,0.002,70.52661438061213,100.0,0.5158057211442648,threshold-control
50000.0,100.0,0.002,70.59679011631422,100.0,0.5152903840687408,threshold-control
50000.0,100.0,0.002,70.66696585201633,100.0,0.5147748831025727,threshold-control
50000.0,100.0,0.002,70.73714158771843,100.0,0.5142592190112059,threshold-control
50000.0,100.0,0.002,70.80731732342053,100.0,0.5137433925611038,threshold-control
50000.0,100.0,0.002,70.87749305912263,100.0,0.5132274045197445,threshold-control
50000.0,100.0,0.002,70.94766879482474,100.0,0.5127112556556149,threshold-control
50000.0,100.0,0.002,71.0,100.0,0.512326250700685,threshold-control
50000.0,100.0,0.002,71.01784453052683,100.0,0.5121949467382085,threshold-control
50000.0,100.0,0.002,71.08802026622894,100.0,0.5116784785380186,threshold-control
50000.0,100.0,0.002,71.15819600193103,100.0,0.5111618518265364,threshold-control
50000.0,100.0,0.002,71.22837173763314,100.0,0.5106450673762444,threshold-control
50000.0,100.0,0.002,71.29854747333525,100.0,0.5101281259606141,threshold-control
50000.0,100.0,0.002,71.36872320903734,100.0,0.5096110283541,threshold-control
50000.0,100.0,0.002,71.43889894473945,100.0,0.5090937753321356,threshold-control
50000.0,100.0,0.002,71.50907468044154,100.0,0.5085763676711299,threshold-control
50000.0,100.0,0.002,71.57925041614365,100.0,0.5080588061484619,threshold-control
50000.0,100.0,0.002,71.64942615184574,100.0,0.5075410915424762,threshold-control
50000.0,100.0,0.002,71.71960188754785,100.0,0.5070232246324793,threshold-control
50000.0,100.0,0.002,71.78977762324995,100.0,0.5065052061987345,threshold-control
50000.0,100.0,0.002,71.85995335895205,100.0,0.5059870370224578,threshold-control
50000.0,100.0,0.002,71.93012909465416,100.0,0.505468717885813,threshold-control
50000.0,100.0,0.002,72.0,100.0,0.5049525020233889,threshold-control
50000.0,100.0,0.002,72.00030483035626,100.0,0.5049502495719078,threshold-control
50000.0,100.0,0.002,72.07048056605836,100.0,0.5044316328647884,threshold-control
50000.0,100.0,0.002,72.14065630176046,100.0,0.5039128685494358,threshold-control
50000.0,100.0,0.002,72.21083203746257,100.0,0.503393957411761,threshold-control
50000.0,100.0,0.002,72.28100777316466,100.0,0.5028749002386002,threshold-control
50000.0,100.0,0.002,72.35118350886677,100.0,0.5023556978177104,threshold-control
50000.0,100.0,0.002,72.42135924456886,100.0,0.5018363509377651,threshold-control
50000.0,100.0,0.002,72.49153498027097,100.0,0.5013168603883495,threshold-control
50000.0,100.0,0.002,72.56171071597308,100.0,0.5007972269599552,threshold-control
50000.0,100.0,0.002,72.63188645167517,100.0,0.5002774514439774,threshold-control
50000.0,100.0,0.002,72.70206218737728,100.0,0.4997575346327079,threshold-control
50000.0,100.0,0.002,72.77223792307937,100.0,0.49923747731933266,threshold-control
50000.0,100.0,0.002,72.84241365878148,100.0,0.4987172802979254,threshold-control
50000.0,100.0,0.002,72.91258939448358,100.0,0.4981969443634445,threshold-control
50000.0,100.0,0.002,72.98276513018568,100.0,0.4976764703117269,threshold-control
50000.0,100.0,0.002,73.0,100.0,0.4975486230072155,threshold-control
50000.0,100.0,0.002,73.05294086588778,100.0,0.4971558589394842,threshold-control
50000.0,100.0,0.002,73.12311660158989,100.0,0.496635111044298,threshold-control
50000.0,100.0,0.002,73.19329233729198,100.0,0.4961142274246153,threshold-control
50000.0,100.0,0.002,73.26346807299409,100.0,0.49559320887974256,threshold-control
50000.0,100.0,0.002,73.3336438086962,100.0,0.4950720562098426,threshold-control
50000.0,100.0,0.002,73.40381954439829,100.0,0.49455077021592975,threshold-control
50000.0,100.0,0.002,73.4739952801004,100.0,0.49402935169986295,threshold-control
50000.0,100.0,0.002,73.54417101580249,100.0,0.4935078014643439,threshold-control
50000.0,100.0,0.002,73.6143467515046,100.0,0.49298612031291045,threshold-control
50000.0,100.0,0.002,73.68452248720669,100.0,0.4924643090499322,threshold-control
50000.0,100.0,0.002,73.7546982229088,100.0,0.4919423684806059,threshold-control
50000.0,100.0,0.002,73.8248739586109,100.0,0.49142029941095056,threshold-control
50000.0,100.0,0.002,73.895049694313,100.0,0.49089810264780265,threshold-control
50000.0,100.0,0.002,73.96522543001511,100.0,0.49037577899881124,threshold-control
50000.0,100.0,0.002,74.0,100.0,0.49011690230773697,threshold-control
50000.0,100.0,0.002,74.0354011657172,100.0,0.4898533292724332,threshold-control
50000.0,100.0,0.002,74.10557690141931,100.0,0.48933075427792794,threshold-control
50000.0,100.0,0.002,74.1757526371214,100.0,0.4888080548253535,threshold-control
50000.0,100.0,0.002,74.24592837282351,100.0,0.4882852317255604,threshold-control
50000.0,100.0,0.002,74.31610410852561,100.0,0.4877622857901882,threshold-control
50000.0,100.0,0.002,74.38627984422772,100.0,0.487239217831659,threshold-control
50000.0,100.0,0.002,74.45645557992981,100.0,0.4867160286631743,threshold-control
50000.0,100.0,0.002,74.52663131563192,100.0,0.4861927190987082,threshold-control
50000.0,100.0,0.002,74.59680705133401,100.0,0.4856692899530043,threshold-control
50000.0,100.0,0.002,74.66698278703612,100.0,0.48514574204156913,threshold-control
50000.0,100.0,0.002,74.73715852273823,100.0,0.48462207618066844,threshold-control
50000.0,100.0,0.002,74.80733425844032,100.0,0.4840982931873222,threshold-control
50000.0,100.0,0.002,74.87750999414243,100.0,0.4835743938792979,threshold-control
50000.0,100.0,0.002,74.94768572984452,100.0,0.4830503790751083,threshold-control
50000.0,100.0,0.002,75.0,100.0,0.4826596643829941,threshold-control
50000.0,100.0,0.002,75.01786146554663,100.0,0.48252624959400414,threshold-control
50000.0,100.0,0.002,75.08803720124872,100.0,0.48200200625597034,threshold-control
50000.0,100.0,0.002,75.15821293695083,100.0,0.48147764988172026,threshold-control
50000.0,100.0,0.002,75.22838867265293,100.0,0.48095318129269204,threshold-control
50000.0,100.0,0.002,75.29856440835503,100.0,0.4804286013110418,threshold-control
50000.0,100.0,0.002,75.36874014405714,100.0,0.47990391075963934,threshold-control
50000.0,100.0,0.002,75.43891587975924,100.0,0.47937911046206405,threshold-control
50000.0,100.0,0.002,75.50909161546134,100.0,0.47885420124259814,threshold-control
50000.0,100.0,0.002,75.57926735116344,100.0,0.4783291839262229,threshold-control
50000.0,100.0,0.002,75.64944308686555,100.0,0.47780405933861303,threshold-control
50000.0,100.0,0.002,75.71961882256764,100.0,0.4772788283061318,threshold-control
50000.0,100.0,0.002,75.78979455826975,100.0,0.47675349165582537,threshold-control
50000.0,100.0,0.002,75.85997029397184,100.0,0.4762280502154186,threshold-control
50000.0,100.0,0.002,75.93014602967395,100.0,0.47570250481330945,threshold-control
50000.0,100.0,0.002,76.0,100.0,0.4751792666833081,threshold-control
50000.0,100.0,0.002,76.00032176537604,100.0,0.4751768562785639,threshold-control
50000.0,100.0,0.002,76.07049750107815,100.0,0.4746511054409105,threshold-control
50000.0,100.0,0.002,76.14067323678026,100.0,0.47412525313073595,threshold-control
50000.0,100.0,0.002,76.21084897248235,100.0,0.4735993001790795,threshold-control
50000.0,100.0,0.002,76.28102470818446,100.0,0.47307324741762746,threshold-control
50000.0,100.0,0.002,76.35120044388655,100.0,0.472547095678709,threshold-control
50000.0,100.0,0.002,76.42137617958866,100.0,0.4720208457952899,threshold-control
50000.0,100.0,0.002,76.49155191529076,100.0,0.47149449860096837,threshold-control
50000.0,100.0,0.002,76.56172765099286,100.0,0.4709680549299685,threshold-control
50000.0,100.0,0.002,76.63190338669496,100.0,0.470441515617137,threshold-control
50000.0,100.0,0.002,76.70207912239707,100.0,0.4699148814979358,threshold-control
50000.0,100.0,0.002,76.77225485809917,100.0,0.469388153408439,threshold-control
50000.0,100.0,0.002,76.84243059380127,100.0,0.4688613321853258,threshold-control
50000.0,100.0,0.002,76.91260632950338,100.0,0.46833441866587633,threshold-control
50000.0,100.0,0.002,76.98278206520547,100.0,0.4678074136879661,threshold-control
50000.0,100.0,0.002,77.0,100.0,0.46767809675136407,threshold-control
50000.0,100.0,0.002,77.05295780090758,100.0,0.46728031809006076,threshold-control
50000.0,100.0,0.002,77.12313353660967,100.0,0.4667531327112111,threshold-control
50000.0,100.0,0.002,77.19330927231178,100.0,0.4662258583910468,threshold-control
50000.0,100.0,0.002,77.26348500801387,100.0,0.465698495969773,threshold-control
50000.0,100.0,0.002,77.33366074371598,100.0,0.46517104628816286,threshold-control
50000.0,100.0,0.002,77.40383647941809,100.0,0.4646435101875539,threshold-control
50000.0,100.0,0.002,77.47401221512018,100.0,0.4641158885098421,threshold-control
50000.0,100.0,0.002,77.54418795082229,100.0,0.46358818209747643,threshold-control
50000.0,100.0,0.002,77.61436368652438,100.0,0.4630603917934538,threshold-control
50000.0,100.0,0.002,77.68453942222649,100.0,0.4625325184413138,threshold-control
50000.0,100.0,0.002,77.75471515792859,100.0,0.4620045628851329,threshold-control
50000.0,100.0,0.002,77.8248908936307,100.0,0.46147652596951994,threshold-control
50000.0,100.0,0.002,77.89506662933279,100.0,0.46094840853960994,threshold-control
50000.0,100.0,0.002,77.9652423650349,100.0,0.46042021144105916,threshold-control
50000.0,100.0,0.002,78.0,100.0,0.4601585692398935,threshold-control
50000.0,100.0,0.002,78.03541810073699,100.0,0.45989193552003993,threshold-control
50000.0,100.0,0.002,78.1055938364391,100.0,0.45936358162323465,threshold-control
50000.0,100.0,0.002,78.1757695721412,100.0,0.458835150597831,threshold-control
50000.0,100.0,0.002,78.2459453078433,100.0,0.4583066432915168,threshold-control
50000.0,100.0,0.002,78.31612104354541,100.0,0.4577780605524736,threshold-control
50000.0,100.0,0.002,78.3862967792475,100.0,0.45724940322937235,threshold-control
50000.0,100.0,0.002,78.45647251494961,100.0,0.456720672171367,threshold-control
50000.0,100.0,0.002,78.5266482506517,100.0,0.45619186822809044,threshold-control
50000.0,100.0,0.002,78.59682398635381,100.0,0.45566299224964746,threshold-control
50000.0,100.0,0.002,78.6669997220559,100.0,0.4551340450866108,threshold-control
50000.0,100.0,0.002,78.73717545775801,100.0,0.45460502759001487,threshold-control
50000.0,100.0,0.002,78.80735119346012,100.0,0.4540759406113505,threshold-control
50000.0,100.0,0.002,78.87752692916222,100.0,0.4535467850025596,threshold-control
50000.0,100.0,0.002,78.94770266486432,100.0,0.4530175616160296,threshold-control
50000.0,100.0,0.002,79.0,100.0,0.4526231228546713,threshold-control
50000.0,100.0,0.002,79.01787840056642,100.0,0.45248827130458824,threshold-control
50000.0,100.0,0.002,79.08805413626852,100.0,0.45195891492149787,threshold-control
50000.0,100.0,0.002,79.15822987197062,100.0,0.4514294933204498,threshold-control
50000.0,100.0,0.002,79.22840560767273,100.0,0.45090000735555946,threshold-control
50000.0,100.0,0.002,79.29858134337482,100.0,0.45037045788136065,threshold-control
50000.0,100.0,0.002,79.36875707907693,100.0,0.44984084575279926,threshold-control
50000.0,100.0,0.002,79.43893281477902,100.0,0.4493111718252293,threshold-control
50000.0,100.0,0.002,79.50910855048113,100.0,0.4487814369544063,threshold-control
50000.0,100.0,0.002,79.57928428618324,100.0,0.44825164199648193,threshold-control
50000.0,100.0,0.002,79.64946002188533,100.0,0.4477217878079992,threshold-control
50000.0,100.0,0.002,79.71963575758744,100.0,0.4471918752458858,threshold-control
50000.0,100.0,0.002,79.78981149328953,100.0,0.44666190516744975,threshold-control
50000.0,100.0,0.002,79.85998722899164,100.0,0.44613187843037316,threshold-control
50000.0,100.0,0.002,79.93016296469374,100.0,0.4456017958927069,threshold-control
50000.0,100.0,0.002,80.0,100.0,0.44507421723089224,threshold-control
50000.0,100.0,0.002,80.00033870039584,100.0,0.445071658412865,threshold-control
50000.0,100.0,0.002,80.07051443609794,100.0,0.4445414668496199,threshold-control
50000.0,100.0,0.002,80.14069017180005,100.0,0.44401122206209487,threshold-control
50000.0,100.0,0.002,80.21086590750215,100.0,0.4434809249097613,threshold-control
50000.0,100.0,0.002,80.28104164320425,100.0,0.4429505762524306,threshold-control
50000.0,100.0,0.002,80.35121737890636,100.0,0.44242017695025027,threshold-control
50000.0,100.0,0.002,80.42139311460845,100.0,0.4418897278636976,threshold-control
50000.0,100.0,0.002,80.49156885031056,100.0,0.44135922985357434,threshold-control
50000.0,100.0,0.002,80.56174458601265,100.0,0.44082868378100115,threshold-control
50000.0,100.0,0.002,80.63192032171476,100.0,0.44029809050741187,threshold-control
50000.0,100.0,0.002,80.70209605741685,100.0,0.4397674508945483,threshold-control
50000.0,100.0,0.002,80.77227179311896,100.0,0.4392367658044539,threshold-control
50000.0,100.0,0.002,80.84244752882105,100.0,0.43870603609946934,threshold-control
50000.0,100.0,0.002,80.91262326452316,100.0,0.4381752626422255,threshold-control
50000.0,100.0,0.002,80.98279900022527,100.0,0.43764444629563926,threshold-control
50000.0,100.0,0.002,81.0,100.0,0.4375143297513082,threshold-control
50000.0,100.0,0.002,81.05297473592736,100.0,0.43711358792290733,threshold-control
50000.0,100.0,0.002,81.12315047162947,100.0,0.4365826883874999,threshold-control
50000.0,100.0,0.002,81.19332620733157,100.0,0.43605174855315687,threshold-control
50000.0,100.0,0.002,81.26350194303367,100.0,0.43552076928387984,threshold-control
50000.0,100.0,0.002,81.33367767873577,100.0,0.4349897514439286,threshold-control
50000.0,100.0,0.002,81.40385341443788,100.0,0.4344586958978145,threshold-control
50000.0,100.0,0.002,81.47402915013997,100.0,0.43392760351029525,threshold-control
50000.0,100.0,0.002,81.54420488584208,100.0,0.43339647514636837,threshold-control
50000.0,100.0,0.002,81.61438062154419,100.0,0.4328653116712672,threshold-control
50000.0,100.0,0.002,81.68455635724628,100.0,0.43233411395045396,threshold-control
50000.0,100.0,0.002,81.75473209294839,100.0,0.4318028828496143,threshold-control
50000.0,100.0,0.002,81.82490782865048,100.0,0.43127161923465207,threshold-control
50000.0,100.0,0.002,81.89508356435259,100.0,0.4307403239716835,threshold-control
50000.0,100.0,0.002,81.96525930005468,100.0,0.4302089979270318,threshold-control
50000.0,100.0,0.002,82.0,100.0,0.42994595231477906,threshold-control
50000.0,100.0,0.002,82.03543503575679,100.0,0.4296776419672207,threshold-control
50000.0,100.0,0.002,82.10561077145888,100.0,0.4291462569589699,threshold-control
50000.0,100.0,0.002,82.17578650716099,100.0,0.4286148437691887,threshold-control
50000.0,100.0,0.002,82.2459622428631,100.0,0.4280834032649704,threshold-control
50000.0,100.0,0.002,82.3161379785652,100.0,0.42755193631358723,threshold-control
50000.0,100.0,0.002,82.3863137142673,100.0,0.4270204437824837,threshold-control
50000.0,100.0,0.002,82.4564894499694,100.0,0.4264889265392723,threshold-control
50000.0,100.0,0.002,82.5266651856715,100.0,0.42595738545172623,threshold-control
50000.0,100.0,0.002,82.5968409213736,100.0,0.42542582138777485,threshold-control
50000.0,100.0,0.002,82.6670166570757,100.0,0.4248942352154981,threshold-control
50000.0,100.0,0.002,82.7371923927778,100.0,0.42436262780311995,threshold-control
50000.0,100.0,0.002,82.80736812847991,100.0,0.4238310000190033,threshold-control
50000.0,100.0,0.002,82.877543864182,100.0,0.42329935273164476,threshold-control
50000.0,100.0,0.002,82.94771959988411,100.0,0.4227676868096677,threshold-control
50000.0,100.0,0.002,83.0,100.0,0.4223715880641373,threshold-control
50000.0,100.0,0.002,83.01789533558622,100.0,0.42223600312181786,threshold-control
50000.0,100.0,0.002,83.08807107128831,100.0,0.42170430253695745,threshold-control
50000.0,100.0,0.002,83.15824680699042,100.0,0.4211725859240584,threshold-control
50000.0,100.0,0.002,83.22842254269251,100.0,0.420640854152198,threshold-control
50000.0,100.0,0.002,83.29859827839462,100.0,0.42010910809055235,threshold-control
50000.0,100.0,0.002,83.36877401409672,100.0,0.41957734860839146,threshold-control
50000.0,100.0,0.002,83.43894974979882,100.0,0.4190455765750729,threshold-control
50000.0,100.0,0.002,83.50912548550092,100.0,0.4185137928600362,threshold-control
50000.0,100.0,0.002,83.57930122120302,100.0,0.41798199833279737,threshold-control
50000.0,100.0,0.002,83.64947695690513,100.0,0.41745019386294335,threshold-control
50000.0,100.0,0.002,83.71965269260723,100.0,0.41691838032012607,threshold-control
50000.0,100.0,0.002,83.78982842830933,100.0,0.4163865585740565,threshold-control
50000.0,100.0,0.002,83.86000416401143,100.0,0.41585472949449975,threshold-control
50000.0,100.0,0.002,83.93017989971354,100.0,0.41532289395126853,threshold-control
50000.0,100.0,0.002,84.0,100.0,0.4147937480824505,threshold-control
50000.0,100.0,0.002,84.00035563541563,100.0,0.414791052814218,threshold-control
50000.0,100.0,0.002,84.07053137111774,100.0,0.41425920695324003,threshold-control
50000.0,100.0,0.002,84.14070710681983,100.0,0.41372735723825715,threshold-control
50000.0,100.0,0.002,84.21088284252194,100.0,0.41319550453921716,threshold-control
50000.0,100.0,0.002,84.28105857822403,100.0,0.4126636497260877,threshold-control
50000.0,100.0,0.002,84.35123431392614,100.0,0.41213179366884956,threshold-control
50000.0,100.0,0.002,84.38141169723038,100.0,0.4119030816278524,threshold-control
50000.0,100.0,0.002,84.42141004962825,100.0,0.41159993723749244,threshold-control
50000.0,100.0,0.002,84.49158578533034,100.0,0.41106808130200834,threshold-control
50000.0,100.0,0.002,84.56176152103245,100.0,0.41053622673238543,threshold-control
50000.0,100.0,0.002,84.63193725673455,100.0,0.4100043743986035,threshold-control
50000.0,100.0,0.002,84.70211299243665,100.0,0.4094725251706275,threshold-control
50000.0,100.0,0.002,84.77228872813875,100.0,0.40894067991840233,threshold-control
50000.0,100.0,0.002,84.84246446384086,100.0,0.40840883951184626,threshold-control
50000.0,100.0,0.002,84.91264019954295,100.0,0.40787700482084677,threshold-control
50000.0,100.0,0.002,84.98281593524506,100.0,0.40734517671525283,threshold-control
50000.0,100.0,0.002,85.0,100.0,0.4072149480669248,threshold-control
50000.0,100.0,0.002,85.05299167094716,100.0,0.40681335606487146,threshold-control
50000.0,100.0,0.002,85.12316740664926,100.0,0.40628154373946,threshold-control
50000.0,100.0,0.002,85.19334314235137,100.0,0.4057497406087218,threshold-control
50000.0,100.0,0.002,85.26351887805346,100.0,0.4052179475423002,threshold-control
50000.0,100.0,0.002,85.33369461375557,100.0,0.4046861654097722,threshold-control
50000.0,100.0,0.002,85.40387034945766,100.0,0.40415439508064344,threshold-control
50000.0,100.0,0.002,85.47404608515977,100.0,0.40362263742434257,threshold-control
50000.0,100.0,0.002,85.54422182086186,100.0,0.4030908933102152,threshold-control
50000.0,100.0,0.002,85.61439755656397,100.0,0.4025591636075184,threshold-control
50000.0,100.0,0.002,85.68457329226608,100.0,0.4020274491854148,threshold-control
50000.0,100.0,0.002,85.75474902796817,100.0,0.4014957509129673,threshold-control
50000.0,100.0,0.002,85.82492476367028,100.0,0.4009640696591332,threshold-control
50000.0,100.0,0.002,85.89510049937238,100.0,0.40043240629275834,threshold-control
50000.0,100.0,0.002,85.96527623507448,100.0,0.3999007616825714,threshold-control
50000.0,100.0,0.002,86.0,100.0,0.39963770498980045,threshold-control
50000.0,100.0,0.002,86.03545197077658,100.0,0.3993691366971791,threshold-control
50000.0,100.0,0.002,86.10562770647869,100.0,0.3988375322050589,threshold-control
50000.0,100.0,0.002,86.17580344218078,100.0,0.3983059490745553,threshold-control
50000.0,100.0,0.002,86.24597917788289,100.0,0.397774388173872,threshold-control
50000.0,100.0,0.002,86.31615491358498,100.0,0.39724285037106855,threshold-control
50000.0,100.0,0.002,86.38633064928709,100.0,0.3967113365340522,threshold-control
50000.0,100.0,0.002,86.4565063849892,100.0,0.3961798475305748,threshold-control
50000.0,100.0,0.002,86.52668212069129,100.0,0.395648384228225,threshold-control
50000.0,100.0,0.002,86.5968578563934,100.0,0.39511694749442394,threshold-control
50000.0,100.0,0.002,86.66703359209549,100.0,0.39458553819641895,threshold-control
50000.0,100.0,0.002,86.7372093277976,100.0,0.3940541572012779,threshold-control
50000.0,100.0,0.002,86.8073850634997,100.0,0.39352280537588413,threshold-control
50000.0,100.0,0.002,86.8775607992018,100.0,0.39299148358693003,threshold-control
50000.0,100.0,0.002,86.9477365349039,100.0,0.3924601927009117,threshold-control
50000.0,100.0,0.002,87.0,100.0,0.392064533755649,threshold-control
50000.0,100.0,0.002,87.017912270606,100.0,0.39192893358412373,threshold-control
50000.0,100.0,0.002,87.08808800630811,100.0,0.39139770710265287,threshold-control
50000.0,100.0,0.002,87.1582637420102,100.0,0.39086651412237294,threshold-control
50000.0,100.0,0.002,87.22843947771231,100.0,0.3903353555089384,threshold-control
50000.0,100.0,0.002,87.29861521341441,100.0,0.38980423212778015,threshold-control
50000.0,100.0,0.002,87.36879094911652,100.0,0.3892731448440985,threshold-control
50000.0,100.0,0.002,87.43896668481861,100.0,0.388742094522858,threshold-control
50000.0,100.0,0.002,87.50914242052072,100.0,0.3882110820287822,threshold-control
50000.0,100.0,0.002,87.57931815622281,100.0,0.38768010822634735,threshold-control
50000.0,100.0,0.002,87.64949389192492,100.0,0.38714917397977744,threshold-control
50000.0,100.0,0.002,87.71966962762701,100.0,0.38661828015303834,threshold-control
50000.0,100.0,0.002,87.78984536332912,100.0,0.3860874276098317,threshold-control
50000.0,100.0,0.002,87.86002109903123,100.0,0.3855566172135907,threshold-control
50000.0,100.0,0.002,87.93019683473332,100.0,0.38502584982747257,threshold-control
50000.0,100.0,0.002,88.0,100.0,0.38449794386450353,threshold-control
50000.0,100.0,0.002,88.00037257043543,100.0,0.38449512631435456,threshold-control
50000.0,100.0,0.002,88.07054830613752,100.0,0.38396444753682735,threshold-control
50000.0,100.0,0.002,88.14072404183963,100.0,0.3834338143571904,threshold-control
50000.0,100.0,0.002,88.21089977754173,100.0,0.38290322763744555,threshold-control
50000.0,100.0,0.002,88.28107551324383,100.0,0.38237268823929116,threshold-control
50000.0,100.0,0.002,88.35125124894593,100.0,0.38184219702411837,threshold-control
50000.0,100.0,0.002,88.42142698464804,100.0,0.38131175485300295,threshold-control
50000.0,100.0,0.002,88.49160272035014,100.0,0.3807813625867017,threshold-control
50000.0,100.0,0.002,88.56177845605224,100.0,0.38025102108564635,threshold-control
50000.0,100.0,0.002,88.63195419175435,100.0,0.37972073120993743,threshold-control
50000.0,100.0,0.002,88.70212992745644,100.0,0.37919049381933956,threshold-control
50000.0,100.0,0.002,88.77230566315855,100.0,0.3786603097732747,threshold-control
50000.0,100.0,0.002,88.84248139886064,100.0,0.37813017993081854,threshold-control
50000.0,100.0,0.002,88.91265713456275,100.0,0.377600105150693,threshold-control
50000.0,100.0,0.002,88.98283287026484,100.0,0.37707008629126204,threshold-control
50000.0,100.0,0.002,89.0,100.0,0.3769404360902243,threshold-control
50000.0,100.0,0.002,89.05300860596695,100.0,0.37654012421052463,threshold-control
50000.0,100.0,0.002,89.12318434166905,100.0,0.3760102197661114,threshold-control
50000.0,100.0,0.002,89.19336007737115,100.0,0.37548037381527744,threshold-control
50000.0,100.0,0.002,89.26353581307326,100.0,0.3749505872148967,threshold-control
50000.0,100.0,0.002,89.33371154877536,100.0,0.374420860821458,threshold-control
50000.0,100.0,0.002,89.40388728447746,100.0,0.37389119549105765,threshold-control
50000.0,100.0,0.002,89.47406302017956,100.0,0.37336159207939545,threshold-control
50000.0,100.0,0.002,89.54423875588166,100.0,0.3728320514417687,threshold-control
50000.0,100.0,0.002,89.61441449158376,100.0,0.3723025744330659,threshold-control
50000.0,100.0,0.002,89.68459022728587,100.0,0.37177316190776255,threshold-control
50000.0,100.0,0.002,89.75476596298796,100.0,0.3712438147199152,threshold-control
50000.0,100.0,0.002,89.82494169869007,100.0,0.3707145337231552,threshold-control
50000.0,100.0,0.002,89.89511743439218,100.0,0.3701853197706846,threshold-control
50000.0,100.0,0.002,89.96529317009427,100.0,0.3696561737152698,threshold-control
50000.0,100.0,0.002,90.0,100.0,0.36939449918342426,threshold-control
50000.0,100.0,0.002,90.03546890579638,100.0,0.36912709640923624,threshold-control
50000.0,100.0,0.002,90.10564464149847,100.0,0.3685980887044632,threshold-control
50000.0,100.0,0.002,90.17582037720058,100.0,0.3680691514523775,threshold-control
50000.0,100.0,0.002,90.24599611290267,100.0,0.3675402855039497,threshold-control
50000.0,100.0,0.002,90.31617184860478,100.0,0.36701149170968705,threshold-control
50000.0,100.0,0.002,90.38634758430688,100.0,0.3664827709196291,threshold-control
50000.0,100.0,0.002,90.45652332000898,100.0,0.3659541239833414,threshold-control
50000.0,100.0,0.002,90.52669905571109,100.0,0.3654255517499111,threshold-control
50000.0,100.0,0.002,90.59687479141319,100.0,0.3648970550679407,threshold-control
50000.0,100.0,0.002,90.6670505271153,100.0,0.3643686347855435,threshold-control
50000.0,100.0,0.002,90.73722626281739,100.0,0.36384029175033694,threshold-control
50000.0,100.0,0.002,90.8074019985195,100.0,0.36331202680943864,threshold-control
50000.0,100.0,0.002,90.87757773422159,100.0,0.36278384080946025,threshold-control
50000.0,100.0,0.002,90.9477534699237,100.0,0.3622557345965014,threshold-control
50000.0,100.0,0.002,91.0,100.0,0.36186260660816694,threshold-control
50000.0,100.0,0.002,91.01792920562579,100.0,0.3617277090161466,threshold-control
50000.0,100.0,0.002,91.0881049413279,100.0,0.3611997649134572,threshold-control
50000.0,100.0,0.002,91.15828067702999,100.0,0.3606719031329676,threshold-control
50000.0,100.0,0.002,91.2284564127321,100.0,0.36014412451867983,threshold-control
50000.0,100.0,0.002,91.29863214843421,100.0,0.3596164299140576,threshold-control
50000.0,100.0,0.002,91.3688078841363,100.0,0.3590888201620216,threshold-control
50000.0,100.0,0.002,91.43898361983841,100.0,0.3585612961049438,threshold-control
50000.0,100.0,0.002,91.5091593555405,100.0,0.3580338585846423,threshold-control
50000.0,100.0,0.002,91.57933509124261,100.0,0.3575065084423755,threshold-control
50000.0,100.0,0.002,91.6495108269447,100.0,0.3569792465188383,threshold-control
50000.0,100.0,0.002,91.71968656264681,100.0,0.35645207365415477,threshold-control
50000.0,100.0,0.002,91.78986229834891,100.0,0.3559249906878743,threshold-control
50000.0,100.0,0.002,91.86003803405102,100.0,0.35539799845896614,threshold-control
50000.0,100.0,0.002,91.93021376975312,100.0,0.3548710978058134,threshold-control
50000.0,100.0,0.002,92.0,100.0,0.3543472133214842,threshold-control
50000.0,100.0,0.002,92.00038950545522,100.0,0.35434428956620867,threshold-control
50000.0,100.0,0.002,92.07056524115733,100.0,0.3538175745773485,threshold-control
50000.0,100.0,0.002,92.14074097685942,100.0,0.35329095367582775,threshold-control
50000.0,100.0,0.002,92.21091671256153,100.0,0.3527644276976347,threshold-control
50000.0,100.0,0.002,92.28109244826362,100.0,0.3522379974781461,threshold-control
50000.0,100.0,0.002,92.35126818396573,100.0,0.35171166385212105,threshold-control
50000.0,100.0,0.002,92.42144391966782,100.0,0.3511854276536973,threshold-control
50000.0,100.0,0.002,92.49161965536993,100.0,0.3506592897163844,threshold-control
50000.0,100.0,0.002,92.56179539107202,100.0,0.35013325087305924,threshold-control
50000.0,100.0,0.002,92.63197112677413,100.0,0.3496073119559615,threshold-control
50000.0,100.0,0.002,92.70214686247624,100.0,0.34908147379668697,threshold-control
50000.0,100.0,0.002,92.77232259817833,100.0,0.3485557372261846,threshold-control
50000.0,100.0,0.002,92.84249833388044,100.0,0.34803010307474846,threshold-control
50000.0,100.0,0.002,92.91267406958254,100.0,0.34750457217201514,threshold-control
50000.0,100.0,0.002,92.98284980528464,100.0,0.3469791453469573,threshold-control
50000.0,100.0,0.002,93.0,100.0,0.3468507526045508,threshold-control
50000.0,100.0,0.002,93.05302554098674,100.0,0.3464538234278791,threshold-control
50000.0,100.0,0.002,93.12320127668885,100.0,0.34592860724241026,threshold-control
50000.0,100.0,0.002,93.19337701239094,100.0,0.34540349761750255,threshold-control
50000.0,100.0,0.002,93.26355274809305,100.0,0.3448784953794226,threshold-control
50000.0,100.0,0.002,93.33372848379516,100.0,0.3443536013537486,threshold-control
50000.0,100.0,0.002,93.40390421949725,100.0,0.3438288163653642,threshold-control
50000.0,100.0,0.002,93.47407995519936,100.0,0.34330414123845354,threshold-control
50000.0,100.0,0.002,93.54425569090145,100.0,0.34277957679649684,threshold-control
50000.0,100.0,0.002,93.61443142660356,100.0,0.34225512386226464,threshold-control
50000.0,100.0,0.002,93.68460716230565,100.0,0.3417307832578129,threshold-control
50000.0,100.0,0.002,93.75478289800776,100.0,0.34120655580447834,threshold-control
50000.0,100.0,0.002,93.82495863370985,100.0,0.3406824423228727,threshold-control
50000.0,100.0,0.002,93.89513436941196,100.0,0.3401584436328787,threshold-control
50000.0,100.0,0.002,93.96531010511406,100.0,0.3396345605536444,threshold-control
50000.0,100.0,0.002,94.0,100.0,0.339375632954116,threshold-control
50000.0,100.0,0.002,94.03548584081616,100.0,0.33911079390357735,threshold-control
50000.0,100.0,0.002,94.10566157651827,100.0,0.338587144500342,threshold-control
50000.0,100.0,0.002,94.17583731222037,100.0,0.33806361316085276,threshold-control
50000.0,100.0,0.002,94.24601304792247,100.0,0.3375402007012688,threshold-control
50000.0,100.0,0.002,94.31618878362457,100.0,0.3370169079369908,threshold-control
50000.0,100.0,0.002,94.38636451932668,100.0,0.3364937356826546,threshold-control
50000.0,100.0,0.002,94.45654025502877,100.0,0.3359706847521271,threshold-control
50000.0,100.0,0.002,94.52671599073088,100.0,0.3354477559585003,threshold-control
50000.0,100.0,0.002,94.59689172643297,100.0,0.3349249501140875,threshold-control
50000.0,100.0,0.002,94.66706746213508,100.0,0.33440226803041784,threshold-control
50000.0,100.0,0.002,94.73724319783719,100.0,0.3338797105182314,threshold-control
50000.0,100.0,0.002,94.80741893353928,100.0,0.33335727838747475,threshold-control
50000.0,100.0,0.002,94.87759466924139,100.0,0.33283497244729543,threshold-control
50000.0,100.0,0.002,94.94777040494348,100.0,0.3323127935060375,threshold-control
50000.0,100.0,0.002,95.0,100.0,0.33192423504249613,threshold-control
50000.0,100.0,0.002,95.01794614064559,100.0,0.33179074237123596,threshold-control
50000.0,100.0,0.002,95.08812187634769,100.0,0.331268819849614,threshold-control
50000.0,100.0,0.002,95.1582976120498,100.0,0.33074702674707546,threshold-control
50000.0,100.0,0.002,95.22847334775189,100.0,0.3302253638687017,threshold-control
50000.0,100.0,0.002,95.298649083454,100.0,0.3297038320187462,threshold-control
50000.0,100.0,0.002,95.3688248191561,100.0,0.32918243200063013,threshold-control
50000.0,100.0,0.002,95.4390005548582,100.0,0.3286611646169373,threshold-control
50000.0,100.0,0.002,95.5091762905603,100.0,0.32814003066940944,threshold-control
50000.0,100.0,0.002,95.5793520262624,100.0,0.3276190309589412,threshold-control
50000.0,100.0,0.002,95.6495277619645,100.0,0.32709816628557575,threshold-control
50000.0,100.0,0.002,95.7197034976666,100.0,0.32657743744850043,threshold-control
50000.0,100.0,0.002,95.78987923336871,100.0,0.3260568452460406,threshold-control
50000.0,100.0,0.002,95.8600549690708,100.0,0.32553639047565675,threshold-control
50000.0,100.0,0.002,95.93023070477291,100.0,0.3250160739339383,threshold-control
50000.0,100.0,0.002,96.0,100.0,0.3244989087541178,threshold-control
50000.0,100.0,0.002,96.000406440475,100.0,0.3244958964165996,threshold-control
50000.0,100.0,0.002,96.07058217617711,100.0,0.32397585871847545,threshold-control
50000.0,100.0,0.002,96.14075791187922,100.0,0.3234559616335154,threshold-control
50000.0,100.0,0.002,96.20231934973467,100.0,0.32299999999999984,threshold-control
50000.0,100.0,0.002,96.21093364758131,99.9986152074679,0.323,post-control
50000.0,100.0,0.002,96.28110938328342,99.98733409826268,0.323,post-control
50000.0,100.0,0.002,96.35128511898552,99.97605298905746,0.323,post-control
50000.0,100.0,0.002,96.42146085468762,99.96477187985224,0.323,post-control
50000.0,100.0,0.002,96.49163659038972,99.95349077064702,0.323,post-control
50000.0,100.0,0.002,96.56181232609183,99.9422096614418,0.323,post-control
50000.0,100.0,0.002,96.63198806179392,99.93092855223658,0.323,post-control
50000.0,100.0,0.002,96.70216379749603,99.91964744303135,0.323,post-control
50000.0,100.0,0.002,96.77233953319814,99.90836633382614,0.323,post-control
50000.0,100.0,0.002,96.84251526890023,99.89708522462091,0.323,post-control
50000.0,100.0,0.002,96.91269100460234,99.8858041154157,0.323,post-control
50000.0,100.0,0.002,96.98286674030443,99.87452300621047,0.323,post-control
50000.0,100.0,0.002,97.05304247600654,99.86324189700525,0.323,post-control
50000.0,100.0,0.002,97.12321821170863,99.85196078780002,0.323,post-control
50000.0,100.0,0.002,97.19339394741074,99.84067967859481,0.323,post-control
50000.0,100.0,0.002,97.20231934973467,99.8392448744234,0.323,post-control
50000.0,100.0,0.002,97.26356968311283,99.80997391007642,0.323,post-control
50000.0,100.0,0.002,97.33374541881494,99.77643757901556,0.323,post-control
50000.0,100.0,0.002,97.40392115451704,99.74290124795469,0.323,post-control
50000.0,100.0,0.002,97.47409689021914,99.70936491689383,0.323,post-control
50000.0,100.0,0.002,97.54427262592125,99.67582858583296,0.323,post-control
50000.0,100.0,0.002,97.61444836162335,99.6422922547721,0.323,post-control
50000.0,100.0,0.002,97.68462409732545,99.60875592371123,0.323,post-control
50000.0,100.0,0.002,97.75479983302755,99.57521959265037,0.323,post-control
50000.0,100.0,0.002,97.82497556872966,99.5416832615895,0.323,post-control
50000.0,100.0,0.002,97.89515130443175,99.50814693052864,0.323,post-control
50000.0,100.0,0.002,97.96532704013386,99.47461059946777,0.323,post-control
50000.0,100.0,0.002,98.03550277583595,99.44107426840691,0.323,post-control
50000.0,100.0,0.002,98.10567851153806,99.40753793734604,0.323,post-control
50000.0,100.0,0.002,98.17585424724017,99.37400160628516,0.323,post-control
50000.0,100.0,0.002,98.20231934973467,99.36135418007815,0.323,post-control
50000.0,100.0,0.002,98.24602998294226,99.32701594314166,0.323,post-control
50000.0,100.0,0.002,98.31620571864437,99.27188722816088,0.323,post-control
50000.0,100.0,0.002,98.38638145434646,99.2167585131801,0.323,post-control
50000.0,100.0,0.002,98.45655719004857,99.16162979819931,0.323,post-control
50000.0,100.0,0.002,98.52673292575066,99.10650108321853,0.323,post-control
50000.0,100.0,0.002,98.59690866145277,99.05137236823775,0.323,post-control
50000.0,100.0,0.002,98.66708439715487,98.99624365325697,0.323,post-control
50000.0,100.0,0.002,98.73726013285697,98.94111493827619,0.323,post-control
50000.0,100.0,0.002,98.80743586855908,98.8859862232954,0.323,post-control
50000.0,100.0,0.002,98.87761160426118,98.83085750831462,0.323,post-control
50000.0,100.0,0.002,98.94778733996328,98.77572879333384,0.323,post-control
50000.0,100.0,0.002,99.01796307566538,98.72060007835306,0.323,post-control
50000.0,100.0,0.002,99.08813881136749,98.66547136337228,0.323,post-control
50000.0,100.0,0.002,99.15831454706958,98.6103426483915,0.323,post-control
50000.0,100.0,0.002,99.20231934973467,98.57577331755887,0.323,post-control
50000.0,100.0,0.002,99.22849028277169,98.54750224369792,0.323,post-control
50000.0,100.0,0.002,99.29866601847378,98.47169511047596,0.323,post-control
50000.0,100.0,0.002,99.36884175417589,98.39588797725399,0.323,post-control
50000.0,100.0,0.002,99.43901748987798,98.32008084403205,0.323,post-control
50000.0,100.0,0.002,99.50919322558009,98.24427371081008,0.323,post-control
50000.0,100.0,0.002,99.5793689612822,98.1684665775881,0.323,post-control
50000.0,100.0,0.002,99.6495446969843,98.09265944436615,0.323,post-control
50000.0,100.0,0.002,99.7197204326864,98.01685231114419,0.323,post-control
50000.0,100.0,0.002,99.7898961683885,97.94104517792223,0.323,post-control
50000.0,100.0,0.002,99.8600719040906,97.86523804470026,0.323,post-control
50000.0,100.0,0.002,99.9302476397927,97.7894309114783,0.323,post-control
50000.0,100.0,0.002,100.0004233754948,97.71362377825635,0.323,post-control
50000.0,100.0,0.002,100.0705991111969,97.63781664503439,0.323,post-control
50000.0,100.0,0.002,100.140774846899,97.56200951181242,0.323,post-control
50000.0,100.0,0.002,100.20231934973467,97.49552624264732,0.323,post-control
50000.0,100.0,0.002,100.21095058260111,97.48379892428237,0.323,post-control
50000.0,100.0,0.002,100.28112631830321,97.38845064590696,0.323,post-control
50000.0,100.0,0.002,100.35130205400532,97.29310236753152,0.323,post-control
50000.0,100.0,0.002,100.42147778970741,97.19775408915612,0.323,post-control
50000.0,100.0,0.002,100.49165352540952,97.10240581078068,0.323,post-control
50000.0,100.0,0.002,100.56182926111161,97.00705753240527,0.323,post-control
50000.0,100.0,0.002,100.63200499681372,96.91170925402984,0.323,post-control
50000.0,100.0,0.002,100.70218073251581,96.81636097565443,0.323,post-control
50000.0,100.0,0.002,100.77235646821792,96.72101269727901,0.323,post-control
50000.0,100.0,0.002,100.84253220392002,96.6256644189036,0.323,post-control
50000.0,100.0,0.002,100.91270793962212,96.53031614052817,0.323,post-control
50000.0,100.0,0.002,100.98288367532423,96.43496786215273,0.323,post-control
50000.0,100.0,0.002,101.05305941102633,96.33961958377732,0.323,post-control
50000.0,100.0,0.002,101.12323514672843,96.2442713054019,0.323,post-control
50000.0,100.0,0.002,101.19341088243053,96.14892302702648,0.323,post-control
50000.0,100.0,0.002,101.20231934973467,96.13681902823096,0.323,post-control
50000.0,100.0,0.002,101.26358661813263,96.03767412225375,0.323,post-control
50000.0,100.0,0.002,101.33376235383473,95.92411321281557,0.323,post-control
50000.0,100.0,0.002,101.40393808953684,95.81055230337736,0.323,post-control
50000.0,100.0,0.002,101.47411382523893,95.69699139393919,0.323,post-control
50000.0,100.0,0.002,101.54428956094104,95.583430484501,0.323,post-control
50000.0,100.0,0.002,101.61446529664315,95.46986957506279,0.323,post-control
50000.0,100.0,0.002,101.68464103234524,95.35630866562461,0.323,post-control
50000.0,100.0,0.002,101.75481676804735,95.24274775618642,0.323,post-control
50000.0,100.0,0.002,101.82499250374944,95.12918684674824,0.323,post-control
50000.0,100.0,0.002,101.89516823945155,95.01562593731003,0.323,post-control
50000.0,100.0,0.002,101.96534397515364,94.90206502787186,0.323,post-control
50000.0,100.0,0.002,102.03551971085575,94.78850411843366,0.323,post-control
50000.0,100.0,0.002,102.10569544655785,94.67494320899549,0.323,post-control
50000.0,100.0,0.002,102.17587118225995,94.56138229955728,0.323,post-control
50000.0,100.0,0.002,102.20231934973467,94.5185829199519,0.323,post-control
50000.0,100.0,0.002,102.24604691796205,94.43739806147478,0.323,post-control
50000.0,100.0,0.002,102.31622265366416,94.3071093808448,0.323,post-control
50000.0,100.0,0.002,102.38639838936626,94.17682070021483,0.323,post-control
50000.0,100.0,0.002,102.45657412506836,94.04653201958489,0.323,post-control
50000.0,100.0,0.002,102.52674986077047,93.91624333895491,0.323,post-control
50000.0,100.0,0.002,102.59692559647256,93.78595465832495,0.323,post-control
50000.0,100.0,0.002,102.66710133217467,93.65566597769498,0.323,post-control
50000.0,100.0,0.002,102.73727706787676,93.52537729706503,0.323,post-control
50000.0,100.0,0.002,102.80745280357887,93.39508861643506,0.323,post-control
50000.0,100.0,0.002,102.87762853928096,93.26479993580512,0.323,post-control
50000.0,100.0,0.002,102.94780427498307,93.13451125517513,0.323,post-control
50000.0,100.0,0.002,103.01798001068518,93.00422257454515,0.323,post-control
50000.0,100.0,0.002,103.08815574638727,92.87393389391521,0.323,post-control
50000.0,100.0,0.002,103.15833148208938,92.74364521328523,0.323,post-control
50000.0,100.0,0.002,103.20231934973467,92.66197708138907,0.323,post-control
50000.0,100.0,0.002,103.22850721779147,92.60771301336293,0.323,post-control
50000.0,100.0,0.002,103.29868295349358,92.46230137131313,0.323,post-control
50000.0,100.0,0.002,103.36885868919568,92.31688972926338,0.323,post-control
50000.0,100.0,0.002,103.43903442489778,92.17147808721359,0.323,post-control
50000.0,100.0,0.002,103.50921016059988,92.02606644516382,0.323,post-control
50000.0,100.0,0.002,103.57938589630199,91.88065480311404,0.323,post-control
50000.0,100.0,0.002,103.6495616320041,91.73524316106425,0.323,post-control
50000.0,100.0,0.002,103.71973736770619,91.58983151901448,0.323,post-control
50000.0,100.0,0.002,103.7899131034083,91.4444198769647,0.323,post-control
50000.0,100.0,0.002,103.86008883911039,91.29900823491494,0.323,post-control
50000.0,100.0,0.002,103.9302645748125,91.15359659286514,0.323,post-control
50000.0,100.0,0.002,104.00044031051459,91.00818495081539,0.323,post-control
50000.0,100.0,0.002,104.0706160462167,90.8627733087656,0.323,post-control
50000.0,100.0,0.002,104.1407917819188,90.71736166671583,0.323,post-control
50000.0,100.0,0.002,104.20231934973467,90.58986995497355,0.323,post-control
50000.0,100.0,0.002,104.2109675176209,90.57029438823952,0.323,post-control
50000.0,100.0,0.002,104.281143253323,90.41144805044667,0.323,post-control
50000.0,100.0,0.002,104.3513189890251,90.25260171265379,0.323,post-control
50000.0,100.0,0.002,104.42149472472721,90.0937553748609,0.323,post-control
50000.0,100.0,0.002,104.4916704604293,89.93490903706805,0.323,post-control
50000.0,100.0,0.002,104.56184619613141,89.77606269927517,0.323,post-control
50000.0,100.0,0.002,104.6320219318335,89.61721636148232,0.323,post-control
50000.0,100.0,0.002,104.70219766753561,89.45837002368944,0.323,post-control
50000.0,100.0,0.002,104.77237340323771,89.29952368589659,0.323,post-control
50000.0,100.0,0.002,104.84254913893982,89.14067734810371,0.323,post-control
50000.0,100.0,0.002,104.91272487464191,88.98183101031086,0.323,post-control
50000.0,100.0,0.002,104.98290061034402,88.82298467251798,0.323,post-control
50000.0,100.0,0.002,105.05307634604613,88.6641383347251,0.323,post-control
50000.0,100.0,0.002,105.12325208174822,88.50529199693224,0.323,post-control
50000.0,100.0,0.002,105.19342781745033,88.34644565913936,0.323,post-control
50000.0,100.0,0.002,105.20231934973467,88.3263192247443,0.323,post-control
50000.0,100.0,0.002,105.26360355315242,88.17738325765744,0.323,post-control
50000.0,100.0,0.002,105.33377928885453,88.00683863963279,0.323,post-control
50000.0,100.0,0.002,105.40395502455662,87.83629402160818,0.323,post-control
50000.0,100.0,0.002,105.47413076025873,87.66574940358355,0.323,post-control
50000.0,100.0,0.002,105.54430649596083,87.49520478555894,0.323,post-control
50000.0,100.0,0.002,105.61448223166293,87.3246601675343,0.323,post-control
50000.0,100.0,0.002,105.68465796736503,87.1541155495097,0.323,post-control
50000.0,100.0,0.002,105.75483370306713,86.98357093148506,0.323,post-control
50000.0,100.0,0.002,105.82500943876924,86.81302631346041,0.323,post-control
50000.0,100.0,0.002,105.89518517447134,86.64248169543582,0.323,post-control
50000.0,100.0,0.002,105.96536091017344,86.47193707741117,0.323,post-control
50000.0,100.0,0.002,106.03553664587554,86.30139245938656,0.323,post-control
50000.0,100.0,0.002,106.10571238157765,86.13084784136193,0.323,post-control
50000.0,100.0,0.002,106.17588811727974,85.96030322333732,0.323,post-control
50000.0,100.0,0.002,106.20231934973467,85.89606870697855,0.323,post-control
50000.0,100.0,0.002,106.24606385298185,85.78355809371953,0.323,post-control
50000.0,100.0,0.002,106.31623958868394,85.60306650109288,0.323,post-control
50000.0,100.0,0.002,106.38641532438605,85.42257490846619,0.323,post-control
50000.0,100.0,0.002,106.45659106008816,85.24208331583951,0.323,post-control
50000.0,100.0,0.002,106.52676679579025,85.06159172321286,0.323,post-control
50000.0,100.0,0.002,106.59694253149236,84.88110013058616,0.323,post-control
50000.0,100.0,0.002,106.66711826719445,84.70060853795951,0.323,post-control
50000.0,100.0,0.002,106.73729400289656,84.52011694533282,0.323,post-control
50000.0,100.0,0.002,106.80746973859866,84.33962535270616,0.323,post-control
50000.0,100.0,0.002,106.87764547430076,84.15913376007948,0.323,post-control
50000.0,100.0,0.002,106.94782121000286,83.97864216745283,0.323,post-control
50000.0,100.0,0.002,107.01799694570497,83.79815057482614,0.323,post-control
50000.0,100.0,0.002,107.08817268140706,83.61765898219949,0.323,post-control
50000.0,100.0,0.002,107.15834841710917,83.4371673895728,0.323,post-control
50000.0,100.0,0.002,107.20231934973467,83.3240744012421,0.323,post-control
50000.0,100.0,0.002,107.22852415281127,83.2536094907327,0.323,post-control
50000.0,100.0,0.002,107.29869988851337,83.06490641512771,0.323,post-control
50000.0,100.0,0.002,107.36887562421548,82.87620333952269,0.323,post-control
50000.0,100.0,0.002,107.43905135991757,82.6875002639177,0.323,post-control
50000.0,100.0,0.002,107.50922709561968,82.49879718831268,0.323,post-control
50000.0,100.0,0.002,107.57940283132177,82.31009411270769,0.323,post-control
50000.0,100.0,0.002,107.64957856702388,82.12139103710267,0.323,post-control
50000.0,100.0,0.002,107.71975430272597,81.93268796149768,0.323,post-control
50000.0,100.0,0.002,107.78993003842808,81.74398488589264,0.323,post-control
50000.0,100.0,0.002,107.86010577413019,81.55528181028762,0.323,post-control
50000.0,100.0,0.002,107.93028150983228,81.36657873468263,0.323,post-control
50000.0,100.0,0.002,108.00045724553439,81.17787565907761,0.323,post-control
50000.0,100.0,0.002,108.07063298123649,80.98917258347262,0.323,post-control
50000.0,100.0,0.002,108.1408087169386,80.8004695078676,0.323,post-control
50000.0,100.0,0.002,108.20231934973467,80.6350669584693,0.323,post-control
50000.0,100.0,0.002,108.21098445264069,80.61096159442492,0.323,post-control
50000.0,100.0,0.002,108.2811601883428,80.41574040957255,0.323,post-control
50000.0,100.0,0.002,108.35133592404489,80.22051922472022,0.323,post-control
50000.0,100.0,0.002,108.421511659747,80.02529803986786,0.323,post-control
50000.0,100.0,0.002,108.4916873954491,79.83007685501549,0.323,post-control
50000.0,100.0,0.002,108.5618631311512,79.63485567016316,0.323,post-control
50000.0,100.0,0.002,108.6320388668533,79.43963448531079,0.323,post-control
50000.0,100.0,0.002,108.7022146025554,79.24441330045848,0.323,post-control
50000.0,100.0,0.002,108.77239033825751,79.0491921156061,0.323,post-control
50000.0,100.0,0.002,108.8425660739596,78.85397093075377,0.323,post-control
50000.0,100.0,0.002,108.91274180966171,78.6587497459014,0.323,post-control
50000.0,100.0,0.002,108.9829175453638,78.46352856104909,0.323,post-control
50000.0,100.0,0.002,109.05309328106591,78.26830737619672,0.323,post-control
50000.0,100.0,0.002,109.123269016768,78.07308619134439,0.323,post-control
50000.0,100.0,0.002,109.19344475247011,77.87786500649202,0.323,post-control
50000.0,100.0,0.002,109.20231934973467,77.85317685216432,0.323,post-control
50000.0,100.0,0.002,109.26362048817222,77.67837170763234,0.323,post-control
50000.0,100.0,0.002,109.33379622387432,77.47825993263586,0.323,post-control
50000.0,100.0,0.002,109.40397195957642,77.27814815763936,0.323,post-control
50000.0,100.0,0.002,109.47414769527852,77.0780363826429,0.323,post-control
50000.0,100.0,0.002,109.54432343098063,76.8779246076464,0.323,post-control
50000.0,100.0,0.002,109.61449916668272,76.67781283264995,0.323,post-control
50000.0,100.0,0.002,109.68467490238483,76.47770105765343,0.323,post-control
50000.0,100.0,0.002,109.75485063808692,76.27758928265698,0.323,post-control
50000.0,100.0,0.002,109.82502637378903,76.07747750766048,0.323,post-control
50000.0,100.0,0.002,109.89520210949114,75.87736573266397,0.323,post-control
50000.0,100.0,0.002,109.96537784519323,75.67725395766752,0.323,post-control
50000.0,100.0,0.002,110.03555358089534,75.477142182671,0.323,post-control
50000.0,100.0,0.002,110.10572931659743,75.27703040767454,0.323,post-control
50000.0,100.0,0.002,110.17590505229954,75.07691863267804,0.323,post-control
50000.0,100.0,0.002,110.20231934973467,75.00159613135841,0.323,post-control
50000.0,100.0,0.002,110.24608078800163,74.87471955005812,0.323,post-control
50000.0,100.0,0.002,110.31625652370374,74.67126057364608,0.323,post-control
50000.0,100.0,0.002,110.38643225940584,74.46780159723407,0.323,post-control
50000.0,100.0,0.002,110.45660799510794,74.26434262082203,0.323,post-control
50000.0,100.0,0.002,110.52678373081004,74.06088364441003,0.323,post-control
50000.0,100.0,0.002,110.59695946651215,73.85742466799799,0.323,post-control
50000.0,100.0,0.002,110.66713520221425,73.65396569158594,0.323,post-control
50000.0,100.0,0.002,110.73731093791635,73.45050671517394,0.323,post-control
50000.0,100.0,0.002,110.80748667361846,73.24704773876189,0.323,post-control
50000.0,100.0,0.002,110.87766240932055,73.0435887623499,0.323,post-control
50000.0,100.0,0.002,110.94783814502266,72.84012978593785,0.323,post-control
50000.0,100.0,0.002,111.01801388072475,72.63667080952585,0.323,post-control
50000.0,100.0,0.002,111.08818961642686,72.4332118331138,0.323,post-control
50000.0,100.0,0.002,111.15836535212895,72.22975285670181,0.323,post-control
50000.0,100.0,0.002,111.20231934973467,72.10231799232022,0.323,post-control
50000.0,100.0,0.002,111.22854108783106,72.02558261039037,0.323,post-control
50000.0,100.0,0.002,111.29871682353317,71.82022010308772,0.323,post-control
50000.0,100.0,0.002,111.36889255923526,71.61485759578512,0.323,post-control
50000.0,100.0,0.002,111.43906829493737,71.40949508848247,0.323,post-control
50000.0,100.0,0.002,111.50924403063946,71.20413258117986,0.323,post-control
50000.0,100.0,0.002,111.57941976634157,70.99877007387721,0.323,post-control
50000.0,100.0,0.002,111.64959550204367,70.79340756657461,0.323,post-control
50000.0,100.0,0.002,111.71977123774577,70.58804505927196,0.323,post-control
50000.0,100.0,0.002,111.78994697344787,70.38268255196935,0.323,post-control
50000.0,100.0,0.002,111.86012270914998,70.1773200446667,0.323,post-control
50000.0,100.0,0.002,111.93029844485207,69.97195753736409,0.323,post-control
50000.0,100.0,0.002,112.00047418055418,69.76659503006145,0.323,post-control
50000.0,100.0,0.002,112.07064991625629,69.5612325227588,0.323,post-control
50000.0,100.0,0.002,112.14082565195838,69.35587001545619,0.323,post-control
50000.0,100.0,0.002,112.20231934973467,69.17591465293236,0.323,post-control
50000.0,100.0,0.002,112.21100138766049,69.15043699288063,0.323,post-control
50000.0,100.0,0.002,112.28117712336258,68.94450452018543,0.323,post-control
50000.0,100.0,0.002,112.35135285906469,68.7385720474902,0.323,post-control
50000.0,100.0,0.002,112.42152859476678,68.532639574795,0.323,post-control
50000.0,100.0,0.002,112.49170433046889,68.32670710209975,0.323,post-control
50000.0,100.0,0.002,112.56188006617099,68.12077462940455,0.323,post-control
50000.0,100.0,0.002,112.6320558018731,67.91484215670931,0.323,post-control
50000.0,100.0,0.002,112.7022315375752,67.70890968401407,0.323,post-control
50000.0,100.0,0.002,112.7724072732773,67.50297721131888,0.323,post-control
50000.0,100.0,0.002,112.8425830089794,67.29704473862364,0.323,post-control
50000.0,100.0,0.002,112.9127587446815,67.09111226592844,0.323,post-control
50000.0,100.0,0.002,112.9829344803836,66.88517979323319,0.323,post-control
50000.0,100.0,0.002,113.0531102160857,66.679247320538,0.323,post-control
50000.0,100.0,0.002,113.1232859517878,66.47331484784276,0.323,post-control
50000.0,100.0,0.002,113.1934616874899,66.26738237514756,0.323,post-control
50000.0,100.0,0.002,113.20231934973467,66.24138934108652,0.323,post-control
50000.0,100.0,0.002,113.26363742319201,66.0620139407423,0.323,post-control
50000.0,100.0,0.002,113.33381315889412,65.85672698411977,0.323,post-control
50000.0,100.0,0.002,113.40398889459621,65.65144002749727,0.323,post-control
50000.0,100.0,0.002,113.47416463029832,65.44615307087474,0.323,post-control
50000.0,100.0,0.002,113.54434036600041,65.24086611425226,0.323,post-control
50000.0,100.0,0.002,113.61451610170252,65.03557915762971,0.323,post-control
50000.0,100.0,0.002,113.68469183740461,64.83029220100723,0.323,post-control
50000.0,100.0,0.002,113.75486757310672,64.6250052443847,0.323,post-control
50000.0,100.0,0.002,113.82504330880882,64.4197182877622,0.323,post-control
50000.0,100.0,0.002,113.89521904451092,64.21443133113966,0.323,post-control
50000.0,100.0,0.002,113.96539478021302,64.00914437451716,0.323,post-control
50000.0,100.0,0.002,114.03557051591513,63.80385741789463,0.323,post-control
50000.0,100.0,0.002,114.10574625161723,63.5985704612721,0.323,post-control
50000.0,100.0,0.002,114.17592198731933,63.3932835046496,0.323,post-control
50000.0,100.0,0.002,114.20231934973467,63.31606259433225,0.323,post-control
50000.0,100.0,0.002,114.24609772302144,63.1890815627372,0.323,post-control
50000.0,100.0,0.002,114.31627345872353,62.985533859993154,0.323,post-control
50000.0,100.0,0.002,114.38644919442564,62.781986157249065,0.323,post-control
50000.0,100.0,0.002,114.45662493012773,62.57843845450502,0.323,post-control
50000.0,100.0,0.002,114.52680066582984,62.37489075176093,0.323,post-control
50000.0,100.0,0.002,114.59697640153193,62.17134304901688,0.323,post-control
50000.0,100.0,0.002,114.66715213723404,61.967795346272794,0.323,post-control
50000.0,100.0,0.002,114.73732787293615,61.764247643528705,0.323,post-control
50000.0,100.0,0.002,114.80750360863824,61.56069994078466,0.323,post-control
50000.0,100.0,0.002,114.87767934434035,61.35715223804057,0.323,post-control
50000.0,100.0,0.002,114.94785508004244,61.15360453529652,0.323,post-control
50000.0,100.0,0.002,115.01803081574455,60.950056832552434,0.323,post-control
50000.0,100.0,0.002,115.08820655144665,60.74650912980838,0.323,post-control
50000.0,100.0,0.002,115.15838228714875,60.5429614270643,0.323,post-control
50000.0,100.0,0.002,115.20231934973467,60.41552011041534,0.323,post-control
50000.0,100.0,0.002,115.22855802285085,60.34042699745646,0.323,post-control
50000.0,100.0,0.002,115.29873375855296,60.13958930933415,0.323,post-control
50000.0,100.0,0.002,115.36890949425505,59.93875162121188,0.323,post-control
50000.0,100.0,0.002,115.43908522995716,59.73791393308957,0.323,post-control
50000.0,100.0,0.002,115.50926096565927,59.53707624496726,0.323,post-control
50000.0,100.0,0.002,115.57943670136136,59.33623855684499,0.323,post-control
50000.0,100.0,0.002,115.64961243706347,59.13540086872268,0.323,post-control
50000.0,100.0,0.002,115.71978817276556,58.934563180600406,0.323,post-control
50000.0,100.0,0.002,115.78996390846767,58.7337254924781,0.323,post-control
50000.0,100.0,0.002,115.86013964416976,58.53288780435583,0.323,post-control
50000.0,100.0,0.002,115.93031537987187,58.33205011623352,0.323,post-control
50000.0,100.0,0.002,116.00049111557396,58.13121242811125,0.323,post-control
50000.0,100.0,0.002,116.07066685127607,57.930374739988935,0.323,post-control
50000.0,100.0,0.002,116.14084258697818,57.72953705186663,0.323,post-control
50000.0,100.0,0.002,116.20231934973467,57.55359517136155,0.323,post-control
50000.0,100.0,0.002,116.21101832268027,57.52914055688462,0.323,post-control
50000.0,100.0,0.002,116.28119405838238,57.33186203067696,0.323,post-control
50000.0,100.0,0.002,116.35136979408448,57.13458350446933,0.323,post-control
50000.0,100.0,0.002,116.42154552978658,56.93730497826167,0.323,post-control
50000.0,100.0,0.002,116.49172126548868,56.74002645205405,0.323,post-control
50000.0,100.0,0.002,116.56189700119079,56.54274792584639,0.323,post-control
50000.0,100.0,0.002,116.63207273689288,56.34546939963877,0.323,post-control
50000.0,100.0,0.002,116.70224847259499,56.148190873431105,0.323,post-control
50000.0,100.0,0.002,116.77242420829708,55.950912347223486,0.323,post-control
50000.0,100.0,0.002,116.84259994399919,55.753633821015825,0.323,post-control
50000.0,100.0,0.002,116.9127756797013,55.556355294808164,0.323,post-control
50000.0,100.0,0.002,116.98295141540339,55.359076768600545,0.323,post-control
50000.0,100.0,0.002,117.0531271511055,55.161798242392884,0.323,post-control
50000.0,100.0,0.002,117.1233028868076,54.96451971618526,0.323,post-control
50000.0,100.0,0.002,117.1934786225097,54.7672411899776,0.323,post-control
50000.0,100.0,0.002,117.20231934973467,54.742388074864586,0.323,post-control
50000.0,100.0,0.002,117.2636543582118,54.573711658162125,0.323,post-control
50000.0,100.0,0.002,117.3338300939139,54.38072250023116,0.323,post-control
50000.0,100.0,0.002,117.404005829616,54.18773334230022,0.323,post-control
50000.0,100.0,0.002,117.4741815653181,53.99474418436925,0.323,post-control
50000.0,100.0,0.002,117.54435730102021,53.80175502643828,0.323,post-control
50000.0,100.0,0.002,117.6145330367223,53.60876586850735,0.323,post-control
50000.0,100.0,0.002,117.68470877242441,53.415776710576374,0.323,post-control
50000.0,100.0,0.002,117.75488450812651,53.22278755264544,0.323,post-control
50000.0,100.0,0.002,117.82506024382862,53.02979839471447,0.323,post-control
50000.0,100.0,0.002,117.89523597953071,52.83680923678354,0.323,post-control
50000.0,100.0,0.002,117.96541171523282,52.64382007885256,0.323,post-control
50000.0,100.0,0.002,118.03558745093491,52.45083092092163,0.323,post-control
50000.0,100.0,0.002,118.10576318663702,52.25784176299066,0.323,post-control
50000.0,100.0,0.002,118.17593892233913,52.064852605059684,0.323,post-control
50000.0,100.0,0.002,118.20231934973467,51.99230421752962,0.323,post-control
50000.0,100.0,0.002,118.24611465804122,51.87492613470639,0.323,post-control
50000.0,100.0,0.002,118.31629039374333,51.686844496834006,0.323,post-control
50000.0,100.0,0.002,118.38646612944542,51.498762858961655,0.323,post-control
50000.0,100.0,0.002,118.45664186514753,51.31068122108927,0.323,post-control
50000.0,100.0,0.002,118.52681760084963,51.122599583216925,0.323,post-control
50000.0,100.0,0.002,118.59699333655173,50.93451794534454,0.323,post-control
50000.0,100.0,0.002,118.66716907225383,50.74643630747219,0.323,post-control
50000.0,100.0,0.002,118.73734480795594,50.5583546695998,0.323,post-control
50000.0,100.0,0.002,118.80752054365803,50.37027303172746,0.323,post-control
50000.0,100.0,0.002,118.87769627936014,50.18219139385507,0.323,post-control
50000.0,100.0,0.002,118.94787201506225,49.994109755982684,0.323,post-control
50000.0,100.0,0.002,119.01804775076434,49.80602811811033,0.323,post-control
50000.0,100.0,0.002,119.08822348646645,49.61794648023795,0.323,post-control
50000.0,100.0,0.002,119.15839922216854,49.4298648423656,0.323,post-control
50000.0,100.0,0.002,119.20231934973467,49.31215222495513,0.323,post-control
50000.0,100.0,0.002,119.22857495787065,49.24381039354464,0.323,post-control
50000.0,100.0,0.002,119.29875069357274,49.061147006978985,0.323,post-control
50000.0,100.0,0.002,119.36892642927485,48.87848362041329,0.323,post-control
50000.0,100.0,0.002,119.43910216497694,48.69582023384764,0.323,post-control
50000.0,100.0,0.002,119.50927790067905,48.51315684728195,0.323,post-control
50000.0,100.0,0.002,119.57945363638116,48.33049346071626,0.323,post-control
50000.0,100.0,0.002,119.64962937208325,48.147830074150605,0.323,post-control
50000.0,100.0,0.002,119.71980510778536,47.96516668758491,0.323,post-control
50000.0,100.0,0.002,119.78998084348746,47.78250330101926,0.323,post-control
50000.0,100.0,0.002,119.86015657918956,47.59983991445357,0.323,post-control
50000.0,100.0,0.002,119.93033231489166,47.41717652788792,0.323,post-control
50000.0,100.0,0.002,120.00050805059377,47.234513141322225,0.323,post-control
50000.0,100.0,0.002,120.07068378629586,47.051849754756574,0.323,post-control
50000.0,100.0,0.002,120.14085952199797,46.86918636819088,0.323,post-control
50000.0,100.0,0.002,120.20231934973467,46.70920998661385,0.323,post-control
50000.0,100.0,0.002,120.21103525770006,46.687246864074865,0.323,post-control
50000.0,100.0,0.002,120.28121099340217,46.51041178405704,0.323,post-control
50000.0,100.0,0.002,120.35138672910428,46.33357670403922,0.323,post-control
50000.0,100.0,0.002,120.42156246480637,46.156741624021436,0.323,post-control
50000.0,100.0,0.002,120.49173820050848,45.97990654400361,0.323,post-control
50000.0,100.0,0.002,120.56191393621057,45.80307146398582,0.323,post-control
50000.0,100.0,0.002,120.63208967191268,45.626236383968,0.323,post-control
50000.0,100.0,0.002,120.70226540761477,45.44940130395021,0.323,post-control
50000.0,100.0,0.002,120.77244114331688,45.272566223932394,0.323,post-control
50000.0,100.0,0.002,120.84261687901898,45.095731143914605,0.323,post-control
50000.0,100.0,0.002,120.91279261472108,44.91889606389678,0.323,post-control
50000.0,100.0,0.002,120.98296835042319,44.74206098387896,0.323,post-control
50000.0,100.0,0.002,121.05314408612529,44.56522590386117,0.323,post-control
50000.0,100.0,0.002,121.1233198218274,44.388390823843345,0.323,post-control
50000.0,100.0,0.002,121.19349555752949,44.21155574382556,0.323,post-control
50000.0,100.0,0.002,121.20231934973467,44.189320764953564,0.323,post-control
50000.0,100.0,0.002,121.2636712932316,44.04009586973602,0.323,post-control
50000.0,100.0,0.002,121.33384702893369,43.86940907140366,0.323,post-control
50000.0,100.0,0.002,121.4040227646358,43.69872227307127,0.323,post-control
50000.0,100.0,0.002,121.47419850033789,43.52803547473891,0.323,post-control
50000.0,100.0,0.002,121.54437423604,43.35734867640651,0.323,post-control
50000.0,100.0,0.002,121.61454997174211,43.18666187807411,0.323,post-control
50000.0,100.0,0.002,121.6847257074442,43.01597507974176,0.323,post-control
50000.0,100.0,0.002,121.75490144314631,42.84528828140936,0.323,post-control
50000.0,100.0,0.002,121.8250771788484,42.674601483077,0.323,post-control
50000.0,100.0,0.002,121.89525291455051,42.5039146847446,0.323,post-control
50000.0,100.0,0.002,121.9654286502526,42.333227886412246,0.323,post-control
50000.0,100.0,0.002,122.03560438595471,42.16254108807985,0.323,post-control
50000.0,100.0,0.002,122.1057801216568,41.99185428974749,0.323,post-control
50000.0,100.0,0.002,122.17595585735891,41.821167491415096,0.323,post-control
50000.0,100.0,0.002,122.20231934973467,41.757044186380156,0.323,post-control
50000.0,100.0,0.002,122.24613159306101,41.65446665901926,0.323,post-control
50000.0,100.0,0.002,122.31630732876312,41.4901643338579,0.323,post-control
50000.0,100.0,0.002,122.38648306446522,41.32586200869653,0.323,post-control
50000.0,100.0,0.002,122.45665880016732,41.161559683535195,0.323,post-control
50000.0,100.0,0.002,122.52683453586943,40.99725735837383,0.323,post-control
50000.0,100.0,0.002,122.59701027157152,40.8329550332125,0.323,post-control
50000.0,100.0,0.002,122.66718600727363,40.668652708051134,0.323,post-control
50000.0,100.0,0.002,122.73736174297572,40.5043503828898,0.323,post-control
50000.0,100.0,0.002,122.80753747867783,40.34004805772843,0.323,post-control
50000.0,100.0,0.002,122.87771321437992,40.1757457325671,0.323,post-control
50000.0,100.0,0.002,122.94788895008203,40.01144340740573,0.323,post-control
50000.0,100.0,0.002,123.01806468578414,39.84714108224436,0.323,post-control
50000.0,100.0,0.002,123.08824042148623,39.68283875708303,0.323,post-control
50000.0,100.0,0.002,123.15841615718834,39.51853643192167,0.323,post-control
50000.0,100.0,0.002,123.20231934973467,39.415745965313825,0.323,post-control
50000.0,100.0,0.002,123.22859189289044,39.35668407992996,0.323,post-control
50000.0,100.0,0.002,123.29876762859254,39.19892579843464,0.323,post-control
50000.0,100.0,0.002,123.36894336429464,39.041167516939346,0.323,post-control
50000.0,100.0,0.002,123.43911909999674,38.88340923544402,0.323,post-control
50000.0,100.0,0.002,123.50929483569884,38.72565095394873,0.323,post-control
50000.0,100.0,0.002,123.57947057140095,38.567892672453404,0.323,post-control
50000.0,100.0,0.002,123.64964630710304,38.410134390958106,0.323,post-control
50000.0,100.0,0.002,123.71982204280515,38.25237610946278,0.323,post-control
50000.0,100.0,0.002,123.78999777850726,38.09461782796746,0.323,post-control
50000.0,100.0,0.002,123.86017351420935,37.936859546472164,0.323,post-control
50000.0,100.0,0.002,123.93034924991146,37.77910126497684,0.323,post-control
50000.0,100.0,0.002,124.00052498561355,37.62134298348155,0.323,post-control
50000.0,100.0,0.002,124.07070072131566,37.46358470198622,0.323,post-control
50000.0,100.0,0.002,124.14087645701775,37.30582642049093,0.323,post-control
50000.0,100.0,0.002,124.20231934973467,37.16769997168149,0.323,post-control
50000.0,100.0,0.002,124.21105219271986,37.14889397908732,0.323,post-control
50000.0,100.0,0.002,124.28122792842196,36.99777201707088,0.323,post-control
50000.0,100.0,0.002,124.35140366412406,36.84665005505441,0.323,post-control
50000.0,100.0,0.002,124.42157939982617,36.69552809303794,0.323,post-control
50000.0,100.0,0.002,124.49175513552827,36.54440613102151,0.323,post-control
50000.0,100.0,0.002,124.56193087123037,36.39328416900504,0.323,post-control
50000.0,100.0,0.002,124.63210660693247,36.2421622069886,0.323,post-control
50000.0,100.0,0.002,124.70228234263458,36.091040244972135,0.323,post-control
50000.0,100.0,0.002,124.77245807833667,35.9399182829557,0.323,post-control
50000.0,100.0,0.002,124.84263381403878,35.788796320939234,0.323,post-control
50000.0,100.0,0.002,124.91280954974087,35.637674358922794,0.323,post-control
50000.0,100.0,0.002,124.98298528544298,35.486552396906326,0.323,post-control
50000.0,100.0,0.002,125.05316102114507,35.33543043488989,0.323,post-control
50000.0,100.0,0.002,125.12333675684718,35.184308472873425,0.323,post-control
50000.0,100.0,0.002,125.19351249254929,35.03318651085696,0.323,post-control
50000.0,100.0,0.002,125.20231934973467,35.01422113024873,0.323,post-control
50000.0,100.0,0.002,125.26368822825138,34.88789934570515,0.323,post-control
50000.0,100.0,0.002,125.33386396395349,34.743449514132394,0.323,post-control
50000.0,100.0,0.002,125.40403969965558,34.598999682559665,0.323,post-control
50000.0,100.0,0.002,125.47421543535769,34.45454985098691,0.323,post-control
50000.0,100.0,0.002,125.54439117105979,34.31010001941418,0.323,post-control
50000.0,100.0,0.002,125.6145669067619,34.16565018784142,0.323,post-control
50000.0,100.0,0.002,125.68474264246399,34.02120035626869,0.323,post-control
50000.0,100.0,0.002,125.7549183781661,33.87675052469593,0.323,post-control
50000.0,100.0,0.002,125.8250941138682,33.73230069312317,0.323,post-control
50000.0,100.0,0.002,125.8952698495703,33.58785086155044,0.323,post-control
50000.0,100.0,0.002,125.9654455852724,33.443401029977686,0.323,post-control
50000.0,100.0,0.002,126.0356213209745,33.29895119840496,0.323,post-control
50000.0,100.0,0.002,126.10579705667661,33.1545013668322,0.323,post-control
50000.0,100.0,0.002,126.1759727923787,33.01005153525947,0.323,post-control
50000.0,100.0,0.002,126.20231934973467,32.955819745104165,0.323,post-control
50000.0,100.0,0.002,126.24614852808081,32.86975756388906,0.323,post-control
50000.0,100.0,0.002,126.3163242637829,32.73196175956893,0.323,post-control
50000.0,100.0,0.002,126.38649999948501,32.59416595524878,0.323,post-control
50000.0,100.0,0.002,126.45667573518712,32.45637015092863,0.323,post-control
50000.0,100.0,0.002,126.52685147088921,32.31857434660851,0.323,post-control
50000.0,100.0,0.002,126.59702720659132,32.18077854228835,0.323,post-control
50000.0,100.0,0.002,126.66720294229341,32.04298273796823,0.323,post-control
50000.0,100.0,0.002,126.73737867799552,31.905186933648075,0.323,post-control
50000.0,100.0,0.002,126.80755441369762,31.76739112932795,0.323,post-control
50000.0,100.0,0.002,126.87773014939972,31.6295953250078,0.323,post-control
50000.0,100.0,0.002,126.94790588510182,31.491799520687675,0.323,post-control
50000.0,100.0,0.002,127.01808162080393,31.354003716367522,0.323,post-control
50000.0,100.0,0.002,127.08825735650602,31.2162079120474,0.323,post-control
50000.0,100.0,0.002,127.15843309220813,31.078412107727246,0.323,post-control
50000.0,100.0,0.002,127.20231934973467,30.99223784686675,0.323,post-control
50000.0,100.0,0.002,127.22860882791024,30.943085473192347,0.323,post-control
50000.0,100.0,0.002,127.29878456361233,30.81188073945554,0.323,post-control
50000.0,100.0,0.002,127.36896029931444,30.680676005718706,0.323,post-control
50000.0,100.0,0.002,127.43913603501653,30.549471271981897,0.323,post-control
50000.0,100.0,0.002,127.50931177071864,30.418266538245064,0.323,post-control
50000.0,100.0,0.002,127.57948750642073,30.287061804508255,0.323,post-control
50000.0,100.0,0.002,127.64966324212284,30.155857070771418,0.323,post-control
50000.0,100.0,0.002,127.71983897782494,30.02465233703461,0.323,post-control
50000.0,100.0,0.002,127.79001471352704,29.893447603297776,0.323,post-control
50000.0,100.0,0.002,127.86019044922915,29.76224286956094,0.323,post-control
50000.0,100.0,0.002,127.93036618493124,29.63103813582413,0.323,post-control
50000.0,100.0,0.002,128.00054192063334,29.499833402087322,0.323,post-control
50000.0,100.0,0.002,128.07071765633546,29.36862866835046,0.323,post-control
50000.0,100.0,0.002,128.14089339203755,29.237423934613652,0.323,post-control
50000.0,100.0,0.002,128.20231934973467,29.12257830679735,0.323,post-control
50000.0,100.0,0.002,128.21106912773965,29.107028475742933,0.323,post-control
50000.0,100.0,0.002,128.28124486344174,28.982314359148695,0.323,post-control
50000.0,100.0,0.002,128.35142059914386,28.857600242554405,0.323,post-control
50000.0,100.0,0.002,128.42159633484596,28.732886125960167,0.323,post-control
50000.0,100.0,0.002,128.49177207054805,28.60817200936593,0.323,post-control
50000.0,100.0,0.002,128.56194780625017,28.483457892771643,0.323,post-control
50000.0,100.0,0.002,128.63212354195227,28.358743776177405,0.323,post-control
50000.0,100.0,0.002,128.70229927765436,28.234029659583168,0.323,post-control
50000.0,100.0,0.002,128.77247501335646,28.109315542988927,0.323,post-control
50000.0,100.0,0.002,128.84265074905858,27.98460142639464,0.323,post-control
50000.0,100.0,0.002,128.91282648476067,27.859887309800403,0.323,post-control
50000.0,100.0,0.002,128.98300222046277,27.735173193206165,0.323,post-control
50000.0,100.0,0.002,129.05317795616486,27.610459076611928,0.323,post-control
50000.0,100.0,0.002,129.12335369186698,27.48574496001764,0.323,post-control
50000.0,100.0,0.002,129.19352942756908,27.3610308434234,0.323,post-control
50000.0,100.0,0.002,129.20231934973467,27.345409669425777,0.323,post-control
50000.0,100.0,0.002,129.26370516327117,27.241880962829914,0.323,post-control
50000.0,100.0,0.002,129.3338808989733,27.123527833122942,0.323,post-control
50000.0,100.0,0.002,129.40405663467538,27.005174703416017,0.323,post-control
50000.0,100.0,0.002,129.47423237037748,26.886821573709092,0.323,post-control
50000.0,100.0,0.002,129.54440810607957,26.768468444002167,0.323,post-control
50000.0,100.0,0.002,129.6145838417817,26.650115314295192,0.323,post-control
50000.0,100.0,0.002,129.6847595774838,26.531762184588267,0.323,post-control
50000.0,100.0,0.002,129.75493531318588,26.413409054881345,0.323,post-control
50000.0,100.0,0.002,129.82511104888798,26.29505592517442,0.323,post-control
50000.0,100.0,0.002,129.8952867845901,26.176702795467445,0.323,post-control
50000.0,100.0,0.002,129.9654625202922,26.05834966576052,0.323,post-control
50000.0,100.0,0.002,130.0356382559943,25.939996536053595,0.323,post-control
50000.0,100.0,0.002,130.1058139916964,25.821643406346624,0.323,post-control
50000.0,100.0,0.002,130.1759897273985,25.7032902766397,0.323,post-control
50000.0,100.0,0.002,130.20231934973467,25.658884711435295,0.323,post-control
50000.0,100.0,0.002,130.2461654631006,25.588812885847293,0.323,post-control
50000.0,100.0,0.002,130.3163411988027,25.476662879036247,0.323,post-control
50000.0,100.0,0.002,130.3865169345048,25.364512872225156,0.323,post-control
50000.0,100.0,0.002,130.4566926702069,25.25236286541411,0.323,post-control
50000.0,100.0,0.002,130.526868405909,25.140212858603064,0.323,post-control
50000.0,100.0,0.002,130.59704414161112,25.028062851791976,0.323,post-control
50000.0,100.0,0.002,130.66721987731322,24.91591284498093,0.323,post-control
50000.0,100.0,0.002,130.7373956130153,24.803762838169884,0.323,post-control
50000.0,100.0,0.002,130.8075713487174,24.69161283135884,0.323,post-control
50000.0,100.0,0.002,130.87774708441952,24.579462824547747,0.323,post-control
50000.0,100.0,0.002,130.94792282012162,24.4673128177367,0.323,post-control
50000.0,100.0,0.002,131.0180985558237,24.35516281092566,0.323,post-control
50000.0,100.0,0.002,131.0882742915258,24.243012804114613,0.323,post-control
50000.0,100.0,0.002,131.15845002722793,24.13086279730352,0.323,post-control
50000.0,100.0,0.002,131.20231934973467,24.060753880472035,0.323,post-control
50000.0,100.0,0.002,131.22862576293002,24.020970674495217,0.323,post-control
50000.0,100.0,0.002,131.29880149863212,23.914843863239017,0.323,post-control
50000.0,100.0,0.002,131.36897723433424,23.808717051982775,0.323,post-control
50000.0,100.0,0.002,131.43915297003633,23.70259024072658,0.323,post-control
50000.0,100.0,0.002,131.50932870573843,23.59646342947038,0.323,post-control
50000.0,100.0,0.002,131.57950444144052,23.49033661821418,0.323,post-control
50000.0,100.0,0.002,131.64968017714264,23.38420980695794,0.323,post-control
50000.0,100.0,0.002,131.71985591284474,23.27808299570174,0.323,post-control
50000.0,100.0,0.002,131.79003164854683,23.171956184445545,0.323,post-control
50000.0,100.0,0.002,131.86020738424892,23.065829373189345,0.323,post-control
50000.0,100.0,0.002,131.93038311995105,22.959702561933103,0.323,post-control
50000.0,100.0,0.002,132.00055885565314,22.853575750676907,0.323,post-control
50000.0,100.0,0.002,132.07073459135523,22.747448939420707,0.323,post-control
50000.0,100.0,0.002,132.14091032705736,22.641322128164465,0.323,post-control
50000.0,100.0,0.002,132.20231934973467,22.548453222781433,0.323,post-control
50000.0,100.0,0.002,132.21108606275945,22.535923410403477,0.323,post-control
50000.0,100.0,0.002,132.28126179846154,22.435624837911533,0.323,post-control
50000.0,100.0,0.002,132.35143753416364,22.335326265419592,0.323,post-control
50000.0,100.0,0.002,132.42161326986576,22.23502769292761,0.323,post-control
50000.0,100.0,0.002,132.49178900556785,22.134729120435665,0.323,post-control
50000.0,100.0,0.002,132.56196474126995,22.034430547943725,0.323,post-control
50000.0,100.0,0.002,132.63214047697204,21.934131975451784,0.323,post-control
50000.0,100.0,0.002,132.70231621267416,21.8338334029598,0.323,post-control
50000.0,100.0,0.002,132.77249194837626,21.733534830467857,0.323,post-control
50000.0,100.0,0.002,132.84266768407835,21.633236257975916,0.323,post-control
50000.0,100.0,0.002,132.91284341978047,21.532937685483933,0.323,post-control
50000.0,100.0,0.002,132.98301915548257,21.43263911299199,0.323,post-control
50000.0,100.0,0.002,133.05319489118466,21.33234054050005,0.323,post-control
50000.0,100.0,0.002,133.12337062688675,21.232041968008105,0.323,post-control
50000.0,100.0,0.002,133.19354636258888,21.131743395516125,0.323,post-control
50000.0,100.0,0.002,133.20231934973467,21.11920461585946,0.323,post-control
50000.0,100.0,0.002,133.26372209829097,21.03636375289029,0.323,post-control
50000.0,100.0,0.002,133.33389783399306,20.94168690793233,0.323,post-control
50000.0,100.0,0.002,133.40407356969519,20.84701006297433,0.323,post-control
50000.0,100.0,0.002,133.47424930539728,20.752333218016368,0.323,post-control
50000.0,100.0,0.002,133.54442504109937,20.65765637305841,0.323,post-control
50000.0,100.0,0.002,133.61460077680147,20.56297952810045,0.323,post-control
50000.0,100.0,0.002,133.6847765125036,20.46830268314245,0.323,post-control
50000.0,100.0,0.002,133.75495224820568,20.373625838184488,0.323,post-control
50000.0,100.0,0.002,133.82512798390778,20.27894899322653,0.323,post-control
50000.0,100.0,0.002,133.89530371960987,20.18427214826857,0.323,post-control
50000.0,100.0,0.002,133.965479455312,20.089595303310567,0.323,post-control
50000.0,100.0,0.002,134.0356551910141,19.994918458352608,0.323,post-control
50000.0,100.0,0.002,134.10583092671618,19.90024161339465,0.323,post-control
50000.0,100.0,0.002,134.1760066624183,19.80556476843665,0.323,post-control
50000.0,100.0,0.002,134.20231934973467,19.77006528713368,0.323,post-control
50000.0,100.0,0.002,134.2461823981204,19.714266529429533,0.323,post-control
50000.0,100.0,0.002,134.3163581338225,19.62499505794592,0.323,post-control
50000.0,100.0,0.002,134.38653386952458,19.535723586462304,0.323,post-control
50000.0,100.0,0.002,134.4567096052267,19.44645211497865,0.323,post-control
50000.0,100.0,0.002,134.5268853409288,19.357180643495035,0.323,post-control
50000.0,100.0,0.002,134.5970610766309,19.26790917201142,0.323,post-control
50000.0,100.0,0.002,134.667236812333,19.178637700527805,0.323,post-control
50000.0,100.0,0.002,134.7374125480351,19.089366229044153,0.323,post-control
50000.0,100.0,0.002,134.8075882837372,19.000094757560536,0.323,post-control
50000.0,100.0,0.002,134.8777640194393,18.91082328607692,0.323,post-control
50000.0,100.0,0.002,134.94793975514142,18.82155181459327,0.323,post-control
50000.0,100.0,0.002,135.0181154908435,18.732280343109654,0.323,post-control
50000.0,100.0,0.002,135.0882912265456,18.643008871626037,0.323,post-control
50000.0,100.0,0.002,135.1584669622477,18.55373740014242,0.323,post-control
50000.0,100.0,0.002,135.20231934973467,18.497952204307072,0.323,post-control
50000.0,100.0,0.002,135.22864269794982,18.466409662026393,0.323,post-control
50000.0,100.0,0.002,135.29881843365192,18.38232001308172,0.323,post-control
50000.0,100.0,0.002,135.368994169354,18.29823036413705,0.323,post-control
50000.0,100.0,0.002,135.43916990505613,18.214140715192343,0.323,post-control
50000.0,100.0,0.002,135.50934564075823,18.13005106624767,0.323,post-control
50000.0,100.0,0.002,135.57952137646032,18.045961417302998,0.323,post-control
50000.0,100.0,0.002,135.64969711216241,17.961871768358325,0.323,post-control
50000.0,100.0,0.002,135.71987284786454,17.87778211941362,0.323,post-control
50000.0,100.0,0.002,135.79004858356663,17.793692470468947,0.323,post-control
50000.0,100.0,0.002,135.86022431926872,17.709602821524275,0.323,post-control
50000.0,100.0,0.002,135.93040005497082,17.625513172579602,0.323,post-control
50000.0,100.0,0.002,136.00057579067294,17.541423523634897,0.323,post-control
50000.0,100.0,0.002,136.07075152637503,17.457333874690224,0.323,post-control
50000.0,100.0,0.002,136.14092726207713,17.37324422574555,0.323,post-control
50000.0,100.0,0.002,136.20231934973467,17.299679780037163,0.323,post-control
50000.0,100.0,0.002,136.21110299777925,17.28977500401029,0.323,post-control
50000.0,100.0,0.002,136.28127873348134,17.210642172056858,0.323,post-control
50000.0,100.0,0.002,136.35145446918344,17.131509340103424,0.323,post-control
50000.0,100.0,0.002,136.42163020488553,17.05237650814999,0.323,post-control
50000.0,100.0,0.002,136.49180594058765,16.973243676196525,0.323,post-control
50000.0,100.0,0.002,136.56198167628975,16.894110844243087,0.323,post-control
50000.0,100.0,0.002,136.63215741199184,16.814978012289654,0.323,post-control
50000.0,100.0,0.002,136.70233314769393,16.73584518033622,0.323,post-control
50000.0,100.0,0.002,136.77250888339606,16.656712348382754,0.323,post-control
50000.0,100.0,0.002,136.84268461909815,16.57757951642932,0.323,post-control
50000.0,100.0,0.002,136.91286035480024,16.498446684475887,0.323,post-control
50000.0,100.0,0.002,136.98303609050237,16.41931385252242,0.323,post-control
50000.0,100.0,0.002,137.05321182620446,16.340181020568988,0.323,post-control
50000.0,100.0,0.002,137.12338756190655,16.261048188615554,0.323,post-control
50000.0,100.0,0.002,137.19356329760865,16.18191535666212,0.323,post-control
50000.0,100.0,0.002,137.20231934973467,16.17204169884391,0.323,post-control
50000.0,100.0,0.002,137.26373903331077,16.10692325318596,0.323,post-control
50000.0,100.0,0.002,137.33391476901286,16.032521456143794,0.323,post-control
50000.0,100.0,0.002,137.40409050471496,15.958119659101628,0.323,post-control
50000.0,100.0,0.002,137.47426624041705,15.883717862059463,0.323,post-control
50000.0,100.0,0.002,137.54444197611917,15.809316065017267,0.323,post-control
50000.0,100.0,0.002,137.61461771182127,15.734914267975102,0.323,post-control
50000.0,100.0,0.002,137.68479344752336,15.660512470932936,0.323,post-control
50000.0,100.0,0.002,137.75496918322548,15.58611067389074,0.323,post-control
50000.0,100.0,0.002,137.82514491892758,15.511708876848575,0.323,post-control
50000.0,100.0,0.002,137.89532065462967,15.43730707980641,0.323,post-control
50000.0,100.0,0.002,137.96549639033177,15.362905282764244,0.323,post-control
50000.0,100.0,0.002,138.0356721260339,15.288503485722048,0.323,post-control
50000.0,100.0,0.002,138.10584786173598,15.214101688679882,0.323,post-control
50000.0,100.0,0.002,138.17602359743807,15.139699891637717,0.323,post-control
50000.0,100.0,0.002,138.20231934973467,15.11182057970934,0.323,post-control
50000.0,100.0,0.002,138.2461993331402,15.068115349040342,0.323,post-control
50000.0,100.0,0.002,138.3163750688423,14.998219089329359,0.323,post-control
50000.0,100.0,0.002,138.38655080454438,14.928322829618375,0.323,post-control
50000.0,100.0,0.002,138.45672654024648,14.858426569907392,0.323,post-control
50000.0,100.0,0.002,138.5269022759486,14.78853031019638,0.323,post-control
50000.0,100.0,0.002,138.5970780116507,14.718634050485397,0.323,post-control
50000.0,100.0,0.002,138.6672537473528,14.648737790774414,0.323,post-control
50000.0,100.0,0.002,138.73742948305488,14.578841531063432,0.323,post-control
50000.0,100.0,0.002,138.807605218757,14.50894527135242,0.323,post-control
50000.0,100.0,0.002,138.8777809544591,14.439049011641437,0.323,post-control
50000.0,100.0,0.002,138.9479566901612,14.369152751930454,0.323,post-control
50000.0,100.0,0.002,139.0181324258633,14.299256492219442,0.323,post-control
50000.0,100.0,0.002,139.0883081615654,14.229360232508458,0.323,post-control
50000.0,100.0,0.002,139.1584838972675,14.159463972797475,0.323,post-control
50000.0,100.0,0.002,139.20231934973467,14.11580309572167,0.323,post-control
50000.0,100.0,0.002,139.2286596329696,14.091174967404926,0.323,post-control
50000.0,100.0,0.002,139.29883536867172,14.025560751787763,0.323,post-control
50000.0,100.0,0.002,139.3690111043738,13.959946536170628,0.323,post-control
50000.0,100.0,0.002,139.4391868400759,13.894332320553493,0.323,post-control
50000.0,100.0,0.002,139.509362575778,13.828718104936359,0.323,post-control
50000.0,100.0,0.002,139.57953831148012,13.763103889319197,0.323,post-control
50000.0,100.0,0.002,139.64971404718221,13.69748967370206,0.323,post-control
50000.0,100.0,0.002,139.7198897828843,13.631875458084926,0.323,post-control
50000.0,100.0,0.002,139.79006551858643,13.566261242467764,0.323,post-control
50000.0,100.0,0.002,139.86024125428852,13.50064702685063,0.323,post-control
50000.0,100.0,0.002,139.93041698999062,13.435032811233492,0.323,post-control
50000.0,100.0,0.002,140.0005927256927,13.369418595616358,0.323,post-control
50000.0,100.0,0.002,140.07076846139483,13.303804379999196,0.323,post-control
50000.0,100.0,0.002,140.14094419709693,13.238190164382061,0.323,post-control
50000.0,100.0,0.002,140.20231934973467,13.180804481732396,0.323,post-control
50000.0,100.0,0.002,140.21111993279902,13.173085586900653,0.323,post-control
50000.0,100.0,0.002,140.28129566850114,13.111535219196178,0.323,post-control
50000.0,100.0,0.002,140.35147140420324,13.049984851491727,0.323,post-control
50000.0,100.0,0.002,140.42164713990533,12.988434483787277,0.323,post-control
50000.0,100.0,0.002,140.49182287560743,12.926884116082826,0.323,post-control
50000.0,100.0,0.002,140.56199861130955,12.86533374837835,0.323,post-control
50000.0,100.0,0.002,140.63217434701164,12.803783380673899,0.323,post-control
50000.0,100.0,0.002,140.70235008271374,12.742233012969448,0.323,post-control
50000.0,100.0,0.002,140.77252581841583,12.680682645264998,0.323,post-control
50000.0,100.0,0.002,140.84270155411795,12.619132277560523,0.323,post-control
50000.0,100.0,0.002,140.91287728982005,12.557581909856072,0.323,post-control
50000.0,100.0,0.002,140.98305302552214,12.496031542151622,0.323,post-control
50000.0,100.0,0.002,141.05322876122426,12.434481174447146,0.323,post-control
50000.0,100.0,0.002,141.12340449692636,12.372930806742696,0.323,post-control
50000.0,100.0,0.002,141.19358023262845,12.311380439038246,0.323,post-control
50000.0,100.0,0.002,141.20231934973467,12.303715455323884,0.323,post-control
50000.0,100.0,0.002,141.26375596833054,12.253201134570077,0.323,post-control
50000.0,100.0,0.002,141.33393170403266,12.19550135057465,0.323,post-control
50000.0,100.0,0.002,141.40410743973476,12.137801566579249,0.323,post-control
50000.0,100.0,0.002,141.47428317543685,12.080101782583846,0.323,post-control
50000.0,100.0,0.002,141.54445891113895,12.022401998588444,0.323,post-control
50000.0,100.0,0.002,141.61463464684107,11.964702214593018,0.323,post-control
50000.0,100.0,0.002,141.68481038254316,11.907002430597617,0.323,post-control
50000.0,100.0,0.002,141.75498611824526,11.849302646602213,0.323,post-control
50000.0,100.0,0.002,141.82516185394738,11.791602862606789,0.323,post-control
50000.0,100.0,0.002,141.89533758964947,11.733903078611386,0.323,post-control
50000.0,100.0,0.002,141.96551332535157,11.676203294615984,0.323,post-control
50000.0,100.0,0.002,142.03568906105366,11.618503510620583,0.323,post-control
50000.0,100.0,0.002,142.10586479675578,11.560803726625156,0.323,post-control
50000.0,100.0,0.002,142.17604053245788,11.503103942629755,0.323,post-control
50000.0,100.0,0.002,142.20231934973467,11.481497014460704,0.323,post-control
50000.0,100.0,0.002,142.24621626815997,11.447682632277992,0.323,post-control
50000.0,100.0,0.002,142.31639200386206,11.393625326387115,0.323,post-control
50000.0,100.0,0.002,142.38656773956419,11.339568020496216,0.323,post-control
50000.0,100.0,0.002,142.45674347526628,11.285510714605339,0.323,post-control
50000.0,100.0,0.002,142.52691921096837,11.231453408714462,0.323,post-control
50000.0,100.0,0.002,142.5970949466705,11.177396102823563,0.323,post-control
50000.0,100.0,0.002,142.6672706823726,11.123338796932686,0.323,post-control
50000.0,100.0,0.002,142.73744641807468,11.069281491041808,0.323,post-control
50000.0,100.0,0.002,142.80762215377678,11.015224185150933,0.323,post-control
50000.0,100.0,0.002,142.8777978894789,10.961166879260032,0.323,post-control
50000.0,100.0,0.002,142.947973625181,10.907109573369155,0.323,post-control
50000.0,100.0,0.002,143.0181493608831,10.85305226747828,0.323,post-control
50000.0,100.0,0.002,143.0883250965852,10.798994961587379,0.323,post-control
50000.0,100.0,0.002,143.1585008322873,10.744937655696503,0.323,post-control
50000.0,100.0,0.002,143.20231934973467,10.711183666833566,0.323,post-control
50000.0,100.0,0.002,143.2286765679894,10.692172696792051,0.323,post-control
50000.0,100.0,0.002,143.2988523036915,10.641556247203924,0.323,post-control
50000.0,100.0,0.002,143.3690280393936,10.590939797615777,0.323,post-control
50000.0,100.0,0.002,143.4392037750957,10.54032334802765,0.323,post-control
50000.0,100.0,0.002,143.5093795107978,10.489706898439522,0.323,post-control
50000.0,100.0,0.002,143.5795552464999,10.439090448851395,0.323,post-control
50000.0,100.0,0.002,143.64973098220202,10.38847399926325,0.323,post-control
50000.0,100.0,0.002,143.7199067179041,10.337857549675121,0.323,post-control
50000.0,100.0,0.002,143.7900824536062,10.287241100086995,0.323,post-control
50000.0,100.0,0.002,143.86025818930833,10.236624650498847,0.323,post-control
50000.0,100.0,0.002,143.93043392501042,10.18600820091072,0.323,post-control
50000.0,100.0,0.002,144.0006096607125,10.135391751322594,0.323,post-control
50000.0,100.0,0.002,144.0707853964146,10.084775301734467,0.323,post-control
50000.0,100.0,0.002,144.14096113211673,10.03415885214632,0.323,post-control
50000.0,100.0,0.002,144.20231934973467,9.989902313931175,0.323,post-control
50000.0,100.0,0.002,144.21113686781882,9.983950438382424,0.323,post-control
50000.0,100.0,0.002,144.28131260352092,9.93658141214913,0.323,post-control
50000.0,100.0,0.002,144.351488339223,9.889212385915837,0.323,post-control
50000.0,100.0,0.002,144.42166407492513,9.841843359682525,0.323,post-control
50000.0,100.0,0.002,144.49183981062723,9.794474333449232,0.323,post-control
50000.0,100.0,0.002,144.56201554632932,9.74710530721594,0.323,post-control
50000.0,100.0,0.002,144.63219128203144,9.699736280982627,0.323,post-control
50000.0,100.0,0.002,144.70236701773354,9.652367254749334,0.323,post-control
50000.0,100.0,0.002,144.77254275343563,9.60499822851604,0.323,post-control
50000.0,100.0,0.002,144.84271848913772,9.557629202282747,0.323,post-control
50000.0,100.0,0.002,144.91289422483985,9.510260176049435,0.323,post-control
50000.0,100.0,0.002,144.98306996054194,9.462891149816143,0.323,post-control
50000.0,100.0,0.002,145.05324569624403,9.41552212358285,0.323,post-control
50000.0,100.0,0.002,145.12342143194616,9.368153097349538,0.323,post-control
50000.0,100.0,0.002,145.19359716764825,9.320784071116243,0.323,post-control
50000.0,100.0,0.002,145.20231934973467,9.314896547915676,0.323,post-control
50000.0,100.0,0.002,145.26377290335034,9.276095667234419,0.323,post-control
50000.0,100.0,0.002,145.33394863905244,9.231787727538611,0.323,post-control
50000.0,100.0,0.002,145.40412437475456,9.187479787842788,0.323,post-control
50000.0,100.0,0.002,145.47430011045665,9.14317184814698,0.323,post-control
50000.0,100.0,0.002,145.54447584615875,9.098863908451175,0.323,post-control
50000.0,100.0,0.002,145.61465158186084,9.05455596875537,0.323,post-control
50000.0,100.0,0.002,145.68482731756296,9.010248029059545,0.323,post-control
50000.0,100.0,0.002,145.75500305326506,8.96594008936374,0.323,post-control
50000.0,100.0,0.002,145.82517878896715,8.921632149667932,0.323,post-control
50000.0,100.0,0.002,145.89535452466927,8.877324209972109,0.323,post-control
50000.0,100.0,0.002,145.96553026037137,8.833016270276302,0.323,post-control
50000.0,100.0,0.002,146.03570599607346,8.788708330580496,0.323,post-control
50000.0,100.0,0.002,146.10588173177555,8.74440039088469,0.323,post-control
50000.0,100.0,0.002,146.17605746747768,8.700092451188866,0.323,post-control
50000.0,100.0,0.002,146.20231934973467,8.683511080381715,0.323,post-control
50000.0,100.0,0.002,146.24623320317977,8.657587840816605,0.323,post-control
50000.0,100.0,0.002,146.31640893888186,8.61616167878468,0.323,post-control
50000.0,100.0,0.002,146.38658467458396,8.574735516752755,0.323,post-control
50000.0,100.0,0.002,146.45676041028608,8.533309354720812,0.323,post-control
50000.0,100.0,0.002,146.52693614598817,8.491883192688885,0.323,post-control
50000.0,100.0,0.002,146.59711188169027,8.45045703065696,0.323,post-control
50000.0,100.0,0.002,146.6672876173924,8.409030868625017,0.323,post-control
50000.0,100.0,0.002,146.73746335309448,8.367604706593092,0.323,post-control
50000.0,100.0,0.002,146.80763908879658,8.326178544561165,0.323,post-control
50000.0,100.0,0.002,146.87781482449867,8.28475238252924,0.323,post-control
50000.0,100.0,0.002,146.9479905602008,8.243326220497297,0.323,post-control
50000.0,100.0,0.002,147.0181662959029,8.201900058465371,0.323,post-control
50000.0,100.0,0.002,147.08834203160498,8.160473896433444,0.323,post-control
50000.0,100.0,0.002,147.15851776730707,8.11904773440152,0.323,post-control
50000.0,100.0,0.002,147.20231934973467,8.093190770698238,0.323,post-control
50000.0,100.0,0.002,147.2286935030092,8.07864024468936,0.323,post-control
50000.0,100.0,0.002,147.2988692387113,8.039924542353948,0.323,post-control
50000.0,100.0,0.002,147.36904497441338,8.001208840018533,0.323,post-control
50000.0,100.0,0.002,147.4392207101155,7.962493137683103,0.323,post-control
50000.0,100.0,0.002,147.5093964458176,7.923777435347689,0.323,post-control
50000.0,100.0,0.002,147.5795721815197,7.885061733012275,0.323,post-control
50000.0,100.0,0.002,147.6497479172218,7.846346030676861,0.323,post-control
50000.0,100.0,0.002,147.7199236529239,7.807630328341431,0.323,post-control
50000.0,100.0,0.002,147.790099388626,7.7689146260060165,0.323,post-control
50000.0,100.0,0.002,147.8602751243281,7.730198923670603,0.323,post-control
50000.0,100.0,0.002,147.93045086003022,7.691483221335173,0.323,post-control
50000.0,100.0,0.002,148.0006265957323,7.652767518999759,0.323,post-control
50000.0,100.0,0.002,148.0708023314344,7.614051816664345,0.323,post-control
50000.0,100.0,0.002,148.1409780671365,7.57533611432893,0.323,post-control
50000.0,100.0,0.002,148.20231934973467,7.541494348165983,0.323,post-control
50000.0,100.0,0.002,148.21115380283862,7.536941171809581,0.323,post-control
50000.0,100.0,0.002,148.28132953854072,7.50077339811358,0.323,post-control
50000.0,100.0,0.002,148.3515052742428,7.464605624417579,0.323,post-control
50000.0,100.0,0.002,148.4216810099449,7.428437850721577,0.323,post-control
50000.0,100.0,0.002,148.49185674564703,7.392270077025562,0.323,post-control
50000.0,100.0,0.002,148.56203248134912,7.3561023033295605,0.323,post-control
50000.0,100.0,0.002,148.63220821705121,7.319934529633559,0.323,post-control
50000.0,100.0,0.002,148.70238395275334,7.283766755937544,0.323,post-control
50000.0,100.0,0.002,148.77255968845543,7.247598982241542,0.323,post-control
50000.0,100.0,0.002,148.84273542415752,7.211431208545541,0.323,post-control
50000.0,100.0,0.002,148.91291115985962,7.17526343484954,0.323,post-control
50000.0,100.0,0.002,148.98308689556174,7.139095661153524,0.323,post-control
50000.0,100.0,0.002,149.05326263126383,7.102927887457523,0.323,post-control
50000.0,100.0,0.002,149.12343836696593,7.0667601137615215,0.323,post-control
50000.0,100.0,0.002,149.19361410266802,7.03059234006552,0.323,post-control
50000.0,100.0,0.002,149.20231934973467,7.026105755026915,0.323,post-control
50000.0,100.0,0.002,149.26378983837014,6.996520505614063,0.323,post-control
50000.0,100.0,0.002,149.33396557407224,6.962745491138604,0.323,post-control
50000.0,100.0,0.002,149.40414130977433,6.928970476663145,0.323,post-control
50000.0,100.0,0.002,149.47431704547645,6.895195462187673,0.323,post-control
50000.0,100.0,0.002,149.54449278117855,6.861420447712214,0.323,post-control
50000.0,100.0,0.002,149.61466851688064,6.827645433236755,0.323,post-control
50000.0,100.0,0.002,149.68484425258274,6.793870418761296,0.323,post-control
50000.0,100.0,0.002,149.75501998828486,6.760095404285824,0.323,post-control
50000.0,100.0,0.002,149.82519572398695,6.726320389810365,0.323,post-control
50000.0,100.0,0.002,149.89537145968904,6.692545375334906,0.323,post-control
50000.0,100.0,0.002,149.96554719539117,6.6587703608594335,0.323,post-control
50000.0,100.0,0.002,150.03572293109326,6.624995346383974,0.323,post-control
50000.0,100.0,0.002,150.10589866679535,6.591220331908516,0.323,post-control
50000.0,100.0,0.002,150.17607440249745,6.557445317433057,0.323,post-control
50000.0,100.0,0.002,150.20231934973467,6.544813836423614,0.323,post-control
50000.0,100.0,0.002,150.24625013819957,6.525075570757489,0.323,post-control
50000.0,100.0,0.002,150.31642587390166,6.493545353272085,0.323,post-control
50000.0,100.0,0.002,150.38660160960376,6.462015135786681,0.323,post-control
50000.0,100.0,0.002,150.45677734530585,6.430484918301277,0.323,post-control
50000.0,100.0,0.002,150.52695308100797,6.398954700815859,0.323,post-control
50000.0,100.0,0.002,150.59712881671007,6.367424483330455,0.323,post-control
50000.0,100.0,0.002,150.66730455241216,6.335894265845051,0.323,post-control
50000.0,100.0,0.002,150.73748028811428,6.304364048359634,0.323,post-control
50000.0,100.0,0.002,150.80765602381638,6.27283383087423,0.323,post-control
50000.0,100.0,0.002,150.87783175951847,6.241303613388826,0.323,post-control
50000.0,100.0,0.002,150.94800749522057,6.209773395903421,0.323,post-control
50000.0,100.0,0.002,151.0181832309227,6.178243178418005,0.323,post-control
50000.0,100.0,0.002,151.08835896662478,6.146712960932601,0.323,post-control
50000.0,100.0,0.002,151.15853470232688,6.115182743447196,0.323,post-control
50000.0,100.0,0.002,151.20231934973467,6.095510139498305,0.323,post-control
50000.0,100.0,0.002,151.22871043802897,6.084444020857127,0.323,post-control
50000.0,100.0,0.002,151.2988861737311,6.055018443239728,0.323,post-control
50000.0,100.0,0.002,151.36906190943319,6.025592865622341,0.323,post-control
50000.0,100.0,0.002,151.43923764513528,5.996167288004955,0.323,post-control
50000.0,100.0,0.002,151.5094133808374,5.966741710387557,0.323,post-control
50000.0,100.0,0.002,151.5795891165395,5.93731613277017,0.323,post-control
50000.0,100.0,0.002,151.6497648522416,5.907890555152783,0.323,post-control
50000.0,100.0,0.002,151.71994058794368,5.878464977535397,0.323,post-control
50000.0,100.0,0.002,151.7901163236458,5.849039399917998,0.323,post-control
50000.0,100.0,0.002,151.8602920593479,5.819613822300611,0.323,post-control
50000.0,100.0,0.002,151.93046779505,5.7901882446832245,0.323,post-control
50000.0,100.0,0.002,152.0006435307521,5.760762667065838,0.323,post-control
50000.0,100.0,0.002,152.0708192664542,5.731337089448439,0.323,post-control
50000.0,100.0,0.002,152.1409950021563,5.701911511831052,0.323,post-control
50000.0,100.0,0.002,152.20231934973467,5.676197433717741,0.323,post-control
50000.0,100.0,0.002,152.2111707378584,5.672734761965031,0.323,post-control
50000.0,100.0,0.002,152.28134647356052,5.645281945034549,0.323,post-control
50000.0,100.0,0.002,152.3515222092626,5.61782912810408,0.323,post-control
50000.0,100.0,0.002,152.4216979449647,5.59037631117361,0.323,post-control
50000.0,100.0,0.002,152.4918736806668,5.562923494243139,0.323,post-control
50000.0,100.0,0.002,152.56204941636892,5.535470677312658,0.323,post-control
50000.0,100.0,0.002,152.63222515207102,5.508017860382188,0.323,post-control
50000.0,100.0,0.002,152.7024008877731,5.480565043451718,0.323,post-control
50000.0,100.0,0.002,152.77257662347523,5.453112226521236,0.323,post-control
50000.0,100.0,0.002,152.84275235917733,5.425659409590767,0.323,post-control
50000.0,100.0,0.002,152.91292809487942,5.398206592660297,0.323,post-control
50000.0,100.0,0.002,152.9831038305815,5.370753775729827,0.323,post-control
50000.0,100.0,0.002,153.05327956628363,5.343300958799345,0.323,post-control
50000.0,100.0,0.002,153.12345530198573,5.315848141868876,0.323,post-control
50000.0,100.0,0.002,153.19363103768782,5.2883953249384055,0.323,post-control
50000.0,100.0,0.002,153.20231934973467,5.284996448707605,0.323,post-control
50000.0,100.0,0.002,153.26380677338992,5.262561380317491,0.323,post-control
50000.0,100.0,0.002,153.33398250909204,5.2369561860157905,0.323,post-control
50000.0,100.0,0.002,153.40415824479413,5.2113509917141,0.323,post-control
50000.0,100.0,0.002,153.47433398049623,5.18574579741241,0.323,post-control
50000.0,100.0,0.002,153.54450971619835,5.160140603110709,0.323,post-control
50000.0,100.0,0.002,153.61468545190044,5.134535408809018,0.323,post-control
50000.0,100.0,0.002,153.68486118760254,5.108930214507328,0.323,post-control
50000.0,100.0,0.002,153.75503692330463,5.083325020205638,0.323,post-control
50000.0,100.0,0.002,153.82521265900675,5.057719825903938,0.323,post-control
50000.0,100.0,0.002,153.89538839470885,5.032114631602247,0.323,post-control
50000.0,100.0,0.002,153.96556413041094,5.006509437300557,0.323,post-control
50000.0,100.0,0.002,154.03573986611303,4.980904242998866,0.323,post-control
50000.0,100.0,0.002,154.10591560181516,4.9552990486971655,0.323,post-control
50000.0,100.0,0.002,154.17609133751725,4.929693854395476,0.323,post-control
50000.0,100.0,0.002,154.20231934973467,4.92012397468912,0.323,post-control
50000.0,100.0,0.002,154.24626707321934,4.905171455214069,0.323,post-control
50000.0,100.0,0.002,154.31644280892147,4.88129526842756,0.323,post-control
50000.0,100.0,0.002,154.38661854462356,4.85741908164106,0.323,post-control
50000.0,100.0,0.002,154.45679428032565,4.833542894854561,0.323,post-control
50000.0,100.0,0.002,154.52697001602775,4.809666708068062,0.323,post-control
50000.0,100.0,0.002,154.59714575172987,4.785790521281553,0.323,post-control
50000.0,100.0,0.002,154.66732148743196,4.761914334495053,0.323,post-control
50000.0,100.0,0.002,154.73749722313406,4.738038147708553,0.323,post-control
50000.0,100.0,0.002,154.80767295883618,4.714161960922045,0.323,post-control
50000.0,100.0,0.002,154.87784869453827,4.690285774135545,0.323,post-control
50000.0,100.0,0.002,154.94802443024037,4.666409587349046,0.323,post-control
50000.0,100.0,0.002,155.01820016594246,4.642533400562546,0.323,post-control
50000.0,100.0,0.002,155.08837590164458,4.6186572137760376,0.323,post-control
50000.0,100.0,0.002,155.15855163734668,4.594781026989538,0.323,post-control
50000.0,100.0,0.002,155.20231934973467,4.579889753449783,0.323,post-control
50000.0,100.0,0.002,155.22872737304877,4.571513401931023,0.323,post-control
50000.0,100.0,0.002,155.29890310875086,4.549254385292909,0.323,post-control
50000.0,100.0,0.002,155.36907884445299,4.526995368654786,0.323,post-control
50000.0,100.0,0.002,155.43925458015508,4.504736352016673,0.323,post-control
50000.0,100.0,0.002,155.50943031585717,4.482477335378559,0.323,post-control
50000.0,100.0,0.002,155.5796060515593,4.460218318740436,0.323,post-control
50000.0,100.0,0.002,155.6497817872614,4.437959302102322,0.323,post-control
50000.0,100.0,0.002,155.71995752296348,4.415700285464209,0.323,post-control
50000.0,100.0,0.002,155.79013325866558,4.393441268826095,0.323,post-control
50000.0,100.0,0.002,155.8603089943677,4.371182252187972,0.323,post-control
50000.0,100.0,0.002,155.9304847300698,4.348923235549859,0.323,post-control
50000.0,100.0,0.002,156.0006604657719,4.326664218911745,0.323,post-control
50000.0,100.0,0.002,156.07083620147398,4.304405202273631,0.323,post-control
50000.0,100.0,0.002,156.1410119371761,4.282146185635508,0.323,post-control
50000.0,100.0,0.002,156.20231934973467,4.262700109259852,0.323,post-control
50000.0,100.0,0.002,156.2111876728782,4.260078328460833,0.323,post-control
50000.0,100.0,0.002,156.2813634085803,4.2393319716306745,0.323,post-control
50000.0,100.0,0.002,156.3515391442824,4.218585614800508,0.323,post-control
50000.0,100.0,0.002,156.4217148799845,4.197839257970351,0.323,post-control
50000.0,100.0,0.002,156.4918906156866,4.177092901140193,0.323,post-control
50000.0,100.0,0.002,156.5620663513887,4.156346544310035,0.323,post-control
50000.0,100.0,0.002,156.63224208709082,4.135600187479869,0.323,post-control
50000.0,100.0,0.002,156.7024178227929,4.114853830649711,0.323,post-control
50000.0,100.0,0.002,156.772593558495,4.0941074738195535,0.323,post-control
50000.0,100.0,0.002,156.8427692941971,4.073361116989396,0.323,post-control
50000.0,100.0,0.002,156.91294502989922,4.05261476015923,0.323,post-control
50000.0,100.0,0.002,156.9831207656013,4.031868403329072,0.323,post-control
50000.0,100.0,0.002,157.0532965013034,4.011122046498914,0.323,post-control
50000.0,100.0,0.002,157.12347223700553,3.9903756896687477,0.323,post-control
50000.0,100.0,0.002,157.19364797270762,3.96962933283859,0.323,post-control
50000.0,100.0,0.002,157.20231934973467,3.967065776073392,0.323,post-control
50000.0,100.0,0.002,157.26382370840972,3.950122252894569,0.323,post-control
50000.0,100.0,0.002,157.3339994441118,3.9307898961303698,0.323,post-control
50000.0,100.0,0.002,157.40417517981393,3.9114575393661624,0.323,post-control
50000.0,100.0,0.002,157.47435091551603,3.892125182601963,0.323,post-control
50000.0,100.0,0.002,157.54452665121812,3.8727928258377635,0.323,post-control
50000.0,100.0,0.002,157.61470238692024,3.8534604690735565,0.323,post-control
50000.0,100.0,0.002,157.68487812262234,3.834128112309357,0.323,post-control
50000.0,100.0,0.002,157.75505385832443,3.8147957555451577,0.323,post-control
50000.0,100.0,0.002,157.82522959402652,3.7954633987809583,0.323,post-control
50000.0,100.0,0.002,157.89540532972865,3.776131042016751,0.323,post-control
50000.0,100.0,0.002,157.96558106543074,3.7567986852525515,0.323,post-control
50000.0,100.0,0.002,158.03575680113283,3.7374663284883525,0.323,post-control
50000.0,100.0,0.002,158.10593253683493,3.718133971724153,0.323,post-control
50000.0,100.0,0.002,158.17610827253705,3.6988016149599456,0.323,post-control
50000.0,100.0,0.002,158.20231934973467,3.6915808585191527,0.323,post-control
50000.0,100.0,0.002,158.24628400823914,3.6802967383720566,0.323,post-control
50000.0,100.0,0.002,158.31645974394124,3.6622851931898595,0.323,post-control
50000.0,100.0,0.002,158.38663547964336,3.644273648007655,0.323,post-control
50000.0,100.0,0.002,158.45681121534545,3.626262102825458,0.323,post-control
50000.0,100.0,0.002,158.52698695104755,3.608250557643261,0.323,post-control
50000.0,100.0,0.002,158.59716268674964,3.5902390124610637,0.323,post-control
50000.0,100.0,0.002,158.66733842245176,3.5722274672788594,0.323,post-control
50000.0,100.0,0.002,158.73751415815386,3.5542159220966623,0.323,post-control
50000.0,100.0,0.002,158.80768989385595,3.536204376914465,0.323,post-control
50000.0,100.0,0.002,158.87786562955804,3.518192831732268,0.323,post-control
50000.0,100.0,0.002,158.94804136526017,3.5001812865500637,0.323,post-control
50000.0,100.0,0.002,159.01821710096226,3.4821697413678665,0.323,post-control
50000.0,100.0,0.002,159.08839283666435,3.4641581961856693,0.323,post-control
50000.0,100.0,0.002,159.15856857236648,3.446146651003465,0.323,post-control
50000.0,100.0,0.002,159.20231934973467,3.434917426322891,0.323,post-control
50000.0,100.0,0.002,159.22874430806857,3.4285994466665963,0.323,post-control
50000.0,100.0,0.002,159.29892004377066,3.411821033435855,0.323,post-control
50000.0,100.0,0.002,159.36909577947276,3.3950426202051145,0.323,post-control
50000.0,100.0,0.002,159.43927151517488,3.3782642069743667,0.323,post-control
50000.0,100.0,0.002,159.50944725087697,3.3614857937436255,0.323,post-control
50000.0,100.0,0.002,159.57962298657907,3.344707380512885,0.323,post-control
50000.0,100.0,0.002,159.6497987222812,3.327928967282137,0.323,post-control
50000.0,100.0,0.002,159.71997445798328,3.3111505540513964,0.323,post-control
50000.0,100.0,0.002,159.79015019368538,3.294372140820655,0.323,post-control
50000.0,100.0,0.002,159.86032592938747,3.2775937275899145,0.323,post-control
50000.0,100.0,0.002,159.9305016650896,3.2608153143591667,0.323,post-control
50000.0,100.0,0.002,160.0006774007917,3.244036901128426,0.323,post-control
50000.0,100.0,0.002,160.07085313649378,3.227258487897685,0.323,post-control
50000.0,100.0,0.002,160.14102887219588,3.210480074666944,0.323,post-control
50000.0,100.0,0.002,160.20231934973467,3.1958260500391042,0.323,post-control
50000.0,100.0,0.002,160.211204607898,3.193847459618136,0.323,post-control
50000.0,100.0,0.002,160.2813803436001,3.1782205598823934,0.323,post-control
50000.0,100.0,0.002,160.35155607930218,3.1625936601466513,0.323,post-control
50000.0,100.0,0.002,160.4217318150043,3.1469667604109026,0.323,post-control
50000.0,100.0,0.002,160.4919075507064,3.1313398606751606,0.323,post-control
50000.0,100.0,0.002,160.5620832864085,3.115712960939418,0.323,post-control
50000.0,100.0,0.002,160.6322590221106,3.100086061203676,0.323,post-control
50000.0,100.0,0.002,160.7024347578127,3.0844591614679273,0.323,post-control
50000.0,100.0,0.002,160.7726104935148,3.068832261732185,0.323,post-control
50000.0,100.0,0.002,160.8427862292169,3.0532053619964428,0.323,post-control
50000.0,100.0,0.002,160.912961964919,3.0375784622607003,0.323,post-control
50000.0,100.0,0.002,160.9831377006211,3.021951562524952,0.323,post-control
50000.0,100.0,0.002,161.0533134363232,3.0063246627892095,0.323,post-control
50000.0,100.0,0.002,161.1234891720253,2.9906977630534675,0.323,post-control
50000.0,100.0,0.002,161.19366490772742,2.9750708633177188,0.323,post-control
50000.0,100.0,0.002,161.20231934973467,2.9731436715873736,0.323,post-control
50000.0,100.0,0.002,161.26384064342952,2.9603864236830915,0.323,post-control
50000.0,100.0,0.002,161.3340163791316,2.9458345636123737,0.323,post-control
50000.0,100.0,0.002,161.4041921148337,2.9312827035416564,0.323,post-control
50000.0,100.0,0.002,161.47436785053583,2.9167308434709334,0.323,post-control
50000.0,100.0,0.002,161.54454358623792,2.9021789834002156,0.323,post-control
50000.0,100.0,0.002,161.61471932194002,2.8876271233294983,0.323,post-control
50000.0,100.0,0.002,161.6848950576421,2.873075263258781,0.323,post-control
50000.0,100.0,0.002,161.75507079334423,2.8585234031880575,0.323,post-control
50000.0,100.0,0.002,161.82524652904632,2.8439715431173402,0.323,post-control
50000.0,100.0,0.002,161.89542226474842,2.829419683046623,0.323,post-control
50000.0,100.0,0.002,161.96559800045054,2.8148678229758994,0.323,post-control
50000.0,100.0,0.002,162.03577373615263,2.800315962905182,0.323,post-control
50000.0,100.0,0.002,162.10594947185473,2.785764102834465,0.323,post-control
50000.0,100.0,0.002,162.17612520755682,2.7712122427637476,0.323,post-control
50000.0,100.0,0.002,162.20231934973467,2.765780543504297,0.323,post-control
50000.0,100.0,0.002,162.24630094325894,2.7572889458483085,0.323,post-control
50000.0,100.0,0.002,162.31647667896104,2.7437400026417325,0.323,post-control
50000.0,100.0,0.002,162.38665241466313,2.7301910594351564,0.323,post-control
50000.0,100.0,0.002,162.45682815036525,2.716642116228575,0.323,post-control
50000.0,100.0,0.002,162.52700388606735,2.703093173021999,0.323,post-control
50000.0,100.0,0.002,162.59717962176944,2.689544229815423,0.323,post-control
50000.0,100.0,0.002,162.66735535747154,2.675995286608847,0.323,post-control
50000.0,100.0,0.002,162.73753109317366,2.6624463434022654,0.323,post-control
50000.0,100.0,0.002,162.80770682887575,2.6488974001956893,0.323,post-control
50000.0,100.0,0.002,162.87788256457785,2.6353484569891132,0.323,post-control
50000.0,100.0,0.002,162.94805830027994,2.621799513782537,0.323,post-control
50000.0,100.0,0.002,163.01823403598206,2.6082505705759558,0.323,post-control
50000.0,100.0,0.002,163.08840977168416,2.5947016273693797,0.323,post-control
50000.0,100.0,0.002,163.15858550738625,2.5811526841628036,0.323,post-control
50000.0,100.0,0.002,163.20231934973467,2.5727089202285076,0.323,post-control
50000.0,100.0,0.002,163.22876124308837,2.567956093450338,0.323,post-control
50000.0,100.0,0.002,163.29893697879046,2.5553422797812066,0.323,post-control
50000.0,100.0,0.002,163.36911271449256,2.5427284661120755,0.323,post-control
50000.0,100.0,0.002,163.43928845019465,2.5301146524429443,0.323,post-control
50000.0,100.0,0.002,163.50946418589677,2.5175008387738083,0.323,post-control
50000.0,100.0,0.002,163.57963992159887,2.504887025104677,0.323,post-control
50000.0,100.0,0.002,163.64981565730096,2.492273211435546,0.323,post-control
50000.0,100.0,0.002,163.71999139300306,2.4796593977664148,0.323,post-control
50000.0,100.0,0.002,163.79016712870518,2.4670455840972783,0.323,post-control
50000.0,100.0,0.002,163.86034286440727,2.454431770428147,0.323,post-control
50000.0,100.0,0.002,163.93051860010937,2.441817956759016,0.323,post-control
50000.0,100.0,0.002,164.0006943358115,2.42920414308988,0.323,post-control
50000.0,100.0,0.002,164.07087007151358,2.4165903294207487,0.323,post-control
50000.0,100.0,0.002,164.14104580721568,2.4039765157516175,0.323,post-control
50000.0,100.0,0.002,164.20231934973467,2.3929628364442403,0.323,post-control
50000.0,100.0,0.002,164.21122154291777,2.3914733030104105,0.323,post-control
50000.0,100.0,0.002,164.2813972786199,2.3797313533108353,0.323,post-control
50000.0,100.0,0.002,164.35157301432199,2.367989403611265,0.323,post-control
50000.0,100.0,0.002,164.42174875002408,2.3562474539116947,0.323,post-control
50000.0,100.0,0.002,164.4919244857262,2.3445055042121195,0.323,post-control
50000.0,100.0,0.002,164.5621002214283,2.332763554512549,0.323,post-control
50000.0,100.0,0.002,164.6322759571304,2.3210216048129784,0.323,post-control
50000.0,100.0,0.002,164.70245169283248,2.309279655113408,0.323,post-control
50000.0,100.0,0.002,164.7726274285346,2.297537705413833,0.323,post-control
50000.0,100.0,0.002,164.8428031642367,2.2857957557142625,0.323,post-control
50000.0,100.0,0.002,164.9129788999388,2.274053806014692,0.323,post-control
50000.0,100.0,0.002,164.9831546356409,2.2623118563151214,0.323,post-control
50000.0,100.0,0.002,165.053330371343,2.2505699066155462,0.323,post-control
50000.0,100.0,0.002,165.1235061070451,2.238827956915976,0.323,post-control
50000.0,100.0,0.002,165.1936818427472,2.2270860072164056,0.323,post-control
50000.0,100.0,0.002,165.20231934973467,2.225640761626005,0.323,post-control
50000.0,100.0,0.002,165.26385757844932,2.216057216701245,0.323,post-control
50000.0,100.0,0.002,165.3340333141514,2.2051285252231794,0.323,post-control
50000.0,100.0,0.002,165.4042090498535,2.1941998337451136,0.323,post-control
50000.0,100.0,0.002,165.4743847855556,2.1832711422670474,0.323,post-control
50000.0,100.0,0.002,165.54456052125772,2.1723424507889773,0.323,post-control
50000.0,100.0,0.002,165.61473625695982,2.1614137593109115,0.323,post-control
50000.0,100.0,0.002,165.6849119926619,2.1504850678328453,0.323,post-control
50000.0,100.0,0.002,165.755087728364,2.1395563763547796,0.323,post-control
50000.0,100.0,0.002,165.82526346406613,2.1286276848767094,0.323,post-control
50000.0,100.0,0.002,165.89543919976822,2.117698993398643,0.323,post-control
50000.0,100.0,0.002,165.9656149354703,2.1067703019205775,0.323,post-control
50000.0,100.0,0.002,166.03579067117244,2.0958416104425073,0.323,post-control
50000.0,100.0,0.002,166.10596640687453,2.084912918964441,0.323,post-control
50000.0,100.0,0.002,166.17614214257662,2.0739842274863753,0.323,post-control
50000.0,100.0,0.002,166.20231934973467,2.0699075673997305,0.323,post-control
50000.0,100.0,0.002,166.24631787827872,2.0635308687826757,0.323,post-control
50000.0,100.0,0.002,166.31649361398084,2.0533603123661246,0.323,post-control
50000.0,100.0,0.002,166.38666934968293,2.043189755949577,0.323,post-control
50000.0,100.0,0.002,166.45684508538503,2.03301919953303,0.323,post-control
50000.0,100.0,0.002,166.52702082108715,2.022848643116479,0.323,post-control
50000.0,100.0,0.002,166.59719655678924,2.0126780866999314,0.323,post-control
50000.0,100.0,0.002,166.66737229249134,2.0025075302833844,0.323,post-control
50000.0,100.0,0.002,166.73754802819343,1.9923369738668373,0.323,post-control
50000.0,100.0,0.002,166.80772376389555,1.982166417450286,0.323,post-control
50000.0,100.0,0.002,166.87789949959765,1.9719958610337387,0.323,post-control
50000.0,100.0,0.002,166.94807523529974,1.9618253046171916,0.323,post-control
50000.0,100.0,0.002,167.01825097100183,1.9516547482006443,0.323,post-control
50000.0,100.0,0.002,167.08842670670396,1.941484191784093,0.323,post-control
50000.0,100.0,0.002,167.15860244240605,1.931313635367546,0.323,post-control
50000.0,100.0,0.002,167.20231934973467,1.9249777520612397,0.323,post-control
50000.0,100.0,0.002,167.22877817810814,1.9214093813321704,0.323,post-control
50000.0,100.0,0.002,167.29895391381027,1.9119451285075306,0.323,post-control
50000.0,100.0,0.002,167.36912964951236,1.9024808756828948,0.323,post-control
50000.0,100.0,0.002,167.43930538521445,1.8930166228582588,0.323,post-control
50000.0,100.0,0.002,167.50948112091655,1.8835523700336227,0.323,post-control
50000.0,100.0,0.002,167.57965685661867,1.8740881172089832,0.323,post-control
50000.0,100.0,0.002,167.64983259232076,1.8646238643843471,0.323,post-control
50000.0,100.0,0.002,167.72000832802286,1.855159611559711,0.323,post-control
50000.0,100.0,0.002,167.79018406372495,1.8456953587350753,0.323,post-control
50000.0,100.0,0.002,167.86035979942707,1.8362311059104355,0.323,post-control
50000.0,100.0,0.002,167.93053553512917,1.8267668530857994,0.323,post-control
50000.0,100.0,0.002,168.00071127083126,1.8173026002611636,0.323,post-control
50000.0,100.0,0.002,168.07088700653338,1.8078383474365238,0.323,post-control
50000.0,100.0,0.002,168.14106274223548,1.7983740946118878,0.323,post-control
50000.0,100.0,0.002,168.20231934973467,1.790112720295658,0.323,post-control
50000.0,100.0,0.002,168.21123847793757,1.7889934403606365,0.323,post-control
50000.0,100.0,0.002,168.28141421363966,1.7801869414394582,0.323,post-control
50000.0,100.0,0.002,168.3515899493418,1.7713804425182766,0.323,post-control
50000.0,100.0,0.002,168.42176568504388,1.7625739435970986,0.323,post-control
50000.0,100.0,0.002,168.49194142074597,1.7537674446759206,0.323,post-control
50000.0,100.0,0.002,168.56211715644807,1.7449609457547426,0.323,post-control
50000.0,100.0,0.002,168.6322928921502,1.7361544468335608,0.323,post-control
50000.0,100.0,0.002,168.70246862785228,1.7273479479123828,0.323,post-control
50000.0,100.0,0.002,168.77264436355438,1.7185414489912048,0.323,post-control
50000.0,100.0,0.002,168.8428200992565,1.7097349500700232,0.323,post-control
50000.0,100.0,0.002,168.9129958349586,1.7009284511488452,0.323,post-control
50000.0,100.0,0.002,168.9831715706607,1.692121952227667,0.323,post-control
50000.0,100.0,0.002,169.05334730636278,1.683315453306489,0.323,post-control
50000.0,100.0,0.002,169.1235230420649,1.6745089543853073,0.323,post-control
50000.0,100.0,0.002,169.193698777767,1.6657024554641293,0.323,post-control
50000.0,100.0,0.002,169.20231934973467,1.6646206419715641,0.323,post-control
50000.0,100.0,0.002,169.2638745134691,1.6574334295405735,0.323,post-control
50000.0,100.0,0.002,169.3340502491712,1.6492396747133056,0.323,post-control
50000.0,100.0,0.002,169.4042259848733,1.641045919886041,0.323,post-control
50000.0,100.0,0.002,169.4744017205754,1.6328521650587764,0.323,post-control
50000.0,100.0,0.002,169.5445774562775,1.6246584102315118,0.323,post-control
50000.0,100.0,0.002,169.61475319197962,1.616464655404244,0.323,post-control
50000.0,100.0,0.002,169.6849289276817,1.6082709005769795,0.323,post-control
50000.0,100.0,0.002,169.7551046633838,1.600077145749715,0.323,post-control
50000.0,100.0,0.002,169.8252803990859,1.5918833909224503,0.323,post-control
50000.0,100.0,0.002,169.89545613478802,1.5836896360951824,0.323,post-control
50000.0,100.0,0.002,169.9656318704901,1.5754958812679178,0.323,post-control
50000.0,100.0,0.002,170.0358076061922,1.5673021264406535,0.323,post-control
50000.0,100.0,0.002,170.10598334189433,1.5591083716133856,0.323,post-control
50000.0,100.0,0.002,170.17615907759642,1.550914616786121,0.323,post-control
50000.0,100.0,0.002,170.20231934973467,1.5478601300184265,0.323,post-control
50000.0,100.0,0.002,170.24633481329852,1.5430790474366205,0.323,post-control
50000.0,100.0,0.002,170.3165105490006,1.5354563630329003,0.323,post-control
50000.0,100.0,0.002,170.38668628470273,1.5278336786291769,0.323,post-control
50000.0,100.0,0.002,170.45686202040483,1.5202109942254565,0.323,post-control
50000.0,100.0,0.002,170.52703775610692,1.5125883098217363,0.323,post-control
50000.0,100.0,0.002,170.59721349180901,1.504965625418016,0.323,post-control
50000.0,100.0,0.002,170.66738922751114,1.4973429410142927,0.323,post-control
50000.0,100.0,0.002,170.73756496321323,1.4897202566105723,0.323,post-control
50000.0,100.0,0.002,170.80774069891532,1.482097572206852,0.323,post-control
50000.0,100.0,0.002,170.87791643461745,1.4744748878031286,0.323,post-control
50000.0,100.0,0.002,170.94809217031954,1.4668522033994082,0.323,post-control
50000.0,100.0,0.002,171.01826790602163,1.4592295189956879,0.323,post-control
50000.0,100.0,0.002,171.08844364172373,1.4516068345919677,0.323,post-control
50000.0,100.0,0.002,171.15861937742585,1.4439841501882442,0.323,post-control
50000.0,100.0,0.002,171.20231934973467,1.4392373371476868,0.323,post-control
50000.0,100.0,0.002,171.22879511312794,1.4365621231442256,0.323,post-control
50000.0,100.0,0.002,171.29897084883004,1.4294712941447083,0.323,post-control
50000.0,100.0,0.002,171.36914658453216,1.4223804651451881,0.323,post-control
50000.0,100.0,0.002,171.43932232023425,1.4152896361456706,0.323,post-control
50000.0,100.0,0.002,171.50949805593635,1.4081988071461533,0.323,post-control
50000.0,100.0,0.002,171.57967379163844,1.4011079781466358,0.323,post-control
50000.0,100.0,0.002,171.64984952734056,1.3940171491471156,0.323,post-control
50000.0,100.0,0.002,171.72002526304266,1.386926320147598,0.323,post-control
50000.0,100.0,0.002,171.79020099874475,1.3798354911480808,0.323,post-control
50000.0,100.0,0.002,171.86037673444685,1.3727446621485635,0.323,post-control
50000.0,100.0,0.002,171.93055247014897,1.365653833149043,0.323,post-control
50000.0,100.0,0.002,172.00072820585106,1.3585630041495258,0.323,post-control
50000.0,100.0,0.002,172.07090394155315,1.3514721751500083,0.323,post-control
50000.0,100.0,0.002,172.14107967725528,1.344381346150488,0.323,post-control
50000.0,100.0,0.002,172.20231934973467,1.3381934516996026,0.323,post-control
50000.0,100.0,0.002,172.21125541295737,1.3373535544691404,0.323,post-control
50000.0,100.0,0.002,172.28143114865946,1.330757763392811,0.323,post-control
50000.0,100.0,0.002,172.35160688436156,1.3241619723164817,0.323,post-control
50000.0,100.0,0.002,172.42178262006368,1.3175661812401496,0.323,post-control
50000.0,100.0,0.002,172.49195835576577,1.3109703901638203,0.323,post-control
50000.0,100.0,0.002,172.56213409146787,1.3043745990874909,0.323,post-control
50000.0,100.0,0.002,172.63230982716996,1.2977788080111616,0.323,post-control
50000.0,100.0,0.002,172.70248556287208,1.2911830169348295,0.323,post-control
50000.0,100.0,0.002,172.77266129857418,1.2845872258585003,0.323,post-control
50000.0,100.0,0.002,172.84283703427627,1.2779914347821708,0.323,post-control
50000.0,100.0,0.002,172.9130127699784,1.271395643705839,0.323,post-control
50000.0,100.0,0.002,172.9831885056805,1.2647998526295094,0.323,post-control
50000.0,100.0,0.002,173.05336424138258,1.2582040615531802,0.323,post-control
50000.0,100.0,0.002,173.12353997708468,1.2516082704768507,0.323,post-control
50000.0,100.0,0.002,173.1937157127868,1.2450124794005188,0.323,post-control
50000.0,100.0,0.002,173.20231934973467,1.2442038267909383,0.323,post-control
50000.0,100.0,0.002,173.2638914484889,1.2388208653212964,0.323,post-control
50000.0,100.0,0.002,173.33406718419099,1.232685727993982,0.323,post-control
50000.0,100.0,0.002,173.40424291989308,1.2265505906666676,0.323,post-control
50000.0,100.0,0.002,173.4744186555952,1.2204154533393508,0.323,post-control
50000.0,100.0,0.002,173.5445943912973,1.2142803160120363,0.323,post-control
50000.0,100.0,0.002,173.6147701269994,1.2081451786847222,0.323,post-control
50000.0,100.0,0.002,173.6849458627015,1.202010041357405,0.323,post-control
50000.0,100.0,0.002,173.7551215984036,1.1958749040300907,0.323,post-control
50000.0,100.0,0.002,173.8252973341057,1.1897397667027765,0.323,post-control
50000.0,100.0,0.002,173.8954730698078,1.183604629375462,0.323,post-control
50000.0,100.0,0.002,173.96564880550991,1.1774694920481452,0.323,post-control
50000.0,100.0,0.002,174.035824541212,1.1713343547208308,0.323,post-control
50000.0,100.0,0.002,174.1060002769141,1.1651992173935164,0.323,post-control
50000.0,100.0,0.002,174.17617601261622,1.1590640800661995,0.323,post-control
50000.0,100.0,0.002,174.20231934973467,1.1567784900141507,0.323,post-control
50000.0,100.0,0.002,174.24635174831832,1.1531980787225895,0.323,post-control
50000.0,100.0,0.002,174.3165274840204,1.1474918713711086,0.323,post-control
50000.0,100.0,0.002,174.3867032197225,1.1417856640196276,0.323,post-control
50000.0,100.0,0.002,174.45687895542463,1.1360794566681442,0.323,post-control
50000.0,100.0,0.002,174.52705469112672,1.1303732493166632,0.323,post-control
50000.0,100.0,0.002,174.59723042682882,1.1246670419651823,0.323,post-control
50000.0,100.0,0.002,174.6674061625309,1.1189608346137012,0.323,post-control
50000.0,100.0,0.002,174.73758189823303,1.113254627262218,0.323,post-control
50000.0,100.0,0.002,174.80775763393513,1.1075484199107368,0.323,post-control
50000.0,100.0,0.002,174.87793336963722,1.101842212559256,0.323,post-control
50000.0,100.0,0.002,174.94810910533934,1.0961360052077724,0.323,post-control
50000.0,100.0,0.002,175.01828484104144,1.0904297978562916,0.323,post-control
50000.0,100.0,0.002,175.08846057674353,1.0847235905048105,0.323,post-control
50000.0,100.0,0.002,175.15863631244562,1.0790173831533294,0.323,post-control
50000.0,100.0,0.002,175.20231934973467,1.075465379515321,0.323,post-control
50000.0,100.0,0.002,175.22881204814774,1.0734617507101638,0.323,post-control
50000.0,100.0,0.002,175.29898778384984,1.0681543968391667,0.323,post-control
50000.0,100.0,0.002,175.36916351955193,1.0628470429681698,0.323,post-control
50000.0,100.0,0.002,175.43933925525403,1.0575396890971727,0.323,post-control
50000.0,100.0,0.002,175.50951499095615,1.0522323352261733,0.323,post-control
50000.0,100.0,0.002,175.57969072665824,1.0469249813551764,0.323,post-control
50000.0,100.0,0.002,175.64986646236034,1.0416176274841793,0.323,post-control
50000.0,100.0,0.002,175.72004219806246,1.03631027361318,0.323,post-control
50000.0,100.0,0.002,175.79021793376455,1.031002919742183,0.323,post-control
50000.0,100.0,0.002,175.86039366946665,1.025695565871186,0.323,post-control
50000.0,100.0,0.002,175.93056940516874,1.0203882120001888,0.323,post-control
50000.0,100.0,0.002,176.00074514087086,1.0150808581291897,0.323,post-control
50000.0,100.0,0.002,176.07092087657296,1.0097735042581926,0.323,post-control
50000.0,100.0,0.002,176.14109661227505,1.0044661503871954,0.323,post-control
50000.0,100.0,0.002,176.20010597274646,1.0000033035842422,0.323,post-control
50000.0,100.0,0.002,176.21127234797717,,0.323,post-control
50000.0,100.0,0.002,176.28144808367927,,0.323,post-control
50000.0,100.0,0.002,176.35162381938136,,0.323,post-control
50000.0,100.0,0.002,176.42179955508345,,0.323,post-control
50000.0,100.0,0.002,176.49197529078558,,0.323,post-control
50000.0,100.0,0.002,176.56215102648767,,0.323,post-control
50000.0,100.0,0.002,176.63232676218976,,0.323,post-control
50000.0,100.0,0.002,176.70250249789186,,0.323,post-control
50000.0,100.0,0.002,176.77267823359398,,0.323,post-control
50000.0,100.0,0.002,176.84285396929607,,0.323,post-control
50000.0,100.0,0.002,176.91302970499817,,0.323,post-control
50000.0,100.0,0.002,176.9832054407003,,0.323,post-control
50000.0,100.0,0.002,177.05338117640238,,0.323,post-control
50000.0,100.0,0.002,177.12355691210448,,0.323,post-control
50000.0,100.0,0.002,177.19373264780657,,0.323,post-control
50000.0,100.0,0.002,177.2639083835087,,0.323,post-control
50000.0,100.0,0.002,177.3340841192108,,0.323,post-control
50000.0,100.0,0.002,177.40425985491288,,0.323,post-control
50000.0,100.0,0.002,177.47443559061497,,0.323,post-control
50000.0,100.0,0.002,177.5446113263171,,0.323,post-control
50000.0,100.0,0.002,177.6147870620192,,0.323,post-control
50000.0,100.0,0.002,177.68496279772128,,0.323,post-control
50000.0,100.0,0.002,177.7551385334234,,0.323,post-control
50000.0,100.0,0.002,177.8253142691255,,0.323,post-control
50000.0,100.0,0.002,177.8954900048276,,0.323,post-control
50000.0,100.0,0.002,177.9656657405297,,0.323,post-control
50000.0,100.0,0.002,178.0358414762318,,0.323,post-control
50000.0,100.0,0.002,178.1060172119339,,0.323,post-control
50000.0,100.0,0.002,178.176192947636,,0.323,post-control
50000.0,100.0,0.002,178.2463686833381,,0.323,post-control
50000.0,100.0,0.002,178.3165444190402,,0.323,post-control
50000.0,100.0,0.002,178.3867201547423,,0.323,post-control
50000.0,100.0,0.002,178.4568958904444,,0.323,post-control
50000.0,100.0,0.002,178.52707162614652,,0.323,post-control
50000.0,100.0,0.002,178.59724736184862,,0.323,post-control
50000.0,100.0,0.002,178.6674230975507,,0.323,post-control
50000.0,100.0,0.002,178.7375988332528,,0.323,post-control
50000.0,100.0,0.002,178.80777456895493,,0.323,post-control
50000.0,100.0,0.002,178.87795030465702,,0.323,post-control
50000.0,100.0,0.002,178.9481260403591,,0.323,post-control
50000.0,100.0,0.002,179.01830177606124,,0.323,post-control
50000.0,100.0,0.002,179.08847751176333,,0.323,post-control
50000.0,100.0,0.002,179.15865324746542,,0.323,post-control
50000.0,100.0,0.002,179.22882898316752,,0.323,post-control
50000.0,100.0,0.002,179.29900471886964,,0.323,post-control
50000.0,100.0,0.002,179.36918045457173,,0.323,post-control
50000.0,100.0,0.002,179.43935619027383,,0.323,post-control
50000.0,100.0,0.002,179.50953192597592,,0.323,post-control
50000.0,100.0,0.002,179.57970766167804,,0.323,post-control
50000.0,100.0,0.002,179.64988339738014,,0.323,post-control
50000.0,100.0,0.002,179.72005913308223,,0.323,post-control
50000.0,100.0,0.002,179.79023486878435,,0.323,post-control
50000.0,100.0,0.002,179.86041060448645,,0.323,post-control
50000.0,100.0,0.002,179.93058634018854,,0.323,post-control
50000.0,100.0,0.002,180.00076207589063,,0.323,post-control
50000.0,100.0,0.002,180.07093781159276,,0.323,post-control
50000.0,100.0,0.002,180.14111354729485,,0.323,post-control
50000.0,100.0,0.002,180.21128928299694,,0.323,post-control
50000.0,100.0,0.002,180.28146501869904,,0.323,post-control
50000.0,100.0,0.002,180.35164075440116,,0.323,post-control
50000.0,100.0,0.002,180.42181649010325,,0.323,post-control
50000.0,100.0,0.002,180.49199222580535,,0.323,post-control
50000.0,100.0,0.002,180.56216796150747,,0.323,post-control
50000.0,100.0,0.002,180.63234369720956,,0.323,post-control
50000.0,100.0,0.002,180.70251943291166,,0.323,post-control
50000.0,100.0,0.002,180.77269516861375,,0.323,post-control
50000.0,100.0,0.002,180.84287090431587,,0.323,post-control
50000.0,100.0,0.002,180.91304664001797,,0.323,post-control
50000.0,100.0,0.002,180.98322237572006,,0.323,post-control
50000.0,100.0,0.002,181.05339811142218,,0.323,post-control
50000.0,100.0,0.002,181.12357384712428,,0.323,post-control
50000.0,100.0,0.002,181.19374958282637,,0.323,post-control
50000.0,100.0,0.002,181.26392531852846,,0.323,post-control
50000.0,100.0,0.002,181.3341010542306,,0.323,post-control
50000.0,100.0,0.002,181.40427678993268,,0.323,post-control
50000.0,100.0,0.002,181.47445252563477,,0.323,post-control
50000.0,100.0,0.002,181.54462826133687,,0.323,post-control
50000.0,100.0,0.002,181.614803997039,,0.323,post-control
50000.0,100.0,0.002,181.68497973274108,,0.323,post-control
50000.0,100.0,0.002,181.75515546844318,,0.323,post-control
50000.0,100.0,0.002,181.8253312041453,,0.323,post-control
50000.0,100.0,0.002,181.8955069398474,,0.323,post-control
50000.0,100.0,0.002,181.9656826755495,,0.323,post-control
50000.0,100.0,0.002,182.03585841125158,,0.323,post-control
50000.0,100.0,0.002,182.1060341469537,,0.323,post-control
50000.0,100.0,0.002,182.1762098826558,,0.323,post-control
50000.0,100.0,0.002,182.2463856183579,,0.323,post-control
50000.0,100.0,0.002,182.31656135405998,,0.323,post-control
50000.0,100.0,0.002,182.3867370897621,,0.323,post-control
50000.0,100.0,0.002,182.4569128254642,,0.323,post-control
50000.0,100.0,0.002,182.5270885611663,,0.323,post-control
50000.0,100.0,0.002,182.59726429686842,,0.323,post-control
50000.0,100.0,0.002,182.6674400325705,,0.323,post-control
50000.0,100.0,0.002,182.7376157682726,,0.323,post-control
50000.0,100.0,0.002,182.8077915039747,,0.323,post-control
50000.0,100.0,0.002,182.87796723967682,,0.323,post-control
50000.0,100.0,0.002,182.94814297537891,,0.323,post-control
50000.0,100.0,0.002,183.018318711081,,0.323,post-control
50000.0,100.0,0.002,183.0884944467831,,0.323,post-control
50000.0,100.0,0.002,183.15867018248522,,0.323,post-control
50000.0,100.0,0.002,183.22884591818732,,0.323,post-control
50000.0,100.0,0.002,183.2990216538894,,0.323,post-control
50000.0,100.0,0.002,183.36919738959153,,0.323,post-control
50000.0,100.0,0.002,183.43937312529363,,0.323,post-control
50000.0,100.0,0.002,183.50954886099572,,0.323,post-control
50000.0,100.0,0.002,183.57972459669782,,0.323,post-control
50000.0,100.0,0.002,183.64990033239994,,0.323,post-control
50000.0,100.0,0.002,183.72007606810203,,0.323,post-control
50000.0,100.0,0.002,183.79025180380413,,0.323,post-control
50000.0,100.0,0.002,183.86042753950625,,0.323,post-control
50000.0,100.0,0.002,183.93060327520834,,0.323,post-control
50000.0,100.0,0.002,184.00077901091043,,0.323,post-control
50000.0,100.0,0.002,184.07095474661253,,0.323,post-control
50000.0,100.0,0.002,184.14113048231465,,0.323,post-control
50000.0,100.0,0.002,184.21130621801674,,0.323,post-control
50000.0,100.0,0.002,184.28148195371884,,0.323,post-control
50000.0,100.0,0.002,184.35165768942093,,0.323,post-control
50000.0,100.0,0.002,184.42183342512305,,0.323,post-control
50000.0,100.0,0.002,184.49200916082515,,0.323,post-control
50000.0,100.0,0.002,184.56218489652724,,0.323,post-control
50000.0,100.0,0.002,184.63236063222936,,0.323,post-control
50000.0,100.0,0.002,184.70253636793146,,0.323,post-control
50000.0,100.0,0.002,184.77271210363355,,0.323,post-control
50000.0,100.0,0.002,184.84288783933565,,0.323,post-control
50000.0,100.0,0.002,184.91306357503777,,0.323,post-control
50000.0,100.0,0.002,184.98323931073986,,0.323,post-control
50000.0,100.0,0.002,185.05341504644196,,0.323,post-control
50000.0,100.0,0.002,185.12359078214405,,0.323,post-control
50000.0,100.0,0.002,185.19376651784617,,0.323,post-control
50000.0,100.0,0.002,185.26394225354827,,0.323,post-control
50000.0,100.0,0.002,185.33411798925036,,0.323,post-control
50000.0,100.0,0.002,185.40429372495248,,0.323,post-control
50000.0,100.0,0.002,185.47446946065457,,0.323,post-control
50000.0,100.0,0.002,185.54464519635667,,0.323,post-control
50000.0,100.0,0.002,185.61482093205876,,0.323,post-control
50000.0,100.0,0.002,185.68499666776088,,0.323,post-control
50000.0,100.0,0.002,185.75517240346298,,0.323,post-control
50000.0,100.0,0.002,185.82534813916507,,0.323,post-control
50000.0,100.0,0.002,185.8955238748672,,0.323,post-control
50000.0,100.0,0.002,185.9656996105693,,0.323,post-control
50000.0,100.0,0.002,186.03587534627138,,0.323,post-control
50000.0,100.0,0.002,186.10605108197348,,0.323,post-control
50000.0,100.0,0.002,186.1762268176756,,0.323,post-control
50000.0,100.0,0.002,186.2464025533777,,0.323,post-control
50000.0,100.0,0.002,186.31657828907979,,0.323,post-control
50000.0,100.0,0.002,186.38675402478188,,0.323,post-control
50000.0,100.0,0.002,186.456929760484,,0.323,post-control
50000.0,100.0,0.002,186.5271054961861,,0.323,post-control
50000.0,100.0,0.002,186.5972812318882,,0.323,post-control
50000.0,100.0,0.002,186.6674569675903,,0.323,post-control
50000.0,100.0,0.002,186.7376327032924,,0.323,post-control
50000.0,100.0,0.002,186.8078084389945,,0.323,post-control
50000.0,100.0,0.002,186.8779841746966,,0.323,post-control
50000.0,100.0,0.002,186.94815991039872,,0.323,post-control
50000.0,100.0,0.002,187.0183356461008,,0.323,post-control
50000.0,100.0,0.002,187.0885113818029,,0.323,post-control
50000.0,100.0,0.002,187.158687117505,,0.323,post-control
50000.0,100.0,0.002,187.22886285320712,,0.323,post-control
50000.0,100.0,0.002,187.2990385889092,,0.323,post-control
50000.0,100.0,0.002,187.3692143246113,,0.323,post-control
50000.0,100.0,0.002,187.43939006031343,,0.323,post-control
50000.0,100.0,0.002,187.50956579601552,,0.323,post-control
50000.0,100.0,0.002,187.57974153171762,,0.323,post-control
50000.0,100.0,0.002,187.6499172674197,,0.323,post-control
50000.0,100.0,0.002,187.72009300312183,,0.323,post-control
50000.0,100.0,0.002,187.79026873882393,,0.323,post-control
50000.0,100.0,0.002,187.86044447452602,,0.323,post-control
50000.0,100.0,0.002,187.9306202102281,,0.323,post-control
50000.0,100.0,0.002,188.00079594593024,,0.323,post-control
50000.0,100.0,0.002,188.07097168163233,,0.323,post-control
50000.0,100.0,0.002,188.14114741733442,,0.323,post-control
50000.0,100.0,0.002,188.21132315303655,,0.323,post-control
50000.0,100.0,0.002,188.28149888873864,,0.323,post-control
50000.0,100.0,0.002,188.35167462444073,,0.323,post-control
50000.0,100.0,0.002,188.42185036014283,,0.323,post-control
50000.0,100.0,0.002,188.49202609584495,,0.323,post-control
50000.0,100.0,0.002,188.56220183154704,,0.323,post-control
50000.0,100.0,0.002,188.63237756724914,,0.323,post-control
50000.0,100.0,0.002,188.70255330295126,,0.323,post-control
50000.0,100.0,0.002,188.77272903865335,,0.323,post-control
50000.0,100.0,0.002,188.84290477435545,,0.323,post-control
50000.0,100.0,0.002,188.91308051005754,,0.323,post-control
50000.0,100.0,0.002,188.98325624575966,,0.323,post-control
50000.0,100.0,0.002,189.05343198146176,,0.323,post-control
50000.0,100.0,0.002,189.12360771716385,,0.323,post-control
50000.0,100.0,0.002,189.19378345286594,,0.323,post-control
50000.0,100.0,0.002,189.26395918856807,,0.323,post-control
50000.0,100.0,0.002,189.33413492427016,,0.323,post-control
50000.0,100.0,0.002,189.40431065997225,,0.323,post-control
50000.0,100.0,0.002,189.47448639567438,,0.323,post-control
50000.0,100.0,0.002,189.54466213137647,,0.323,post-control
50000.0,100.0,0.002,189.61483786707856,,0.323,post-control
50000.0,100.0,0.002,189.68501360278066,,0.323,post-control
50000.0,100.0,0.002,189.75518933848278,,0.323,post-control
50000.0,100.0,0.002,189.82536507418487,,0.323,post-control
50000.0,100.0,0.002,189.89554080988697,,0.323,post-control
50000.0,100.0,0.002,189.96571654558906,,0.323,post-control
50000.0,100.0,0.002,190.03589228129118,,0.323,post-control
50000.0,100.0,0.002,190.10606801699328,,0.323,post-control
50000.0,100.0,0.002,190.17624375269537,,0.323,post-control
50000.0,100.0,0.002,190.2464194883975,,0.323,post-control
50000.0,100.0,0.002,190.3165952240996,,0.323,post-control
50000.0,100.0,0.002,190.38677095980168,,0.323,post-control
50000.0,100.0,0.002,190.45694669550377,,0.323,post-control
50000.0,100.0,0.002,190.5271224312059,,0.323,post-control
50000.0,100.0,0.002,190.597298166908,,0.323,post-control
50000.0,100.0,0.002,190.66747390261008,,0.323,post-control
50000.0,100.0,0.002,190.7376496383122,,0.323,post-control
50000.0,100.0,0.002,190.8078253740143,,0.323,post-control
50000.0,100.0,0.002,190.8780011097164,,0.323,post-control
50000.0,100.0,0.002,190.9481768454185,,0.323,post-control
50000.0,100.0,0.002,191.0183525811206,,0.323,post-control
50000.0,100.0,0.002,191.0885283168227,,0.323,post-control
50000.0,100.0,0.002,191.1587040525248,,0.323,post-control
50000.0,100.0,0.002,191.2288797882269,,0.323,post-control
50000.0,100.0,0.002,191.299055523929,,0.323,post-control
50000.0,100.0,0.002,191.3692312596311,,0.323,post-control
50000.0,100.0,0.002,191.4394069953332,,0.323,post-control
50000.0,100.0,0.002,191.50958273103532,,0.323,post-control
50000.0,100.0,0.002,191.57975846673742,,0.323,post-control
50000.0,100.0,0.002,191.6499342024395,,0.323,post-control
50000.0,100.0,0.002,191.7201099381416,,0.323,post-control
50000.0,100.0,0.002,191.79028567384373,,0.323,post-control
50000.0,100.0,0.002,191.86046140954582,,0.323,post-control
50000.0,100.0,0.002,191.9306371452479,,0.323,post-control
50000.0,100.0,0.002,192.00081288095,,0.323,post-control
50000.0,100.0,0.002,192.07098861665213,,0.323,post-control
50000.0,100.0,0.002,192.14116435235422,,0.323,post-control
50000.0,100.0,0.002,192.21134008805632,,0.323,post-control
50000.0,100.0,0.002,192.28151582375844,,0.323,post-control
50000.0,100.0,0.002,192.35169155946053,,0.323,post-control
50000.0,100.0,0.002,192.42186729516263,,0.323,post-control
50000.0,100.0,0.002,192.49204303086472,,0.323,post-control
50000.0,100.0,0.002,192.56221876656684,,0.323,post-control
50000.0,100.0,0.002,192.63239450226894,,0.323,post-control
50000.0,100.0,0.002,192.70257023797103,,0.323,post-control
50000.0,100.0,0.002,192.77274597367312,,0.323,post-control
50000.0,100.0,0.002,192.84292170937525,,0.323,post-control
50000.0,100.0,0.002,192.91309744507734,,0.323,post-control
50000.0,100.0,0.002,192.98327318077943,,0.323,post-control
50000.0,100.0,0.002,193.05344891648156,,0.323,post-control
50000.0,100.0,0.002,193.12362465218365,,0.323,post-control
50000.0,100.0,0.002,193.19380038788574,,0.323,post-control
50000.0,100.0,0.002,193.26397612358784,,0.323,post-control
50000.0,100.0,0.002,193.33415185928996,,0.323,post-control
50000.0,100.0,0.002,193.40432759499205,,0.323,post-control
50000.0,100.0,0.002,193.47450333069415,,0.323,post-control
50000.0,100.0,0.002,193.54467906639627,,0.323,post-control
50000.0,100.0,0.002,193.61485480209836,,0.323,post-control
50000.0,100.0,0.002,193.68503053780046,,0.323,post-control
50000.0,100.0,0.002,193.75520627350255,,0.323,post-control
50000.0,100.0,0.002,193.82538200920467,,0.323,post-control
50000.0,100.0,0.002,193.89555774490677,,0.323,post-control
50000.0,100.0,0.002,193.96573348060886,,0.323,post-control
50000.0,100.0,0.002,194.03590921631096,,0.323,post-control
50000.0,100.0,0.002,194.10608495201308,,0.323,post-control
50000.0,100.0,0.002,194.17626068771517,,0.323,post-control
50000.0,100.0,0.002,194.24643642341726,,0.323,post-control
50000.0,100.0,0.002,194.3166121591194,,0.323,post-control
50000.0,100.0,0.002,194.38678789482148,,0.323,post-control
50000.0,100.0,0.002,194.45696363052357,,0.323,post-control
50000.0,100.0,0.002,194.52713936622567,,0.323,post-control
50000.0,100.0,0.002,194.5973151019278,,0.323,post-control
50000.0,100.0,0.002,194.66749083762988,,0.323,post-control
50000.0,100.0,0.002,194.73766657333198,,0.323,post-control
50000.0,100.0,0.002,194.80784230903407,,0.323,post-control
50000.0,100.0,0.002,194.8780180447362,,0.323,post-control
50000.0,100.0,0.002,194.9481937804383,,0.323,post-control
50000.0,100.0,0.002,195.01836951614038,,0.323,post-control
50000.0,100.0,0.002,195.0885452518425,,0.323,post-control
50000.0,100.0,0.002,195.1587209875446,,0.323,post-control
50000.0,100.0,0.002,195.2288967232467,,0.323,post-control
50000.0,100.0,0.002,195.29907245894879,,0.323,post-control
50000.0,100.0,0.002,195.3692481946509,,0.323,post-control
50000.0,100.0,0.002,195.439423930353,,0.323,post-control
50000.0,100.0,0.002,195.5095996660551,,0.323,post-control
50000.0,100.0,0.002,195.57977540175722,,0.323,post-control
50000.0,100.0,0.002,195.6499511374593,,0.323,post-control
50000.0,100.0,0.002,195.7201268731614,,0.323,post-control
50000.0,100.0,0.002,195.7903026088635,,0.323,post-control
50000.0,100.0,0.002,195.86047834456562,,0.323,post-control
50000.0,100.0,0.002,195.93065408026771,,0.323,post-control
50000.0,100.0,0.002,196.0008298159698,,0.323,post-control
50000.0,100.0,0.002,196.0710055516719,,0.323,post-control
50000.0,100.0,0.002,196.14118128737402,,0.323,post-control
50000.0,100.0,0.002,196.21135702307612,,0.323,post-control
50000.0,100.0,0.002,196.2815327587782,,0.323,post-control
50000.0,100.0,0.002,196.35170849448033,,0.323,post-control
50000.0,100.0,0.002,196.42188423018243,,0.323,post-control
50000.0,100.0,0.002,196.49205996588452,,0.323,post-control
50000.0,100.0,0.002,196.56223570158662,,0.323,post-control
50000.0,100.0,0.002,196.63241143728874,,0.323,post-control
50000.0,100.0,0.002,196.70258717299083,,0.323,post-control
50000.0,100.0,0.002,196.77276290869293,,0.323,post-control
50000.0,100.0,0.002,196.84293864439502,,0.323,post-control
50000.0,100.0,0.002,196.91311438009714,,0.323,post-control
50000.0,100.0,0.002,196.98329011579924,,0.323,post-control
50000.0,100.0,0.002,197.05346585150133,,0.323,post-control
50000.0,100.0,0.002,197.12364158720345,,0.323,post-control
50000.0,100.0,0.002,197.19381732290555,,0.323,post-control
50000.0,100.0,0.002,197.26399305860764,,0.323,post-control
50000.0,100.0,0.002,197.33416879430973,,0.323,post-control
50000.0,100.0,0.002,197.40434453001185,,0.323,post-control
50000.0,100.0,0.002,197.47452026571395,,0.323,post-control
50000.0,100.0,0.002,197.54469600141604,,0.323,post-control
50000.0,100.0,0.002,197.61487173711816,,0.323,post-control
50000.0,100.0,0.002,197.68504747282026,,0.323,post-control
50000.0,100.0,0.002,197.75522320852235,,0.323,post-control
50000.0,100.0,0.002,197.82539894422445,,0.323,post-control
50000.0,100.0,0.002,197.89557467992657,,0.323,post-control
50000.0,100.0,0.002,197.96575041562866,,0.323,post-control
50000.0,100.0,0.002,198.03592615133076,,0.323,post-control
50000.0,100.0,0.002,198.10610188703285,,0.323,post-control
50000.0,100.0,0.002,198.17627762273497,,0.323,post-control
50000.0,100.0,0.002,198.24645335843707,,0.323,post-control
50000.0,100.0,0.002,198.31662909413916,,0.323,post-control
50000.0,100.0,0.002,198.38680482984128,,0.323,post-control
50000.0,100.0,0.002,198.45698056554338,,0.323,post-control
50000.0,100.0,0.002,198.52715630124547,,0.323,post-control
50000.0,100.0,0.002,198.59733203694756,,0.323,post-control
50000.0,100.0,0.002,198.66750777264969,,0.323,post-control
50000.0,100.0,0.002,198.73768350835178,,0.323,post-control
50000.0,100.0,0.002,198.80785924405387,,0.323,post-control
50000.0,100.0,0.002,198.87803497975597,,0.323,post-control
50000.0,100.0,0.002,198.9482107154581,,0.323,post-control
50000.0,100.0,0.002,199.01838645116018,,0.323,post-control
50000.0,100.0,0.002,199.08856218686228,,0.323,post-control
50000.0,100.0,0.002,199.1587379225644,,0.323,post-control
50000.0,100.0,0.002,199.2289136582665,,0.323,post-control
50000.0,100.0,0.002,199.2990893939686,,0.323,post-control
50000.0,100.0,0.002,199.36926512967068,,0.323,post-control
50000.0,100.0,0.002,199.4394408653728,,0.323,post-control
50000.0,100.0,0.002,199.5096166010749,,0.323,post-control
50000.0,100.0,0.002,199.579792336777,,0.323,post-control
50000.0,100.0,0.002,199.64996807247908,,0.323,post-control
50000.0,100.0,0.002,199.7201438081812,,0.323,post-control
50000.0,100.0,0.002,199.7903195438833,,0.323,post-control
50000.0,100.0,0.002,199.8604952795854,,0.323,post-control
50000.0,100.0,0.002,199.93067101528752,,0.323,post-control
50000.0,100.0,0.002,200.0008467509896,,0.323,post-control
50000.0,100.0,0.002,200.0710224866917,,0.323,post-control
50000.0,100.0,0.002,200.1411982223938,,0.323,post-control
50000.0,100.0,0.002,200.21137395809592,,0.323,post-control
50000.0,100.0,0.002,200.281549693798,,0.323,post-control
50000.0,100.0,0.002,200.3517254295001,,0.323,post-control
50000.0,100.0,0.002,200.42190116520223,,0.323,post-control
50000.0,100.0,0.002,200.49207690090432,,0.323,post-control
50000.0,100.0,0.002,200.56225263660642,,0.323,post-control
50000.0,100.0,0.002,200.6324283723085,,0.323,post-control
50000.0,100.0,0.002,200.70260410801063,,0.323,post-control
50000.0,100.0,0.002,200.77277984371273,,0.323,post-control
50000.0,100.0,0.002,200.84295557941482,,0.323,post-control
50000.0,100.0,0.002,200.9131313151169,,0.323,post-control
50000.0,100.0,0.002,200.98330705081904,,0.323,post-control
50000.0,100.0,0.002,201.05348278652113,,0.323,post-control
50000.0,100.0,0.002,201.12365852222322,,0.323,post-control
50000.0,100.0,0.002,201.19383425792535,,0.323,post-control
50000.0,100.0,0.002,201.26400999362744,,0.323,post-control
50000.0,100.0,0.002,201.33418572932953,,0.323,post-control
50000.0,100.0,0.002,201.40436146503163,,0.323,post-control
50000.0,100.0,0.002,201.47453720073375,,0.323,post-control
50000.0,100.0,0.002,201.54471293643584,,0.323,post-control
50000.0,100.0,0.002,201.61488867213794,,0.323,post-control
50000.0,100.0,0.002,201.68506440784003,,0.323,post-control
50000.0,100.0,0.002,201.75524014354215,,0.323,post-control
50000.0,100.0,0.002,201.82541587924425,,0.323,post-control
50000.0,100.0,0.002,201.89559161494634,,0.323,post-control
50000.0,100.0,0.002,201.96576735064846,,0.323,post-control
50000.0,100.0,0.002,202.03594308635056,,0.323,post-control
50000.0,100.0,0.002,202.10611882205265,,0.323,post-control
50000.0,100.0,0.002,202.17629455775474,,0.323,post-control
50000.0,100.0,0.002,202.24647029345687,,0.323,post-control
50000.0,100.0,0.002,202.31664602915896,,0.323,post-control
50000.0,100.0,0.002,202.38682176486105,,0.323,post-control
50000.0,100.0,0.002,202.45699750056318,,0.323,post-control
50000.0,100.0,0.002,202.52717323626527,,0.323,post-control
50000.0,100.0,0.002,202.59734897196736,,0.323,post-control
50000.0,100.0,0.002,202.66752470766946,,0.323,post-control
50000.0,100.0,0.002,202.73770044337158,,0.323,post-control
50000.0,100.0,0.002,202.80787617907367,,0.323,post-control
50000.0,100.0,0.002,202.87805191477577,,0.323,post-control
50000.0,100.0,0.002,202.94822765047786,,0.323,post-control
50000.0,100.0,0.002,203.01840338617998,,0.323,post-control
50000.0,100.0,0.002,203.08857912188208,,0.323,post-control
50000.0,100.0,0.002,203.15875485758417,,0.323,post-control
50000.0,100.0,0.002,203.2289305932863,,0.323,post-control
50000.0,100.0,0.002,203.2991063289884,,0.323,post-control
50000.0,100.0,0.002,203.36928206469048,,0.323,post-control
50000.0,100.0,0.002,203.43945780039257,,0.323,post-control
50000.0,100.0,0.002,203.5096335360947,,0.323,post-control
50000.0,100.0,0.002,203.5798092717968,,0.323,post-control
50000.0,100.0,0.002,203.64998500749888,,0.323,post-control
50000.0,100.0,0.002,203.72016074320098,,0.323,post-control
50000.0,100.0,0.002,203.7903364789031,,0.323,post-control
50000.0,100.0,0.002,203.8605122146052,,0.323,post-control
50000.0,100.0,0.002,203.9306879503073,,0.323,post-control
50000.0,100.0,0.002,204.0008636860094,,0.323,post-control
50000.0,100.0,0.002,204.0710394217115,,0.323,post-control
50000.0,100.0,0.002,204.1412151574136,,0.323,post-control
50000.0,100.0,0.002,204.2113908931157,,0.323,post-control
50000.0,100.0,0.002,204.2815666288178,,0.323,post-control
50000.0,100.0,0.002,204.3517423645199,,0.323,post-control
50000.0,100.0,0.002,204.421918100222,,0.323,post-control
50000.0,100.0,0.002,204.4920938359241,,0.323,post-control
50000.0,100.0,0.002,204.56226957162622,,0.323,post-control
50000.0,100.0,0.002,204.6324453073283,,0.323,post-control
50000.0,100.0,0.002,204.7026210430304,,0.323,post-control
50000.0,100.0,0.002,204.77279677873253,,0.323,post-control
50000.0,100.0,0.002,204.84297251443462,,0.323,post-control
50000.0,100.0,0.002,204.91314825013671,,0.323,post-control
50000.0,100.0,0.002,204.9833239858388,,0.323,post-control
50000.0,100.0,0.002,205.05349972154093,,0.323,post-control
50000.0,100.0,0.002,205.12367545724302,,0.323,post-control
50000.0,100.0,0.002,205.19385119294512,,0.323,post-control
50000.0,100.0,0.002,205.26402692864724,,0.323,post-control
50000.0,100.0,0.002,205.33420266434933,,0.323,post-control
50000.0,100.0,0.002,205.40437840005143,,0.323,post-control
50000.0,100.0,0.002,205.47455413575352,,0.323,post-control
50000.0,100.0,0.002,205.54472987145564,,0.323,post-control
50000.0,100.0,0.002,205.61490560715774,,0.323,post-control
50000.0,100.0,0.002,205.68508134285983,,0.323,post-control
50000.0,100.0,0.002,205.75525707856193,,0.323,post-control
50000.0,100.0,0.002,205.82543281426405,,0.323,post-control
50000.0,100.0,0.002,205.89560854996614,,0.323,post-control
50000.0,100.0,0.002,205.96578428566824,,0.323,post-control
50000.0,100.0,0.002,206.03596002137036,,0.323,post-control
50000.0,100.0,0.002,206.10613575707245,,0.323,post-control
50000.0,100.0,0.002,206.17631149277454,,0.323,post-control
50000.0,100.0,0.002,206.24648722847664,,0.323,post-control
50000.0,100.0,0.002,206.31666296417876,,0.323,post-control
50000.0,100.0,0.002,206.38683869988085,,0.323,post-control
50000.0,100.0,0.002,206.45701443558295,,0.323,post-control
50000.0,100.0,0.002,206.52719017128504,,0.323,post-control
50000.0,100.0,0.002,206.59736590698716,,0.323,post-control
50000.0,100.0,0.002,206.66754164268926,,0.323,post-control
50000.0,100.0,0.002,206.73771737839135,,0.323,post-control
50000.0,100.0,0.002,206.80789311409347,,0.323,post-control
50000.0,100.0,0.002,206.87806884979557,,0.323,post-control
50000.0,100.0,0.002,206.94824458549766,,0.323,post-control
50000.0,100.0,0.002,207.01842032119976,,0.323,post-control
50000.0,100.0,0.002,207.08859605690188,,0.323,post-control
50000.0,100.0,0.002,207.15877179260397,,0.323,post-control
50000.0,100.0,0.002,207.22894752830607,,0.323,post-control
50000.0,100.0,0.002,207.2991232640082,,0.323,post-control
50000.0,100.0,0.002,207.36929899971028,,0.323,post-control
50000.0,100.0,0.002,207.43947473541238,,0.323,post-control
50000.0,100.0,0.002,207.50965047111447,,0.323,post-control
50000.0,100.0,0.002,207.5798262068166,,0.323,post-control
50000.0,100.0,0.002,207.65000194251868,,0.323,post-control
50000.0,100.0,0.002,207.72017767822078,,0.323,post-control
50000.0,100.0,0.002,207.79035341392287,,0.323,post-control
50000.0,100.0,0.002,207.860529149625,,0.323,post-control
50000.0,100.0,0.002,207.9307048853271,,0.323,post-control
50000.0,100.0,0.002,208.00088062102918,,0.323,post-control
50000.0,100.0,0.002,208.0710563567313,,0.323,post-control
50000.0,100.0,0.002,208.1412320924334,,0.323,post-control
50000.0,100.0,0.002,208.2114078281355,,0.323,post-control
50000.0,100.0,0.002,208.2815835638376,,0.323,post-control
50000.0,100.0,0.002,208.3517592995397,,0.323,post-control
50000.0,100.0,0.002,208.4219350352418,,0.323,post-control
50000.0,100.0,0.002,208.4921107709439,,0.323,post-control
50000.0,100.0,0.002,208.562286506646,,0.323,post-control
50000.0,100.0,0.002,208.6324622423481,,0.323,post-control
50000.0,100.0,0.002,208.7026379780502,,0.323,post-control
50000.0,100.0,0.002,208.7728137137523,,0.323,post-control
50000.0,100.0,0.002,208.84298944945442,,0.323,post-control
50000.0,100.0,0.002,208.91316518515652,,0.323,post-control
50000.0,100.0,0.002,208.9833409208586,,0.323,post-control
50000.0,100.0,0.002,209.0535166565607,,0.323,post-control
50000.0,100.0,0.002,209.12369239226283,,0.323,post-control
50000.0,100.0,0.002,209.19386812796492,,0.323,post-control
50000.0,100.0,0.002,209.264043863667,,0.323,post-control
50000.0,100.0,0.002,209.3342195993691,,0.323,post-control
50000.0,100.0,0.002,209.40439533507123,,0.323,post-control
50000.0,100.0,0.002,209.47457107077332,,0.323,post-control
50000.0,100.0,0.002,209.54474680647542,,0.323,post-control
50000.0,100.0,0.002,209.61492254217754,,0.323,post-control
50000.0,100.0,0.002,209.68509827787963,,0.323,post-control
50000.0,100.0,0.002,209.75527401358173,,0.323,post-control
50000.0,100.0,0.002,209.82544974928382,,0.323,post-control
50000.0,100.0,0.002,209.89562548498594,,0.323,post-control
50000.0,100.0,0.002,209.96580122068804,,0.323,post-control
50000.0,100.0,0.002,210.03597695639013,,0.323,post-control
50000.0,100.0,0.002,210.10615269209225,,0.323,post-control
50000.0,100.0,0.002,210.17632842779435,,0.323,post-control
50000.0,100.0,0.002,210.24650416349644,,0.323,post-control
50000.0,100.0,0.002,210.31667989919853,,0.323,post-control
50000.0,100.0,0.002,210.38685563490066,,0.323,post-control
50000.0,100.0,0.002,210.45703137060275,,0.323,post-control
60000.0,100.0,0.0016666666666666668,0.0,0.0012495375783158943,0.323,pre-control
60000.0,100.0,0.0016666666666666668,0.024947978209982475,0.001281475573840319,0.323,pre-control
60000.0,100.0,0.0016666666666666668,0.04989595641996495,0.0013142299212121425,0.323,pre-control
60000.0,100.0,0.0016666666666666668,0.07017573570210162,0.001341535878015693,0.323,pre-control
60000.0,100.0,0.0016666666666666668,0.07484393462994743,0.0013478214315466636,0.323,pre-control
60000.0,100.0,0.0016666666666666668,0.0997919128399299,0.0013822714896051342,0.323,pre-control
60000.0,100.0,0.0016666666666666668,0.12473989104991237,0.0014176020537947603,0.323,pre-control
60000.0,100.0,0.0016666666666666668,0.14035147140420323,0.0014402757867211366,0.323,pre-control
60000.0,100.0,0.0016666666666666668,0.14968786925989486,0.0014538356561687009,0.323,pre-control
60000.0,100.0,0.0016666666666666668,0.17463584746987731,0.001490995402426068,0.323,pre-control
60000.0,100.0,0.0016666666666666668,0.1995838256798598,0.0015291049719119273,0.323,pre-control
60000.0,100.0,0.0016666666666666668,0.21052720710630485,0.0015462512855758549,0.323,pre-control
60000.0,100.0,0.0016666666666666668,0.22453180388984229,0.0015681939740219589,0.323,pre-control
60000.0,100.0,0.0016666666666666668,0.24947978209982474,0.0016083598631164923,0.323,pre-control
60000.0,100.0,0.0016666666666666668,0.2744277603098072,0.0016496361296977295,0.323,pre-control
60000.0,100.0,0.0016666666666666668,0.28070294280840646,0.0016602996308092777,0.323,pre-control
60000.0,100.0,0.0016666666666666668,0.2993757385197897,0.0016920305610042949,0.323,pre-control
60000.0,100.0,0.0016666666666666668,0.32432371672977217,0.0017355527445280575,0.323,pre-control
60000.0,100.0,0.0016666666666666668,0.34927169493975463,0.0017802140680141306,0.323,pre-control
60000.0,100.0,0.0016666666666666668,0.3508786785105081,0.001783165080099017,0.323,pre-control
60000.0,100.0,0.0016666666666666668,0.37421967314973714,0.0018260277194608726,0.323,pre-control
60000.0,100.0,0.0016666666666666668,0.3991676513597196,0.0018730086871198857,0.323,pre-control
60000.0,100.0,0.0016666666666666668,0.4210544142126097,0.0019152637150831081,0.323,pre-control
60000.0,100.0,0.0016666666666666668,0.42411562956970206,0.001921173759496017,0.323,pre-control
60000.0,100.0,0.0016666666666666668,0.44906360777968457,0.0019705415253473578,0.323,pre-control
60000.0,100.0,0.0016666666666666668,0.47401158598966703,0.0020211323736852443,0.323,pre-control
60000.0,100.0,0.0016666666666666668,0.4912301499147113,0.002056908561233051,0.323,pre-control
60000.0,100.0,0.0016666666666666668,0.4989595641996495,0.0020729684937742564,0.323,pre-control
60000.0,100.0,0.0016666666666666668,0.523907542409632,0.0021260738751322198,0.323,pre-control
60000.0,100.0,0.0016666666666666668,0.5488555206196144,0.002180474307530203,0.323,pre-control
60000.0,100.0,0.0016666666666666668,0.5614058856168129,0.002208506435217326,0.323,pre-control
60000.0,100.0,0.0016666666666666668,0.5738034988295969,0.0022361973809925206,0.323,pre-control
60000.0,100.0,0.0016666666666666668,0.5987514770395794,0.0022932724857967312,0.323,pre-control
60000.0,100.0,0.0016666666666666668,0.6236994552495618,0.0023517308124736368,0.323,pre-control
60000.0,100.0,0.0016666666666666668,0.6315816213189145,0.0023706478188290844,0.323,pre-control
60000.0,100.0,0.0016666666666666668,0.6486474334595443,0.002411605351807286,0.323,pre-control
60000.0,100.0,0.0016666666666666668,0.6735954116695269,0.0024729308948349695,0.323,pre-control
60000.0,100.0,0.0016666666666666668,0.6985433898795093,0.0025357440328472244,0.323,pre-control
60000.0,100.0,0.0016666666666666668,0.7017573570210162,0.002544032633648715,0.323,pre-control
60000.0,100.0,0.0016666666666666668,0.7234913680894918,0.002600083157387831,0.323,pre-control
60000.0,100.0,0.0016666666666666668,0.7484393462994743,0.0026659884602538153,0.323,pre-control
60000.0,100.0,0.0016666666666666668,0.7719330927231178,0.0027295665348844745,0.323,pre-control
60000.0,100.0,0.0016666666666666668,0.7733873245094567,0.002733501933495446,0.323,pre-control
60000.0,100.0,0.0016666666666666668,0.7983353027194392,0.0028026673694162394,0.323,pre-control
60000.0,100.0,0.0016666666666666668,0.8232832809294217,0.0028735303605729526,0.323,pre-control
60000.0,100.0,0.0016666666666666668,0.8421088284252194,0.002928319738554865,0.323,pre-control
60000.0,100.0,0.0016666666666666668,0.8482312591394041,0.00294613829977559,0.323,pre-control
60000.0,100.0,0.0016666666666666668,0.8731792373493866,0.003020540380087398,0.323,pre-control
60000.0,100.0,0.0016666666666666668,0.8981272155593691,0.003096787594824871,0.323,pre-control
60000.0,100.0,0.0016666666666666668,0.912284564127321,0.0031411329928867845,0.323,pre-control
60000.0,100.0,0.0016666666666666668,0.9230751937693515,0.0031749327375577433,0.323,pre-control
60000.0,100.0,0.0016666666666666668,0.9480231719793341,0.003255030402108998,0.323,pre-control
60000.0,100.0,0.0016666666666666668,0.9729711501893166,0.003337136982554861,0.323,pre-control
60000.0,100.0,0.0016666666666666668,0.9824602998294226,0.0033691530737909622,0.323,pre-control
60000.0,100.0,0.0016666666666666668,0.997919128399299,0.0034213106732248013,0.323,pre-control
60000.0,100.0,0.0016666666666666668,1.0228671066092814,0.003507611468701534,0.323,pre-control
60000.0,100.0,0.0016666666666666668,1.047815084819264,0.0035961011638210192,0.323,pre-control
60000.0,100.0,0.0016666666666666668,1.0526360355315243,0.003613636196965361,0.323,pre-control
60000.0,100.0,0.0016666666666666668,1.0727630630292464,0.0036868433536724594,0.323,pre-control
60000.0,100.0,0.0016666666666666668,1.0977110412392288,0.0037799034335983042,0.323,pre-control
60000.0,100.0,0.0016666666666666668,1.1226590194492114,0.003875348599194246,0.323,pre-control
60000.0,100.0,0.0016666666666666668,1.1228117712336259,0.0038759480178951833,0.323,pre-control
60000.0,100.0,0.0016666666666666668,1.1476069976591938,0.003973247846309221,0.323,pre-control
60000.0,100.0,0.0016666666666666668,1.1725549758691762,0.004073671971045412,0.323,pre-control
60000.0,100.0,0.0016666666666666668,1.1929875069357274,0.0041580472257657895,0.323,pre-control
60000.0,100.0,0.0016666666666666668,1.1975029540791589,0.0041766935697582445,0.323,pre-control
60000.0,100.0,0.0016666666666666668,1.2224509322891413,0.004282387039056389,0.323,pre-control
60000.0,100.0,0.0016666666666666668,1.2473989104991237,0.00439082857580176,0.323,pre-control
60000.0,100.0,0.0016666666666666668,1.263163242637829,0.004461137256069514,0.323,pre-control
60000.0,100.0,0.0016666666666666668,1.2723468887091063,0.00450209617710952,0.323,pre-control
60000.0,100.0,0.0016666666666666668,1.2972948669190887,0.0046162696403480715,0.323,pre-control
60000.0,100.0,0.0016666666666666668,1.322242845129071,0.004733430563139062,0.323,pre-control
60000.0,100.0,0.0016666666666666668,1.3333389783399308,0.004786906152954493,0.323,pre-control
60000.0,100.0,0.0016666666666666668,1.3471908233390537,0.004853662343357388,0.323,pre-control
60000.0,100.0,0.0016666666666666668,1.3721388015490361,0.004977050179131182,0.323,pre-control
60000.0,100.0,0.0016666666666666668,1.3970867797590185,0.00510368106884183,0.323,pre-control
60000.0,100.0,0.0016666666666666668,1.4035147140420323,0.005137166426236263,0.323,pre-control
60000.0,100.0,0.0016666666666666668,1.4220347579690011,0.005233643811123958,0.323,pre-control
60000.0,100.0,0.0016666666666666668,1.4469827361789835,0.005367029004865437,0.323,pre-control
60000.0,100.0,0.0016666666666666668,1.471930714388966,0.005503929049207381,0.323,pre-control
60000.0,100.0,0.0016666666666666668,1.4736904497441339,0.005513840025517602,0.323,pre-control
60000.0,100.0,0.0016666666666666668,1.4968786925989486,0.005644438143544154,0.323,pre-control
60000.0,100.0,0.0016666666666666668,1.521826670808931,0.005788652287523356,0.323,pre-control
60000.0,100.0,0.0016666666666666668,1.5438661854462357,0.005919413292196803,0.323,pre-control
60000.0,100.0,0.0016666666666666668,1.5467746490189134,0.005936669281045838,0.323,pre-control
60000.0,100.0,0.0016666666666666668,1.571722627228896,0.006088588724265695,0.323,pre-control
60000.0,100.0,0.0016666666666666668,1.5966706054388784,0.0062445120175902615,0.323,pre-control
60000.0,100.0,0.0016666666666666668,1.6140419211483372,0.0063559413930242194,0.323,pre-control
60000.0,100.0,0.0016666666666666668,1.6216185836488608,0.006404542361680124,0.323,pre-control
60000.0,100.0,0.0016666666666666668,1.6465665618588434,0.006568784757449108,0.323,pre-control
60000.0,100.0,0.0016666666666666668,1.6715145400688258,0.0067373460060642845,0.323,pre-control
60000.0,100.0,0.0016666666666666668,1.6842176568504388,0.006825429123506101,0.323,pre-control
60000.0,100.0,0.0016666666666666668,1.6964625182788082,0.006910334708945967,0.323,pre-control
60000.0,100.0,0.0016666666666666668,1.7214104964887909,0.007087861267767724,0.323,pre-control
60000.0,100.0,0.0016666666666666668,1.7463584746987733,0.007270037884456352,0.323,pre-control
60000.0,100.0,0.0016666666666666668,1.7543933925525403,0.007330245287575567,0.323,pre-control
60000.0,100.0,0.0016666666666666668,1.7713064529087557,0.007456978561191905,0.323,pre-control
60000.0,100.0,0.0016666666666666668,1.7962544311187383,0.007648799100407675,0.323,pre-control
60000.0,100.0,0.0016666666666666668,1.8212024093287207,0.007845617104790202,0.323,pre-control
60000.0,100.0,0.0016666666666666668,1.824569128254642,0.00787286812895297,0.323,pre-control
60000.0,100.0,0.0016666666666666668,1.846150387538703,0.008047551977279266,0.323,pre-control
60000.0,100.0,0.0016666666666666668,1.8710983657486857,0.008254724921067902,0.323,pre-control
60000.0,100.0,0.0016666666666666668,1.8947448639567437,0.008456171517105725,0.323,pre-control
60000.0,100.0,0.0016666666666666668,1.8960463439586681,0.008467258939602373,0.323,pre-control
60000.0,100.0,0.0016666666666666668,1.9209943221686505,0.0086852788365822,0.323,pre-control
60000.0,100.0,0.0016666666666666668,1.9459423003786331,0.008908911215960142,0.323,pre-control
60000.0,100.0,0.0016666666666666668,1.9649205996588452,0.009083398881936438,0.323,pre-control
60000.0,100.0,0.0016666666666666668,1.9708902785886155,0.009138284481942207,0.323,pre-control
60000.0,100.0,0.0016666666666666668,1.995838256798598,0.00937352883898764,0.323,pre-control
60000.0,100.0,0.0016666666666666668,2.0207862350085803,0.009614776291808944,0.323,pre-control
60000.0,100.0,0.0016666666666666668,2.035096335360947,0.009756675362559052,0.323,pre-control
60000.0,100.0,0.0016666666666666668,2.0457342132185627,0.009862160645371848,0.323,pre-control
60000.0,100.0,0.0016666666666666668,2.0706821914285456,0.010115817504895349,0.323,pre-control
60000.0,100.0,0.0016666666666666668,2.095630169638528,0.010375884275851658,0.323,pre-control
60000.0,100.0,0.0016666666666666668,2.1052720710630486,0.010478926057024265,0.323,pre-control
60000.0,100.0,0.0016666666666666668,2.1205781478485104,0.010642500163966256,0.323,pre-control
60000.0,100.0,0.0016666666666666668,2.145526126058493,0.010915806175217861,0.323,pre-control
60000.0,100.0,0.0016666666666666668,2.170474104268475,0.011195945115838431,0.323,pre-control
60000.0,100.0,0.0016666666666666668,2.17544780676515,0.011253185503169998,0.323,pre-control
60000.0,100.0,0.0016666666666666668,2.1954220824784576,0.011483061592313172,0.323,pre-control
60000.0,100.0,0.0016666666666666668,2.2203700606884405,0.01177730201138055,0.323,pre-control
60000.0,100.0,0.0016666666666666668,2.245318038898423,0.01207881458003223,0.323,pre-control
60000.0,100.0,0.0016666666666666668,2.2456235424672517,0.012082597678621432,0.323,pre-control
60000.0,100.0,0.0016666666666666668,2.2702660171084053,0.01238774930551317,0.323,pre-control
60000.0,100.0,0.0016666666666666668,2.2952139953183877,0.01270449349153417,0.323,pre-control
60000.0,100.0,0.0016666666666666668,2.3157992781693535,0.012972739633277197,0.323,pre-control
60000.0,100.0,0.0016666666666666668,2.32016197352837,0.013029589772579581,0.323,pre-control
60000.0,100.0,0.0016666666666666668,2.3451099517383525,0.013363181683650261,0.323,pre-control
60000.0,100.0,0.0016666666666666668,2.3700579299483353,0.013705416904460754,0.323,pre-control
60000.0,100.0,0.0016666666666666668,2.385975013871455,0.013929382584554617,0.323,pre-control
60000.0,100.0,0.0016666666666666668,2.3950059081583177,0.014056454251110021,0.323,pre-control
60000.0,100.0,0.0016666666666666668,2.4199538863683,0.014416463676081473,0.323,pre-control
60000.0,100.0,0.0016666666666666668,2.4449018645782825,0.01478562626824295,0.323,pre-control
60000.0,100.0,0.0016666666666666668,2.4561507495735566,0.014956293115582798,0.323,pre-control
60000.0,100.0,0.0016666666666666668,2.469849842788265,0.01516413425284673,0.323,pre-control
60000.0,100.0,0.0016666666666666668,2.4947978209982473,0.015552190991529526,0.323,pre-control
60000.0,100.0,0.0016666666666666668,2.51974579920823,0.015950010982312492,0.323,pre-control
60000.0,100.0,0.0016666666666666668,2.526326485275658,0.01605758131023082,0.323,pre-control
60000.0,100.0,0.0016666666666666668,2.5446937774182126,0.016357819859601195,0.323,pre-control
60000.0,100.0,0.0016666666666666668,2.569641755628195,0.016775854394185656,0.323,pre-control
60000.0,100.0,0.0016666666666666668,2.5945897338381774,0.017204362493240328,0.323,pre-control
60000.0,100.0,0.0016666666666666668,2.5965022209777597,0.01723803424797766,0.323,pre-control
60000.0,100.0,0.0016666666666666668,2.6195377120481598,0.0176436032003241,0.323,pre-control
60000.0,100.0,0.0016666666666666668,2.644485690258142,0.01809384669538029,0.323,pre-control
60000.0,100.0,0.0016666666666666668,2.6666779566798615,0.01850439473096398,0.323,pre-control
60000.0,100.0,0.0016666666666666668,2.669433668468125,0.018555374294736665,0.323,pre-control
60000.0,100.0,0.0016666666666666668,2.6943816466781074,0.019028478451105398,0.323,pre-control
60000.0,100.0,0.0016666666666666668,2.71932962488809,0.01951346275358313,0.323,pre-control
60000.0,100.0,0.0016666666666666668,2.736853692381963,0.019862693514071196,0.323,pre-control
60000.0,100.0,0.0016666666666666668,2.7442776030980722,0.02001064192765091,0.323,pre-control
60000.0,100.0,0.0016666666666666668,2.7692255813080546,0.020520341835174247,0.323,pre-control
60000.0,100.0,0.0016666666666666668,2.794173559518037,0.02104289947440307,0.323,pre-control
60000.0,100.0,0.0016666666666666668,2.8070294280840646,0.02131898217545774,0.323,pre-control
60000.0,100.0,0.0016666666666666668,2.81912153772802,0.021578662979971748,0.323,pre-control
60000.0,100.0,0.0016666666666666668,2.8440695159380023,0.02212799162289907,0.323,pre-control
60000.0,100.0,0.0016666666666666668,2.8690174941479847,0.022691255810588274,0.323,pre-control
60000.0,100.0,0.0016666666666666668,2.8772051637861664,0.022880812039924335,0.323,pre-control
60000.0,100.0,0.0016666666666666668,2.893965472357967,0.023268837086827046,0.323,pre-control
60000.0,100.0,0.0016666666666666668,2.9189134505679495,0.02386112813178748,0.323,pre-control
60000.0,100.0,0.0016666666666666668,2.943861428777932,0.024468532762026117,0.323,pre-control
60000.0,100.0,0.0016666666666666668,2.9473808994882678,0.024556411427881564,0.323,pre-control
60000.0,100.0,0.0016666666666666668,2.9688094069879147,0.025091465930483954,0.323,pre-control
60000.0,100.0,0.0016666666666666668,2.993757385197897,0.025730353726486375,0.323,pre-control
60000.0,100.0,0.0016666666666666668,3.0175566351903695,0.026355461062094177,0.323,pre-control
60000.0,100.0,0.0016666666666666668,3.0187053634078795,0.026385633375743234,0.323,pre-control
60000.0,100.0,0.0016666666666666668,3.043653341617862,0.027057753240348814,0.323,pre-control
60000.0,100.0,0.0016666666666666668,3.0686013198278443,0.027747172818781835,0.323,pre-control
60000.0,100.0,0.0016666666666666668,3.0877323708924713,0.02828947273961382,0.323,pre-control
60000.0,100.0,0.0016666666666666668,3.0935492980378267,0.028454362745905442,0.323,pre-control
60000.0,100.0,0.0016666666666666668,3.1184972762478096,0.02917980479296724,0.323,pre-control
60000.0,100.0,0.0016666666666666668,3.143445254457792,0.029923991867599222,0.323,pre-control
60000.0,100.0,0.0016666666666666668,3.1579081065945727,0.03036657138268858,0.323,pre-control
60000.0,100.0,0.0016666666666666668,3.1683932326677744,0.030687428013817863,0.323,pre-control
60000.0,100.0,0.0016666666666666668,3.193341210877757,0.03147062841202404,0.323,pre-control
60000.0,100.0,0.0016666666666666668,3.218289189087739,0.0322741193790031,0.323,pre-control
60000.0,100.0,0.0016666666666666668,3.2280838422966744,0.032597749557050845,0.323,pre-control
60000.0,100.0,0.0016666666666666668,3.2432371672977216,0.03309843836792477,0.323,pre-control
60000.0,100.0,0.0016666666666666668,3.268185145507704,0.03394413396834328,0.323,pre-control
60000.0,100.0,0.0016666666666666668,3.293133123717687,0.03481176590619727,0.323,pre-control
60000.0,100.0,0.0016666666666666668,3.298259577998776,0.03499467682404281,0.323,pre-control
60000.0,100.0,0.0016666666666666668,3.3180811019276693,0.03570190504380977,0.323,pre-control
60000.0,100.0,0.0016666666666666668,3.3430290801376517,0.03661513337988829,0.323,pre-control
60000.0,100.0,0.0016666666666666668,3.367977058347634,0.037552044049524766,0.323,pre-control
60000.0,100.0,0.0016666666666666668,3.3684353137008776,0.03756969974061659,0.323,pre-control
60000.0,100.0,0.0016666666666666668,3.3929250365576165,0.03851324132419559,0.323,pre-control
60000.0,100.0,0.0016666666666666668,3.417873014767599,0.039499340611761545,0.323,pre-control
60000.0,100.0,0.0016666666666666668,3.4386110494029793,0.04034025738285448,0.323,pre-control
60000.0,100.0,0.0016666666666666668,3.4428209929775817,0.0405109684564679,0.323,pre-control
60000.0,100.0,0.0016666666666666668,3.467768971187564,0.041548762538944295,0.323,pre-control
60000.0,100.0,0.0016666666666666668,3.4927169493975465,0.04261337167620485,0.323,pre-control
60000.0,100.0,0.0016666666666666668,3.5087867851050807,0.043316819973632584,0.323,pre-control
60000.0,100.0,0.0016666666666666668,3.517664927607529,0.04370545582164813,0.323,pre-control
60000.0,100.0,0.0016666666666666668,3.5426129058175113,0.044825686065057095,0.323,pre-control
60000.0,100.0,0.0016666666666666668,3.5675608840274937,0.04597474463259917,0.323,pre-control
60000.0,100.0,0.0016666666666666668,3.5789625208071825,0.04651337521265288,0.323,pre-control
60000.0,100.0,0.0016666666666666668,3.5925088622374766,0.047153324886826234,0.323,pre-control
60000.0,100.0,0.0016666666666666668,3.617456840447459,0.048362131326674516,0.323,pre-control
60000.0,100.0,0.0016666666666666668,3.6424048186574414,0.04960187958746477,0.323,pre-control
60000.0,100.0,0.0016666666666666668,3.649138256509284,0.04994503390218917,0.323,pre-control
60000.0,100.0,0.0016666666666666668,3.6673527968674238,0.050873296440902153,0.323,pre-control
60000.0,100.0,0.0016666666666666668,3.692300775077406,0.05217711979507624,0.323,pre-control
60000.0,100.0,0.0016666666666666668,3.7172487532873886,0.05351409869446108,0.323,pre-control
60000.0,100.0,0.0016666666666666668,3.7193139922113856,0.05362758384012523,0.323,pre-control
60000.0,100.0,0.0016666666666666668,3.7421967314973714,0.054884993319915136,0.323,pre-control
60000.0,100.0,0.0016666666666666668,3.767144709707354,0.056290574988681265,0.323,pre-control
60000.0,100.0,0.0016666666666666668,3.7894897279134874,0.057581273347587815,0.323,pre-control
60000.0,100.0,0.0016666666666666668,3.7920926879173362,0.057731626154386824,0.323,pre-control
60000.0,100.0,0.0016666666666666668,3.8170406661273186,0.05920894040704358,0.323,pre-control
60000.0,100.0,0.0016666666666666668,3.841988644337301,0.06072332247304772,0.323,pre-control
60000.0,100.0,0.0016666666666666668,3.8596654636155887,0.0618232133979527,0.323,pre-control
60000.0,100.0,0.0016666666666666668,3.8669366225472834,0.062275641043255156,0.323,pre-control
60000.0,100.0,0.0016666666666666668,3.8918846007572663,0.06386770357773325,0.323,pre-control
60000.0,100.0,0.0016666666666666668,3.9168325789672487,0.06550075158044809,0.323,pre-control
60000.0,100.0,0.0016666666666666668,3.9298411993176905,0.06637412240000383,0.323,pre-control
60000.0,100.0,0.0016666666666666668,3.941780557177231,0.06717570523337495,0.323,pre-control
60000.0,100.0,0.0016666666666666668,3.9667285353872135,0.06889352725201048,0.323,pre-control
60000.0,100.0,0.0016666666666666668,3.991676513597196,0.07065522288537275,0.323,pre-control
60000.0,100.0,0.0016666666666666668,4.000016935019792,0.0712591975745382,0.323,pre-control
60000.0,100.0,0.0016666666666666668,4.016624491807178,0.07246183991600125,0.323,pre-control
60000.0,100.0,0.0016666666666666668,4.041572470017161,0.07431446865995683,0.323,pre-control
60000.0,100.0,0.0016666666666666668,4.066520448227143,0.07621424196682183,0.323,pre-control
60000.0,100.0,0.0016666666666666668,4.070192670721894,0.07650099193128301,0.323,pre-control
60000.0,100.0,0.0016666666666666668,4.0914684264371255,0.07816233521969992,0.323,pre-control
60000.0,100.0,0.0016666666666666668,4.116416404647109,0.08015996633521627,0.323,pre-control
60000.0,100.0,0.0016666666666666668,4.140368406423995,0.0821266180972761,0.323,pre-control
60000.0,100.0,0.0016666666666666668,4.141364382857091,0.08220839576351727,0.323,pre-control
60000.0,100.0,0.0016666666666666668,4.166312361067074,0.0843089264882709,0.323,pre-control
60000.0,100.0,0.0016666666666666668,4.191260339277056,0.08646290402666648,0.323,pre-control
60000.0,100.0,0.0016666666666666668,4.210544142126097,0.08817022886664379,0.323,pre-control
60000.0,100.0,0.0016666666666666668,4.216208317487038,0.08867171642941479,0.323,pre-control
60000.0,100.0,0.0016666666666666668,4.241156295697021,0.09093679428074793,0.323,pre-control
60000.0,100.0,0.0016666666666666668,4.266104273907003,0.09325961069841947,0.323,pre-control
60000.0,100.0,0.0016666666666666668,4.280719877828199,0.09465513063292481,0.323,pre-control
60000.0,100.0,0.0016666666666666668,4.291052252116986,0.09564168133370438,0.323,pre-control
60000.0,100.0,0.0016666666666666668,4.316000230326968,0.09808456437139898,0.323,pre-control
60000.0,100.0,0.0016666666666666668,4.34094820853695,0.10058986052982113,0.323,pre-control
60000.0,100.0,0.0016666666666666668,4.3508956135303,0.10161432792278231,0.323,pre-control
60000.0,100.0,0.0016666666666666668,4.365896186746933,0.10315921306080994,0.323,pre-control
60000.0,100.0,0.0016666666666666668,4.390844164956915,0.10579430774972604,0.323,pre-control
60000.0,100.0,0.0016666666666666668,4.4157921431668985,0.10849687291545151,0.323,pre-control
60000.0,100.0,0.0016666666666666668,4.421071349232402,0.10908341093217236,0.323,pre-control
60000.0,100.0,0.0016666666666666668,4.440740121376881,0.11126867941038956,0.323,pre-control
60000.0,100.0,0.0016666666666666668,4.465688099586863,0.11411154062046512,0.323,pre-control
60000.0,100.0,0.0016666666666666668,4.490636077796846,0.1170273124651244,0.323,pre-control
60000.0,100.0,0.0016666666666666668,4.491247084934503,0.1171005555263434,0.323,pre-control
60000.0,100.0,0.0016666666666666668,4.515584056006828,0.12001789339733504,0.323,pre-control
60000.0,100.0,0.0016666666666666668,4.5405320342168105,0.12308522440358605,0.323,pre-control
60000.0,100.0,0.0016666666666666668,4.561422820636605,0.12571965686438902,0.323,pre-control
60000.0,100.0,0.0016666666666666668,4.565480012426793,0.12623128900388791,0.323,pre-control
60000.0,100.0,0.0016666666666666668,4.590427990636775,0.12945811325177245,0.323,pre-control
60000.0,100.0,0.0016666666666666668,4.615375968846758,0.13276776573429297,0.323,pre-control
60000.0,100.0,0.0016666666666666668,4.631598556338707,0.13497512148166232,0.323,pre-control
60000.0,100.0,0.0016666666666666668,4.64032394705674,0.13616235757202408,0.323,pre-control
60000.0,100.0,0.0016666666666666668,4.6652719252667225,0.1396440424190619,0.323,pre-control
60000.0,100.0,0.0016666666666666668,4.690219903476705,0.14321501646302387,0.323,pre-control
60000.0,100.0,0.0016666666666666668,4.701774292040808,0.14491126496981047,0.323,pre-control
60000.0,100.0,0.0016666666666666668,4.715167881686688,0.14687751842504906,0.323,pre-control
60000.0,100.0,0.0016666666666666668,4.740115859896671,0.1506338295597975,0.323,pre-control
60000.0,100.0,0.0016666666666666668,4.765063838106653,0.154486273655451,0.323,pre-control
60000.0,100.0,0.0016666666666666668,4.77195002774291,0.1555768207577383,0.323,pre-control
60000.0,100.0,0.0016666666666666668,4.790011816316635,0.15843721703371275,0.323,pre-control
60000.0,100.0,0.0016666666666666668,4.814959794526618,0.16248906854980713,0.323,pre-control
60000.0,100.0,0.0016666666666666668,4.8399077727366,0.1666442795924802,0.323,pre-control
60000.0,100.0,0.0016666666666666668,4.842125763445011,0.1670231079436429,0.323,pre-control
60000.0,100.0,0.0016666666666666668,4.864855750946583,0.1709053440839993,0.323,pre-control
60000.0,100.0,0.0016666666666666668,4.889803729156565,0.17527479848015307,0.323,pre-control
60000.0,100.0,0.0016666666666666668,4.912301499147113,0.17931518731617516,0.323,pre-control
60000.0,100.0,0.0016666666666666668,4.914751707366547,0.17975522177025174,0.323,pre-control
60000.0,100.0,0.0016666666666666668,4.93969968557653,0.18434988707945116,0.323,pre-control
60000.0,100.0,0.0016666666666666668,4.964647663786512,0.18906245146632455,0.323,pre-control
60000.0,100.0,0.0016666666666666668,4.982477234849215,0.19251664335001478,0.323,pre-control
60000.0,100.0,0.0016666666666666668,4.989595641996495,0.19389571994734087,0.323,pre-control
60000.0,100.0,0.0016666666666666668,5.014543620206477,0.19885259914831105,0.323,pre-control
60000.0,100.0,0.0016666666666666668,5.03949159841646,0.20393610634681095,0.323,pre-control
60000.0,100.0,0.0016666666666666668,5.052652970551316,0.20668637714841265,0.323,pre-control
60000.0,100.0,0.0016666666666666668,5.064439576626443,0.2091493694721806,0.323,pre-control
60000.0,100.0,0.0016666666666666668,5.089387554836425,0.2144956271055253,0.323,pre-control
60000.0,100.0,0.0016666666666666668,5.1143355330464075,0.21997822847971482,0.323,pre-control
60000.0,100.0,0.0016666666666666668,5.122828706253418,0.22189229378393416,0.323,pre-control
60000.0,100.0,0.0016666666666666668,5.13928351125639,0.2256006334793837,0.323,pre-control
60000.0,100.0,0.0016666666666666668,5.164231489466372,0.23136641264093114,0.323,pre-control
60000.0,100.0,0.0016666666666666668,5.189179467676355,0.2372792471525211,0.323,pre-control
60000.0,100.0,0.0016666666666666668,5.1930044419555195,0.2382089187415492,0.323,pre-control
60000.0,100.0,0.0016666666666666668,5.214127445886337,0.24334292885408218,0.323,pre-control
60000.0,100.0,0.0016666666666666668,5.2390754240963195,0.2495613602373078,0.323,pre-control
60000.0,100.0,0.0016666666666666668,5.263180177657621,0.2557230096307358,0.323,pre-control
60000.0,100.0,0.0016666666666666668,5.264023402306302,0.25593855444565594,0.323,pre-control
60000.0,100.0,0.0016666666666666668,5.288971380516284,0.2624786352743494,0.323,pre-control
60000.0,100.0,0.0016666666666666668,5.313919358726267,0.2691858371703757,0.323,pre-control
60000.0,100.0,0.0016666666666666668,5.333355913359723,0.27454489298120444,0.323,pre-control
60000.0,100.0,0.0016666666666666668,5.33886733693625,0.27606450523248716,0.323,pre-control
60000.0,100.0,0.0016666666666666668,5.363815315146232,0.2831190952112004,0.323,pre-control
60000.0,100.0,0.0016666666666666668,5.388763293356215,0.290354173508797,0.323,pre-control
60000.0,100.0,0.0016666666666666668,5.403531649061825,0.2947467057222806,0.323,pre-control
60000.0,100.0,0.0016666666666666668,5.413711271566197,0.29777441717932346,0.323,pre-control
60000.0,100.0,0.0016666666666666668,5.43865924977618,0.30538461392859073,0.323,pre-control
60000.0,100.0,0.0016666666666666668,5.463607227986162,0.31318966211417454,0.323,pre-control
60000.0,100.0,0.0016666666666666668,5.473707384763926,0.3164304390415351,0.323,pre-control
60000.0,100.0,0.0016666666666666668,5.4885552061961445,0.32119457074541535,0.323,pre-control
60000.0,100.0,0.0016666666666666668,5.513503184406127,0.32940445948341845,0.323,pre-control
60000.0,100.0,0.0016666666666666668,5.538451162616109,0.3378245586410535,0.323,pre-control
60000.0,100.0,0.0016666666666666668,5.5438831204660275,0.3397048107943708,0.323,pre-control
60000.0,100.0,0.0016666666666666668,5.563399140826092,0.3464602091829551,0.323,pre-control
60000.0,100.0,0.0016666666666666668,5.588347119036074,0.35531686272552254,0.323,pre-control
60000.0,100.0,0.0016666666666666668,5.6132950972460565,0.36440008153691994,0.323,pre-control
60000.0,100.0,0.0016666666666666668,5.614058856168129,0.36468526550402025,0.323,pre-control
60000.0,100.0,0.0016666666666666668,5.63824307545604,0.3737155385370762,0.323,pre-control
60000.0,100.0,0.0016666666666666668,5.663191053666022,0.38326901729768403,0.323,pre-control
60000.0,100.0,0.0016666666666666668,5.684234591870231,0.3915330877916002,0.323,pre-control
60000.0,100.0,0.0016666666666666668,5.688139031876005,0.39306641204220194,0.323,pre-control
60000.0,100.0,0.0016666666666666668,5.713087010085987,0.40311372764585274,0.323,pre-control
60000.0,100.0,0.0016666666666666668,5.738034988295969,0.4134170986884792,0.323,pre-control
60000.0,100.0,0.0016666666666666668,5.754410327572333,0.4203529732827701,0.323,pre-control
60000.0,100.0,0.0016666666666666668,5.762982966505952,0.4239839666675325,0.323,pre-control
60000.0,100.0,0.0016666666666666668,5.787930944715934,0.43482143543694624,0.323,pre-control
60000.0,100.0,0.0016666666666666668,5.812878922925917,0.4459361093518111,0.323,pre-control
60000.0,100.0,0.0016666666666666668,5.824586063274434,0.45128509669185657,0.323,pre-control
60000.0,100.0,0.0016666666666666668,5.837826901135899,0.4573348297593809,0.323,pre-control
60000.0,100.0,0.0016666666666666668,5.862774879345881,0.46902467499907213,0.323,pre-control
60000.0,100.0,0.0016666666666666668,5.887722857555864,0.481012960402464,0.323,pre-control
60000.0,100.0,0.0016666666666666668,5.8947617989765355,0.48448172653471994,0.323,pre-control
60000.0,100.0,0.0016666666666666668,5.912670835765846,0.49330723829329887,0.323,pre-control
60000.0,100.0,0.0016666666666666668,5.9376188139758295,0.5059152979874821,0.323,pre-control
60000.0,100.0,0.0016666666666666668,5.962566792185812,0.5188451657930807,0.323,pre-control
60000.0,100.0,0.0016666666666666668,5.964937534678637,0.5201052238663247,0.323,pre-control
60000.0,100.0,0.0016666666666666668,5.987514770395794,0.5321051050103257,0.323,pre-control
60000.0,100.0,0.0016666666666666668,6.012462748605777,0.5457036159316108,0.323,pre-control
60000.0,100.0,0.0016666666666666668,6.035113270380739,0.5583651668949701,0.323,pre-control
60000.0,100.0,0.0016666666666666668,6.037410726815759,0.5596494358414921,0.323,pre-control
60000.0,100.0,0.0016666666666666668,6.0623587050257415,0.573951539016689,0.323,pre-control
60000.0,100.0,0.0016666666666666668,6.087306683235724,0.5886191367260836,0.323,pre-control
60000.0,100.0,0.0016666666666666668,6.105289006082841,0.5994616914821631,0.323,pre-control
60000.0,100.0,0.0016666666666666668,6.112254661445706,0.6036616772307204,0.323,pre-control
60000.0,100.0,0.0016666666666666668,6.137202639655689,0.6190888457838075,0.323,pre-control
60000.0,100.0,0.0016666666666666668,6.162150617865671,0.6349105646307153,0.323,pre-control
60000.0,100.0,0.0016666666666666668,6.175464741784943,0.6435702113715048,0.323,pre-control
60000.0,100.0,0.0016666666666666668,6.1870985960756535,0.6511369930089771,0.323,pre-control
60000.0,100.0,0.0016666666666666668,6.212046574285636,0.667778527148289,0.323,pre-control
60000.0,100.0,0.0016666666666666668,6.236994552495619,0.6848458002705109,0.323,pre-control
60000.0,100.0,0.0016666666666666668,6.2456404774870435,0.6909119132162709,0.323,pre-control
60000.0,100.0,0.0016666666666666668,6.261942530705602,0.7023496825896633,0.323,pre-control
60000.0,100.0,0.0016666666666666668,6.286890508915584,0.7203012813119317,0.323,pre-control
60000.0,100.0,0.0016666666666666668,6.311838487125566,0.7387119406356635,0.323,pre-control
60000.0,100.0,0.0016666666666666668,6.315816213189145,0.7417223907382763,0.323,pre-control
60000.0,100.0,0.0016666666666666668,6.336786465335549,0.757593241751369,0.323,pre-control
60000.0,100.0,0.0016666666666666668,6.361734443545531,0.7769570028417216,0.323,pre-control
60000.0,100.0,0.0016666666666666668,6.385991948891247,0.7962656713835183,0.323,pre-control
60000.0,100.0,0.0016666666666666668,6.386682421755514,0.7968152790815572,0.323,pre-control
60000.0,100.0,0.0016666666666666668,6.411630399965496,0.8171803626378749,0.323,pre-control
60000.0,100.0,0.0016666666666666668,6.436578378175478,0.8380657789384195,0.323,pre-control
60000.0,100.0,0.0016666666666666668,6.456167684593349,0.8548848254207619,0.323,pre-control
60000.0,100.0,0.0016666666666666668,6.461526356385461,0.859485690200381,0.323,pre-control
60000.0,100.0,0.0016666666666666668,6.486474334595443,0.8814532969017592,0.323,pre-control
60000.0,100.0,0.0016666666666666668,6.511422312805426,0.9039822412453616,0.323,pre-control
60000.0,100.0,0.0016666666666666668,6.526343420295451,0.9178007099206338,0.323,pre-control
60000.0,100.0,0.0016666666666666668,6.536370291015408,0.9270866157454769,0.323,pre-control
60000.0,100.0,0.0016666666666666668,6.561318269225391,0.9507809632278755,0.323,pre-control
60000.0,100.0,0.0016666666666666668,6.586266247435374,0.9750802768298059,0.323,pre-control
60000.0,100.0,0.0016666666666666668,6.596519155997552,0.9853215733752934,0.323,pre-control
60000.0,100.0,0.0016666666666666668,6.611214225645356,1.0000000000000004,0.323,pre-control
60000.0,100.0,0.0016666666666666668,6.636204747648858,1.0256009053672477,0.323,pre-control
60000.0,100.0,0.0016666666666666668,6.661195269652358,1.0518571364722469,0.323,pre-control
60000.0,100.0,0.0016666666666666668,6.666694891699653,1.0577832741419353,0.323,pre-control
60000.0,100.0,0.0016666666666666668,6.68618579165586,1.078785764031839,0.323,pre-control
60000.0,100.0,0.0016666666666666668,6.711176313659361,1.1064045106071376,0.323,pre-control
60000.0,100.0,0.0016666666666666668,6.736166835662862,1.1347305750298546,0.323,pre-control
60000.0,100.0,0.0016666666666666668,6.736870627401755,1.135548722181948,0.323,pre-control
60000.0,100.0,0.0016666666666666668,6.761157357666364,1.1637816753435037,0.323,pre-control
60000.0,100.0,0.0016666666666666668,6.786147879669865,1.1935761015303772,0.323,pre-control
60000.0,100.0,0.0016666666666666668,6.807046363103857,1.2191292648854652,0.323,pre-control
60000.0,100.0,0.0016666666666666668,6.811138401673366,1.2241327155115482,0.323,pre-control
60000.0,100.0,0.0016666666666666668,6.836128923676867,1.2554709511468647,0.323,pre-control
60000.0,100.0,0.0016666666666666668,6.861119445680369,1.2876108142349565,0.323,pre-control
60000.0,100.0,0.0016666666666666668,6.877222098805959,1.3088499364794886,0.323,pre-control
60000.0,100.0,0.0016666666666666668,6.88610996768387,1.320572882513229,0.323,pre-control
60000.0,100.0,0.0016666666666666668,6.911100489687371,1.3543783056578655,0.323,pre-control
60000.0,100.0,0.0016666666666666668,6.9360910116908725,1.3890488052838315,0.323,pre-control
60000.0,100.0,0.0016666666666666668,6.94739783450806,1.4051367658297387,0.323,pre-control
60000.0,100.0,0.0016666666666666668,6.961081533694373,1.4246066749448656,0.323,pre-control
60000.0,100.0,0.0016666666666666668,6.986072055697875,1.46107478013349,0.323,pre-control
60000.0,100.0,0.0016666666666666668,7.0110625777013755,1.4984765582810002,0.323,pre-control
60000.0,100.0,0.0016666666666666668,7.017573570210161,1.5084706736407512,0.323,pre-control
60000.0,100.0,0.0016666666666666668,7.036053099704877,1.5368360187574746,0.323,pre-control
60000.0,100.0,0.0016666666666666668,7.061043621708379,1.5761777428717667,0.323,pre-control
60000.0,100.0,0.0016666666666666668,7.0860341437118795,1.6165268838715074,0.323,pre-control
60000.0,100.0,0.0016666666666666668,7.087749305912263,1.6193670537439115,0.323,pre-control
60000.0,100.0,0.0016666666666666668,7.111024665715381,1.6579091669431119,0.323,pre-control
60000.0,100.0,0.0016666666666666668,7.136015187718882,1.7003508892117651,0.323,pre-control
60000.0,100.0,0.0016666666666666668,7.157925041614365,1.7385130688224855,0.323,pre-control
60000.0,100.0,0.0016666666666666668,7.161005709722383,1.743878919741439,0.323,pre-control
60000.0,100.0,0.0016666666666666668,7.185996231725885,1.7885206995348777,0.323,pre-control
60000.0,100.0,0.0016666666666666668,7.210986753729386,1.8343044508415436,0.323,pre-control
60000.0,100.0,0.0016666666666666668,7.228100777316467,1.866461147123397,0.323,pre-control
60000.0,100.0,0.0016666666666666668,7.235977275732887,1.8812608326592128,0.323,pre-control
60000.0,100.0,0.0016666666666666668,7.260967797736388,1.9294196099137948,0.323,pre-control
60000.0,100.0,0.0016666666666666668,7.28595831973989,1.97881093723088,0.323,pre-control
60000.0,100.0,0.0016666666666666668,7.298276513018568,2.003779523020771,0.323,pre-control
60000.0,100.0,0.0016666666666666668,7.310948841743391,2.029465930090803,0.323,pre-control
60000.0,100.0,0.0016666666666666668,7.335939363746892,2.081416664828648,0.323,pre-control
60000.0,100.0,0.0016666666666666668,7.3609298857503935,2.1346961786342544,0.323,pre-control
60000.0,100.0,0.0016666666666666668,7.368452248720669,2.1511439801549526,0.323,pre-control
60000.0,100.0,0.0016666666666666668,7.385920407753894,2.1893384695522036,0.323,pre-control
60000.0,100.0,0.0016666666666666668,7.410910929757396,2.245378496481834,0.323,pre-control
60000.0,100.0,0.0016666666666666668,7.435901451760897,2.3028521791772265,0.323,pre-control
60000.0,100.0,0.0016666666666666668,7.438627984422771,2.3092831508272185,0.323,pre-control
60000.0,100.0,0.0016666666666666668,7.460891973764398,2.361796398247218,0.323,pre-control
60000.0,100.0,0.0016666666666666668,7.4858824957679,2.4222489951553907,0.323,pre-control
60000.0,100.0,0.0016666666666666668,7.508803720124873,2.4791149861892263,0.323,pre-control
60000.0,100.0,0.0016666666666666668,7.5108730177714005,2.4842487722200746,0.323,pre-control
60000.0,100.0,0.0016666666666666668,7.535863539774902,2.5478354926143574,0.323,pre-control
60000.0,100.0,0.0016666666666666668,7.560854061778403,2.613049880366066,0.323,pre-control
60000.0,100.0,0.0016666666666666668,7.578979455826975,2.6615600372416335,0.323,pre-control
60000.0,100.0,0.0016666666666666668,7.585844583781904,2.6799336203577875,0.323,pre-control
60000.0,100.0,0.0016666666666666668,7.610835105785406,2.7485293583268495,0.323,pre-control
60000.0,100.0,0.0016666666666666668,7.635825627788907,2.818880700865331,0.323,pre-control
60000.0,100.0,0.0016666666666666668,7.6491551915290765,2.857365219598969,0.323,pre-control
60000.0,100.0,0.0016666666666666668,7.660816149792408,2.8910322154200676,0.323,pre-control
60000.0,100.0,0.0016666666666666668,7.685806671795909,2.965029430292633,0.323,pre-control
60000.0,100.0,0.0016666666666666668,7.710797193799411,3.040919659585151,0.323,pre-control
60000.0,100.0,0.0016666666666666668,7.719330927231177,3.0674981978206564,0.323,pre-control
60000.0,100.0,0.0016666666666666668,7.735787715802912,3.118753300617666,0.323,pre-control
60000.0,100.0,0.0016666666666666668,7.760778237806413,3.198579116126053,0.323,pre-control
60000.0,100.0,0.0016666666666666668,7.785768759809915,3.2804471396037442,0.323,pre-control
60000.0,100.0,0.0016666666666666668,7.789506662933279,3.293005549985133,0.323,pre-control
60000.0,100.0,0.0016666666666666668,7.810759281813415,3.3644089814726112,0.323,pre-control
60000.0,100.0,0.0016666666666666668,7.835749803816917,3.4505178290829854,0.323,pre-control
60000.0,100.0,0.0016666666666666668,7.859682398635381,3.5350899812623826,0.323,pre-control
60000.0,100.0,0.0016666666666666668,7.860740325820418,3.5388284467136346,0.323,pre-control
60000.0,100.0,0.0016666666666666668,7.885730847823919,3.6293971755717873,0.323,pre-control
60000.0,100.0,0.0016666666666666668,7.910721369827421,3.722281933793113,0.323,pre-control
60000.0,100.0,0.0016666666666666668,7.929858134337483,3.795228533145983,0.323,pre-control
60000.0,100.0,0.0016666666666666668,7.9357118918309215,3.8175422164417263,0.323,pre-control
60000.0,100.0,0.0016666666666666668,7.960702413834423,3.915239095510204,0.323,pre-control
60000.0,100.0,0.0016666666666666668,7.985692935837925,4.01543521991956,0.323,pre-control
60000.0,100.0,0.0016666666666666668,8.000033870039584,4.0744043202399896,0.323,pre-control
60000.0,100.0,0.0016666666666666668,8.010683457841425,4.1181948155192565,0.323,pre-control
60000.0,100.0,0.0016666666666666668,8.035673979844926,4.2235836850872115,0.323,pre-control
60000.0,100.0,0.0016666666666666668,8.060664501848429,4.331669208329796,0.323,pre-control
60000.0,100.0,0.0016666666666666668,8.070209605741686,4.374008683523275,0.323,pre-control
60000.0,100.0,0.0016666666666666668,8.08565502385193,4.4425203418818064,0.323,pre-control
60000.0,100.0,0.0016666666666666668,8.11064554585543,4.5562076193065115,0.323,pre-control
60000.0,100.0,0.0016666666666666668,8.135636067858933,4.672803151095629,0.323,pre-control
60000.0,100.0,0.0016666666666666668,8.140385341443787,4.695528012005199,0.323,pre-control
60000.0,100.0,0.0016666666666666668,8.160626589862433,4.7923806246693,0.323,pre-control
60000.0,100.0,0.0016666666666666668,8.185617111865934,4.91501530437614,0.323,pre-control
60000.0,100.0,0.0016666666666666668,8.21056107714589,5.040552415268655,0.323,pre-control
60000.0,100.0,0.0016666666666666668,8.210607633869435,5.040786724308972,0.323,pre-control
60000.0,100.0,0.0016666666666666668,8.235598155872937,5.169776392407932,0.323,pre-control
60000.0,100.0,0.0016666666666666668,8.260588677876438,5.3020650688816,0.323,pre-control
60000.0,100.0,0.0016666666666666668,8.28073681284799,5.411447214811185,0.323,pre-control
60000.0,100.0,0.0016666666666666668,8.285579199879939,5.437736034383016,0.323,pre-control
60000.0,100.0,0.0016666666666666668,8.31056972188344,5.5768750929304645,0.323,pre-control
60000.0,100.0,0.0016666666666666668,8.335560243886942,5.719570571907501,0.323,pre-control
60000.0,100.0,0.0016666666666666668,8.350912548550092,5.809472594975057,0.323,pre-control
60000.0,100.0,0.0016666666666666668,8.360550765890443,5.865913322062906,0.323,pre-control
60000.0,100.0,0.0016666666666666668,8.385541287893943,6.01599671751075,0.323,pre-control
60000.0,100.0,0.0016666666666666668,8.410531809897446,6.16991665573036,0.323,pre-control
60000.0,100.0,0.0016666666666666668,8.421088284252194,6.2365975847149135,0.323,pre-control
60000.0,100.0,0.0016666666666666668,8.435522331900946,6.32777155756629,0.323,pre-control
60000.0,100.0,0.0016666666666666668,8.460512853904447,6.48966236722838,0.323,pre-control
60000.0,100.0,0.0016666666666666668,8.48550337590795,6.655692552291734,0.323,pre-control
60000.0,100.0,0.0016666666666666668,8.491264019954295,6.694943306689808,0.323,pre-control
60000.0,100.0,0.0016666666666666668,8.51049389791145,6.825968103696674,0.323,pre-control
60000.0,100.0,0.0016666666666666668,8.535484419914951,7.000597535748817,0.323,pre-control
60000.0,100.0,0.0016666666666666668,8.560474941918454,7.179691886119037,0.323,pre-control
60000.0,100.0,0.0016666666666666668,8.561439755656398,7.186782977268729,0.323,pre-control
60000.0,100.0,0.0016666666666666668,8.585465463921954,7.36336471584343,0.323,pre-control
60000.0,100.0,0.0016666666666666668,8.610455985925455,7.551732109323384,0.323,pre-control
60000.0,100.0,0.0016666666666666668,8.631615491358499,7.715298415781062,0.323,pre-control
60000.0,100.0,0.0016666666666666668,8.635446507928958,7.74491277668335,0.323,pre-control
60000.0,100.0,0.0016666666666666668,8.660437029932458,7.9430320547822,0.323,pre-control
60000.0,100.0,0.0016666666666666668,8.685427551935959,8.146216046606346,0.323,pre-control
60000.0,100.0,0.0016666666666666668,8.7017912270606,8.28265984132961,0.323,pre-control
60000.0,100.0,0.0016666666666666668,8.71041807393946,8.354592320780739,0.323,pre-control
60000.0,100.0,0.0016666666666666668,8.73540859594296,8.568292295676256,0.323,pre-control
60000.0,100.0,0.0016666666666666668,8.760399117946463,8.78745123940971,0.323,pre-control
60000.0,100.0,0.0016666666666666668,8.771966962762702,8.891488860114713,0.323,pre-control
60000.0,100.0,0.0016666666666666668,8.785389639949964,9.012208269843788,0.323,pre-control
60000.0,100.0,0.0016666666666666668,8.810380161953464,9.242706354587147,0.323,pre-control
60000.0,100.0,0.0016666666666666668,8.835370683956967,9.479092310994364,0.323,pre-control
60000.0,100.0,0.0016666666666666668,8.842142698464803,9.544785304447105,0.323,pre-control
60000.0,100.0,0.0016666666666666668,8.860361205960468,9.721516806165894,0.323,pre-control
60000.0,100.0,0.0016666666666666668,8.885351727963968,9.970134356948162,0.323,pre-control
60000.0,100.0,0.0016666666666666668,8.91034224996747,10.22510332993351,0.323,pre-control
60000.0,100.0,0.0016666666666666668,8.912318434166906,10.245780681341122,0.323,pre-control
60000.0,100.0,0.0016666666666666668,8.935332771970971,10.486585941460154,0.323,pre-control
60000.0,100.0,0.0016666666666666668,8.960323293974472,10.754748257612286,0.323,pre-control
60000.0,100.0,0.0016666666666666668,8.982494169869007,10.998730976948488,0.323,pre-control
60000.0,100.0,0.0016666666666666668,8.985313815977975,11.029760194220021,0.323,pre-control
60000.0,100.0,0.0016666666666666668,9.010304337981475,11.311795516859336,0.323,pre-control
60000.0,100.0,0.0016666666666666668,9.035294859984976,11.601031894707008,0.323,pre-control
60000.0,100.0,0.0016666666666666668,9.052669905571108,11.80726376790224,0.323,pre-control
60000.0,100.0,0.0016666666666666668,9.060285381988479,11.897655125958998,0.323,pre-control
60000.0,100.0,0.0016666666666666668,9.08527590399198,12.201853524395741,0.323,pre-control
60000.0,100.0,0.0016666666666666668,9.11026642599548,12.513818006011167,0.323,pre-control
60000.0,100.0,0.0016666666666666668,9.12284564127321,12.67485633808063,0.323,pre-control
60000.0,100.0,0.0016666666666666668,9.13525694799898,12.833745115304987,0.323,pre-control
60000.0,100.0,0.0016666666666666668,9.160247470002481,13.16183702528271,0.323,pre-control
60000.0,100.0,0.0016666666666666668,9.185237992005984,13.498301537455664,0.323,pre-control
60000.0,100.0,0.0016666666666666668,9.193021376975311,13.605768729235416,0.323,pre-control
60000.0,100.0,0.0016666666666666668,9.210228514009485,13.843352081840905,0.323,pre-control
60000.0,100.0,0.0016666666666666668,9.235219036012985,14.197207716961358,0.323,pre-control
60000.0,100.0,0.0016666666666666668,9.260209558016488,14.56009312984575,0.323,pre-control
60000.0,100.0,0.0016666666666666668,9.263197112677414,14.604582198196676,0.323,pre-control
60000.0,100.0,0.0016666666666666668,9.285200080019989,14.932238636028524,0.323,pre-control
60000.0,100.0,0.0016666666666666668,9.31019060202349,15.313880179549997,0.323,pre-control
60000.0,100.0,0.0016666666666666668,9.333372848379515,15.676939740755076,0.323,pre-control
60000.0,100.0,0.0016666666666666668,9.335181124026992,15.705259332956292,0.323,pre-control
60000.0,100.0,0.0016666666666666668,9.360171646030492,16.10662329729924,0.323,pre-control
60000.0,100.0,0.0016666666666666668,9.385162168033993,16.518224902136556,0.323,pre-control
60000.0,100.0,0.0016666666666666668,9.403548584081616,16.828777893236374,0.323,pre-control
60000.0,100.0,0.0016666666666666668,9.410152690037496,16.94032355024895,0.323,pre-control
60000.0,100.0,0.0016666666666666668,9.435143212040996,17.373189088643944,0.323,pre-control
60000.0,100.0,0.0016666666666666668,9.460133734044497,17.817093116812604,0.323,pre-control
60000.0,100.0,0.0016666666666666668,9.473724319783718,18.064655759705257,0.323,pre-control
60000.0,100.0,0.0016666666666666668,9.485124256048,18.272314090592985,0.323,pre-control
60000.0,100.0,0.0016666666666666668,9.5101147780515,18.73913840589594,0.323,pre-control
60000.0,100.0,0.0016666666666666668,9.535105300055001,19.217860398705312,0.323,pre-control
60000.0,100.0,0.0016666666666666668,9.54390005548582,19.3906274362791,0.323,pre-control
60000.0,100.0,0.0016666666666666668,9.560095822058502,19.708782345077807,0.323,pre-control
60000.0,100.0,0.0016666666666666668,9.585086344062002,20.212214461143027,0.323,pre-control
60000.0,100.0,0.0016666666666666668,9.610076866065505,20.72847490310351,0.323,pre-control
60000.0,100.0,0.0016666666666666668,9.614075791187922,20.813190636534696,0.323,pre-control
60000.0,100.0,0.0016666666666666668,9.635067388069006,21.257889767234573,0.323,pre-control
60000.0,100.0,0.0016666666666666668,9.660057910072506,21.800793089884547,0.323,pre-control
60000.0,100.0,0.0016666666666666668,9.684251526890023,22.339773556103836,0.323,pre-control
60000.0,100.0,0.0016666666666666668,9.685048432076009,22.357526847474652,0.323,pre-control
60000.0,100.0,0.0016666666666666668,9.71003895407951,22.928440956498893,0.323,pre-control
60000.0,100.0,0.0016666666666666668,9.73502947608301,23.513893276477017,0.323,pre-control
60000.0,100.0,0.0016666666666666668,9.754427262592124,23.979896684648292,0.323,pre-control
60000.0,100.0,0.0016666666666666668,9.760019998086513,24.11425396299865,0.323,pre-control
60000.0,100.0,0.0016666666666666668,9.785010520090013,24.729900919698693,0.323,pre-control
60000.0,100.0,0.0016666666666666668,9.810001042093514,25.361218392786636,0.323,pre-control
60000.0,100.0,0.0016666666666666668,9.824602998294226,25.73948418718953,0.323,pre-control
60000.0,100.0,0.0016666666666666668,9.834991564097017,26.008601491890627,0.323,pre-control
60000.0,100.0,0.0016666666666666668,9.859982086100517,26.67245619005733,0.323,pre-control
60000.0,100.0,0.0016666666666666668,9.884972608104018,27.35319932375219,0.323,pre-control
60000.0,100.0,0.0016666666666666668,9.894778733996327,27.627113452964796,0.323,pre-control
60000.0,100.0,0.0016666666666666668,9.90996313010752,28.05125859285932,0.323,pre-control
60000.0,100.0,0.0016666666666666668,9.934953652111021,28.767072560681324,0.323,pre-control
60000.0,100.0,0.0016666666666666668,9.959944174114522,29.50109065393962,0.323,pre-control
60000.0,100.0,0.0016666666666666668,9.96495446969843,29.65199433852734,0.323,pre-control
60000.0,100.0,0.0016666666666666668,9.984934696118023,30.253773162774223,0.323,pre-control
60000.0,100.0,0.0016666666666666668,10.009925218121523,31.025591240743793,0.323,pre-control
60000.0,100.0,0.0016666666666666668,10.034915740125026,31.81702690482571,0.323,pre-control
60000.0,100.0,0.0016666666666666668,10.035130205400531,31.82399149474392,0.323,pre-control
60000.0,100.0,0.0016666666666666668,10.059906262128527,32.628574308882925,0.323,pre-control
60000.0,100.0,0.0016666666666666668,10.084896784132027,33.460743714900545,0.323,pre-control
60000.0,100.0,0.0016666666666666668,10.105305941102632,34.15762016771591,0.323,pre-control
60000.0,100.0,0.0016666666666666668,10.10988730613553,34.31405217604319,0.323,pre-control
60000.0,100.0,0.0016666666666666668,10.13487782813903,35.18903015622926,0.323,pre-control
60000.0,100.0,0.0016666666666666668,10.159868350142531,36.0862225871208,0.323,pre-control
60000.0,100.0,0.0016666666666666668,10.175481676804734,36.66098985534722,0.323,pre-control
60000.0,100.0,0.0016666666666666668,10.184858872146034,37.006188868123374,0.323,pre-control
60000.0,100.0,0.0016666666666666668,10.209849394149535,37.94950286638583,0.323,pre-control
60000.0,100.0,0.0016666666666666668,10.234839916153035,38.916752916800704,0.323,pre-control
60000.0,100.0,0.0016666666666666668,10.245657412506835,39.34606259125539,0.323,pre-control
60000.0,100.0,0.0016666666666666668,10.259830438156538,39.908541822004025,0.323,pre-control
60000.0,100.0,0.0016666666666666668,10.284820960160038,40.92548685237513,0.323,pre-control
60000.0,100.0,0.0016666666666666668,10.30981148216354,41.96821974603702,0.323,pre-control
60000.0,100.0,0.0016666666666666668,10.315833148208938,42.22584407241037,0.323,pre-control
60000.0,100.0,0.0016666666666666668,10.334802004167042,43.03738670885623,0.323,pre-control
60000.0,100.0,0.0016666666666666668,10.359792526170542,44.133651865300514,0.323,pre-control
60000.0,100.0,0.0016666666666666668,10.384783048174043,45.2576961581118,0.323,pre-control
60000.0,100.0,0.0016666666666666668,10.386008883911039,45.31422941410308,0.323,pre-control
60000.0,100.0,0.0016666666666666668,10.409773570177544,46.4102123845044,0.323,pre-control
60000.0,100.0,0.0016666666666666668,10.434764092181045,47.591912051722325,0.323,pre-control
60000.0,100.0,0.0016666666666666668,10.456184619613142,48.63044171717684,0.323,pre-control
60000.0,100.0,0.0016666666666666668,10.459754614184547,48.80352546965068,0.323,pre-control
60000.0,100.0,0.0016666666666666668,10.484745136188048,50.04580175081534,0.323,pre-control
60000.0,100.0,0.0016666666666666668,10.509735658191548,51.31950881038346,0.323,pre-control
60000.0,100.0,0.0016666666666666668,10.526360355315243,52.188262180288675,0.323,pre-control
60000.0,100.0,0.0016666666666666668,10.534726180195051,52.625433366163215,0.323,pre-control
60000.0,100.0,0.0016666666666666668,10.559716702198552,53.964380938603526,0.323,pre-control
60000.0,100.0,0.0016666666666666668,10.584707224202052,55.33717585079462,0.323,pre-control
60000.0,100.0,0.0016666666666666668,10.596536091017343,56.00338670763993,0.323,pre-control
60000.0,100.0,0.0016666666666666668,10.609697746205555,56.74466122846775,0.323,pre-control
60000.0,100.0,0.0016666666666666668,10.634688268209056,58.18770285503546,0.323,pre-control
60000.0,100.0,0.0016666666666666668,10.659678790212556,59.667187244751176,0.323,pre-control
60000.0,100.0,0.0016666666666666668,10.666711826719446,60.09406606214524,0.323,pre-control
60000.0,100.0,0.0016666666666666668,10.684669312216059,61.18401777285448,0.323,pre-control
60000.0,100.0,0.0016666666666666668,10.70965983421956,62.73912164714234,0.323,pre-control
60000.0,100.0,0.0016666666666666668,10.73465035622306,64.33344996092455,0.323,pre-control
60000.0,100.0,0.0016666666666666668,10.736887562421547,64.47977645916008,0.323,pre-control
60000.0,100.0,0.0016666666666666668,10.759640878226563,65.96797769302344,0.323,pre-control
60000.0,100.0,0.0016666666666666668,10.784631400230063,67.64370370777348,0.323,pre-control
60000.0,100.0,0.0016666666666666668,10.80706329812365,69.18576084227708,0.323,pre-control
60000.0,100.0,0.0016666666666666668,10.809621922233564,69.36165075502203,0.323,pre-control
60000.0,100.0,0.0016666666666666668,10.834612444237067,71.12286547012894,0.323,pre-control
60000.0,100.0,0.0016666666666666668,10.859602966240566,72.92841837396611,0.323,pre-control
60000.0,100.0,0.0016666666666666668,10.87723903382575,74.23467884965258,0.323,pre-control
60000.0,100.0,0.0016666666666666668,10.884593488244068,74.77940533589921,0.323,pre-control
60000.0,100.0,0.0016666666666666668,10.909584010247569,76.6769517194101,0.323,pre-control
60000.0,100.0,0.0016666666666666668,10.93457453225107,78.62220307238329,0.323,pre-control
60000.0,100.0,0.0016666666666666668,10.947414769527851,79.64679581557033,0.323,pre-control
60000.0,100.0,0.0016666666666666668,10.959565054254572,80.61633347210298,0.323,pre-control
60000.0,100.0,0.0016666666666666668,10.984555576258073,82.66054668146298,0.323,pre-control
60000.0,100.0,0.0016666666666666668,11.009546098261573,84.75607614896747,0.323,pre-control
60000.0,100.0,0.0016666666666666668,11.017590505229954,85.44754877518544,0.323,pre-control
60000.0,100.0,0.0016666666666666668,11.034536620265076,86.9041850087307,0.323,pre-control
60000.0,100.0,0.0016666666666666668,11.059527142268577,89.10616608047644,0.323,pre-control
60000.0,100.0,0.0016666666666666668,11.084517664272077,91.36334186953894,0.323,pre-control
60000.0,100.0,0.0016666666666666668,11.087766240932055,91.66410811808439,0.323,pre-control
60000.0,100.0,0.0016666666666666668,11.10950818627558,93.67706456686244,0.323,pre-control
60000.0,100.0,0.0016666666666666668,11.13449870827908,96.04871856820647,0.323,pre-control
60000.0,100.0,0.0016666666666666668,11.157941976634158,98.32920979258606,0.323,pre-control
60000.0,100.0,0.0016666666666666668,11.159489230282581,98.4797220127115,0.323,pre-control
60000.0,100.0,0.0016666666666666668,11.174736268744342,100.0,0.8456419165943363,threshold-control
60000.0,100.0,0.0016666666666666668,11.228117712336259,100.0,0.8454880965894603,threshold-control
60000.0,100.0,0.0016666666666666668,11.29829344803836,100.0,0.8452856854808946,threshold-control
60000.0,100.0,0.0016666666666666668,11.368469183740462,100.0,0.8450830494190187,threshold-control
60000.0,100.0,0.0016666666666666668,11.438644919442563,100.0,0.8448801882591832,threshold-control
60000.0,100.0,0.0016666666666666668,11.508820655144666,100.0,0.8446771018569288,threshold-control
60000.0,100.0,0.0016666666666666668,11.578996390846767,100.0,0.844473790067988,threshold-control
60000.0,100.0,0.0016666666666666668,11.649172126548867,100.0,0.8442702527482848,threshold-control
60000.0,100.0,0.0016666666666666668,11.71934786225097,100.0,0.8440664897539372,threshold-control
60000.0,100.0,0.0016666666666666668,11.789523597953071,100.0,0.8438625009412566,threshold-control
60000.0,100.0,0.0016666666666666668,11.859699333655174,100.0,0.8436582861667495,threshold-control
60000.0,100.0,0.0016666666666666668,11.929875069357275,100.0,0.8434538452871185,threshold-control
60000.0,100.0,0.0016666666666666668,12.0,100.0,0.8432493264137984,threshold-control
60000.0,100.0,0.0016666666666666668,12.000050805059375,100.0,0.8432491781592626,threshold-control
60000.0,100.0,0.0016666666666666668,12.070226540761478,100.0,0.8430442846402788,threshold-control
60000.0,100.0,0.0016666666666666668,12.140402276463579,100.0,0.8428391645874623,threshold-control
60000.0,100.0,0.0016666666666666668,12.210578012165682,100.0,0.8426338178583083,threshold-control
60000.0,100.0,0.0016666666666666668,12.280753747867783,100.0,0.842428244310512,threshold-control
60000.0,100.0,0.0016666666666666668,12.350929483569885,100.0,0.8422224438019701,threshold-control
60000.0,100.0,0.0016666666666666668,12.421105219271986,100.0,0.8420164161907815,threshold-control
60000.0,100.0,0.0016666666666666668,12.491280954974087,100.0,0.8418101613352486,threshold-control
60000.0,100.0,0.0016666666666666668,12.56145669067619,100.0,0.8416036790938772,threshold-control
60000.0,100.0,0.0016666666666666668,12.63163242637829,100.0,0.8413969693253788,threshold-control
60000.0,100.0,0.0016666666666666668,12.701808162080393,100.0,0.8411900318886705,threshold-control
60000.0,100.0,0.0016666666666666668,12.771983897782494,100.0,0.8409828666428762,threshold-control
60000.0,100.0,0.0016666666666666668,12.842159633484595,100.0,0.8407754734473278,threshold-control
60000.0,100.0,0.0016666666666666668,12.912335369186698,100.0,0.840567852161566,threshold-control
60000.0,100.0,0.0016666666666666668,12.982511104888799,100.0,0.8403600026453407,threshold-control
60000.0,100.0,0.0016666666666666668,13.0,100.0,0.8403081677394377,threshold-control
60000.0,100.0,0.0016666666666666668,13.052686840590901,100.0,0.8401519247586129,threshold-control
60000.0,100.0,0.0016666666666666668,13.122862576293002,100.0,0.8399436183615545,threshold-control
60000.0,100.0,0.0016666666666666668,13.193038311995103,100.0,0.8397350833145505,threshold-control
60000.0,100.0,0.0016666666666666668,13.263214047697206,100.0,0.8395263194781989,threshold-control
60000.0,100.0,0.0016666666666666668,13.333389783399307,100.0,0.8393173267133119,threshold-control
60000.0,100.0,0.0016666666666666668,13.40356551910141,100.0,0.8391081048809174,threshold-control
60000.0,100.0,0.0016666666666666668,13.47374125480351,100.0,0.8388986538422588,threshold-control
60000.0,100.0,0.0016666666666666668,13.543916990505611,100.0,0.8386889734587972,threshold-control
60000.0,100.0,0.0016666666666666668,13.614092726207714,100.0,0.8384790635922117,threshold-control
60000.0,100.0,0.0016666666666666668,13.684268461909815,100.0,0.8382689241043999,threshold-control
60000.0,100.0,0.0016666666666666668,13.754444197611917,100.0,0.8380585548574799,threshold-control
60000.0,100.0,0.0016666666666666668,13.824619933314018,100.0,0.8378479557137907,threshold-control
60000.0,100.0,0.0016666666666666668,13.89479566901612,100.0,0.8376371265358924,threshold-control
60000.0,100.0,0.0016666666666666668,13.964971404718222,100.0,0.8374260671865688,threshold-control
60000.0,100.0,0.0016666666666666668,14.0,100.0,0.8373206296164133,threshold-control
60000.0,100.0,0.0016666666666666668,14.035147140420323,100.0,0.8372147775288268,threshold-control
60000.0,100.0,0.0016666666666666668,14.105322876122425,100.0,0.8370032574258983,threshold-control
60000.0,100.0,0.0016666666666666668,14.175498611824526,100.0,0.8367915067412405,threshold-control
60000.0,100.0,0.0016666666666666668,14.245674347526627,100.0,0.8365795253385375,threshold-control
60000.0,100.0,0.0016666666666666668,14.31585008322873,100.0,0.8363673130817009,threshold-control
60000.0,100.0,0.0016666666666666668,14.38602581893083,100.0,0.8361548698348704,threshold-control
60000.0,100.0,0.0016666666666666668,14.456201554632933,100.0,0.8359421954624155,threshold-control
60000.0,100.0,0.0016666666666666668,14.526377290335034,100.0,0.8357292898289361,threshold-control
60000.0,100.0,0.0016666666666666668,14.596553026037135,100.0,0.8355161527992634,threshold-control
60000.0,100.0,0.0016666666666666668,14.666728761739238,100.0,0.8353027842384604,threshold-control
60000.0,100.0,0.0016666666666666668,14.736904497441339,100.0,0.8350891840118243,threshold-control
60000.0,100.0,0.0016666666666666668,14.807080233143441,100.0,0.8348753519848857,threshold-control
60000.0,100.0,0.0016666666666666668,14.877255968845542,100.0,0.8346612880234109,threshold-control
60000.0,100.0,0.0016666666666666668,14.947431704547645,100.0,0.834446991993402,threshold-control
60000.0,100.0,0.0016666666666666668,15.0,100.0,0.8342863117876433,threshold-control
60000.0,100.0,0.0016666666666666668,15.017607440249746,100.0,0.8342324637610985,threshold-control
60000.0,100.0,0.0016666666666666668,15.087783175951847,100.0,0.8340177031929777,threshold-control
60000.0,100.0,0.0016666666666666668,15.15795891165395,100.0,0.8338027101557564,threshold-control
60000.0,100.0,0.0016666666666666668,15.22813464735605,100.0,0.8335874845163908,threshold-control
60000.0,100.0,0.0016666666666666668,15.298310383058153,100.0,0.8333720261420784,threshold-control
60000.0,100.0,0.0016666666666666668,15.368486118760254,100.0,0.8331563349002589,threshold-control
60000.0,100.0,0.0016666666666666668,15.438661854462355,100.0,0.8329404106586145,threshold-control
60000.0,100.0,0.0016666666666666668,15.508837590164458,100.0,0.8327242532850714,threshold-control
60000.0,100.0,0.0016666666666666668,15.579013325866558,100.0,0.8325078626478009,threshold-control
60000.0,100.0,0.0016666666666666668,15.649189061568661,100.0,0.8322912386152198,threshold-control
60000.0,100.0,0.0016666666666666668,15.719364797270762,100.0,0.8320743810559921,threshold-control
60000.0,100.0,0.0016666666666666668,15.789540532972863,100.0,0.8318572898390294,threshold-control
60000.0,100.0,0.0016666666666666668,15.859716268674966,100.0,0.8316399648334919,threshold-control
60000.0,100.0,0.0016666666666666668,15.929892004377066,100.0,0.8314224059087899,threshold-control
60000.0,100.0,0.0016666666666666668,16.0,100.0,0.8312048232813047,threshold-control
60000.0,100.0,0.0016666666666666668,16.000067740079167,100.0,0.8312046129345843,threshold-control
60000.0,100.0,0.0016666666666666668,16.07024347578127,100.0,0.8309865857807875,threshold-control
60000.0,100.0,0.0016666666666666668,16.140419211483373,100.0,0.8307683243175651,threshold-control
60000.0,100.0,0.0016666666666666668,16.210594947185474,100.0,0.8305498284153359,threshold-control
60000.0,100.0,0.0016666666666666668,16.280770682887574,100.0,0.8303310979447737,threshold-control
60000.0,100.0,0.0016666666666666668,16.350946418589675,100.0,0.8301121327768075,threshold-control
60000.0,100.0,0.0016666666666666668,16.42112215429178,100.0,0.8298929327826237,threshold-control
60000.0,100.0,0.0016666666666666668,16.49129788999388,100.0,0.8296734978336657,threshold-control
60000.0,100.0,0.0016666666666666668,16.56147362569598,100.0,0.8294538278016357,threshold-control
60000.0,100.0,0.0016666666666666668,16.631649361398082,100.0,0.8292339225584956,threshold-control
60000.0,100.0,0.0016666666666666668,16.701825097100183,100.0,0.8290137819764678,threshold-control
60000.0,100.0,0.0016666666666666668,16.772000832802288,100.0,0.8287934059280364,threshold-control
60000.0,100.0,0.0016666666666666668,16.84217656850439,100.0,0.8285727942859481,threshold-control
60000.0,100.0,0.0016666666666666668,16.91235230420649,100.0,0.828351946923213,threshold-control
60000.0,100.0,0.0016666666666666668,16.98252803990859,100.0,0.8281308637131061,threshold-control
60000.0,100.0,0.0016666666666666668,17.0,100.0,0.8280757829739552,threshold-control
60000.0,100.0,0.0016666666666666668,17.05270377561069,100.0,0.8279095445291677,threshold-control
60000.0,100.0,0.0016666666666666668,17.122879511312796,100.0,0.8276879892452047,threshold-control
60000.0,100.0,0.0016666666666666668,17.193055247014897,100.0,0.827466197735292,threshold-control
60000.0,100.0,0.0016666666666666668,17.263230982716998,100.0,0.8272441698737723,threshold-control
60000.0,100.0,0.0016666666666666668,17.3334067184191,100.0,0.8270219055352588,threshold-control
60000.0,100.0,0.0016666666666666668,17.4035824541212,100.0,0.8267994045946344,threshold-control
60000.0,100.0,0.0016666666666666668,17.473758189823304,100.0,0.8265766669270543,threshold-control
60000.0,100.0,0.0016666666666666668,17.543933925525405,100.0,0.826353692407946,threshold-control
60000.0,100.0,0.0016666666666666668,17.614109661227506,100.0,0.8261304809130104,threshold-control
60000.0,100.0,0.0016666666666666668,17.684285396929607,100.0,0.8259070323182235,threshold-control
60000.0,100.0,0.0016666666666666668,17.754461132631707,100.0,0.8256833464998365,threshold-control
60000.0,100.0,0.0016666666666666668,17.824636868333812,100.0,0.8254594233343773,threshold-control
60000.0,100.0,0.0016666666666666668,17.894812604035913,100.0,0.8252352626986517,threshold-control
60000.0,100.0,0.0016666666666666668,17.964988339738014,100.0,0.8250108644697436,threshold-control
60000.0,100.0,0.0016666666666666668,18.0,100.0,0.8248988201635667,threshold-control
60000.0,100.0,0.0016666666666666668,18.035164075440115,100.0,0.8247862285250173,threshold-control
60000.0,100.0,0.0016666666666666668,18.105339811142215,100.0,0.8245613547421171,threshold-control
60000.0,100.0,0.0016666666666666668,18.17551554684432,100.0,0.8243362429989693,threshold-control
60000.0,100.0,0.0016666666666666668,18.24569128254642,100.0,0.824110893173783,threshold-control
60000.0,100.0,0.0016666666666666668,18.31586701824852,100.0,0.8238853051450508,threshold-control
60000.0,100.0,0.0016666666666666668,18.386042753950623,100.0,0.8236594787915501,threshold-control
60000.0,100.0,0.0016666666666666668,18.456218489652723,100.0,0.823433413992344,threshold-control
60000.0,100.0,0.0016666666666666668,18.526394225354828,100.0,0.8232071106267825,threshold-control
60000.0,100.0,0.0016666666666666668,18.59656996105693,100.0,0.8229805685745034,threshold-control
60000.0,100.0,0.0016666666666666668,18.66674569675903,100.0,0.8227537877154331,threshold-control
60000.0,100.0,0.0016666666666666668,18.73692143246113,100.0,0.8225267679297881,threshold-control
60000.0,100.0,0.0016666666666666668,18.80709716816323,100.0,0.8222995090980755,threshold-control
60000.0,100.0,0.0016666666666666668,18.877272903865336,100.0,0.8220720111010944,threshold-control
60000.0,100.0,0.0016666666666666668,18.947448639567437,100.0,0.8218442738199371,threshold-control
60000.0,100.0,0.0016666666666666668,19.0,100.0,0.821673575152021,threshold-control
60000.0,100.0,0.0016666666666666668,19.017624375269538,100.0,0.8216162971359893,threshold-control
60000.0,100.0,0.0016666666666666668,19.08780011097164,100.0,0.8213880809309319,threshold-control
60000.0,100.0,0.0016666666666666668,19.15797584667374,100.0,0.8211596250867419,threshold-control
60000.0,100.0,0.0016666666666666668,19.228151582375844,100.0,0.820930929485693,threshold-control
60000.0,100.0,0.0016666666666666668,19.298327318077945,100.0,0.8207019940103576,threshold-control
60000.0,100.0,0.0016666666666666668,19.368503053780046,100.0,0.8204728185436063,threshold-control
60000.0,100.0,0.0016666666666666668,19.438678789482147,100.0,0.8202434029686105,threshold-control
60000.0,100.0,0.0016666666666666668,19.508854525184248,100.0,0.8200137471688423,threshold-control
60000.0,100.0,0.0016666666666666668,19.579030260886352,100.0,0.8197838510280764,threshold-control
60000.0,100.0,0.0016666666666666668,19.649205996588453,100.0,0.8195537144303902,threshold-control
60000.0,100.0,0.0016666666666666668,19.719381732290554,100.0,0.8193233372601657,threshold-control
60000.0,100.0,0.0016666666666666668,19.789557467992655,100.0,0.8190927194020902,threshold-control
60000.0,100.0,0.0016666666666666668,19.859733203694756,100.0,0.8188618607411571,threshold-control
60000.0,100.0,0.0016666666666666668,19.92990893939686,100.0,0.8186307611626671,threshold-control
60000.0,100.0,0.0016666666666666668,20.0,100.0,0.8183996998365791,threshold-control
60000.0,100.0,0.0016666666666666668,20.00008467509896,100.0,0.8183994205522297,threshold-control
60000.0,100.0,0.0016666666666666668,20.070260410801062,100.0,0.8181678387957635,threshold-control
60000.0,100.0,0.0016666666666666668,20.140436146503163,100.0,0.8179360157794976,threshold-control
60000.0,100.0,0.0016666666666666668,20.210611882205264,100.0,0.8177039513899728,threshold-control
60000.0,100.0,0.0016666666666666668,20.280787617907368,100.0,0.8174716455140421,threshold-control
60000.0,100.0,0.0016666666666666668,20.35096335360947,100.0,0.8172390980388724,threshold-control
60000.0,100.0,0.0016666666666666668,20.42113908931157,100.0,0.8170063088519453,threshold-control
60000.0,100.0,0.0016666666666666668,20.49131482501367,100.0,0.8167732778410578,threshold-control
60000.0,100.0,0.0016666666666666668,20.561490560715775,100.0,0.8165400048943239,threshold-control
60000.0,100.0,0.0016666666666666668,20.631666296417876,100.0,0.8163064899001751,threshold-control
60000.0,100.0,0.0016666666666666668,20.701842032119977,100.0,0.816072732747362,threshold-control
60000.0,100.0,0.0016666666666666668,20.772017767822078,100.0,0.815838733324955,threshold-control
60000.0,100.0,0.0016666666666666668,20.84219350352418,100.0,0.8156044915223454,threshold-control
60000.0,100.0,0.0016666666666666668,20.912369239226283,100.0,0.8153700072292464,threshold-control
60000.0,100.0,0.0016666666666666668,20.982544974928384,100.0,0.8151352803356942,threshold-control
60000.0,100.0,0.0016666666666666668,21.0,100.0,0.8150768583097946,threshold-control
60000.0,100.0,0.0016666666666666668,21.052720710630485,100.0,0.8149003107320494,threshold-control
60000.0,100.0,0.0016666666666666668,21.122896446332586,100.0,0.8146650983089972,threshold-control
60000.0,100.0,0.0016666666666666668,21.193072182034687,100.0,0.8144296429575496,threshold-control
60000.0,100.0,0.0016666666666666668,21.26324791773679,100.0,0.8141939445690453,threshold-control
60000.0,100.0,0.0016666666666666668,21.333423653438892,100.0,0.8139580030351515,threshold-control
60000.0,100.0,0.0016666666666666668,21.403599389140993,100.0,0.8137218182478648,threshold-control
60000.0,100.0,0.0016666666666666668,21.473775124843094,100.0,0.8134853900995122,threshold-control
60000.0,100.0,0.0016666666666666668,21.543950860545195,100.0,0.8132487184827519,threshold-control
60000.0,100.0,0.0016666666666666668,21.6141265962473,100.0,0.813011803290575,threshold-control
60000.0,100.0,0.0016666666666666668,21.6843023319494,100.0,0.8127746444163059,threshold-control
60000.0,100.0,0.0016666666666666668,21.7544780676515,100.0,0.8125372417536038,threshold-control
60000.0,100.0,0.0016666666666666668,21.824653803353602,100.0,0.8122995951964634,threshold-control
60000.0,100.0,0.0016666666666666668,21.894829539055703,100.0,0.8120617046392165,threshold-control
60000.0,100.0,0.0016666666666666668,21.965005274757807,100.0,0.811823569976532,threshold-control
60000.0,100.0,0.0016666666666666668,22.0,100.0,0.8117047274672966,threshold-control
60000.0,100.0,0.0016666666666666668,22.035181010459908,100.0,0.8115851911034186,threshold-control
60000.0,100.0,0.0016666666666666668,22.10535674616201,100.0,0.8113465679152243,threshold-control
60000.0,100.0,0.0016666666666666668,22.17553248186411,100.0,0.8111077003076385,threshold-control
60000.0,100.0,0.0016666666666666668,22.24570821756621,100.0,0.8108685881766922,threshold-control
60000.0,100.0,0.0016666666666666668,22.315883953268315,100.0,0.8106292314187598,threshold-control
60000.0,100.0,0.0016666666666666668,22.386059688970416,100.0,0.81038962993056,threshold-control
60000.0,100.0,0.0016666666666666668,22.456235424672517,100.0,0.8101497836091567,threshold-control
60000.0,100.0,0.0016666666666666668,22.526411160374618,100.0,0.80990969235196,threshold-control
60000.0,100.0,0.0016666666666666668,22.59658689607672,100.0,0.8096693560567273,threshold-control
60000.0,100.0,0.0016666666666666668,22.666762631778823,100.0,0.8094287746215649,threshold-control
60000.0,100.0,0.0016666666666666668,22.736938367480924,100.0,0.8091879479449283,threshold-control
60000.0,100.0,0.0016666666666666668,22.807114103183025,100.0,0.8089468759256236,threshold-control
60000.0,100.0,0.0016666666666666668,22.877289838885126,100.0,0.8087055584628088,threshold-control
60000.0,100.0,0.0016666666666666668,22.947465574587227,100.0,0.8084639954559942,threshold-control
60000.0,100.0,0.0016666666666666668,23.0,100.0,0.8082829976228277,threshold-control
60000.0,100.0,0.0016666666666666668,23.01764131028933,100.0,0.8082221868050445,threshold-control
60000.0,100.0,0.0016666666666666668,23.087817045991432,100.0,0.807980132410179,threshold-control
60000.0,100.0,0.0016666666666666668,23.157992781693533,100.0,0.8077378321719726,threshold-control
60000.0,100.0,0.0016666666666666668,23.228168517395634,100.0,0.8074952859913579,threshold-control
60000.0,100.0,0.0016666666666666668,23.298344253097735,100.0,0.8072524937696253,threshold-control
60000.0,100.0,0.0016666666666666668,23.36851998879984,100.0,0.8070094554084242,threshold-control
60000.0,100.0,0.0016666666666666668,23.43869572450194,100.0,0.8067661708097645,threshold-control
60000.0,100.0,0.0016666666666666668,23.50887146020404,100.0,0.8065226398760175,threshold-control
60000.0,100.0,0.0016666666666666668,23.579047195906142,100.0,0.8062788625099164,threshold-control
60000.0,100.0,0.0016666666666666668,23.649222931608243,100.0,0.8060348386145587,threshold-control
60000.0,100.0,0.0016666666666666668,23.719398667310347,100.0,0.8057905680934058,threshold-control
60000.0,100.0,0.0016666666666666668,23.78957440301245,100.0,0.805546050850285,threshold-control
60000.0,100.0,0.0016666666666666668,23.85975013871455,100.0,0.8053012867893902,threshold-control
60000.0,100.0,0.0016666666666666668,23.92992587441665,100.0,0.8050562758152832,threshold-control
60000.0,100.0,0.0016666666666666668,24.0,100.0,0.8048113731298755,threshold-control
60000.0,100.0,0.0016666666666666668,24.00010161011875,100.0,0.8048110178328947,threshold-control
60000.0,100.0,0.0016666666666666668,24.070277345820855,100.0,0.8045655127475253,threshold-control
60000.0,100.0,0.0016666666666666668,24.140453081522956,100.0,0.8043197604648467,threshold-control
60000.0,100.0,0.0016666666666666668,24.210628817225057,100.0,0.8040737608909025,threshold-control
60000.0,100.0,0.0016666666666666668,24.280804552927158,100.0,0.8038275139321099,threshold-control
60000.0,100.0,0.0016666666666666668,24.35098028862926,100.0,0.8035810194952601,threshold-control
60000.0,100.0,0.0016666666666666668,24.421156024331363,100.0,0.8033342774875194,threshold-control
60000.0,100.0,0.0016666666666666668,24.491331760033464,100.0,0.8030872878164313,threshold-control
60000.0,100.0,0.0016666666666666668,24.561507495735565,100.0,0.8028400503899162,threshold-control
60000.0,100.0,0.0016666666666666668,24.631683231437666,100.0,0.8025925651162733,threshold-control
60000.0,100.0,0.0016666666666666668,24.70185896713977,100.0,0.8023448319041815,threshold-control
60000.0,100.0,0.0016666666666666668,24.77203470284187,100.0,0.8020968506627006,threshold-control
60000.0,100.0,0.0016666666666666668,24.842210438543972,100.0,0.8018486213012722,threshold-control
60000.0,100.0,0.0016666666666666668,24.912386174246073,100.0,0.8016001437297207,threshold-control
60000.0,100.0,0.0016666666666666668,24.982561909948174,100.0,0.8013514178582548,threshold-control
60000.0,100.0,0.0016666666666666668,25.0,100.0,0.8012895730091938,threshold-control
60000.0,100.0,0.0016666666666666668,25.05273764565028,100.0,0.8011024435974681,threshold-control
60000.0,100.0,0.0016666666666666668,25.12291338135238,100.0,0.8008532208583405,threshold-control
60000.0,100.0,0.0016666666666666668,25.19308911705448,100.0,0.8006037495522393,threshold-control
60000.0,100.0,0.0016666666666666668,25.26326485275658,100.0,0.8003540295909203,threshold-control
60000.0,100.0,0.0016666666666666668,25.333440588458682,100.0,0.8001040608865284,threshold-control
60000.0,100.0,0.0016666666666666668,25.403616324160787,100.0,0.7998538433515993,threshold-control
60000.0,100.0,0.0016666666666666668,25.473792059862888,100.0,0.7996033768990604,threshold-control
60000.0,100.0,0.0016666666666666668,25.54396779556499,100.0,0.7993526614422317,threshold-control
60000.0,100.0,0.0016666666666666668,25.61414353126709,100.0,0.7991016968948272,threshold-control
60000.0,100.0,0.0016666666666666668,25.68431926696919,100.0,0.798850483170956,threshold-control
60000.0,100.0,0.0016666666666666668,25.754495002671295,100.0,0.7985990201851225,threshold-control
60000.0,100.0,0.0016666666666666668,25.824670738373396,100.0,0.7983473078522291,threshold-control
60000.0,100.0,0.0016666666666666668,25.894846474075496,100.0,0.7980953460875758,threshold-control
60000.0,100.0,0.0016666666666666668,25.965022209777597,100.0,0.7978431348068622,threshold-control
60000.0,100.0,0.0016666666666666668,26.0,100.0,0.797717331581464,threshold-control
60000.0,100.0,0.0016666666666666668,26.0351979454797,100.0,0.7975906739261882,threshold-control
60000.0,100.0,0.0016666666666666668,26.105373681181803,100.0,0.7973379633620551,threshold-control
60000.0,100.0,0.0016666666666666668,26.175549416883904,100.0,0.7970850030313669,threshold-control
60000.0,100.0,0.0016666666666666668,26.245725152586004,100.0,0.7968317928514312,threshold-control
60000.0,100.0,0.0016666666666666668,26.315900888288105,100.0,0.7965783327399603,threshold-control
60000.0,100.0,0.0016666666666666668,26.386076623990206,100.0,0.7963246226150726,threshold-control
60000.0,100.0,0.0016666666666666668,26.45625235969231,100.0,0.7960706623952931,threshold-control
60000.0,100.0,0.0016666666666666668,26.52642809539441,100.0,0.7958164519995552,threshold-control
60000.0,100.0,0.0016666666666666668,26.596603831096512,100.0,0.7955619913472011,threshold-control
60000.0,100.0,0.0016666666666666668,26.666779566798613,100.0,0.7953072803579835,threshold-control
60000.0,100.0,0.0016666666666666668,26.736955302500714,100.0,0.7950523189520662,threshold-control
60000.0,100.0,0.0016666666666666668,26.80713103820282,100.0,0.7947971070500256,threshold-control
60000.0,100.0,0.0016666666666666668,26.87730677390492,100.0,0.7945416445728516,threshold-control
60000.0,100.0,0.0016666666666666668,26.94748250960702,100.0,0.7942859314419486,threshold-control
60000.0,100.0,0.0016666666666666668,27.0,100.0,0.794094399104301,threshold-control
60000.0,100.0,0.0016666666666666668,27.01765824530912,100.0,0.7940299675791368,threshold-control
60000.0,100.0,0.0016666666666666668,27.087833981011222,100.0,0.7937737529066533,threshold-control
60000.0,100.0,0.0016666666666666668,27.158009716713327,100.0,0.7935172873471529,threshold-control
60000.0,100.0,0.0016666666666666668,27.228185452415428,100.0,0.7932605708237095,threshold-control
60000.0,100.0,0.0016666666666666668,27.29836118811753,100.0,0.793003603259817,threshold-control
60000.0,100.0,0.0016666666666666668,27.36853692381963,100.0,0.7927463845793907,threshold-control
60000.0,100.0,0.0016666666666666668,27.43871265952173,100.0,0.792488914706768,threshold-control
60000.0,100.0,0.0016666666666666668,27.508888395223835,100.0,0.7922311935667099,threshold-control
60000.0,100.0,0.0016666666666666668,27.579064130925936,100.0,0.7919732210844015,threshold-control
60000.0,100.0,0.0016666666666666668,27.649239866628037,100.0,0.791714997185454,threshold-control
60000.0,100.0,0.0016666666666666668,27.719415602330137,100.0,0.7914565217959048,threshold-control
60000.0,100.0,0.0016666666666666668,27.78959133803224,100.0,0.7911977948422194,threshold-control
60000.0,100.0,0.0016666666666666668,27.859767073734343,100.0,0.790938816251292,threshold-control
60000.0,100.0,0.0016666666666666668,27.929942809436444,100.0,0.790679585950447,threshold-control
60000.0,100.0,0.0016666666666666668,28.0,100.0,0.7904205424127653,threshold-control
60000.0,100.0,0.0016666666666666668,28.000118545138545,100.0,0.7904201038674394,threshold-control
60000.0,100.0,0.0016666666666666668,28.070294280840645,100.0,0.790160369930457,threshold-control
60000.0,100.0,0.0016666666666666668,28.140470016542746,100.0,0.7899003840681205,threshold-control
60000.0,100.0,0.0016666666666666668,28.21064575224485,100.0,0.7896401462094849,threshold-control
60000.0,100.0,0.0016666666666666668,28.28082148794695,100.0,0.7893796562840407,threshold-control
60000.0,100.0,0.0016666666666666668,28.350997223649053,100.0,0.7891189142217154,threshold-control
60000.0,100.0,0.0016666666666666668,28.421172959351154,100.0,0.7888579199528737,threshold-control
60000.0,100.0,0.0016666666666666668,28.491348695053254,100.0,0.788596673408319,threshold-control
60000.0,100.0,0.0016666666666666668,28.56152443075536,100.0,0.788335174519295,threshold-control
60000.0,100.0,0.0016666666666666668,28.63170016645746,100.0,0.7880734232174861,threshold-control
60000.0,100.0,0.0016666666666666668,28.70187590215956,100.0,0.7878114194350186,threshold-control
60000.0,100.0,0.0016666666666666668,28.77205163786166,100.0,0.7875491631044624,threshold-control
60000.0,100.0,0.0016666666666666668,28.842227373563762,100.0,0.7872866541588311,threshold-control
60000.0,100.0,0.0016666666666666668,28.912403109265867,100.0,0.7870238925315842,threshold-control
60000.0,100.0,0.0016666666666666668,28.982578844967968,100.0,0.7867608781566274,threshold-control
60000.0,100.0,0.0016666666666666668,29.0,100.0,0.7866955455624937,threshold-control
60000.0,100.0,0.0016666666666666668,29.05275458067007,100.0,0.7864976109683139,threshold-control
60000.0,100.0,0.0016666666666666668,29.12293031637217,100.0,0.7862340909014456,threshold-control
60000.0,100.0,0.0016666666666666668,29.19310605207427,100.0,0.7859703178912743,threshold-control
60000.0,100.0,0.0016666666666666668,29.263281787776375,100.0,0.7857062918735025,threshold-control
60000.0,100.0,0.0016666666666666668,29.333457523478476,100.0,0.7854420127842846,threshold-control
60000.0,100.0,0.0016666666666666668,29.403633259180577,100.0,0.7851774805602283,threshold-control
60000.0,100.0,0.0016666666666666668,29.473808994882678,100.0,0.7849126951383951,threshold-control
60000.0,100.0,0.0016666666666666668,29.543984730584782,100.0,0.7846476564563021,threshold-control
60000.0,100.0,0.0016666666666666668,29.614160466286883,100.0,0.7843823644519226,threshold-control
60000.0,100.0,0.0016666666666666668,29.684336201988984,100.0,0.7841168190636872,threshold-control
60000.0,100.0,0.0016666666666666668,29.754511937691085,100.0,0.7838510202304854,threshold-control
60000.0,100.0,0.0016666666666666668,29.824687673393186,100.0,0.7835849678916659,threshold-control
60000.0,100.0,0.0016666666666666668,29.89486340909529,100.0,0.7833186619870385,threshold-control
60000.0,100.0,0.0016666666666666668,29.96503914479739,100.0,0.7830521024568745,threshold-control
60000.0,100.0,0.0016666666666666668,30.0,100.0,0.7829192104745196,threshold-control
60000.0,100.0,0.0016666666666666668,30.035214880499492,100.0,0.7827852892419087,threshold-control
60000.0,100.0,0.0016666666666666668,30.105390616201593,100.0,0.7825182222833392,threshold-control
60000.0,100.0,0.0016666666666666668,30.175566351903694,100.0,0.78225090152283,threshold-control
60000.0,100.0,0.0016666666666666668,30.245742087605798,100.0,0.7819833269025105,threshold-control
60000.0,100.0,0.0016666666666666668,30.3159178233079,100.0,0.7817154983649781,threshold-control
60000.0,100.0,0.0016666666666666668,30.38609355901,100.0,0.7814474158532984,threshold-control
60000.0,100.0,0.0016666666666666668,30.4562692947121,100.0,0.7811790793110063,threshold-control
60000.0,100.0,0.0016666666666666668,30.5264450304142,100.0,0.7809104886821079,threshold-control
60000.0,100.0,0.0016666666666666668,30.596620766116306,100.0,0.7806416439110803,threshold-control
60000.0,100.0,0.0016666666666666668,30.666796501818407,100.0,0.7803725449428738,threshold-control
60000.0,100.0,0.0016666666666666668,30.736972237520508,100.0,0.7801031917229126,threshold-control
60000.0,100.0,0.0016666666666666668,30.80714797322261,100.0,0.7798335841970959,threshold-control
60000.0,100.0,0.0016666666666666668,30.87732370892471,100.0,0.7795637223117988,threshold-control
60000.0,100.0,0.0016666666666666668,30.947499444626814,100.0,0.779293606013874,threshold-control
60000.0,100.0,0.0016666666666666668,31.0,100.0,0.7790913575808065,threshold-control
60000.0,100.0,0.0016666666666666668,31.017675180328915,100.0,0.7790232352506519,threshold-control
60000.0,100.0,0.0016666666666666668,31.087850916031016,100.0,0.7787526099699429,threshold-control
60000.0,100.0,0.0016666666666666668,31.158026651733117,100.0,0.7784817301200374,threshold-control
60000.0,100.0,0.0016666666666666668,31.228202387435218,100.0,0.7782105956497075,threshold-control
60000.0,100.0,0.0016666666666666668,31.298378123137322,100.0,0.7779392065082082,threshold-control
60000.0,100.0,0.0016666666666666668,31.368553858839423,100.0,0.777667562645278,threshold-control
60000.0,100.0,0.0016666666666666668,31.438729594541524,100.0,0.7773956640111401,threshold-control
60000.0,100.0,0.0016666666666666668,31.508905330243625,100.0,0.7771235105565044,threshold-control
60000.0,100.0,0.0016666666666666668,31.579081065945726,100.0,0.7768511022325667,threshold-control
60000.0,100.0,0.0016666666666666668,31.64925680164783,100.0,0.776578438991012,threshold-control
60000.0,100.0,0.0016666666666666668,31.71943253734993,100.0,0.7763055207840137,threshold-control
60000.0,100.0,0.0016666666666666668,31.789608273052032,100.0,0.7760323475642361,threshold-control
60000.0,100.0,0.0016666666666666668,31.859784008754133,100.0,0.7757589192848345,threshold-control
60000.0,100.0,0.0016666666666666668,31.929959744456234,100.0,0.775485235899457,threshold-control
60000.0,100.0,0.0016666666666666668,32.0,100.0,0.7752118264694743,threshold-control
60000.0,100.0,0.0016666666666666668,32.000135480158335,100.0,0.7752112973622449,threshold-control
60000.0,100.0,0.0016666666666666668,32.070311215860436,100.0,0.7749371036278347,threshold-control
60000.0,100.0,0.0016666666666666668,32.14048695156254,100.0,0.7746626546513583,threshold-control
60000.0,100.0,0.0016666666666666668,32.210662687264644,100.0,0.7743879503884444,threshold-control
60000.0,100.0,0.0016666666666666668,32.280838422966745,100.0,0.7741129907952198,threshold-control
60000.0,100.0,0.0016666666666666668,32.351014158668846,100.0,0.7738377758283104,threshold-control
60000.0,100.0,0.0016666666666666668,32.42118989437095,100.0,0.773562305444842,threshold-control
60000.0,100.0,0.0016666666666666668,32.49136563007305,100.0,0.7732865796024415,threshold-control
60000.0,100.0,0.0016666666666666668,32.56154136577515,100.0,0.7730105982592387,threshold-control
60000.0,100.0,0.0016666666666666668,32.63171710147725,100.0,0.7727343613738661,threshold-control
60000.0,100.0,0.0016666666666666668,32.70189283717935,100.0,0.772457868905461,threshold-control
60000.0,100.0,0.0016666666666666668,32.77206857288145,100.0,0.7721811208136662,threshold-control
60000.0,100.0,0.0016666666666666668,32.84224430858356,100.0,0.771904117058631,threshold-control
60000.0,100.0,0.0016666666666666668,32.91242004428566,100.0,0.7716268576010126,threshold-control
60000.0,100.0,0.0016666666666666668,32.98259577998776,100.0,0.771349342401977,threshold-control
60000.0,100.0,0.0016666666666666668,33.0,100.0,0.7712804765286556,threshold-control
60000.0,100.0,0.0016666666666666668,33.05277151568986,100.0,0.7710715714231997,threshold-control
60000.0,100.0,0.0016666666666666668,33.12294725139196,100.0,0.7707935446268678,threshold-control
60000.0,100.0,0.0016666666666666668,33.193122987094064,100.0,0.7705152619756799,threshold-control
60000.0,100.0,0.0016666666666666668,33.263298722796165,100.0,0.7702367234328479,threshold-control
60000.0,100.0,0.0016666666666666668,33.333474458498266,100.0,0.7699579289620979,threshold-control
60000.0,100.0,0.0016666666666666668,33.40365019420037,100.0,0.7696788785276716,threshold-control
60000.0,100.0,0.0016666666666666668,33.47382592990247,100.0,0.7693995720943265,threshold-control
60000.0,100.0,0.0016666666666666668,33.544001665604576,100.0,0.7691200096273381,threshold-control
60000.0,100.0,0.0016666666666666668,33.61417740130668,100.0,0.7688401910924998,threshold-control
60000.0,100.0,0.0016666666666666668,33.68435313700878,100.0,0.7685601164561252,threshold-control
60000.0,100.0,0.0016666666666666668,33.75452887271088,100.0,0.7682797856850483,threshold-control
60000.0,100.0,0.0016666666666666668,33.82470460841298,100.0,0.7679991987466248,threshold-control
60000.0,100.0,0.0016666666666666668,33.89488034411508,100.0,0.7677183556087334,threshold-control
60000.0,100.0,0.0016666666666666668,33.96505607981718,100.0,0.7674372562397765,threshold-control
60000.0,100.0,0.0016666666666666668,34.0,100.0,0.767297187587873,threshold-control
60000.0,100.0,0.0016666666666666668,34.03523181551928,100.0,0.7671559006086817,threshold-control
60000.0,100.0,0.0016666666666666668,34.10540755122138,100.0,0.7668742886849025,threshold-control
60000.0,100.0,0.0016666666666666668,34.175583286923484,100.0,0.7665924204384197,threshold-control
60000.0,100.0,0.0016666666666666668,34.24575902262559,100.0,0.766310295839742,threshold-control
60000.0,100.0,0.0016666666666666668,34.31593475832769,100.0,0.7660279148599076,threshold-control
60000.0,100.0,0.0016666666666666668,34.38611049402979,100.0,0.7657452774704849,threshold-control
60000.0,100.0,0.0016666666666666668,34.456286229731894,100.0,0.765462383643574,threshold-control
60000.0,100.0,0.0016666666666666668,34.526461965433995,100.0,0.765179233351807,threshold-control
60000.0,100.0,0.0016666666666666668,34.596637701136096,100.0,0.76489582656835,threshold-control
60000.0,100.0,0.0016666666666666668,34.6668134368382,100.0,0.7646121632669034,threshold-control
60000.0,100.0,0.0016666666666666668,34.7369891725403,100.0,0.7643282434217035,threshold-control
60000.0,100.0,0.0016666666666666668,34.8071649082424,100.0,0.764044067007523,threshold-control
60000.0,100.0,0.0016666666666666668,34.8773406439445,100.0,0.763759633999673,threshold-control
60000.0,100.0,0.0016666666666666668,34.94751637964661,100.0,0.7634749443740028,threshold-control
60000.0,100.0,0.0016666666666666668,35.0,100.0,0.7632618605557913,threshold-control
60000.0,100.0,0.0016666666666666668,35.01769211534871,100.0,0.7631899981069022,threshold-control
60000.0,100.0,0.0016666666666666668,35.08786785105081,100.0,0.7629047951753019,threshold-control
60000.0,100.0,0.0016666666666666668,35.15804358675291,100.0,0.7626193355566739,threshold-control
60000.0,100.0,0.0016666666666666668,35.22821932245501,100.0,0.7623336192290346,threshold-control
60000.0,100.0,0.0016666666666666668,35.29839505815711,100.0,0.7620476461709438,threshold-control
60000.0,100.0,0.0016666666666666668,35.36857079385921,100.0,0.7617614163615064,threshold-control
60000.0,100.0,0.0016666666666666668,35.438746529561314,100.0,0.7614749297803741,threshold-control
60000.0,100.0,0.0016666666666666668,35.508922265263415,100.0,0.7611881864077458,threshold-control
60000.0,100.0,0.0016666666666666668,35.579098000965516,100.0,0.7609011862243684,threshold-control
60000.0,100.0,0.0016666666666666668,35.649273736667624,100.0,0.760613929211539,threshold-control
60000.0,100.0,0.0016666666666666668,35.719449472369725,100.0,0.7603264153511047,threshold-control
60000.0,100.0,0.0016666666666666668,35.789625208071826,100.0,0.7600386446254641,threshold-control
60000.0,100.0,0.0016666666666666668,35.85980094377393,100.0,0.759750617017569,threshold-control
60000.0,100.0,0.0016666666666666668,35.92997667947603,100.0,0.7594623325109242,threshold-control
60000.0,100.0,0.0016666666666666668,36.0,100.0,0.7591744180531521,threshold-control
60000.0,100.0,0.0016666666666666668,36.00015241517813,100.0,0.7591737910895898,threshold-control
60000.0,100.0,0.0016666666666666668,36.07032815088023,100.0,0.7588849927381813,threshold-control
60000.0,100.0,0.0016666666666666668,36.14050388658233,100.0,0.7585959374418711,threshold-control
60000.0,100.0,0.0016666666666666668,36.21067962228443,100.0,0.7583066251863898,threshold-control
60000.0,100.0,0.0016666666666666668,36.28085535798654,100.0,0.7580170559580264,threshold-control
60000.0,100.0,0.0016666666666666668,36.35103109368864,100.0,0.75772722974363,threshold-control
60000.0,100.0,0.0016666666666666668,36.42120682939074,100.0,0.7574371465306112,threshold-control
60000.0,100.0,0.0016666666666666668,36.49138256509284,100.0,0.7571468063069421,threshold-control
60000.0,100.0,0.0016666666666666668,36.56155830079494,100.0,0.756856209061158,threshold-control
60000.0,100.0,0.0016666666666666668,36.63173403649704,100.0,0.7565653547823585,threshold-control
60000.0,100.0,0.0016666666666666668,36.701909772199144,100.0,0.7562742434602086,threshold-control
60000.0,100.0,0.0016666666666666668,36.772085507901245,100.0,0.7559828750849386,threshold-control
60000.0,100.0,0.0016666666666666668,36.842261243603346,100.0,0.755691249647347,threshold-control
60000.0,100.0,0.0016666666666666668,36.91243697930545,100.0,0.7553993671388004,threshold-control
60000.0,100.0,0.0016666666666666668,36.982612715007555,100.0,0.7551072275512343,threshold-control
60000.0,100.0,0.0016666666666666668,37.0,100.0,0.7550348050396649,threshold-control
60000.0,100.0,0.0016666666666666668,37.052788450709656,100.0,0.7548148308771551,threshold-control
60000.0,100.0,0.0016666666666666668,37.12296418641176,100.0,0.7545221771096401,threshold-control
60000.0,100.0,0.0016666666666666668,37.19313992211386,100.0,0.7542292662423393,threshold-control
60000.0,100.0,0.0016666666666666668,37.26331565781596,100.0,0.7539360982694764,threshold-control
60000.0,100.0,0.0016666666666666668,37.33349139351806,100.0,0.7536426731858489,threshold-control
60000.0,100.0,0.0016666666666666668,37.40366712922016,100.0,0.7533489909868305,threshold-control
60000.0,100.0,0.0016666666666666668,37.47384286492226,100.0,0.7530550516683708,threshold-control
60000.0,100.0,0.0016666666666666668,37.54401860062436,100.0,0.7527608552269978,threshold-control
60000.0,100.0,0.0016666666666666668,37.61419433632646,100.0,0.7524664016598173,threshold-control
60000.0,100.0,0.0016666666666666668,37.68437007202857,100.0,0.7521716909645151,threshold-control
60000.0,100.0,0.0016666666666666668,37.75454580773067,100.0,0.7518767231393574,threshold-control
60000.0,100.0,0.0016666666666666668,37.82472154343277,100.0,0.7515814981831924,threshold-control
60000.0,100.0,0.0016666666666666668,37.894897279134874,100.0,0.7512860160954508,threshold-control
60000.0,100.0,0.0016666666666666668,37.965073014836975,100.0,0.7509902768761467,threshold-control
60000.0,100.0,0.0016666666666666668,38.0,100.0,0.7508429894335854,threshold-control
60000.0,100.0,0.0016666666666666668,38.035248750539076,100.0,0.7506942805258795,threshold-control
60000.0,100.0,0.0016666666666666668,38.105424486241176,100.0,0.7503980270458339,threshold-control
60000.0,100.0,0.0016666666666666668,38.17560022194328,100.0,0.7501015164377813,threshold-control
60000.0,100.0,0.0016666666666666668,38.24577595764538,100.0,0.7498047487040813,threshold-control
60000.0,100.0,0.0016666666666666668,38.31595169334748,100.0,0.7495077238476817,threshold-control
60000.0,100.0,0.0016666666666666668,38.38612742904959,100.0,0.7492104418721204,threshold-control
60000.0,100.0,0.0016666666666666668,38.45630316475169,100.0,0.7489129027815262,threshold-control
60000.0,100.0,0.0016666666666666668,38.52647890045379,100.0,0.7486151065806192,threshold-control
60000.0,100.0,0.0016666666666666668,38.59665463615589,100.0,0.7483170532747128,threshold-control
60000.0,100.0,0.0016666666666666668,38.66683037185799,100.0,0.7480187428697138,threshold-control
60000.0,100.0,0.0016666666666666668,38.73700610756009,100.0,0.7477201753721243,threshold-control
60000.0,100.0,0.0016666666666666668,38.80718184326219,100.0,0.7474213507890417,threshold-control
60000.0,100.0,0.0016666666666666668,38.87735757896429,100.0,0.7471222691281605,threshold-control
60000.0,100.0,0.0016666666666666668,38.947533314666394,100.0,0.7468229303977729,threshold-control
60000.0,100.0,0.0016666666666666668,39.0,100.0,0.7465989627226819,threshold-control
60000.0,100.0,0.0016666666666666668,39.017709050368495,100.0,0.7465233346067697,threshold-control
60000.0,100.0,0.0016666666666666668,39.0878847860706,100.0,0.7462234817646418,threshold-control
60000.0,100.0,0.0016666666666666668,39.158060521772704,100.0,0.7459233718814811,threshold-control
60000.0,100.0,0.0016666666666666668,39.228236257474805,100.0,0.7456230049679804,threshold-control
60000.0,100.0,0.0016666666666666668,39.298411993176906,100.0,0.7453223810354364,threshold-control
60000.0,100.0,0.0016666666666666668,39.36858772887901,100.0,0.7450215000957485,threshold-control
60000.0,100.0,0.0016666666666666668,39.43876346458111,100.0,0.7447203621614216,threshold-control
60000.0,100.0,0.0016666666666666668,39.50893920028321,100.0,0.744418967245566,threshold-control
60000.0,100.0,0.0016666666666666668,39.57911493598531,100.0,0.744117315361899,threshold-control
60000.0,100.0,0.0016666666666666668,39.64929067168741,100.0,0.743815406524745,threshold-control
60000.0,100.0,0.0016666666666666668,39.71946640738951,100.0,0.7435132407490379,threshold-control
60000.0,100.0,0.0016666666666666668,39.78964214309162,100.0,0.7432108180503205,threshold-control
60000.0,100.0,0.0016666666666666668,39.85981787879372,100.0,0.7429081384447468,threshold-control
60000.0,100.0,0.0016666666666666668,39.92999361449582,100.0,0.7426052019490821,threshold-control
60000.0,100.0,0.0016666666666666668,40.0,100.0,0.7423027405652524,threshold-control
60000.0,100.0,0.0016666666666666668,40.00016935019792,100.0,0.7423020085807045,threshold-control
60000.0,100.0,0.0016666666666666668,40.07034508590002,100.0,0.7419985583576054,threshold-control
60000.0,100.0,0.0016666666666666668,40.140520821602124,100.0,0.7416948512983911,threshold-control
60000.0,100.0,0.0016666666666666668,40.210696557304225,100.0,0.741390887422283,threshold-control
60000.0,100.0,0.0016666666666666668,40.280872293006325,100.0,0.7410866667491193,threshold-control
60000.0,100.0,0.0016666666666666668,40.351048028708426,100.0,0.7407821892993556,threshold-control
60000.0,100.0,0.0016666666666666668,40.42122376441053,100.0,0.7404774550940656,threshold-control
60000.0,100.0,0.0016666666666666668,40.491399500112635,100.0,0.7401724641549429,threshold-control
60000.0,100.0,0.0016666666666666668,40.561575235814736,100.0,0.7398672165043009,threshold-control
60000.0,100.0,0.0016666666666666668,40.63175097151684,100.0,0.7395617121650746,threshold-control
60000.0,100.0,0.0016666666666666668,40.70192670721894,100.0,0.7392559511608212,threshold-control
60000.0,100.0,0.0016666666666666668,40.77210244292104,100.0,0.7389499335157212,threshold-control
60000.0,100.0,0.0016666666666666668,40.84227817862314,100.0,0.7386436592545789,threshold-control
60000.0,100.0,0.0016666666666666668,40.91245391432524,100.0,0.7383371284028241,threshold-control
60000.0,100.0,0.0016666666666666668,40.98262965002734,100.0,0.7380303409865123,threshold-control
60000.0,100.0,0.0016666666666666668,41.0,100.0,0.7379543633798255,threshold-control
60000.0,100.0,0.0016666666666666668,41.05280538572944,100.0,0.7377232970323266,threshold-control
60000.0,100.0,0.0016666666666666668,41.12298112143155,100.0,0.7374159965675775,threshold-control
60000.0,100.0,0.0016666666666666668,41.19315685713365,100.0,0.7371084396202046,threshold-control
60000.0,100.0,0.0016666666666666668,41.26333259283575,100.0,0.7368006262187772,threshold-control
60000.0,100.0,0.0016666666666666668,41.33350832853785,100.0,0.7364925563924956,threshold-control
60000.0,100.0,0.0016666666666666668,41.403684064239954,100.0,0.7361842301711918,threshold-control
60000.0,100.0,0.0016666666666666668,41.473859799942055,100.0,0.7358756475853304,threshold-control
60000.0,100.0,0.0016666666666666668,41.544035535644156,100.0,0.7355668086660097,threshold-control
60000.0,100.0,0.0016666666666666668,41.61421127134626,100.0,0.7352577134449622,threshold-control
60000.0,100.0,0.0016666666666666668,41.68438700704836,100.0,0.7349483619545563,threshold-control
60000.0,100.0,0.0016666666666666668,41.75456274275046,100.0,0.7346387542277966,threshold-control
60000.0,100.0,0.0016666666666666668,41.824738478452566,100.0,0.7343288902983247,threshold-control
60000.0,100.0,0.0016666666666666668,41.89491421415467,100.0,0.7340187702004213,threshold-control
60000.0,100.0,0.0016666666666666668,41.96508994985677,100.0,0.7337083939690054,threshold-control
60000.0,100.0,0.0016666666666666668,42.0,100.0,0.733553896922152,threshold-control
60000.0,100.0,0.0016666666666666668,42.03526568555887,100.0,0.7333977616396365,threshold-control
60000.0,100.0,0.0016666666666666668,42.10544142126097,100.0,0.7330868732485152,threshold-control
60000.0,100.0,0.0016666666666666668,42.17561715696307,100.0,0.7327757288324837,threshold-control
60000.0,100.0,0.0016666666666666668,42.24579289266517,100.0,0.7324643284290273,threshold-control
60000.0,100.0,0.0016666666666666668,42.31596862836727,100.0,0.732152672076275,threshold-control
60000.0,100.0,0.0016666666666666668,42.386144364069374,100.0,0.7318407598130005,threshold-control
60000.0,100.0,0.0016666666666666668,42.456320099771474,100.0,0.7315285916786229,threshold-control
60000.0,100.0,0.0016666666666666668,42.52649583547358,100.0,0.7312161677132081,threshold-control
60000.0,100.0,0.0016666666666666668,42.59667157117568,100.0,0.7309034879574692,threshold-control
60000.0,100.0,0.0016666666666666668,42.666847306877784,100.0,0.7305905524527676,threshold-control
60000.0,100.0,0.0016666666666666668,42.737023042579885,100.0,0.7302773612411139,threshold-control
60000.0,100.0,0.0016666666666666668,42.807198778281986,100.0,0.7299639143651688,threshold-control
60000.0,100.0,0.0016666666666666668,42.87737451398409,100.0,0.7296502118682442,threshold-control
60000.0,100.0,0.0016666666666666668,42.94755024968619,100.0,0.7293362537943036,threshold-control
60000.0,100.0,0.0016666666666666668,43.0,100.0,0.7291014328480638,threshold-control
60000.0,100.0,0.0016666666666666668,43.01772598538829,100.0,0.7290220401879632,threshold-control
60000.0,100.0,0.0016666666666666668,43.08790172109039,100.0,0.7287075710944935,threshold-control
60000.0,100.0,0.0016666666666666668,43.15807745679249,100.0,0.7283928465598186,threshold-control
60000.0,100.0,0.0016666666666666668,43.2282531924946,100.0,0.728077866630519,threshold-control
60000.0,100.0,0.0016666666666666668,43.2984289281967,100.0,0.7277626313538308,threshold-control
60000.0,100.0,0.0016666666666666668,43.3686046638988,100.0,0.7274471407776479,threshold-control
60000.0,100.0,0.0016666666666666668,43.4387803996009,100.0,0.7271313949505217,threshold-control
60000.0,100.0,0.0016666666666666668,43.508956135303,100.0,0.7268153939216632,threshold-control
60000.0,100.0,0.0016666666666666668,43.5791318710051,100.0,0.7264991377409425,threshold-control
60000.0,100.0,0.0016666666666666668,43.649307606707204,100.0,0.7261826264588912,threshold-control
60000.0,100.0,0.0016666666666666668,43.719483342409305,100.0,0.7258658601267018,threshold-control
60000.0,100.0,0.0016666666666666668,43.789659078111406,100.0,0.7255488387962299,threshold-control
60000.0,100.0,0.0016666666666666668,43.85983481381351,100.0,0.7252315625199939,threshold-control
60000.0,100.0,0.0016666666666666668,43.930010549515615,100.0,0.7249140313511764,threshold-control
60000.0,100.0,0.0016666666666666668,44.0,100.0,0.7245970892607567,threshold-control
60000.0,100.0,0.0016666666666666668,44.000186285217715,100.0,0.7245962453436252,threshold-control
60000.0,100.0,0.0016666666666666668,44.070362020919816,100.0,0.7242782045518543,threshold-control
60000.0,100.0,0.0016666666666666668,44.14053775662192,100.0,0.723959909031044,threshold-control
60000.0,100.0,0.0016666666666666668,44.21071349232402,100.0,0.7236413588370422,threshold-control
60000.0,100.0,0.0016666666666666668,44.28088922802612,100.0,0.7233225540263656,threshold-control
60000.0,100.0,0.0016666666666666668,44.35106496372822,100.0,0.7230034946562,threshold-control
60000.0,100.0,0.0016666666666666668,44.42124069943032,100.0,0.7226841807844013,threshold-control
60000.0,100.0,0.0016666666666666668,44.49141643513242,100.0,0.7223646124694965,threshold-control
60000.0,100.0,0.0016666666666666668,44.56159217083452,100.0,0.7220447897706844,threshold-control
60000.0,100.0,0.0016666666666666668,44.63176790653663,100.0,0.7217247127478366,threshold-control
60000.0,100.0,0.0016666666666666668,44.70194364223873,100.0,0.7214043814614979,threshold-control
60000.0,100.0,0.0016666666666666668,44.77211937794083,100.0,0.7210837959728877,threshold-control
60000.0,100.0,0.0016666666666666668,44.84229511364293,100.0,0.7207629563439009,threshold-control
60000.0,100.0,0.0016666666666666668,44.912470849345034,100.0,0.7204418626371077,threshold-control
60000.0,100.0,0.0016666666666666668,44.982646585047135,100.0,0.7201205149157556,threshold-control
60000.0,100.0,0.0016666666666666668,45.0,100.0,0.7200410112410358,threshold-control
60000.0,100.0,0.0016666666666666668,45.052822320749236,100.0,0.7197989132437694,threshold-control
60000.0,100.0,0.0016666666666666668,45.12299805645134,100.0,0.719477057685753,threshold-control
60000.0,100.0,0.0016666666666666668,45.19317379215344,100.0,0.719154948306989,threshold-control
60000.0,100.0,0.0016666666666666668,45.263349527855546,100.0,0.7188325851734403,threshold-control
60000.0,100.0,0.0016666666666666668,45.33352526355765,100.0,0.7185099683517508,threshold-control
60000.0,100.0,0.0016666666666666668,45.40370099925975,100.0,0.7181870979092462,threshold-control
60000.0,100.0,0.0016666666666666668,45.47387673496185,100.0,0.7178639739139347,threshold-control
60000.0,100.0,0.0016666666666666668,45.54405247066395,100.0,0.7175405964345076,threshold-control
60000.0,100.0,0.0016666666666666668,45.61422820636605,100.0,0.7172169655403408,threshold-control
60000.0,100.0,0.0016666666666666668,45.68440394206815,100.0,0.7168930813014947,threshold-control
60000.0,100.0,0.0016666666666666668,45.75457967777025,100.0,0.7165689437887158,threshold-control
60000.0,100.0,0.0016666666666666668,45.82475541347235,100.0,0.7162445530734372,threshold-control
60000.0,100.0,0.0016666666666666668,45.894931149174454,100.0,0.7159199092277788,threshold-control
60000.0,100.0,0.0016666666666666668,45.96510688487656,100.0,0.7155950123245493,threshold-control
60000.0,100.0,0.0016666666666666668,46.0,100.0,0.7154333713590413,threshold-control
60000.0,100.0,0.0016666666666666668,46.03528262057866,100.0,0.7152698624372459,threshold-control
60000.0,100.0,0.0016666666666666668,46.105458356280764,100.0,0.7149444596400556,threshold-control
60000.0,100.0,0.0016666666666666668,46.175634091982865,100.0,0.714618804007856,threshold-control
60000.0,100.0,0.0016666666666666668,46.245809827684965,100.0,0.714292895616216,threshold-control
60000.0,100.0,0.0016666666666666668,46.315985563387066,100.0,0.7139667345413963,threshold-control
60000.0,100.0,0.0016666666666666668,46.38616129908917,100.0,0.7136403208603505,threshold-control
60000.0,100.0,0.0016666666666666668,46.45633703479127,100.0,0.7133136546507257,threshold-control
60000.0,100.0,0.0016666666666666668,46.52651277049337,100.0,0.7129867359908637,threshold-control
60000.0,100.0,0.0016666666666666668,46.59668850619547,100.0,0.7126595649598013,threshold-control
60000.0,100.0,0.0016666666666666668,46.66686424189758,100.0,0.7123321416372707,threshold-control
60000.0,100.0,0.0016666666666666668,46.73703997759968,100.0,0.7120044661037013,threshold-control
60000.0,100.0,0.0016666666666666668,46.80721571330178,100.0,0.7116765384402197,threshold-control
60000.0,100.0,0.0016666666666666668,46.87739144900388,100.0,0.7113483587286507,threshold-control
60000.0,100.0,0.0016666666666666668,46.94756718470598,100.0,0.7110199270515177,threshold-control
60000.0,100.0,0.0016666666666666668,47.0,100.0,0.7107743701659667,threshold-control
60000.0,100.0,0.0016666666666666668,47.01774292040808,100.0,0.7106912434920443,threshold-control
60000.0,100.0,0.0016666666666666668,47.08791865611018,100.0,0.7103623081341541,threshold-control
60000.0,100.0,0.0016666666666666668,47.158094391812284,100.0,0.7100331210624717,threshold-control
60000.0,100.0,0.0016666666666666668,47.228270127514385,100.0,0.709703682362324,threshold-control
60000.0,100.0,0.0016666666666666668,47.298445863216486,100.0,0.7093739921197403,threshold-control
60000.0,100.0,0.0016666666666666668,47.368621598918594,100.0,0.709044050421453,threshold-control
60000.0,100.0,0.0016666666666666668,47.438797334620695,100.0,0.708713857354899,threshold-control
60000.0,100.0,0.0016666666666666668,47.508973070322796,100.0,0.7083834130082198,threshold-control
60000.0,100.0,0.0016666666666666668,47.5791488060249,100.0,0.7080527174702624,threshold-control
60000.0,100.0,0.0016666666666666668,47.649324541727,100.0,0.7077217708305799,threshold-control
60000.0,100.0,0.0016666666666666668,47.7195002774291,100.0,0.7073905731794327,threshold-control
60000.0,100.0,0.0016666666666666668,47.7896760131312,100.0,0.7070591246077886,threshold-control
60000.0,100.0,0.0016666666666666668,47.8598517488333,100.0,0.7067274252073239,threshold-control
60000.0,100.0,0.0016666666666666668,47.9300274845354,100.0,0.706395475070424,threshold-control
60000.0,100.0,0.0016666666666666668,48.0,100.0,0.7060642366642669,threshold-control
60000.0,100.0,0.0016666666666666668,48.0002032202375,100.0,0.7060632742901839,threshold-control
60000.0,100.0,0.0016666666666666668,48.07037895593961,100.0,0.7057308229604095,threshold-control
60000.0,100.0,0.0016666666666666668,48.14055469164171,100.0,0.7053981211756175,threshold-control
60000.0,100.0,0.0016666666666666668,48.21073042734381,100.0,0.705065169031037,threshold-control
60000.0,100.0,0.0016666666666666668,48.28090616304591,100.0,0.7047319666226091,threshold-control
60000.0,100.0,0.0016666666666666668,48.35108189874801,100.0,0.7043985140469884,threshold-control
60000.0,100.0,0.0016666666666666668,48.421257634450114,100.0,0.7040648114015438,threshold-control
60000.0,100.0,0.0016666666666666668,48.491433370152215,100.0,0.7037308587843583,threshold-control
60000.0,100.0,0.0016666666666666668,48.561609105854316,100.0,0.7033966562942306,threshold-control
60000.0,100.0,0.0016666666666666668,48.63178484155642,100.0,0.7030622040306754,threshold-control
60000.0,100.0,0.0016666666666666668,48.70196057725852,100.0,0.7027275020939241,threshold-control
60000.0,100.0,0.0016666666666666668,48.772136312960626,100.0,0.7023925505849251,threshold-control
60000.0,100.0,0.0016666666666666668,48.84231204866273,100.0,0.7020573496053455,threshold-control
60000.0,100.0,0.0016666666666666668,48.91248778436483,100.0,0.7017218992575702,threshold-control
60000.0,100.0,0.0016666666666666668,48.98266352006693,100.0,0.7013861996447044,threshold-control
60000.0,100.0,0.0016666666666666668,49.0,100.0,0.7013032287548551,threshold-control
60000.0,100.0,0.0016666666666666668,49.05283925576903,100.0,0.7010502508705727,threshold-control
60000.0,100.0,0.0016666666666666668,49.12301499147113,100.0,0.7007140530397205,threshold-control
60000.0,100.0,0.0016666666666666668,49.19319072717323,100.0,0.7003776062574144,threshold-control
60000.0,100.0,0.0016666666666666668,49.26336646287533,100.0,0.7000409106296435,threshold-control
60000.0,100.0,0.0016666666666666668,49.33354219857743,100.0,0.6997039662631186,threshold-control
60000.0,100.0,0.0016666666666666668,49.40371793427954,100.0,0.6993667732652747,threshold-control
60000.0,100.0,0.0016666666666666668,49.47389366998164,100.0,0.6990293317442702,threshold-control
60000.0,100.0,0.0016666666666666668,49.54406940568374,100.0,0.6986916418089879,threshold-control
60000.0,100.0,0.0016666666666666668,49.614245141385844,100.0,0.698353703569036,threshold-control
60000.0,100.0,0.0016666666666666668,49.684420877087945,100.0,0.6980155171347486,threshold-control
60000.0,100.0,0.0016666666666666668,49.754596612790046,100.0,0.6976770826171861,threshold-control
60000.0,100.0,0.0016666666666666668,49.82477234849215,100.0,0.6973384001281355,threshold-control
60000.0,100.0,0.0016666666666666668,49.89494808419425,100.0,0.6969994697801123,threshold-control
60000.0,100.0,0.0016666666666666668,49.96512381989635,100.0,0.6966602916863593,threshold-control
60000.0,100.0,0.0016666666666666668,50.0,100.0,0.6964916336597835,threshold-control
60000.0,100.0,0.0016666666666666668,50.03529955559845,100.0,0.6963208659608491,threshold-control
60000.0,100.0,0.0016666666666666668,50.10547529130056,100.0,0.6959811927182832,threshold-control
60000.0,100.0,0.0016666666666666668,50.17565102700266,100.0,0.6956412720740934,threshold-control
60000.0,100.0,0.0016666666666666668,50.24582676270476,100.0,0.6953011041444421,threshold-control
60000.0,100.0,0.0016666666666666668,50.31600249840686,100.0,0.694960689046223,threshold-control
60000.0,100.0,0.0016666666666666668,50.38617823410896,100.0,0.6946200268970618,threshold-control
60000.0,100.0,0.0016666666666666668,50.45635396981106,100.0,0.6942791178153166,threshold-control
60000.0,100.0,0.0016666666666666668,50.52652970551316,100.0,0.6939379619200784,threshold-control
60000.0,100.0,0.0016666666666666668,50.59670544121526,100.0,0.6935965593311721,threshold-control
60000.0,100.0,0.0016666666666666668,50.666881176917364,100.0,0.6932549101691567,threshold-control
60000.0,100.0,0.0016666666666666668,50.737056912619465,100.0,0.6929130145553262,threshold-control
60000.0,100.0,0.0016666666666666668,50.80723264832157,100.0,0.6925708726117094,threshold-control
60000.0,100.0,0.0016666666666666668,50.877408384023674,100.0,0.6922284844610718,threshold-control
60000.0,100.0,0.0016666666666666668,50.947584119725775,100.0,0.6918858502269147,threshold-control
60000.0,100.0,0.0016666666666666668,51.0,100.0,0.6916297683189112,threshold-control
60000.0,100.0,0.0016666666666666668,51.017759855427876,100.0,0.691542970033477,threshold-control
60000.0,100.0,0.0016666666666666668,51.08793559112998,100.0,0.6911998440057352,threshold-control
60000.0,100.0,0.0016666666666666668,51.15811132683208,100.0,0.6908564722694035,threshold-control
60000.0,100.0,0.0016666666666666668,51.22828706253418,100.0,0.6905128549509352,threshold-control
60000.0,100.0,0.0016666666666666668,51.29846279823628,100.0,0.690168992177523,threshold-control
60000.0,100.0,0.0016666666666666668,51.36863853393838,100.0,0.6898248840770992,threshold-control
60000.0,100.0,0.0016666666666666668,51.43881426964048,100.0,0.6894805307783365,threshold-control
60000.0,100.0,0.0016666666666666668,51.50899000534259,100.0,0.6891359324106484,threshold-control
60000.0,100.0,0.0016666666666666668,51.57916574104469,100.0,0.6887910891041902,threshold-control
60000.0,100.0,0.0016666666666666668,51.64934147674679,100.0,0.6884460009898588,threshold-control
60000.0,100.0,0.0016666666666666668,51.71951721244889,100.0,0.6881006681992936,threshold-control
60000.0,100.0,0.0016666666666666668,51.78969294815099,100.0,0.6877550908648772,threshold-control
60000.0,100.0,0.0016666666666666668,51.859868683853094,100.0,0.6874092691197358,threshold-control
60000.0,100.0,0.0016666666666666668,51.930044419555195,100.0,0.6870632030977393,threshold-control
60000.0,100.0,0.0016666666666666668,52.0,100.0,0.686717979759069,threshold-control
60000.0,100.0,0.0016666666666666668,52.000220155257296,100.0,0.6867168929335024,threshold-control
60000.0,100.0,0.0016666666666666668,52.0703958909594,100.0,0.6863703387623847,threshold-control
60000.0,100.0,0.0016666666666666668,52.1405716266615,100.0,0.6860235407204917,threshold-control
60000.0,100.0,0.0016666666666666668,52.210747362363605,100.0,0.6856764989446746,threshold-control
60000.0,100.0,0.0016666666666666668,52.280923098065706,100.0,0.6853292135725312,threshold-control
60000.0,100.0,0.0016666666666666668,52.35109883376781,100.0,0.6849816847424066,threshold-control
60000.0,100.0,0.0016666666666666668,52.42127456946991,100.0,0.6846339125933931,threshold-control
60000.0,100.0,0.0016666666666666668,52.49145030517201,100.0,0.6842858972653314,threshold-control
60000.0,100.0,0.0016666666666666668,52.56162604087411,100.0,0.6839376388988103,threshold-control
60000.0,100.0,0.0016666666666666668,52.63180177657621,100.0,0.6835891376351677,threshold-control
60000.0,100.0,0.0016666666666666668,52.70197751227831,100.0,0.6832403936164912,threshold-control
60000.0,100.0,0.0016666666666666668,52.77215324798041,100.0,0.682891406985618,threshold-control
60000.0,100.0,0.0016666666666666668,52.84232898368251,100.0,0.6825421778861358,threshold-control
60000.0,100.0,0.0016666666666666668,52.91250471938462,100.0,0.6821927064623832,threshold-control
60000.0,100.0,0.0016666666666666668,52.98268045508672,100.0,0.6818429928594498,threshold-control
60000.0,100.0,0.0016666666666666668,53.0,100.0,0.681756645434249,threshold-control
60000.0,100.0,0.0016666666666666668,53.05285619078882,100.0,0.6814930372231776,threshold-control
60000.0,100.0,0.0016666666666666668,53.123031926490924,100.0,0.68114283970016,threshold-control
60000.0,100.0,0.0016666666666666668,53.193207662193025,100.0,0.6807924004377435,threshold-control
60000.0,100.0,0.0016666666666666668,53.263383397895126,100.0,0.6804417195840278,threshold-control
60000.0,100.0,0.0016666666666666668,53.33355913359723,100.0,0.6800907972878655,threshold-control
60000.0,100.0,0.0016666666666666668,53.40373486929933,100.0,0.6797396336988639,threshold-control
60000.0,100.0,0.0016666666666666668,53.47391060500143,100.0,0.6793882289673843,threshold-control
60000.0,100.0,0.0016666666666666668,53.54408634070353,100.0,0.6790365832445426,threshold-control
60000.0,100.0,0.0016666666666666668,53.61426207640564,100.0,0.6786846966822105,threshold-control
60000.0,100.0,0.0016666666666666668,53.68443781210774,100.0,0.6783325694330149,threshold-control
60000.0,100.0,0.0016666666666666668,53.75461354780984,100.0,0.6779802016503387,threshold-control
60000.0,100.0,0.0016666666666666668,53.82478928351194,100.0,0.6776275934883214,threshold-control
60000.0,100.0,0.0016666666666666668,53.89496501921404,100.0,0.6772747451018595,threshold-control
60000.0,100.0,0.0016666666666666668,53.96514075491614,100.0,0.6769216566466068,threshold-control
60000.0,100.0,0.0016666666666666668,54.0,100.0,0.676746173535363,threshold-control
60000.0,100.0,0.0016666666666666668,54.03531649061824,100.0,0.6765683282789743,threshold-control
60000.0,100.0,0.0016666666666666668,54.105492226320344,100.0,0.6762147601561315,threshold-control
60000.0,100.0,0.0016666666666666668,54.175667962022445,100.0,0.675860952436006,threshold-control
60000.0,100.0,0.0016666666666666668,54.24584369772455,100.0,0.6755069052772846,threshold-control
60000.0,100.0,0.0016666666666666668,54.31601943342665,100.0,0.6751526188394132,threshold-control
60000.0,100.0,0.0016666666666666668,54.386195169128754,100.0,0.6747980932825971,threshold-control
60000.0,100.0,0.0016666666666666668,54.456370904830855,100.0,0.6744433287678014,threshold-control
60000.0,100.0,0.0016666666666666668,54.526546640532956,100.0,0.6740883254567521,threshold-control
60000.0,100.0,0.0016666666666666668,54.59672237623506,100.0,0.6737330835119355,threshold-control
60000.0,100.0,0.0016666666666666668,54.66689811193716,100.0,0.6733776030965986,threshold-control
60000.0,100.0,0.0016666666666666668,54.73707384763926,100.0,0.6730218843747506,threshold-control
60000.0,100.0,0.0016666666666666668,54.80724958334136,100.0,0.6726659275111617,threshold-control
60000.0,100.0,0.0016666666666666668,54.87742531904346,100.0,0.6723097326713645,threshold-control
60000.0,100.0,0.0016666666666666668,54.94760105474557,100.0,0.6719533000216543,threshold-control
60000.0,100.0,0.0016666666666666668,55.0,100.0,0.6716870032681426,threshold-control
60000.0,100.0,0.0016666666666666668,55.01777679044767,100.0,0.6715966297290885,threshold-control
60000.0,100.0,0.0016666666666666668,55.08795252614977,100.0,0.6712397219614883,threshold-control
60000.0,100.0,0.0016666666666666668,55.15812826185187,100.0,0.6708825768874376,threshold-control
60000.0,100.0,0.0016666666666666668,55.22830399755397,100.0,0.6705251946762849,threshold-control
60000.0,100.0,0.0016666666666666668,55.29847973325607,100.0,0.670167575498142,threshold-control
60000.0,100.0,0.0016666666666666668,55.368655468958174,100.0,0.6698097195238855,threshold-control
60000.0,100.0,0.0016666666666666668,55.438831204660275,100.0,0.6694516269251565,threshold-control
60000.0,100.0,0.0016666666666666668,55.509006940362376,100.0,0.6690932978743613,threshold-control
60000.0,100.0,0.0016666666666666668,55.57918267606448,100.0,0.6687347325446715,threshold-control
60000.0,100.0,0.0016666666666666668,55.649358411766585,100.0,0.6683759311100239,threshold-control
60000.0,100.0,0.0016666666666666668,55.719534147468686,100.0,0.668016893745122,threshold-control
60000.0,100.0,0.0016666666666666668,55.78970988317079,100.0,0.6676576206254347,threshold-control
60000.0,100.0,0.0016666666666666668,55.85988561887289,100.0,0.6672981119271977,threshold-control
60000.0,100.0,0.0016666666666666668,55.93006135457499,100.0,0.6669383678274132,threshold-control
60000.0,100.0,0.0016666666666666668,56.0,100.0,0.6665796050977795,threshold-control
60000.0,100.0,0.0016666666666666668,56.00023709027709,100.0,0.6665783885038512,threshold-control
60000.0,100.0,0.0016666666666666668,56.07041282597919,100.0,0.6662181741350481,threshold-control
60000.0,100.0,0.0016666666666666668,56.14058856168129,100.0,0.6658577249003084,threshold-control
60000.0,100.0,0.0016666666666666668,56.21076429738339,100.0,0.6654970409797041,threshold-control
60000.0,100.0,0.0016666666666666668,56.28094003308549,100.0,0.6651361225540755,threshold-control
60000.0,100.0,0.0016666666666666668,56.3511157687876,100.0,0.6647749698050314,threshold-control
60000.0,100.0,0.0016666666666666668,56.4212915044897,100.0,0.6644135829149487,threshold-control
60000.0,100.0,0.0016666666666666668,56.4914672401918,100.0,0.6640519620669738,threshold-control
60000.0,100.0,0.0016666666666666668,56.5616429758939,100.0,0.6636901074450217,threshold-control
60000.0,100.0,0.0016666666666666668,56.631818711596004,100.0,0.6633280192337765,threshold-control
60000.0,100.0,0.0016666666666666668,56.701994447298105,100.0,0.6629656976186928,threshold-control
60000.0,100.0,0.0016666666666666668,56.772170183000206,100.0,0.662603142785994,threshold-control
60000.0,100.0,0.0016666666666666668,56.84234591870231,100.0,0.6622403549226739,threshold-control
60000.0,100.0,0.0016666666666666668,56.91252165440441,100.0,0.6618773342164966,threshold-control
60000.0,100.0,0.0016666666666666668,56.98269739010651,100.0,0.6615140808559965,threshold-control
60000.0,100.0,0.0016666666666666668,57.0,100.0,0.6614244809589458,threshold-control
60000.0,100.0,0.0016666666666666668,57.05287312580862,100.0,0.6611505950304786,threshold-control
60000.0,100.0,0.0016666666666666668,57.12304886151072,100.0,0.6607868769300187,threshold-control
60000.0,100.0,0.0016666666666666668,57.19322459721282,100.0,0.660422926745464,threshold-control
60000.0,100.0,0.0016666666666666668,57.26340033291492,100.0,0.6600587446684326,threshold-control
60000.0,100.0,0.0016666666666666668,57.33357606861702,100.0,0.6596943308913141,threshold-control
60000.0,100.0,0.0016666666666666668,57.40375180431912,100.0,0.6593296856072697,threshold-control
60000.0,100.0,0.0016666666666666668,57.47392754002122,100.0,0.6589648090102327,threshold-control
60000.0,100.0,0.0016666666666666668,57.54410327572332,100.0,0.6585997012949076,threshold-control
60000.0,100.0,0.0016666666666666668,57.614279011425424,100.0,0.6582343626567719,threshold-control
60000.0,100.0,0.0016666666666666668,57.684454747127525,100.0,0.657868793292075,threshold-control
60000.0,100.0,0.0016666666666666668,57.75463048282963,100.0,0.6575029933978388,threshold-control
60000.0,100.0,0.0016666666666666668,57.824806218531734,100.0,0.657136963171858,threshold-control
60000.0,100.0,0.0016666666666666668,57.894981954233835,100.0,0.6567707028126997,threshold-control
60000.0,100.0,0.0016666666666666668,57.965157689935936,100.0,0.6564042125197044,threshold-control
60000.0,100.0,0.0016666666666666668,58.0,100.0,0.6562221644298681,threshold-control
60000.0,100.0,0.0016666666666666668,58.035333425638036,100.0,0.6560374924929855,threshold-control
60000.0,100.0,0.0016666666666666668,58.10550916134014,100.0,0.6556705429334295,threshold-control
60000.0,100.0,0.0016666666666666668,58.17568489704224,100.0,0.6553033640426962,threshold-control
60000.0,100.0,0.0016666666666666668,58.24586063274434,100.0,0.6549359560232193,threshold-control
60000.0,100.0,0.0016666666666666668,58.31603636844644,100.0,0.6545683190782057,threshold-control
60000.0,100.0,0.0016666666666666668,58.38621210414854,100.0,0.6542004534116361,threshold-control
60000.0,100.0,0.0016666666666666668,58.45638783985065,100.0,0.6538323592282651,threshold-control
60000.0,100.0,0.0016666666666666668,58.52656357555275,100.0,0.6534640367336214,threshold-control
60000.0,100.0,0.0016666666666666668,58.59673931125485,100.0,0.6530954861340075,threshold-control
60000.0,100.0,0.0016666666666666668,58.66691504695695,100.0,0.6527267076365002,threshold-control
60000.0,100.0,0.0016666666666666668,58.73709078265905,100.0,0.6523577014489506,threshold-control
60000.0,100.0,0.0016666666666666668,58.80726651836115,100.0,0.6519884677799839,threshold-control
60000.0,100.0,0.0016666666666666668,58.877442254063254,100.0,0.6516190068390001,threshold-control
60000.0,100.0,0.0016666666666666668,58.947617989765355,100.0,0.6512493188361734,threshold-control
60000.0,100.0,0.0016666666666666668,59.0,100.0,0.6509732208691856,threshold-control
60000.0,100.0,0.0016666666666666668,59.017793725467456,100.0,0.6508794039824528,threshold-control
60000.0,100.0,0.0016666666666666668,59.087969461169564,100.0,0.6505092624895616,threshold-control
60000.0,100.0,0.0016666666666666668,59.158145196871665,100.0,0.6501388945699986,threshold-control
60000.0,100.0,0.0016666666666666668,59.228320932573766,100.0,0.6497683004370367,threshold-control
60000.0,100.0,0.0016666666666666668,59.29849666827587,100.0,0.6493974803047238,threshold-control
60000.0,100.0,0.0016666666666666668,59.36867240397797,100.0,0.6490264343878829,threshold-control
60000.0,100.0,0.0016666666666666668,59.43884813968007,100.0,0.6486551629021116,threshold-control
60000.0,100.0,0.0016666666666666668,59.50902387538217,100.0,0.6482836660637827,threshold-control
60000.0,100.0,0.0016666666666666668,59.57919961108427,100.0,0.6479119440900445,threshold-control
60000.0,100.0,0.0016666666666666668,59.64937534678637,100.0,0.6475399971988196,threshold-control
60000.0,100.0,0.0016666666666666668,59.71955108248847,100.0,0.6471678256088059,threshold-control
60000.0,100.0,0.0016666666666666668,59.78972681819058,100.0,0.6467954295394767,threshold-control
60000.0,100.0,0.0016666666666666668,59.85990255389268,100.0,0.6464228092110803,threshold-control
60000.0,100.0,0.0016666666666666668,59.93007828959478,100.0,0.6460499648446401,threshold-control
60000.0,100.0,0.0016666666666666668,60.0,100.0,0.645678247514365,threshold-control
60000.0,100.0,0.0016666666666666668,60.00025402529688,100.0,0.6456768966619545,threshold-control
60000.0,100.0,0.0016666666666666668,60.070429760998984,100.0,0.6453036048855975,threshold-control
60000.0,100.0,0.0016666666666666668,60.140605496701085,100.0,0.6449300897389177,threshold-control
60000.0,100.0,0.0016666666666666668,60.210781232403185,100.0,0.6445563514460394,threshold-control
60000.0,100.0,0.0016666666666666668,60.280956968105286,100.0,0.6441823902318617,threshold-control
60000.0,100.0,0.0016666666666666668,60.35113270380739,100.0,0.6438082063220589,threshold-control
60000.0,100.0,0.0016666666666666668,60.42130843950949,100.0,0.6434337999430804,threshold-control
60000.0,100.0,0.0016666666666666668,60.491484175211596,100.0,0.6430591713221507,threshold-control
60000.0,100.0,0.0016666666666666668,60.5616599109137,100.0,0.6426843206872692,threshold-control
60000.0,100.0,0.0016666666666666668,60.6318356466158,100.0,0.6423092482672108,threshold-control
60000.0,100.0,0.0016666666666666668,60.7020113823179,100.0,0.6419339542915248,threshold-control
60000.0,100.0,0.0016666666666666668,60.77218711802,100.0,0.6415584389905356,threshold-control
60000.0,100.0,0.0016666666666666668,60.8423628537221,100.0,0.6411827025953423,threshold-control
60000.0,100.0,0.0016666666666666668,60.9125385894242,100.0,0.6408067453378195,threshold-control
60000.0,100.0,0.0016666666666666668,60.9827143251263,100.0,0.6404305674506154,threshold-control
60000.0,100.0,0.0016666666666666668,61.0,100.0,0.6403378735405088,threshold-control
60000.0,100.0,0.0016666666666666668,61.0528900608284,100.0,0.6400541691671542,threshold-control
60000.0,100.0,0.0016666666666666668,61.123065796530504,100.0,0.6396775507216335,threshold-control
60000.0,100.0,0.0016666666666666668,61.19324153223261,100.0,0.6393007123490263,threshold-control
60000.0,100.0,0.0016666666666666668,61.26341726793471,100.0,0.6389236542850796,threshold-control
60000.0,100.0,0.0016666666666666668,61.333593003636814,100.0,0.6385463767663149,threshold-control
60000.0,100.0,0.0016666666666666668,61.403768739338915,100.0,0.6381688800300278,threshold-control
60000.0,100.0,0.0016666666666666668,61.473944475041016,100.0,0.6377911643142884,threshold-control
60000.0,100.0,0.0016666666666666668,61.54412021074312,100.0,0.6374132298579407,threshold-control
60000.0,100.0,0.0016666666666666668,61.61429594644522,100.0,0.6370350769006026,threshold-control
60000.0,100.0,0.0016666666666666668,61.68447168214732,100.0,0.6366567056826657,threshold-control
60000.0,100.0,0.0016666666666666668,61.75464741784942,100.0,0.6362781164452957,threshold-control
60000.0,100.0,0.0016666666666666668,61.82482315355152,100.0,0.6358993094304319,threshold-control
60000.0,100.0,0.0016666666666666668,61.89499888925363,100.0,0.6355202848807865,threshold-control
60000.0,100.0,0.0016666666666666668,61.96517462495573,100.0,0.6351410430398458,threshold-control
60000.0,100.0,0.0016666666666666668,62.0,100.0,0.6349527600784588,threshold-control
60000.0,100.0,0.0016666666666666668,62.03535036065783,100.0,0.6347615841518687,threshold-control
60000.0,100.0,0.0016666666666666668,62.10552609635993,100.0,0.6343819084618876,threshold-control
60000.0,100.0,0.0016666666666666668,62.17570183206203,100.0,0.6340020162157072,threshold-control
60000.0,100.0,0.0016666666666666668,62.24587756776413,100.0,0.6336219076599059,threshold-control
60000.0,100.0,0.0016666666666666668,62.316053303466234,100.0,0.6332415830418339,threshold-control
60000.0,100.0,0.0016666666666666668,62.386229039168335,100.0,0.632861042609614,threshold-control
60000.0,100.0,0.0016666666666666668,62.456404774870435,100.0,0.6324802866121414,threshold-control
60000.0,100.0,0.0016666666666666668,62.526580510572536,100.0,0.6320993152990835,threshold-control
60000.0,100.0,0.0016666666666666668,62.596756246274644,100.0,0.6317181289208791,threshold-control
60000.0,100.0,0.0016666666666666668,62.666931981976745,100.0,0.6313367277287394,threshold-control
60000.0,100.0,0.0016666666666666668,62.737107717678846,100.0,0.6309551119746466,threshold-control
60000.0,100.0,0.0016666666666666668,62.80728345338095,100.0,0.6305732819113542,threshold-control
60000.0,100.0,0.0016666666666666668,62.87745918908305,100.0,0.6301912377923873,threshold-control
60000.0,100.0,0.0016666666666666668,62.94763492478515,100.0,0.6298089798720417,threshold-control
60000.0,100.0,0.0016666666666666668,63.0,100.0,0.629523600191158,threshold-control
60000.0,100.0,0.0016666666666666668,63.01781066048725,100.0,0.6294265084053836,threshold-control
60000.0,100.0,0.0016666666666666668,63.08798639618935,100.0,0.62904382364825,threshold-control
60000.0,100.0,0.0016666666666666668,63.15816213189145,100.0,0.628660925857248,threshold-control
60000.0,100.0,0.0016666666666666668,63.22833786759356,100.0,0.6282778152897551,threshold-control
60000.0,100.0,0.0016666666666666668,63.29851360329566,100.0,0.6278944922039182,threshold-control
60000.0,100.0,0.0016666666666666668,63.36868933899776,100.0,0.6275109568586539,threshold-control
60000.0,100.0,0.0016666666666666668,63.43886507469986,100.0,0.6271272095136482,threshold-control
60000.0,100.0,0.0016666666666666668,63.50904081040196,100.0,0.626743250429356,threshold-control
60000.0,100.0,0.0016666666666666668,63.579216546104064,100.0,0.6263590798670011,threshold-control
60000.0,100.0,0.0016666666666666668,63.649392281806165,100.0,0.6259746980885759,threshold-control
60000.0,100.0,0.0016666666666666668,63.719568017508266,100.0,0.625590105356841,threshold-control
60000.0,100.0,0.0016666666666666668,63.78974375321037,100.0,0.6252053019353252,threshold-control
60000.0,100.0,0.0016666666666666668,63.85991948891247,100.0,0.6248202880883246,threshold-control
60000.0,100.0,0.0016666666666666668,63.930095224614575,100.0,0.6244350640809035,threshold-control
60000.0,100.0,0.0016666666666666668,64.0,100.0,0.6240511188073186,threshold-control
60000.0,100.0,0.0016666666666666668,64.00027096031667,100.0,0.6240496301788927,threshold-control
60000.0,100.0,0.0016666666666666668,64.07044669601878,100.0,0.6236639866488902,threshold-control
60000.0,100.0,0.0016666666666666668,64.14062243172087,100.0,0.6232781337582605,threshold-control
60000.0,100.0,0.0016666666666666668,64.21079816742298,100.0,0.6228920717751341,threshold-control
60000.0,100.0,0.0016666666666666668,64.28097390312509,100.0,0.6225058009684081,threshold-control
60000.0,100.0,0.0016666666666666668,64.35114963882718,100.0,0.6221193216077451,threshold-control
60000.0,100.0,0.0016666666666666668,64.42132537452929,100.0,0.6217326339635723,threshold-control
60000.0,100.0,0.0016666666666666668,64.49150111023138,100.0,0.6213457383070828,threshold-control
60000.0,100.0,0.0016666666666666668,64.56167684593349,100.0,0.6209586349102341,threshold-control
60000.0,100.0,0.0016666666666666668,64.63185258163558,100.0,0.620571324045748,threshold-control
60000.0,100.0,0.0016666666666666668,64.70202831733769,100.0,0.6201838059871099,threshold-control
60000.0,100.0,0.0016666666666666668,64.77220405303979,100.0,0.6197960810085696,threshold-control
60000.0,100.0,0.0016666666666666668,64.8423797887419,100.0,0.6194081493851398,threshold-control
60000.0,100.0,0.0016666666666666668,64.91255552444399,100.0,0.6190200113925963,threshold-control
60000.0,100.0,0.0016666666666666668,64.9827312601461,100.0,0.6186316673074772,threshold-control
60000.0,100.0,0.0016666666666666668,65.0,100.0,0.6185360726115153,threshold-control
60000.0,100.0,0.0016666666666666668,65.0529069958482,100.0,0.6182431174070833,threshold-control
60000.0,100.0,0.0016666666666666668,65.1230827315503,100.0,0.6178543619694767,threshold-control
60000.0,100.0,0.0016666666666666668,65.1932584672524,100.0,0.6174654012734814,threshold-control
60000.0,100.0,0.0016666666666666668,65.2634342029545,100.0,0.6170762355986821,threshold-control
60000.0,100.0,0.0016666666666666668,65.33360993865661,100.0,0.6166868652254245,threshold-control
60000.0,100.0,0.0016666666666666668,65.4037856743587,100.0,0.6162972904348147,threshold-control
60000.0,100.0,0.0016666666666666668,65.47396141006081,100.0,0.6159075115087183,threshold-control
60000.0,100.0,0.0016666666666666668,65.5441371457629,100.0,0.6155175287297604,threshold-control
60000.0,100.0,0.0016666666666666668,65.61431288146501,100.0,0.6151273423813257,threshold-control
60000.0,100.0,0.0016666666666666668,65.68448861716712,100.0,0.6147369527475569,threshold-control
60000.0,100.0,0.0016666666666666668,65.75466435286921,100.0,0.6143463601133556,threshold-control
60000.0,100.0,0.0016666666666666668,65.82484008857132,100.0,0.6139555647643806,threshold-control
60000.0,100.0,0.0016666666666666668,65.89501582427341,100.0,0.6135645669870483,threshold-control
60000.0,100.0,0.0016666666666666668,65.96519155997552,100.0,0.6131733670685321,threshold-control
60000.0,100.0,0.0016666666666666668,66.0,100.0,0.6129792498899154,threshold-control
60000.0,100.0,0.0016666666666666668,66.03536729567762,100.0,0.612781965296762,threshold-control
60000.0,100.0,0.0016666666666666668,66.10554303137972,100.0,0.6123903619604236,threshold-control
60000.0,100.0,0.0016666666666666668,66.17571876708182,100.0,0.6119985573489587,threshold-control
60000.0,100.0,0.0016666666666666668,66.24589450278393,100.0,0.6116065517525635,threshold-control
60000.0,100.0,0.0016666666666666668,66.31607023848602,100.0,0.6112143454621897,threshold-control
60000.0,100.0,0.0016666666666666668,66.38624597418813,100.0,0.6108219387695423,threshold-control
60000.0,100.0,0.0016666666666666668,66.45642170989024,100.0,0.6104293319670805,threshold-control
60000.0,100.0,0.0016666666666666668,66.52659744559233,100.0,0.6100365253480168,threshold-control
60000.0,100.0,0.0016666666666666668,66.59677318129444,100.0,0.6096435192063161,threshold-control
60000.0,100.0,0.0016666666666666668,66.66694891699653,100.0,0.6092503138366958,threshold-control
60000.0,100.0,0.0016666666666666668,66.73712465269864,100.0,0.608856909534625,threshold-control
60000.0,100.0,0.0016666666666666668,66.80730038840073,100.0,0.6084633065963237,threshold-control
60000.0,100.0,0.0016666666666666668,66.87747612410284,100.0,0.6080695053187632,threshold-control
60000.0,100.0,0.0016666666666666668,66.94765185980494,100.0,0.6076755059996646,threshold-control
60000.0,100.0,0.0016666666666666668,67.0,100.0,0.6073814703309406,threshold-control
60000.0,100.0,0.0016666666666666668,67.01782759550704,100.0,0.6072813089374984,threshold-control
60000.0,100.0,0.0016666666666666668,67.08800333120915,100.0,0.606886914431485,threshold-control
60000.0,100.0,0.0016666666666666668,67.15817906691125,100.0,0.606492322781593,threshold-control
60000.0,100.0,0.0016666666666666668,67.22835480261335,100.0,0.6060975342885389,threshold-control
60000.0,100.0,0.0016666666666666668,67.29853053831545,100.0,0.6057025492537871,threshold-control
60000.0,100.0,0.0016666666666666668,67.36870627401755,100.0,0.6053073679795488,threshold-control
60000.0,100.0,0.0016666666666666668,67.43888200971965,100.0,0.6049119907687814,threshold-control
60000.0,100.0,0.0016666666666666668,67.50905774542176,100.0,0.6045164179251887,threshold-control
60000.0,100.0,0.0016666666666666668,67.57923348112385,100.0,0.6041206497532192,threshold-control
60000.0,100.0,0.0016666666666666668,67.64940921682596,100.0,0.6037246865580668,threshold-control
60000.0,100.0,0.0016666666666666668,67.71958495252807,100.0,0.6033285286456687,threshold-control
60000.0,100.0,0.0016666666666666668,67.78976068823016,100.0,0.6029321763227067,threshold-control
60000.0,100.0,0.0016666666666666668,67.85993642393227,100.0,0.6025356298966043,threshold-control
60000.0,100.0,0.0016666666666666668,67.93011215963436,100.0,0.6021388896755286,threshold-control
60000.0,100.0,0.0016666666666666668,68.0,100.0,0.6017435847802575,threshold-control
60000.0,100.0,0.0016666666666666668,68.00028789533647,100.0,0.6017419559683879,threshold-control
60000.0,100.0,0.0016666666666666668,68.07046363103856,100.0,0.6013448290848316,threshold-control
60000.0,100.0,0.0016666666666666668,68.14063936674067,100.0,0.6009475093352497,threshold-control
60000.0,100.0,0.0016666666666666668,68.21081510244277,100.0,0.6005499970307724,threshold-control
60000.0,100.0,0.0016666666666666668,68.28099083814487,100.0,0.6001522924832688,threshold-control
60000.0,100.0,0.0016666666666666668,68.35116657384697,100.0,0.5997543960053473,threshold-control
60000.0,100.0,0.0016666666666666668,68.42134230954908,100.0,0.5993563079103537,threshold-control
60000.0,100.0,0.0016666666666666668,68.49151804525118,100.0,0.5989580285123715,threshold-control
60000.0,100.0,0.0016666666666666668,68.56169378095328,100.0,0.5985595581262211,threshold-control
60000.0,100.0,0.0016666666666666668,68.63186951665539,100.0,0.5981608970674588,threshold-control
60000.0,100.0,0.0016666666666666668,68.70204525235748,100.0,0.5977620456523767,threshold-control
60000.0,100.0,0.0016666666666666668,68.77222098805959,100.0,0.597363004198001,threshold-control
60000.0,100.0,0.0016666666666666668,68.84239672376168,100.0,0.5969637730220929,threshold-control
60000.0,100.0,0.0016666666666666668,68.91257245946379,100.0,0.5965643524431463,threshold-control
60000.0,100.0,0.0016666666666666668,68.98274819516588,100.0,0.5961647427803886,threshold-control
60000.0,100.0,0.0016666666666666668,69.0,100.0,0.596066474949588,threshold-control
60000.0,100.0,0.0016666666666666668,69.05292393086799,100.0,0.5957649443537785,threshold-control
60000.0,100.0,0.0016666666666666668,69.1230996665701,100.0,0.5953649574840068,threshold-control
60000.0,100.0,0.0016666666666666668,69.19327540227219,100.0,0.5949647824924945,threshold-control
60000.0,100.0,0.0016666666666666668,69.2634511379743,100.0,0.5945644197013933,threshold-control
60000.0,100.0,0.0016666666666666668,69.3336268736764,100.0,0.5941638694335831,threshold-control
60000.0,100.0,0.0016666666666666668,69.4038026093785,100.0,0.5937631320126735,threshold-control
60000.0,100.0,0.0016666666666666668,69.4739783450806,100.0,0.5933622077630012,threshold-control
60000.0,100.0,0.0016666666666666668,69.5441540807827,100.0,0.5929610970096306,threshold-control
60000.0,100.0,0.0016666666666666668,69.6143298164848,100.0,0.5925598000783521,threshold-control
60000.0,100.0,0.0016666666666666668,69.6845055521869,100.0,0.5921583172956818,threshold-control
60000.0,100.0,0.0016666666666666668,69.754681287889,100.0,0.591756648988861,threshold-control
60000.0,100.0,0.0016666666666666668,69.82485702359111,100.0,0.591354795485855,threshold-control
60000.0,100.0,0.0016666666666666668,69.89503275929322,100.0,0.5909527571153527,threshold-control
60000.0,100.0,0.0016666666666666668,69.96520849499531,100.0,0.5905505342067653,threshold-control
60000.0,100.0,0.0016666666666666668,70.0,100.0,0.5903510530789384,threshold-control
60000.0,100.0,0.0016666666666666668,70.03538423069742,100.0,0.5901481270902265,threshold-control
60000.0,100.0,0.0016666666666666668,70.10555996639951,100.0,0.5897455360965908,threshold-control
60000.0,100.0,0.0016666666666666668,70.17573570210162,100.0,0.5893427615574327,threshold-control
60000.0,100.0,0.0016666666666666668,70.24591143780371,100.0,0.5889398038050471,threshold-control
60000.0,100.0,0.0016666666666666668,70.31608717350582,100.0,0.5885366631724473,threshold-control
60000.0,100.0,0.0016666666666666668,70.38626290920791,100.0,0.5881333399933645,threshold-control
60000.0,100.0,0.0016666666666666668,70.45643864491002,100.0,0.5877298346022471,threshold-control
60000.0,100.0,0.0016666666666666668,70.52661438061213,100.0,0.5873261473342601,threshold-control
60000.0,100.0,0.0016666666666666668,70.59679011631422,100.0,0.5869222785252843,threshold-control
60000.0,100.0,0.0016666666666666668,70.66696585201633,100.0,0.5865182285119149,threshold-control
60000.0,100.0,0.0016666666666666668,70.73714158771843,100.0,0.5861139976314612,threshold-control
60000.0,100.0,0.0016666666666666668,70.80731732342053,100.0,0.5857095862219457,threshold-control
60000.0,100.0,0.0016666666666666668,70.87749305912263,100.0,0.585304994622103,threshold-control
60000.0,100.0,0.0016666666666666668,70.94766879482474,100.0,0.5849002231713795,threshold-control
60000.0,100.0,0.0016666666666666668,71.0,100.0,0.5845982615519512,threshold-control
60000.0,100.0,0.0016666666666666668,71.01784453052683,100.0,0.5844952722099321,threshold-control
60000.0,100.0,0.0016666666666666668,71.08802026622894,100.0,0.5840901420786273,threshold-control
60000.0,100.0,0.0016666666666666668,71.15819600193103,100.0,0.583684833119041,threshold-control
60000.0,100.0,0.0016666666666666668,71.22837173763314,100.0,0.5832793456734566,threshold-control
60000.0,100.0,0.0016666666666666668,71.29854747333525,100.0,0.5828736800848651,threshold-control
60000.0,100.0,0.0016666666666666668,71.36872320903734,100.0,0.582467836696964,threshold-control
60000.0,100.0,0.0016666666666666668,71.43889894473945,100.0,0.5820618158541554,threshold-control
60000.0,100.0,0.0016666666666666668,71.50907468044154,100.0,0.5816556179015471,threshold-control
60000.0,100.0,0.0016666666666666668,71.57925041614365,100.0,0.5812492431849499,threshold-control
60000.0,100.0,0.0016666666666666668,71.64942615184574,100.0,0.5808426920508775,threshold-control
60000.0,100.0,0.0016666666666666668,71.71960188754785,100.0,0.5804359648465455,threshold-control
60000.0,100.0,0.0016666666666666668,71.78977762324995,100.0,0.5800290619198708,threshold-control
60000.0,100.0,0.0016666666666666668,71.85995335895205,100.0,0.57962198361947,threshold-control
60000.0,100.0,0.0016666666666666668,71.93012909465416,100.0,0.5792147302946589,threshold-control
60000.0,100.0,0.0016666666666666668,72.0,100.0,0.5788090724641992,threshold-control
60000.0,100.0,0.0016666666666666668,72.00030483035626,100.0,0.5788073022954521,threshold-control
60000.0,100.0,0.0016666666666666668,72.07048056605836,100.0,0.5783996999725607,threshold-control
60000.0,100.0,0.0016666666666666668,72.14065630176046,100.0,0.5779919236773927,threshold-control
60000.0,100.0,0.0016666666666666668,72.21083203746257,100.0,0.5775839737620514,threshold-control
60000.0,100.0,0.0016666666666666668,72.28100777316466,100.0,0.5771758505793348,threshold-control
60000.0,100.0,0.0016666666666666668,72.35118350886677,100.0,0.5767675544827343,threshold-control
60000.0,100.0,0.0016666666666666668,72.42135924456886,100.0,0.5763590858264338,threshold-control
60000.0,100.0,0.0016666666666666668,72.49153498027097,100.0,0.575950444965309,threshold-control
60000.0,100.0,0.0016666666666666668,72.56171071597308,100.0,0.5755416322549265,threshold-control
60000.0,100.0,0.0016666666666666668,72.63188645167517,100.0,0.5751326480515421,threshold-control
60000.0,100.0,0.0016666666666666668,72.70206218737728,100.0,0.5747234927121003,threshold-control
60000.0,100.0,0.0016666666666666668,72.77223792307937,100.0,0.5743141665942345,threshold-control
60000.0,100.0,0.0016666666666666668,72.84241365878148,100.0,0.5739046700562633,threshold-control
60000.0,100.0,0.0016666666666666668,72.91258939448358,100.0,0.573495003457192,threshold-control
60000.0,100.0,0.0016666666666666668,72.98276513018568,100.0,0.5730851671567102,threshold-control
60000.0,100.0,0.0016666666666666668,73.0,100.0,0.5729844871443548,threshold-control
60000.0,100.0,0.0016666666666666668,73.05294086588778,100.0,0.5726751615151919,threshold-control
60000.0,100.0,0.0016666666666666668,73.12311660158989,100.0,0.5722649868936933,threshold-control
60000.0,100.0,0.0016666666666666668,73.19329233729198,100.0,0.5718546436539524,threshold-control
60000.0,100.0,0.0016666666666666668,73.26346807299409,100.0,0.5714441321583881,threshold-control
60000.0,100.0,0.0016666666666666668,73.3336438086962,100.0,0.5710334527700989,threshold-control
60000.0,100.0,0.0016666666666666668,73.40381954439829,100.0,0.570622605852862,threshold-control
60000.0,100.0,0.0016666666666666668,73.4739952801004,100.0,0.5702115917711318,threshold-control
60000.0,100.0,0.0016666666666666668,73.54417101580249,100.0,0.56980041089004,threshold-control
60000.0,100.0,0.0016666666666666668,73.6143467515046,100.0,0.5693890635753934,threshold-control
60000.0,100.0,0.0016666666666666668,73.68452248720669,100.0,0.5689775501936734,threshold-control
60000.0,100.0,0.0016666666666666668,73.7546982229088,100.0,0.5685658711120344,threshold-control
60000.0,100.0,0.0016666666666666668,73.8248739586109,100.0,0.5681540266983038,threshold-control
60000.0,100.0,0.0016666666666666668,73.895049694313,100.0,0.5677420173209797,threshold-control
60000.0,100.0,0.0016666666666666668,73.96522543001511,100.0,0.567329843349231,threshold-control
60000.0,100.0,0.0016666666666666668,74.0,100.0,0.5671255356282836,threshold-control
60000.0,100.0,0.0016666666666666668,74.0354011657172,100.0,0.566917505152895,threshold-control
60000.0,100.0,0.0016666666666666668,74.10557690141931,100.0,0.5665050031024774,threshold-control
60000.0,100.0,0.0016666666666666668,74.1757526371214,100.0,0.5660923375691509,threshold-control
60000.0,100.0,0.0016666666666666668,74.24592837282351,100.0,0.565679508924754,threshold-control
60000.0,100.0,0.0016666666666666668,74.31610410852561,100.0,0.5652665175417897,threshold-control
60000.0,100.0,0.0016666666666666668,74.38627984422772,100.0,0.5648533637934245,threshold-control
60000.0,100.0,0.0016666666666666668,74.45645557992981,100.0,0.5644400480534881,threshold-control
60000.0,100.0,0.0016666666666666668,74.52663131563192,100.0,0.5640265706964711,threshold-control
60000.0,100.0,0.0016666666666666668,74.59680705133401,100.0,0.5636129320975239,threshold-control
60000.0,100.0,0.0016666666666666668,74.66698278703612,100.0,0.563199132632457,threshold-control
60000.0,100.0,0.0016666666666666668,74.73715852273823,100.0,0.562785172677738,threshold-control
60000.0,100.0,0.0016666666666666668,74.80733425844032,100.0,0.5623710526104921,threshold-control
60000.0,100.0,0.0016666666666666668,74.87750999414243,100.0,0.5619567728084995,threshold-control
60000.0,100.0,0.0016666666666666668,74.94768572984452,100.0,0.5615423336501952,threshold-control
60000.0,100.0,0.0016666666666666668,75.0,100.0,0.5612332760862376,threshold-control
60000.0,100.0,0.0016666666666666668,75.01786146554663,100.0,0.5611277355146678,threshold-control
60000.0,100.0,0.0016666666666666668,75.08803720124872,100.0,0.5607129787816578,threshold-control
60000.0,100.0,0.0016666666666666668,75.15821293695083,100.0,0.5602980638315569,threshold-control
60000.0,100.0,0.0016666666666666668,75.22838867265293,100.0,0.5598829910454062,threshold-control
60000.0,100.0,0.0016666666666666668,75.29856440835503,100.0,0.5594677608048965,threshold-control
60000.0,100.0,0.0016666666666666668,75.36874014405714,100.0,0.5590523734923649,threshold-control
60000.0,100.0,0.0016666666666666668,75.43891587975924,100.0,0.558636829490796,threshold-control
60000.0,100.0,0.0016666666666666668,75.50909161546134,100.0,0.5582211291838182,threshold-control
60000.0,100.0,0.0016666666666666668,75.57926735116344,100.0,0.557805272955705,threshold-control
60000.0,100.0,0.0016666666666666668,75.64944308686555,100.0,0.5573892611913716,threshold-control
60000.0,100.0,0.0016666666666666668,75.71961882256764,100.0,0.5569730942763758,threshold-control
60000.0,100.0,0.0016666666666666668,75.78979455826975,100.0,0.5565567725969142,threshold-control
60000.0,100.0,0.0016666666666666668,75.85997029397184,100.0,0.5561402965398237,threshold-control
60000.0,100.0,0.0016666666666666668,75.93014602967395,100.0,0.5557236664925784,threshold-control
60000.0,100.0,0.0016666666666666668,76.0,100.0,0.5553087942034411,threshold-control
60000.0,100.0,0.0016666666666666668,76.00032176537604,100.0,0.5553068828432892,threshold-control
60000.0,100.0,0.0016666666666666668,76.07049750107815,100.0,0.554889945980702,threshold-control
60000.0,100.0,0.0016666666666666668,76.14067323678026,100.0,0.5544728562941973,threshold-control
60000.0,100.0,0.0016666666666666668,76.21084897248235,100.0,0.5540556141737878,threshold-control
60000.0,100.0,0.0016666666666666668,76.28102470818446,100.0,0.5536382200101182,threshold-control
60000.0,100.0,0.0016666666666666668,76.35120044388655,100.0,0.5532206741944636,threshold-control
60000.0,100.0,0.0016666666666666668,76.42137617958866,100.0,0.5528029771187275,threshold-control
60000.0,100.0,0.0016666666666666668,76.49155191529076,100.0,0.5523851291754421,threshold-control
60000.0,100.0,0.0016666666666666668,76.56172765099286,100.0,0.5519671307577652,threshold-control
60000.0,100.0,0.0016666666666666668,76.63190338669496,100.0,0.5515489822594803,threshold-control
60000.0,100.0,0.0016666666666666668,76.70207912239707,100.0,0.5511306840749948,threshold-control
60000.0,100.0,0.0016666666666666668,76.77225485809917,100.0,0.5507122365993383,threshold-control
60000.0,100.0,0.0016666666666666668,76.84243059380127,100.0,0.5502936402281624,threshold-control
60000.0,100.0,0.0016666666666666668,76.91260632950338,100.0,0.5498748953577383,threshold-control
60000.0,100.0,0.0016666666666666668,76.98278206520547,100.0,0.5494560023849557,threshold-control
60000.0,100.0,0.0016666666666666668,77.0,100.0,0.5493532025144914,threshold-control
60000.0,100.0,0.0016666666666666668,77.05295780090758,100.0,0.5490369617073223,threshold-control
60000.0,100.0,0.0016666666666666668,77.12313353660967,100.0,0.5486177737229612,threshold-control
60000.0,100.0,0.0016666666666666668,77.19330927231178,100.0,0.5481984388306105,threshold-control
60000.0,100.0,0.0016666666666666668,77.26348500801387,100.0,0.5477789574296219,threshold-control
60000.0,100.0,0.0016666666666666668,77.33366074371598,100.0,0.5473593299199591,threshold-control
60000.0,100.0,0.0016666666666666668,77.40383647941809,100.0,0.5469395567021962,threshold-control
60000.0,100.0,0.0016666666666666668,77.47401221512018,100.0,0.5465196381775173,threshold-control
60000.0,100.0,0.0016666666666666668,77.54418795082229,100.0,0.5460995747477139,threshold-control
60000.0,100.0,0.0016666666666666668,77.61436368652438,100.0,0.5456793668151843,threshold-control
60000.0,100.0,0.0016666666666666668,77.68453942222649,100.0,0.5452590147829326,threshold-control
60000.0,100.0,0.0016666666666666668,77.75471515792859,100.0,0.5448385190545662,threshold-control
60000.0,100.0,0.0016666666666666668,77.8248908936307,100.0,0.5444178800342954,threshold-control
60000.0,100.0,0.0016666666666666668,77.89506662933279,100.0,0.5439970981269316,threshold-control
60000.0,100.0,0.0016666666666666668,77.9652423650349,100.0,0.5435761737378861,threshold-control
60000.0,100.0,0.0016666666666666668,78.0,100.0,0.5433676396921192,threshold-control
60000.0,100.0,0.0016666666666666668,78.03541810073699,100.0,0.5431551072731686,threshold-control
60000.0,100.0,0.0016666666666666668,78.1055938364391,100.0,0.5427338991393857,threshold-control
60000.0,100.0,0.0016666666666666668,78.1757695721412,100.0,0.5423125497437393,threshold-control
60000.0,100.0,0.0016666666666666668,78.2459453078433,100.0,0.5418910594940266,threshold-control
60000.0,100.0,0.0016666666666666668,78.31612104354541,100.0,0.5414694287986365,threshold-control
60000.0,100.0,0.0016666666666666668,78.3862967792475,100.0,0.5410476580665498,threshold-control
60000.0,100.0,0.0016666666666666668,78.45647251494961,100.0,0.540625747707337,threshold-control
60000.0,100.0,0.0016666666666666668,78.5266482506517,100.0,0.5402036981311573,threshold-control
60000.0,100.0,0.0016666666666666668,78.59682398635381,100.0,0.5397815097487573,threshold-control
60000.0,100.0,0.0016666666666666668,78.6669997220559,100.0,0.5393591829714687,threshold-control
60000.0,100.0,0.0016666666666666668,78.73717545775801,100.0,0.5389367182112078,threshold-control
60000.0,100.0,0.0016666666666666668,78.80735119346012,100.0,0.5385141158804738,threshold-control
60000.0,100.0,0.0016666666666666668,78.87752692916222,100.0,0.5380913763923468,threshold-control
60000.0,100.0,0.0016666666666666668,78.94770266486432,100.0,0.5376685001604873,threshold-control
60000.0,100.0,0.0016666666666666668,79.0,100.0,0.5373532697909849,threshold-control
60000.0,100.0,0.0016666666666666668,79.01787840056642,100.0,0.5372454875991339,threshold-control
60000.0,100.0,0.0016666666666666668,79.08805413626852,100.0,0.5368223391231022,threshold-control
60000.0,100.0,0.0016666666666666668,79.15822987197062,100.0,0.5363990551477835,threshold-control
60000.0,100.0,0.0016666666666666668,79.22840560767273,100.0,0.5359756360891426,threshold-control
60000.0,100.0,0.0016666666666666668,79.29858134337482,100.0,0.5355520823637172,threshold-control
60000.0,100.0,0.0016666666666666668,79.36875707907693,100.0,0.5351283943886164,threshold-control
60000.0,100.0,0.0016666666666666668,79.43893281477902,100.0,0.534704572581518,threshold-control
60000.0,100.0,0.0016666666666666668,79.50910855048113,100.0,0.5342806173606687,threshold-control
60000.0,100.0,0.0016666666666666668,79.57928428618324,100.0,0.5338565291448811,threshold-control
60000.0,100.0,0.0016666666666666668,79.64946002188533,100.0,0.5334323083535335,threshold-control
60000.0,100.0,0.0016666666666666668,79.71963575758744,100.0,0.5330079554065669,threshold-control
60000.0,100.0,0.0016666666666666668,79.78981149328953,100.0,0.532583470724485,threshold-control
60000.0,100.0,0.0016666666666666668,79.85998722899164,100.0,0.5321588547283519,threshold-control
60000.0,100.0,0.0016666666666666668,79.93016296469374,100.0,0.5317341078397902,threshold-control
60000.0,100.0,0.0016666666666666668,80.0,100.0,0.531311281447306,threshold-control
60000.0,100.0,0.0016666666666666668,80.00033870039584,100.0,0.5313092304809809,threshold-control
60000.0,100.0,0.0016666666666666668,80.07051443609794,100.0,0.5308842230746599,threshold-control
60000.0,100.0,0.0016666666666666668,80.14069017180005,100.0,0.5304590860441181,threshold-control
60000.0,100.0,0.0016666666666666668,80.21086590750215,100.0,0.5300338198131986,threshold-control
60000.0,100.0,0.0016666666666666668,80.28104164320425,100.0,0.5296084248062967,threshold-control
60000.0,100.0,0.0016666666666666668,80.35121737890636,100.0,0.5291829014483564,threshold-control
60000.0,100.0,0.0016666666666666668,80.42139311460845,100.0,0.5287572501648711,threshold-control
60000.0,100.0,0.0016666666666666668,80.49156885031056,100.0,0.5283314713818793,threshold-control
60000.0,100.0,0.0016666666666666668,80.56174458601265,100.0,0.5279055655259657,threshold-control
60000.0,100.0,0.0016666666666666668,80.63192032171476,100.0,0.5274795330242579,threshold-control
60000.0,100.0,0.0016666666666666668,80.70209605741685,100.0,0.5270533743044254,threshold-control
60000.0,100.0,0.0016666666666666668,80.77227179311896,100.0,0.5266270897946781,threshold-control
60000.0,100.0,0.0016666666666666668,80.84244752882105,100.0,0.5262006799237646,threshold-control
60000.0,100.0,0.0016666666666666668,80.91262326452316,100.0,0.5257741451209706,threshold-control
60000.0,100.0,0.0016666666666666668,80.98279900022527,100.0,0.5253474858161173,threshold-control
60000.0,100.0,0.0016666666666666668,81.0,100.0,0.5252428870352507,threshold-control
60000.0,100.0,0.0016666666666666668,81.05297473592736,100.0,0.5249207024395597,threshold-control
60000.0,100.0,0.0016666666666666668,81.12315047162947,100.0,0.5244937954221851,threshold-control
60000.0,100.0,0.0016666666666666668,81.19332620733157,100.0,0.5240667651954116,threshold-control
60000.0,100.0,0.0016666666666666668,81.26350194303367,100.0,0.5236396121911864,threshold-control
60000.0,100.0,0.0016666666666666668,81.33367767873577,100.0,0.5232123368419836,threshold-control
60000.0,100.0,0.0016666666666666668,81.40385341443788,100.0,0.522784939580804,threshold-control
60000.0,100.0,0.0016666666666666668,81.47402915013997,100.0,0.5223574208411719,threshold-control
60000.0,100.0,0.0016666666666666668,81.54420488584208,100.0,0.5219297810571342,threshold-control
60000.0,100.0,0.0016666666666666668,81.61438062154419,100.0,0.521502020663259,threshold-control
60000.0,100.0,0.0016666666666666668,81.68455635724628,100.0,0.5210741400946336,threshold-control
60000.0,100.0,0.0016666666666666668,81.75473209294839,100.0,0.5206461397868627,threshold-control
60000.0,100.0,0.0016666666666666668,81.82490782865048,100.0,0.5202180201760669,threshold-control
60000.0,100.0,0.0016666666666666668,81.89508356435259,100.0,0.5197897816988815,threshold-control
60000.0,100.0,0.0016666666666666668,81.96525930005468,100.0,0.519361424792454,threshold-control
60000.0,100.0,0.0016666666666666668,82.0,100.0,0.5191493217811427,threshold-control
60000.0,100.0,0.0016666666666666668,82.03543503575679,100.0,0.5189329498944428,threshold-control
60000.0,100.0,0.0016666666666666668,82.10561077145888,100.0,0.5185043574430162,threshold-control
60000.0,100.0,0.0016666666666666668,82.17578650716099,100.0,0.5180756478768492,threshold-control
60000.0,100.0,0.0016666666666666668,82.2459622428631,100.0,0.5176468216351237,threshold-control
60000.0,100.0,0.0016666666666666668,82.3161379785652,100.0,0.517217879157525,threshold-control
60000.0,100.0,0.0016666666666666668,82.3863137142673,100.0,0.5167888208842413,threshold-control
60000.0,100.0,0.0016666666666666668,82.4564894499694,100.0,0.516359647255962,threshold-control
60000.0,100.0,0.0016666666666666668,82.5266651856715,100.0,0.5159303587138746,threshold-control
60000.0,100.0,0.0016666666666666668,82.5968409213736,100.0,0.515500955699665,threshold-control
60000.0,100.0,0.0016666666666666668,82.6670166570757,100.0,0.5150714386555146,threshold-control
60000.0,100.0,0.0016666666666666668,82.7371923927778,100.0,0.5146418080240986,threshold-control
60000.0,100.0,0.0016666666666666668,82.80736812847991,100.0,0.5142120642485848,threshold-control
60000.0,100.0,0.0016666666666666668,82.877543864182,100.0,0.5137822077726311,threshold-control
60000.0,100.0,0.0016666666666666668,82.94771959988411,100.0,0.5133522390403846,threshold-control
60000.0,100.0,0.0016666666666666668,83.0,100.0,0.5130318428366641,threshold-control
60000.0,100.0,0.0016666666666666668,83.01789533558622,100.0,0.5129221584964796,threshold-control
60000.0,100.0,0.0016666666666666668,83.08807107128831,100.0,0.5124919665860355,threshold-control
60000.0,100.0,0.0016666666666666668,83.15824680699042,100.0,0.5120616637546553,threshold-control
60000.0,100.0,0.0016666666666666668,83.22842254269251,100.0,0.511631250448424,threshold-control
60000.0,100.0,0.0016666666666666668,83.29859827839462,100.0,0.511200727113907,threshold-control
60000.0,100.0,0.0016666666666666668,83.36877401409672,100.0,0.5107700941981477,threshold-control
60000.0,100.0,0.0016666666666666668,83.43894974979882,100.0,0.5103393521486661,threshold-control
60000.0,100.0,0.0016666666666666668,83.50912548550092,100.0,0.5099085014134576,threshold-control
60000.0,100.0,0.0016666666666666668,83.57930122120302,100.0,0.5094775424409898,threshold-control
60000.0,100.0,0.0016666666666666668,83.64947695690513,100.0,0.5090464756802024,threshold-control
60000.0,100.0,0.0016666666666666668,83.71965269260723,100.0,0.5086153015805044,threshold-control
60000.0,100.0,0.0016666666666666668,83.78982842830933,100.0,0.5081840205917723,threshold-control
60000.0,100.0,0.0016666666666666668,83.86000416401143,100.0,0.5077526331643492,threshold-control
60000.0,100.0,0.0016666666666666668,83.93017989971354,100.0,0.5073211397490414,threshold-control
60000.0,100.0,0.0016666666666666668,84.0,100.0,0.5068917283123497,threshold-control
60000.0,100.0,0.0016666666666666668,84.00035563541563,100.0,0.5068895407971189,threshold-control
60000.0,100.0,0.0016666666666666668,84.07053137111774,100.0,0.5064578367603109,threshold-control
60000.0,100.0,0.0016666666666666668,84.14070710681983,100.0,0.5060260280908067,threshold-control
60000.0,100.0,0.0016666666666666668,84.21088284252194,100.0,0.5055941152412515,threshold-control
60000.0,100.0,0.0016666666666666668,84.28105857822403,100.0,0.5051620986647465,threshold-control
60000.0,100.0,0.0016666666666666668,84.35123431392614,100.0,0.5047299788148457,threshold-control
60000.0,100.0,0.0016666666666666668,84.42141004962825,100.0,0.504297756145555,threshold-control
60000.0,100.0,0.0016666666666666668,84.49158578533034,100.0,0.5038654311113302,threshold-control
60000.0,100.0,0.0016666666666666668,84.56176152103245,100.0,0.5034330041670744,threshold-control
60000.0,100.0,0.0016666666666666668,84.63193725673455,100.0,0.503000475768137,threshold-control
60000.0,100.0,0.0016666666666666668,84.70211299243665,100.0,0.5025678463703119,threshold-control
60000.0,100.0,0.0016666666666666668,84.77228872813875,100.0,0.5021351164298354,threshold-control
60000.0,100.0,0.0016666666666666668,84.84246446384086,100.0,0.501702286403384,threshold-control
60000.0,100.0,0.0016666666666666668,84.91264019954295,100.0,0.501269356748073,threshold-control
60000.0,100.0,0.0016666666666666668,84.98281593524506,100.0,0.5008363279214549,threshold-control
60000.0,100.0,0.0016666666666666668,85.0,100.0,0.5007302762728011,threshold-control
60000.0,100.0,0.0016666666666666668,85.05299167094716,100.0,0.5004032003815169,threshold-control
60000.0,100.0,0.0016666666666666668,85.12316740664926,100.0,0.49996997458667936,threshold-control
60000.0,100.0,0.0016666666666666668,85.19334314235137,100.0,0.49953665099579403,threshold-control
60000.0,100.0,0.0016666666666666668,85.26351887805346,100.0,0.49910323006814195,threshold-control
60000.0,100.0,0.0016666666666666668,85.33369461375557,100.0,0.49866971226343204,threshold-control
60000.0,100.0,0.0016666666666666668,85.40387034945766,100.0,0.49823609804179847,threshold-control
60000.0,100.0,0.0016666666666666668,85.47404608515977,100.0,0.49780238786379927,threshold-control
60000.0,100.0,0.0016666666666666668,85.54422182086186,100.0,0.4973685821904146,threshold-control
60000.0,100.0,0.0016666666666666668,85.61439755656397,100.0,0.4969346814830444,threshold-control
60000.0,100.0,0.0016666666666666668,85.68457329226608,100.0,0.4965006862035072,threshold-control
60000.0,100.0,0.0016666666666666668,85.75474902796817,100.0,0.496066596814037,threshold-control
60000.0,100.0,0.0016666666666666668,85.82492476367028,100.0,0.49563241377728295,threshold-control
60000.0,100.0,0.0016666666666666668,85.89510049937238,100.0,0.49519813755630626,threshold-control
60000.0,100.0,0.0016666666666666668,85.96527623507448,100.0,0.49476376861457827,threshold-control
60000.0,100.0,0.0016666666666666668,86.0,100.0,0.4945488036951541,threshold-control
60000.0,100.0,0.0016666666666666668,86.03545197077658,100.0,0.49432930741598,threshold-control
60000.0,100.0,0.0016666666666666668,86.10562770647869,100.0,0.493894754424798,threshold-control
60000.0,100.0,0.0016666666666666668,86.17580344218078,100.0,0.49346011010572466,threshold-control
60000.0,100.0,0.0016666666666666668,86.24597917788289,100.0,0.49302537492385434,threshold-control
60000.0,100.0,0.0016666666666666668,86.31615491358498,100.0,0.4925905493446828,threshold-control
60000.0,100.0,0.0016666666666666668,86.38633064928709,100.0,0.4921556338341051,threshold-control
60000.0,100.0,0.0016666666666666668,86.4565063849892,100.0,0.49172062885841283,threshold-control
60000.0,100.0,0.0016666666666666668,86.52668212069129,100.0,0.4912855348842933,threshold-control
60000.0,100.0,0.0016666666666666668,86.5968578563934,100.0,0.4908503523788261,threshold-control
60000.0,100.0,0.0016666666666666668,86.66703359209549,100.0,0.49041508180948323,threshold-control
60000.0,100.0,0.0016666666666666668,86.7372093277976,100.0,0.48997972364412534,threshold-control
60000.0,100.0,0.0016666666666666668,86.8073850634997,100.0,0.4895442783510008,threshold-control
60000.0,100.0,0.0016666666666666668,86.8775607992018,100.0,0.4891087463987429,threshold-control
60000.0,100.0,0.0016666666666666668,86.9477365349039,100.0,0.4886731282563689,threshold-control
60000.0,100.0,0.0016666666666666668,87.0,100.0,0.4883486453924577,threshold-control
60000.0,100.0,0.0016666666666666668,87.017912270606,100.0,0.48823742439327744,threshold-control
60000.0,100.0,0.0016666666666666668,87.08808800630811,100.0,0.48780163527924647,threshold-control
60000.0,100.0,0.0016666666666666668,87.1582637420102,100.0,0.487365761384432,threshold-control
60000.0,100.0,0.0016666666666666668,87.22843947771231,100.0,0.48692980317936485,threshold-control
60000.0,100.0,0.0016666666666666668,87.29861521341441,100.0,0.48649376113495035,threshold-control
60000.0,100.0,0.0016666666666666668,87.36879094911652,100.0,0.48605763572246496,threshold-control
60000.0,100.0,0.0016666666666666668,87.43896668481861,100.0,0.4856214274135551,threshold-control
60000.0,100.0,0.0016666666666666668,87.50914242052072,100.0,0.48518513668023433,threshold-control
60000.0,100.0,0.0016666666666666668,87.57931815622281,100.0,0.4847487639948823,threshold-control
60000.0,100.0,0.0016666666666666668,87.64949389192492,100.0,0.48431230983024254,threshold-control
60000.0,100.0,0.0016666666666666668,87.71966962762701,100.0,0.4838757746594201,threshold-control
60000.0,100.0,0.0016666666666666668,87.78984536332912,100.0,0.4834391589558795,threshold-control
60000.0,100.0,0.0016666666666666668,87.86002109903123,100.0,0.4830024631934432,threshold-control
60000.0,100.0,0.0016666666666666668,87.93019683473332,100.0,0.4825656878462896,threshold-control
60000.0,100.0,0.0016666666666666668,88.0,100.0,0.48213115290372377,threshold-control
60000.0,100.0,0.0016666666666666668,88.00037257043543,100.0,0.48212883338894996,threshold-control
60000.0,100.0,0.0016666666666666668,88.07054830613752,100.0,0.48169190029630826,threshold-control
60000.0,100.0,0.0016666666666666668,88.14072404183963,100.0,0.4812548890435976,threshold-control
60000.0,100.0,0.0016666666666666668,88.21089977754173,100.0,0.4808178001063985,threshold-control
60000.0,100.0,0.0016666666666666668,88.28107551324383,100.0,0.48038063396063757,threshold-control
60000.0,100.0,0.0016666666666666668,88.35125124894593,100.0,0.47994339108258466,threshold-control
60000.0,100.0,0.0016666666666666668,88.42142698464804,100.0,0.4795060719488514,threshold-control
60000.0,100.0,0.0016666666666666668,88.49160272035014,100.0,0.4790686770363889,threshold-control
60000.0,100.0,0.0016666666666666668,88.56177845605224,100.0,0.47863120682248583,threshold-control
60000.0,100.0,0.0016666666666666668,88.63195419175435,100.0,0.4781936617847662,threshold-control
60000.0,100.0,0.0016666666666666668,88.70212992745644,100.0,0.4777560424011875,threshold-control
60000.0,100.0,0.0016666666666666668,88.77230566315855,100.0,0.47731834915003835,threshold-control
60000.0,100.0,0.0016666666666666668,88.84248139886064,100.0,0.47688058250993737,threshold-control
60000.0,100.0,0.0016666666666666668,88.91265713456275,100.0,0.47644274295982947,threshold-control
60000.0,100.0,0.0016666666666666668,88.98283287026484,100.0,0.4760048309789857,threshold-control
60000.0,100.0,0.0016666666666666668,89.0,100.0,0.47589769335251764,threshold-control
60000.0,100.0,0.0016666666666666668,89.05300860596695,100.0,0.4755668470469996,threshold-control
60000.0,100.0,0.0016666666666666668,89.12318434166905,100.0,0.4751287916437864,threshold-control
60000.0,100.0,0.0016666666666666668,89.19336007737115,100.0,0.4746906652495799,threshold-control
60000.0,100.0,0.0016666666666666668,89.26353581307326,100.0,0.4742524683449312,threshold-control
60000.0,100.0,0.0016666666666666668,89.33371154877536,100.0,0.47381420141070607,threshold-control
60000.0,100.0,0.0016666666666666668,89.40388728447746,100.0,0.47337586492808303,threshold-control
60000.0,100.0,0.0016666666666666668,89.47406302017956,100.0,0.4729374593785519,threshold-control
60000.0,100.0,0.0016666666666666668,89.54423875588166,100.0,0.47249898524391054,threshold-control
60000.0,100.0,0.0016666666666666668,89.61441449158376,100.0,0.4720604430062638,threshold-control
60000.0,100.0,0.0016666666666666668,89.68459022728587,100.0,0.47162183314802086,threshold-control
60000.0,100.0,0.0016666666666666668,89.75476596298796,100.0,0.47118315615189355,threshold-control
60000.0,100.0,0.0016666666666666668,89.82494169869007,100.0,0.4707444125008936,threshold-control
60000.0,100.0,0.0016666666666666668,89.89511743439218,100.0,0.47030560267833155,threshold-control
60000.0,100.0,0.0016666666666666668,89.96529317009427,100.0,0.46986672716781386,threshold-control
60000.0,100.0,0.0016666666666666668,90.0,100.0,0.4696496482760595,threshold-control
60000.0,100.0,0.0016666666666666668,90.03546890579638,100.0,0.4694277864532408,threshold-control
60000.0,100.0,0.0016666666666666668,90.10564464149847,100.0,0.46898878101880515,threshold-control
60000.0,100.0,0.0016666666666666668,90.17582037720058,100.0,0.4685497113489887,threshold-control
60000.0,100.0,0.0016666666666666668,90.24599611290267,100.0,0.46811057792856203,threshold-control
60000.0,100.0,0.0016666666666666668,90.31617184860478,100.0,0.46767138124258045,threshold-control
60000.0,100.0,0.0016666666666666668,90.38634758430688,100.0,0.4672321217763835,threshold-control
60000.0,100.0,0.0016666666666666668,90.45652332000898,100.0,0.4667928000155914,threshold-control
60000.0,100.0,0.0016666666666666668,90.52669905571109,100.0,0.4663534164461042,threshold-control
60000.0,100.0,0.0016666666666666668,90.59687479141319,100.0,0.4659139715540993,threshold-control
60000.0,100.0,0.0016666666666666668,90.6670505271153,100.0,0.4654744658260286,threshold-control
60000.0,100.0,0.0016666666666666668,90.73722626281739,100.0,0.4650348997486171,threshold-control
60000.0,100.0,0.0016666666666666668,90.8074019985195,100.0,0.4645952738088607,threshold-control
60000.0,100.0,0.0016666666666666668,90.87757773422159,100.0,0.4641555884940243,threshold-control
60000.0,100.0,0.0016666666666666668,90.9477534699237,100.0,0.46371584429163826,threshold-control
60000.0,100.0,0.0016666666666666668,91.0,100.0,0.46338841242689766,threshold-control
60000.0,100.0,0.0016666666666666668,91.01792920562579,100.0,0.4632760416894989,threshold-control
60000.0,100.0,0.0016666666666666668,91.0881049413279,100.0,0.4628361811756633,threshold-control
60000.0,100.0,0.0016666666666666668,91.15828067702999,100.0,0.46239626323844985,threshold-control
60000.0,100.0,0.0016666666666666668,91.2284564127321,100.0,0.4619562883664341,threshold-control
60000.0,100.0,0.0016666666666666668,91.29863214843421,100.0,0.4615162570484478,threshold-control
60000.0,100.0,0.0016666666666666668,91.3688078841363,100.0,0.46107616977357657,threshold-control
60000.0,100.0,0.0016666666666666668,91.43898361983841,100.0,0.460636027031157,threshold-control
60000.0,100.0,0.0016666666666666668,91.5091593555405,100.0,0.46019582931077585,threshold-control
60000.0,100.0,0.0016666666666666668,91.57933509124261,100.0,0.45975557710226633,threshold-control
60000.0,100.0,0.0016666666666666668,91.6495108269447,100.0,0.45931527089570723,threshold-control
60000.0,100.0,0.0016666666666666668,91.71968656264681,100.0,0.45887491118142,threshold-control
60000.0,100.0,0.0016666666666666668,91.78986229834891,100.0,0.4584344984499672,threshold-control
60000.0,100.0,0.0016666666666666668,91.86003803405102,100.0,0.4579940331921495,threshold-control
60000.0,100.0,0.0016666666666666668,91.93021376975312,100.0,0.45755351589900417,threshold-control
60000.0,100.0,0.0016666666666666668,92.0,100.0,0.45711539254930866,threshold-control
60000.0,100.0,0.0016666666666666668,92.00038950545522,100.0,0.4571129470618033,threshold-control
60000.0,100.0,0.0016666666666666668,92.07056524115733,100.0,0.45667232717205,threshold-control
60000.0,100.0,0.0016666666666666668,92.14074097685942,100.0,0.45623165672147836,threshold-control
60000.0,100.0,0.0016666666666666668,92.21091671256153,100.0,0.45579093620204936,threshold-control
60000.0,100.0,0.0016666666666666668,92.28109244826362,100.0,0.4553501661059499,threshold-control
60000.0,100.0,0.0016666666666666668,92.35126818396573,100.0,0.4549093469255907,threshold-control
60000.0,100.0,0.0016666666666666668,92.42144391966782,100.0,0.4544684791536029,threshold-control
60000.0,100.0,0.0016666666666666668,92.49161965536993,100.0,0.454027563282837,threshold-control
60000.0,100.0,0.0016666666666666668,92.56179539107202,100.0,0.4535865998063604,threshold-control
60000.0,100.0,0.0016666666666666668,92.63197112677413,100.0,0.4531455892174553,threshold-control
60000.0,100.0,0.0016666666666666668,92.70214686247624,100.0,0.4527045320096158,threshold-control
60000.0,100.0,0.0016666666666666668,92.77232259817833,100.0,0.4522634286765469,threshold-control
60000.0,100.0,0.0016666666666666668,92.84249833388044,100.0,0.45182227971216116,threshold-control
60000.0,100.0,0.0016666666666666668,92.91267406958254,100.0,0.45138108561057755,threshold-control
60000.0,100.0,0.0016666666666666668,92.98284980528464,100.0,0.4509398468661181,threshold-control
60000.0,100.0,0.0016666666666666668,93.0,100.0,0.4508320061326574,threshold-control
60000.0,100.0,0.0016666666666666668,93.05302554098674,100.0,0.4504985639733068,threshold-control
60000.0,100.0,0.0016666666666666668,93.12320127668885,100.0,0.45005723742686654,threshold-control
60000.0,100.0,0.0016666666666666668,93.19337701239094,100.0,0.4496158677217177,threshold-control
60000.0,100.0,0.0016666666666666668,93.26355274809305,100.0,0.4491744553529752,threshold-control
60000.0,100.0,0.0016666666666666668,93.33372848379516,100.0,0.4487330008159466,threshold-control
60000.0,100.0,0.0016666666666666668,93.40390421949725,100.0,0.4482915046061303,threshold-control
60000.0,100.0,0.0016666666666666668,93.47407995519936,100.0,0.44784996721921244,threshold-control
60000.0,100.0,0.0016666666666666668,93.54425569090145,100.0,0.4474083891510655,threshold-control
60000.0,100.0,0.0016666666666666668,93.61443142660356,100.0,0.4469667708977457,threshold-control
60000.0,100.0,0.0016666666666666668,93.68460716230565,100.0,0.446525112955491,threshold-control
60000.0,100.0,0.0016666666666666668,93.75478289800776,100.0,0.4460834158207181,threshold-control
60000.0,100.0,0.0016666666666666668,93.82495863370985,100.0,0.4456416799900218,threshold-control
60000.0,100.0,0.0016666666666666668,93.89513436941196,100.0,0.4451999059601712,threshold-control
60000.0,100.0,0.0016666666666666668,93.96531010511406,100.0,0.4447580942281082,threshold-control
60000.0,100.0,0.0016666666666666668,94.0,100.0,0.44453968014402867,threshold-control
60000.0,100.0,0.0016666666666666668,94.03548584081616,100.0,0.4443162452909455,threshold-control
60000.0,100.0,0.0016666666666666668,94.10566157651827,100.0,0.44387435964596345,threshold-control
60000.0,100.0,0.0016666666666666668,94.17583731222037,100.0,0.44343243779060926,threshold-control
60000.0,100.0,0.0016666666666666668,94.24601304792247,100.0,0.4429904802224932,threshold-control
60000.0,100.0,0.0016666666666666668,94.31618878362457,100.0,0.44254848743938746,threshold-control
60000.0,100.0,0.0016666666666666668,94.38636451932668,100.0,0.4421064599392235,threshold-control
60000.0,100.0,0.0016666666666666668,94.45654025502877,100.0,0.44166439822009007,threshold-control
60000.0,100.0,0.0016666666666666668,94.52671599073088,100.0,0.44122230278023034,threshold-control
60000.0,100.0,0.0016666666666666668,94.59689172643297,100.0,0.4407801741180406,threshold-control
60000.0,100.0,0.0016666666666666668,94.66706746213508,100.0,0.4403380127320672,threshold-control
60000.0,100.0,0.0016666666666666668,94.73724319783719,100.0,0.43989581912100484,threshold-control
60000.0,100.0,0.0016666666666666668,94.80741893353928,100.0,0.439453593783694,threshold-control
60000.0,100.0,0.0016666666666666668,94.87759466924139,100.0,0.439011337219119,threshold-control
60000.0,100.0,0.0016666666666666668,94.94777040494348,100.0,0.43856904992640533,threshold-control
60000.0,100.0,0.0016666666666666668,95.0,100.0,0.4382398497425092,threshold-control
60000.0,100.0,0.0016666666666666668,95.01794614064559,100.0,0.4381267324048176,threshold-control
60000.0,100.0,0.0016666666666666668,95.08812187634769,100.0,0.43768438515375796,threshold-control
60000.0,100.0,0.0016666666666666668,95.1582976120498,100.0,0.43724200867276275,threshold-control
60000.0,100.0,0.0016666666666666668,95.22847334775189,100.0,0.4367996034615005,threshold-control
60000.0,100.0,0.0016666666666666668,95.298649083454,100.0,0.4363571700197705,threshold-control
60000.0,100.0,0.0016666666666666668,95.3688248191561,100.0,0.4359147088474996,threshold-control
60000.0,100.0,0.0016666666666666668,95.4390005548582,100.0,0.43547222044474054,threshold-control
60000.0,100.0,0.0016666666666666668,95.5091762905603,100.0,0.4350297053116692,threshold-control
60000.0,100.0,0.0016666666666666668,95.5793520262624,100.0,0.434587163948583,threshold-control
60000.0,100.0,0.0016666666666666668,95.6495277619645,100.0,0.4341445968558978,threshold-control
60000.0,100.0,0.0016666666666666668,95.7197034976666,100.0,0.43370200453414665,threshold-control
60000.0,100.0,0.0016666666666666668,95.78987923336871,100.0,0.4332593874839764,threshold-control
60000.0,100.0,0.0016666666666666668,95.8600549690708,100.0,0.43281674620614674,threshold-control
60000.0,100.0,0.0016666666666666668,95.93023070477291,100.0,0.4323740812015263,threshold-control
60000.0,100.0,0.0016666666666666668,96.0,100.0,0.43193395697755677,threshold-control
60000.0,100.0,0.0016666666666666668,96.000406440475,100.0,0.4319313929710924,threshold-control
60000.0,100.0,0.0016666666666666668,96.07058217617711,100.0,0.4314886820159268,threshold-control
60000.0,100.0,0.0016666666666666668,96.14075791187922,100.0,0.4310459488372146,threshold-control
60000.0,100.0,0.0016666666666666668,96.21093364758131,100.0,0.43060319393624213,threshold-control
60000.0,100.0,0.0016666666666666668,96.28110938328342,100.0,0.4301604178143936,threshold-control
60000.0,100.0,0.0016666666666666668,96.35128511898552,100.0,0.42971762097315,threshold-control
60000.0,100.0,0.0016666666666666668,96.42146085468762,100.0,0.42927480391408623,threshold-control
60000.0,100.0,0.0016666666666666668,96.49163659038972,100.0,0.4288319671388686,threshold-control
60000.0,100.0,0.0016666666666666668,96.56181232609183,100.0,0.42838911114925327,threshold-control
60000.0,100.0,0.0016666666666666668,96.63198806179392,100.0,0.4279462364470834,threshold-control
60000.0,100.0,0.0016666666666666668,96.70216379749603,100.0,0.4275033435342872,threshold-control
60000.0,100.0,0.0016666666666666668,96.77233953319814,100.0,0.42706043291287554,threshold-control
60000.0,100.0,0.0016666666666666668,96.84251526890023,100.0,0.4266175050849397,threshold-control
60000.0,100.0,0.0016666666666666668,96.91269100460234,100.0,0.42617456055264846,threshold-control
60000.0,100.0,0.0016666666666666668,96.98286674030443,100.0,0.4257315998182474,threshold-control
60000.0,100.0,0.0016666666666666668,97.0,100.0,0.4256234494739539,threshold-control
60000.0,100.0,0.0016666666666666668,97.05304247600654,100.0,0.42528862338405515,threshold-control
60000.0,100.0,0.0016666666666666668,97.12321821170863,100.0,0.4248456317524615,threshold-control
60000.0,100.0,0.0016666666666666668,97.19339394741074,100.0,0.42440262542592544,threshold-control
60000.0,100.0,0.0016666666666666668,97.26356968311283,100.0,0.4239596049069728,threshold-control
60000.0,100.0,0.0016666666666666668,97.33374541881494,100.0,0.4235165706981934,threshold-control
60000.0,100.0,0.0016666666666666668,97.40392115451704,100.0,0.4230735233022398,threshold-control
60000.0,100.0,0.0016666666666666668,97.47409689021914,100.0,0.42263046322182396,threshold-control
60000.0,100.0,0.0016666666666666668,97.54427262592125,100.0,0.4221873909597157,threshold-control
60000.0,100.0,0.0016666666666666668,97.61444836162335,100.0,0.4217443070187402,threshold-control
60000.0,100.0,0.0016666666666666668,97.68462409732545,100.0,0.4213012119017756,threshold-control
60000.0,100.0,0.0016666666666666668,97.75479983302755,100.0,0.4208581061117508,threshold-control
60000.0,100.0,0.0016666666666666668,97.82497556872966,100.0,0.42041499015164285,threshold-control
60000.0,100.0,0.0016666666666666668,97.89515130443175,100.0,0.41997186452447577,threshold-control
60000.0,100.0,0.0016666666666666668,97.96532704013386,100.0,0.4195287297333168,threshold-control
60000.0,100.0,0.0016666666666666668,98.0,100.0,0.41930977910587774,threshold-control
60000.0,100.0,0.0016666666666666668,98.03550277583595,100.0,0.4190855862812749,threshold-control
60000.0,100.0,0.0016666666666666668,98.10567851153806,100.0,0.418642434671499,threshold-control
60000.0,100.0,0.0016666666666666668,98.17585424724017,100.0,0.41819927540717394,threshold-control
60000.0,100.0,0.0016666666666666668,98.24602998294226,100.0,0.4177561089915207,threshold-control
60000.0,100.0,0.0016666666666666668,98.31620571864437,100.0,0.4173129359277916,threshold-control
60000.0,100.0,0.0016666666666666668,98.38638145434646,100.0,0.4168697567192696,threshold-control
60000.0,100.0,0.0016666666666666668,98.45655719004857,100.0,0.4164265718692658,threshold-control
60000.0,100.0,0.0016666666666666668,98.52673292575066,100.0,0.4159833818811167,threshold-control
60000.0,100.0,0.0016666666666666668,98.59690866145277,100.0,0.41554018725818187,threshold-control
60000.0,100.0,0.0016666666666666668,98.66708439715487,100.0,0.4150969885038426,threshold-control
60000.0,100.0,0.0016666666666666668,98.73726013285697,100.0,0.4146537861214984,threshold-control
60000.0,100.0,0.0016666666666666668,98.80743586855908,100.0,0.4142105806145655,threshold-control
60000.0,100.0,0.0016666666666666668,98.87761160426118,100.0,0.4137673724864743,threshold-control
60000.0,100.0,0.0016666666666666668,98.94778733996328,100.0,0.4133241622406669,threshold-control
60000.0,100.0,0.0016666666666666668,99.0,100.0,0.4129944006626637,threshold-control
60000.0,100.0,0.0016666666666666668,99.01796307566538,100.0,0.41288095038059547,threshold-control
60000.0,100.0,0.0016666666666666668,99.08813881136749,100.0,0.412437737409719,threshold-control
60000.0,100.0,0.0016666666666666668,99.15831454706958,100.0,0.41199452383150204,threshold-control
60000.0,100.0,0.0016666666666666668,99.17279294340135,100.0,0.4119030816278524,threshold-control
60000.0,100.0,0.0016666666666666668,99.22849028277169,100.0,0.4115513101494115,threshold-control
60000.0,100.0,0.0016666666666666668,99.29866601847378,100.0,0.41110809686691485,threshold-control
60000.0,100.0,0.0016666666666666668,99.36884175417589,100.0,0.41066488448747784,threshold-control
60000.0,100.0,0.0016666666666666668,99.43901748987798,100.0,0.41022167351456207,threshold-control
60000.0,100.0,0.0016666666666666668,99.50919322558009,100.0,0.4097784644516228,threshold-control
60000.0,100.0,0.0016666666666666668,99.5793689612822,100.0,0.40933525780210633,threshold-control
60000.0,100.0,0.0016666666666666668,99.6495446969843,100.0,0.4088920540694486,threshold-control
60000.0,100.0,0.0016666666666666668,99.7197204326864,100.0,0.40844885375707174,threshold-control
60000.0,100.0,0.0016666666666666668,99.7898961683885,100.0,0.40800565736838246,threshold-control
60000.0,100.0,0.0016666666666666668,99.8600719040906,100.0,0.40756246540676977,threshold-control
60000.0,100.0,0.0016666666666666668,99.9302476397927,100.0,0.40711927837560247,threshold-control
60000.0,100.0,0.0016666666666666668,100.0,100.0,0.4066787705088617,threshold-control
60000.0,100.0,0.0016666666666666668,100.0004233754948,100.0,0.406676096778227,threshold-control
60000.0,100.0,0.0016666666666666668,100.0705991111969,100.0,0.40623292111796516,threshold-control
60000.0,100.0,0.0016666666666666668,100.140774846899,100.0,0.4057897518981116,threshold-control
60000.0,100.0,0.0016666666666666668,100.21095058260111,100.0,0.40534658962193193,threshold-control
60000.0,100.0,0.0016666666666666668,100.28112631830321,100.0,0.4049034347926601,threshold-control
60000.0,100.0,0.0016666666666666668,100.35130205400532,100.0,0.4044602879134962,threshold-control
60000.0,100.0,0.0016666666666666668,100.42147778970741,100.0,0.40401714948760425,threshold-control
60000.0,100.0,0.0016666666666666668,100.49165352540952,100.0,0.40357402001810994,threshold-control
60000.0,100.0,0.0016666666666666668,100.56182926111161,100.0,0.40313090000809815,threshold-control
60000.0,100.0,0.0016666666666666668,100.63200499681372,100.0,0.4026877899606107,threshold-control
60000.0,100.0,0.0016666666666666668,100.70218073251581,100.0,0.40224469037864463,threshold-control
60000.0,100.0,0.0016666666666666668,100.77235646821792,100.0,0.4018016017651488,threshold-control
60000.0,100.0,0.0016666666666666668,100.84253220392002,100.0,0.4013585246230227,threshold-control
60000.0,100.0,0.0016666666666666668,100.91270793962212,100.0,0.40091545945511353,threshold-control
60000.0,100.0,0.0016666666666666668,100.98288367532423,100.0,0.40047240676421414,threshold-control
60000.0,100.0,0.0016666666666666668,101.0,100.0,0.40036434524120756,threshold-control
60000.0,100.0,0.0016666666666666668,101.05305941102633,100.0,0.4000293670530608,threshold-control
60000.0,100.0,0.0016666666666666668,101.12323514672843,100.0,0.39958634082433075,threshold-control
60000.0,100.0,0.0016666666666666668,101.19341088243053,100.0,0.39914332858064017,threshold-control
60000.0,100.0,0.0016666666666666668,101.26358661813263,100.0,0.3987003308245415,threshold-control
60000.0,100.0,0.0016666666666666668,101.33376235383473,100.0,0.3982573480585214,threshold-control
60000.0,100.0,0.0016666666666666668,101.40393808953684,100.0,0.39781438078499853,threshold-control
60000.0,100.0,0.0016666666666666668,101.47411382523893,100.0,0.39737142950632165,threshold-control
60000.0,100.0,0.0016666666666666668,101.54428956094104,100.0,0.3969284947247659,threshold-control
60000.0,100.0,0.0016666666666666668,101.61446529664315,100.0,0.3964855769425325,threshold-control
60000.0,100.0,0.0016666666666666668,101.68464103234524,100.0,0.3960426766617451,threshold-control
60000.0,100.0,0.0016666666666666668,101.75481676804735,100.0,0.39559979438444803,threshold-control
60000.0,100.0,0.0016666666666666668,101.82499250374944,100.0,0.3951569306126037,threshold-control
60000.0,100.0,0.0016666666666666668,101.89516823945155,100.0,0.39471408584809065,threshold-control
60000.0,100.0,0.0016666666666666668,101.96534397515364,100.0,0.39427126059270123,threshold-control
60000.0,100.0,0.0016666666666666668,102.0,100.0,0.39405258034513857,threshold-control
60000.0,100.0,0.0016666666666666668,102.03551971085575,100.0,0.39382845534813893,threshold-control
60000.0,100.0,0.0016666666666666668,102.10569544655785,100.0,0.39338567061601726,threshold-control
60000.0,100.0,0.0016666666666666668,102.17587118225995,100.0,0.3929429068978554,threshold-control
60000.0,100.0,0.0016666666666666668,102.24604691796205,100.0,0.3925001646950784,threshold-control
60000.0,100.0,0.0016666666666666668,102.31622265366416,100.0,0.3920574445090129,threshold-control
60000.0,100.0,0.0016666666666666668,102.38639838936626,100.0,0.39161474684088626,threshold-control
60000.0,100.0,0.0016666666666666668,102.45657412506836,100.0,0.39117207219182315,threshold-control
60000.0,100.0,0.0016666666666666668,102.52674986077047,100.0,0.39072942106284403,threshold-control
60000.0,100.0,0.0016666666666666668,102.59692559647256,100.0,0.390286793954863,threshold-control
60000.0,100.0,0.0016666666666666668,102.66710133217467,100.0,0.38984419136868464,threshold-control
60000.0,100.0,0.0016666666666666668,102.73727706787676,100.0,0.3894016138050027,threshold-control
60000.0,100.0,0.0016666666666666668,102.80745280357887,100.0,0.38895906176439765,threshold-control
60000.0,100.0,0.0016666666666666668,102.87762853928096,100.0,0.3885165357473339,threshold-control
60000.0,100.0,0.0016666666666666668,102.94780427498307,100.0,0.38807403625415793,threshold-control
60000.0,100.0,0.0016666666666666668,103.0,100.0,0.38774492885348644,threshold-control
60000.0,100.0,0.0016666666666666668,103.01798001068518,100.0,0.387631563785096,threshold-control
60000.0,100.0,0.0016666666666666668,103.08815574638727,100.0,0.3871891188402522,threshold-control
60000.0,100.0,0.0016666666666666668,103.15833148208938,100.0,0.38674670191960525,threshold-control
60000.0,100.0,0.0016666666666666668,103.22850721779147,100.0,0.38630431352300776,threshold-control
60000.0,100.0,0.0016666666666666668,103.29868295349358,100.0,0.3858619541501821,threshold-control
60000.0,100.0,0.0016666666666666668,103.36885868919568,100.0,0.38541962430071974,threshold-control
60000.0,100.0,0.0016666666666666668,103.43903442489778,100.0,0.3849773244740783,threshold-control
60000.0,100.0,0.0016666666666666668,103.50921016059988,100.0,0.3845350551695793,threshold-control
60000.0,100.0,0.0016666666666666668,103.57938589630199,100.0,0.38409281688640606,threshold-control
60000.0,100.0,0.0016666666666666668,103.6495616320041,100.0,0.38365061012360147,threshold-control
60000.0,100.0,0.0016666666666666668,103.71973736770619,100.0,0.38320843538006555,threshold-control
60000.0,100.0,0.0016666666666666668,103.7899131034083,100.0,0.38276629315455346,threshold-control
60000.0,100.0,0.0016666666666666668,103.86008883911039,100.0,0.38232418394567314,threshold-control
60000.0,100.0,0.0016666666666666668,103.9302645748125,100.0,0.38188210825188273,threshold-control
60000.0,100.0,0.0016666666666666668,104.0,100.0,0.38144284000997397,threshold-control
60000.0,100.0,0.0016666666666666668,104.00044031051459,100.0,0.3814400665714891,threshold-control
60000.0,100.0,0.0016666666666666668,104.0706160462167,100.0,0.3809980594026452,threshold-control
60000.0,100.0,0.0016666666666666668,104.1407917819188,100.0,0.38055608724334733,threshold-control
60000.0,100.0,0.0016666666666666668,104.2109675176209,100.0,0.3801141505914337,threshold-control
60000.0,100.0,0.0016666666666666668,104.281143253323,100.0,0.37967224994458193,threshold-control
60000.0,100.0,0.0016666666666666668,104.3513189890251,100.0,0.37923038580030644,threshold-control
60000.0,100.0,0.0016666666666666668,104.42149472472721,100.0,0.3787885586559566,threshold-control
60000.0,100.0,0.0016666666666666668,104.4916704604293,100.0,0.3783467690087152,threshold-control
60000.0,100.0,0.0016666666666666668,104.56184619613141,100.0,0.37790501735559445,threshold-control
60000.0,100.0,0.0016666666666666668,104.6320219318335,100.0,0.3774633041934351,threshold-control
60000.0,100.0,0.0016666666666666668,104.70219766753561,100.0,0.377021630018904,threshold-control
60000.0,100.0,0.0016666666666666668,104.77237340323771,100.0,0.37657999532849173,threshold-control
60000.0,100.0,0.0016666666666666668,104.84254913893982,100.0,0.3761384006185102,threshold-control
60000.0,100.0,0.0016666666666666668,104.91272487464191,100.0,0.37569684638509115,threshold-control
60000.0,100.0,0.0016666666666666668,104.98290061034402,100.0,0.3752553331241827,threshold-control
60000.0,100.0,0.0016666666666666668,105.0,100.0,0.375147757940121,threshold-control
60000.0,100.0,0.0016666666666666668,105.05307634604613,100.0,0.3748138613315486,threshold-control
60000.0,100.0,0.0016666666666666668,105.12325208174822,100.0,0.3743724315027648,threshold-control
60000.0,100.0,0.0016666666666666668,105.19342781745033,100.0,0.37393104413321776,threshold-control
60000.0,100.0,0.0016666666666666668,105.26360355315242,100.0,0.3734896997181023,threshold-control
60000.0,100.0,0.0016666666666666668,105.33377928885453,100.0,0.37304839875241924,threshold-control
60000.0,100.0,0.0016666666666666668,105.40395502455662,100.0,0.3726071417309733,threshold-control
60000.0,100.0,0.0016666666666666668,105.47413076025873,100.0,0.37216592914837077,threshold-control
60000.0,100.0,0.0016666666666666668,105.54430649596083,100.0,0.37172476149901734,threshold-control
60000.0,100.0,0.0016666666666666668,105.61448223166293,100.0,0.37128363927711605,threshold-control
60000.0,100.0,0.0016666666666666668,105.68465796736503,100.0,0.37084256297666485,threshold-control
60000.0,100.0,0.0016666666666666668,105.75483370306713,100.0,0.37040153309145474,threshold-control
60000.0,100.0,0.0016666666666666668,105.82500943876924,100.0,0.3699605501150667,threshold-control
60000.0,100.0,0.0016666666666666668,105.89518517447134,100.0,0.36951961454087134,threshold-control
60000.0,100.0,0.0016666666666666668,105.96536091017344,100.0,0.3690787268620245,threshold-control
60000.0,100.0,0.0016666666666666668,106.0,100.0,0.36886112033214846,threshold-control
60000.0,100.0,0.0016666666666666668,106.03553664587554,100.0,0.3686378875714661,threshold-control
60000.0,100.0,0.0016666666666666668,106.10571238157765,100.0,0.36819709716191906,threshold-control
60000.0,100.0,0.0016666666666666668,106.17588811727974,100.0,0.36775635612588453,threshold-control
60000.0,100.0,0.0016666666666666668,106.24606385298185,100.0,0.36731566495564194,threshold-control
60000.0,100.0,0.0016666666666666668,106.31623958868394,100.0,0.36687502414324635,threshold-control
60000.0,100.0,0.0016666666666666668,106.38641532438605,100.0,0.36643443418052535,threshold-control
60000.0,100.0,0.0016666666666666668,106.45659106008816,100.0,0.3659938955590778,threshold-control
60000.0,100.0,0.0016666666666666668,106.52676679579025,100.0,0.3655534087702713,threshold-control
60000.0,100.0,0.0016666666666666668,106.59694253149236,100.0,0.36511297430524003,threshold-control
60000.0,100.0,0.0016666666666666668,106.66711826719445,100.0,0.36467259265488305,threshold-control
60000.0,100.0,0.0016666666666666668,106.73729400289656,100.0,0.3642322643098611,threshold-control
60000.0,100.0,0.0016666666666666668,106.80746973859866,100.0,0.36379198976059535,threshold-control
60000.0,100.0,0.0016666666666666668,106.87764547430076,100.0,0.3633517694972651,threshold-control
60000.0,100.0,0.0016666666666666668,106.94782121000286,100.0,0.3629116040098054,threshold-control
60000.0,100.0,0.0016666666666666668,107.0,100.0,0.3625843571304269,threshold-control
60000.0,100.0,0.0016666666666666668,107.01799694570497,100.0,0.36247149378790444,threshold-control
60000.0,100.0,0.0016666666666666668,107.08817268140706,100.0,0.36203143932100257,threshold-control
60000.0,100.0,0.0016666666666666668,107.15834841710917,100.0,0.36159144109828945,threshold-control
60000.0,100.0,0.0016666666666666668,107.22852415281127,100.0,0.3611514996087013,threshold-control
60000.0,100.0,0.0016666666666666668,107.29869988851337,100.0,0.3607116153409202,threshold-control
60000.0,100.0,0.0016666666666666668,107.36887562421548,100.0,0.36027178878337063,threshold-control
60000.0,100.0,0.0016666666666666668,107.43905135991757,100.0,0.3598320204242179,threshold-control
60000.0,100.0,0.0016666666666666668,107.50922709561968,100.0,0.3593923107513659,threshold-control
60000.0,100.0,0.0016666666666666668,107.57940283132177,100.0,0.3589526602524553,threshold-control
60000.0,100.0,0.0016666666666666668,107.64957856702388,100.0,0.3585130694148605,threshold-control
60000.0,100.0,0.0016666666666666668,107.71975430272597,100.0,0.35807353872568914,threshold-control
60000.0,100.0,0.0016666666666666668,107.78993003842808,100.0,0.3576340686717776,threshold-control
60000.0,100.0,0.0016666666666666668,107.86010577413019,100.0,0.35719465973969133,threshold-control
60000.0,100.0,0.0016666666666666668,107.93028150983228,100.0,0.356755312415721,threshold-control
60000.0,100.0,0.0016666666666666668,108.0,100.0,0.35631888924398014,threshold-control
60000.0,100.0,0.0016666666666666668,108.00045724553439,100.0,0.3563160271858812,threshold-control
60000.0,100.0,0.0016666666666666668,108.07063298123649,100.0,0.3558768045359083,threshold-control
60000.0,100.0,0.0016666666666666668,108.1408087169386,100.0,0.3554376449512574,threshold-control
60000.0,100.0,0.0016666666666666668,108.21098445264069,100.0,0.3549985489171018,threshold-control
60000.0,100.0,0.0016666666666666668,108.2811601883428,100.0,0.35455951691832954,threshold-control
60000.0,100.0,0.0016666666666666668,108.35133592404489,100.0,0.35412054943954197,threshold-control
60000.0,100.0,0.0016666666666666668,108.421511659747,100.0,0.35368164696505133,threshold-control
60000.0,100.0,0.0016666666666666668,108.4916873954491,100.0,0.3532428099788787,threshold-control
60000.0,100.0,0.0016666666666666668,108.5618631311512,100.0,0.3528040389647523,threshold-control
60000.0,100.0,0.0016666666666666668,108.6320388668533,100.0,0.35236533440610496,threshold-control
60000.0,100.0,0.0016666666666666668,108.7022146025554,100.0,0.3519266967860719,threshold-control
60000.0,100.0,0.0016666666666666668,108.77239033825751,100.0,0.35148812658748885,threshold-control
60000.0,100.0,0.0016666666666666668,108.8425660739596,100.0,0.3510496242928903,threshold-control
60000.0,100.0,0.0016666666666666668,108.91274180966171,100.0,0.3506111903845066,threshold-control
60000.0,100.0,0.0016666666666666668,108.9829175453638,100.0,0.3501728253442633,threshold-control
60000.0,100.0,0.0016666666666666668,109.0,100.0,0.3500661272725041,threshold-control
60000.0,100.0,0.0016666666666666668,109.05309328106591,100.0,0.3497345296537767,threshold-control
60000.0,100.0,0.0016666666666666668,109.123269016768,100.0,0.3492963037943545,threshold-control
60000.0,100.0,0.0016666666666666668,109.19344475247011,100.0,0.3488581482469918,threshold-control
60000.0,100.0,0.0016666666666666668,109.26362048817222,100.0,0.34842006349236954,threshold-control
60000.0,100.0,0.0016666666666666668,109.33379622387432,100.0,0.3479820500108529,threshold-control
60000.0,100.0,0.0016666666666666668,109.40397195957642,100.0,0.3475441082824887,threshold-control
60000.0,100.0,0.0016666666666666668,109.47414769527852,100.0,0.34710623878700353,threshold-control
60000.0,100.0,0.0016666666666666668,109.54432343098063,100.0,0.34666844200380165,threshold-control
60000.0,100.0,0.0016666666666666668,109.61449916668272,100.0,0.34623071841196296,threshold-control
60000.0,100.0,0.0016666666666666668,109.68467490238483,100.0,0.34579306849024083,threshold-control
60000.0,100.0,0.0016666666666666668,109.75485063808692,100.0,0.34535549271706045,threshold-control
60000.0,100.0,0.0016666666666666668,109.82502637378903,100.0,0.34491799157051595,threshold-control
60000.0,100.0,0.0016666666666666668,109.89520210949114,100.0,0.34448056552836936,threshold-control
60000.0,100.0,0.0016666666666666668,109.96537784519323,100.0,0.34404321506804814,threshold-control
60000.0,100.0,0.0016666666666666668,110.0,100.0,0.34382747025229743,threshold-control
60000.0,100.0,0.0016666666666666668,110.03555358089534,100.0,0.34360594066664274,threshold-control
60000.0,100.0,0.0016666666666666668,110.10572931659743,100.0,0.34316874280090515,threshold-control
60000.0,100.0,0.0016666666666666668,110.17590505229954,100.0,0.34273162194724627,threshold-control
60000.0,100.0,0.0016666666666666668,110.24608078800163,100.0,0.34229457858173484,threshold-control
60000.0,100.0,0.0016666666666666668,110.31625652370374,100.0,0.3418576131800942,threshold-control
60000.0,100.0,0.0016666666666666668,110.38643225940584,100.0,0.3414207262177017,threshold-control
60000.0,100.0,0.0016666666666666668,110.45660799510794,100.0,0.34098391816958484,threshold-control
60000.0,100.0,0.0016666666666666668,110.52678373081004,100.0,0.34054718951042096,threshold-control
60000.0,100.0,0.0016666666666666668,110.59695946651215,100.0,0.3401105407145345,threshold-control
60000.0,100.0,0.0016666666666666668,110.66713520221425,100.0,0.3396739722558947,threshold-control
60000.0,100.0,0.0016666666666666668,110.73731093791635,100.0,0.3392374846081143,threshold-control
60000.0,100.0,0.0016666666666666668,110.80748667361846,100.0,0.3388010782444467,threshold-control
60000.0,100.0,0.0016666666666666668,110.87766240932055,100.0,0.3383647536377852,threshold-control
60000.0,100.0,0.0016666666666666668,110.94783814502266,100.0,0.33792851126065926,threshold-control
60000.0,100.0,0.0016666666666666668,111.0,100.0,0.33760430442444367,threshold-control
60000.0,100.0,0.0016666666666666668,111.01801388072475,100.0,0.3374923515852343,threshold-control
60000.0,100.0,0.0016666666666666668,111.08818961642686,100.0,0.33705627508330815,threshold-control
60000.0,100.0,0.0016666666666666668,111.15836535212895,100.0,0.33662028222631046,threshold-control
60000.0,100.0,0.0016666666666666668,111.22854108783106,100.0,0.3361843734852994,threshold-control
60000.0,100.0,0.0016666666666666668,111.29871682353317,100.0,0.3357485493309611,threshold-control
60000.0,100.0,0.0016666666666666668,111.36889255923526,100.0,0.33531281023360626,threshold-control
60000.0,100.0,0.0016666666666666668,111.43906829493737,100.0,0.3348771566631692,threshold-control
60000.0,100.0,0.0016666666666666668,111.50924403063946,100.0,0.3344415890892052,threshold-control
60000.0,100.0,0.0016666666666666668,111.57941976634157,100.0,0.3340061079808889,threshold-control
60000.0,100.0,0.0016666666666666668,111.64959550204367,100.0,0.33357071380701275,threshold-control
60000.0,100.0,0.0016666666666666668,111.71977123774577,100.0,0.33313540703598365,threshold-control
60000.0,100.0,0.0016666666666666668,111.78994697344787,100.0,0.33270018813582314,threshold-control
60000.0,100.0,0.0016666666666666668,111.86012270914998,100.0,0.33226505757416325,threshold-control
60000.0,100.0,0.0016666666666666668,111.93029844485207,100.0,0.3318300158182458,threshold-control
60000.0,100.0,0.0016666666666666668,112.0,100.0,0.33139800202750236,threshold-control
60000.0,100.0,0.0016666666666666668,112.00047418055418,100.0,0.3313950633349204,threshold-control
60000.0,100.0,0.0016666666666666668,112.07064991625629,100.0,0.330960200590642,threshold-control
60000.0,100.0,0.0016666666666666668,112.14082565195838,100.0,0.33052542805147,threshold-control
60000.0,100.0,0.0016666666666666668,112.21100138766049,100.0,0.3300907461830642,threshold-control
60000.0,100.0,0.0016666666666666668,112.28117712336258,100.0,0.3296561554506856,threshold-control
60000.0,100.0,0.0016666666666666668,112.35135285906469,100.0,0.32922165631919265,threshold-control
60000.0,100.0,0.0016666666666666668,112.42152859476678,100.0,0.32878724925303926,threshold-control
60000.0,100.0,0.0016666666666666668,112.49170433046889,100.0,0.32835293471627425,threshold-control
60000.0,100.0,0.0016666666666666668,112.56188006617099,100.0,0.32791871317253807,threshold-control
60000.0,100.0,0.0016666666666666668,112.6320558018731,100.0,0.3274845850850615,threshold-control
60000.0,100.0,0.0016666666666666668,112.7022315375752,100.0,0.327050550916664,threshold-control
60000.0,100.0,0.0016666666666666668,112.7724072732773,100.0,0.32661661112975104,threshold-control
60000.0,100.0,0.0016666666666666668,112.8425830089794,100.0,0.3261827661863128,threshold-control
60000.0,100.0,0.0016666666666666668,112.9127587446815,100.0,0.3257490165479221,threshold-control
60000.0,100.0,0.0016666666666666668,112.9829344803836,100.0,0.32531536267573247,threshold-control
60000.0,100.0,0.0016666666666666668,113.0,100.0,0.3252099201168931,threshold-control
60000.0,100.0,0.0016666666666666668,113.0531102160857,100.0,0.3248818050304768,threshold-control
60000.0,100.0,0.0016666666666666668,113.1232859517878,100.0,0.32444834407246403,threshold-control
60000.0,100.0,0.0016666666666666668,113.1934616874899,100.0,0.32401498026157893,threshold-control
60000.0,100.0,0.0016666666666666668,113.26363742319201,100.0,0.3235817140572792,threshold-control
60000.0,100.0,0.0016666666666666668,113.33381315889412,100.0,0.3231485459185939,threshold-control
60000.0,100.0,0.0016666666666666668,113.35788212640655,100.0,0.32299999999999984,threshold-control
60000.0,100.0,0.0016666666666666668,113.40398889459621,99.99381856937059,0.323,post-control
60000.0,100.0,0.0016666666666666668,113.47416463029832,99.98441026644366,0.323,post-control
60000.0,100.0,0.0016666666666666668,113.54434036600041,99.97500196351673,0.323,post-control
60000.0,100.0,0.0016666666666666668,113.61451610170252,99.96559366058979,0.323,post-control
60000.0,100.0,0.0016666666666666668,113.68469183740461,99.95618535766286,0.323,post-control
60000.0,100.0,0.0016666666666666668,113.75486757310672,99.94677705473593,0.323,post-control
60000.0,100.0,0.0016666666666666668,113.82504330880882,99.937368751809,0.323,post-control
60000.0,100.0,0.0016666666666666668,113.89521904451092,99.92796044888206,0.323,post-control
60000.0,100.0,0.0016666666666666668,113.96539478021302,99.91855214595513,0.323,post-control
60000.0,100.0,0.0016666666666666668,114.03557051591513,99.9091438430282,0.323,post-control
60000.0,100.0,0.0016666666666666668,114.10574625161723,99.89973554010126,0.323,post-control
60000.0,100.0,0.0016666666666666668,114.17592198731933,99.89032723717433,0.323,post-control
60000.0,100.0,0.0016666666666666668,114.24609772302144,99.8809189342474,0.323,post-control
60000.0,100.0,0.0016666666666666668,114.31627345872353,99.87151063132048,0.323,post-control
60000.0,100.0,0.0016666666666666668,114.35788212640655,99.86593225090121,0.323,post-control
60000.0,100.0,0.0016666666666666668,114.38644919442564,99.85452949210676,0.323,post-control
60000.0,100.0,0.0016666666666666668,114.45662493012773,99.82651832250059,0.323,post-control
60000.0,100.0,0.0016666666666666668,114.52680066582984,99.79850715289442,0.323,post-control
60000.0,100.0,0.0016666666666666668,114.59697640153193,99.77049598328824,0.323,post-control
60000.0,100.0,0.0016666666666666668,114.66715213723404,99.74248481368205,0.323,post-control
60000.0,100.0,0.0016666666666666668,114.73732787293615,99.71447364407588,0.323,post-control
60000.0,100.0,0.0016666666666666668,114.80750360863824,99.6864624744697,0.323,post-control
60000.0,100.0,0.0016666666666666668,114.87767934434035,99.65845130486352,0.323,post-control
60000.0,100.0,0.0016666666666666668,114.94785508004244,99.63044013525734,0.323,post-control
60000.0,100.0,0.0016666666666666668,115.01803081574455,99.60242896565117,0.323,post-control
60000.0,100.0,0.0016666666666666668,115.08820655144665,99.574417796045,0.323,post-control
60000.0,100.0,0.0016666666666666668,115.15838228714875,99.54640662643882,0.323,post-control
60000.0,100.0,0.0016666666666666668,115.22855802285085,99.51839545683265,0.323,post-control
60000.0,100.0,0.0016666666666666668,115.29873375855296,99.49038428722646,0.323,post-control
60000.0,100.0,0.0016666666666666668,115.35788212640655,99.46677477394813,0.323,post-control
60000.0,100.0,0.0016666666666666668,115.36890949425505,99.45952264391572,0.323,post-control
60000.0,100.0,0.0016666666666666668,115.43908522995716,99.41337168863575,0.323,post-control
60000.0,100.0,0.0016666666666666668,115.50926096565927,99.36722073335578,0.323,post-control
60000.0,100.0,0.0016666666666666668,115.57943670136136,99.32106977807581,0.323,post-control
60000.0,100.0,0.0016666666666666668,115.64961243706347,99.27491882279584,0.323,post-control
60000.0,100.0,0.0016666666666666668,115.71978817276556,99.22876786751588,0.323,post-control
60000.0,100.0,0.0016666666666666668,115.78996390846767,99.18261691223591,0.323,post-control
60000.0,100.0,0.0016666666666666668,115.86013964416976,99.13646595695594,0.323,post-control
60000.0,100.0,0.0016666666666666668,115.93031537987187,99.09031500167598,0.323,post-control
60000.0,100.0,0.0016666666666666668,116.00049111557396,99.04416404639602,0.323,post-control
60000.0,100.0,0.0016666666666666668,116.07066685127607,98.99801309111605,0.323,post-control
60000.0,100.0,0.0016666666666666668,116.14084258697818,98.95186213583608,0.323,post-control
60000.0,100.0,0.0016666666666666668,116.21101832268027,98.90571118055611,0.323,post-control
60000.0,100.0,0.0016666666666666668,116.28119405838238,98.85956022527614,0.323,post-control
60000.0,100.0,0.0016666666666666668,116.35136979408448,98.81340926999619,0.323,post-control
60000.0,100.0,0.0016666666666666668,116.35788212640655,98.80912644553047,0.323,post-control
60000.0,100.0,0.0016666666666666668,116.42154552978658,98.75138440958175,0.323,post-control
60000.0,100.0,0.0016666666666666668,116.49172126548868,98.68773575684715,0.323,post-control
60000.0,100.0,0.0016666666666666668,116.56189700119079,98.62408710411253,0.323,post-control
60000.0,100.0,0.0016666666666666668,116.63207273689288,98.56043845137793,0.323,post-control
60000.0,100.0,0.0016666666666666668,116.70224847259499,98.49678979864332,0.323,post-control
60000.0,100.0,0.0016666666666666668,116.77242420829708,98.43314114590872,0.323,post-control
60000.0,100.0,0.0016666666666666668,116.84259994399919,98.36949249317412,0.323,post-control
60000.0,100.0,0.0016666666666666668,116.9127756797013,98.30584384043951,0.323,post-control
60000.0,100.0,0.0016666666666666668,116.98295141540339,98.24219518770491,0.323,post-control
60000.0,100.0,0.0016666666666666668,117.0531271511055,98.1785465349703,0.323,post-control
60000.0,100.0,0.0016666666666666668,117.1233028868076,98.1148978822357,0.323,post-control
60000.0,100.0,0.0016666666666666668,117.1934786225097,98.05124922950108,0.323,post-control
60000.0,100.0,0.0016666666666666668,117.2636543582118,97.98760057676648,0.323,post-control
60000.0,100.0,0.0016666666666666668,117.3338300939139,97.92395192403188,0.323,post-control
60000.0,100.0,0.0016666666666666668,117.35788212640655,97.90213698403346,0.323,post-control
60000.0,100.0,0.0016666666666666668,117.404005829616,97.84933157086036,0.323,post-control
60000.0,100.0,0.0016666666666666668,117.4741815653181,97.76898982766491,0.323,post-control
60000.0,100.0,0.0016666666666666668,117.54435730102021,97.68864808446946,0.323,post-control
60000.0,100.0,0.0016666666666666668,117.6145330367223,97.60830634127403,0.323,post-control
60000.0,100.0,0.0016666666666666668,117.68470877242441,97.52796459807857,0.323,post-control
60000.0,100.0,0.0016666666666666668,117.75488450812651,97.44762285488314,0.323,post-control
60000.0,100.0,0.0016666666666666668,117.82506024382862,97.36728111168769,0.323,post-control
60000.0,100.0,0.0016666666666666668,117.89523597953071,97.28693936849226,0.323,post-control
60000.0,100.0,0.0016666666666666668,117.96541171523282,97.20659762529681,0.323,post-control
60000.0,100.0,0.0016666666666666668,118.03558745093491,97.12625588210138,0.323,post-control
60000.0,100.0,0.0016666666666666668,118.10576318663702,97.04591413890593,0.323,post-control
60000.0,100.0,0.0016666666666666668,118.17593892233913,96.96557239571048,0.323,post-control
60000.0,100.0,0.0016666666666666668,118.24611465804122,96.88523065251505,0.323,post-control
60000.0,100.0,0.0016666666666666668,118.31629039374333,96.8048889093196,0.323,post-control
60000.0,100.0,0.0016666666666666668,118.35788212640655,96.75727199057624,0.323,post-control
60000.0,100.0,0.0016666666666666668,118.38646612944542,96.718133814788,0.323,post-control
60000.0,100.0,0.0016666666666666668,118.45664186514753,96.62204684347601,0.323,post-control
60000.0,100.0,0.0016666666666666668,118.52681760084963,96.52595987216405,0.323,post-control
60000.0,100.0,0.0016666666666666668,118.59699333655173,96.42987290085206,0.323,post-control
60000.0,100.0,0.0016666666666666668,118.66716907225383,96.33378592954008,0.323,post-control
60000.0,100.0,0.0016666666666666668,118.73734480795594,96.23769895822811,0.323,post-control
60000.0,100.0,0.0016666666666666668,118.80752054365803,96.14161198691613,0.323,post-control
60000.0,100.0,0.0016666666666666668,118.87769627936014,96.04552501560414,0.323,post-control
60000.0,100.0,0.0016666666666666668,118.94787201506225,95.94943804429215,0.323,post-control
60000.0,100.0,0.0016666666666666668,119.01804775076434,95.85335107298019,0.323,post-control
60000.0,100.0,0.0016666666666666668,119.08822348646645,95.7572641016682,0.323,post-control
60000.0,100.0,0.0016666666666666668,119.15839922216854,95.66117713035624,0.323,post-control
60000.0,100.0,0.0016666666666666668,119.22857495787065,95.56509015904425,0.323,post-control
60000.0,100.0,0.0016666666666666668,119.29875069357274,95.46900318773227,0.323,post-control
60000.0,100.0,0.0016666666666666668,119.35788212640655,95.38803844637982,0.323,post-control
60000.0,100.0,0.0016666666666666668,119.36892642927485,95.37060658992915,0.323,post-control
60000.0,100.0,0.0016666666666666668,119.43910216497694,95.25984420269054,0.323,post-control
60000.0,100.0,0.0016666666666666668,119.50927790067905,95.14908181545192,0.323,post-control
60000.0,100.0,0.0016666666666666668,119.57945363638116,95.0383194282133,0.323,post-control
60000.0,100.0,0.0016666666666666668,119.64962937208325,94.92755704097469,0.323,post-control
60000.0,100.0,0.0016666666666666668,119.71980510778536,94.81679465373605,0.323,post-control
60000.0,100.0,0.0016666666666666668,119.78998084348746,94.70603226649746,0.323,post-control
60000.0,100.0,0.0016666666666666668,119.86015657918956,94.59526987925882,0.323,post-control
60000.0,100.0,0.0016666666666666668,119.93033231489166,94.48450749202021,0.323,post-control
60000.0,100.0,0.0016666666666666668,120.00050805059377,94.37374510478159,0.323,post-control
60000.0,100.0,0.0016666666666666668,120.07068378629586,94.26298271754298,0.323,post-control
60000.0,100.0,0.0016666666666666668,120.14085952199797,94.15222033030436,0.323,post-control
60000.0,100.0,0.0016666666666666668,120.21103525770006,94.04145794306575,0.323,post-control
60000.0,100.0,0.0016666666666666668,120.28121099340217,93.93069555582713,0.323,post-control
60000.0,100.0,0.0016666666666666668,120.35138672910428,93.81993316858849,0.323,post-control
60000.0,100.0,0.0016666666666666668,120.35788212640655,93.8096811106077,0.323,post-control
60000.0,100.0,0.0016666666666666668,120.42156246480637,93.69691460707331,0.323,post-control
60000.0,100.0,0.0016666666666666668,120.49173820050848,93.57264591524579,0.323,post-control
60000.0,100.0,0.0016666666666666668,120.56191393621057,93.44837722341828,0.323,post-control
60000.0,100.0,0.0016666666666666668,120.63208967191268,93.32410853159075,0.323,post-control
60000.0,100.0,0.0016666666666666668,120.70226540761477,93.19983983976324,0.323,post-control
60000.0,100.0,0.0016666666666666668,120.77244114331688,93.0755711479357,0.323,post-control
60000.0,100.0,0.0016666666666666668,120.84261687901898,92.95130245610821,0.323,post-control
60000.0,100.0,0.0016666666666666668,120.91279261472108,92.82703376428067,0.323,post-control
60000.0,100.0,0.0016666666666666668,120.98296835042319,92.70276507245315,0.323,post-control
60000.0,100.0,0.0016666666666666668,121.05314408612529,92.57849638062564,0.323,post-control
60000.0,100.0,0.0016666666666666668,121.1233198218274,92.45422768879811,0.323,post-control
60000.0,100.0,0.0016666666666666668,121.19349555752949,92.3299589969706,0.323,post-control
60000.0,100.0,0.0016666666666666668,121.2636712932316,92.20569030514308,0.323,post-control
60000.0,100.0,0.0016666666666666668,121.33384702893369,92.08142161331557,0.323,post-control
60000.0,100.0,0.0016666666666666668,121.35788212640655,92.03885974928926,0.323,post-control
60000.0,100.0,0.0016666666666666668,121.4040227646358,91.94909122305387,0.323,post-control
60000.0,100.0,0.0016666666666666668,121.47419850033789,91.81256141737234,0.323,post-control
60000.0,100.0,0.0016666666666666668,121.54437423604,91.67603161169077,0.323,post-control
60000.0,100.0,0.0016666666666666668,121.61454997174211,91.53950180600923,0.323,post-control
60000.0,100.0,0.0016666666666666668,121.6847257074442,91.4029720003277,0.323,post-control
60000.0,100.0,0.0016666666666666668,121.75490144314631,91.26644219464613,0.323,post-control
60000.0,100.0,0.0016666666666666668,121.8250771788484,91.1299123889646,0.323,post-control
60000.0,100.0,0.0016666666666666668,121.89525291455051,90.99338258328304,0.323,post-control
60000.0,100.0,0.0016666666666666668,121.9654286502526,90.8568527776015,0.323,post-control
60000.0,100.0,0.0016666666666666668,122.03560438595471,90.72032297191994,0.323,post-control
60000.0,100.0,0.0016666666666666668,122.1057801216568,90.58379316623841,0.323,post-control
60000.0,100.0,0.0016666666666666668,122.17595585735891,90.44726336055685,0.323,post-control
60000.0,100.0,0.0016666666666666668,122.24613159306101,90.31073355487531,0.323,post-control
60000.0,100.0,0.0016666666666666668,122.31630732876312,90.17420374919377,0.323,post-control
60000.0,100.0,0.0016666666666666668,122.35788212640655,90.09331825527313,0.323,post-control
60000.0,100.0,0.0016666666666666668,122.38648306446522,90.03320589302604,0.323,post-control
60000.0,100.0,0.0016666666666666668,122.45665880016732,89.88571320461047,0.323,post-control
60000.0,100.0,0.0016666666666666668,122.52683453586943,89.73822051619489,0.323,post-control
60000.0,100.0,0.0016666666666666668,122.59701027157152,89.59072782777932,0.323,post-control
60000.0,100.0,0.0016666666666666668,122.66718600727363,89.44323513936372,0.323,post-control
60000.0,100.0,0.0016666666666666668,122.73736174297572,89.29574245094817,0.323,post-control
60000.0,100.0,0.0016666666666666668,122.80753747867783,89.14824976253257,0.323,post-control
60000.0,100.0,0.0016666666666666668,122.87771321437992,89.000757074117,0.323,post-control
60000.0,100.0,0.0016666666666666668,122.94788895008203,88.85326438570141,0.323,post-control
60000.0,100.0,0.0016666666666666668,123.01806468578414,88.70577169728583,0.323,post-control
60000.0,100.0,0.0016666666666666668,123.08824042148623,88.55827900887026,0.323,post-control
60000.0,100.0,0.0016666666666666668,123.15841615718834,88.41078632045466,0.323,post-control
60000.0,100.0,0.0016666666666666668,123.22859189289044,88.26329363203911,0.323,post-control
60000.0,100.0,0.0016666666666666668,123.29876762859254,88.11580094362351,0.323,post-control
60000.0,100.0,0.0016666666666666668,123.35788212640655,87.99155634369602,0.323,post-control
60000.0,100.0,0.0016666666666666668,123.36894336429464,87.96678973266705,0.323,post-control
60000.0,100.0,0.0016666666666666668,123.43911909999674,87.80966309210561,0.323,post-control
60000.0,100.0,0.0016666666666666668,123.50929483569884,87.65253645154421,0.323,post-control
60000.0,100.0,0.0016666666666666668,123.57947057140095,87.49540981098276,0.323,post-control
60000.0,100.0,0.0016666666666666668,123.64964630710304,87.33828317042136,0.323,post-control
60000.0,100.0,0.0016666666666666668,123.71982204280515,87.18115652985992,0.323,post-control
60000.0,100.0,0.0016666666666666668,123.78999777850726,87.02402988929848,0.323,post-control
60000.0,100.0,0.0016666666666666668,123.86017351420935,86.86690324873707,0.323,post-control
60000.0,100.0,0.0016666666666666668,123.93034924991146,86.70977660817563,0.323,post-control
60000.0,100.0,0.0016666666666666668,124.00052498561355,86.55264996761423,0.323,post-control
60000.0,100.0,0.0016666666666666668,124.07070072131566,86.39552332705279,0.323,post-control
60000.0,100.0,0.0016666666666666668,124.14087645701775,86.23839668649138,0.323,post-control
60000.0,100.0,0.0016666666666666668,124.21105219271986,86.08127004592994,0.323,post-control
60000.0,100.0,0.0016666666666666668,124.28122792842196,85.92414340536853,0.323,post-control
60000.0,100.0,0.0016666666666666668,124.35140366412406,85.7670167648071,0.323,post-control
60000.0,100.0,0.0016666666666666668,124.35788212640655,85.75251119526419,0.323,post-control
60000.0,100.0,0.0016666666666666668,124.42157939982617,85.60236029647093,0.323,post-control
60000.0,100.0,0.0016666666666666668,124.49175513552827,85.43693799150455,0.323,post-control
60000.0,100.0,0.0016666666666666668,124.56193087123037,85.27151568653812,0.323,post-control
60000.0,100.0,0.0016666666666666668,124.63210660693247,85.10609338157174,0.323,post-control
60000.0,100.0,0.0016666666666666668,124.70228234263458,84.94067107660533,0.323,post-control
60000.0,100.0,0.0016666666666666668,124.77245807833667,84.77524877163894,0.323,post-control
60000.0,100.0,0.0016666666666666668,124.84263381403878,84.60982646667252,0.323,post-control
60000.0,100.0,0.0016666666666666668,124.91280954974087,84.44440416170613,0.323,post-control
60000.0,100.0,0.0016666666666666668,124.98298528544298,84.27898185673972,0.323,post-control
60000.0,100.0,0.0016666666666666668,125.05316102114507,84.11355955177333,0.323,post-control
60000.0,100.0,0.0016666666666666668,125.12333675684718,83.94813724680692,0.323,post-control
60000.0,100.0,0.0016666666666666668,125.19351249254929,83.7827149418405,0.323,post-control
60000.0,100.0,0.0016666666666666668,125.26368822825138,83.61729263687411,0.323,post-control
60000.0,100.0,0.0016666666666666668,125.33386396395349,83.4518703319077,0.323,post-control
60000.0,100.0,0.0016666666666666668,125.35788212640655,83.3952533295451,0.323,post-control
60000.0,100.0,0.0016666666666666668,125.40403969965558,83.2818655259477,0.323,post-control
60000.0,100.0,0.0016666666666666668,125.47421543535769,83.1094762087242,0.323,post-control
60000.0,100.0,0.0016666666666666668,125.54439117105979,82.93708689150074,0.323,post-control
60000.0,100.0,0.0016666666666666668,125.6145669067619,82.76469757427725,0.323,post-control
60000.0,100.0,0.0016666666666666668,125.68474264246399,82.5923082570538,0.323,post-control
60000.0,100.0,0.0016666666666666668,125.7549183781661,82.4199189398303,0.323,post-control
60000.0,100.0,0.0016666666666666668,125.8250941138682,82.2475296226068,0.323,post-control
60000.0,100.0,0.0016666666666666668,125.8952698495703,82.07514030538336,0.323,post-control
60000.0,100.0,0.0016666666666666668,125.9654455852724,81.90275098815987,0.323,post-control
60000.0,100.0,0.0016666666666666668,126.0356213209745,81.7303616709364,0.323,post-control
60000.0,100.0,0.0016666666666666668,126.10579705667661,81.55797235371291,0.323,post-control
60000.0,100.0,0.0016666666666666668,126.1759727923787,81.38558303648945,0.323,post-control
60000.0,100.0,0.0016666666666666668,126.24614852808081,81.21319371926596,0.323,post-control
60000.0,100.0,0.0016666666666666668,126.3163242637829,81.04080440204251,0.323,post-control
60000.0,100.0,0.0016666666666666668,126.35788212640655,80.93871595948781,0.323,post-control
60000.0,100.0,0.0016666666666666668,126.38649999948501,80.86610448376281,0.323,post-control
60000.0,100.0,0.0016666666666666668,126.45667573518712,80.68804919239132,0.323,post-control
60000.0,100.0,0.0016666666666666668,126.52685147088921,80.50999390101985,0.323,post-control
60000.0,100.0,0.0016666666666666668,126.59702720659132,80.33193860964836,0.323,post-control
60000.0,100.0,0.0016666666666666668,126.66720294229341,80.1538833182769,0.323,post-control
60000.0,100.0,0.0016666666666666668,126.73737867799552,79.9758280269054,0.323,post-control
60000.0,100.0,0.0016666666666666668,126.80755441369762,79.79777273553394,0.323,post-control
60000.0,100.0,0.0016666666666666668,126.87773014939972,79.61971744416245,0.323,post-control
60000.0,100.0,0.0016666666666666668,126.94790588510182,79.44166215279098,0.323,post-control
60000.0,100.0,0.0016666666666666668,127.01808162080393,79.26360686141949,0.323,post-control
60000.0,100.0,0.0016666666666666668,127.08825735650602,79.08555157004804,0.323,post-control
60000.0,100.0,0.0016666666666666668,127.15843309220813,78.90749627867653,0.323,post-control
60000.0,100.0,0.0016666666666666668,127.22860882791024,78.72944098730504,0.323,post-control
60000.0,100.0,0.0016666666666666668,127.29878456361233,78.55138569593359,0.323,post-control
60000.0,100.0,0.0016666666666666668,127.35788212640655,78.40143879965396,0.323,post-control
60000.0,100.0,0.0016666666666666668,127.36896029931444,78.37263467260367,0.323,post-control
60000.0,100.0,0.0016666666666666668,127.43913603501653,78.19017220123602,0.323,post-control
60000.0,100.0,0.0016666666666666668,127.50931177071864,78.00770972986835,0.323,post-control
60000.0,100.0,0.0016666666666666668,127.57948750642073,77.82524725850072,0.323,post-control
60000.0,100.0,0.0016666666666666668,127.64966324212284,77.64278478713305,0.323,post-control
60000.0,100.0,0.0016666666666666668,127.71983897782494,77.46032231576541,0.323,post-control
60000.0,100.0,0.0016666666666666668,127.79001471352704,77.27785984439774,0.323,post-control
60000.0,100.0,0.0016666666666666668,127.86019044922915,77.09539737303007,0.323,post-control
60000.0,100.0,0.0016666666666666668,127.93036618493124,76.91293490166242,0.323,post-control
60000.0,100.0,0.0016666666666666668,128.00054192063334,76.7304724302948,0.323,post-control
60000.0,100.0,0.0016666666666666668,128.07071765633546,76.54800995892708,0.323,post-control
60000.0,100.0,0.0016666666666666668,128.14089339203755,76.36554748755945,0.323,post-control
60000.0,100.0,0.0016666666666666668,128.21106912773965,76.18308501619181,0.323,post-control
60000.0,100.0,0.0016666666666666668,128.28124486344174,76.00062254482418,0.323,post-control
60000.0,100.0,0.0016666666666666668,128.35142059914386,75.81816007345647,0.323,post-control
60000.0,100.0,0.0016666666666666668,128.35788212640654,75.80135959076311,0.323,post-control
60000.0,100.0,0.0016666666666666668,128.42159633484596,75.63278853851968,0.323,post-control
60000.0,100.0,0.0016666666666666668,128.49177207054805,75.44712198314677,0.323,post-control
60000.0,100.0,0.0016666666666666668,128.56194780625017,75.26145542777378,0.323,post-control
60000.0,100.0,0.0016666666666666668,128.63212354195227,75.07578887240088,0.323,post-control
60000.0,100.0,0.0016666666666666668,128.70229927765436,74.89012231702797,0.323,post-control
60000.0,100.0,0.0016666666666666668,128.77247501335646,74.70445576165505,0.323,post-control
60000.0,100.0,0.0016666666666666668,128.84265074905858,74.51878920628208,0.323,post-control
60000.0,100.0,0.0016666666666666668,128.91282648476067,74.33312265090917,0.323,post-control
60000.0,100.0,0.0016666666666666668,128.98300222046277,74.14745609553626,0.323,post-control
60000.0,100.0,0.0016666666666666668,129.05317795616486,73.96178954016335,0.323,post-control
60000.0,100.0,0.0016666666666666668,129.12335369186698,73.77612298479036,0.323,post-control
60000.0,100.0,0.0016666666666666668,129.19352942756908,73.59045642941746,0.323,post-control
60000.0,100.0,0.0016666666666666668,129.26370516327117,73.40478987404455,0.323,post-control
60000.0,100.0,0.0016666666666666668,129.3338808989733,73.21912331867156,0.323,post-control
60000.0,100.0,0.0016666666666666668,129.35788212640654,73.15562237810188,0.323,post-control
60000.0,100.0,0.0016666666666666668,129.40405663467538,73.0320970227581,0.323,post-control
60000.0,100.0,0.0016666666666666668,129.47423237037748,72.84436394201492,0.323,post-control
60000.0,100.0,0.0016666666666666668,129.54440810607957,72.65663086127174,0.323,post-control
60000.0,100.0,0.0016666666666666668,129.6145838417817,72.46889778052848,0.323,post-control
60000.0,100.0,0.0016666666666666668,129.6847595774838,72.2811646997853,0.323,post-control
60000.0,100.0,0.0016666666666666668,129.75493531318588,72.09343161904211,0.323,post-control
60000.0,100.0,0.0016666666666666668,129.82511104888798,71.90569853829894,0.323,post-control
60000.0,100.0,0.0016666666666666668,129.8952867845901,71.71796545755568,0.323,post-control
60000.0,100.0,0.0016666666666666668,129.9654625202922,71.53023237681249,0.323,post-control
60000.0,100.0,0.0016666666666666668,130.0356382559943,71.3424992960693,0.323,post-control
60000.0,100.0,0.0016666666666666668,130.1058139916964,71.15476621532605,0.323,post-control
60000.0,100.0,0.0016666666666666668,130.1759897273985,70.96703313458286,0.323,post-control
60000.0,100.0,0.0016666666666666668,130.2461654631006,70.77930005383969,0.323,post-control
60000.0,100.0,0.0016666666666666668,130.3163411988027,70.5915669730965,0.323,post-control
60000.0,100.0,0.0016666666666666668,130.35788212640654,70.48043730358928,0.323,post-control
60000.0,100.0,0.0016666666666666668,130.3865169345048,70.40342444925493,0.323,post-control
60000.0,100.0,0.0016666666666666668,130.4566926702069,70.21468794042681,0.323,post-control
60000.0,100.0,0.0016666666666666668,130.526868405909,70.02595143159868,0.323,post-control
60000.0,100.0,0.0016666666666666668,130.59704414161112,69.83721492277049,0.323,post-control
60000.0,100.0,0.0016666666666666668,130.66721987731322,69.64847841394237,0.323,post-control
60000.0,100.0,0.0016666666666666668,130.7373956130153,69.45974190511424,0.323,post-control
60000.0,100.0,0.0016666666666666668,130.8075713487174,69.27100539628613,0.323,post-control
60000.0,100.0,0.0016666666666666668,130.87774708441952,69.08226888745793,0.323,post-control
60000.0,100.0,0.0016666666666666668,130.94792282012162,68.89353237862981,0.323,post-control
60000.0,100.0,0.0016666666666666668,131.0180985558237,68.70479586980169,0.323,post-control
60000.0,100.0,0.0016666666666666668,131.0882742915258,68.51605936097357,0.323,post-control
60000.0,100.0,0.0016666666666666668,131.15845002722793,68.32732285214537,0.323,post-control
60000.0,100.0,0.0016666666666666668,131.22862576293002,68.13858634331724,0.323,post-control
60000.0,100.0,0.0016666666666666668,131.29880149863212,67.94984983448913,0.323,post-control
60000.0,100.0,0.0016666666666666668,131.35788212640654,67.79095343940388,0.323,post-control
60000.0,100.0,0.0016666666666666668,131.36897723433424,67.76111016508898,0.323,post-control
60000.0,100.0,0.0016666666666666668,131.43915297003633,67.57235366587744,0.323,post-control
60000.0,100.0,0.0016666666666666668,131.50932870573843,67.38359716666591,0.323,post-control
60000.0,100.0,0.0016666666666666668,131.57950444144052,67.19484066745437,0.323,post-control
60000.0,100.0,0.0016666666666666668,131.64968017714264,67.00608416824277,0.323,post-control
60000.0,100.0,0.0016666666666666668,131.71985591284474,66.81732766903123,0.323,post-control
60000.0,100.0,0.0016666666666666668,131.79003164854683,66.6285711698197,0.323,post-control
60000.0,100.0,0.0016666666666666668,131.86020738424892,66.43981467060816,0.323,post-control
60000.0,100.0,0.0016666666666666668,131.93038311995105,66.25105817139655,0.323,post-control
60000.0,100.0,0.0016666666666666668,132.00055885565314,66.06230167218501,0.323,post-control
60000.0,100.0,0.0016666666666666668,132.07073459135523,65.87354517297348,0.323,post-control
60000.0,100.0,0.0016666666666666668,132.14091032705736,65.68478867376187,0.323,post-control
60000.0,100.0,0.0016666666666666668,132.21108606275945,65.49603217455034,0.323,post-control
60000.0,100.0,0.0016666666666666668,132.28126179846154,65.3072756753388,0.323,post-control
60000.0,100.0,0.0016666666666666668,132.35143753416364,65.11851917612726,0.323,post-control
60000.0,100.0,0.0016666666666666668,132.35788212640654,65.10118471346085,0.323,post-control
60000.0,100.0,0.0016666666666666668,132.42161326986576,64.93056125558329,0.323,post-control
60000.0,100.0,0.0016666666666666668,132.49178900556785,64.74268408855497,0.323,post-control
60000.0,100.0,0.0016666666666666668,132.56196474126995,64.55480692152665,0.323,post-control
60000.0,100.0,0.0016666666666666668,132.63214047697204,64.36692975449833,0.323,post-control
60000.0,100.0,0.0016666666666666668,132.70231621267416,64.17905258746994,0.323,post-control
60000.0,100.0,0.0016666666666666668,132.77249194837626,63.99117542044162,0.323,post-control
60000.0,100.0,0.0016666666666666668,132.84266768407835,63.8032982534133,0.323,post-control
60000.0,100.0,0.0016666666666666668,132.91284341978047,63.61542108638491,0.323,post-control
60000.0,100.0,0.0016666666666666668,132.98301915548257,63.427543919356594,0.323,post-control
60000.0,100.0,0.0016666666666666668,133.05319489118466,63.23966675232828,0.323,post-control
60000.0,100.0,0.0016666666666666668,133.12337062688675,63.051789585299964,0.323,post-control
60000.0,100.0,0.0016666666666666668,133.19354636258888,62.86391241827157,0.323,post-control
60000.0,100.0,0.0016666666666666668,133.26372209829097,62.676035251243256,0.323,post-control
60000.0,100.0,0.0016666666666666668,133.33389783399306,62.48815808421494,0.323,post-control
60000.0,100.0,0.0016666666666666668,133.35788212640654,62.423946418077925,0.323,post-control
60000.0,100.0,0.0016666666666666668,133.40407356969519,62.3013951921135,0.323,post-control
60000.0,100.0,0.0016666666666666668,133.47424930539728,62.11521087244405,0.323,post-control
60000.0,100.0,0.0016666666666666668,133.54442504109937,61.9290265527746,0.323,post-control
60000.0,100.0,0.0016666666666666668,133.61460077680147,61.74284223310515,0.323,post-control
60000.0,100.0,0.0016666666666666668,133.6847765125036,61.55665791343563,0.323,post-control
60000.0,100.0,0.0016666666666666668,133.75495224820568,61.37047359376618,0.323,post-control
60000.0,100.0,0.0016666666666666668,133.82512798390778,61.18428927409673,0.323,post-control
60000.0,100.0,0.0016666666666666668,133.89530371960987,60.998104954427276,0.323,post-control
60000.0,100.0,0.0016666666666666668,133.965479455312,60.81192063475775,0.323,post-control
60000.0,100.0,0.0016666666666666668,134.0356551910141,60.625736315088304,0.323,post-control
60000.0,100.0,0.0016666666666666668,134.10583092671618,60.43955199541885,0.323,post-control
60000.0,100.0,0.0016666666666666668,134.1760066624183,60.253367675749324,0.323,post-control
60000.0,100.0,0.0016666666666666668,134.2461823981204,60.06718335607987,0.323,post-control
60000.0,100.0,0.0016666666666666668,134.3163581338225,59.88099903641042,0.323,post-control
60000.0,100.0,0.0016666666666666668,134.35788212640654,59.77083109542809,0.323,post-control
60000.0,100.0,0.0016666666666666668,134.38653386952458,59.695802680540545,0.323,post-control
60000.0,100.0,0.0016666666666666668,134.4567096052267,59.51203814685738,0.323,post-control
60000.0,100.0,0.0016666666666666668,134.5268853409288,59.32827361317429,0.323,post-control
60000.0,100.0,0.0016666666666666668,134.5970610766309,59.1445090794912,0.323,post-control
60000.0,100.0,0.0016666666666666668,134.667236812333,58.96074454580811,0.323,post-control
60000.0,100.0,0.0016666666666666668,134.7374125480351,58.776980012124945,0.323,post-control
60000.0,100.0,0.0016666666666666668,134.8075882837372,58.593215478441856,0.323,post-control
60000.0,100.0,0.0016666666666666668,134.8777640194393,58.40945094475877,0.323,post-control
60000.0,100.0,0.0016666666666666668,134.94793975514142,58.22568641107561,0.323,post-control
60000.0,100.0,0.0016666666666666668,135.0181154908435,58.04192187739251,0.323,post-control
60000.0,100.0,0.0016666666666666668,135.0882912265456,57.85815734370942,0.323,post-control
60000.0,100.0,0.0016666666666666668,135.1584669622477,57.67439281002633,0.323,post-control
60000.0,100.0,0.0016666666666666668,135.22864269794982,57.49062827634317,0.323,post-control
60000.0,100.0,0.0016666666666666668,135.29881843365192,57.306863742660084,0.323,post-control
60000.0,100.0,0.0016666666666666668,135.35788212640654,57.15219757709639,0.323,post-control
60000.0,100.0,0.0016666666666666668,135.368994169354,57.123584048453026,0.323,post-control
60000.0,100.0,0.0016666666666666668,135.43916990505613,56.942881415006305,0.323,post-control
60000.0,100.0,0.0016666666666666668,135.50934564075823,56.76217878155966,0.323,post-control
60000.0,100.0,0.0016666666666666668,135.57952137646032,56.58147614811301,0.323,post-control
60000.0,100.0,0.0016666666666666668,135.64969711216241,56.40077351466637,0.323,post-control
60000.0,100.0,0.0016666666666666668,135.71987284786454,56.22007088121965,0.323,post-control
60000.0,100.0,0.0016666666666666668,135.79004858356663,56.039368247773,0.323,post-control
60000.0,100.0,0.0016666666666666668,135.86022431926872,55.858665614326355,0.323,post-control
60000.0,100.0,0.0016666666666666668,135.93040005497082,55.677962980879705,0.323,post-control
60000.0,100.0,0.0016666666666666668,136.00057579067294,55.497260347432984,0.323,post-control
60000.0,100.0,0.0016666666666666668,136.07075152637503,55.31655771398634,0.323,post-control
60000.0,100.0,0.0016666666666666668,136.14092726207713,55.13585508053969,0.323,post-control
60000.0,100.0,0.0016666666666666668,136.21110299777925,54.95515244709297,0.323,post-control
60000.0,100.0,0.0016666666666666668,136.28127873348134,54.77444981364633,0.323,post-control
60000.0,100.0,0.0016666666666666668,136.35145446918344,54.59374718019968,0.323,post-control
60000.0,100.0,0.0016666666666666668,136.35788212640654,54.57719595240725,0.323,post-control
60000.0,100.0,0.0016666666666666668,136.42163020488553,54.416333806241006,0.323,post-control
60000.0,100.0,0.0016666666666666668,136.49180594058765,54.239252085141636,0.323,post-control
60000.0,100.0,0.0016666666666666668,136.56198167628975,54.06217036404233,0.323,post-control
60000.0,100.0,0.0016666666666666668,136.63215741199184,53.88508864294303,0.323,post-control
60000.0,100.0,0.0016666666666666668,136.70233314769393,53.708006921843726,0.323,post-control
60000.0,100.0,0.0016666666666666668,136.77250888339606,53.53092520074435,0.323,post-control
60000.0,100.0,0.0016666666666666668,136.84268461909815,53.35384347964505,0.323,post-control
60000.0,100.0,0.0016666666666666668,136.91286035480024,53.176761758545744,0.323,post-control
60000.0,100.0,0.0016666666666666668,136.98303609050237,52.99968003744637,0.323,post-control
60000.0,100.0,0.0016666666666666668,137.05321182620446,52.82259831634707,0.323,post-control
60000.0,100.0,0.0016666666666666668,137.12338756190655,52.64551659524776,0.323,post-control
60000.0,100.0,0.0016666666666666668,137.19356329760865,52.468434874148464,0.323,post-control
60000.0,100.0,0.0016666666666666668,137.26373903331077,52.29135315304909,0.323,post-control
60000.0,100.0,0.0016666666666666668,137.33391476901286,52.11427143194978,0.323,post-control
60000.0,100.0,0.0016666666666666668,137.35788212640654,52.053792110215404,0.323,post-control
60000.0,100.0,0.0016666666666666668,137.40409050471496,51.93988904668084,0.323,post-control
60000.0,100.0,0.0016666666666666668,137.47426624041705,51.766906752671105,0.323,post-control
60000.0,100.0,0.0016666666666666668,137.54444197611917,51.5939244586613,0.323,post-control
60000.0,100.0,0.0016666666666666668,137.61461771182127,51.42094216465156,0.323,post-control
60000.0,100.0,0.0016666666666666668,137.68479344752336,51.24795987064182,0.323,post-control
60000.0,100.0,0.0016666666666666668,137.75496918322548,51.074977576632016,0.323,post-control
60000.0,100.0,0.0016666666666666668,137.82514491892758,50.90199528262228,0.323,post-control
60000.0,100.0,0.0016666666666666668,137.89532065462967,50.72901298861254,0.323,post-control
60000.0,100.0,0.0016666666666666668,137.96549639033177,50.5560306946028,0.323,post-control
60000.0,100.0,0.0016666666666666668,138.0356721260339,50.383048400593,0.323,post-control
60000.0,100.0,0.0016666666666666668,138.10584786173598,50.21006610658326,0.323,post-control
60000.0,100.0,0.0016666666666666668,138.17602359743807,50.03708381257352,0.323,post-control
60000.0,100.0,0.0016666666666666668,138.2461993331402,49.864101518563714,0.323,post-control
60000.0,100.0,0.0016666666666666668,138.3163750688423,49.69111922455398,0.323,post-control
60000.0,100.0,0.0016666666666666668,138.35788212640654,49.58880485672836,0.323,post-control
60000.0,100.0,0.0016666666666666668,138.38655080454438,49.51997652264977,0.323,post-control
60000.0,100.0,0.0016666666666666668,138.45672654024648,49.351497217189994,0.323,post-control
60000.0,100.0,0.0016666666666666668,138.5269022759486,49.183017911730154,0.323,post-control
60000.0,100.0,0.0016666666666666668,138.5970780116507,49.01453860627038,0.323,post-control
60000.0,100.0,0.0016666666666666668,138.6672537473528,48.84605930081061,0.323,post-control
60000.0,100.0,0.0016666666666666668,138.73742948305488,48.67757999535083,0.323,post-control
60000.0,100.0,0.0016666666666666668,138.807605218757,48.50910068989099,0.323,post-control
60000.0,100.0,0.0016666666666666668,138.8777809544591,48.340621384431216,0.323,post-control
60000.0,100.0,0.0016666666666666668,138.9479566901612,48.17214207897144,0.323,post-control
60000.0,100.0,0.0016666666666666668,139.0181324258633,48.0036627735116,0.323,post-control
60000.0,100.0,0.0016666666666666668,139.0883081615654,47.835183468051824,0.323,post-control
60000.0,100.0,0.0016666666666666668,139.1584838972675,47.666704162592055,0.323,post-control
60000.0,100.0,0.0016666666666666668,139.2286596329696,47.49822485713228,0.323,post-control
60000.0,100.0,0.0016666666666666668,139.29883536867172,47.32974555167244,0.323,post-control
60000.0,100.0,0.0016666666666666668,139.35788212640654,47.187984918409605,0.323,post-control
60000.0,100.0,0.0016666666666666668,139.3690111043738,47.16203311553056,0.323,post-control
60000.0,100.0,0.0016666666666666668,139.4391868400759,46.99838943996683,0.323,post-control
60000.0,100.0,0.0016666666666666668,139.509362575778,46.8347457644031,0.323,post-control
60000.0,100.0,0.0016666666666666668,139.57953831148012,46.671102088839305,0.323,post-control
60000.0,100.0,0.0016666666666666668,139.64971404718221,46.50745841327557,0.323,post-control
60000.0,100.0,0.0016666666666666668,139.7198897828843,46.343814737711845,0.323,post-control
60000.0,100.0,0.0016666666666666668,139.79006551858643,46.18017106214805,0.323,post-control
60000.0,100.0,0.0016666666666666668,139.86024125428852,46.016527386584315,0.323,post-control
60000.0,100.0,0.0016666666666666668,139.93041698999062,45.85288371102059,0.323,post-control
60000.0,100.0,0.0016666666666666668,140.0005927256927,45.689240035456855,0.323,post-control
60000.0,100.0,0.0016666666666666668,140.07076846139483,45.52559635989306,0.323,post-control
60000.0,100.0,0.0016666666666666668,140.14094419709693,45.36195268432933,0.323,post-control
60000.0,100.0,0.0016666666666666668,140.21111993279902,45.1983090087656,0.323,post-control
60000.0,100.0,0.0016666666666666668,140.28129566850114,45.0346653332018,0.323,post-control
60000.0,100.0,0.0016666666666666668,140.35147140420324,44.871021657638074,0.323,post-control
60000.0,100.0,0.0016666666666666668,140.35788212640654,44.85607241437229,0.323,post-control
60000.0,100.0,0.0016666666666666668,140.42164713990533,44.712013135193594,0.323,post-control
60000.0,100.0,0.0016666666666666668,140.49182287560743,44.55347061561475,0.323,post-control
60000.0,100.0,0.0016666666666666668,140.56199861130955,44.394928096035834,0.323,post-control
60000.0,100.0,0.0016666666666666668,140.63217434701164,44.23638557645698,0.323,post-control
60000.0,100.0,0.0016666666666666668,140.70235008271374,44.07784305687814,0.323,post-control
60000.0,100.0,0.0016666666666666668,140.77252581841583,43.919300537299286,0.323,post-control
60000.0,100.0,0.0016666666666666668,140.84270155411795,43.76075801772037,0.323,post-control
60000.0,100.0,0.0016666666666666668,140.91287728982005,43.602215498141526,0.323,post-control
60000.0,100.0,0.0016666666666666668,140.98305302552214,43.443672978562674,0.323,post-control
60000.0,100.0,0.0016666666666666668,141.05322876122426,43.28513045898376,0.323,post-control
60000.0,100.0,0.0016666666666666668,141.12340449692636,43.126587939404914,0.323,post-control
60000.0,100.0,0.0016666666666666668,141.19358023262845,42.96804541982606,0.323,post-control
60000.0,100.0,0.0016666666666666668,141.26375596833054,42.80950290024722,0.323,post-control
60000.0,100.0,0.0016666666666666668,141.33393170403266,42.6509603806683,0.323,post-control
60000.0,100.0,0.0016666666666666668,141.35788212640654,42.59685107536296,0.323,post-control
60000.0,100.0,0.0016666666666666668,141.40410743973476,42.49591229585146,0.323,post-control
60000.0,100.0,0.0016666666666666668,141.47428317543685,42.342674759898046,0.323,post-control
60000.0,100.0,0.0016666666666666668,141.54445891113895,42.18943722394463,0.323,post-control
60000.0,100.0,0.0016666666666666668,141.61463464684107,42.03619968799115,0.323,post-control
60000.0,100.0,0.0016666666666666668,141.68481038254316,41.882962152037734,0.323,post-control
60000.0,100.0,0.0016666666666666668,141.75498611824526,41.729724616084326,0.323,post-control
60000.0,100.0,0.0016666666666666668,141.82516185394738,41.576487080130846,0.323,post-control
60000.0,100.0,0.0016666666666666668,141.89533758964947,41.42324954417743,0.323,post-control
60000.0,100.0,0.0016666666666666668,141.96551332535157,41.270012008224015,0.323,post-control
60000.0,100.0,0.0016666666666666668,142.03568906105366,41.1167744722706,0.323,post-control
60000.0,100.0,0.0016666666666666668,142.10586479675578,40.963536936317126,0.323,post-control
60000.0,100.0,0.0016666666666666668,142.17604053245788,40.81029940036371,0.323,post-control
60000.0,100.0,0.0016666666666666668,142.24621626815997,40.657061864410295,0.323,post-control
60000.0,100.0,0.0016666666666666668,142.31639200386206,40.50382432845688,0.323,post-control
60000.0,100.0,0.0016666666666666668,142.35788212640654,40.41322543296243,0.323,post-control
60000.0,100.0,0.0016666666666666668,142.38656773956419,40.35281670791288,0.323,post-control
60000.0,100.0,0.0016666666666666668,142.45674347526628,40.20503437884499,0.323,post-control
60000.0,100.0,0.0016666666666666668,142.52691921096837,40.057252049777105,0.323,post-control
60000.0,100.0,0.0016666666666666668,142.5970949466705,39.90946972070916,0.323,post-control
60000.0,100.0,0.0016666666666666668,142.6672706823726,39.761687391641274,0.323,post-control
60000.0,100.0,0.0016666666666666668,142.73744641807468,39.613905062573394,0.323,post-control
60000.0,100.0,0.0016666666666666668,142.80762215377678,39.46612273350551,0.323,post-control
60000.0,100.0,0.0016666666666666668,142.8777978894789,39.31834040443756,0.323,post-control
60000.0,100.0,0.0016666666666666668,142.947973625181,39.17055807536968,0.323,post-control
60000.0,100.0,0.0016666666666666668,143.0181493608831,39.02277574630179,0.323,post-control
60000.0,100.0,0.0016666666666666668,143.0883250965852,38.874993417233846,0.323,post-control
60000.0,100.0,0.0016666666666666668,143.1585008322873,38.72721108816596,0.323,post-control
60000.0,100.0,0.0016666666666666668,143.2286765679894,38.57942875909808,0.323,post-control
60000.0,100.0,0.0016666666666666668,143.2988523036915,38.43164643003019,0.323,post-control
60000.0,100.0,0.0016666666666666668,143.35788212640654,38.30733615956396,0.323,post-control
60000.0,100.0,0.0016666666666666668,143.3690280393936,38.284746241799695,0.323,post-control
60000.0,100.0,0.0016666666666666668,143.4392037750957,38.14251795593427,0.323,post-control
60000.0,100.0,0.0016666666666666668,143.5093795107978,38.000289670068845,0.323,post-control
60000.0,100.0,0.0016666666666666668,143.5795552464999,37.85806138420342,0.323,post-control
60000.0,100.0,0.0016666666666666668,143.64973098220202,37.71583309833793,0.323,post-control
60000.0,100.0,0.0016666666666666668,143.7199067179041,37.5736048124725,0.323,post-control
60000.0,100.0,0.0016666666666666668,143.7900824536062,37.431376526607075,0.323,post-control
60000.0,100.0,0.0016666666666666668,143.86025818930833,37.28914824074159,0.323,post-control
60000.0,100.0,0.0016666666666666668,143.93043392501042,37.14691995487616,0.323,post-control
60000.0,100.0,0.0016666666666666668,144.0006096607125,37.00469166901073,0.323,post-control
60000.0,100.0,0.0016666666666666668,144.0707853964146,36.862463383145304,0.323,post-control
60000.0,100.0,0.0016666666666666668,144.14096113211673,36.72023509727982,0.323,post-control
60000.0,100.0,0.0016666666666666668,144.21113686781882,36.5780068114144,0.323,post-control
60000.0,100.0,0.0016666666666666668,144.28131260352092,36.43577852554897,0.323,post-control
60000.0,100.0,0.0016666666666666668,144.351488339223,36.29355023968354,0.323,post-control
60000.0,100.0,0.0016666666666666668,144.35788212640654,36.280591666720916,0.323,post-control
60000.0,100.0,0.0016666666666666668,144.42166407492513,36.1564180976008,0.323,post-control
60000.0,100.0,0.0016666666666666668,144.49183981062723,36.0197968157154,0.323,post-control
60000.0,100.0,0.0016666666666666668,144.56201554632932,35.883175533830006,0.323,post-control
60000.0,100.0,0.0016666666666666668,144.63219128203144,35.74655425194456,0.323,post-control
60000.0,100.0,0.0016666666666666668,144.70236701773354,35.60993297005916,0.323,post-control
60000.0,100.0,0.0016666666666666668,144.77254275343563,35.473311688173766,0.323,post-control
60000.0,100.0,0.0016666666666666668,144.84271848913772,35.33669040628837,0.323,post-control
60000.0,100.0,0.0016666666666666668,144.91289422483985,35.200069124402916,0.323,post-control
60000.0,100.0,0.0016666666666666668,144.98306996054194,35.06344784251752,0.323,post-control
60000.0,100.0,0.0016666666666666668,145.05324569624403,34.92682656063212,0.323,post-control
60000.0,100.0,0.0016666666666666668,145.12342143194616,34.790205278746676,0.323,post-control
60000.0,100.0,0.0016666666666666668,145.19359716764825,34.65358399686128,0.323,post-control
60000.0,100.0,0.0016666666666666668,145.26377290335034,34.51696271497588,0.323,post-control
60000.0,100.0,0.0016666666666666668,145.33394863905244,34.380341433090486,0.323,post-control
60000.0,100.0,0.0016666666666666668,145.35788212640654,34.33374664231856,0.323,post-control
60000.0,100.0,0.0016666666666666668,145.40412437475456,34.2474231285993,0.323,post-control
60000.0,100.0,0.0016666666666666668,145.47430011045665,34.11642136505946,0.323,post-control
60000.0,100.0,0.0016666666666666668,145.54447584615875,33.98541960151961,0.323,post-control
60000.0,100.0,0.0016666666666666668,145.61465158186084,33.85441783797977,0.323,post-control
60000.0,100.0,0.0016666666666666668,145.68482731756296,33.72341607443987,0.323,post-control
60000.0,100.0,0.0016666666666666668,145.75500305326506,33.592414310900025,0.323,post-control
60000.0,100.0,0.0016666666666666668,145.82517878896715,33.461412547360176,0.323,post-control
60000.0,100.0,0.0016666666666666668,145.89535452466927,33.33041078382028,0.323,post-control
60000.0,100.0,0.0016666666666666668,145.96553026037137,33.199409020280434,0.323,post-control
60000.0,100.0,0.0016666666666666668,146.03570599607346,33.068407256740585,0.323,post-control
60000.0,100.0,0.0016666666666666668,146.10588173177555,32.93740549320074,0.323,post-control
60000.0,100.0,0.0016666666666666668,146.17605746747768,32.80640372966084,0.323,post-control
60000.0,100.0,0.0016666666666666668,146.24623320317977,32.675401966120994,0.323,post-control
60000.0,100.0,0.0016666666666666668,146.31640893888186,32.54440020258115,0.323,post-control
60000.0,100.0,0.0016666666666666668,146.35788212640654,32.46697941531053,0.323,post-control
60000.0,100.0,0.0016666666666666668,146.38658467458396,32.41568846846561,0.323,post-control
60000.0,100.0,0.0016666666666666668,146.45676041028608,32.29028566772987,0.323,post-control
60000.0,100.0,0.0016666666666666668,146.52693614598817,32.164882866994176,0.323,post-control
60000.0,100.0,0.0016666666666666668,146.59711188169027,32.03948006625849,0.323,post-control
60000.0,100.0,0.0016666666666666668,146.6672876173924,31.91407726552275,0.323,post-control
60000.0,100.0,0.0016666666666666668,146.73746335309448,31.78867446478706,0.323,post-control
60000.0,100.0,0.0016666666666666668,146.80763908879658,31.663271664051372,0.323,post-control
60000.0,100.0,0.0016666666666666668,146.87781482449867,31.537868863315683,0.323,post-control
60000.0,100.0,0.0016666666666666668,146.9479905602008,31.412466062579945,0.323,post-control
60000.0,100.0,0.0016666666666666668,147.0181662959029,31.287063261844256,0.323,post-control
60000.0,100.0,0.0016666666666666668,147.08834203160498,31.161660461108568,0.323,post-control
60000.0,100.0,0.0016666666666666668,147.15851776730707,31.03625766037288,0.323,post-control
60000.0,100.0,0.0016666666666666668,147.2286935030092,30.910854859637137,0.323,post-control
60000.0,100.0,0.0016666666666666668,147.2988692387113,30.78545205890145,0.323,post-control
60000.0,100.0,0.0016666666666666668,147.35788212640654,30.679997070472112,0.323,post-control
60000.0,100.0,0.0016666666666666668,147.36904497441338,30.66093158339159,0.323,post-control
60000.0,100.0,0.0016666666666666668,147.4392207101155,30.541075559053155,0.323,post-control
60000.0,100.0,0.0016666666666666668,147.5093964458176,30.42121953471477,0.323,post-control
60000.0,100.0,0.0016666666666666668,147.5795721815197,30.301363510376383,0.323,post-control
60000.0,100.0,0.0016666666666666668,147.6497479172218,30.181507486037997,0.323,post-control
60000.0,100.0,0.0016666666666666668,147.7199236529239,30.06165146169956,0.323,post-control
60000.0,100.0,0.0016666666666666668,147.790099388626,29.941795437361176,0.323,post-control
60000.0,100.0,0.0016666666666666668,147.8602751243281,29.82193941302279,0.323,post-control
60000.0,100.0,0.0016666666666666668,147.93045086003022,29.702083388684354,0.323,post-control
60000.0,100.0,0.0016666666666666668,148.0006265957323,29.582227364345968,0.323,post-control
60000.0,100.0,0.0016666666666666668,148.0708023314344,29.462371340007582,0.323,post-control
60000.0,100.0,0.0016666666666666668,148.1409780671365,29.342515315669196,0.323,post-control
60000.0,100.0,0.0016666666666666668,148.21115380283862,29.222659291330764,0.323,post-control
60000.0,100.0,0.0016666666666666668,148.28132953854072,29.102803266992378,0.323,post-control
60000.0,100.0,0.0016666666666666668,148.3515052742428,28.982947242653992,0.323,post-control
60000.0,100.0,0.0016666666666666668,148.35788212640654,28.97205595465407,0.323,post-control
60000.0,100.0,0.0016666666666666668,148.4216810099449,28.8680613746056,0.323,post-control
60000.0,100.0,0.0016666666666666668,148.49185674564703,28.75367228565632,0.323,post-control
60000.0,100.0,0.0016666666666666668,148.56203248134912,28.639283196707094,0.323,post-control
60000.0,100.0,0.0016666666666666668,148.63220821705121,28.524894107757863,0.323,post-control
60000.0,100.0,0.0016666666666666668,148.70238395275334,28.41050501880859,0.323,post-control
60000.0,100.0,0.0016666666666666668,148.77255968845543,28.29611592985936,0.323,post-control
60000.0,100.0,0.0016666666666666668,148.84273542415752,28.18172684091013,0.323,post-control
60000.0,100.0,0.0016666666666666668,148.91291115985962,28.067337751960903,0.323,post-control
60000.0,100.0,0.0016666666666666668,148.98308689556174,27.952948663011625,0.323,post-control
60000.0,100.0,0.0016666666666666668,149.05326263126383,27.838559574062398,0.323,post-control
60000.0,100.0,0.0016666666666666668,149.12343836696593,27.724170485113167,0.323,post-control
60000.0,100.0,0.0016666666666666668,149.19361410266802,27.60978139616394,0.323,post-control
60000.0,100.0,0.0016666666666666668,149.26378983837014,27.495392307214665,0.323,post-control
60000.0,100.0,0.0016666666666666668,149.33396557407224,27.381003218265434,0.323,post-control
60000.0,100.0,0.0016666666666666668,149.35788212640654,27.3420183383072,0.323,post-control
60000.0,100.0,0.0016666666666666668,149.40414130977433,27.27015073190097,0.323,post-control
60000.0,100.0,0.0016666666666666668,149.47431704547645,27.161126711467897,0.323,post-control
60000.0,100.0,0.0016666666666666668,149.54449278117855,27.05210269103487,0.323,post-control
60000.0,100.0,0.0016666666666666668,149.61466851688064,26.943078670601842,0.323,post-control
60000.0,100.0,0.0016666666666666668,149.68484425258274,26.834054650168817,0.323,post-control
60000.0,100.0,0.0016666666666666668,149.75501998828486,26.725030629735745,0.323,post-control
60000.0,100.0,0.0016666666666666668,149.82519572398695,26.61600660930272,0.323,post-control
60000.0,100.0,0.0016666666666666668,149.89537145968904,26.50698258886969,0.323,post-control
60000.0,100.0,0.0016666666666666668,149.96554719539117,26.39795856843662,0.323,post-control
60000.0,100.0,0.0016666666666666668,150.03572293109326,26.288934548003592,0.323,post-control
60000.0,100.0,0.0016666666666666668,150.10589866679535,26.179910527570566,0.323,post-control
60000.0,100.0,0.0016666666666666668,150.17607440249745,26.070886507137537,0.323,post-control
60000.0,100.0,0.0016666666666666668,150.24625013819957,25.961862486704465,0.323,post-control
60000.0,100.0,0.0016666666666666668,150.31642587390166,25.85283846627144,0.323,post-control
60000.0,100.0,0.0016666666666666668,150.35788212640654,25.78843262463759,0.323,post-control
60000.0,100.0,0.0016666666666666668,150.38660160960376,25.74596123173063,0.323,post-control
60000.0,100.0,0.0016666666666666668,150.45677734530585,25.64218285859378,0.323,post-control
60000.0,100.0,0.0016666666666666668,150.52695308100797,25.538404485456894,0.323,post-control
60000.0,100.0,0.0016666666666666668,150.59712881671007,25.434626112320046,0.323,post-control
60000.0,100.0,0.0016666666666666668,150.66730455241216,25.3308477391832,0.323,post-control
60000.0,100.0,0.0016666666666666668,150.73748028811428,25.227069366046308,0.323,post-control
60000.0,100.0,0.0016666666666666668,150.80765602381638,25.123290992909464,0.323,post-control
60000.0,100.0,0.0016666666666666668,150.87783175951847,25.019512619772616,0.323,post-control
60000.0,100.0,0.0016666666666666668,150.94800749522057,24.91573424663577,0.323,post-control
60000.0,100.0,0.0016666666666666668,151.0181832309227,24.811955873498878,0.323,post-control
60000.0,100.0,0.0016666666666666668,151.08835896662478,24.708177500362034,0.323,post-control
60000.0,100.0,0.0016666666666666668,151.15853470232688,24.604399127225186,0.323,post-control
60000.0,100.0,0.0016666666666666668,151.22871043802897,24.500620754088338,0.323,post-control
60000.0,100.0,0.0016666666666666668,151.2988861737311,24.396842380951448,0.323,post-control
60000.0,100.0,0.0016666666666666668,151.35788212640654,24.309597068464708,0.323,post-control
60000.0,100.0,0.0016666666666666668,151.36906190943319,24.293878263887134,0.323,post-control
60000.0,100.0,0.0016666666666666668,151.43923764513528,24.195210993425857,0.323,post-control
60000.0,100.0,0.0016666666666666668,151.5094133808374,24.096543722964544,0.323,post-control
60000.0,100.0,0.0016666666666666668,151.5795891165395,23.997876452503267,0.323,post-control
60000.0,100.0,0.0016666666666666668,151.6497648522416,23.89920918204199,0.323,post-control
60000.0,100.0,0.0016666666666666668,151.71994058794368,23.800541911580716,0.323,post-control
60000.0,100.0,0.0016666666666666668,151.7901163236458,23.7018746411194,0.323,post-control
60000.0,100.0,0.0016666666666666668,151.8602920593479,23.603207370658122,0.323,post-control
60000.0,100.0,0.0016666666666666668,151.93046779505,23.50454010019685,0.323,post-control
60000.0,100.0,0.0016666666666666668,152.0006435307521,23.40587282973557,0.323,post-control
60000.0,100.0,0.0016666666666666668,152.0708192664542,23.307205559274255,0.323,post-control
60000.0,100.0,0.0016666666666666668,152.1409950021563,23.20853828881298,0.323,post-control
60000.0,100.0,0.0016666666666666668,152.2111707378584,23.109871018351704,0.323,post-control
60000.0,100.0,0.0016666666666666668,152.28134647356052,23.011203747890388,0.323,post-control
60000.0,100.0,0.0016666666666666668,152.3515222092626,22.91253647742911,0.323,post-control
60000.0,100.0,0.0016666666666666668,152.35788212640654,22.903594417062052,0.323,post-control
60000.0,100.0,0.0016666666666666668,152.4216979449647,22.818381506944004,0.323,post-control
60000.0,100.0,0.0016666666666666668,152.4918736806668,22.7246762345843,0.323,post-control
60000.0,100.0,0.0016666666666666668,152.56204941636892,22.630970962224563,0.323,post-control
60000.0,100.0,0.0016666666666666668,152.63222515207102,22.53726568986486,0.323,post-control
60000.0,100.0,0.0016666666666666668,152.7024008877731,22.443560417505157,0.323,post-control
60000.0,100.0,0.0016666666666666668,152.77257662347523,22.34985514514542,0.323,post-control
60000.0,100.0,0.0016666666666666668,152.84275235917733,22.256149872785716,0.323,post-control
60000.0,100.0,0.0016666666666666668,152.91292809487942,22.162444600426017,0.323,post-control
60000.0,100.0,0.0016666666666666668,152.9831038305815,22.068739328066314,0.323,post-control
60000.0,100.0,0.0016666666666666668,153.05327956628363,21.975034055706576,0.323,post-control
60000.0,100.0,0.0016666666666666668,153.12345530198573,21.881328783346873,0.323,post-control
60000.0,100.0,0.0016666666666666668,153.19363103768782,21.78762351098717,0.323,post-control
60000.0,100.0,0.0016666666666666668,153.26380677338992,21.69391823862747,0.323,post-control
60000.0,100.0,0.0016666666666666668,153.33398250909204,21.60021296626773,0.323,post-control
60000.0,100.0,0.0016666666666666668,153.35788212640654,21.568299939245758,0.323,post-control
60000.0,100.0,0.0016666666666666668,153.40415824479413,21.50967565907789,0.323,post-control
60000.0,100.0,0.0016666666666666668,153.47433398049623,21.420774469130876,0.323,post-control
60000.0,100.0,0.0016666666666666668,153.54450971619835,21.331873279183828,0.323,post-control
60000.0,100.0,0.0016666666666666668,153.61468545190044,21.242972089236815,0.323,post-control
60000.0,100.0,0.0016666666666666668,153.68486118760254,21.154070899289806,0.323,post-control
60000.0,100.0,0.0016666666666666668,153.75503692330463,21.065169709342793,0.323,post-control
60000.0,100.0,0.0016666666666666668,153.82521265900675,20.976268519395745,0.323,post-control
60000.0,100.0,0.0016666666666666668,153.89538839470885,20.887367329448736,0.323,post-control
60000.0,100.0,0.0016666666666666668,153.96556413041094,20.798466139501723,0.323,post-control
60000.0,100.0,0.0016666666666666668,154.03573986611303,20.70956494955471,0.323,post-control
60000.0,100.0,0.0016666666666666668,154.10591560181516,20.620663759607663,0.323,post-control
60000.0,100.0,0.0016666666666666668,154.17609133751725,20.531762569660653,0.323,post-control
60000.0,100.0,0.0016666666666666668,154.24626707321934,20.44286137971364,0.323,post-control
60000.0,100.0,0.0016666666666666668,154.31644280892147,20.353960189766592,0.323,post-control
60000.0,100.0,0.0016666666666666668,154.35788212640654,20.301463345976398,0.323,post-control
60000.0,100.0,0.0016666666666666668,154.38661854462356,20.26695879298288,0.323,post-control
60000.0,100.0,0.0016666666666666668,154.45679428032565,20.182696990655767,0.323,post-control
60000.0,100.0,0.0016666666666666668,154.52697001602775,20.09843518832865,0.323,post-control
60000.0,100.0,0.0016666666666666668,154.59714575172987,20.014173386001502,0.323,post-control
60000.0,100.0,0.0016666666666666668,154.66732148743196,19.92991158367439,0.323,post-control
60000.0,100.0,0.0016666666666666668,154.73749722313406,19.845649781347277,0.323,post-control
60000.0,100.0,0.0016666666666666668,154.80767295883618,19.761387979020128,0.323,post-control
60000.0,100.0,0.0016666666666666668,154.87784869453827,19.677126176693015,0.323,post-control
60000.0,100.0,0.0016666666666666668,154.94802443024037,19.5928643743659,0.323,post-control
60000.0,100.0,0.0016666666666666668,155.01820016594246,19.508602572038786,0.323,post-control
60000.0,100.0,0.0016666666666666668,155.08837590164458,19.424340769711637,0.323,post-control
60000.0,100.0,0.0016666666666666668,155.15855163734668,19.340078967384525,0.323,post-control
60000.0,100.0,0.0016666666666666668,155.22872737304877,19.255817165057408,0.323,post-control
60000.0,100.0,0.0016666666666666668,155.29890310875086,19.171555362730295,0.323,post-control
60000.0,100.0,0.0016666666666666668,155.35788212640654,19.100737746392838,0.323,post-control
60000.0,100.0,0.0016666666666666668,155.36907884445299,19.088006753840844,0.323,post-control
60000.0,100.0,0.0016666666666666668,155.43925458015508,19.008214910834013,0.323,post-control
60000.0,100.0,0.0016666666666666668,155.50943031585717,18.928423067827183,0.323,post-control
60000.0,100.0,0.0016666666666666668,155.5796060515593,18.84863122482032,0.323,post-control
60000.0,100.0,0.0016666666666666668,155.6497817872614,18.76883938181349,0.323,post-control
60000.0,100.0,0.0016666666666666668,155.71995752296348,18.68904753880666,0.323,post-control
60000.0,100.0,0.0016666666666666668,155.79013325866558,18.609255695799828,0.323,post-control
60000.0,100.0,0.0016666666666666668,155.8603089943677,18.529463852792965,0.323,post-control
60000.0,100.0,0.0016666666666666668,155.9304847300698,18.449672009786134,0.323,post-control
60000.0,100.0,0.0016666666666666668,156.0006604657719,18.369880166779303,0.323,post-control
60000.0,100.0,0.0016666666666666668,156.07083620147398,18.290088323772473,0.323,post-control
60000.0,100.0,0.0016666666666666668,156.1410119371761,18.21029648076561,0.323,post-control
60000.0,100.0,0.0016666666666666668,156.2111876728782,18.13050463775878,0.323,post-control
60000.0,100.0,0.0016666666666666668,156.2813634085803,18.05071279475195,0.323,post-control
60000.0,100.0,0.0016666666666666668,156.3515391442824,17.970920951745082,0.323,post-control
60000.0,100.0,0.0016666666666666668,156.35788212640654,17.96370879744731,0.323,post-control
60000.0,100.0,0.0016666666666666668,156.4217148799845,17.8950369872419,0.323,post-control
60000.0,100.0,0.0016666666666666668,156.4918906156866,17.819541343813757,0.323,post-control
60000.0,100.0,0.0016666666666666668,156.5620663513887,17.744045700385612,0.323,post-control
60000.0,100.0,0.0016666666666666668,156.63224208709082,17.668550056957436,0.323,post-control
60000.0,100.0,0.0016666666666666668,156.7024178227929,17.593054413529288,0.323,post-control
60000.0,100.0,0.0016666666666666668,156.772593558495,17.517558770101143,0.323,post-control
60000.0,100.0,0.0016666666666666668,156.8427692941971,17.442063126673,0.323,post-control
60000.0,100.0,0.0016666666666666668,156.91294502989922,17.366567483244822,0.323,post-control
60000.0,100.0,0.0016666666666666668,156.9831207656013,17.291071839816674,0.323,post-control
60000.0,100.0,0.0016666666666666668,157.0532965013034,17.21557619638853,0.323,post-control
60000.0,100.0,0.0016666666666666668,157.12347223700553,17.140080552960352,0.323,post-control
60000.0,100.0,0.0016666666666666668,157.19364797270762,17.064584909532208,0.323,post-control
60000.0,100.0,0.0016666666666666668,157.26382370840972,16.989089266104063,0.323,post-control
60000.0,100.0,0.0016666666666666668,157.3339994441118,16.913593622675915,0.323,post-control
60000.0,100.0,0.0016666666666666668,157.35788212640654,16.8879004333051,0.323,post-control
60000.0,100.0,0.0016666666666666668,157.40417517981393,16.840816177451636,0.323,post-control
60000.0,100.0,0.0016666666666666668,157.47435091551603,16.769441056320087,0.323,post-control
60000.0,100.0,0.0016666666666666668,157.54452665121812,16.698065935188534,0.323,post-control
60000.0,100.0,0.0016666666666666668,157.61470238692024,16.626690814056953,0.323,post-control
60000.0,100.0,0.0016666666666666668,157.68487812262234,16.5553156929254,0.323,post-control
60000.0,100.0,0.0016666666666666668,157.75505385832443,16.483940571793852,0.323,post-control
60000.0,100.0,0.0016666666666666668,157.82522959402652,16.4125654506623,0.323,post-control
60000.0,100.0,0.0016666666666666668,157.89540532972865,16.34119032953072,0.323,post-control
60000.0,100.0,0.0016666666666666668,157.96558106543074,16.269815208399166,0.323,post-control
60000.0,100.0,0.0016666666666666668,158.03575680113283,16.198440087267617,0.323,post-control
60000.0,100.0,0.0016666666666666668,158.10593253683493,16.127064966136064,0.323,post-control
60000.0,100.0,0.0016666666666666668,158.17610827253705,16.055689845004483,0.323,post-control
60000.0,100.0,0.0016666666666666668,158.24628400823914,15.984314723872933,0.323,post-control
60000.0,100.0,0.0016666666666666668,158.31645974394124,15.912939602741382,0.323,post-control
60000.0,100.0,0.0016666666666666668,158.35788212640654,15.87080926329515,0.323,post-control
60000.0,100.0,0.0016666666666666668,158.38663547964336,15.843181142003147,0.323,post-control
60000.0,100.0,0.0016666666666666668,158.45681121534545,15.775751659195898,0.323,post-control
60000.0,100.0,0.0016666666666666668,158.52698695104755,15.708322176388648,0.323,post-control
60000.0,100.0,0.0016666666666666668,158.59716268674964,15.6408926935814,0.323,post-control
60000.0,100.0,0.0016666666666666668,158.66733842245176,15.573463210774124,0.323,post-control
60000.0,100.0,0.0016666666666666668,158.73751415815386,15.506033727966877,0.323,post-control
60000.0,100.0,0.0016666666666666668,158.80768989385595,15.438604245159627,0.323,post-control
60000.0,100.0,0.0016666666666666668,158.87786562955804,15.371174762352378,0.323,post-control
60000.0,100.0,0.0016666666666666668,158.94804136526017,15.303745279545103,0.323,post-control
60000.0,100.0,0.0016666666666666668,159.01821710096226,15.236315796737854,0.323,post-control
60000.0,100.0,0.0016666666666666668,159.08839283666435,15.168886313930605,0.323,post-control
60000.0,100.0,0.0016666666666666668,159.15856857236648,15.101456831123329,0.323,post-control
60000.0,100.0,0.0016666666666666668,159.22874430806857,15.03402734831608,0.323,post-control
60000.0,100.0,0.0016666666666666668,159.29892004377066,14.966597865508833,0.323,post-control
60000.0,100.0,0.0016666666666666668,159.35788212640654,14.909943201363195,0.323,post-control
60000.0,100.0,0.0016666666666666668,159.36909577947276,14.899771087791388,0.323,post-control
60000.0,100.0,0.0016666666666666668,159.43927151517488,14.836113370780566,0.323,post-control
60000.0,100.0,0.0016666666666666668,159.50944725087697,14.77245565376977,0.323,post-control
60000.0,100.0,0.0016666666666666668,159.57962298657907,14.708797936758975,0.323,post-control
60000.0,100.0,0.0016666666666666668,159.6497987222812,14.645140219748152,0.323,post-control
60000.0,100.0,0.0016666666666666668,159.71997445798328,14.581482502737357,0.323,post-control
60000.0,100.0,0.0016666666666666668,159.79015019368538,14.51782478572656,0.323,post-control
60000.0,100.0,0.0016666666666666668,159.86032592938747,14.454167068715764,0.323,post-control
60000.0,100.0,0.0016666666666666668,159.9305016650896,14.390509351704942,0.323,post-control
60000.0,100.0,0.0016666666666666668,160.0006774007917,14.326851634694146,0.323,post-control
60000.0,100.0,0.0016666666666666668,160.07085313649378,14.263193917683349,0.323,post-control
60000.0,100.0,0.0016666666666666668,160.14102887219588,14.199536200672554,0.323,post-control
60000.0,100.0,0.0016666666666666668,160.211204607898,14.135878483661731,0.323,post-control
60000.0,100.0,0.0016666666666666668,160.2813803436001,14.072220766650936,0.323,post-control
60000.0,100.0,0.0016666666666666668,160.35155607930218,14.00856304964014,0.323,post-control
60000.0,100.0,0.0016666666666666668,160.35788212640654,14.002824574477224,0.323,post-control
60000.0,100.0,0.0016666666666666668,160.4217318150043,13.948180207914467,0.323,post-control
60000.0,100.0,0.0016666666666666668,160.4919075507064,13.888121831597651,0.323,post-control
60000.0,100.0,0.0016666666666666668,160.5620832864085,13.828063455280835,0.323,post-control
60000.0,100.0,0.0016666666666666668,160.6322590221106,13.76800507896402,0.323,post-control
60000.0,100.0,0.0016666666666666668,160.7024347578127,13.70794670264718,0.323,post-control
60000.0,100.0,0.0016666666666666668,160.7726104935148,13.647888326330364,0.323,post-control
60000.0,100.0,0.0016666666666666668,160.8427862292169,13.58782995001355,0.323,post-control
60000.0,100.0,0.0016666666666666668,160.912961964919,13.527771573696734,0.323,post-control
60000.0,100.0,0.0016666666666666668,160.9831377006211,13.467713197379894,0.323,post-control
60000.0,100.0,0.0016666666666666668,161.0533134363232,13.407654821063078,0.323,post-control
60000.0,100.0,0.0016666666666666668,161.1234891720253,13.347596444746262,0.323,post-control
60000.0,100.0,0.0016666666666666668,161.19366490772742,13.287538068429422,0.323,post-control
60000.0,100.0,0.0016666666666666668,161.26384064342952,13.227479692112606,0.323,post-control
60000.0,100.0,0.0016666666666666668,161.3340163791316,13.167421315795792,0.323,post-control
60000.0,100.0,0.0016666666666666668,161.35788212640654,13.146996335329549,0.323,post-control
60000.0,100.0,0.0016666666666666668,161.4041921148337,13.109625959434977,0.323,post-control
60000.0,100.0,0.0016666666666666668,161.47436785053583,13.052996845264698,0.323,post-control
60000.0,100.0,0.0016666666666666668,161.54454358623792,12.996367731094441,0.323,post-control
60000.0,100.0,0.0016666666666666668,161.61471932194002,12.939738616924185,0.323,post-control
60000.0,100.0,0.0016666666666666668,161.6848950576421,12.883109502753928,0.323,post-control
60000.0,100.0,0.0016666666666666668,161.75507079334423,12.82648038858365,0.323,post-control
60000.0,100.0,0.0016666666666666668,161.82524652904632,12.769851274413394,0.323,post-control
60000.0,100.0,0.0016666666666666668,161.89542226474842,12.713222160243138,0.323,post-control
60000.0,100.0,0.0016666666666666668,161.96559800045054,12.656593046072858,0.323,post-control
60000.0,100.0,0.0016666666666666668,162.03577373615263,12.599963931902602,0.323,post-control
60000.0,100.0,0.0016666666666666668,162.10594947185473,12.543334817732346,0.323,post-control
60000.0,100.0,0.0016666666666666668,162.17612520755682,12.486705703562091,0.323,post-control
60000.0,100.0,0.0016666666666666668,162.24630094325894,12.430076589391811,0.323,post-control
60000.0,100.0,0.0016666666666666668,162.31647667896104,12.373447475221555,0.323,post-control
60000.0,100.0,0.0016666666666666668,162.35788212640654,12.340034874880384,0.323,post-control
60000.0,100.0,0.0016666666666666668,162.38665241466313,12.318156441438392,0.323,post-control
60000.0,100.0,0.0016666666666666668,162.45682815036525,12.264791138000744,0.323,post-control
60000.0,100.0,0.0016666666666666668,162.52700388606735,12.21142583456312,0.323,post-control
60000.0,100.0,0.0016666666666666668,162.59717962176944,12.158060531125495,0.323,post-control
60000.0,100.0,0.0016666666666666668,162.66735535747154,12.10469522768787,0.323,post-control
60000.0,100.0,0.0016666666666666668,162.73753109317366,12.051329924250222,0.323,post-control
60000.0,100.0,0.0016666666666666668,162.80770682887575,11.997964620812597,0.323,post-control
60000.0,100.0,0.0016666666666666668,162.87788256457785,11.944599317374973,0.323,post-control
60000.0,100.0,0.0016666666666666668,162.94805830027994,11.891234013937346,0.323,post-control
60000.0,100.0,0.0016666666666666668,163.01823403598206,11.8378687104997,0.323,post-control
60000.0,100.0,0.0016666666666666668,163.08840977168416,11.784503407062076,0.323,post-control
60000.0,100.0,0.0016666666666666668,163.15858550738625,11.73113810362445,0.323,post-control
60000.0,100.0,0.0016666666666666668,163.22876124308837,11.677772800186803,0.323,post-control
60000.0,100.0,0.0016666666666666668,163.29893697879046,11.624407496749178,0.323,post-control
60000.0,100.0,0.0016666666666666668,163.35788212640654,11.57958252046306,0.323,post-control
60000.0,100.0,0.0016666666666666668,163.36911271449256,11.571538695387446,0.323,post-control
60000.0,100.0,0.0016666666666666668,163.43928845019465,11.521275847332078,0.323,post-control
60000.0,100.0,0.0016666666666666668,163.50946418589677,11.471012999276688,0.323,post-control
60000.0,100.0,0.0016666666666666668,163.57963992159887,11.420750151221318,0.323,post-control
60000.0,100.0,0.0016666666666666668,163.64981565730096,11.37048730316595,0.323,post-control
60000.0,100.0,0.0016666666666666668,163.71999139300306,11.320224455110582,0.323,post-control
60000.0,100.0,0.0016666666666666668,163.79016712870518,11.269961607055192,0.323,post-control
60000.0,100.0,0.0016666666666666668,163.86034286440727,11.219698758999822,0.323,post-control
60000.0,100.0,0.0016666666666666668,163.93051860010937,11.169435910944454,0.323,post-control
60000.0,100.0,0.0016666666666666668,164.0006943358115,11.119173062889065,0.323,post-control
60000.0,100.0,0.0016666666666666668,164.07087007151358,11.068910214833696,0.323,post-control
60000.0,100.0,0.0016666666666666668,164.14104580721568,11.018647366778326,0.323,post-control
60000.0,100.0,0.0016666666666666668,164.21122154291777,10.968384518722958,0.323,post-control
60000.0,100.0,0.0016666666666666668,164.2813972786199,10.918121670667569,0.323,post-control
60000.0,100.0,0.0016666666666666668,164.35157301432199,10.8678588226122,0.323,post-control
60000.0,100.0,0.0016666666666666668,164.35788212640654,10.863339968069424,0.323,post-control
60000.0,100.0,0.0016666666666666668,164.42174875002408,10.820276461512115,0.323,post-control
60000.0,100.0,0.0016666666666666668,164.4919244857262,10.772958894316622,0.323,post-control
60000.0,100.0,0.0016666666666666668,164.5621002214283,10.725641327121147,0.323,post-control
60000.0,100.0,0.0016666666666666668,164.6322759571304,10.678323759925675,0.323,post-control
60000.0,100.0,0.0016666666666666668,164.70245169283248,10.6310061927302,0.323,post-control
60000.0,100.0,0.0016666666666666668,164.7726274285346,10.583688625534707,0.323,post-control
60000.0,100.0,0.0016666666666666668,164.8428031642367,10.536371058339235,0.323,post-control
60000.0,100.0,0.0016666666666666668,164.9129788999388,10.48905349114376,0.323,post-control
60000.0,100.0,0.0016666666666666668,164.9831546356409,10.441735923948286,0.323,post-control
60000.0,100.0,0.0016666666666666668,165.053330371343,10.394418356752794,0.323,post-control
60000.0,100.0,0.0016666666666666668,165.1235061070451,10.34710078955732,0.323,post-control
60000.0,100.0,0.0016666666666666668,165.1936818427472,10.299783222361846,0.323,post-control
60000.0,100.0,0.0016666666666666668,165.26385757844932,10.252465655166354,0.323,post-control
60000.0,100.0,0.0016666666666666668,165.3340333141514,10.20514808797088,0.323,post-control
60000.0,100.0,0.0016666666666666668,165.35788212640654,10.189067490238287,0.323,post-control
60000.0,100.0,0.0016666666666666668,165.4042090498535,10.159674065032123,0.323,post-control
60000.0,100.0,0.0016666666666666668,165.4743847855556,10.115149087218558,0.323,post-control
60000.0,100.0,0.0016666666666666668,165.54456052125772,10.070624109404976,0.323,post-control
60000.0,100.0,0.0016666666666666668,165.61473625695982,10.026099131591412,0.323,post-control
60000.0,100.0,0.0016666666666666668,165.6849119926619,9.981574153777848,0.323,post-control
60000.0,100.0,0.0016666666666666668,165.755087728364,9.937049175964283,0.323,post-control
60000.0,100.0,0.0016666666666666668,165.82526346406613,9.892524198150701,0.323,post-control
60000.0,100.0,0.0016666666666666668,165.89543919976822,9.847999220337137,0.323,post-control
60000.0,100.0,0.0016666666666666668,165.9656149354703,9.803474242523572,0.323,post-control
60000.0,100.0,0.0016666666666666668,166.03579067117244,9.75894926470999,0.323,post-control
60000.0,100.0,0.0016666666666666668,166.10596640687453,9.714424286896424,0.323,post-control
60000.0,100.0,0.0016666666666666668,166.17614214257662,9.66989930908286,0.323,post-control
60000.0,100.0,0.0016666666666666668,166.24631787827872,9.625374331269295,0.323,post-control
60000.0,100.0,0.0016666666666666668,166.31649361398084,9.580849353455713,0.323,post-control
60000.0,100.0,0.0016666666666666668,166.35788212640654,9.554589242620343,0.323,post-control
60000.0,100.0,0.0016666666666666668,166.38666934968293,9.537409806227442,0.323,post-control
60000.0,100.0,0.0016666666666666668,166.45684508538503,9.495530824838928,0.323,post-control
60000.0,100.0,0.0016666666666666668,166.52702082108715,9.453651843450396,0.323,post-control
60000.0,100.0,0.0016666666666666668,166.59719655678924,9.411772862061882,0.323,post-control
60000.0,100.0,0.0016666666666666668,166.66737229249134,9.369893880673368,0.323,post-control
60000.0,100.0,0.0016666666666666668,166.73754802819343,9.328014899284854,0.323,post-control
60000.0,100.0,0.0016666666666666668,166.80772376389555,9.286135917896322,0.323,post-control
60000.0,100.0,0.0016666666666666668,166.87789949959765,9.244256936507808,0.323,post-control
60000.0,100.0,0.0016666666666666668,166.94807523529974,9.202377955119294,0.323,post-control
60000.0,100.0,0.0016666666666666668,167.01825097100183,9.16049897373078,0.323,post-control
60000.0,100.0,0.0016666666666666668,167.08842670670396,9.118619992342248,0.323,post-control
60000.0,100.0,0.0016666666666666668,167.15860244240605,9.076741010953734,0.323,post-control
60000.0,100.0,0.0016666666666666668,167.22877817810814,9.03486202956522,0.323,post-control
60000.0,100.0,0.0016666666666666668,167.29895391381027,8.99298304817669,0.323,post-control
60000.0,100.0,0.0016666666666666668,167.35788212640654,8.957816284424414,0.323,post-control
60000.0,100.0,0.0016666666666666668,167.36912964951236,8.951505545015914,0.323,post-control
60000.0,100.0,0.0016666666666666668,167.43930538521445,8.912131473351515,0.323,post-control
60000.0,100.0,0.0016666666666666668,167.50948112091655,8.872757401687116,0.323,post-control
60000.0,100.0,0.0016666666666666668,167.57965685661867,8.8333833300227,0.323,post-control
60000.0,100.0,0.0016666666666666668,167.64983259232076,8.794009258358301,0.323,post-control
60000.0,100.0,0.0016666666666666668,167.72000832802286,8.754635186693902,0.323,post-control
60000.0,100.0,0.0016666666666666668,167.79018406372495,8.715261115029502,0.323,post-control
60000.0,100.0,0.0016666666666666668,167.86035979942707,8.675887043365087,0.323,post-control
60000.0,100.0,0.0016666666666666668,167.93053553512917,8.636512971700688,0.323,post-control
60000.0,100.0,0.0016666666666666668,168.00071127083126,8.597138900036288,0.323,post-control
60000.0,100.0,0.0016666666666666668,168.07088700653338,8.557764828371873,0.323,post-control
60000.0,100.0,0.0016666666666666668,168.14106274223548,8.518390756707474,0.323,post-control
60000.0,100.0,0.0016666666666666668,168.21123847793757,8.479016685043074,0.323,post-control
60000.0,100.0,0.0016666666666666668,168.28141421363966,8.439642613378675,0.323,post-control
60000.0,100.0,0.0016666666666666668,168.3515899493418,8.40026854171426,0.323,post-control
60000.0,100.0,0.0016666666666666668,168.35788212640654,8.396738138674037,0.323,post-control
60000.0,100.0,0.0016666666666666668,168.42176568504388,8.363051004280981,0.323,post-control
60000.0,100.0,0.0016666666666666668,168.49194142074597,8.32604587353759,0.323,post-control
60000.0,100.0,0.0016666666666666668,168.56211715644807,8.2890407427942,0.323,post-control
60000.0,100.0,0.0016666666666666668,168.6322928921502,8.252035612050793,0.323,post-control
60000.0,100.0,0.0016666666666666668,168.70246862785228,8.215030481307402,0.323,post-control
60000.0,100.0,0.0016666666666666668,168.77264436355438,8.178025350564011,0.323,post-control
60000.0,100.0,0.0016666666666666668,168.8428200992565,8.141020219820605,0.323,post-control
60000.0,100.0,0.0016666666666666668,168.9129958349586,8.104015089077214,0.323,post-control
60000.0,100.0,0.0016666666666666668,168.9831715706607,8.067009958333822,0.323,post-control
60000.0,100.0,0.0016666666666666668,169.05334730636278,8.030004827590432,0.323,post-control
60000.0,100.0,0.0016666666666666668,169.1235230420649,7.992999696847026,0.323,post-control
60000.0,100.0,0.0016666666666666668,169.193698777767,7.955994566103634,0.323,post-control
60000.0,100.0,0.0016666666666666668,169.2638745134691,7.918989435360243,0.323,post-control
60000.0,100.0,0.0016666666666666668,169.3340502491712,7.881984304616837,0.323,post-control
60000.0,100.0,0.0016666666666666668,169.35788212640654,7.869417258128042,0.323,post-control
60000.0,100.0,0.0016666666666666668,169.4042259848733,7.846457244216327,0.323,post-control
60000.0,100.0,0.0016666666666666668,169.4744017205754,7.811690267074357,0.323,post-control
60000.0,100.0,0.0016666666666666668,169.5445774562775,7.776923289932387,0.323,post-control
60000.0,100.0,0.0016666666666666668,169.61475319197962,7.742156312790403,0.323,post-control
60000.0,100.0,0.0016666666666666668,169.6849289276817,7.707389335648433,0.323,post-control
60000.0,100.0,0.0016666666666666668,169.7551046633838,7.672622358506462,0.323,post-control
60000.0,100.0,0.0016666666666666668,169.8252803990859,7.637855381364492,0.323,post-control
60000.0,100.0,0.0016666666666666668,169.89545613478802,7.603088404222508,0.323,post-control
60000.0,100.0,0.0016666666666666668,169.9656318704901,7.568321427080538,0.323,post-control
60000.0,100.0,0.0016666666666666668,170.0358076061922,7.533554449938568,0.323,post-control
60000.0,100.0,0.0016666666666666668,170.10598334189433,7.498787472796583,0.323,post-control
60000.0,100.0,0.0016666666666666668,170.17615907759642,7.464020495654613,0.323,post-control
60000.0,100.0,0.0016666666666666668,170.24633481329852,7.429253518512644,0.323,post-control
60000.0,100.0,0.0016666666666666668,170.3165105490006,7.394486541370673,0.323,post-control
60000.0,100.0,0.0016666666666666668,170.35788212640654,7.373989931372808,0.323,post-control
60000.0,100.0,0.0016666666666666668,170.38668628470273,7.36058707477844,0.323,post-control
60000.0,100.0,0.0016666666666666668,170.45686202040483,7.327933618553557,0.323,post-control
60000.0,100.0,0.0016666666666666668,170.52703775610692,7.295280162328674,0.323,post-control
60000.0,100.0,0.0016666666666666668,170.59721349180901,7.262626706103791,0.323,post-control
60000.0,100.0,0.0016666666666666668,170.66738922751114,7.229973249878895,0.323,post-control
60000.0,100.0,0.0016666666666666668,170.73756496321323,7.197319793654011,0.323,post-control
60000.0,100.0,0.0016666666666666668,170.80774069891532,7.164666337429129,0.323,post-control
60000.0,100.0,0.0016666666666666668,170.87791643461745,7.132012881204233,0.323,post-control
60000.0,100.0,0.0016666666666666668,170.94809217031954,7.099359424979349,0.323,post-control
60000.0,100.0,0.0016666666666666668,171.01826790602163,7.066705968754467,0.323,post-control
60000.0,100.0,0.0016666666666666668,171.08844364172373,7.034052512529583,0.323,post-control
60000.0,100.0,0.0016666666666666668,171.15861937742585,7.001399056304687,0.323,post-control
60000.0,100.0,0.0016666666666666668,171.22879511312794,6.968745600079804,0.323,post-control
60000.0,100.0,0.0016666666666666668,171.29897084883004,6.936092143854921,0.323,post-control
60000.0,100.0,0.0016666666666666668,171.35788212640654,6.908680150175762,0.323,post-control
60000.0,100.0,0.0016666666666666668,171.36914658453216,6.903758896570002,0.323,post-control
60000.0,100.0,0.0016666666666666668,171.43932232023425,6.873100289781343,0.323,post-control
60000.0,100.0,0.0016666666666666668,171.50949805593635,6.842441682992684,0.323,post-control
60000.0,100.0,0.0016666666666666668,171.57967379163844,6.811783076204025,0.323,post-control
60000.0,100.0,0.0016666666666666668,171.64984952734056,6.781124469415353,0.323,post-control
60000.0,100.0,0.0016666666666666668,171.72002526304266,6.750465862626695,0.323,post-control
60000.0,100.0,0.0016666666666666668,171.79020099874475,6.7198072558380355,0.323,post-control
60000.0,100.0,0.0016666666666666668,171.86037673444685,6.689148649049376,0.323,post-control
60000.0,100.0,0.0016666666666666668,171.93055247014897,6.658490042260705,0.323,post-control
60000.0,100.0,0.0016666666666666668,172.00072820585106,6.627831435472046,0.323,post-control
60000.0,100.0,0.0016666666666666668,172.07090394155315,6.597172828683387,0.323,post-control
60000.0,100.0,0.0016666666666666668,172.14107967725528,6.566514221894716,0.323,post-control
60000.0,100.0,0.0016666666666666668,172.21125541295737,6.5358556151060565,0.323,post-control
60000.0,100.0,0.0016666666666666668,172.28143114865946,6.505197008317397,0.323,post-control
60000.0,100.0,0.0016666666666666668,172.35160688436156,6.474538401528738,0.323,post-control
60000.0,100.0,0.0016666666666666668,172.35788212640654,6.471796853094143,0.323,post-control
60000.0,100.0,0.0016666666666666668,172.42178262006368,6.4455928347371225,0.323,post-control
60000.0,100.0,0.0016666666666666668,172.49195835576577,6.4168154941985405,0.323,post-control
60000.0,100.0,0.0016666666666666668,172.56213409146787,6.388038153659958,0.323,post-control
60000.0,100.0,0.0016666666666666668,172.63230982716996,6.359260813121377,0.323,post-control
60000.0,100.0,0.0016666666666666668,172.70248556287208,6.330483472582784,0.323,post-control
60000.0,100.0,0.0016666666666666668,172.77266129857418,6.301706132044202,0.323,post-control
60000.0,100.0,0.0016666666666666668,172.84283703427627,6.2729287915056196,0.323,post-control
60000.0,100.0,0.0016666666666666668,172.9130127699784,6.244151450967026,0.323,post-control
60000.0,100.0,0.0016666666666666668,172.9831885056805,6.215374110428445,0.323,post-control
60000.0,100.0,0.0016666666666666668,173.05336424138258,6.186596769889863,0.323,post-control
60000.0,100.0,0.0016666666666666668,173.12353997708468,6.157819429351281,0.323,post-control
60000.0,100.0,0.0016666666666666668,173.1937157127868,6.129042088812687,0.323,post-control
60000.0,100.0,0.0016666666666666668,173.2638914484889,6.100264748274106,0.323,post-control
60000.0,100.0,0.0016666666666666668,173.33406718419099,6.071487407735524,0.323,post-control
60000.0,100.0,0.0016666666666666668,173.35788212640654,6.061721486577919,0.323,post-control
60000.0,100.0,0.0016666666666666668,173.40424291989308,6.043881209556066,0.323,post-control
60000.0,100.0,0.0016666666666666668,173.4744186555952,6.0168766121153086,0.323,post-control
60000.0,100.0,0.0016666666666666668,173.5445943912973,5.989872014674561,0.323,post-control
60000.0,100.0,0.0016666666666666668,173.6147701269994,5.962867417233815,0.323,post-control
60000.0,100.0,0.0016666666666666668,173.6849458627015,5.935862819793057,0.323,post-control
60000.0,100.0,0.0016666666666666668,173.7551215984036,5.90885822235231,0.323,post-control
60000.0,100.0,0.0016666666666666668,173.8252973341057,5.881853624911563,0.323,post-control
60000.0,100.0,0.0016666666666666668,173.8954730698078,5.8548490274708165,0.323,post-control
60000.0,100.0,0.0016666666666666668,173.96564880550991,5.8278444300300585,0.323,post-control
60000.0,100.0,0.0016666666666666668,174.035824541212,5.800839832589312,0.323,post-control
60000.0,100.0,0.0016666666666666668,174.1060002769141,5.773835235148566,0.323,post-control
60000.0,100.0,0.0016666666666666668,174.17617601261622,5.7468306377078076,0.323,post-control
60000.0,100.0,0.0016666666666666668,174.24635174831832,5.71982604026706,0.323,post-control
60000.0,100.0,0.0016666666666666668,174.3165274840204,5.692821442826314,0.323,post-control
60000.0,100.0,0.0016666666666666668,174.35788212640654,5.6769076022549205,0.323,post-control
60000.0,100.0,0.0016666666666666668,174.3867032197225,5.666502564974825,0.323,post-control
60000.0,100.0,0.0016666666666666668,174.45687895542463,5.64116760845067,0.323,post-control
60000.0,100.0,0.0016666666666666668,174.52705469112672,5.615832651926524,0.323,post-control
60000.0,100.0,0.0016666666666666668,174.59723042682882,5.590497695402378,0.323,post-control
60000.0,100.0,0.0016666666666666668,174.6674061625309,5.565162738878232,0.323,post-control
60000.0,100.0,0.0016666666666666668,174.73758189823303,5.5398277823540765,0.323,post-control
60000.0,100.0,0.0016666666666666668,174.80775763393513,5.514492825829931,0.323,post-control
60000.0,100.0,0.0016666666666666668,174.87793336963722,5.489157869305786,0.323,post-control
60000.0,100.0,0.0016666666666666668,174.94810910533934,5.46382291278163,0.323,post-control
60000.0,100.0,0.0016666666666666668,175.01828484104144,5.438487956257484,0.323,post-control
60000.0,100.0,0.0016666666666666668,175.08846057674353,5.413152999733339,0.323,post-control
60000.0,100.0,0.0016666666666666668,175.15863631244562,5.387818043209194,0.323,post-control
60000.0,100.0,0.0016666666666666668,175.22881204814774,5.362483086685038,0.323,post-control
60000.0,100.0,0.0016666666666666668,175.29898778384984,5.337148130160892,0.323,post-control
60000.0,100.0,0.0016666666666666668,175.35788212640654,5.3158860002628,0.323,post-control
60000.0,100.0,0.0016666666666666668,175.36916351955193,5.3120659502432,0.323,post-control
60000.0,100.0,0.0016666666666666668,175.43933925525403,5.288303386782349,0.323,post-control
60000.0,100.0,0.0016666666666666668,175.50951499095615,5.26454082332149,0.323,post-control
60000.0,100.0,0.0016666666666666668,175.57969072665824,5.240778259860639,0.323,post-control
60000.0,100.0,0.0016666666666666668,175.64986646236034,5.217015696399789,0.323,post-control
60000.0,100.0,0.0016666666666666668,175.72004219806246,5.1932531329389295,0.323,post-control
60000.0,100.0,0.0016666666666666668,175.79021793376455,5.1694905694780795,0.323,post-control
60000.0,100.0,0.0016666666666666668,175.86039366946665,5.1457280060172295,0.323,post-control
60000.0,100.0,0.0016666666666666668,175.93056940516874,5.121965442556379,0.323,post-control
60000.0,100.0,0.0016666666666666668,176.00074514087086,5.09820287909552,0.323,post-control
60000.0,100.0,0.0016666666666666668,176.07092087657296,5.07444031563467,0.323,post-control
60000.0,100.0,0.0016666666666666668,176.14109661227505,5.0506777521738195,0.323,post-control
60000.0,100.0,0.0016666666666666668,176.21127234797717,5.02691518871296,0.323,post-control
60000.0,100.0,0.0016666666666666668,176.28144808367927,5.00315262525211,0.323,post-control
60000.0,100.0,0.0016666666666666668,176.35162381938136,4.97939006179126,0.323,post-control
60000.0,100.0,0.0016666666666666668,176.35788212640654,4.977270904558985,0.323,post-control
60000.0,100.0,0.0016666666666666668,176.42179955508345,4.956975367111245,0.323,post-control
60000.0,100.0,0.0016666666666666668,176.49197529078558,4.934692645460093,0.323,post-control
60000.0,100.0,0.0016666666666666668,176.56215102648767,4.91240992380895,0.323,post-control
60000.0,100.0,0.0016666666666666668,176.63232676218976,4.890127202157807,0.323,post-control
60000.0,100.0,0.0016666666666666668,176.70250249789186,4.867844480506663,0.323,post-control
60000.0,100.0,0.0016666666666666668,176.77267823359398,4.845561758855511,0.323,post-control
60000.0,100.0,0.0016666666666666668,176.84285396929607,4.823279037204367,0.323,post-control
60000.0,100.0,0.0016666666666666668,176.91302970499817,4.800996315553224,0.323,post-control
60000.0,100.0,0.0016666666666666668,176.9832054407003,4.778713593902072,0.323,post-control
60000.0,100.0,0.0016666666666666668,177.05338117640238,4.756430872250928,0.323,post-control
60000.0,100.0,0.0016666666666666668,177.12355691210448,4.734148150599785,0.323,post-control
60000.0,100.0,0.0016666666666666668,177.19373264780657,4.7118654289486415,0.323,post-control
60000.0,100.0,0.0016666666666666668,177.2639083835087,4.68958270729749,0.323,post-control
60000.0,100.0,0.0016666666666666668,177.3340841192108,4.667299985646347,0.323,post-control
60000.0,100.0,0.0016666666666666668,177.35788212640654,4.659743465363524,0.323,post-control
60000.0,100.0,0.0016666666666666668,177.40425985491288,4.645937064639632,0.323,post-control
60000.0,100.0,0.0016666666666666668,177.47443559061497,4.625046124970939,0.323,post-control
60000.0,100.0,0.0016666666666666668,177.5446113263171,4.604155185302236,0.323,post-control
60000.0,100.0,0.0016666666666666668,177.6147870620192,4.583264245633543,0.323,post-control
60000.0,100.0,0.0016666666666666668,177.68496279772128,4.562373305964849,0.323,post-control
60000.0,100.0,0.0016666666666666668,177.7551385334234,4.541482366296147,0.323,post-control
60000.0,100.0,0.0016666666666666668,177.8253142691255,4.520591426627454,0.323,post-control
60000.0,100.0,0.0016666666666666668,177.8954900048276,4.49970048695876,0.323,post-control
60000.0,100.0,0.0016666666666666668,177.9656657405297,4.478809547290067,0.323,post-control
60000.0,100.0,0.0016666666666666668,178.0358414762318,4.457918607621364,0.323,post-control
60000.0,100.0,0.0016666666666666668,178.1060172119339,4.437027667952671,0.323,post-control
60000.0,100.0,0.0016666666666666668,178.176192947636,4.416136728283977,0.323,post-control
60000.0,100.0,0.0016666666666666668,178.2463686833381,4.395245788615283,0.323,post-control
60000.0,100.0,0.0016666666666666668,178.3165444190402,4.374354848946582,0.323,post-control
60000.0,100.0,0.0016666666666666668,178.35788212640654,4.36204883545072,0.323,post-control
60000.0,100.0,0.0016666666666666668,178.3867201547423,4.35400151796929,0.323,post-control
60000.0,100.0,0.0016666666666666668,178.4568958904444,4.33441881910679,0.323,post-control
60000.0,100.0,0.0016666666666666668,178.52707162614652,4.314836120244281,0.323,post-control
60000.0,100.0,0.0016666666666666668,178.59724736184862,4.29525342138178,0.323,post-control
60000.0,100.0,0.0016666666666666668,178.6674230975507,4.275670722519279,0.323,post-control
60000.0,100.0,0.0016666666666666668,178.7375988332528,4.256088023656779,0.323,post-control
60000.0,100.0,0.0016666666666666668,178.80777456895493,4.23650532479427,0.323,post-control
60000.0,100.0,0.0016666666666666668,178.87795030465702,4.216922625931769,0.323,post-control
60000.0,100.0,0.0016666666666666668,178.9481260403591,4.197339927069268,0.323,post-control
60000.0,100.0,0.0016666666666666668,179.01830177606124,4.17775722820676,0.323,post-control
60000.0,100.0,0.0016666666666666668,179.08847751176333,4.158174529344259,0.323,post-control
60000.0,100.0,0.0016666666666666668,179.15865324746542,4.138591830481758,0.323,post-control
60000.0,100.0,0.0016666666666666668,179.22882898316752,4.119009131619257,0.323,post-control
60000.0,100.0,0.0016666666666666668,179.29900471886964,4.099426432756749,0.323,post-control
60000.0,100.0,0.0016666666666666668,179.35788212640654,4.082996558099013,0.323,post-control
60000.0,100.0,0.0016666666666666668,179.36918045457173,4.080041723055411,0.323,post-control
60000.0,100.0,0.0016666666666666668,179.43935619027383,4.061688766756808,0.323,post-control
60000.0,100.0,0.0016666666666666668,179.50953192597592,4.0433358104582044,0.323,post-control
60000.0,100.0,0.0016666666666666668,179.57970766167804,4.024982854159594,0.323,post-control
60000.0,100.0,0.0016666666666666668,179.64988339738014,4.006629897860991,0.323,post-control
60000.0,100.0,0.0016666666666666668,179.72005913308223,3.9882769415623875,0.323,post-control
60000.0,100.0,0.0016666666666666668,179.79023486878435,3.9699239852637773,0.323,post-control
60000.0,100.0,0.0016666666666666668,179.86041060448645,3.951571028965174,0.323,post-control
60000.0,100.0,0.0016666666666666668,179.93058634018854,3.933218072666571,0.323,post-control
60000.0,100.0,0.0016666666666666668,180.00076207589063,3.914865116367968,0.323,post-control
60000.0,100.0,0.0016666666666666668,180.07093781159276,3.8965121600693573,0.323,post-control
60000.0,100.0,0.0016666666666666668,180.14111354729485,3.878159203770754,0.323,post-control
60000.0,100.0,0.0016666666666666668,180.21128928299694,3.8598062474721515,0.323,post-control
60000.0,100.0,0.0016666666666666668,180.28146501869904,3.8414532911735484,0.323,post-control
60000.0,100.0,0.0016666666666666668,180.35164075440116,3.8231003348749377,0.323,post-control
60000.0,100.0,0.0016666666666666668,180.35788212640654,3.8214680380915556,0.323,post-control
60000.0,100.0,0.0016666666666666668,180.42181649010325,3.8058003211377818,0.323,post-control
60000.0,100.0,0.0016666666666666668,180.49199222580535,3.7886030972908555,0.323,post-control
60000.0,100.0,0.0016666666666666668,180.56216796150747,3.771405873443922,0.323,post-control
60000.0,100.0,0.0016666666666666668,180.63234369720956,3.754208649596996,0.323,post-control
60000.0,100.0,0.0016666666666666668,180.70251943291166,3.7370114257500697,0.323,post-control
60000.0,100.0,0.0016666666666666668,180.77269516861375,3.7198142019031435,0.323,post-control
60000.0,100.0,0.0016666666666666668,180.84287090431587,3.70261697805621,0.323,post-control
60000.0,100.0,0.0016666666666666668,180.91304664001797,3.685419754209284,0.323,post-control
60000.0,100.0,0.0016666666666666668,180.98322237572006,3.6682225303623577,0.323,post-control
60000.0,100.0,0.0016666666666666668,181.05339811142218,3.6510253065154243,0.323,post-control
60000.0,100.0,0.0016666666666666668,181.12357384712428,3.633828082668498,0.323,post-control
60000.0,100.0,0.0016666666666666668,181.19374958282637,3.6166308588215714,0.323,post-control
60000.0,100.0,0.0016666666666666668,181.26392531852846,3.599433634974645,0.323,post-control
60000.0,100.0,0.0016666666666666668,181.3341010542306,3.5822364111277123,0.323,post-control
60000.0,100.0,0.0016666666666666668,181.35788212640654,3.5764086357942855,0.323,post-control
60000.0,100.0,0.0016666666666666668,181.40427678993268,3.565756809034369,0.323,post-control
60000.0,100.0,0.0016666666666666668,181.47445252563477,3.5496450469773566,0.323,post-control
60000.0,100.0,0.0016666666666666668,181.54462826133687,3.5335332849203445,0.323,post-control
60000.0,100.0,0.0016666666666666668,181.614803997039,3.517421522863325,0.323,post-control
60000.0,100.0,0.0016666666666666668,181.68497973274108,3.501309760806313,0.323,post-control
60000.0,100.0,0.0016666666666666668,181.75515546844318,3.4851979987493005,0.323,post-control
60000.0,100.0,0.0016666666666666668,181.8253312041453,3.4690862366922817,0.323,post-control
60000.0,100.0,0.0016666666666666668,181.8955069398474,3.452974474635269,0.323,post-control
60000.0,100.0,0.0016666666666666668,181.9656826755495,3.4368627125782565,0.323,post-control
60000.0,100.0,0.0016666666666666668,182.03585841125158,3.4207509505212443,0.323,post-control
60000.0,100.0,0.0016666666666666668,182.1060341469537,3.4046391884642255,0.323,post-control
60000.0,100.0,0.0016666666666666668,182.1762098826558,3.388527426407213,0.323,post-control
60000.0,100.0,0.0016666666666666668,182.2463856183579,3.3724156643502003,0.323,post-control
60000.0,100.0,0.0016666666666666668,182.31656135405998,3.356303902293188,0.323,post-control
60000.0,100.0,0.0016666666666666668,182.35788212640654,3.3468169985165632,0.323,post-control
60000.0,100.0,0.0016666666666666668,182.3867370897621,3.340611098145227,0.323,post-control
60000.0,100.0,0.0016666666666666668,182.4569128254642,3.32551824847199,0.323,post-control
60000.0,100.0,0.0016666666666666668,182.5270885611663,3.310425398798752,0.323,post-control
60000.0,100.0,0.0016666666666666668,182.59726429686842,3.2953325491255088,0.323,post-control
60000.0,100.0,0.0016666666666666668,182.6674400325705,3.280239699452271,0.323,post-control
60000.0,100.0,0.0016666666666666668,182.7376157682726,3.265146849779034,0.323,post-control
60000.0,100.0,0.0016666666666666668,182.8077915039747,3.2500540001057963,0.323,post-control
60000.0,100.0,0.0016666666666666668,182.87796723967682,3.234961150432553,0.323,post-control
60000.0,100.0,0.0016666666666666668,182.94814297537891,3.219868300759315,0.323,post-control
60000.0,100.0,0.0016666666666666668,183.018318711081,3.2047754510860775,0.323,post-control
60000.0,100.0,0.0016666666666666668,183.0884944467831,3.1896826014128403,0.323,post-control
60000.0,100.0,0.0016666666666666668,183.15867018248522,3.1745897517395965,0.323,post-control
60000.0,100.0,0.0016666666666666668,183.22884591818732,3.1594969020663592,0.323,post-control
60000.0,100.0,0.0016666666666666668,183.2990216538894,3.1444040523931216,0.323,post-control
60000.0,100.0,0.0016666666666666668,183.35788212640654,3.1317448012358846,0.323,post-control
60000.0,100.0,0.0016666666666666668,183.36919738959153,3.1294653736828493,0.323,post-control
60000.0,100.0,0.0016666666666666668,183.43937312529363,3.1153286715223585,0.323,post-control
60000.0,100.0,0.0016666666666666668,183.50954886099572,3.1011919693618677,0.323,post-control
60000.0,100.0,0.0016666666666666668,183.57972459669782,3.087055267201377,0.323,post-control
60000.0,100.0,0.0016666666666666668,183.64990033239994,3.0729185650408803,0.323,post-control
60000.0,100.0,0.0016666666666666668,183.72007606810203,3.0587818628803896,0.323,post-control
60000.0,100.0,0.0016666666666666668,183.79025180380413,3.0446451607198988,0.323,post-control
60000.0,100.0,0.0016666666666666668,183.86042753950625,3.030508458559402,0.323,post-control
60000.0,100.0,0.0016666666666666668,183.93060327520834,3.0163717563989114,0.323,post-control
60000.0,100.0,0.0016666666666666668,184.00077901091043,3.0022350542384206,0.323,post-control
60000.0,100.0,0.0016666666666666668,184.07095474661253,2.9880983520779294,0.323,post-control
60000.0,100.0,0.0016666666666666668,184.14113048231465,2.9739616499174333,0.323,post-control
60000.0,100.0,0.0016666666666666668,184.21130621801674,2.959824947756942,0.323,post-control
60000.0,100.0,0.0016666666666666668,184.28148195371884,2.9456882455964513,0.323,post-control
60000.0,100.0,0.0016666666666666668,184.35165768942093,2.9315515434359605,0.323,post-control
60000.0,100.0,0.0016666666666666668,184.35788212640654,2.930297648326748,0.323,post-control
60000.0,100.0,0.0016666666666666668,184.42183342512305,2.91823279222823,0.323,post-control
60000.0,100.0,0.0016666666666666668,184.49200916082515,2.9049936529168225,0.323,post-control
60000.0,100.0,0.0016666666666666668,184.56218489652724,2.891754513605415,0.323,post-control
60000.0,100.0,0.0016666666666666668,184.63236063222936,2.8785153742940017,0.323,post-control
60000.0,100.0,0.0016666666666666668,184.70253636793146,2.8652762349825944,0.323,post-control
60000.0,100.0,0.0016666666666666668,184.77271210363355,2.8520370956711867,0.323,post-control
60000.0,100.0,0.0016666666666666668,184.84288783933565,2.8387979563597794,0.323,post-control
60000.0,100.0,0.0016666666666666668,184.91306357503777,2.8255588170483663,0.323,post-control
60000.0,100.0,0.0016666666666666668,184.98323931073986,2.812319677736959,0.323,post-control
60000.0,100.0,0.0016666666666666668,185.05341504644196,2.7990805384255513,0.323,post-control
60000.0,100.0,0.0016666666666666668,185.12359078214405,2.785841399114144,0.323,post-control
60000.0,100.0,0.0016666666666666668,185.19376651784617,2.772602259802731,0.323,post-control
60000.0,100.0,0.0016666666666666668,185.26394225354827,2.759363120491323,0.323,post-control
60000.0,100.0,0.0016666666666666668,185.33411798925036,2.746123981179916,0.323,post-control
60000.0,100.0,0.0016666666666666668,185.35788212640654,2.741640711866408,0.323,post-control
60000.0,100.0,0.0016666666666666668,185.40429372495248,2.733441892640833,0.323,post-control
60000.0,100.0,0.0016666666666666668,185.47446946065457,2.7210450308849583,0.323,post-control
60000.0,100.0,0.0016666666666666668,185.54464519635667,2.708648169129084,0.323,post-control
60000.0,100.0,0.0016666666666666668,185.61482093205876,2.6962513073732093,0.323,post-control
60000.0,100.0,0.0016666666666666668,185.68499666776088,2.68385444561733,0.323,post-control
60000.0,100.0,0.0016666666666666668,185.75517240346298,2.6714575838614554,0.323,post-control
60000.0,100.0,0.0016666666666666668,185.82534813916507,2.659060722105581,0.323,post-control
60000.0,100.0,0.0016666666666666668,185.8955238748672,2.6466638603497015,0.323,post-control
60000.0,100.0,0.0016666666666666668,185.9656996105693,2.634266998593827,0.323,post-control
60000.0,100.0,0.0016666666666666668,186.03587534627138,2.6218701368379524,0.323,post-control
60000.0,100.0,0.0016666666666666668,186.10605108197348,2.609473275082078,0.323,post-control
60000.0,100.0,0.0016666666666666668,186.1762268176756,2.5970764133261985,0.323,post-control
60000.0,100.0,0.0016666666666666668,186.2464025533777,2.584679551570324,0.323,post-control
60000.0,100.0,0.0016666666666666668,186.31657828907979,2.5722826898144495,0.323,post-control
60000.0,100.0,0.0016666666666666668,186.35788212640654,2.5649861797571765,0.323,post-control
60000.0,100.0,0.0016666666666666668,186.38675402478188,2.560210819237968,0.323,post-control
60000.0,100.0,0.0016666666666666668,186.456929760484,2.548603877660322,0.323,post-control
60000.0,100.0,0.0016666666666666668,186.5271054961861,2.5369969360826814,0.323,post-control
60000.0,100.0,0.0016666666666666668,186.5972812318882,2.52538999450504,0.323,post-control
60000.0,100.0,0.0016666666666666668,186.6674569675903,2.5137830529273946,0.323,post-control
60000.0,100.0,0.0016666666666666668,186.7376327032924,2.502176111349754,0.323,post-control
60000.0,100.0,0.0016666666666666668,186.8078084389945,2.4905691697721126,0.323,post-control
60000.0,100.0,0.0016666666666666668,186.8779841746966,2.478962228194472,0.323,post-control
60000.0,100.0,0.0016666666666666668,186.94815991039872,2.467355286616826,0.323,post-control
60000.0,100.0,0.0016666666666666668,187.0183356461008,2.455748345039185,0.323,post-control
60000.0,100.0,0.0016666666666666668,187.0885113818029,2.444141403461544,0.323,post-control
60000.0,100.0,0.0016666666666666668,187.158687117505,2.432534461883903,0.323,post-control
60000.0,100.0,0.0016666666666666668,187.22886285320712,2.4209275203062575,0.323,post-control
60000.0,100.0,0.0016666666666666668,187.2990385889092,2.4093205787286163,0.323,post-control
60000.0,100.0,0.0016666666666666668,187.35788212640654,2.3995879625312946,0.323,post-control
60000.0,100.0,0.0016666666666666668,187.3692143246113,2.3978332138328633,0.323,post-control
60000.0,100.0,0.0016666666666666668,187.43939006031343,2.3869667624472055,0.323,post-control
60000.0,100.0,0.0016666666666666668,187.50956579601552,2.3761003110615517,0.323,post-control
60000.0,100.0,0.0016666666666666668,187.57974153171762,2.3652338596758984,0.323,post-control
60000.0,100.0,0.0016666666666666668,187.6499172674197,2.354367408290245,0.323,post-control
60000.0,100.0,0.0016666666666666668,187.72009300312183,2.3435009569045873,0.323,post-control
60000.0,100.0,0.0016666666666666668,187.79026873882393,2.332634505518934,0.323,post-control
60000.0,100.0,0.0016666666666666668,187.86044447452602,2.32176805413328,0.323,post-control
60000.0,100.0,0.0016666666666666668,187.9306202102281,2.310901602747627,0.323,post-control
60000.0,100.0,0.0016666666666666668,188.00079594593024,2.300035151361969,0.323,post-control
60000.0,100.0,0.0016666666666666668,188.07097168163233,2.2891686999763157,0.323,post-control
60000.0,100.0,0.0016666666666666668,188.14114741733442,2.2783022485906623,0.323,post-control
60000.0,100.0,0.0016666666666666668,188.21132315303655,2.267435797205004,0.323,post-control
60000.0,100.0,0.0016666666666666668,188.28149888873864,2.2565693458193508,0.323,post-control
60000.0,100.0,0.0016666666666666668,188.35167462444073,2.2457028944336974,0.323,post-control
60000.0,100.0,0.0016666666666666668,188.35788212640654,2.244741685866906,0.323,post-control
60000.0,100.0,0.0016666666666666668,188.42185036014283,2.2354690898611453,0.323,post-control
60000.0,100.0,0.0016666666666666668,188.49202609584495,2.2252966775782714,0.323,post-control
60000.0,100.0,0.0016666666666666668,188.56220183154704,2.2151242652954015,0.323,post-control
60000.0,100.0,0.0016666666666666668,188.63237756724914,2.2049518530125316,0.323,post-control
60000.0,100.0,0.0016666666666666668,188.70255330295126,2.1947794407296577,0.323,post-control
60000.0,100.0,0.0016666666666666668,188.77272903865335,2.184607028446788,0.323,post-control
60000.0,100.0,0.0016666666666666668,188.84290477435545,2.174434616163918,0.323,post-control
60000.0,100.0,0.0016666666666666668,188.91308051005754,2.164262203881048,0.323,post-control
60000.0,100.0,0.0016666666666666668,188.98325624575966,2.1540897915981736,0.323,post-control
60000.0,100.0,0.0016666666666666668,189.05343198146176,2.1439173793153037,0.323,post-control
60000.0,100.0,0.0016666666666666668,189.12360771716385,2.1337449670324338,0.323,post-control
60000.0,100.0,0.0016666666666666668,189.19378345286594,2.123572554749564,0.323,post-control
60000.0,100.0,0.0016666666666666668,189.26395918856807,2.11340014246669,0.323,post-control
60000.0,100.0,0.0016666666666666668,189.33413492427016,2.10322773018382,0.323,post-control
60000.0,100.0,0.0016666666666666668,189.35788212640654,2.099785424545282,0.323,post-control
60000.0,100.0,0.0016666666666666668,189.40431065997225,2.0934859353340967,0.323,post-control
60000.0,100.0,0.0016666666666666668,189.47448639567438,2.083964392093521,0.323,post-control
60000.0,100.0,0.0016666666666666668,189.54466213137647,2.074442848852949,0.323,post-control
60000.0,100.0,0.0016666666666666668,189.61483786707856,2.0649213056123776,0.323,post-control
60000.0,100.0,0.0016666666666666668,189.68501360278066,2.0553997623718057,0.323,post-control
60000.0,100.0,0.0016666666666666668,189.75518933848278,2.04587821913123,0.323,post-control
60000.0,100.0,0.0016666666666666668,189.82536507418487,2.036356675890658,0.323,post-control
60000.0,100.0,0.0016666666666666668,189.89554080988697,2.026835132650086,0.323,post-control
60000.0,100.0,0.0016666666666666668,189.96571654558906,2.017313589409514,0.323,post-control
60000.0,100.0,0.0016666666666666668,190.03589228129118,2.0077920461689387,0.323,post-control
60000.0,100.0,0.0016666666666666668,190.10606801699328,1.998270502928367,0.323,post-control
60000.0,100.0,0.0016666666666666668,190.17624375269537,1.988748959687795,0.323,post-control
60000.0,100.0,0.0016666666666666668,190.2464194883975,1.9792274164472194,0.323,post-control
60000.0,100.0,0.0016666666666666668,190.3165952240996,1.9697058732066475,0.323,post-control
60000.0,100.0,0.0016666666666666668,190.35788212640654,1.9641040078089875,0.323,post-control
60000.0,100.0,0.0016666666666666668,190.38677095980168,1.9604355163403326,0.323,post-control
60000.0,100.0,0.0016666666666666668,190.45694669550377,1.951524146185351,0.323,post-control
60000.0,100.0,0.0016666666666666668,190.5271224312059,1.9426127760303658,0.323,post-control
60000.0,100.0,0.0016666666666666668,190.597298166908,1.9337014058753843,0.323,post-control
60000.0,100.0,0.0016666666666666668,190.66747390261008,1.9247900357204026,0.323,post-control
60000.0,100.0,0.0016666666666666668,190.7376496383122,1.9158786655654174,0.323,post-control
60000.0,100.0,0.0016666666666666668,190.8078253740143,1.9069672954104357,0.323,post-control
60000.0,100.0,0.0016666666666666668,190.8780011097164,1.8980559252554543,0.323,post-control
60000.0,100.0,0.0016666666666666668,190.9481768454185,1.8891445551004726,0.323,post-control
60000.0,100.0,0.0016666666666666668,191.0183525811206,1.8802331849454874,0.323,post-control
60000.0,100.0,0.0016666666666666668,191.0885283168227,1.871321814790506,0.323,post-control
60000.0,100.0,0.0016666666666666668,191.1587040525248,1.8624104446355243,0.323,post-control
60000.0,100.0,0.0016666666666666668,191.2288797882269,1.8534990744805426,0.323,post-control
60000.0,100.0,0.0016666666666666668,191.299055523929,1.8445877043255576,0.323,post-control
60000.0,100.0,0.0016666666666666668,191.35788212640654,1.8371175207301538,0.323,post-control
60000.0,100.0,0.0016666666666666668,191.3692312596311,1.8357687893938952,0.323,post-control
60000.0,100.0,0.0016666666666666668,191.4394069953332,1.8274291028369072,0.323,post-control
60000.0,100.0,0.0016666666666666668,191.50958273103532,1.819089416279916,0.323,post-control
60000.0,100.0,0.0016666666666666668,191.57975846673742,1.810749729722928,0.323,post-control
60000.0,100.0,0.0016666666666666668,191.6499342024395,1.8024100431659402,0.323,post-control
60000.0,100.0,0.0016666666666666668,191.7201099381416,1.7940703566089522,0.323,post-control
60000.0,100.0,0.0016666666666666668,191.79028567384373,1.7857306700519608,0.323,post-control
60000.0,100.0,0.0016666666666666668,191.86046140954582,1.777390983494973,0.323,post-control
60000.0,100.0,0.0016666666666666668,191.9306371452479,1.769051296937985,0.323,post-control
60000.0,100.0,0.0016666666666666668,192.00081288095,1.760711610380997,0.323,post-control
60000.0,100.0,0.0016666666666666668,192.07098861665213,1.7523719238240059,0.323,post-control
60000.0,100.0,0.0016666666666666668,192.14116435235422,1.7440322372670178,0.323,post-control
60000.0,100.0,0.0016666666666666668,192.21134008805632,1.7356925507100298,0.323,post-control
60000.0,100.0,0.0016666666666666668,192.28151582375844,1.7273528641530387,0.323,post-control
60000.0,100.0,0.0016666666666666668,192.35169155946053,1.7190131775960507,0.323,post-control
60000.0,100.0,0.0016666666666666668,192.35788212640654,1.7182774904326288,0.323,post-control
60000.0,100.0,0.0016666666666666668,192.42186729516263,1.7111616611464253,0.323,post-control
60000.0,100.0,0.0016666666666666668,192.49204303086472,1.7033573751689455,0.323,post-control
60000.0,100.0,0.0016666666666666668,192.56221876656684,1.6955530891914627,0.323,post-control
60000.0,100.0,0.0016666666666666668,192.63239450226894,1.687748803213983,0.323,post-control
60000.0,100.0,0.0016666666666666668,192.70257023797103,1.679944517236503,0.323,post-control
60000.0,100.0,0.0016666666666666668,192.77274597367312,1.6721402312590234,0.323,post-control
60000.0,100.0,0.0016666666666666668,192.84292170937525,1.6643359452815405,0.323,post-control
60000.0,100.0,0.0016666666666666668,192.91309744507734,1.6565316593040607,0.323,post-control
60000.0,100.0,0.0016666666666666668,192.98327318077943,1.648727373326581,0.323,post-control
60000.0,100.0,0.0016666666666666668,193.05344891648156,1.640923087349098,0.323,post-control
60000.0,100.0,0.0016666666666666668,193.12362465218365,1.6331188013716182,0.323,post-control
60000.0,100.0,0.0016666666666666668,193.19380038788574,1.6253145153941386,0.323,post-control
60000.0,100.0,0.0016666666666666668,193.26397612358784,1.6175102294166588,0.323,post-control
60000.0,100.0,0.0016666666666666668,193.33415185928996,1.6097059434391758,0.323,post-control
60000.0,100.0,0.0016666666666666668,193.35788212640654,1.6070668860919763,0.323,post-control
60000.0,100.0,0.0016666666666666668,193.40432759499205,1.602233459171972,0.323,post-control
60000.0,100.0,0.0016666666666666668,193.47450333069415,1.5949305015228512,0.323,post-control
60000.0,100.0,0.0016666666666666668,193.54467906639627,1.5876275438737275,0.323,post-control
60000.0,100.0,0.0016666666666666668,193.61485480209836,1.5803245862246067,0.323,post-control
60000.0,100.0,0.0016666666666666668,193.68503053780046,1.5730216285754859,0.323,post-control
60000.0,100.0,0.0016666666666666668,193.75520627350255,1.565718670926365,0.323,post-control
60000.0,100.0,0.0016666666666666668,193.82538200920467,1.5584157132772414,0.323,post-control
60000.0,100.0,0.0016666666666666668,193.89555774490677,1.5511127556281206,0.323,post-control
60000.0,100.0,0.0016666666666666668,193.96573348060886,1.5438097979789998,0.323,post-control
60000.0,100.0,0.0016666666666666668,194.03590921631096,1.536506840329879,0.323,post-control
60000.0,100.0,0.0016666666666666668,194.10608495201308,1.529203882680755,0.323,post-control
60000.0,100.0,0.0016666666666666668,194.17626068771517,1.5219009250316342,0.323,post-control
60000.0,100.0,0.0016666666666666668,194.24643642341726,1.5145979673825134,0.323,post-control
60000.0,100.0,0.0016666666666666668,194.3166121591194,1.5072950097333897,0.323,post-control
60000.0,100.0,0.0016666666666666668,194.35788212640654,1.5030001801849242,0.323,post-control
60000.0,100.0,0.0016666666666666668,194.38678789482148,1.5001855452122186,0.323,post-control
60000.0,100.0,0.0016666666666666668,194.45696363052357,1.4933523388740557,0.323,post-control
60000.0,100.0,0.0016666666666666668,194.52713936622567,1.486519132535893,0.323,post-control
60000.0,100.0,0.0016666666666666668,194.5973151019278,1.4796859261977275,0.323,post-control
60000.0,100.0,0.0016666666666666668,194.66749083762988,1.4728527198595647,0.323,post-control
60000.0,100.0,0.0016666666666666668,194.73766657333198,1.4660195135214018,0.323,post-control
60000.0,100.0,0.0016666666666666668,194.80784230903407,1.4591863071832392,0.323,post-control
60000.0,100.0,0.0016666666666666668,194.8780180447362,1.4523531008450736,0.323,post-control
60000.0,100.0,0.0016666666666666668,194.9481937804383,1.4455198945069108,0.323,post-control
60000.0,100.0,0.0016666666666666668,195.01836951614038,1.438686688168748,0.323,post-control
60000.0,100.0,0.0016666666666666668,195.0885452518425,1.4318534818305824,0.323,post-control
60000.0,100.0,0.0016666666666666668,195.1587209875446,1.4250202754924197,0.323,post-control
60000.0,100.0,0.0016666666666666668,195.2288967232467,1.4181870691542569,0.323,post-control
60000.0,100.0,0.0016666666666666668,195.29907245894879,1.411353862816094,0.323,post-control
60000.0,100.0,0.0016666666666666668,195.35788212640654,1.4056274021185746,0.323,post-control
60000.0,100.0,0.0016666666666666668,195.3692481946509,1.404591945669184,0.323,post-control
60000.0,100.0,0.0016666666666666668,195.439423930353,1.3981988890236325,0.323,post-control
60000.0,100.0,0.0016666666666666668,195.5095996660551,1.391805832378081,0.323,post-control
60000.0,100.0,0.0016666666666666668,195.57977540175722,1.3854127757325272,0.323,post-control
60000.0,100.0,0.0016666666666666668,195.6499511374593,1.3790197190869757,0.323,post-control
60000.0,100.0,0.0016666666666666668,195.7201268731614,1.3726266624414243,0.323,post-control
60000.0,100.0,0.0016666666666666668,195.7903026088635,1.3662336057958728,0.323,post-control
60000.0,100.0,0.0016666666666666668,195.86047834456562,1.3598405491503187,0.323,post-control
60000.0,100.0,0.0016666666666666668,195.93065408026771,1.3534474925047675,0.323,post-control
60000.0,100.0,0.0016666666666666668,196.0008298159698,1.347054435859216,0.323,post-control
60000.0,100.0,0.0016666666666666668,196.0710055516719,1.3406613792136646,0.323,post-control
60000.0,100.0,0.0016666666666666668,196.14118128737402,1.3342683225681105,0.323,post-control
60000.0,100.0,0.0016666666666666668,196.21135702307612,1.327875265922559,0.323,post-control
60000.0,100.0,0.0016666666666666668,196.2815327587782,1.3214822092770078,0.323,post-control
60000.0,100.0,0.0016666666666666668,196.35170849448033,1.3150891526314537,0.323,post-control
60000.0,100.0,0.0016666666666666668,196.35788212640654,1.3145267306173753,0.323,post-control
60000.0,100.0,0.0016666666666666668,196.42188423018243,1.3090719865400677,0.323,post-control
60000.0,100.0,0.0016666666666666668,196.49205996588452,1.3030910787869092,0.323,post-control
60000.0,100.0,0.0016666666666666668,196.56223570158662,1.2971101710337505,0.323,post-control
60000.0,100.0,0.0016666666666666668,196.63241143728874,1.2911292632805895,0.323,post-control
60000.0,100.0,0.0016666666666666668,196.70258717299083,1.2851483555274308,0.323,post-control
60000.0,100.0,0.0016666666666666668,196.77276290869293,1.279167447774272,0.323,post-control
60000.0,100.0,0.0016666666666666668,196.84293864439502,1.2731865400211135,0.323,post-control
60000.0,100.0,0.0016666666666666668,196.91311438009714,1.2672056322679524,0.323,post-control
60000.0,100.0,0.0016666666666666668,196.98329011579924,1.2612247245147936,0.323,post-control
60000.0,100.0,0.0016666666666666668,197.05346585150133,1.255243816761635,0.323,post-control
60000.0,100.0,0.0016666666666666668,197.12364158720345,1.249262909008474,0.323,post-control
60000.0,100.0,0.0016666666666666668,197.19381732290555,1.2432820012553154,0.323,post-control
60000.0,100.0,0.0016666666666666668,197.26399305860764,1.2373010935021567,0.323,post-control
60000.0,100.0,0.0016666666666666668,197.33416879430973,1.231320185748998,0.323,post-control
60000.0,100.0,0.0016666666666666668,197.35788212640654,1.2292991559675208,0.323,post-control
60000.0,100.0,0.0016666666666666668,197.40434453001185,1.2255946760069956,0.323,post-control
60000.0,100.0,0.0016666666666666668,197.47452026571395,1.2199995154803935,0.323,post-control
60000.0,100.0,0.0016666666666666668,197.54469600141604,1.2144043549537917,0.323,post-control
60000.0,100.0,0.0016666666666666668,197.61487173711816,1.2088091944271875,0.323,post-control
60000.0,100.0,0.0016666666666666668,197.68504747282026,1.2032140339005855,0.323,post-control
60000.0,100.0,0.0016666666666666668,197.75522320852235,1.1976188733739834,0.323,post-control
60000.0,100.0,0.0016666666666666668,197.82539894422445,1.1920237128473816,0.323,post-control
60000.0,100.0,0.0016666666666666668,197.89557467992657,1.1864285523207774,0.323,post-control
60000.0,100.0,0.0016666666666666668,197.96575041562866,1.1808333917941753,0.323,post-control
60000.0,100.0,0.0016666666666666668,198.03592615133076,1.1752382312675733,0.323,post-control
60000.0,100.0,0.0016666666666666668,198.10610188703285,1.1696430707409715,0.323,post-control
60000.0,100.0,0.0016666666666666668,198.17627762273497,1.1640479102143673,0.323,post-control
60000.0,100.0,0.0016666666666666668,198.24645335843707,1.1584527496877652,0.323,post-control
60000.0,100.0,0.0016666666666666668,198.31662909413916,1.1528575891611632,0.323,post-control
60000.0,100.0,0.0016666666666666668,198.35788212640654,1.1495684560236794,0.323,post-control
60000.0,100.0,0.0016666666666666668,198.38680482984128,1.1474111995598726,0.323,post-control
60000.0,100.0,0.0016666666666666668,198.45698056554338,1.1421770049145723,0.323,post-control
60000.0,100.0,0.0016666666666666668,198.52715630124547,1.1369428102692722,0.323,post-control
60000.0,100.0,0.0016666666666666668,198.59733203694756,1.131708615623972,0.323,post-control
60000.0,100.0,0.0016666666666666668,198.66750777264969,1.1264744209786697,0.323,post-control
60000.0,100.0,0.0016666666666666668,198.73768350835178,1.1212402263333696,0.323,post-control
60000.0,100.0,0.0016666666666666668,198.80785924405387,1.1160060316880693,0.323,post-control
60000.0,100.0,0.0016666666666666668,198.87803497975597,1.1107718370427693,0.323,post-control
60000.0,100.0,0.0016666666666666668,198.9482107154581,1.105537642397467,0.323,post-control
60000.0,100.0,0.0016666666666666668,199.01838645116018,1.100303447752167,0.323,post-control
60000.0,100.0,0.0016666666666666668,199.08856218686228,1.0950692531068666,0.323,post-control
60000.0,100.0,0.0016666666666666668,199.1587379225644,1.0898350584615644,0.323,post-control
60000.0,100.0,0.0016666666666666668,199.2289136582665,1.0846008638162643,0.323,post-control
60000.0,100.0,0.0016666666666666668,199.2990893939686,1.079366669170964,0.323,post-control
60000.0,100.0,0.0016666666666666668,199.35788212640654,1.074981498111046,0.323,post-control
60000.0,100.0,0.0016666666666666668,199.36926512967068,1.074187299072575,0.323,post-control
60000.0,100.0,0.0016666666666666668,199.4394408653728,1.0692910954499175,0.323,post-control
60000.0,100.0,0.0016666666666666668,199.5096166010749,1.064394891827262,0.323,post-control
60000.0,100.0,0.0016666666666666668,199.579792336777,1.0594986882046067,0.323,post-control
60000.0,100.0,0.0016666666666666668,199.64996807247908,1.0546024845819513,0.323,post-control
60000.0,100.0,0.0016666666666666668,199.7201438081812,1.0497062809592939,0.323,post-control
60000.0,100.0,0.0016666666666666668,199.7903195438833,1.0448100773366384,0.323,post-control
60000.0,100.0,0.0016666666666666668,199.8604952795854,1.0399138737139828,0.323,post-control
60000.0,100.0,0.0016666666666666668,199.93067101528752,1.0350176700913254,0.323,post-control
60000.0,100.0,0.0016666666666666668,200.0008467509896,1.03012146646867,0.323,post-control
60000.0,100.0,0.0016666666666666668,200.0710224866917,1.0252252628460146,0.323,post-control
60000.0,100.0,0.0016666666666666668,200.1411982223938,1.0203290592233591,0.323,post-control
60000.0,100.0,0.0016666666666666668,200.21137395809592,1.0154328556007017,0.323,post-control
60000.0,100.0,0.0016666666666666668,200.281549693798,1.0105366519780463,0.323,post-control
60000.0,100.0,0.0016666666666666668,200.3517254295001,1.005640448355391,0.323,post-control
60000.0,100.0,0.0016666666666666668,200.35788212640654,1.0052108918798475,0.323,post-control
60000.0,100.0,0.0016666666666666668,200.42190116520223,1.000902895512627,0.323,post-control
60000.0,100.0,0.0016666666666666668,200.4352679720026,1.0000034106684208,0.323,post-control
60000.0,100.0,0.0016666666666666668,200.49207690090432,,0.323,post-control
60000.0,100.0,0.0016666666666666668,200.56225263660642,,0.323,post-control
60000.0,100.0,0.0016666666666666668,200.6324283723085,,0.323,post-control
60000.0,100.0,0.0016666666666666668,200.70260410801063,,0.323,post-control
60000.0,100.0,0.0016666666666666668,200.77277984371273,,0.323,post-control
60000.0,100.0,0.0016666666666666668,200.84295557941482,,0.323,post-control
60000.0,100.0,0.0016666666666666668,200.9131313151169,,0.323,post-control
60000.0,100.0,0.0016666666666666668,200.98330705081904,,0.323,post-control
60000.0,100.0,0.0016666666666666668,201.05348278652113,,0.323,post-control
60000.0,100.0,0.0016666666666666668,201.12365852222322,,0.323,post-control
60000.0,100.0,0.0016666666666666668,201.19383425792535,,0.323,post-control
60000.0,100.0,0.0016666666666666668,201.26400999362744,,0.323,post-control
60000.0,100.0,0.0016666666666666668,201.33418572932953,,0.323,post-control
60000.0,100.0,0.0016666666666666668,201.40436146503163,,0.323,post-control
60000.0,100.0,0.0016666666666666668,201.47453720073375,,0.323,post-control
60000.0,100.0,0.0016666666666666668,201.54471293643584,,0.323,post-control
60000.0,100.0,0.0016666666666666668,201.61488867213794,,0.323,post-control
60000.0,100.0,0.0016666666666666668,201.68506440784003,,0.323,post-control
60000.0,100.0,0.0016666666666666668,201.75524014354215,,0.323,post-control
60000.0,100.0,0.0016666666666666668,201.82541587924425,,0.323,post-control
60000.0,100.0,0.0016666666666666668,201.89559161494634,,0.323,post-control
60000.0,100.0,0.0016666666666666668,201.96576735064846,,0.323,post-control
60000.0,100.0,0.0016666666666666668,202.03594308635056,,0.323,post-control
60000.0,100.0,0.0016666666666666668,202.10611882205265,,0.323,post-control
60000.0,100.0,0.0016666666666666668,202.17629455775474,,0.323,post-control
60000.0,100.0,0.0016666666666666668,202.24647029345687,,0.323,post-control
60000.0,100.0,0.0016666666666666668,202.31664602915896,,0.323,post-control
60000.0,100.0,0.0016666666666666668,202.38682176486105,,0.323,post-control
60000.0,100.0,0.0016666666666666668,202.45699750056318,,0.323,post-control
60000.0,100.0,0.0016666666666666668,202.52717323626527,,0.323,post-control
60000.0,100.0,0.0016666666666666668,202.59734897196736,,0.323,post-control
60000.0,100.0,0.0016666666666666668,202.66752470766946,,0.323,post-control
60000.0,100.0,0.0016666666666666668,202.73770044337158,,0.323,post-control
60000.0,100.0,0.0016666666666666668,202.80787617907367,,0.323,post-control
60000.0,100.0,0.0016666666666666668,202.87805191477577,,0.323,post-control
60000.0,100.0,0.0016666666666666668,202.94822765047786,,0.323,post-control
60000.0,100.0,0.0016666666666666668,203.01840338617998,,0.323,post-control
60000.0,100.0,0.0016666666666666668,203.08857912188208,,0.323,post-control
60000.0,100.0,0.0016666666666666668,203.15875485758417,,0.323,post-control
60000.0,100.0,0.0016666666666666668,203.2289305932863,,0.323,post-control
60000.0,100.0,0.0016666666666666668,203.2991063289884,,0.323,post-control
60000.0,100.0,0.0016666666666666668,203.36928206469048,,0.323,post-control
60000.0,100.0,0.0016666666666666668,203.43945780039257,,0.323,post-control
60000.0,100.0,0.0016666666666666668,203.5096335360947,,0.323,post-control
60000.0,100.0,0.0016666666666666668,203.5798092717968,,0.323,post-control
60000.0,100.0,0.0016666666666666668,203.64998500749888,,0.323,post-control
60000.0,100.0,0.0016666666666666668,203.72016074320098,,0.323,post-control
60000.0,100.0,0.0016666666666666668,203.7903364789031,,0.323,post-control
60000.0,100.0,0.0016666666666666668,203.8605122146052,,0.323,post-control
60000.0,100.0,0.0016666666666666668,203.9306879503073,,0.323,post-control
60000.0,100.0,0.0016666666666666668,204.0008636860094,,0.323,post-control
60000.0,100.0,0.0016666666666666668,204.0710394217115,,0.323,post-control
60000.0,100.0,0.0016666666666666668,204.1412151574136,,0.323,post-control
60000.0,100.0,0.0016666666666666668,204.2113908931157,,0.323,post-control
60000.0,100.0,0.0016666666666666668,204.2815666288178,,0.323,post-control
60000.0,100.0,0.0016666666666666668,204.3517423645199,,0.323,post-control
60000.0,100.0,0.0016666666666666668,204.421918100222,,0.323,post-control
60000.0,100.0,0.0016666666666666668,204.4920938359241,,0.323,post-control
60000.0,100.0,0.0016666666666666668,204.56226957162622,,0.323,post-control
60000.0,100.0,0.0016666666666666668,204.6324453073283,,0.323,post-control
60000.0,100.0,0.0016666666666666668,204.7026210430304,,0.323,post-control
60000.0,100.0,0.0016666666666666668,204.77279677873253,,0.323,post-control
60000.0,100.0,0.0016666666666666668,204.84297251443462,,0.323,post-control
60000.0,100.0,0.0016666666666666668,204.91314825013671,,0.323,post-control
60000.0,100.0,0.0016666666666666668,204.9833239858388,,0.323,post-control
60000.0,100.0,0.0016666666666666668,205.05349972154093,,0.323,post-control
60000.0,100.0,0.0016666666666666668,205.12367545724302,,0.323,post-control
60000.0,100.0,0.0016666666666666668,205.19385119294512,,0.323,post-control
60000.0,100.0,0.0016666666666666668,205.26402692864724,,0.323,post-control
60000.0,100.0,0.0016666666666666668,205.33420266434933,,0.323,post-control
60000.0,100.0,0.0016666666666666668,205.40437840005143,,0.323,post-control
60000.0,100.0,0.0016666666666666668,205.47455413575352,,0.323,post-control
60000.0,100.0,0.0016666666666666668,205.54472987145564,,0.323,post-control
60000.0,100.0,0.0016666666666666668,205.61490560715774,,0.323,post-control
60000.0,100.0,0.0016666666666666668,205.68508134285983,,0.323,post-control
60000.0,100.0,0.0016666666666666668,205.75525707856193,,0.323,post-control
60000.0,100.0,0.0016666666666666668,205.82543281426405,,0.323,post-control
60000.0,100.0,0.0016666666666666668,205.89560854996614,,0.323,post-control
60000.0,100.0,0.0016666666666666668,205.96578428566824,,0.323,post-control
60000.0,100.0,0.0016666666666666668,206.03596002137036,,0.323,post-control
60000.0,100.0,0.0016666666666666668,206.10613575707245,,0.323,post-control
60000.0,100.0,0.0016666666666666668,206.17631149277454,,0.323,post-control
60000.0,100.0,0.0016666666666666668,206.24648722847664,,0.323,post-control
60000.0,100.0,0.0016666666666666668,206.31666296417876,,0.323,post-control
60000.0,100.0,0.0016666666666666668,206.38683869988085,,0.323,post-control
60000.0,100.0,0.0016666666666666668,206.45701443558295,,0.323,post-control
60000.0,100.0,0.0016666666666666668,206.52719017128504,,0.323,post-control
60000.0,100.0,0.0016666666666666668,206.59736590698716,,0.323,post-control
60000.0,100.0,0.0016666666666666668,206.66754164268926,,0.323,post-control
60000.0,100.0,0.0016666666666666668,206.73771737839135,,0.323,post-control
60000.0,100.0,0.0016666666666666668,206.80789311409347,,0.323,post-control
60000.0,100.0,0.0016666666666666668,206.87806884979557,,0.323,post-control
60000.0,100.0,0.0016666666666666668,206.94824458549766,,0.323,post-control
60000.0,100.0,0.0016666666666666668,207.01842032119976,,0.323,post-control
60000.0,100.0,0.0016666666666666668,207.08859605690188,,0.323,post-control
60000.0,100.0,0.0016666666666666668,207.15877179260397,,0.323,post-control
60000.0,100.0,0.0016666666666666668,207.22894752830607,,0.323,post-control
60000.0,100.0,0.0016666666666666668,207.2991232640082,,0.323,post-control
60000.0,100.0,0.0016666666666666668,207.36929899971028,,0.323,post-control
60000.0,100.0,0.0016666666666666668,207.43947473541238,,0.323,post-control
60000.0,100.0,0.0016666666666666668,207.50965047111447,,0.323,post-control
60000.0,100.0,0.0016666666666666668,207.5798262068166,,0.323,post-control
60000.0,100.0,0.0016666666666666668,207.65000194251868,,0.323,post-control
60000.0,100.0,0.0016666666666666668,207.72017767822078,,0.323,post-control
60000.0,100.0,0.0016666666666666668,207.79035341392287,,0.323,post-control
60000.0,100.0,0.0016666666666666668,207.860529149625,,0.323,post-control
60000.0,100.0,0.0016666666666666668,207.9307048853271,,0.323,post-control
60000.0,100.0,0.0016666666666666668,208.00088062102918,,0.323,post-control
60000.0,100.0,0.0016666666666666668,208.0710563567313,,0.323,post-control
60000.0,100.0,0.0016666666666666668,208.1412320924334,,0.323,post-control
60000.0,100.0,0.0016666666666666668,208.2114078281355,,0.323,post-control
60000.0,100.0,0.0016666666666666668,208.2815835638376,,0.323,post-control
60000.0,100.0,0.0016666666666666668,208.3517592995397,,0.323,post-control
60000.0,100.0,0.0016666666666666668,208.4219350352418,,0.323,post-control
60000.0,100.0,0.0016666666666666668,208.4921107709439,,0.323,post-control
60000.0,100.0,0.0016666666666666668,208.562286506646,,0.323,post-control
60000.0,100.0,0.0016666666666666668,208.6324622423481,,0.323,post-control
60000.0,100.0,0.0016666666666666668,208.7026379780502,,0.323,post-control
60000.0,100.0,0.0016666666666666668,208.7728137137523,,0.323,post-control
60000.0,100.0,0.0016666666666666668,208.84298944945442,,0.323,post-control
60000.0,100.0,0.0016666666666666668,208.91316518515652,,0.323,post-control
60000.0,100.0,0.0016666666666666668,208.9833409208586,,0.323,post-control
60000.0,100.0,0.0016666666666666668,209.0535166565607,,0.323,post-control
60000.0,100.0,0.0016666666666666668,209.12369239226283,,0.323,post-control
60000.0,100.0,0.0016666666666666668,209.19386812796492,,0.323,post-control
60000.0,100.0,0.0016666666666666668,209.264043863667,,0.323,post-control
60000.0,100.0,0.0016666666666666668,209.3342195993691,,0.323,post-control
60000.0,100.0,0.0016666666666666668,209.40439533507123,,0.323,post-control
60000.0,100.0,0.0016666666666666668,209.47457107077332,,0.323,post-control
60000.0,100.0,0.0016666666666666668,209.54474680647542,,0.323,post-control
60000.0,100.0,0.0016666666666666668,209.61492254217754,,0.323,post-control
60000.0,100.0,0.0016666666666666668,209.68509827787963,,0.323,post-control
60000.0,100.0,0.0016666666666666668,209.75527401358173,,0.323,post-control
60000.0,100.0,0.0016666666666666668,209.82544974928382,,0.323,post-control
60000.0,100.0,0.0016666666666666668,209.89562548498594,,0.323,post-control
60000.0,100.0,0.0016666666666666668,209.96580122068804,,0.323,post-control
60000.0,100.0,0.0016666666666666668,210.03597695639013,,0.323,post-control
60000.0,100.0,0.0016666666666666668,210.10615269209225,,0.323,post-control
60000.0,100.0,0.0016666666666666668,210.17632842779435,,0.323,post-control
60000.0,100.0,0.0016666666666666668,210.24650416349644,,0.323,post-control
60000.0,100.0,0.0016666666666666668,210.31667989919853,,0.323,post-control
60000.0,100.0,0.0016666666666666668,210.38685563490066,,0.323,post-control
60000.0,100.0,0.0016666666666666668,210.45703137060275,,0.323,post-control
